IEC 61083-2 TDG Version 2.1.0
Data File Version  2.1.0
04 LI-A4
8 bits, 10997 samples at 10ns
1.000000e-008
0.0
0.0
0.0
0.0
0.0
0.0
0.0
0.0
0.0
0.0
0.0
0.0
0.0
0.0
0.0
0.0
0.0
0.0
0.0
0.0
0.0
0.0
0.0
0.0
0.0
0.0
0.0
0.0
0.0
0.0
0.0
0.0
0.0
0.0
0.0
0.0
0.0
0.0
0.0
0.0
0.0
0.0
0.0
0.0
0.0
0.0
0.0
0.0
0.0
0.0
0.0
0.0
0.0
0.0
0.0
0.0
0.0
0.0
0.0
0.0
0.0
0.0
0.0
0.0
0.0
0.0
0.0
0.0
0.0
0.0
0.0
0.0
0.0
0.0
0.0
0.0
0.0
0.0
0.0
0.0
0.0
0.0
0.0
0.0
0.0
0.0
0.0
0.0
0.0
0.0
0.0
0.0
0.0
0.0
0.0
0.0
0.0
0.0
0.0
0.0
0.0
0.0
0.0
0.0
0.0
0.0
0.0
0.0
0.0
0.0
0.0
0.0
0.0
0.0
0.0
0.0
0.0
0.0
0.0
0.0
0.0
0.0
0.0
0.0
0.0
0.0
0.0
0.0
0.0
0.0
0.0
0.0
0.0
0.0
0.0
0.0
0.0
0.0
0.0
0.0
0.0
0.0
0.0
0.0
0.0
0.0
0.0
0.0
0.0
0.0
0.0
0.0
0.0
0.0
0.0
0.0
0.0
0.0
0.0
0.0
0.0
0.0
0.0
0.0
0.0
0.0
0.0
0.0
0.0
0.0
0.0
0.0
0.0
0.0
0.0
0.0
0.0
0.0
0.0
0.0
0.0
0.0
0.0
0.0
0.0
0.0
0.0
0.0
0.0
0.0
0.0
0.0
0.0
0.0
0.0
0.0
0.0
0.0
0.0
0.0
0.0
0.0
0.0
0.0
0.0
0.0
0.0
0.0
0.0
0.0
0.0
0.0
0.0
0.0
0.0
0.0
0.0
0.0
0.0
0.0
0.0
0.0
0.0
0.0
0.0
0.0
0.0
0.0
0.0
0.0
0.0
0.0
0.0
0.0
0.0
0.0
0.0
0.0
0.0
0.0
0.0
0.0
0.0
0.0
0.0
0.0
0.0
0.0
0.0
0.0
0.0
0.0
0.0
0.0
0.0
0.0
0.0
0.0
0.0
0.0
0.0
0.0
0.0
0.0
0.0
0.0
0.0
0.0
0.0
0.0
0.0
0.0
0.0
0.0
0.0
0.0
0.0
0.0
0.0
0.0
0.0
0.0
0.0
0.0
0.0
0.0
0.0
0.0
0.0
0.0
0.0
0.0
0.0
0.0
0.0
0.0
0.0
0.0
0.0
0.0
0.0
0.0
0.0
0.0
0.0
0.0
0.0
0.0
0.0
0.0
0.0
0.0
0.0
0.0
0.0
0.0
0.0
0.0
0.0
0.0
0.0
0.0
0.0
0.0
0.0
0.0
0.0
0.0
0.0
0.0
0.0
0.0
0.0
0.0
0.0
0.0
0.0
0.0
0.0
0.0
0.0
0.0
0.0
0.0
0.0
0.0
0.0
0.0
0.0
0.0
0.0
0.0
0.0
0.0
0.0
0.0
0.0
0.0
0.0
0.0
0.0
0.0
0.0
0.0
0.0
0.0
0.0
0.0
0.0
0.0
0.0
0.0
0.0
0.0
0.0
0.0
0.0
0.0
0.0
0.0
0.0
0.0
0.0
0.0
0.0
0.0
0.0
0.0
0.0
0.0
0.0
0.0
0.0
0.0
0.0
0.0
0.0
0.0
0.0
0.0
0.0
0.0
0.0
0.0
0.0
0.0
0.0
0.0
0.0
0.0
0.0
0.0
0.0
0.0
0.0
0.0
0.0
0.0
0.0
0.0
0.0
0.0
0.0
0.0
0.0
0.0
0.0
0.0
0.0
0.0
0.0
0.0
0.0
0.0
0.0
0.0
0.0
0.0
0.0
0.0
0.0
0.0
0.0
0.0
0.0
0.0
0.0
0.0
0.0
0.0
0.0
0.0
0.0
0.0
0.0
0.0
0.0
0.0
0.0
0.0
0.0
0.0
0.0
0.0
0.0
0.0
0.0
0.0
0.0
0.0
0.0
0.0
0.0
0.0
0.0
0.0
0.0
0.0
0.0
0.0
0.0
0.0
0.0
0.0
0.0
0.0
0.0
0.0
0.0
0.0
0.0
0.0
0.0
0.0
0.0
0.0
0.0
0.0
0.0
0.0
0.0
0.0
0.0
0.0
0.0
0.0
0.0
0.0
0.0
0.0
0.0
0.0
0.0
0.0
0.0
0.0
0.0
0.0
0.0
0.0
0.0
0.0
0.0
0.0
0.0
0.0
0.0
0.0
0.0
0.0
0.0
0.0
0.0
0.0
0.0
0.0
0.0
0.0
0.0
0.0
0.0
0.0
0.0
0.0
0.0
0.0
0.0
0.0
0.0
0.0
0.0
0.0
0.0
0.0
0.0
0.0
0.0
0.0
0.0
0.0
0.0
0.0
0.0
0.0
0.0
0.0
0.0
0.0
0.0
0.0
0.0
0.0
0.0
0.0
0.0
0.0
0.0
0.0
0.0
0.0
0.0
0.0
0.0
0.0
0.0
0.0
0.0
0.0
0.0
0.0
0.0
0.0
0.0
0.0
0.0
0.0
0.0
0.0
0.0
0.0
0.0
0.0
0.0
0.0
0.0
0.0
0.0
0.0
0.0
0.0
0.0
0.0
0.0
0.0
0.0
0.0
0.0
0.0
0.0
0.0
0.0
0.0
0.0
0.0
0.0
0.0
0.0
0.0
0.0
0.0
0.0
0.0
0.0
0.0
0.0
0.0
0.0
0.0
0.0
0.0
0.0
0.0
0.0
0.0
0.0
0.0
0.0
0.0
0.0
0.0
0.0
0.0
0.0
0.0
0.0
0.0
0.0
0.0
0.0
0.0
0.0
0.0
0.0
0.0
0.0
0.0
0.0
0.0
0.0
0.0
0.0
0.0
0.0
0.0
0.0
0.0
0.0
0.0
0.0
0.0
0.0
0.0
0.0
0.0
0.0
0.0
0.0
0.0
0.0
0.0
0.0
0.0
0.0
0.0
0.0
0.0
0.0
0.0
0.0
0.0
0.0
0.0
0.0
0.0
0.0
0.0
0.0
0.0
0.0
0.0
0.0
0.0
0.0
0.0
0.0
0.0
0.0
0.0
0.0
0.0
0.0
0.0
0.0
0.0
0.0
0.0
0.0
0.0
0.0
0.0
0.0
0.0
0.0
0.0
0.0
0.0
0.0
0.0
0.0
0.0
0.0
0.0
0.0
0.0
0.0
0.0
0.0
0.0
0.0
0.0
0.0
0.0
0.0
0.0
0.0
0.0
0.0
0.0
0.0
0.0
0.0
0.0
0.0
0.0
0.0
0.0
0.0
0.0
0.0
0.0
0.0
0.0
0.0
0.0
0.0
0.0
0.0
0.0
0.0
0.0
0.0
0.0
0.0
0.0
0.0
0.0
0.0
0.0
0.0
0.0
0.0
0.0
0.0
0.0
0.0
0.0
0.0
0.0
0.0
0.0
0.0
0.0
0.0
0.0
0.0
0.0
0.0
0.0
0.0
0.0
0.0
0.0
0.0
0.0
0.0
0.0
0.0
0.0
0.0
0.0
0.0
0.0
0.0
0.0
0.0
0.0
0.0
0.0
0.0
0.0
0.0
0.0
0.0
0.0
0.0
0.0
0.0
0.0
0.0
0.0
0.0
0.0
0.0
0.0
0.0
0.0
0.0
0.0
0.0
0.0
0.0
0.0
0.0
0.0
0.0
0.0
0.0
0.0
0.0
0.0
0.0
0.0
0.0
0.0
0.0
0.0
0.0
0.0
0.0
0.0
0.0
0.0
0.0
0.0
0.0
0.0
0.0
0.0
0.0
0.0
0.0
0.0
0.0
0.0
0.0
0.0
0.0
0.0
0.0
0.0
0.0
0.0
0.0
0.0
0.0
0.0
0.0
0.0
0.0
0.0
0.0
0.0
0.0
0.0
0.0
0.0
0.0
0.0
0.0
0.0
0.0
0.0
0.0
0.0
0.0
0.0
0.0
0.0
0.0
0.0
0.0
0.0
0.0
0.0
0.0
0.0
0.0
0.0
0.0
0.0
0.0
0.0
0.0
0.0
0.0
0.0
0.0
0.0
0.0
0.0
0.0
0.0
0.0
0.0
0.0
0.0
0.0
0.0
0.0
0.0
0.0
0.0
0.0
0.0
0.0
0.0
0.0
0.0
0.0
0.0
0.0
0.0
0.0
0.0
0.0
0.0
0.0
0.0
0.0
0.0
0.0
0.0
0.0
0.0
0.0
0.0
0.0
0.0
0.0
0.0
0.0
0.0
0.0
0.0
0.0
0.0
0.0
0.0
0.0
0.0
0.0
0.0
0.0
0.0
0.0
0.0
0.0
0.0
0.0
0.0
0.0
0.0
0.0
3428.5
6856.9
10285.4
13713.9
20570.8
23999.3
30856.2
37713.2
44570.1
51427.1
61712.5
68569.4
78854.8
85711.8
95997.2
106282.6
116568.0
126853.4
140567.3
150852.7
161138.1
174852.0
185137.4
198851.3
209136.7
222850.6
236564.5
246849.9
260563.8
274277.6
284563.1
298276.9
311990.8
325704.7
335990.1
349704.0
363417.9
377131.8
387417.2
401131.1
414844.9
425130.4
438844.2
452558.1
462843.5
476557.4
486842.8
497128.2
510842.1
521127.5
531412.9
545126.8
555412.2
565697.6
575983.1
586268.5
596553.9
606839.3
617124.7
627410.1
637695.5
644552.5
654837.9
665123.3
671980.2
682265.6
689122.6
695979.5
706264.9
713121.9
719978.8
726835.8
733692.7
740549.6
747406.6
754263.5
761120.5
767977.4
771405.9
778262.8
785119.8
788548.2
795405.2
798833.6
802262.1
809119.1
812547.5
815976.0
819404.5
822832.9
829689.9
833118.4
836546.8
836546.8
839975.3
843403.8
846832.2
850260.7
850260.7
853689.2
857117.6
857117.6
860546.1
860546.1
863974.6
863974.6
867403.1
867403.1
867403.1
870831.5
870831.5
870831.5
870831.5
870831.5
874260.0
874260.0
874260.0
874260.0
874260.0
874260.0
874260.0
874260.0
874260.0
874260.0
874260.0
874260.0
874260.0
870831.5
870831.5
870831.5
870831.5
870831.5
870831.5
867403.1
867403.1
867403.1
867403.1
863974.6
863974.6
863974.6
863974.6
860546.1
860546.1
860546.1
857117.6
857117.6
857117.6
853689.2
853689.2
853689.2
853689.2
850260.7
850260.7
850260.7
846832.2
846832.2
843403.8
843403.8
843403.8
839975.3
839975.3
839975.3
836546.8
836546.8
836546.8
833118.4
833118.4
833118.4
829689.9
829689.9
829689.9
829689.9
826261.4
826261.4
826261.4
822832.9
822832.9
822832.9
819404.5
819404.5
819404.5
819404.5
815976.0
815976.0
815976.0
815976.0
812547.5
812547.5
812547.5
812547.5
809119.1
809119.1
809119.1
809119.1
805690.6
805690.6
805690.6
805690.6
805690.6
802262.1
802262.1
802262.1
802262.1
802262.1
802262.1
798833.6
798833.6
798833.6
798833.6
798833.6
798833.6
798833.6
795405.2
795405.2
795405.2
795405.2
795405.2
795405.2
795405.2
795405.2
795405.2
791976.7
791976.7
791976.7
791976.7
791976.7
791976.7
791976.7
791976.7
791976.7
791976.7
791976.7
791976.7
791976.7
788548.2
788548.2
788548.2
788548.2
788548.2
788548.2
788548.2
788548.2
788548.2
788548.2
788548.2
788548.2
788548.2
788548.2
788548.2
788548.2
788548.2
788548.2
788548.2
788548.2
788548.2
788548.2
788548.2
788548.2
788548.2
788548.2
788548.2
788548.2
788548.2
788548.2
788548.2
788548.2
788548.2
788548.2
788548.2
788548.2
788548.2
788548.2
788548.2
788548.2
788548.2
788548.2
788548.2
788548.2
788548.2
788548.2
788548.2
785119.8
785119.8
785119.8
785119.8
785119.8
785119.8
785119.8
785119.8
785119.8
785119.8
785119.8
785119.8
785119.8
785119.8
785119.8
785119.8
785119.8
785119.8
785119.8
785119.8
785119.8
785119.8
785119.8
785119.8
785119.8
785119.8
785119.8
785119.8
785119.8
785119.8
785119.8
785119.8
785119.8
785119.8
785119.8
785119.8
785119.8
785119.8
785119.8
785119.8
785119.8
785119.8
785119.8
785119.8
785119.8
785119.8
785119.8
785119.8
785119.8
785119.8
785119.8
785119.8
785119.8
785119.8
785119.8
785119.8
785119.8
785119.8
785119.8
785119.8
785119.8
785119.8
785119.8
785119.8
785119.8
785119.8
781691.3
781691.3
781691.3
781691.3
781691.3
781691.3
781691.3
781691.3
781691.3
781691.3
781691.3
781691.3
781691.3
781691.3
781691.3
781691.3
781691.3
781691.3
781691.3
781691.3
781691.3
781691.3
781691.3
781691.3
781691.3
781691.3
781691.3
781691.3
781691.3
781691.3
781691.3
781691.3
781691.3
778262.8
778262.8
778262.8
778262.8
778262.8
778262.8
778262.8
778262.8
778262.8
778262.8
778262.8
778262.8
778262.8
778262.8
778262.8
778262.8
778262.8
778262.8
778262.8
778262.8
778262.8
778262.8
778262.8
778262.8
778262.8
778262.8
778262.8
778262.8
778262.8
778262.8
778262.8
774834.4
774834.4
774834.4
774834.4
774834.4
774834.4
774834.4
774834.4
774834.4
774834.4
774834.4
774834.4
774834.4
774834.4
774834.4
774834.4
774834.4
774834.4
774834.4
774834.4
774834.4
774834.4
774834.4
774834.4
774834.4
774834.4
774834.4
774834.4
774834.4
774834.4
774834.4
771405.9
771405.9
771405.9
771405.9
771405.9
771405.9
771405.9
771405.9
771405.9
771405.9
771405.9
771405.9
771405.9
771405.9
771405.9
771405.9
771405.9
771405.9
771405.9
771405.9
771405.9
771405.9
771405.9
771405.9
771405.9
771405.9
771405.9
771405.9
771405.9
771405.9
771405.9
771405.9
767977.4
767977.4
767977.4
767977.4
767977.4
767977.4
767977.4
767977.4
767977.4
767977.4
767977.4
767977.4
767977.4
767977.4
767977.4
767977.4
767977.4
767977.4
767977.4
767977.4
767977.4
767977.4
767977.4
767977.4
767977.4
767977.4
767977.4
767977.4
767977.4
767977.4
767977.4
767977.4
764548.9
764548.9
764548.9
764548.9
764548.9
764548.9
764548.9
764548.9
764548.9
764548.9
764548.9
764548.9
764548.9
764548.9
764548.9
764548.9
764548.9
764548.9
764548.9
764548.9
764548.9
764548.9
764548.9
764548.9
764548.9
764548.9
764548.9
764548.9
764548.9
764548.9
764548.9
764548.9
764548.9
761120.5
761120.5
761120.5
761120.5
761120.5
761120.5
761120.5
761120.5
761120.5
761120.5
761120.5
761120.5
761120.5
761120.5
761120.5
761120.5
761120.5
761120.5
761120.5
761120.5
761120.5
761120.5
761120.5
761120.5
761120.5
761120.5
761120.5
761120.5
761120.5
761120.5
761120.5
761120.5
761120.5
761120.5
757692.0
757692.0
757692.0
757692.0
757692.0
757692.0
757692.0
757692.0
757692.0
757692.0
757692.0
757692.0
757692.0
757692.0
757692.0
757692.0
757692.0
757692.0
757692.0
757692.0
757692.0
757692.0
757692.0
757692.0
757692.0
757692.0
757692.0
757692.0
757692.0
757692.0
757692.0
757692.0
757692.0
754263.5
754263.5
754263.5
754263.5
754263.5
754263.5
754263.5
754263.5
754263.5
754263.5
754263.5
754263.5
754263.5
754263.5
754263.5
754263.5
754263.5
754263.5
754263.5
754263.5
754263.5
754263.5
754263.5
754263.5
754263.5
754263.5
754263.5
754263.5
754263.5
754263.5
754263.5
754263.5
754263.5
750835.1
750835.1
750835.1
750835.1
750835.1
750835.1
750835.1
750835.1
750835.1
750835.1
750835.1
750835.1
750835.1
750835.1
750835.1
750835.1
750835.1
750835.1
750835.1
750835.1
750835.1
750835.1
750835.1
750835.1
750835.1
750835.1
750835.1
750835.1
750835.1
750835.1
750835.1
750835.1
750835.1
750835.1
747406.6
747406.6
747406.6
747406.6
747406.6
747406.6
747406.6
747406.6
747406.6
747406.6
747406.6
747406.6
747406.6
747406.6
747406.6
747406.6
747406.6
747406.6
747406.6
747406.6
747406.6
747406.6
747406.6
747406.6
747406.6
747406.6
747406.6
747406.6
747406.6
747406.6
747406.6
747406.6
747406.6
747406.6
743978.1
743978.1
743978.1
743978.1
743978.1
743978.1
743978.1
743978.1
743978.1
743978.1
743978.1
743978.1
743978.1
743978.1
743978.1
743978.1
743978.1
743978.1
743978.1
743978.1
743978.1
743978.1
743978.1
743978.1
743978.1
743978.1
743978.1
743978.1
743978.1
743978.1
743978.1
743978.1
743978.1
740549.6
740549.6
740549.6
740549.6
740549.6
740549.6
740549.6
740549.6
740549.6
740549.6
740549.6
740549.6
740549.6
740549.6
740549.6
740549.6
740549.6
740549.6
740549.6
740549.6
740549.6
740549.6
740549.6
740549.6
740549.6
740549.6
740549.6
740549.6
740549.6
740549.6
740549.6
740549.6
740549.6
740549.6
737121.2
737121.2
737121.2
737121.2
737121.2
737121.2
737121.2
737121.2
737121.2
737121.2
737121.2
737121.2
737121.2
737121.2
737121.2
737121.2
737121.2
737121.2
737121.2
737121.2
737121.2
737121.2
737121.2
737121.2
737121.2
737121.2
737121.2
737121.2
737121.2
737121.2
737121.2
737121.2
737121.2
737121.2
737121.2
733692.7
733692.7
733692.7
733692.7
733692.7
733692.7
733692.7
733692.7
733692.7
733692.7
733692.7
733692.7
733692.7
733692.7
733692.7
733692.7
733692.7
733692.7
733692.7
733692.7
733692.7
733692.7
733692.7
733692.7
733692.7
733692.7
733692.7
733692.7
733692.7
733692.7
733692.7
733692.7
733692.7
733692.7
730264.2
730264.2
730264.2
730264.2
730264.2
730264.2
730264.2
730264.2
730264.2
730264.2
730264.2
730264.2
730264.2
730264.2
730264.2
730264.2
730264.2
730264.2
730264.2
730264.2
730264.2
730264.2
730264.2
730264.2
730264.2
730264.2
730264.2
730264.2
730264.2
730264.2
730264.2
730264.2
730264.2
730264.2
726835.8
726835.8
726835.8
726835.8
726835.8
726835.8
726835.8
726835.8
726835.8
726835.8
726835.8
726835.8
726835.8
726835.8
726835.8
726835.8
726835.8
726835.8
726835.8
726835.8
726835.8
726835.8
726835.8
726835.8
726835.8
726835.8
726835.8
726835.8
726835.8
726835.8
726835.8
726835.8
726835.8
726835.8
726835.8
723407.3
723407.3
723407.3
723407.3
723407.3
723407.3
723407.3
723407.3
723407.3
723407.3
723407.3
723407.3
723407.3
723407.3
723407.3
723407.3
723407.3
723407.3
723407.3
723407.3
723407.3
723407.3
723407.3
723407.3
723407.3
723407.3
723407.3
723407.3
723407.3
723407.3
723407.3
723407.3
723407.3
723407.3
723407.3
719978.8
719978.8
719978.8
719978.8
719978.8
719978.8
719978.8
719978.8
719978.8
719978.8
719978.8
719978.8
719978.8
719978.8
719978.8
719978.8
719978.8
719978.8
719978.8
719978.8
719978.8
719978.8
719978.8
719978.8
719978.8
719978.8
719978.8
719978.8
719978.8
719978.8
719978.8
719978.8
719978.8
719978.8
719978.8
716550.4
716550.4
716550.4
716550.4
716550.4
716550.4
716550.4
716550.4
716550.4
716550.4
716550.4
716550.4
716550.4
716550.4
716550.4
716550.4
716550.4
716550.4
716550.4
716550.4
716550.4
716550.4
716550.4
716550.4
716550.4
716550.4
716550.4
716550.4
716550.4
716550.4
716550.4
716550.4
716550.4
716550.4
716550.4
713121.9
713121.9
713121.9
713121.9
713121.9
713121.9
713121.9
713121.9
713121.9
713121.9
713121.9
713121.9
713121.9
713121.9
713121.9
713121.9
713121.9
713121.9
713121.9
713121.9
713121.9
713121.9
713121.9
713121.9
713121.9
713121.9
713121.9
713121.9
713121.9
713121.9
713121.9
713121.9
713121.9
713121.9
713121.9
709693.4
709693.4
709693.4
709693.4
709693.4
709693.4
709693.4
709693.4
709693.4
709693.4
709693.4
709693.4
709693.4
709693.4
709693.4
709693.4
709693.4
709693.4
709693.4
709693.4
709693.4
709693.4
709693.4
709693.4
709693.4
709693.4
709693.4
709693.4
709693.4
709693.4
709693.4
709693.4
709693.4
709693.4
709693.4
709693.4
706264.9
706264.9
706264.9
706264.9
706264.9
706264.9
706264.9
706264.9
706264.9
706264.9
706264.9
706264.9
706264.9
706264.9
706264.9
706264.9
706264.9
706264.9
706264.9
706264.9
706264.9
706264.9
706264.9
706264.9
706264.9
706264.9
706264.9
706264.9
706264.9
706264.9
706264.9
706264.9
706264.9
706264.9
706264.9
702836.5
702836.5
702836.5
702836.5
702836.5
702836.5
702836.5
702836.5
702836.5
702836.5
702836.5
702836.5
702836.5
702836.5
702836.5
702836.5
702836.5
702836.5
702836.5
702836.5
702836.5
702836.5
702836.5
702836.5
702836.5
702836.5
702836.5
702836.5
702836.5
702836.5
702836.5
702836.5
702836.5
702836.5
702836.5
702836.5
699408.0
699408.0
699408.0
699408.0
699408.0
699408.0
699408.0
699408.0
699408.0
699408.0
699408.0
699408.0
699408.0
699408.0
699408.0
699408.0
699408.0
699408.0
699408.0
699408.0
699408.0
699408.0
699408.0
699408.0
699408.0
699408.0
699408.0
699408.0
699408.0
699408.0
699408.0
699408.0
699408.0
699408.0
699408.0
699408.0
695979.5
695979.5
695979.5
695979.5
695979.5
695979.5
695979.5
695979.5
695979.5
695979.5
695979.5
695979.5
695979.5
695979.5
695979.5
695979.5
695979.5
695979.5
695979.5
695979.5
695979.5
695979.5
695979.5
695979.5
695979.5
695979.5
695979.5
695979.5
695979.5
695979.5
695979.5
695979.5
695979.5
695979.5
695979.5
695979.5
692551.1
692551.1
692551.1
692551.1
692551.1
692551.1
692551.1
692551.1
692551.1
692551.1
692551.1
692551.1
692551.1
692551.1
692551.1
692551.1
692551.1
692551.1
692551.1
692551.1
692551.1
692551.1
692551.1
692551.1
692551.1
692551.1
692551.1
692551.1
692551.1
692551.1
692551.1
692551.1
692551.1
692551.1
692551.1
692551.1
692551.1
689122.6
689122.6
689122.6
689122.6
689122.6
689122.6
689122.6
689122.6
689122.6
689122.6
689122.6
689122.6
689122.6
689122.6
689122.6
689122.6
689122.6
689122.6
689122.6
689122.6
689122.6
689122.6
689122.6
689122.6
689122.6
689122.6
689122.6
689122.6
689122.6
689122.6
689122.6
689122.6
689122.6
689122.6
689122.6
689122.6
685694.1
685694.1
685694.1
685694.1
685694.1
685694.1
685694.1
685694.1
685694.1
685694.1
685694.1
685694.1
685694.1
685694.1
685694.1
685694.1
685694.1
685694.1
685694.1
685694.1
685694.1
685694.1
685694.1
685694.1
685694.1
685694.1
685694.1
685694.1
685694.1
685694.1
685694.1
685694.1
685694.1
685694.1
685694.1
685694.1
685694.1
682265.6
682265.6
682265.6
682265.6
682265.6
682265.6
682265.6
682265.6
682265.6
682265.6
682265.6
682265.6
682265.6
682265.6
682265.6
682265.6
682265.6
682265.6
682265.6
682265.6
682265.6
682265.6
682265.6
682265.6
682265.6
682265.6
682265.6
682265.6
682265.6
682265.6
682265.6
682265.6
682265.6
682265.6
682265.6
682265.6
682265.6
678837.2
678837.2
678837.2
678837.2
678837.2
678837.2
678837.2
678837.2
678837.2
678837.2
678837.2
678837.2
678837.2
678837.2
678837.2
678837.2
678837.2
678837.2
678837.2
678837.2
678837.2
678837.2
678837.2
678837.2
678837.2
678837.2
678837.2
678837.2
678837.2
678837.2
678837.2
678837.2
678837.2
678837.2
678837.2
678837.2
678837.2
675408.7
675408.7
675408.7
675408.7
675408.7
675408.7
675408.7
675408.7
675408.7
675408.7
675408.7
675408.7
675408.7
675408.7
675408.7
675408.7
675408.7
675408.7
675408.7
675408.7
675408.7
675408.7
675408.7
675408.7
675408.7
675408.7
675408.7
675408.7
675408.7
675408.7
675408.7
675408.7
675408.7
675408.7
675408.7
675408.7
675408.7
671980.2
671980.2
671980.2
671980.2
671980.2
671980.2
671980.2
671980.2
671980.2
671980.2
671980.2
671980.2
671980.2
671980.2
671980.2
671980.2
671980.2
671980.2
671980.2
671980.2
671980.2
671980.2
671980.2
671980.2
671980.2
671980.2
671980.2
671980.2
671980.2
671980.2
671980.2
671980.2
671980.2
671980.2
671980.2
671980.2
671980.2
671980.2
668551.8
668551.8
668551.8
668551.8
668551.8
668551.8
668551.8
668551.8
668551.8
668551.8
668551.8
668551.8
668551.8
668551.8
668551.8
668551.8
668551.8
668551.8
668551.8
668551.8
668551.8
668551.8
668551.8
668551.8
668551.8
668551.8
668551.8
668551.8
668551.8
668551.8
668551.8
668551.8
668551.8
668551.8
668551.8
668551.8
668551.8
665123.3
665123.3
665123.3
665123.3
665123.3
665123.3
665123.3
665123.3
665123.3
665123.3
665123.3
665123.3
665123.3
665123.3
665123.3
665123.3
665123.3
665123.3
665123.3
665123.3
665123.3
665123.3
665123.3
665123.3
665123.3
665123.3
665123.3
665123.3
665123.3
665123.3
665123.3
665123.3
665123.3
665123.3
665123.3
665123.3
665123.3
665123.3
661694.8
661694.8
661694.8
661694.8
661694.8
661694.8
661694.8
661694.8
661694.8
661694.8
661694.8
661694.8
661694.8
661694.8
661694.8
661694.8
661694.8
661694.8
661694.8
661694.8
661694.8
661694.8
661694.8
661694.8
661694.8
661694.8
661694.8
661694.8
661694.8
661694.8
661694.8
661694.8
661694.8
661694.8
661694.8
661694.8
661694.8
661694.8
658266.4
658266.4
658266.4
658266.4
658266.4
658266.4
658266.4
658266.4
658266.4
658266.4
658266.4
658266.4
658266.4
658266.4
658266.4
658266.4
658266.4
658266.4
658266.4
658266.4
658266.4
658266.4
658266.4
658266.4
658266.4
658266.4
658266.4
658266.4
658266.4
658266.4
658266.4
658266.4
658266.4
658266.4
658266.4
658266.4
658266.4
658266.4
658266.4
654837.9
654837.9
654837.9
654837.9
654837.9
654837.9
654837.9
654837.9
654837.9
654837.9
654837.9
654837.9
654837.9
654837.9
654837.9
654837.9
654837.9
654837.9
654837.9
654837.9
654837.9
654837.9
654837.9
654837.9
654837.9
654837.9
654837.9
654837.9
654837.9
654837.9
654837.9
654837.9
654837.9
654837.9
654837.9
654837.9
654837.9
654837.9
651409.4
651409.4
651409.4
651409.4
651409.4
651409.4
651409.4
651409.4
651409.4
651409.4
651409.4
651409.4
651409.4
651409.4
651409.4
651409.4
651409.4
651409.4
651409.4
651409.4
651409.4
651409.4
651409.4
651409.4
651409.4
651409.4
651409.4
651409.4
651409.4
651409.4
651409.4
651409.4
651409.4
651409.4
651409.4
651409.4
651409.4
651409.4
651409.4
647980.9
647980.9
647980.9
647980.9
647980.9
647980.9
647980.9
647980.9
647980.9
647980.9
647980.9
647980.9
647980.9
647980.9
647980.9
647980.9
647980.9
647980.9
647980.9
647980.9
647980.9
647980.9
647980.9
647980.9
647980.9
647980.9
647980.9
647980.9
647980.9
647980.9
647980.9
647980.9
647980.9
647980.9
647980.9
647980.9
647980.9
647980.9
647980.9
644552.5
644552.5
644552.5
644552.5
644552.5
644552.5
644552.5
644552.5
644552.5
644552.5
644552.5
644552.5
644552.5
644552.5
644552.5
644552.5
644552.5
644552.5
644552.5
644552.5
644552.5
644552.5
644552.5
644552.5
644552.5
644552.5
644552.5
644552.5
644552.5
644552.5
644552.5
644552.5
644552.5
644552.5
644552.5
644552.5
644552.5
644552.5
644552.5
641124.0
641124.0
641124.0
641124.0
641124.0
641124.0
641124.0
641124.0
641124.0
641124.0
641124.0
641124.0
641124.0
641124.0
641124.0
641124.0
641124.0
641124.0
641124.0
641124.0
641124.0
641124.0
641124.0
641124.0
641124.0
641124.0
641124.0
641124.0
641124.0
641124.0
641124.0
641124.0
641124.0
641124.0
641124.0
641124.0
641124.0
641124.0
641124.0
637695.5
637695.5
637695.5
637695.5
637695.5
637695.5
637695.5
637695.5
637695.5
637695.5
637695.5
637695.5
637695.5
637695.5
637695.5
637695.5
637695.5
637695.5
637695.5
637695.5
637695.5
637695.5
637695.5
637695.5
637695.5
637695.5
637695.5
637695.5
637695.5
637695.5
637695.5
637695.5
637695.5
637695.5
637695.5
637695.5
637695.5
637695.5
637695.5
634267.1
634267.1
634267.1
634267.1
634267.1
634267.1
634267.1
634267.1
634267.1
634267.1
634267.1
634267.1
634267.1
634267.1
634267.1
634267.1
634267.1
634267.1
634267.1
634267.1
634267.1
634267.1
634267.1
634267.1
634267.1
634267.1
634267.1
634267.1
634267.1
634267.1
634267.1
634267.1
634267.1
634267.1
634267.1
634267.1
634267.1
634267.1
634267.1
634267.1
630838.6
630838.6
630838.6
630838.6
630838.6
630838.6
630838.6
630838.6
630838.6
630838.6
630838.6
630838.6
630838.6
630838.6
630838.6
630838.6
630838.6
630838.6
630838.6
630838.6
630838.6
630838.6
630838.6
630838.6
630838.6
630838.6
630838.6
630838.6
630838.6
630838.6
630838.6
630838.6
630838.6
630838.6
630838.6
630838.6
630838.6
630838.6
630838.6
630838.6
627410.1
627410.1
627410.1
627410.1
627410.1
627410.1
627410.1
627410.1
627410.1
627410.1
627410.1
627410.1
627410.1
627410.1
627410.1
627410.1
627410.1
627410.1
627410.1
627410.1
627410.1
627410.1
627410.1
627410.1
627410.1
627410.1
627410.1
627410.1
627410.1
627410.1
627410.1
627410.1
627410.1
627410.1
627410.1
627410.1
627410.1
627410.1
627410.1
627410.1
623981.6
623981.6
623981.6
623981.6
623981.6
623981.6
623981.6
623981.6
623981.6
623981.6
623981.6
623981.6
623981.6
623981.6
623981.6
623981.6
623981.6
623981.6
623981.6
623981.6
623981.6
623981.6
623981.6
623981.6
623981.6
623981.6
623981.6
623981.6
623981.6
623981.6
623981.6
623981.6
623981.6
623981.6
623981.6
623981.6
623981.6
623981.6
623981.6
623981.6
620553.2
620553.2
620553.2
620553.2
620553.2
620553.2
620553.2
620553.2
620553.2
620553.2
620553.2
620553.2
620553.2
620553.2
620553.2
620553.2
620553.2
620553.2
620553.2
620553.2
620553.2
620553.2
620553.2
620553.2
620553.2
620553.2
620553.2
620553.2
620553.2
620553.2
620553.2
620553.2
620553.2
620553.2
620553.2
620553.2
620553.2
620553.2
620553.2
620553.2
620553.2
617124.7
617124.7
617124.7
617124.7
617124.7
617124.7
617124.7
617124.7
617124.7
617124.7
617124.7
617124.7
617124.7
617124.7
617124.7
617124.7
617124.7
617124.7
617124.7
617124.7
617124.7
617124.7
617124.7
617124.7
617124.7
617124.7
617124.7
617124.7
617124.7
617124.7
617124.7
617124.7
617124.7
617124.7
617124.7
617124.7
617124.7
617124.7
617124.7
617124.7
617124.7
613696.2
613696.2
613696.2
613696.2
613696.2
613696.2
613696.2
613696.2
613696.2
613696.2
613696.2
613696.2
613696.2
613696.2
613696.2
613696.2
613696.2
613696.2
613696.2
613696.2
613696.2
613696.2
613696.2
613696.2
613696.2
613696.2
613696.2
613696.2
613696.2
613696.2
613696.2
613696.2
613696.2
613696.2
613696.2
613696.2
613696.2
613696.2
613696.2
613696.2
613696.2
610267.8
610267.8
610267.8
610267.8
610267.8
610267.8
610267.8
610267.8
610267.8
610267.8
610267.8
610267.8
610267.8
610267.8
610267.8
610267.8
610267.8
610267.8
610267.8
610267.8
610267.8
610267.8
610267.8
610267.8
610267.8
610267.8
610267.8
610267.8
610267.8
610267.8
610267.8
610267.8
610267.8
610267.8
610267.8
610267.8
610267.8
610267.8
610267.8
610267.8
610267.8
606839.3
606839.3
606839.3
606839.3
606839.3
606839.3
606839.3
606839.3
606839.3
606839.3
606839.3
606839.3
606839.3
606839.3
606839.3
606839.3
606839.3
606839.3
606839.3
606839.3
606839.3
606839.3
606839.3
606839.3
606839.3
606839.3
606839.3
606839.3
606839.3
606839.3
606839.3
606839.3
606839.3
606839.3
606839.3
606839.3
606839.3
606839.3
606839.3
606839.3
606839.3
603410.8
603410.8
603410.8
603410.8
603410.8
603410.8
603410.8
603410.8
603410.8
603410.8
603410.8
603410.8
603410.8
603410.8
603410.8
603410.8
603410.8
603410.8
603410.8
603410.8
603410.8
603410.8
603410.8
603410.8
603410.8
603410.8
603410.8
603410.8
603410.8
603410.8
603410.8
603410.8
603410.8
603410.8
603410.8
603410.8
603410.8
603410.8
603410.8
603410.8
603410.8
603410.8
599982.4
599982.4
599982.4
599982.4
599982.4
599982.4
599982.4
599982.4
599982.4
599982.4
599982.4
599982.4
599982.4
599982.4
599982.4
599982.4
599982.4
599982.4
599982.4
599982.4
599982.4
599982.4
599982.4
599982.4
599982.4
599982.4
599982.4
599982.4
599982.4
599982.4
599982.4
599982.4
599982.4
599982.4
599982.4
599982.4
599982.4
599982.4
599982.4
599982.4
599982.4
599982.4
596553.9
596553.9
596553.9
596553.9
596553.9
596553.9
596553.9
596553.9
596553.9
596553.9
596553.9
596553.9
596553.9
596553.9
596553.9
596553.9
596553.9
596553.9
596553.9
596553.9
596553.9
596553.9
596553.9
596553.9
596553.9
596553.9
596553.9
596553.9
596553.9
596553.9
596553.9
596553.9
596553.9
596553.9
596553.9
596553.9
596553.9
596553.9
596553.9
596553.9
596553.9
596553.9
593125.4
593125.4
593125.4
593125.4
593125.4
593125.4
593125.4
593125.4
593125.4
593125.4
593125.4
593125.4
593125.4
593125.4
593125.4
593125.4
593125.4
593125.4
593125.4
593125.4
593125.4
593125.4
593125.4
593125.4
593125.4
593125.4
593125.4
593125.4
593125.4
593125.4
593125.4
593125.4
593125.4
593125.4
593125.4
593125.4
593125.4
593125.4
593125.4
593125.4
593125.4
593125.4
593125.4
589696.9
589696.9
589696.9
589696.9
589696.9
589696.9
589696.9
589696.9
589696.9
589696.9
589696.9
589696.9
589696.9
589696.9
589696.9
589696.9
589696.9
589696.9
589696.9
589696.9
589696.9
589696.9
589696.9
589696.9
589696.9
589696.9
589696.9
589696.9
589696.9
589696.9
589696.9
589696.9
589696.9
589696.9
589696.9
589696.9
589696.9
589696.9
589696.9
589696.9
589696.9
589696.9
586268.5
586268.5
586268.5
586268.5
586268.5
586268.5
586268.5
586268.5
586268.5
586268.5
586268.5
586268.5
586268.5
586268.5
586268.5
586268.5
586268.5
586268.5
586268.5
586268.5
586268.5
586268.5
586268.5
586268.5
586268.5
586268.5
586268.5
586268.5
586268.5
586268.5
586268.5
586268.5
586268.5
586268.5
586268.5
586268.5
586268.5
586268.5
586268.5
586268.5
586268.5
586268.5
586268.5
582840.0
582840.0
582840.0
582840.0
582840.0
582840.0
582840.0
582840.0
582840.0
582840.0
582840.0
582840.0
582840.0
582840.0
582840.0
582840.0
582840.0
582840.0
582840.0
582840.0
582840.0
582840.0
582840.0
582840.0
582840.0
582840.0
582840.0
582840.0
582840.0
582840.0
582840.0
582840.0
582840.0
582840.0
582840.0
582840.0
582840.0
582840.0
582840.0
582840.0
582840.0
582840.0
582840.0
582840.0
579411.5
579411.5
579411.5
579411.5
579411.5
579411.5
579411.5
579411.5
579411.5
579411.5
579411.5
579411.5
579411.5
579411.5
579411.5
579411.5
579411.5
579411.5
579411.5
579411.5
579411.5
579411.5
579411.5
579411.5
579411.5
579411.5
579411.5
579411.5
579411.5
579411.5
579411.5
579411.5
579411.5
579411.5
579411.5
579411.5
579411.5
579411.5
579411.5
579411.5
579411.5
579411.5
579411.5
575983.1
575983.1
575983.1
575983.1
575983.1
575983.1
575983.1
575983.1
575983.1
575983.1
575983.1
575983.1
575983.1
575983.1
575983.1
575983.1
575983.1
575983.1
575983.1
575983.1
575983.1
575983.1
575983.1
575983.1
575983.1
575983.1
575983.1
575983.1
575983.1
575983.1
575983.1
575983.1
575983.1
575983.1
575983.1
575983.1
575983.1
575983.1
575983.1
575983.1
575983.1
575983.1
575983.1
575983.1
572554.6
572554.6
572554.6
572554.6
572554.6
572554.6
572554.6
572554.6
572554.6
572554.6
572554.6
572554.6
572554.6
572554.6
572554.6
572554.6
572554.6
572554.6
572554.6
572554.6
572554.6
572554.6
572554.6
572554.6
572554.6
572554.6
572554.6
572554.6
572554.6
572554.6
572554.6
572554.6
572554.6
572554.6
572554.6
572554.6
572554.6
572554.6
572554.6
572554.6
572554.6
572554.6
572554.6
572554.6
569126.1
569126.1
569126.1
569126.1
569126.1
569126.1
569126.1
569126.1
569126.1
569126.1
569126.1
569126.1
569126.1
569126.1
569126.1
569126.1
569126.1
569126.1
569126.1
569126.1
569126.1
569126.1
569126.1
569126.1
569126.1
569126.1
569126.1
569126.1
569126.1
569126.1
569126.1
569126.1
569126.1
569126.1
569126.1
569126.1
569126.1
569126.1
569126.1
569126.1
569126.1
569126.1
569126.1
569126.1
565697.6
565697.6
565697.6
565697.6
565697.6
565697.6
565697.6
565697.6
565697.6
565697.6
565697.6
565697.6
565697.6
565697.6
565697.6
565697.6
565697.6
565697.6
565697.6
565697.6
565697.6
565697.6
565697.6
565697.6
565697.6
565697.6
565697.6
565697.6
565697.6
565697.6
565697.6
565697.6
565697.6
565697.6
565697.6
565697.6
565697.6
565697.6
565697.6
565697.6
565697.6
565697.6
565697.6
565697.6
565697.6
562269.2
562269.2
562269.2
562269.2
562269.2
562269.2
562269.2
562269.2
562269.2
562269.2
562269.2
562269.2
562269.2
562269.2
562269.2
562269.2
562269.2
562269.2
562269.2
562269.2
562269.2
562269.2
562269.2
562269.2
562269.2
562269.2
562269.2
562269.2
562269.2
562269.2
562269.2
562269.2
562269.2
562269.2
562269.2
562269.2
562269.2
562269.2
562269.2
562269.2
562269.2
562269.2
562269.2
562269.2
558840.7
558840.7
558840.7
558840.7
558840.7
558840.7
558840.7
558840.7
558840.7
558840.7
558840.7
558840.7
558840.7
558840.7
558840.7
558840.7
558840.7
558840.7
558840.7
558840.7
558840.7
558840.7
558840.7
558840.7
558840.7
558840.7
558840.7
558840.7
558840.7
558840.7
558840.7
558840.7
558840.7
558840.7
558840.7
558840.7
558840.7
558840.7
558840.7
558840.7
558840.7
558840.7
558840.7
558840.7
558840.7
555412.2
555412.2
555412.2
555412.2
555412.2
555412.2
555412.2
555412.2
555412.2
555412.2
555412.2
555412.2
555412.2
555412.2
555412.2
555412.2
555412.2
555412.2
555412.2
555412.2
555412.2
555412.2
555412.2
555412.2
555412.2
555412.2
555412.2
555412.2
555412.2
555412.2
555412.2
555412.2
555412.2
555412.2
555412.2
555412.2
555412.2
555412.2
555412.2
555412.2
555412.2
555412.2
555412.2
555412.2
555412.2
555412.2
551983.8
551983.8
551983.8
551983.8
551983.8
551983.8
551983.8
551983.8
551983.8
551983.8
551983.8
551983.8
551983.8
551983.8
551983.8
551983.8
551983.8
551983.8
551983.8
551983.8
551983.8
551983.8
551983.8
551983.8
551983.8
551983.8
551983.8
551983.8
551983.8
551983.8
551983.8
551983.8
551983.8
551983.8
551983.8
551983.8
551983.8
551983.8
551983.8
551983.8
551983.8
551983.8
551983.8
551983.8
551983.8
548555.3
548555.3
548555.3
548555.3
548555.3
548555.3
548555.3
548555.3
548555.3
548555.3
548555.3
548555.3
548555.3
548555.3
548555.3
548555.3
548555.3
548555.3
548555.3
548555.3
548555.3
548555.3
548555.3
548555.3
548555.3
548555.3
548555.3
548555.3
548555.3
548555.3
548555.3
548555.3
548555.3
548555.3
548555.3
548555.3
548555.3
548555.3
548555.3
548555.3
548555.3
548555.3
548555.3
548555.3
548555.3
548555.3
545126.8
545126.8
545126.8
545126.8
545126.8
545126.8
545126.8
545126.8
545126.8
545126.8
545126.8
545126.8
545126.8
545126.8
545126.8
545126.8
545126.8
545126.8
545126.8
545126.8
545126.8
545126.8
545126.8
545126.8
545126.8
545126.8
545126.8
545126.8
545126.8
545126.8
545126.8
545126.8
545126.8
545126.8
545126.8
545126.8
545126.8
545126.8
545126.8
545126.8
545126.8
545126.8
545126.8
545126.8
545126.8
545126.8
541698.4
541698.4
541698.4
541698.4
541698.4
541698.4
541698.4
541698.4
541698.4
541698.4
541698.4
541698.4
541698.4
541698.4
541698.4
541698.4
541698.4
541698.4
541698.4
541698.4
541698.4
541698.4
541698.4
541698.4
541698.4
541698.4
541698.4
541698.4
541698.4
541698.4
541698.4
541698.4
541698.4
541698.4
541698.4
541698.4
541698.4
541698.4
541698.4
541698.4
541698.4
541698.4
541698.4
541698.4
541698.4
541698.4
541698.4
538269.9
538269.9
538269.9
538269.9
538269.9
538269.9
538269.9
538269.9
538269.9
538269.9
538269.9
538269.9
538269.9
538269.9
538269.9
538269.9
538269.9
538269.9
538269.9
538269.9
538269.9
538269.9
538269.9
538269.9
538269.9
538269.9
538269.9
538269.9
538269.9
538269.9
538269.9
538269.9
538269.9
538269.9
538269.9
538269.9
538269.9
538269.9
538269.9
538269.9
538269.9
538269.9
538269.9
538269.9
538269.9
538269.9
538269.9
534841.4
534841.4
534841.4
534841.4
534841.4
534841.4
534841.4
534841.4
534841.4
534841.4
534841.4
534841.4
534841.4
534841.4
534841.4
534841.4
534841.4
534841.4
534841.4
534841.4
534841.4
534841.4
534841.4
534841.4
534841.4
534841.4
534841.4
534841.4
534841.4
534841.4
534841.4
534841.4
534841.4
534841.4
534841.4
534841.4
534841.4
534841.4
534841.4
534841.4
534841.4
534841.4
534841.4
534841.4
534841.4
534841.4
534841.4
531412.9
531412.9
531412.9
531412.9
531412.9
531412.9
531412.9
531412.9
531412.9
531412.9
531412.9
531412.9
531412.9
531412.9
531412.9
531412.9
531412.9
531412.9
531412.9
531412.9
531412.9
531412.9
531412.9
531412.9
531412.9
531412.9
531412.9
531412.9
531412.9
531412.9
531412.9
531412.9
531412.9
531412.9
531412.9
531412.9
531412.9
531412.9
531412.9
531412.9
531412.9
531412.9
531412.9
531412.9
531412.9
531412.9
531412.9
527984.5
527984.5
527984.5
527984.5
527984.5
527984.5
527984.5
527984.5
527984.5
527984.5
527984.5
527984.5
527984.5
527984.5
527984.5
527984.5
527984.5
527984.5
527984.5
527984.5
527984.5
527984.5
527984.5
527984.5
527984.5
527984.5
527984.5
527984.5
527984.5
527984.5
527984.5
527984.5
527984.5
527984.5
527984.5
527984.5
527984.5
527984.5
527984.5
527984.5
527984.5
527984.5
527984.5
527984.5
527984.5
527984.5
527984.5
527984.5
524556.0
524556.0
524556.0
524556.0
524556.0
524556.0
524556.0
524556.0
524556.0
524556.0
524556.0
524556.0
524556.0
524556.0
524556.0
524556.0
524556.0
524556.0
524556.0
524556.0
524556.0
524556.0
524556.0
524556.0
524556.0
524556.0
524556.0
524556.0
524556.0
524556.0
524556.0
524556.0
524556.0
524556.0
524556.0
524556.0
524556.0
524556.0
524556.0
524556.0
524556.0
524556.0
524556.0
524556.0
524556.0
524556.0
524556.0
524556.0
521127.5
521127.5
521127.5
521127.5
521127.5
521127.5
521127.5
521127.5
521127.5
521127.5
521127.5
521127.5
521127.5
521127.5
521127.5
521127.5
521127.5
521127.5
521127.5
521127.5
521127.5
521127.5
521127.5
521127.5
521127.5
521127.5
521127.5
521127.5
521127.5
521127.5
521127.5
521127.5
521127.5
521127.5
521127.5
521127.5
521127.5
521127.5
521127.5
521127.5
521127.5
521127.5
521127.5
521127.5
521127.5
521127.5
521127.5
521127.5
517699.1
517699.1
517699.1
517699.1
517699.1
517699.1
517699.1
517699.1
517699.1
517699.1
517699.1
517699.1
517699.1
517699.1
517699.1
517699.1
517699.1
517699.1
517699.1
517699.1
517699.1
517699.1
517699.1
517699.1
517699.1
517699.1
517699.1
517699.1
517699.1
517699.1
517699.1
517699.1
517699.1
517699.1
517699.1
517699.1
517699.1
517699.1
517699.1
517699.1
517699.1
517699.1
517699.1
517699.1
517699.1
517699.1
517699.1
517699.1
517699.1
514270.6
514270.6
514270.6
514270.6
514270.6
514270.6
514270.6
514270.6
514270.6
514270.6
514270.6
514270.6
514270.6
514270.6
514270.6
514270.6
514270.6
514270.6
514270.6
514270.6
514270.6
514270.6
514270.6
514270.6
514270.6
514270.6
514270.6
514270.6
514270.6
514270.6
514270.6
514270.6
514270.6
514270.6
514270.6
514270.6
514270.6
514270.6
514270.6
514270.6
514270.6
514270.6
514270.6
514270.6
514270.6
514270.6
514270.6
514270.6
514270.6
510842.1
510842.1
510842.1
510842.1
510842.1
510842.1
510842.1
510842.1
510842.1
510842.1
510842.1
510842.1
510842.1
510842.1
510842.1
510842.1
510842.1
510842.1
510842.1
510842.1
510842.1
510842.1
510842.1
510842.1
510842.1
510842.1
510842.1
510842.1
510842.1
510842.1
510842.1
510842.1
510842.1
510842.1
510842.1
510842.1
510842.1
510842.1
510842.1
510842.1
510842.1
510842.1
510842.1
510842.1
510842.1
510842.1
510842.1
510842.1
510842.1
507413.6
507413.6
507413.6
507413.6
507413.6
507413.6
507413.6
507413.6
507413.6
507413.6
507413.6
507413.6
507413.6
507413.6
507413.6
507413.6
507413.6
507413.6
507413.6
507413.6
507413.6
507413.6
507413.6
507413.6
507413.6
507413.6
507413.6
507413.6
507413.6
507413.6
507413.6
507413.6
507413.6
507413.6
507413.6
507413.6
507413.6
507413.6
507413.6
507413.6
507413.6
507413.6
507413.6
507413.6
507413.6
507413.6
507413.6
507413.6
507413.6
507413.6
503985.2
503985.2
503985.2
503985.2
503985.2
503985.2
503985.2
503985.2
503985.2
503985.2
503985.2
503985.2
503985.2
503985.2
503985.2
503985.2
503985.2
503985.2
503985.2
503985.2
503985.2
503985.2
503985.2
503985.2
503985.2
503985.2
503985.2
503985.2
503985.2
503985.2
503985.2
503985.2
503985.2
503985.2
503985.2
503985.2
503985.2
503985.2
503985.2
503985.2
503985.2
503985.2
503985.2
503985.2
503985.2
503985.2
503985.2
503985.2
503985.2
503985.2
500556.7
500556.7
500556.7
500556.7
500556.7
500556.7
500556.7
500556.7
500556.7
500556.7
500556.7
500556.7
500556.7
500556.7
500556.7
500556.7
500556.7
500556.7
500556.7
500556.7
500556.7
500556.7
500556.7
500556.7
500556.7
500556.7
500556.7
500556.7
500556.7
500556.7
500556.7
500556.7
500556.7
500556.7
500556.7
500556.7
500556.7
500556.7
500556.7
500556.7
500556.7
500556.7
500556.7
500556.7
500556.7
500556.7
500556.7
500556.7
500556.7
500556.7
497128.2
497128.2
497128.2
497128.2
497128.2
497128.2
497128.2
497128.2
497128.2
497128.2
497128.2
497128.2
497128.2
497128.2
497128.2
497128.2
497128.2
497128.2
497128.2
497128.2
497128.2
497128.2
497128.2
497128.2
497128.2
497128.2
497128.2
497128.2
497128.2
497128.2
497128.2
497128.2
497128.2
497128.2
497128.2
497128.2
497128.2
497128.2
497128.2
497128.2
497128.2
497128.2
497128.2
497128.2
497128.2
497128.2
497128.2
497128.2
497128.2
497128.2
497128.2
493699.8
493699.8
493699.8
493699.8
493699.8
493699.8
493699.8
493699.8
493699.8
493699.8
493699.8
493699.8
493699.8
493699.8
493699.8
493699.8
493699.8
493699.8
493699.8
493699.8
493699.8
493699.8
493699.8
493699.8
493699.8
493699.8
493699.8
493699.8
493699.8
493699.8
493699.8
493699.8
493699.8
493699.8
493699.8
493699.8
493699.8
493699.8
493699.8
493699.8
493699.8
493699.8
493699.8
493699.8
493699.8
493699.8
493699.8
493699.8
493699.8
493699.8
493699.8
490271.3
490271.3
490271.3
490271.3
490271.3
490271.3
490271.3
490271.3
490271.3
490271.3
490271.3
490271.3
490271.3
490271.3
490271.3
490271.3
490271.3
490271.3
490271.3
490271.3
490271.3
490271.3
490271.3
490271.3
490271.3
490271.3
490271.3
490271.3
490271.3
490271.3
490271.3
490271.3
490271.3
490271.3
490271.3
490271.3
490271.3
490271.3
490271.3
490271.3
490271.3
490271.3
490271.3
490271.3
490271.3
490271.3
490271.3
490271.3
490271.3
490271.3
490271.3
486842.8
486842.8
486842.8
486842.8
486842.8
486842.8
486842.8
486842.8
486842.8
486842.8
486842.8
486842.8
486842.8
486842.8
486842.8
486842.8
486842.8
486842.8
486842.8
486842.8
486842.8
486842.8
486842.8
486842.8
486842.8
486842.8
486842.8
486842.8
486842.8
486842.8
486842.8
486842.8
486842.8
486842.8
486842.8
486842.8
486842.8
486842.8
486842.8
486842.8
486842.8
486842.8
486842.8
486842.8
486842.8
486842.8
486842.8
486842.8
486842.8
486842.8
486842.8
486842.8
483414.4
483414.4
483414.4
483414.4
483414.4
483414.4
483414.4
483414.4
483414.4
483414.4
483414.4
483414.4
483414.4
483414.4
483414.4
483414.4
483414.4
483414.4
483414.4
483414.4
483414.4
483414.4
483414.4
483414.4
483414.4
483414.4
483414.4
483414.4
483414.4
483414.4
483414.4
483414.4
483414.4
483414.4
483414.4
483414.4
483414.4
483414.4
483414.4
483414.4
483414.4
483414.4
483414.4
483414.4
483414.4
483414.4
483414.4
483414.4
483414.4
483414.4
483414.4
483414.4
479985.9
479985.9
479985.9
479985.9
479985.9
479985.9
479985.9
479985.9
479985.9
479985.9
479985.9
479985.9
479985.9
479985.9
479985.9
479985.9
479985.9
479985.9
479985.9
479985.9
479985.9
479985.9
479985.9
479985.9
479985.9
479985.9
479985.9
479985.9
479985.9
479985.9
479985.9
479985.9
479985.9
479985.9
479985.9
479985.9
479985.9
479985.9
479985.9
479985.9
479985.9
479985.9
479985.9
479985.9
479985.9
479985.9
479985.9
479985.9
479985.9
479985.9
479985.9
479985.9
476557.4
476557.4
476557.4
476557.4
476557.4
476557.4
476557.4
476557.4
476557.4
476557.4
476557.4
476557.4
476557.4
476557.4
476557.4
476557.4
476557.4
476557.4
476557.4
476557.4
476557.4
476557.4
476557.4
476557.4
476557.4
476557.4
476557.4
476557.4
476557.4
476557.4
476557.4
476557.4
476557.4
476557.4
476557.4
476557.4
476557.4
476557.4
476557.4
476557.4
476557.4
476557.4
476557.4
476557.4
476557.4
476557.4
476557.4
476557.4
476557.4
476557.4
476557.4
476557.4
476557.4
473128.9
473128.9
473128.9
473128.9
473128.9
473128.9
473128.9
473128.9
473128.9
473128.9
473128.9
473128.9
473128.9
473128.9
473128.9
473128.9
473128.9
473128.9
473128.9
473128.9
473128.9
473128.9
473128.9
473128.9
473128.9
473128.9
473128.9
473128.9
473128.9
473128.9
473128.9
473128.9
473128.9
473128.9
473128.9
473128.9
473128.9
473128.9
473128.9
473128.9
473128.9
473128.9
473128.9
473128.9
473128.9
473128.9
473128.9
473128.9
473128.9
473128.9
473128.9
473128.9
473128.9
469700.5
469700.5
469700.5
469700.5
469700.5
469700.5
469700.5
469700.5
469700.5
469700.5
469700.5
469700.5
469700.5
469700.5
469700.5
469700.5
469700.5
469700.5
469700.5
469700.5
469700.5
469700.5
469700.5
469700.5
469700.5
469700.5
469700.5
469700.5
469700.5
469700.5
469700.5
469700.5
469700.5
469700.5
469700.5
469700.5
469700.5
469700.5
469700.5
469700.5
469700.5
469700.5
469700.5
469700.5
469700.5
469700.5
469700.5
469700.5
469700.5
469700.5
469700.5
469700.5
469700.5
469700.5
466272.0
466272.0
466272.0
466272.0
466272.0
466272.0
466272.0
466272.0
466272.0
466272.0
466272.0
466272.0
466272.0
466272.0
466272.0
466272.0
466272.0
466272.0
466272.0
466272.0
466272.0
466272.0
466272.0
466272.0
466272.0
466272.0
466272.0
466272.0
466272.0
466272.0
466272.0
466272.0
466272.0
466272.0
466272.0
466272.0
466272.0
466272.0
466272.0
466272.0
466272.0
466272.0
466272.0
466272.0
466272.0
466272.0
466272.0
466272.0
466272.0
466272.0
466272.0
466272.0
466272.0
466272.0
462843.5
462843.5
462843.5
462843.5
462843.5
462843.5
462843.5
462843.5
462843.5
462843.5
462843.5
462843.5
462843.5
462843.5
462843.5
462843.5
462843.5
462843.5
462843.5
462843.5
462843.5
462843.5
462843.5
462843.5
462843.5
462843.5
462843.5
462843.5
462843.5
462843.5
462843.5
462843.5
462843.5
462843.5
462843.5
462843.5
462843.5
462843.5
462843.5
462843.5
462843.5
462843.5
462843.5
462843.5
462843.5
462843.5
462843.5
462843.5
462843.5
462843.5
462843.5
462843.5
462843.5
462843.5
459415.1
459415.1
459415.1
459415.1
459415.1
459415.1
459415.1
459415.1
459415.1
459415.1
459415.1
459415.1
459415.1
459415.1
459415.1
459415.1
459415.1
459415.1
459415.1
459415.1
459415.1
459415.1
459415.1
459415.1
459415.1
459415.1
459415.1
459415.1
459415.1
459415.1
459415.1
459415.1
459415.1
459415.1
459415.1
459415.1
459415.1
459415.1
459415.1
459415.1
459415.1
459415.1
459415.1
459415.1
459415.1
459415.1
459415.1
459415.1
459415.1
459415.1
459415.1
459415.1
459415.1
459415.1
459415.1
455986.6
455986.6
455986.6
455986.6
455986.6
455986.6
455986.6
455986.6
455986.6
455986.6
455986.6
455986.6
455986.6
455986.6
455986.6
455986.6
455986.6
455986.6
455986.6
455986.6
455986.6
455986.6
455986.6
455986.6
455986.6
455986.6
455986.6
455986.6
455986.6
455986.6
455986.6
455986.6
455986.6
455986.6
455986.6
455986.6
455986.6
455986.6
455986.6
455986.6
455986.6
455986.6
455986.6
455986.6
455986.6
455986.6
455986.6
455986.6
455986.6
455986.6
455986.6
455986.6
455986.6
455986.6
455986.6
452558.1
452558.1
452558.1
452558.1
452558.1
452558.1
452558.1
452558.1
452558.1
452558.1
452558.1
452558.1
452558.1
452558.1
452558.1
452558.1
452558.1
452558.1
452558.1
452558.1
452558.1
452558.1
452558.1
452558.1
452558.1
452558.1
452558.1
452558.1
452558.1
452558.1
452558.1
452558.1
452558.1
452558.1
452558.1
452558.1
452558.1
452558.1
452558.1
452558.1
452558.1
452558.1
452558.1
452558.1
452558.1
452558.1
452558.1
452558.1
452558.1
452558.1
452558.1
452558.1
452558.1
452558.1
452558.1
452558.1
449129.6
449129.6
449129.6
449129.6
449129.6
449129.6
449129.6
449129.6
449129.6
449129.6
449129.6
449129.6
449129.6
449129.6
449129.6
449129.6
449129.6
449129.6
449129.6
449129.6
449129.6
449129.6
449129.6
449129.6
449129.6
449129.6
449129.6
449129.6
449129.6
449129.6
449129.6
449129.6
449129.6
449129.6
449129.6
449129.6
449129.6
449129.6
449129.6
449129.6
449129.6
449129.6
449129.6
449129.6
449129.6
449129.6
449129.6
449129.6
449129.6
449129.6
449129.6
449129.6
449129.6
449129.6
449129.6
449129.6
445701.2
445701.2
445701.2
445701.2
445701.2
445701.2
445701.2
445701.2
445701.2
445701.2
445701.2
445701.2
445701.2
445701.2
445701.2
445701.2
445701.2
445701.2
445701.2
445701.2
445701.2
445701.2
445701.2
445701.2
445701.2
445701.2
445701.2
445701.2
445701.2
445701.2
445701.2
445701.2
445701.2
445701.2
445701.2
445701.2
445701.2
445701.2
445701.2
445701.2
445701.2
445701.2
445701.2
445701.2
445701.2
445701.2
445701.2
445701.2
445701.2
445701.2
445701.2
445701.2
445701.2
445701.2
445701.2
445701.2
445701.2
442272.7
442272.7
442272.7
442272.7
442272.7
442272.7
442272.7
442272.7
442272.7
442272.7
442272.7
442272.7
442272.7
442272.7
442272.7
442272.7
442272.7
442272.7
442272.7
442272.7
442272.7
442272.7
442272.7
442272.7
442272.7
442272.7
442272.7
442272.7
442272.7
442272.7
442272.7
442272.7
442272.7
442272.7
442272.7
442272.7
442272.7
442272.7
442272.7
442272.7
442272.7
442272.7
442272.7
442272.7
442272.7
442272.7
442272.7
442272.7
442272.7
442272.7
442272.7
442272.7
442272.7
442272.7
442272.7
442272.7
438844.2
438844.2
438844.2
438844.2
438844.2
438844.2
438844.2
438844.2
438844.2
438844.2
438844.2
438844.2
438844.2
438844.2
438844.2
438844.2
438844.2
438844.2
438844.2
438844.2
438844.2
438844.2
438844.2
438844.2
438844.2
438844.2
438844.2
438844.2
438844.2
438844.2
438844.2
438844.2
438844.2
438844.2
438844.2
438844.2
438844.2
438844.2
438844.2
438844.2
438844.2
438844.2
438844.2
438844.2
438844.2
438844.2
438844.2
438844.2
438844.2
438844.2
438844.2
438844.2
438844.2
438844.2
438844.2
438844.2
438844.2
438844.2
435415.8
435415.8
435415.8
435415.8
435415.8
435415.8
435415.8
435415.8
435415.8
435415.8
435415.8
435415.8
435415.8
435415.8
435415.8
435415.8
435415.8
435415.8
435415.8
435415.8
435415.8
435415.8
435415.8
435415.8
435415.8
435415.8
435415.8
435415.8
435415.8
435415.8
435415.8
435415.8
435415.8
435415.8
435415.8
435415.8
435415.8
435415.8
435415.8
435415.8
435415.8
435415.8
435415.8
435415.8
435415.8
435415.8
435415.8
435415.8
435415.8
435415.8
435415.8
435415.8
435415.8
435415.8
435415.8
435415.8
435415.8
431987.3
431987.3
431987.3
431987.3
431987.3
431987.3
431987.3
431987.3
431987.3
431987.3
431987.3
431987.3
431987.3
431987.3
431987.3
431987.3
431987.3
431987.3
431987.3
431987.3
431987.3
431987.3
431987.3
431987.3
431987.3
431987.3
431987.3
431987.3
431987.3
431987.3
431987.3
431987.3
431987.3
431987.3
431987.3
431987.3
431987.3
431987.3
431987.3
431987.3
431987.3
431987.3
431987.3
431987.3
431987.3
431987.3
431987.3
431987.3
431987.3
431987.3
431987.3
431987.3
431987.3
431987.3
431987.3
431987.3
431987.3
431987.3
431987.3
428558.8
428558.8
428558.8
428558.8
428558.8
428558.8
428558.8
428558.8
428558.8
428558.8
428558.8
428558.8
428558.8
428558.8
428558.8
428558.8
428558.8
428558.8
428558.8
428558.8
428558.8
428558.8
428558.8
428558.8
428558.8
428558.8
428558.8
428558.8
428558.8
428558.8
428558.8
428558.8
428558.8
428558.8
428558.8
428558.8
428558.8
428558.8
428558.8
428558.8
428558.8
428558.8
428558.8
428558.8
428558.8
428558.8
428558.8
428558.8
428558.8
428558.8
428558.8
428558.8
428558.8
428558.8
428558.8
428558.8
428558.8
428558.8
425130.4
425130.4
425130.4
425130.4
425130.4
425130.4
425130.4
425130.4
425130.4
425130.4
425130.4
425130.4
425130.4
425130.4
425130.4
425130.4
425130.4
425130.4
425130.4
425130.4
425130.4
425130.4
425130.4
425130.4
425130.4
425130.4
425130.4
425130.4
425130.4
425130.4
425130.4
425130.4
425130.4
425130.4
425130.4
425130.4
425130.4
425130.4
425130.4
425130.4
425130.4
425130.4
425130.4
425130.4
425130.4
425130.4
425130.4
425130.4
425130.4
425130.4
425130.4
425130.4
425130.4
425130.4
425130.4
425130.4
425130.4
425130.4
425130.4
425130.4
421701.9
421701.9
421701.9
421701.9
421701.9
421701.9
421701.9
421701.9
421701.9
421701.9
421701.9
421701.9
421701.9
421701.9
421701.9
421701.9
421701.9
421701.9
421701.9
421701.9
421701.9
421701.9
421701.9
421701.9
421701.9
421701.9
421701.9
421701.9
421701.9
421701.9
421701.9
421701.9
421701.9
421701.9
421701.9
421701.9
421701.9
421701.9
421701.9
421701.9
421701.9
421701.9
421701.9
421701.9
421701.9
421701.9
421701.9
421701.9
421701.9
421701.9
421701.9
421701.9
421701.9
421701.9
421701.9
421701.9
421701.9
421701.9
421701.9
418273.4
418273.4
418273.4
418273.4
418273.4
418273.4
418273.4
418273.4
418273.4
418273.4
418273.4
418273.4
418273.4
418273.4
418273.4
418273.4
418273.4
418273.4
418273.4
418273.4
418273.4
418273.4
418273.4
418273.4
418273.4
418273.4
418273.4
418273.4
418273.4
418273.4
418273.4
418273.4
418273.4
418273.4
418273.4
418273.4
418273.4
418273.4
418273.4
418273.4
418273.4
418273.4
418273.4
418273.4
418273.4
418273.4
418273.4
418273.4
418273.4
418273.4
418273.4
418273.4
418273.4
418273.4
418273.4
418273.4
418273.4
418273.4
418273.4
418273.4
418273.4
414844.9
414844.9
414844.9
414844.9
414844.9
414844.9
414844.9
414844.9
414844.9
414844.9
414844.9
414844.9
414844.9
414844.9
414844.9
414844.9
414844.9
414844.9
414844.9
414844.9
414844.9
414844.9
414844.9
414844.9
414844.9
414844.9
414844.9
414844.9
414844.9
414844.9
414844.9
414844.9
414844.9
414844.9
414844.9
414844.9
414844.9
414844.9
414844.9
414844.9
414844.9
414844.9
414844.9
414844.9
414844.9
414844.9
414844.9
414844.9
414844.9
414844.9
414844.9
414844.9
414844.9
414844.9
414844.9
414844.9
414844.9
414844.9
414844.9
414844.9
411416.5
411416.5
411416.5
411416.5
411416.5
411416.5
411416.5
411416.5
411416.5
411416.5
411416.5
411416.5
411416.5
411416.5
411416.5
411416.5
411416.5
411416.5
411416.5
411416.5
411416.5
411416.5
411416.5
411416.5
411416.5
411416.5
411416.5
411416.5
411416.5
411416.5
411416.5
411416.5
411416.5
411416.5
411416.5
411416.5
411416.5
411416.5
411416.5
411416.5
411416.5
411416.5
411416.5
411416.5
411416.5
411416.5
411416.5
411416.5
411416.5
411416.5
411416.5
411416.5
411416.5
411416.5
411416.5
411416.5
411416.5
411416.5
411416.5
411416.5
411416.5
407988.0
407988.0
407988.0
407988.0
407988.0
407988.0
407988.0
407988.0
407988.0
407988.0
407988.0
407988.0
407988.0
407988.0
407988.0
407988.0
407988.0
407988.0
407988.0
407988.0
407988.0
407988.0
407988.0
407988.0
407988.0
407988.0
407988.0
407988.0
407988.0
407988.0
407988.0
407988.0
407988.0
407988.0
407988.0
407988.0
407988.0
407988.0
407988.0
407988.0
407988.0
407988.0
407988.0
407988.0
407988.0
407988.0
407988.0
407988.0
407988.0
407988.0
407988.0
407988.0
407988.0
407988.0
407988.0
407988.0
407988.0
407988.0
407988.0
407988.0
407988.0
407988.0
404559.5
404559.5
404559.5
404559.5
404559.5
404559.5
404559.5
404559.5
404559.5
404559.5
404559.5
404559.5
404559.5
404559.5
404559.5
404559.5
404559.5
404559.5
404559.5
404559.5
404559.5
404559.5
404559.5
404559.5
404559.5
404559.5
404559.5
404559.5
404559.5
404559.5
404559.5
404559.5
404559.5
404559.5
404559.5
404559.5
404559.5
404559.5
404559.5
404559.5
404559.5
404559.5
404559.5
404559.5
404559.5
404559.5
404559.5
404559.5
404559.5
404559.5
404559.5
404559.5
404559.5
404559.5
404559.5
404559.5
404559.5
404559.5
404559.5
404559.5
404559.5
404559.5
401131.1
401131.1
401131.1
401131.1
401131.1
401131.1
401131.1
401131.1
401131.1
401131.1
401131.1
401131.1
401131.1
401131.1
401131.1
401131.1
401131.1
401131.1
401131.1
401131.1
401131.1
401131.1
401131.1
401131.1
401131.1
401131.1
401131.1
401131.1
401131.1
401131.1
401131.1
401131.1
401131.1
401131.1
401131.1
401131.1
401131.1
401131.1
401131.1
401131.1
401131.1
401131.1
401131.1
401131.1
401131.1
401131.1
401131.1
401131.1
401131.1
401131.1
401131.1
401131.1
401131.1
401131.1
401131.1
401131.1
401131.1
401131.1
401131.1
401131.1
401131.1
401131.1
401131.1
397702.6
397702.6
397702.6
397702.6
397702.6
397702.6
397702.6
397702.6
397702.6
397702.6
397702.6
397702.6
397702.6
397702.6
397702.6
397702.6
397702.6
397702.6
397702.6
397702.6
397702.6
397702.6
397702.6
397702.6
397702.6
397702.6
397702.6
397702.6
397702.6
397702.6
397702.6
397702.6
397702.6
397702.6
397702.6
397702.6
397702.6
397702.6
397702.6
397702.6
397702.6
397702.6
397702.6
397702.6
397702.6
397702.6
397702.6
397702.6
397702.6
397702.6
397702.6
397702.6
397702.6
397702.6
397702.6
397702.6
397702.6
397702.6
397702.6
397702.6
397702.6
397702.6
397702.6
397702.6
394274.1
394274.1
394274.1
394274.1
394274.1
394274.1
394274.1
394274.1
394274.1
394274.1
394274.1
394274.1
394274.1
394274.1
394274.1
394274.1
394274.1
394274.1
394274.1
394274.1
394274.1
394274.1
394274.1
394274.1
394274.1
394274.1
394274.1
394274.1
394274.1
394274.1
394274.1
394274.1
394274.1
394274.1
394274.1
394274.1
394274.1
394274.1
394274.1
394274.1
394274.1
394274.1
394274.1
394274.1
394274.1
394274.1
394274.1
394274.1
394274.1
394274.1
394274.1
394274.1
394274.1
394274.1
394274.1
394274.1
394274.1
394274.1
394274.1
394274.1
394274.1
394274.1
394274.1
390845.6
390845.6
390845.6
390845.6
390845.6
390845.6
390845.6
390845.6
390845.6
390845.6
390845.6
390845.6
390845.6
390845.6
390845.6
390845.6
390845.6
390845.6
390845.6
390845.6
390845.6
390845.6
390845.6
390845.6
390845.6
390845.6
390845.6
390845.6
390845.6
390845.6
390845.6
390845.6
390845.6
390845.6
390845.6
390845.6
390845.6
390845.6
390845.6
390845.6
390845.6
390845.6
390845.6
390845.6
390845.6
390845.6
390845.6
390845.6
390845.6
390845.6
390845.6
390845.6
390845.6
390845.6
390845.6
390845.6
390845.6
390845.6
390845.6
390845.6
390845.6
390845.6
390845.6
390845.6
390845.6
387417.2
387417.2
387417.2
387417.2
387417.2
387417.2
387417.2
387417.2
387417.2
387417.2
387417.2
387417.2
387417.2
387417.2
387417.2
387417.2
387417.2
387417.2
387417.2
387417.2
387417.2
387417.2
387417.2
387417.2
387417.2
387417.2
387417.2
387417.2
387417.2
387417.2
387417.2
387417.2
387417.2
387417.2
387417.2
387417.2
387417.2
387417.2
387417.2
387417.2
387417.2
387417.2
387417.2
387417.2
387417.2
387417.2
387417.2
387417.2
387417.2
387417.2
387417.2
387417.2
387417.2
387417.2
387417.2
387417.2
387417.2
387417.2
387417.2
387417.2
387417.2
387417.2
387417.2
387417.2
387417.2
383988.7
383988.7
383988.7
383988.7
383988.7
383988.7
383988.7
383988.7
383988.7
383988.7
383988.7
383988.7
383988.7
383988.7
383988.7
383988.7
383988.7
383988.7
383988.7
383988.7
383988.7
383988.7
383988.7
383988.7
383988.7
383988.7
383988.7
383988.7
383988.7
383988.7
383988.7
383988.7
383988.7
383988.7
383988.7
383988.7
383988.7
383988.7
383988.7
383988.7
383988.7
383988.7
383988.7
383988.7
383988.7
383988.7
383988.7
383988.7
383988.7
383988.7
383988.7
383988.7
383988.7
383988.7
383988.7
383988.7
383988.7
383988.7
383988.7
383988.7
383988.7
383988.7
383988.7
383988.7
383988.7
380560.2
380560.2
380560.2
380560.2
380560.2
380560.2
380560.2
380560.2
380560.2
380560.2
380560.2
380560.2
380560.2
380560.2
380560.2
380560.2
380560.2
380560.2
380560.2
380560.2
380560.2
380560.2
380560.2
380560.2
380560.2
380560.2
380560.2
380560.2
380560.2
380560.2
380560.2
380560.2
380560.2
380560.2
380560.2
380560.2
380560.2
380560.2
380560.2
380560.2
380560.2
380560.2
380560.2
380560.2
380560.2
380560.2
380560.2
380560.2
380560.2
380560.2
380560.2
380560.2
380560.2
380560.2
380560.2
380560.2
380560.2
380560.2
380560.2
380560.2
380560.2
380560.2
380560.2
380560.2
380560.2
380560.2
380560.2
377131.8
377131.8
377131.8
377131.8
377131.8
377131.8
377131.8
377131.8
377131.8
377131.8
377131.8
377131.8
377131.8
377131.8
377131.8
377131.8
377131.8
377131.8
377131.8
377131.8
377131.8
377131.8
377131.8
377131.8
377131.8
377131.8
377131.8
377131.8
377131.8
377131.8
377131.8
377131.8
377131.8
377131.8
377131.8
377131.8
377131.8
377131.8
377131.8
377131.8
377131.8
377131.8
377131.8
377131.8
377131.8
377131.8
377131.8
377131.8
377131.8
377131.8
377131.8
377131.8
377131.8
377131.8
377131.8
377131.8
377131.8
377131.8
377131.8
377131.8
377131.8
377131.8
377131.8
377131.8
377131.8
377131.8
373703.3
373703.3
373703.3
373703.3
373703.3
373703.3
373703.3
373703.3
373703.3
373703.3
373703.3
373703.3
373703.3
373703.3
373703.3
373703.3
373703.3
373703.3
373703.3
373703.3
373703.3
373703.3
373703.3
373703.3
373703.3
373703.3
373703.3
373703.3
373703.3
373703.3
373703.3
373703.3
373703.3
373703.3
373703.3
373703.3
373703.3
373703.3
373703.3
373703.3
373703.3
373703.3
373703.3
373703.3
373703.3
373703.3
373703.3
373703.3
373703.3
373703.3
373703.3
373703.3
373703.3
373703.3
373703.3
373703.3
373703.3
373703.3
373703.3
373703.3
373703.3
373703.3
373703.3
373703.3
373703.3
373703.3
373703.3
373703.3
370274.8
370274.8
370274.8
370274.8
370274.8
370274.8
370274.8
370274.8
370274.8
370274.8
370274.8
370274.8
370274.8
370274.8
370274.8
370274.8
370274.8
370274.8
370274.8
370274.8
370274.8
370274.8
370274.8
370274.8
370274.8
370274.8
370274.8
370274.8
370274.8
370274.8
370274.8
370274.8
370274.8
370274.8
370274.8
370274.8
370274.8
370274.8
370274.8
370274.8
370274.8
370274.8
370274.8
370274.8
370274.8
370274.8
370274.8
370274.8
370274.8
370274.8
370274.8
370274.8
370274.8
370274.8
370274.8
370274.8
370274.8
370274.8
370274.8
370274.8
370274.8
370274.8
370274.8
370274.8
370274.8
370274.8
370274.8
370274.8
366846.4
366846.4
366846.4
366846.4
366846.4
366846.4
366846.4
366846.4
366846.4
366846.4
366846.4
366846.4
366846.4
366846.4
366846.4
366846.4
366846.4
366846.4
366846.4
366846.4
366846.4
366846.4
366846.4
366846.4
366846.4
366846.4
366846.4
366846.4
366846.4
366846.4
366846.4
366846.4
366846.4
366846.4
366846.4
366846.4
366846.4
366846.4
366846.4
366846.4
366846.4
366846.4
366846.4
366846.4
366846.4
366846.4
366846.4
366846.4
366846.4
366846.4
366846.4
366846.4
366846.4
366846.4
366846.4
366846.4
366846.4
366846.4
366846.4
366846.4
366846.4
366846.4
366846.4
366846.4
366846.4
366846.4
366846.4
366846.4
363417.9
363417.9
363417.9
363417.9
363417.9
363417.9
363417.9
363417.9
363417.9
363417.9
363417.9
363417.9
363417.9
363417.9
363417.9
363417.9
363417.9
363417.9
363417.9
363417.9
363417.9
363417.9
363417.9
363417.9
363417.9
363417.9
363417.9
363417.9
363417.9
363417.9
363417.9
363417.9
363417.9
363417.9
363417.9
363417.9
363417.9
363417.9
363417.9
363417.9
363417.9
363417.9
363417.9
363417.9
363417.9
363417.9
363417.9
363417.9
363417.9
363417.9
363417.9
363417.9
363417.9
363417.9
363417.9
363417.9
363417.9
363417.9
363417.9
363417.9
363417.9
363417.9
363417.9
363417.9
363417.9
363417.9
363417.9
363417.9
363417.9
363417.9
359989.4
359989.4
359989.4
359989.4
359989.4
359989.4
359989.4
359989.4
359989.4
359989.4
359989.4
359989.4
359989.4
359989.4
359989.4
359989.4
359989.4
359989.4
359989.4
359989.4
359989.4
359989.4
359989.4
359989.4
359989.4
359989.4
359989.4
359989.4
359989.4
359989.4
359989.4
359989.4
359989.4
359989.4
359989.4
359989.4
359989.4
359989.4
359989.4
359989.4
359989.4
359989.4
359989.4
359989.4
359989.4
359989.4
359989.4
359989.4
359989.4
359989.4
359989.4
359989.4
359989.4
359989.4
359989.4
359989.4
359989.4
359989.4
359989.4
359989.4
359989.4
359989.4
359989.4
359989.4
359989.4
359989.4
359989.4
359989.4
359989.4
359989.4
356560.9
356560.9
356560.9
356560.9
356560.9
356560.9
356560.9
356560.9
356560.9
356560.9
356560.9
356560.9
356560.9
356560.9
356560.9
356560.9
356560.9
356560.9
356560.9
356560.9
356560.9
356560.9
356560.9
356560.9
356560.9
356560.9
356560.9
356560.9
356560.9
356560.9
356560.9
356560.9
356560.9
356560.9
356560.9
356560.9
356560.9
356560.9
356560.9
356560.9
356560.9
356560.9
356560.9
356560.9
356560.9
356560.9
356560.9
356560.9
356560.9
356560.9
356560.9
356560.9
356560.9
356560.9
356560.9
356560.9
356560.9
356560.9
356560.9
356560.9
356560.9
356560.9
356560.9
356560.9
356560.9
356560.9
356560.9
356560.9
356560.9
356560.9
353132.5
353132.5
353132.5
353132.5
353132.5
353132.5
353132.5
353132.5
353132.5
353132.5
353132.5
353132.5
353132.5
353132.5
353132.5
353132.5
353132.5
353132.5
353132.5
353132.5
353132.5
353132.5
353132.5
353132.5
353132.5
353132.5
353132.5
353132.5
353132.5
353132.5
353132.5
353132.5
353132.5
353132.5
353132.5
353132.5
353132.5
353132.5
353132.5
353132.5
353132.5
353132.5
353132.5
353132.5
353132.5
353132.5
353132.5
353132.5
353132.5
353132.5
353132.5
353132.5
353132.5
353132.5
353132.5
353132.5
353132.5
353132.5
353132.5
353132.5
353132.5
353132.5
353132.5
353132.5
353132.5
353132.5
353132.5
353132.5
353132.5
353132.5
353132.5
349704.0
349704.0
349704.0
349704.0
349704.0
349704.0
349704.0
349704.0
349704.0
349704.0
349704.0
349704.0
349704.0
349704.0
349704.0
349704.0
349704.0
349704.0
349704.0
349704.0
349704.0
349704.0
349704.0
349704.0
349704.0
349704.0
349704.0
349704.0
349704.0
349704.0
349704.0
349704.0
349704.0
349704.0
349704.0
349704.0
349704.0
349704.0
349704.0
349704.0
349704.0
349704.0
349704.0
349704.0
349704.0
349704.0
349704.0
349704.0
349704.0
349704.0
349704.0
349704.0
349704.0
349704.0
349704.0
349704.0
349704.0
349704.0
349704.0
349704.0
349704.0
349704.0
349704.0
349704.0
349704.0
349704.0
349704.0
349704.0
349704.0
349704.0
349704.0
349704.0
349704.0
346275.5
346275.5
346275.5
346275.5
346275.5
346275.5
346275.5
346275.5
346275.5
346275.5
346275.5
346275.5
346275.5
346275.5
346275.5
346275.5
346275.5
346275.5
346275.5
346275.5
346275.5
346275.5
346275.5
346275.5
346275.5
346275.5
346275.5
346275.5
346275.5
346275.5
346275.5
346275.5
346275.5
346275.5
346275.5
346275.5
346275.5
346275.5
346275.5
346275.5
346275.5
346275.5
346275.5
346275.5
346275.5
346275.5
346275.5
346275.5
346275.5
346275.5
346275.5
346275.5
346275.5
346275.5
346275.5
346275.5
346275.5
346275.5
346275.5
346275.5
346275.5
346275.5
346275.5
346275.5
346275.5
346275.5
346275.5
346275.5
346275.5
346275.5
346275.5
346275.5
342847.1
342847.1
342847.1
342847.1
342847.1
342847.1
342847.1
342847.1
342847.1
342847.1
342847.1
342847.1
342847.1
342847.1
342847.1
342847.1
342847.1
342847.1
342847.1
342847.1
342847.1
342847.1
342847.1
342847.1
342847.1
342847.1
342847.1
342847.1
342847.1
342847.1
342847.1
342847.1
342847.1
342847.1
342847.1
342847.1
342847.1
342847.1
342847.1
342847.1
342847.1
342847.1
342847.1
342847.1
342847.1
342847.1
342847.1
342847.1
342847.1
342847.1
342847.1
342847.1
342847.1
342847.1
342847.1
342847.1
342847.1
342847.1
342847.1
342847.1
342847.1
342847.1
342847.1
342847.1
342847.1
342847.1
342847.1
342847.1
342847.1
342847.1
342847.1
342847.1
342847.1
342847.1
339418.6
339418.6
339418.6
339418.6
339418.6
339418.6
339418.6
339418.6
339418.6
339418.6
339418.6
339418.6
339418.6
339418.6
339418.6
339418.6
339418.6
339418.6
339418.6
339418.6
339418.6
339418.6
339418.6
339418.6
339418.6
339418.6
339418.6
339418.6
339418.6
339418.6
339418.6
339418.6
339418.6
339418.6
339418.6
339418.6
339418.6
339418.6
339418.6
339418.6
339418.6
339418.6
339418.6
339418.6
339418.6
339418.6
339418.6
339418.6
339418.6
339418.6
339418.6
339418.6
339418.6
339418.6
339418.6
339418.6
339418.6
339418.6
339418.6
339418.6
339418.6
339418.6
339418.6
339418.6
339418.6
339418.6
339418.6
339418.6
339418.6
339418.6
339418.6
339418.6
339418.6
339418.6
335990.1
335990.1
335990.1
335990.1
335990.1
335990.1
335990.1
335990.1
335990.1
335990.1
335990.1
335990.1
335990.1
335990.1
335990.1
335990.1
335990.1
335990.1
335990.1
335990.1
335990.1
335990.1
335990.1
335990.1
335990.1
335990.1
335990.1
335990.1
335990.1
335990.1
335990.1
335990.1
335990.1
335990.1
335990.1
335990.1
335990.1
335990.1
335990.1
335990.1
335990.1
335990.1
335990.1
335990.1
335990.1
335990.1
335990.1
335990.1
335990.1
335990.1
335990.1
335990.1
335990.1
335990.1
335990.1
335990.1
335990.1
335990.1
335990.1
335990.1
335990.1
335990.1
335990.1
335990.1
335990.1
335990.1
335990.1
335990.1
335990.1
335990.1
335990.1
335990.1
335990.1
335990.1
335990.1
332561.6
332561.6
332561.6
332561.6
332561.6
332561.6
332561.6
332561.6
332561.6
332561.6
332561.6
332561.6
332561.6
332561.6
332561.6
332561.6
332561.6
332561.6
332561.6
332561.6
332561.6
332561.6
332561.6
332561.6
332561.6
332561.6
332561.6
332561.6
332561.6
332561.6
332561.6
332561.6
332561.6
332561.6
332561.6
332561.6
332561.6
332561.6
332561.6
332561.6
332561.6
332561.6
332561.6
332561.6
332561.6
332561.6
332561.6
332561.6
332561.6
332561.6
332561.6
332561.6
332561.6
332561.6
332561.6
332561.6
332561.6
332561.6
332561.6
332561.6
332561.6
332561.6
332561.6
332561.6
332561.6
332561.6
332561.6
332561.6
332561.6
332561.6
332561.6
332561.6
332561.6
332561.6
332561.6
329133.2
329133.2
329133.2
329133.2
329133.2
329133.2
329133.2
329133.2
329133.2
329133.2
329133.2
329133.2
329133.2
329133.2
329133.2
329133.2
329133.2
329133.2
329133.2
329133.2
329133.2
329133.2
329133.2
329133.2
329133.2
329133.2
329133.2
329133.2
329133.2
329133.2
329133.2
329133.2
329133.2
329133.2
329133.2
329133.2
329133.2
329133.2
329133.2
329133.2
329133.2
329133.2
329133.2
329133.2
329133.2
329133.2
329133.2
329133.2
329133.2
329133.2
329133.2
329133.2
329133.2
329133.2
329133.2
329133.2
329133.2
329133.2
329133.2
329133.2
329133.2
329133.2
329133.2
329133.2
329133.2
329133.2
329133.2
329133.2
329133.2
329133.2
329133.2
329133.2
329133.2
329133.2
329133.2
329133.2
329133.2
325704.7
325704.7
325704.7
325704.7
325704.7
325704.7
325704.7
325704.7
325704.7
325704.7
325704.7
325704.7
325704.7
325704.7
325704.7
325704.7
325704.7
325704.7
325704.7
325704.7
325704.7
325704.7
325704.7
325704.7
325704.7
325704.7
325704.7
325704.7
325704.7
325704.7
325704.7
325704.7
325704.7
325704.7
325704.7
325704.7
325704.7
325704.7
325704.7
325704.7
325704.7
325704.7
325704.7
325704.7
325704.7
325704.7
325704.7
325704.7
325704.7
325704.7
325704.7
325704.7
325704.7
325704.7
325704.7
325704.7
325704.7
325704.7
325704.7
325704.7
325704.7
325704.7
325704.7
325704.7
325704.7
325704.7
325704.7
325704.7
325704.7
325704.7
325704.7
325704.7
325704.7
325704.7
325704.7
325704.7
325704.7
322276.2
322276.2
322276.2
322276.2
322276.2
322276.2
322276.2
322276.2
322276.2
322276.2
322276.2
322276.2
322276.2
322276.2
322276.2
322276.2
322276.2
322276.2
322276.2
322276.2
322276.2
322276.2
322276.2
322276.2
322276.2
322276.2
322276.2
322276.2
322276.2
322276.2
322276.2
322276.2
322276.2
322276.2
322276.2
322276.2
322276.2
322276.2
322276.2
322276.2
322276.2
322276.2
322276.2
322276.2
322276.2
322276.2
322276.2
322276.2
322276.2
322276.2
322276.2
322276.2
322276.2
322276.2
322276.2
322276.2
322276.2
322276.2
322276.2
322276.2
322276.2
322276.2
322276.2
322276.2
322276.2
322276.2
322276.2
322276.2
322276.2
322276.2
322276.2
322276.2
322276.2
322276.2
322276.2
322276.2
322276.2
322276.2
318847.8
318847.8
318847.8
318847.8
318847.8
318847.8
318847.8
318847.8
318847.8
318847.8
318847.8
318847.8
318847.8
318847.8
318847.8
318847.8
318847.8
318847.8
318847.8
318847.8
318847.8
318847.8
318847.8
318847.8
318847.8
318847.8
318847.8
318847.8
318847.8
318847.8
318847.8
318847.8
318847.8
318847.8
318847.8
318847.8
318847.8
318847.8
318847.8
318847.8
318847.8
318847.8
318847.8
318847.8
318847.8
318847.8
318847.8
318847.8
318847.8
318847.8
318847.8
318847.8
318847.8
318847.8
318847.8
318847.8
318847.8
318847.8
318847.8
318847.8
318847.8
318847.8
318847.8
318847.8
318847.8
318847.8
318847.8
318847.8
318847.8
318847.8
318847.8
318847.8
318847.8
318847.8
318847.8
318847.8
318847.8
318847.8
318847.8
315419.3
315419.3
315419.3
315419.3
315419.3
315419.3
315419.3
315419.3
315419.3
315419.3
315419.3
315419.3
315419.3
315419.3
315419.3
315419.3
315419.3
315419.3
315419.3
315419.3
315419.3
315419.3
315419.3
315419.3
315419.3
315419.3
315419.3
315419.3
315419.3
315419.3
315419.3
315419.3
315419.3
315419.3
315419.3
315419.3
315419.3
315419.3
315419.3
315419.3
315419.3
315419.3
315419.3
315419.3
315419.3
315419.3
315419.3
315419.3
315419.3
315419.3
315419.3
315419.3
315419.3
315419.3
315419.3
315419.3
315419.3
315419.3
315419.3
315419.3
315419.3
315419.3
315419.3
315419.3
315419.3
315419.3
315419.3
315419.3
315419.3
315419.3
315419.3
315419.3
315419.3
315419.3
315419.3
315419.3
315419.3
315419.3
315419.3
315419.3
311990.8
311990.8
311990.8
311990.8
311990.8
311990.8
311990.8
311990.8
311990.8
311990.8
311990.8
311990.8
311990.8
311990.8
311990.8
311990.8
311990.8
311990.8
311990.8
311990.8
311990.8
311990.8
311990.8
311990.8
311990.8
311990.8
311990.8
311990.8
311990.8
311990.8
311990.8
311990.8
311990.8
311990.8
311990.8
311990.8
311990.8
311990.8
311990.8
311990.8
311990.8
311990.8
311990.8
311990.8
311990.8
311990.8
311990.8
311990.8
311990.8
311990.8
311990.8
311990.8
311990.8
311990.8
311990.8
311990.8
311990.8
311990.8
311990.8
311990.8
311990.8
311990.8
311990.8
311990.8
311990.8
311990.8
311990.8
311990.8
311990.8
311990.8
311990.8
311990.8
311990.8
311990.8
311990.8
311990.8
311990.8
311990.8
311990.8
311990.8
311990.8
308562.4
308562.4
308562.4
308562.4
308562.4
308562.4
308562.4
308562.4
308562.4
308562.4
308562.4
308562.4
308562.4
308562.4
308562.4
308562.4
308562.4
308562.4
308562.4
308562.4
308562.4
308562.4
308562.4
308562.4
308562.4
308562.4
308562.4
308562.4
308562.4
308562.4
308562.4
308562.4
308562.4
308562.4
308562.4
308562.4
308562.4
308562.4
308562.4
308562.4
308562.4
308562.4
308562.4
308562.4
308562.4
308562.4
308562.4
308562.4
308562.4
308562.4
308562.4
308562.4
308562.4
308562.4
308562.4
308562.4
308562.4
308562.4
308562.4
308562.4
308562.4
308562.4
308562.4
308562.4
308562.4
308562.4
308562.4
308562.4
308562.4
308562.4
308562.4
308562.4
308562.4
308562.4
308562.4
308562.4
308562.4
308562.4
308562.4
308562.4
308562.4
305133.9
305133.9
305133.9
305133.9
305133.9
305133.9
305133.9
305133.9
305133.9
305133.9
305133.9
305133.9
305133.9
305133.9
305133.9
305133.9
305133.9
305133.9
305133.9
305133.9
305133.9
305133.9
305133.9
305133.9
305133.9
305133.9
305133.9
305133.9
305133.9
305133.9
305133.9
305133.9
305133.9
305133.9
305133.9
305133.9
305133.9
305133.9
305133.9
305133.9
305133.9
305133.9
305133.9
305133.9
305133.9
305133.9
305133.9
305133.9
305133.9
305133.9
305133.9
305133.9
305133.9
305133.9
305133.9
305133.9
305133.9
305133.9
305133.9
305133.9
305133.9
305133.9
305133.9
305133.9
305133.9
305133.9
305133.9
305133.9
305133.9
305133.9
305133.9
305133.9
305133.9
305133.9
305133.9
305133.9
305133.9
305133.9
305133.9
305133.9
305133.9
305133.9
305133.9
301705.4
301705.4
301705.4
301705.4
301705.4
301705.4
301705.4
301705.4
301705.4
301705.4
301705.4
301705.4
301705.4
301705.4
301705.4
301705.4
301705.4
301705.4
301705.4
301705.4
301705.4
301705.4
301705.4
301705.4
301705.4
301705.4
301705.4
301705.4
301705.4
301705.4
301705.4
301705.4
301705.4
301705.4
301705.4
301705.4
301705.4
301705.4
301705.4
301705.4
301705.4
301705.4
301705.4
301705.4
301705.4
301705.4
301705.4
301705.4
301705.4
301705.4
301705.4
301705.4
301705.4
301705.4
301705.4
301705.4
301705.4
301705.4
301705.4
301705.4
301705.4
301705.4
301705.4
301705.4
301705.4
301705.4
301705.4
301705.4
301705.4
301705.4
301705.4
301705.4
301705.4
301705.4
301705.4
301705.4
301705.4
301705.4
301705.4
301705.4
301705.4
301705.4
301705.4
298276.9
298276.9
298276.9
298276.9
298276.9
298276.9
298276.9
298276.9
298276.9
298276.9
298276.9
298276.9
298276.9
298276.9
298276.9
298276.9
298276.9
298276.9
298276.9
298276.9
298276.9
298276.9
298276.9
298276.9
298276.9
298276.9
298276.9
298276.9
298276.9
298276.9
298276.9
298276.9
298276.9
298276.9
298276.9
298276.9
298276.9
298276.9
298276.9
298276.9
298276.9
298276.9
298276.9
298276.9
298276.9
298276.9
298276.9
298276.9
298276.9
298276.9
298276.9
298276.9
298276.9
298276.9
298276.9
298276.9
298276.9
298276.9
298276.9
298276.9
298276.9
298276.9
298276.9
298276.9
298276.9
298276.9
298276.9
298276.9
298276.9
298276.9
298276.9
298276.9
298276.9
298276.9
298276.9
298276.9
298276.9
298276.9
298276.9
298276.9
298276.9
298276.9
298276.9
298276.9
298276.9
294848.5
294848.5
294848.5
294848.5
294848.5
294848.5
294848.5
294848.5
294848.5
294848.5
294848.5
294848.5
294848.5
294848.5
294848.5
294848.5
294848.5
294848.5
294848.5
294848.5
294848.5
294848.5
294848.5
294848.5
294848.5
294848.5
294848.5
294848.5
294848.5
294848.5
294848.5
294848.5
294848.5
294848.5
294848.5
294848.5
294848.5
294848.5
294848.5
294848.5
294848.5
294848.5
294848.5
294848.5
294848.5
294848.5
294848.5
294848.5
294848.5
294848.5
294848.5
294848.5
294848.5
294848.5
294848.5
294848.5
294848.5
294848.5
294848.5
294848.5
294848.5
294848.5
294848.5
294848.5
294848.5
294848.5
294848.5
294848.5
294848.5
294848.5
294848.5
294848.5
294848.5
294848.5
294848.5
294848.5
294848.5
294848.5
294848.5
294848.5
294848.5
294848.5
294848.5
294848.5
294848.5
291420.0
291420.0
291420.0
291420.0
291420.0
291420.0
291420.0
291420.0
291420.0
291420.0
291420.0
291420.0
291420.0
291420.0
291420.0
291420.0
291420.0
291420.0
291420.0
291420.0
291420.0
291420.0
291420.0
291420.0
291420.0
291420.0
291420.0
291420.0
291420.0
291420.0
291420.0
291420.0
291420.0
291420.0
291420.0
291420.0
291420.0
291420.0
291420.0
291420.0
291420.0
291420.0
291420.0
291420.0
291420.0
291420.0
291420.0
291420.0
291420.0
291420.0
291420.0
291420.0
291420.0
291420.0
291420.0
291420.0
291420.0
291420.0
291420.0
291420.0
291420.0
291420.0
291420.0
291420.0
291420.0
291420.0
291420.0
291420.0
291420.0
291420.0
291420.0
291420.0
291420.0
291420.0
291420.0
291420.0
291420.0
291420.0
291420.0
291420.0
291420.0
291420.0
291420.0
291420.0
291420.0
291420.0
291420.0
287991.5
287991.5
287991.5
287991.5
287991.5
287991.5
287991.5
287991.5
287991.5
287991.5
287991.5
287991.5
287991.5
287991.5
287991.5
287991.5
287991.5
287991.5
287991.5
287991.5
287991.5
287991.5
287991.5
287991.5
287991.5
287991.5
287991.5
287991.5
287991.5
287991.5
287991.5
287991.5
287991.5
287991.5
287991.5
287991.5
287991.5
287991.5
287991.5
287991.5
287991.5
287991.5
287991.5
287991.5
287991.5
287991.5
287991.5
287991.5
287991.5
287991.5
287991.5
287991.5
287991.5
287991.5
287991.5
287991.5
287991.5
287991.5
287991.5
287991.5
287991.5
287991.5
287991.5
287991.5
287991.5
287991.5
287991.5
287991.5
287991.5
287991.5
287991.5
287991.5
287991.5
287991.5
287991.5
287991.5
287991.5
287991.5
287991.5
287991.5
287991.5
287991.5
287991.5
287991.5
287991.5
287991.5
287991.5
284563.1
284563.1
284563.1
284563.1
284563.1
284563.1
284563.1
284563.1
284563.1
284563.1
284563.1
284563.1
284563.1
284563.1
284563.1
284563.1
284563.1
284563.1
284563.1
284563.1
284563.1
284563.1
284563.1
284563.1
284563.1
284563.1
284563.1
284563.1
284563.1
284563.1
284563.1
284563.1
284563.1
284563.1
284563.1
284563.1
284563.1
284563.1
284563.1
284563.1
284563.1
284563.1
284563.1
284563.1
284563.1
284563.1
284563.1
284563.1
284563.1
284563.1
284563.1
284563.1
284563.1
284563.1
284563.1
284563.1
284563.1
284563.1
284563.1
284563.1
284563.1
284563.1
284563.1
284563.1
284563.1
284563.1
284563.1
284563.1
284563.1
284563.1
284563.1
284563.1
284563.1
284563.1
284563.1
284563.1
284563.1
284563.1
284563.1
284563.1
284563.1
284563.1
284563.1
284563.1
284563.1
284563.1
284563.1
284563.1
284563.1
281134.6
281134.6
281134.6
281134.6
281134.6
281134.6
281134.6
281134.6
281134.6
281134.6
281134.6
281134.6
281134.6
281134.6
281134.6
281134.6
281134.6
281134.6
281134.6
281134.6
281134.6
281134.6
281134.6
281134.6
281134.6
281134.6
281134.6
281134.6
281134.6
281134.6
281134.6
281134.6
281134.6
281134.6
281134.6
281134.6
281134.6
281134.6
281134.6
281134.6
281134.6
281134.6
281134.6
281134.6
281134.6
281134.6
281134.6
281134.6
281134.6
281134.6
281134.6
281134.6
281134.6
281134.6
281134.6
281134.6
281134.6
281134.6
281134.6
281134.6
281134.6
281134.6
281134.6
281134.6
281134.6
281134.6
281134.6
281134.6
281134.6
281134.6
281134.6
281134.6
281134.6
281134.6
281134.6
281134.6
281134.6
281134.6
281134.6
281134.6
281134.6
281134.6
281134.6
281134.6
281134.6
281134.6
281134.6
281134.6
281134.6
277706.1
277706.1
277706.1
277706.1
277706.1
277706.1
277706.1
277706.1
277706.1
277706.1
277706.1
277706.1
277706.1
277706.1
277706.1
277706.1
277706.1
277706.1
277706.1
277706.1
277706.1
277706.1
277706.1
277706.1
277706.1
277706.1
277706.1
277706.1
277706.1
277706.1
277706.1
277706.1
277706.1
277706.1
277706.1
277706.1
277706.1
277706.1
277706.1
277706.1
277706.1
277706.1
277706.1
277706.1
277706.1
277706.1
277706.1
277706.1
277706.1
277706.1
277706.1
277706.1
277706.1
277706.1
277706.1
277706.1
277706.1
277706.1
277706.1
277706.1
277706.1
277706.1
277706.1
277706.1
277706.1
277706.1
277706.1
277706.1
277706.1
277706.1
277706.1
277706.1
277706.1
277706.1
277706.1
277706.1
277706.1
277706.1
277706.1
277706.1
277706.1
277706.1
277706.1
277706.1
277706.1
277706.1
277706.1
277706.1
277706.1
277706.1
277706.1
274277.6
274277.6
274277.6
274277.6
274277.6
274277.6
274277.6
274277.6
274277.6
274277.6
274277.6
274277.6
274277.6
274277.6
274277.6
274277.6
274277.6
274277.6
274277.6
274277.6
274277.6
274277.6
274277.6
274277.6
274277.6
274277.6
274277.6
274277.6
274277.6
274277.6
274277.6
274277.6
274277.6
274277.6
274277.6
274277.6
274277.6
274277.6
274277.6
274277.6
274277.6
274277.6
274277.6
274277.6
274277.6
274277.6
274277.6
274277.6
274277.6
274277.6
274277.6
274277.6
274277.6
274277.6
274277.6
274277.6
274277.6
274277.6
274277.6
274277.6
274277.6
274277.6
274277.6
274277.6
274277.6
274277.6
274277.6
274277.6
274277.6
274277.6
274277.6
274277.6
274277.6
274277.6
274277.6
274277.6
274277.6
274277.6
274277.6
274277.6
274277.6
274277.6
274277.6
274277.6
274277.6
274277.6
274277.6
274277.6
274277.6
274277.6
274277.6
274277.6
270849.2
270849.2
270849.2
270849.2
270849.2
270849.2
270849.2
270849.2
270849.2
270849.2
270849.2
270849.2
270849.2
270849.2
270849.2
270849.2
270849.2
270849.2
270849.2
270849.2
270849.2
270849.2
270849.2
270849.2
270849.2
270849.2
270849.2
270849.2
270849.2
270849.2
270849.2
270849.2
270849.2
270849.2
270849.2
270849.2
270849.2
270849.2
270849.2
270849.2
270849.2
270849.2
270849.2
270849.2
270849.2
270849.2
270849.2
270849.2
270849.2
270849.2
270849.2
270849.2
270849.2
270849.2
270849.2
270849.2
270849.2
270849.2
270849.2
270849.2
270849.2
270849.2
270849.2
270849.2
270849.2
270849.2
270849.2
270849.2
270849.2
270849.2
270849.2
270849.2
270849.2
270849.2
270849.2
270849.2
270849.2
270849.2
270849.2
270849.2
270849.2
270849.2
270849.2
270849.2
270849.2
270849.2
270849.2
270849.2
270849.2
270849.2
270849.2
270849.2
270849.2
267420.7
267420.7
267420.7
267420.7
267420.7
267420.7
267420.7
267420.7
267420.7
267420.7
267420.7
267420.7
267420.7
267420.7
267420.7
267420.7
267420.7
267420.7
267420.7
267420.7
267420.7
267420.7
267420.7
267420.7
267420.7
267420.7
267420.7
267420.7
267420.7
267420.7
267420.7
267420.7
267420.7
267420.7
267420.7
267420.7
267420.7
267420.7
267420.7
267420.7
267420.7
267420.7
267420.7
267420.7
267420.7
267420.7
267420.7
267420.7
267420.7
267420.7
267420.7
267420.7
267420.7
267420.7
267420.7
267420.7
267420.7
267420.7
267420.7
267420.7
267420.7
267420.7
267420.7
267420.7
267420.7
267420.7
267420.7
267420.7
267420.7
267420.7
267420.7
267420.7
267420.7
267420.7
267420.7
267420.7
267420.7
267420.7
267420.7
267420.7
267420.7
267420.7
267420.7
267420.7
267420.7
267420.7
267420.7
267420.7
267420.7
267420.7
267420.7
267420.7
267420.7
267420.7
263992.2
263992.2
263992.2
263992.2
263992.2
263992.2
263992.2
263992.2
263992.2
263992.2
263992.2
263992.2
263992.2
263992.2
263992.2
263992.2
263992.2
263992.2
263992.2
263992.2
263992.2
263992.2
263992.2
263992.2
263992.2
263992.2
263992.2
263992.2
263992.2
263992.2
263992.2
263992.2
263992.2
263992.2
263992.2
263992.2
263992.2
263992.2
263992.2
263992.2
263992.2
263992.2
263992.2
263992.2
263992.2
263992.2
263992.2
263992.2
263992.2
263992.2
263992.2
263992.2
263992.2
263992.2
263992.2
263992.2
263992.2
263992.2
263992.2
263992.2
263992.2
263992.2
263992.2
263992.2
263992.2
263992.2
263992.2
263992.2
263992.2
263992.2
263992.2
263992.2
263992.2
263992.2
263992.2
263992.2
263992.2
263992.2
263992.2
263992.2
263992.2
263992.2
263992.2
263992.2
263992.2
263992.2
263992.2
263992.2
263992.2
263992.2
263992.2
263992.2
263992.2
263992.2
263992.2
260563.8
260563.8
260563.8
260563.8
260563.8
260563.8
260563.8
260563.8
260563.8
260563.8
260563.8
260563.8
260563.8
260563.8
260563.8
260563.8
260563.8
260563.8
260563.8
260563.8
260563.8
260563.8
260563.8
260563.8
260563.8
260563.8
260563.8
260563.8
260563.8
260563.8
260563.8
260563.8
260563.8
260563.8
260563.8
260563.8
260563.8
260563.8
260563.8
260563.8
260563.8
260563.8
260563.8
260563.8
260563.8
260563.8
260563.8
260563.8
260563.8
260563.8
260563.8
260563.8
260563.8
260563.8
260563.8
260563.8
260563.8
260563.8
260563.8
260563.8
260563.8
260563.8
260563.8
260563.8
260563.8
260563.8
260563.8
260563.8
260563.8
260563.8
260563.8
260563.8
260563.8
260563.8
260563.8
260563.8
260563.8
260563.8
260563.8
260563.8
260563.8
260563.8
260563.8
260563.8
260563.8
260563.8
260563.8
260563.8
260563.8
260563.8
260563.8
260563.8
260563.8
260563.8
260563.8
260563.8
257135.3
257135.3
257135.3
257135.3
257135.3
257135.3
257135.3
257135.3
257135.3
257135.3
257135.3
257135.3
257135.3
257135.3
257135.3
257135.3
257135.3
257135.3
257135.3
257135.3
257135.3
257135.3
257135.3
257135.3
257135.3
257135.3
257135.3
257135.3
257135.3
257135.3
257135.3
257135.3
257135.3
257135.3
257135.3
257135.3
257135.3
257135.3
257135.3
257135.3
257135.3
257135.3
257135.3
257135.3
257135.3
257135.3
257135.3
257135.3
257135.3
257135.3
257135.3
257135.3
257135.3
257135.3
257135.3
257135.3
257135.3
257135.3
257135.3
257135.3
257135.3
257135.3
257135.3
257135.3
257135.3
257135.3
257135.3
257135.3
257135.3
257135.3
257135.3
257135.3
257135.3
257135.3
257135.3
257135.3
257135.3
257135.3
257135.3
257135.3
257135.3
257135.3
257135.3
257135.3
257135.3
257135.3
257135.3
257135.3
257135.3
257135.3
257135.3
257135.3
257135.3
257135.3
257135.3
257135.3
257135.3
257135.3
253706.8
253706.8
253706.8
253706.8
253706.8
253706.8
253706.8
253706.8
253706.8
253706.8
253706.8
253706.8
253706.8
253706.8
253706.8
253706.8
253706.8
253706.8
253706.8
253706.8
253706.8
253706.8
253706.8
253706.8
253706.8
253706.8
253706.8
253706.8
253706.8
253706.8
253706.8
253706.8
253706.8
253706.8
253706.8
253706.8
253706.8
253706.8
253706.8
253706.8
253706.8
253706.8
253706.8
253706.8
253706.8
253706.8
253706.8
253706.8
253706.8
253706.8
253706.8
253706.8
253706.8
253706.8
253706.8
253706.8
253706.8
253706.8
253706.8
253706.8
253706.8
253706.8
253706.8
253706.8
253706.8
253706.8
253706.8
253706.8
253706.8
253706.8
253706.8
253706.8
253706.8
253706.8
253706.8
253706.8
253706.8
253706.8
253706.8
253706.8
253706.8
253706.8
253706.8
253706.8
253706.8
253706.8
253706.8
253706.8
253706.8
253706.8
253706.8
253706.8
253706.8
253706.8
253706.8
253706.8
253706.8
253706.8
253706.8
253706.8
250278.4
250278.4
250278.4
250278.4
250278.4
250278.4
250278.4
250278.4
250278.4
250278.4
250278.4
250278.4
250278.4
250278.4
250278.4
250278.4
250278.4
250278.4
250278.4
250278.4
250278.4
250278.4
250278.4
250278.4
250278.4
250278.4
250278.4
250278.4
250278.4
250278.4
250278.4
250278.4
250278.4
250278.4
250278.4
250278.4
250278.4
250278.4
250278.4
250278.4
250278.4
250278.4
250278.4
250278.4
250278.4
250278.4
250278.4
250278.4
250278.4
250278.4
250278.4
250278.4
250278.4
250278.4
250278.4
250278.4
250278.4
250278.4
250278.4
250278.4
250278.4
250278.4
250278.4
250278.4
250278.4
250278.4
250278.4
250278.4
250278.4
250278.4
250278.4
250278.4
250278.4
250278.4
250278.4
250278.4
250278.4
250278.4
250278.4
250278.4
250278.4
250278.4
250278.4
250278.4
250278.4
250278.4
250278.4
250278.4
250278.4
250278.4
250278.4
250278.4
250278.4
250278.4
250278.4
250278.4
250278.4
250278.4
250278.4
250278.4
246849.9
246849.9
246849.9
246849.9
246849.9
246849.9
246849.9
246849.9
246849.9
246849.9
246849.9
246849.9
246849.9
246849.9
246849.9
246849.9
246849.9
246849.9
246849.9
246849.9
246849.9
246849.9
246849.9
246849.9
246849.9
246849.9
246849.9
246849.9
246849.9
246849.9
246849.9
246849.9
246849.9
246849.9
246849.9
246849.9
246849.9
246849.9
246849.9
246849.9
246849.9
246849.9
246849.9
246849.9
246849.9
246849.9
246849.9
246849.9
246849.9
246849.9
246849.9
246849.9
246849.9
246849.9
246849.9
246849.9
246849.9
246849.9
246849.9
246849.9
246849.9
246849.9
246849.9
246849.9
246849.9
246849.9
246849.9
246849.9
246849.9
246849.9
246849.9
246849.9
246849.9
246849.9
246849.9
246849.9
246849.9
246849.9
246849.9
246849.9
246849.9
246849.9
246849.9
246849.9
246849.9
246849.9
246849.9
246849.9
246849.9
246849.9
246849.9
246849.9
246849.9
246849.9
246849.9
246849.9
246849.9
246849.9
246849.9
246849.9
246849.9
246849.9
243421.4
243421.4
243421.4
243421.4
243421.4
243421.4
243421.4
243421.4
243421.4
243421.4
243421.4
243421.4
243421.4
243421.4
243421.4
243421.4
243421.4
243421.4
243421.4
243421.4
243421.4
243421.4
243421.4
243421.4
243421.4
243421.4
243421.4
243421.4
243421.4
243421.4
243421.4
243421.4
243421.4
243421.4
243421.4
243421.4
243421.4
243421.4
243421.4
243421.4
243421.4
243421.4
243421.4
243421.4
243421.4
243421.4
243421.4
243421.4
243421.4
243421.4
243421.4
243421.4
243421.4
243421.4
243421.4
243421.4
243421.4
243421.4
243421.4
243421.4
243421.4
243421.4
243421.4
243421.4
243421.4
243421.4
243421.4
243421.4
243421.4
243421.4
243421.4
243421.4
243421.4
243421.4
243421.4
243421.4
243421.4
243421.4
243421.4
243421.4
243421.4
243421.4
243421.4
243421.4
243421.4
243421.4
243421.4
243421.4
243421.4
243421.4
243421.4
243421.4
243421.4
243421.4
243421.4
243421.4
243421.4
243421.4
243421.4
243421.4
243421.4
243421.4
243421.4
243421.4
239992.9
239992.9
239992.9
239992.9
239992.9
239992.9
239992.9
239992.9
239992.9
239992.9
239992.9
239992.9
239992.9
239992.9
239992.9
239992.9
239992.9
239992.9
239992.9
239992.9
239992.9
239992.9
239992.9
239992.9
239992.9
239992.9
239992.9
239992.9
239992.9
239992.9
239992.9
239992.9
239992.9
239992.9
239992.9
239992.9
239992.9
239992.9
239992.9
239992.9
239992.9
239992.9
239992.9
239992.9
239992.9
239992.9
239992.9
239992.9
239992.9
239992.9
239992.9
239992.9
239992.9
239992.9
239992.9
239992.9
239992.9
239992.9
239992.9
239992.9
239992.9
239992.9
239992.9
239992.9
239992.9
239992.9
239992.9
239992.9
239992.9
239992.9
239992.9
239992.9
239992.9
239992.9
239992.9
239992.9
239992.9
239992.9
239992.9
239992.9
239992.9
239992.9
239992.9
239992.9
239992.9
239992.9
239992.9
239992.9
239992.9
239992.9
239992.9
239992.9
239992.9
239992.9
239992.9
239992.9
239992.9
239992.9
239992.9
239992.9
239992.9
239992.9
239992.9
239992.9
236564.5
236564.5
236564.5
236564.5
236564.5
236564.5
236564.5
236564.5
236564.5
236564.5
236564.5
236564.5
236564.5
236564.5
236564.5
236564.5
236564.5
236564.5
236564.5
236564.5
236564.5
236564.5
236564.5
236564.5
236564.5
236564.5
236564.5
236564.5
236564.5
236564.5
236564.5
236564.5
236564.5
236564.5
236564.5
236564.5
236564.5
236564.5
236564.5
236564.5
236564.5
236564.5
236564.5
236564.5
236564.5
236564.5
236564.5
236564.5
236564.5
236564.5
236564.5
236564.5
236564.5
236564.5
236564.5
236564.5
236564.5
236564.5
236564.5
236564.5
236564.5
236564.5
236564.5
236564.5
236564.5
236564.5
236564.5
236564.5
236564.5
236564.5
236564.5
236564.5
236564.5
236564.5
236564.5
236564.5
236564.5
236564.5
236564.5
236564.5
236564.5
236564.5
236564.5
236564.5
236564.5
236564.5
236564.5
236564.5
236564.5
236564.5
236564.5
236564.5
236564.5
236564.5
236564.5
236564.5
236564.5
236564.5
236564.5
236564.5
236564.5
236564.5
236564.5
236564.5
236564.5
236564.5
236564.5
233136.0
233136.0
233136.0
233136.0
233136.0
233136.0
233136.0
233136.0
233136.0
233136.0
233136.0
233136.0
233136.0
233136.0
233136.0
233136.0
233136.0
233136.0
233136.0
233136.0
233136.0
233136.0
233136.0
233136.0
233136.0
233136.0
233136.0
233136.0
233136.0
233136.0
233136.0
233136.0
233136.0
233136.0
233136.0
233136.0
233136.0
233136.0
233136.0
233136.0
233136.0
233136.0
233136.0
233136.0
233136.0
233136.0
233136.0
233136.0
233136.0
233136.0
233136.0
233136.0
233136.0
233136.0
233136.0
233136.0
233136.0
233136.0
233136.0
233136.0
233136.0
233136.0
233136.0
233136.0
233136.0
233136.0
233136.0
233136.0
233136.0
233136.0
233136.0
233136.0
233136.0
233136.0
233136.0
233136.0
233136.0
233136.0
233136.0
233136.0
233136.0
233136.0
233136.0
233136.0
233136.0
233136.0
233136.0
233136.0
233136.0
233136.0
233136.0
233136.0
233136.0
233136.0
233136.0
233136.0
233136.0
233136.0
233136.0
233136.0
233136.0
233136.0
233136.0
233136.0
233136.0
233136.0
233136.0
233136.0
229707.5
229707.5
229707.5
229707.5
229707.5
229707.5
229707.5
229707.5
229707.5
229707.5
229707.5
229707.5
229707.5
229707.5
229707.5
229707.5
229707.5
229707.5
229707.5
229707.5
229707.5
229707.5
229707.5
229707.5
229707.5
229707.5
229707.5
229707.5
229707.5
229707.5
229707.5
229707.5
229707.5
229707.5
229707.5
229707.5
229707.5
229707.5
229707.5
229707.5
229707.5
229707.5
229707.5
229707.5
229707.5
229707.5
229707.5
229707.5
229707.5
229707.5
229707.5
229707.5
229707.5
229707.5
229707.5
229707.5
229707.5
229707.5
229707.5
229707.5
229707.5
229707.5
229707.5
229707.5
229707.5
229707.5
229707.5
229707.5
229707.5
229707.5
229707.5
229707.5
229707.5
229707.5
229707.5
229707.5
229707.5
229707.5
229707.5
229707.5
229707.5
229707.5
229707.5
229707.5
229707.5
229707.5
229707.5
229707.5
229707.5
229707.5
229707.5
229707.5
229707.5
229707.5
229707.5
229707.5
229707.5
229707.5
229707.5
229707.5
229707.5
229707.5
229707.5
229707.5
229707.5
229707.5
229707.5
229707.5
229707.5
229707.5
226279.1
226279.1
226279.1
226279.1
226279.1
226279.1
226279.1
226279.1
226279.1
226279.1
226279.1
226279.1
226279.1
226279.1
226279.1
226279.1
226279.1
226279.1
226279.1
226279.1
226279.1
226279.1
226279.1
226279.1
226279.1
226279.1
226279.1
226279.1
226279.1
226279.1
226279.1
226279.1
226279.1
226279.1
226279.1
226279.1
226279.1
226279.1
226279.1
226279.1
226279.1
226279.1
226279.1
226279.1
226279.1
226279.1
226279.1
226279.1
226279.1
226279.1
226279.1
226279.1
226279.1
226279.1
226279.1
226279.1
226279.1
226279.1
226279.1
226279.1
226279.1
226279.1
226279.1
226279.1
226279.1
226279.1
226279.1
226279.1
226279.1
226279.1
226279.1
226279.1
226279.1
226279.1
226279.1
226279.1
226279.1
226279.1
226279.1
226279.1
226279.1
226279.1
226279.1
226279.1
226279.1
226279.1
226279.1
226279.1
226279.1
226279.1
226279.1
226279.1
226279.1
226279.1
226279.1
226279.1
226279.1
226279.1
226279.1
226279.1
226279.1
226279.1
226279.1
226279.1
226279.1
226279.1
226279.1
226279.1
226279.1
226279.1
226279.1
222850.6
222850.6
222850.6
222850.6
222850.6
222850.6
222850.6
222850.6
222850.6
222850.6
222850.6
222850.6
222850.6
222850.6
222850.6
222850.6
222850.6
222850.6
222850.6
222850.6
222850.6
222850.6
222850.6
222850.6
222850.6
222850.6
222850.6
222850.6
222850.6
222850.6
222850.6
222850.6
222850.6
222850.6
222850.6
222850.6
222850.6
222850.6
222850.6
222850.6
222850.6
222850.6
222850.6
222850.6
222850.6
222850.6
222850.6
222850.6
222850.6
222850.6
222850.6
222850.6
222850.6
222850.6
222850.6
222850.6
222850.6
222850.6
222850.6
222850.6
222850.6
222850.6
222850.6
222850.6
222850.6
222850.6
222850.6
222850.6
222850.6
222850.6
222850.6
222850.6
222850.6
222850.6
222850.6
222850.6
222850.6
222850.6
222850.6
222850.6
222850.6
222850.6
222850.6
222850.6
222850.6
222850.6
222850.6
222850.6
222850.6
222850.6
222850.6
222850.6
222850.6
222850.6
222850.6
222850.6
222850.6
222850.6
222850.6
222850.6
222850.6
222850.6
222850.6
222850.6
222850.6
222850.6
222850.6
222850.6
222850.6
222850.6
222850.6
222850.6
222850.6
219422.1
219422.1
219422.1
219422.1
219422.1
219422.1
219422.1
219422.1
219422.1
219422.1
219422.1
219422.1
219422.1
219422.1
219422.1
219422.1
219422.1
219422.1
219422.1
219422.1
219422.1
219422.1
219422.1
219422.1
219422.1
219422.1
219422.1
219422.1
219422.1
219422.1
219422.1
219422.1
219422.1
219422.1
219422.1
219422.1
219422.1
219422.1
219422.1
219422.1
219422.1
219422.1
219422.1
219422.1
219422.1
219422.1
219422.1
219422.1
219422.1
219422.1
219422.1
219422.1
219422.1
219422.1
219422.1
219422.1
219422.1
219422.1
219422.1
219422.1
219422.1
219422.1
219422.1
219422.1
219422.1
219422.1
219422.1
219422.1
219422.1
219422.1
219422.1
219422.1
219422.1
219422.1
219422.1
219422.1
219422.1
219422.1
219422.1
219422.1
219422.1
219422.1
219422.1
219422.1
219422.1
219422.1
219422.1
219422.1
219422.1
219422.1
219422.1
219422.1
219422.1
219422.1
219422.1
219422.1
219422.1
219422.1
219422.1
219422.1
219422.1
219422.1
219422.1
219422.1
219422.1
219422.1
219422.1
219422.1
219422.1
219422.1
219422.1
219422.1
219422.1
219422.1
219422.1
215993.6
215993.6
215993.6
215993.6
215993.6
215993.6
215993.6
215993.6
215993.6
215993.6
215993.6
215993.6
215993.6
215993.6
215993.6
215993.6
215993.6
215993.6
215993.6
215993.6
215993.6
215993.6
215993.6
215993.6
215993.6
215993.6
215993.6
215993.6
215993.6
215993.6
215993.6
215993.6
215993.6
215993.6
215993.6
215993.6
215993.6
215993.6
215993.6
215993.6
215993.6
215993.6
215993.6
215993.6
215993.6
215993.6
215993.6
215993.6
215993.6
215993.6
215993.6
215993.6
215993.6
215993.6
215993.6
215993.6
215993.6
215993.6
215993.6
215993.6
215993.6
215993.6
215993.6
215993.6
215993.6
215993.6
215993.6
215993.6
215993.6
215993.6
215993.6
215993.6
215993.6
215993.6
215993.6
215993.6
215993.6
215993.6
215993.6
215993.6
215993.6
215993.6
215993.6
215993.6
215993.6
215993.6
215993.6
215993.6
215993.6
215993.6
215993.6
215993.6
215993.6
215993.6
215993.6
215993.6
215993.6
215993.6
215993.6
215993.6
215993.6
215993.6
215993.6
215993.6
215993.6
215993.6
215993.6
215993.6
215993.6
215993.6
215993.6
215993.6
215993.6
215993.6
215993.6
215993.6
212565.2
212565.2
212565.2
212565.2
212565.2
212565.2
212565.2
212565.2
212565.2
212565.2
212565.2
212565.2
212565.2
212565.2
212565.2
212565.2
212565.2
212565.2
212565.2
212565.2
212565.2
212565.2
212565.2
212565.2
212565.2
212565.2
212565.2
212565.2
212565.2
212565.2
212565.2
212565.2
212565.2
212565.2
212565.2
212565.2
212565.2
212565.2
212565.2
212565.2
212565.2
212565.2
212565.2
212565.2
212565.2
212565.2
212565.2
212565.2
212565.2
212565.2
212565.2
212565.2
212565.2
212565.2
212565.2
212565.2
212565.2
212565.2
212565.2
212565.2
212565.2
212565.2
212565.2
212565.2
212565.2
212565.2
212565.2
212565.2
212565.2
212565.2
212565.2
212565.2
212565.2
212565.2
212565.2
212565.2
212565.2
212565.2
212565.2
212565.2
212565.2
212565.2
212565.2
212565.2
212565.2
212565.2
212565.2
212565.2
212565.2
212565.2
212565.2
212565.2
212565.2
212565.2
212565.2
212565.2
212565.2
212565.2
212565.2
212565.2
212565.2
212565.2
212565.2
212565.2
212565.2
212565.2
212565.2
212565.2
212565.2
212565.2
212565.2
212565.2
212565.2
212565.2
212565.2
212565.2
212565.2
212565.2
212565.2
209136.7
209136.7
209136.7
209136.7
209136.7
209136.7
209136.7
209136.7
209136.7
209136.7
209136.7
