IEC 61083-2 TDG Version 2.1.0
Data File Version  2.1.0
09 LI-A9
8 bits, 10995 samples at 10ns
1.000000e-008
0.00
0.00
0.00
0.00
0.00
0.00
0.00
0.00
0.00
0.00
0.00
0.00
0.00
0.00
0.00
0.00
0.00
0.00
0.00
0.00
0.00
0.00
0.00
0.00
0.00
0.00
0.00
0.00
0.00
0.00
0.00
0.00
0.00
0.00
0.00
0.00
0.00
0.00
0.00
0.00
0.00
0.00
0.00
0.00
0.00
0.00
0.00
0.00
0.00
0.00
0.00
0.00
0.00
0.00
0.00
0.00
0.00
0.00
0.00
0.00
0.00
0.00
0.00
0.00
0.00
0.00
0.00
0.00
0.00
0.00
0.00
0.00
0.00
0.00
0.00
0.00
0.00
0.00
0.00
0.00
0.00
0.00
0.00
0.00
0.00
0.00
0.00
0.00
0.00
0.00
0.00
0.00
0.00
0.00
0.00
0.00
0.00
0.00
0.00
0.00
0.00
0.00
0.00
0.00
0.00
0.00
0.00
0.00
0.00
0.00
0.00
0.00
0.00
0.00
0.00
0.00
0.00
0.00
0.00
0.00
0.00
0.00
0.00
0.00
0.00
0.00
0.00
0.00
0.00
0.00
0.00
0.00
0.00
0.00
0.00
0.00
0.00
0.00
0.00
0.00
0.00
0.00
0.00
0.00
0.00
0.00
0.00
0.00
0.00
0.00
0.00
0.00
0.00
0.00
0.00
0.00
0.00
0.00
0.00
0.00
0.00
0.00
0.00
0.00
0.00
0.00
0.00
0.00
0.00
0.00
0.00
0.00
0.00
0.00
0.00
0.00
0.00
0.00
0.00
0.00
0.00
0.00
0.00
0.00
0.00
0.00
0.00
0.00
0.00
0.00
0.00
0.00
0.00
0.00
0.00
0.00
0.00
0.00
0.00
0.00
0.00
0.00
0.00
0.00
0.00
0.00
0.00
0.00
0.00
0.00
0.00
0.00
0.00
0.00
0.00
0.00
0.00
0.00
0.00
0.00
0.00
0.00
0.00
0.00
0.00
0.00
0.00
0.00
0.00
0.00
0.00
0.00
0.00
0.00
0.00
0.00
0.00
0.00
0.00
0.00
0.00
0.00
0.00
0.00
0.00
0.00
0.00
0.00
0.00
0.00
0.00
0.00
0.00
0.00
0.00
0.00
0.00
0.00
0.00
0.00
0.00
0.00
0.00
0.00
0.00
0.00
0.00
0.00
0.00
0.00
0.00
0.00
0.00
0.00
0.00
0.00
0.00
0.00
0.00
0.00
0.00
0.00
0.00
0.00
0.00
0.00
0.00
0.00
0.00
0.00
0.00
0.00
0.00
0.00
0.00
0.00
0.00
0.00
0.00
0.00
0.00
0.00
0.00
0.00
0.00
0.00
0.00
0.00
0.00
0.00
0.00
0.00
0.00
0.00
0.00
0.00
0.00
0.00
0.00
0.00
0.00
0.00
0.00
0.00
0.00
0.00
0.00
0.00
0.00
0.00
0.00
0.00
0.00
0.00
0.00
0.00
0.00
0.00
0.00
0.00
0.00
0.00
0.00
0.00
0.00
0.00
0.00
0.00
0.00
0.00
0.00
0.00
0.00
0.00
0.00
0.00
0.00
0.00
0.00
0.00
0.00
0.00
0.00
0.00
0.00
0.00
0.00
0.00
0.00
0.00
0.00
0.00
0.00
0.00
0.00
0.00
0.00
0.00
0.00
0.00
0.00
0.00
0.00
0.00
0.00
0.00
0.00
0.00
0.00
0.00
0.00
0.00
0.00
0.00
0.00
0.00
0.00
0.00
0.00
0.00
0.00
0.00
0.00
0.00
0.00
0.00
0.00
0.00
0.00
0.00
0.00
0.00
0.00
0.00
0.00
0.00
0.00
0.00
0.00
0.00
0.00
0.00
0.00
0.00
0.00
0.00
0.00
0.00
0.00
0.00
0.00
0.00
0.00
0.00
0.00
0.00
0.00
0.00
0.00
0.00
0.00
0.00
0.00
0.00
0.00
0.00
0.00
0.00
0.00
0.00
0.00
0.00
0.00
0.00
0.00
0.00
0.00
0.00
0.00
0.00
0.00
0.00
0.00
0.00
0.00
0.00
0.00
0.00
0.00
0.00
0.00
0.00
0.00
0.00
0.00
0.00
0.00
0.00
0.00
0.00
0.00
0.00
0.00
0.00
0.00
0.00
0.00
0.00
0.00
0.00
0.00
0.00
0.00
0.00
0.00
0.00
0.00
0.00
0.00
0.00
0.00
0.00
0.00
0.00
0.00
0.00
0.00
0.00
0.00
0.00
0.00
0.00
0.00
0.00
0.00
0.00
0.00
0.00
0.00
0.00
0.00
0.00
0.00
0.00
0.00
0.00
0.00
0.00
0.00
0.00
0.00
0.00
0.00
0.00
0.00
0.00
0.00
0.00
0.00
0.00
0.00
0.00
0.00
0.00
0.00
0.00
0.00
0.00
0.00
0.00
0.00
0.00
0.00
0.00
0.00
0.00
0.00
0.00
0.00
0.00
0.00
0.00
0.00
0.00
0.00
0.00
0.00
0.00
0.00
0.00
0.00
0.00
0.00
0.00
0.00
0.00
0.00
0.00
0.00
0.00
0.00
0.00
0.00
0.00
0.00
0.00
0.00
0.00
0.00
0.00
0.00
0.00
0.00
0.00
0.00
0.00
0.00
0.00
0.00
0.00
0.00
0.00
0.00
0.00
0.00
0.00
0.00
0.00
0.00
0.00
0.00
0.00
0.00
0.00
0.00
0.00
0.00
0.00
0.00
0.00
0.00
0.00
0.00
0.00
0.00
0.00
0.00
0.00
0.00
0.00
0.00
0.00
0.00
0.00
0.00
0.00
0.00
0.00
0.00
0.00
0.00
0.00
0.00
0.00
0.00
0.00
0.00
0.00
0.00
0.00
0.00
0.00
0.00
0.00
0.00
0.00
0.00
0.00
0.00
0.00
0.00
0.00
0.00
0.00
0.00
0.00
0.00
0.00
0.00
0.00
0.00
0.00
0.00
0.00
0.00
0.00
0.00
0.00
0.00
0.00
0.00
0.00
0.00
0.00
0.00
0.00
0.00
0.00
0.00
0.00
0.00
0.00
0.00
0.00
0.00
0.00
0.00
0.00
0.00
0.00
0.00
0.00
0.00
0.00
0.00
0.00
0.00
0.00
0.00
0.00
0.00
0.00
0.00
0.00
0.00
0.00
0.00
0.00
0.00
0.00
0.00
0.00
0.00
0.00
0.00
0.00
0.00
0.00
0.00
0.00
0.00
0.00
0.00
0.00
0.00
0.00
0.00
0.00
0.00
0.00
0.00
0.00
0.00
0.00
0.00
0.00
0.00
0.00
0.00
0.00
0.00
0.00
0.00
0.00
0.00
0.00
0.00
0.00
0.00
0.00
0.00
0.00
0.00
0.00
0.00
0.00
0.00
0.00
0.00
0.00
0.00
0.00
0.00
0.00
0.00
0.00
0.00
0.00
0.00
0.00
0.00
0.00
0.00
0.00
0.00
0.00
0.00
0.00
0.00
0.00
0.00
0.00
0.00
0.00
0.00
0.00
0.00
0.00
0.00
0.00
0.00
0.00
0.00
0.00
0.00
0.00
0.00
0.00
0.00
0.00
0.00
0.00
0.00
0.00
0.00
0.00
0.00
0.00
0.00
0.00
0.00
0.00
0.00
0.00
0.00
0.00
0.00
0.00
0.00
0.00
0.00
0.00
0.00
0.00
0.00
0.00
0.00
0.00
0.00
0.00
0.00
0.00
0.00
0.00
0.00
0.00
0.00
0.00
0.00
0.00
0.00
0.00
0.00
0.00
0.00
0.00
0.00
0.00
0.00
0.00
0.00
0.00
0.00
0.00
0.00
0.00
0.00
0.00
0.00
0.00
0.00
0.00
0.00
0.00
0.00
0.00
0.00
0.00
0.00
0.00
0.00
0.00
0.00
0.00
0.00
0.00
0.00
0.00
0.00
0.00
0.00
0.00
0.00
0.00
0.00
0.00
0.00
0.00
0.00
0.00
0.00
0.00
0.00
0.00
0.00
0.00
0.00
0.00
0.00
0.00
0.00
0.00
0.00
0.00
0.00
0.00
0.00
0.00
0.00
0.00
0.00
0.00
0.00
0.00
0.00
0.00
0.00
0.00
0.00
0.00
0.00
0.00
0.00
0.00
0.00
0.00
0.00
0.00
0.00
0.00
0.00
0.00
0.00
0.00
0.00
0.00
0.00
0.00
0.00
0.00
0.00
0.00
0.00
0.00
0.00
0.00
0.00
0.00
0.00
0.00
0.00
0.00
0.00
0.00
0.00
0.00
0.00
0.00
0.00
0.00
0.00
0.00
0.00
0.00
0.00
0.00
0.00
0.00
0.00
0.00
0.00
0.00
0.00
0.00
0.00
0.00
0.00
0.00
0.00
0.00
0.00
0.00
0.00
0.00
0.00
0.00
0.00
0.00
0.00
0.00
0.00
0.00
0.00
220.67
220.67
441.34
662.01
882.68
1103.35
1324.02
1544.69
1986.04
2206.71
2648.05
2868.72
3310.06
3751.40
4192.74
4634.08
5075.42
5516.76
6178.78
6620.12
7061.46
7723.47
8164.81
8826.82
9268.16
9930.18
10371.52
11033.53
11695.54
12136.88
12798.89
13460.91
14122.92
14564.26
15226.27
15888.28
16550.29
17212.31
17653.65
18315.66
18977.67
19639.68
20301.69
20963.71
21625.72
22067.06
22729.07
23391.08
24053.09
24715.11
25156.45
25818.46
26480.47
26921.81
27583.82
28245.84
28907.85
29349.19
30011.20
30452.54
31114.55
31555.89
32217.91
32659.25
33321.26
33762.60
34424.61
34865.95
35307.29
35969.31
36410.65
36851.99
37514.00
37955.34
38396.68
38838.02
39279.36
39720.71
40162.05
40603.39
41044.73
41486.07
41927.41
42368.75
42810.09
43030.76
43472.11
43913.45
44354.79
44575.46
45016.80
45458.14
45678.81
46120.15
46340.82
46782.16
47002.84
47223.51
47664.85
47885.52
48326.86
48547.53
48768.20
48988.87
49430.21
49650.88
49871.55
50092.22
50312.89
50533.56
50754.24
50974.91
51195.58
51416.25
51636.92
51857.59
52078.26
52298.93
52298.93
52519.60
52740.27
52960.94
52960.94
53181.61
53402.28
53402.28
53622.95
53843.62
53843.62
54064.29
54064.29
54284.96
54505.64
54505.64
54505.64
54726.31
54726.31
54946.98
54946.98
55167.65
55167.65
55167.65
55388.32
55388.32
55388.32
55608.99
55608.99
55608.99
55608.99
55829.66
55829.66
55829.66
55829.66
55829.66
56050.33
56050.33
56050.33
56050.33
56050.33
56050.33
56050.33
56050.33
56271.00
56271.00
56271.00
56271.00
56271.00
56271.00
56271.00
56271.00
56271.00
56271.00
56271.00
56271.00
56271.00
56271.00
56271.00
56271.00
56271.00
56271.00
56271.00
56271.00
56271.00
56271.00
56271.00
56271.00
56050.33
56050.33
56050.33
56050.33
56050.33
56050.33
56050.33
56050.33
56050.33
56050.33
56050.33
56050.33
55829.66
55829.66
55829.66
55829.66
55829.66
55829.66
55829.66
55829.66
55608.99
55608.99
55608.99
55608.99
55608.99
55608.99
55608.99
55608.99
55608.99
55388.32
55388.32
55388.32
55388.32
55388.32
55388.32
55388.32
55167.65
55167.65
55167.65
55167.65
55167.65
55167.65
55167.65
55167.65
54946.98
54946.98
54946.98
54946.98
54946.98
54946.98
54946.98
54946.98
54946.98
54726.31
54726.31
54726.31
54726.31
54726.31
54726.31
54726.31
54726.31
54505.64
54505.64
54505.64
54505.64
54505.64
54505.64
54505.64
54505.64
54505.64
54505.64
54284.96
54284.96
54284.96
54284.96
54284.96
54284.96
54284.96
54284.96
54284.96
54284.96
54064.29
54064.29
54064.29
54064.29
54064.29
54064.29
54064.29
54064.29
54064.29
54064.29
54064.29
54064.29
53843.62
53843.62
53843.62
53843.62
53843.62
53843.62
53843.62
53843.62
53843.62
53843.62
53843.62
53843.62
53843.62
53843.62
53622.95
53622.95
53622.95
53622.95
53622.95
53622.95
53622.95
53622.95
53622.95
53622.95
53622.95
53622.95
53622.95
53622.95
53622.95
53622.95
53622.95
53622.95
53402.28
53402.28
53402.28
53402.28
53402.28
53402.28
53402.28
53402.28
53402.28
53402.28
53402.28
53402.28
53402.28
53402.28
53402.28
53402.28
53402.28
53402.28
53402.28
53402.28
53402.28
53402.28
53402.28
53181.61
53181.61
53181.61
53181.61
53181.61
53181.61
53181.61
53181.61
53181.61
53181.61
53181.61
53181.61
53181.61
53181.61
53181.61
53181.61
53181.61
53181.61
53181.61
53181.61
53181.61
53181.61
53181.61
53181.61
53181.61
53181.61
53181.61
53181.61
53181.61
53181.61
53181.61
52960.94
52960.94
52960.94
52960.94
52960.94
52960.94
52960.94
52960.94
52960.94
52960.94
52960.94
52960.94
52960.94
52960.94
52960.94
52960.94
52960.94
52960.94
52960.94
52960.94
52960.94
52960.94
52960.94
52960.94
52960.94
52960.94
52960.94
52960.94
52960.94
52960.94
52960.94
52960.94
52960.94
52960.94
52960.94
52960.94
52960.94
52740.27
52740.27
52740.27
52740.27
52740.27
52740.27
52740.27
52740.27
52740.27
52740.27
52740.27
52740.27
52740.27
52740.27
52740.27
52740.27
52740.27
52740.27
52740.27
52740.27
52740.27
52740.27
52740.27
52740.27
52740.27
52740.27
52740.27
52740.27
52740.27
52740.27
52740.27
52740.27
52740.27
52740.27
52740.27
52740.27
52740.27
52740.27
52519.60
52519.60
52519.60
52519.60
52519.60
52519.60
52519.60
52519.60
52519.60
52519.60
52519.60
52519.60
52519.60
52519.60
52519.60
52519.60
52519.60
52519.60
52519.60
52519.60
52519.60
52519.60
52519.60
52519.60
52519.60
52519.60
52519.60
52519.60
52519.60
52519.60
52519.60
52519.60
52519.60
52519.60
52519.60
52519.60
52298.93
52298.93
52298.93
52298.93
52298.93
52298.93
52298.93
52298.93
52298.93
52298.93
52298.93
52298.93
52298.93
52298.93
52298.93
52298.93
52298.93
52298.93
52298.93
52298.93
52298.93
52298.93
52298.93
52298.93
52298.93
52298.93
52298.93
52298.93
52298.93
52298.93
52298.93
52298.93
52298.93
52298.93
52298.93
52078.26
52078.26
52078.26
52078.26
52078.26
52078.26
52078.26
52078.26
52078.26
52078.26
52078.26
52078.26
52078.26
52078.26
52078.26
52078.26
52078.26
52078.26
52078.26
52078.26
52078.26
52078.26
52078.26
52078.26
52078.26
52078.26
52078.26
52078.26
52078.26
52078.26
52078.26
52078.26
52078.26
52078.26
52078.26
51857.59
51857.59
51857.59
51857.59
51857.59
51857.59
51857.59
51857.59
51857.59
51857.59
51857.59
51857.59
51857.59
51857.59
51857.59
51857.59
51857.59
51857.59
51857.59
51857.59
51857.59
51857.59
51857.59
51857.59
51857.59
51857.59
51857.59
51857.59
51857.59
51857.59
51857.59
51857.59
51857.59
51857.59
51636.92
51636.92
51636.92
51636.92
51636.92
51636.92
51636.92
51636.92
51636.92
51636.92
51636.92
51636.92
51636.92
51636.92
51636.92
51636.92
51636.92
51636.92
51636.92
51636.92
51636.92
51636.92
51636.92
51636.92
51636.92
51636.92
51636.92
51636.92
51636.92
51636.92
51636.92
51636.92
51636.92
51636.92
51636.92
51416.25
51416.25
51416.25
51416.25
51416.25
51416.25
51416.25
51416.25
51416.25
51416.25
51416.25
51416.25
51416.25
51416.25
51416.25
51416.25
51416.25
51416.25
51416.25
51416.25
51416.25
51416.25
51416.25
51416.25
51416.25
51416.25
51416.25
51416.25
51416.25
51416.25
51416.25
51416.25
51416.25
51416.25
51416.25
51195.58
51195.58
51195.58
51195.58
51195.58
51195.58
51195.58
51195.58
51195.58
51195.58
51195.58
51195.58
51195.58
51195.58
51195.58
51195.58
51195.58
51195.58
51195.58
51195.58
51195.58
51195.58
51195.58
51195.58
51195.58
51195.58
51195.58
51195.58
51195.58
51195.58
51195.58
51195.58
51195.58
51195.58
50974.91
50974.91
50974.91
50974.91
50974.91
50974.91
50974.91
50974.91
50974.91
50974.91
50974.91
50974.91
50974.91
50974.91
50974.91
50974.91
50974.91
50974.91
50974.91
50974.91
50974.91
50974.91
50974.91
50974.91
50974.91
50974.91
50974.91
50974.91
50974.91
50974.91
50974.91
50974.91
50974.91
50974.91
50974.91
50974.91
50754.24
50754.24
50754.24
50754.24
50754.24
50754.24
50754.24
50754.24
50754.24
50754.24
50754.24
50754.24
50754.24
50754.24
50754.24
50754.24
50754.24
50754.24
50754.24
50754.24
50754.24
50754.24
50754.24
50754.24
50754.24
50754.24
50754.24
50754.24
50754.24
50754.24
50754.24
50754.24
50754.24
50754.24
50754.24
50533.56
50533.56
50533.56
50533.56
50533.56
50533.56
50533.56
50533.56
50533.56
50533.56
50533.56
50533.56
50533.56
50533.56
50533.56
50533.56
50533.56
50533.56
50533.56
50533.56
50533.56
50533.56
50533.56
50533.56
50533.56
50533.56
50533.56
50533.56
50533.56
50533.56
50533.56
50533.56
50533.56
50533.56
50533.56
50312.89
50312.89
50312.89
50312.89
50312.89
50312.89
50312.89
50312.89
50312.89
50312.89
50312.89
50312.89
50312.89
50312.89
50312.89
50312.89
50312.89
50312.89
50312.89
50312.89
50312.89
50312.89
50312.89
50312.89
50312.89
50312.89
50312.89
50312.89
50312.89
50312.89
50312.89
50312.89
50312.89
50312.89
50312.89
50312.89
50092.22
50092.22
50092.22
50092.22
50092.22
50092.22
50092.22
50092.22
50092.22
50092.22
50092.22
50092.22
50092.22
50092.22
50092.22
50092.22
50092.22
50092.22
50092.22
50092.22
50092.22
50092.22
50092.22
50092.22
50092.22
50092.22
50092.22
50092.22
50092.22
50092.22
50092.22
50092.22
50092.22
50092.22
50092.22
50092.22
49871.55
49871.55
49871.55
49871.55
49871.55
49871.55
49871.55
49871.55
49871.55
49871.55
49871.55
49871.55
49871.55
49871.55
49871.55
49871.55
49871.55
49871.55
49871.55
49871.55
49871.55
49871.55
49871.55
49871.55
49871.55
49871.55
49871.55
49871.55
49871.55
49871.55
49871.55
49871.55
49871.55
49871.55
49871.55
49650.88
49650.88
49650.88
49650.88
49650.88
49650.88
49650.88
49650.88
49650.88
49650.88
49650.88
49650.88
49650.88
49650.88
49650.88
49650.88
49650.88
49650.88
49650.88
49650.88
49650.88
49650.88
49650.88
49650.88
49650.88
49650.88
49650.88
49650.88
49650.88
49650.88
49650.88
49650.88
49650.88
49650.88
49650.88
49650.88
49430.21
49430.21
49430.21
49430.21
49430.21
49430.21
49430.21
49430.21
49430.21
49430.21
49430.21
49430.21
49430.21
49430.21
49430.21
49430.21
49430.21
49430.21
49430.21
49430.21
49430.21
49430.21
49430.21
49430.21
49430.21
49430.21
49430.21
49430.21
49430.21
49430.21
49430.21
49430.21
49430.21
49430.21
49430.21
49430.21
49430.21
49209.54
49209.54
49209.54
49209.54
49209.54
49209.54
49209.54
49209.54
49209.54
49209.54
49209.54
49209.54
49209.54
49209.54
49209.54
49209.54
49209.54
49209.54
49209.54
49209.54
49209.54
49209.54
49209.54
49209.54
49209.54
49209.54
49209.54
49209.54
49209.54
49209.54
49209.54
49209.54
49209.54
49209.54
49209.54
49209.54
48988.87
48988.87
48988.87
48988.87
48988.87
48988.87
48988.87
48988.87
48988.87
48988.87
48988.87
48988.87
48988.87
48988.87
48988.87
48988.87
48988.87
48988.87
48988.87
48988.87
48988.87
48988.87
48988.87
48988.87
48988.87
48988.87
48988.87
48988.87
48988.87
48988.87
48988.87
48988.87
48988.87
48988.87
48988.87
48988.87
48988.87
48768.20
48768.20
48768.20
48768.20
48768.20
48768.20
48768.20
48768.20
48768.20
48768.20
48768.20
48768.20
48768.20
48768.20
48768.20
48768.20
48768.20
48768.20
48768.20
48768.20
48768.20
48768.20
48768.20
48768.20
48768.20
48768.20
48768.20
48768.20
48768.20
48768.20
48768.20
48768.20
48768.20
48768.20
48768.20
48768.20
48547.53
48547.53
48547.53
48547.53
48547.53
48547.53
48547.53
48547.53
48547.53
48547.53
48547.53
48547.53
48547.53
48547.53
48547.53
48547.53
48547.53
48547.53
48547.53
48547.53
48547.53
48547.53
48547.53
48547.53
48547.53
48547.53
48547.53
48547.53
48547.53
48547.53
48547.53
48547.53
48547.53
48547.53
48547.53
48547.53
48547.53
48326.86
48326.86
48326.86
48326.86
48326.86
48326.86
48326.86
48326.86
48326.86
48326.86
48326.86
48326.86
48326.86
48326.86
48326.86
48326.86
48326.86
48326.86
48326.86
48326.86
48326.86
48326.86
48326.86
48326.86
48326.86
48326.86
48326.86
48326.86
48326.86
48326.86
48326.86
48326.86
48326.86
48326.86
48326.86
48326.86
48326.86
48106.19
48106.19
48106.19
48106.19
48106.19
48106.19
48106.19
48106.19
48106.19
48106.19
48106.19
48106.19
48106.19
48106.19
48106.19
48106.19
48106.19
48106.19
48106.19
48106.19
48106.19
48106.19
48106.19
48106.19
48106.19
48106.19
48106.19
48106.19
48106.19
48106.19
48106.19
48106.19
48106.19
48106.19
48106.19
48106.19
48106.19
48106.19
47885.52
47885.52
47885.52
47885.52
47885.52
47885.52
47885.52
47885.52
47885.52
47885.52
47885.52
47885.52
47885.52
47885.52
47885.52
47885.52
47885.52
47885.52
47885.52
47885.52
47885.52
47885.52
47885.52
47885.52
47885.52
47885.52
47885.52
47885.52
47885.52
47885.52
47885.52
47885.52
47885.52
47885.52
47885.52
47885.52
47885.52
47664.85
47664.85
47664.85
47664.85
47664.85
47664.85
47664.85
47664.85
47664.85
47664.85
47664.85
47664.85
47664.85
47664.85
47664.85
47664.85
47664.85
47664.85
47664.85
47664.85
47664.85
47664.85
47664.85
47664.85
47664.85
47664.85
47664.85
47664.85
47664.85
47664.85
47664.85
47664.85
47664.85
47664.85
47664.85
47664.85
47664.85
47444.18
47444.18
47444.18
47444.18
47444.18
47444.18
47444.18
47444.18
47444.18
47444.18
47444.18
47444.18
47444.18
47444.18
47444.18
47444.18
47444.18
47444.18
47444.18
47444.18
47444.18
47444.18
47444.18
47444.18
47444.18
47444.18
47444.18
47444.18
47444.18
47444.18
47444.18
47444.18
47444.18
47444.18
47444.18
47444.18
47444.18
47444.18
47223.51
47223.51
47223.51
47223.51
47223.51
47223.51
47223.51
47223.51
47223.51
47223.51
47223.51
47223.51
47223.51
47223.51
47223.51
47223.51
47223.51
47223.51
47223.51
47223.51
47223.51
47223.51
47223.51
47223.51
47223.51
47223.51
47223.51
47223.51
47223.51
47223.51
47223.51
47223.51
47223.51
47223.51
47223.51
47223.51
47223.51
47223.51
47002.84
47002.84
47002.84
47002.84
47002.84
47002.84
47002.84
47002.84
47002.84
47002.84
47002.84
47002.84
47002.84
47002.84
47002.84
47002.84
47002.84
47002.84
47002.84
47002.84
47002.84
47002.84
47002.84
47002.84
47002.84
47002.84
47002.84
47002.84
47002.84
47002.84
47002.84
47002.84
47002.84
47002.84
47002.84
47002.84
47002.84
47002.84
46782.16
46782.16
46782.16
46782.16
46782.16
46782.16
46782.16
46782.16
46782.16
46782.16
46782.16
46782.16
46782.16
46782.16
46782.16
46782.16
46782.16
46782.16
46782.16
46782.16
46782.16
46782.16
46782.16
46782.16
46782.16
46782.16
46782.16
46782.16
46782.16
46782.16
46782.16
46782.16
46782.16
46782.16
46782.16
46782.16
46782.16
46782.16
46782.16
46561.49
46561.49
46561.49
46561.49
46561.49
46561.49
46561.49
46561.49
46561.49
46561.49
46561.49
46561.49
46561.49
46561.49
46561.49
46561.49
46561.49
46561.49
46561.49
46561.49
46561.49
46561.49
46561.49
46561.49
46561.49
46561.49
46561.49
46561.49
46561.49
46561.49
46561.49
46561.49
46561.49
46561.49
46561.49
46561.49
46561.49
46561.49
46340.82
46340.82
46340.82
46340.82
46340.82
46340.82
46340.82
46340.82
46340.82
46340.82
46340.82
46340.82
46340.82
46340.82
46340.82
46340.82
46340.82
46340.82
46340.82
46340.82
46340.82
46340.82
46340.82
46340.82
46340.82
46340.82
46340.82
46340.82
46340.82
46340.82
46340.82
46340.82
46340.82
46340.82
46340.82
46340.82
46340.82
46340.82
46340.82
46120.15
46120.15
46120.15
46120.15
46120.15
46120.15
46120.15
46120.15
46120.15
46120.15
46120.15
46120.15
46120.15
46120.15
46120.15
46120.15
46120.15
46120.15
46120.15
46120.15
46120.15
46120.15
46120.15
46120.15
46120.15
46120.15
46120.15
46120.15
46120.15
46120.15
46120.15
46120.15
46120.15
46120.15
46120.15
46120.15
46120.15
46120.15
45899.48
45899.48
45899.48
45899.48
45899.48
45899.48
45899.48
45899.48
45899.48
45899.48
45899.48
45899.48
45899.48
45899.48
45899.48
45899.48
45899.48
45899.48
45899.48
45899.48
45899.48
45899.48
45899.48
45899.48
45899.48
45899.48
45899.48
45899.48
45899.48
45899.48
45899.48
45899.48
45899.48
45899.48
45899.48
45899.48
45899.48
45899.48
45899.48
45899.48
45678.81
45678.81
45678.81
45678.81
45678.81
45678.81
45678.81
45678.81
45678.81
45678.81
45678.81
45678.81
45678.81
45678.81
45678.81
45678.81
45678.81
45678.81
45678.81
45678.81
45678.81
45678.81
45678.81
45678.81
45678.81
45678.81
45678.81
45678.81
45678.81
45678.81
45678.81
45678.81
45678.81
45678.81
45678.81
45678.81
45678.81
45678.81
45678.81
45458.14
45458.14
45458.14
45458.14
45458.14
45458.14
45458.14
45458.14
45458.14
45458.14
45458.14
45458.14
45458.14
45458.14
45458.14
45458.14
45458.14
45458.14
45458.14
45458.14
45458.14
45458.14
45458.14
45458.14
45458.14
45458.14
45458.14
45458.14
45458.14
45458.14
45458.14
45458.14
45458.14
45458.14
45458.14
45458.14
45458.14
45458.14
45458.14
45237.47
45237.47
45237.47
45237.47
45237.47
45237.47
45237.47
45237.47
45237.47
45237.47
45237.47
45237.47
45237.47
45237.47
45237.47
45237.47
45237.47
45237.47
45237.47
45237.47
45237.47
45237.47
45237.47
45237.47
45237.47
45237.47
45237.47
45237.47
45237.47
45237.47
45237.47
45237.47
45237.47
45237.47
45237.47
45237.47
45237.47
45237.47
45237.47
45237.47
45016.80
45016.80
45016.80
45016.80
45016.80
45016.80
45016.80
45016.80
45016.80
45016.80
45016.80
45016.80
45016.80
45016.80
45016.80
45016.80
45016.80
45016.80
45016.80
45016.80
45016.80
45016.80
45016.80
45016.80
45016.80
45016.80
45016.80
45016.80
45016.80
45016.80
45016.80
45016.80
45016.80
45016.80
45016.80
45016.80
45016.80
45016.80
45016.80
45016.80
44796.13
44796.13
44796.13
44796.13
44796.13
44796.13
44796.13
44796.13
44796.13
44796.13
44796.13
44796.13
44796.13
44796.13
44796.13
44796.13
44796.13
44796.13
44796.13
44796.13
44796.13
44796.13
44796.13
44796.13
44796.13
44796.13
44796.13
44796.13
44796.13
44796.13
44796.13
44796.13
44796.13
44796.13
44796.13
44796.13
44796.13
44796.13
44796.13
44575.46
44575.46
44575.46
44575.46
44575.46
44575.46
44575.46
44575.46
44575.46
44575.46
44575.46
44575.46
44575.46
44575.46
44575.46
44575.46
44575.46
44575.46
44575.46
44575.46
44575.46
44575.46
44575.46
44575.46
44575.46
44575.46
44575.46
44575.46
44575.46
44575.46
44575.46
44575.46
44575.46
44575.46
44575.46
44575.46
44575.46
44575.46
44575.46
44575.46
44575.46
44354.79
44354.79
44354.79
44354.79
44354.79
44354.79
44354.79
44354.79
44354.79
44354.79
44354.79
44354.79
44354.79
44354.79
44354.79
44354.79
44354.79
44354.79
44354.79
44354.79
44354.79
44354.79
44354.79
44354.79
44354.79
44354.79
44354.79
44354.79
44354.79
44354.79
44354.79
44354.79
44354.79
44354.79
44354.79
44354.79
44354.79
44354.79
44354.79
44354.79
44134.12
44134.12
44134.12
44134.12
44134.12
44134.12
44134.12
44134.12
44134.12
44134.12
44134.12
44134.12
44134.12
44134.12
44134.12
44134.12
44134.12
44134.12
44134.12
44134.12
44134.12
44134.12
44134.12
44134.12
44134.12
44134.12
44134.12
44134.12
44134.12
44134.12
44134.12
44134.12
44134.12
44134.12
44134.12
44134.12
44134.12
44134.12
44134.12
44134.12
44134.12
43913.45
43913.45
43913.45
43913.45
43913.45
43913.45
43913.45
43913.45
43913.45
43913.45
43913.45
43913.45
43913.45
43913.45
43913.45
43913.45
43913.45
43913.45
43913.45
43913.45
43913.45
43913.45
43913.45
43913.45
43913.45
43913.45
43913.45
43913.45
43913.45
43913.45
43913.45
43913.45
43913.45
43913.45
43913.45
43913.45
43913.45
43913.45
43913.45
43913.45
43692.78
43692.78
43692.78
43692.78
43692.78
43692.78
43692.78
43692.78
43692.78
43692.78
43692.78
43692.78
43692.78
43692.78
43692.78
43692.78
43692.78
43692.78
43692.78
43692.78
43692.78
43692.78
43692.78
43692.78
43692.78
43692.78
43692.78
43692.78
43692.78
43692.78
43692.78
43692.78
43692.78
43692.78
43692.78
43692.78
43692.78
43692.78
43692.78
43692.78
43692.78
43472.11
43472.11
43472.11
43472.11
43472.11
43472.11
43472.11
43472.11
43472.11
43472.11
43472.11
43472.11
43472.11
43472.11
43472.11
43472.11
43472.11
43472.11
43472.11
43472.11
43472.11
43472.11
43472.11
43472.11
43472.11
43472.11
43472.11
43472.11
43472.11
43472.11
43472.11
43472.11
43472.11
43472.11
43472.11
43472.11
43472.11
43472.11
43472.11
43472.11
43472.11
43251.44
43251.44
43251.44
43251.44
43251.44
43251.44
43251.44
43251.44
43251.44
43251.44
43251.44
43251.44
43251.44
43251.44
43251.44
43251.44
43251.44
43251.44
43251.44
43251.44
43251.44
43251.44
43251.44
43251.44
43251.44
43251.44
43251.44
43251.44
43251.44
43251.44
43251.44
43251.44
43251.44
43251.44
43251.44
43251.44
43251.44
43251.44
43251.44
43251.44
43251.44
43251.44
43030.76
43030.76
43030.76
43030.76
43030.76
43030.76
43030.76
43030.76
43030.76
43030.76
43030.76
43030.76
43030.76
43030.76
43030.76
43030.76
43030.76
43030.76
43030.76
43030.76
43030.76
43030.76
43030.76
43030.76
43030.76
43030.76
43030.76
43030.76
43030.76
43030.76
43030.76
43030.76
43030.76
43030.76
43030.76
43030.76
43030.76
43030.76
43030.76
43030.76
43030.76
43030.76
42810.09
42810.09
42810.09
42810.09
42810.09
42810.09
42810.09
42810.09
42810.09
42810.09
42810.09
42810.09
42810.09
42810.09
42810.09
42810.09
42810.09
42810.09
42810.09
42810.09
42810.09
42810.09
42810.09
42810.09
42810.09
42810.09
42810.09
42810.09
42810.09
42810.09
42810.09
42810.09
42810.09
42810.09
42810.09
42810.09
42810.09
42810.09
42810.09
42810.09
42810.09
42589.42
42589.42
42589.42
42589.42
42589.42
42589.42
42589.42
42589.42
42589.42
42589.42
42589.42
42589.42
42589.42
42589.42
42589.42
42589.42
42589.42
42589.42
42589.42
42589.42
42589.42
42589.42
42589.42
42589.42
42589.42
42589.42
42589.42
42589.42
42589.42
42589.42
42589.42
42589.42
42589.42
42589.42
42589.42
42589.42
42589.42
42589.42
42589.42
42589.42
42589.42
42589.42
42368.75
42368.75
42368.75
42368.75
42368.75
42368.75
42368.75
42368.75
42368.75
42368.75
42368.75
42368.75
42368.75
42368.75
42368.75
42368.75
42368.75
42368.75
42368.75
42368.75
42368.75
42368.75
42368.75
42368.75
42368.75
42368.75
42368.75
42368.75
42368.75
42368.75
42368.75
42368.75
42368.75
42368.75
42368.75
42368.75
42368.75
42368.75
42368.75
42368.75
42368.75
42368.75
42368.75
42148.08
42148.08
42148.08
42148.08
42148.08
42148.08
42148.08
42148.08
42148.08
42148.08
42148.08
42148.08
42148.08
42148.08
42148.08
42148.08
42148.08
42148.08
42148.08
42148.08
42148.08
42148.08
42148.08
42148.08
42148.08
42148.08
42148.08
42148.08
42148.08
42148.08
42148.08
42148.08
42148.08
42148.08
42148.08
42148.08
42148.08
42148.08
42148.08
42148.08
42148.08
42148.08
41927.41
41927.41
41927.41
41927.41
41927.41
41927.41
41927.41
41927.41
41927.41
41927.41
41927.41
41927.41
41927.41
41927.41
41927.41
41927.41
41927.41
41927.41
41927.41
41927.41
41927.41
41927.41
41927.41
41927.41
41927.41
41927.41
41927.41
41927.41
41927.41
41927.41
41927.41
41927.41
41927.41
41927.41
41927.41
41927.41
41927.41
41927.41
41927.41
41927.41
41927.41
41927.41
41927.41
41706.74
41706.74
41706.74
41706.74
41706.74
41706.74
41706.74
41706.74
41706.74
41706.74
41706.74
41706.74
41706.74
41706.74
41706.74
41706.74
41706.74
41706.74
41706.74
41706.74
41706.74
41706.74
41706.74
41706.74
41706.74
41706.74
41706.74
41706.74
41706.74
41706.74
41706.74
41706.74
41706.74
41706.74
41706.74
41706.74
41706.74
41706.74
41706.74
41706.74
41706.74
41706.74
41706.74
41486.07
41486.07
41486.07
41486.07
41486.07
41486.07
41486.07
41486.07
41486.07
41486.07
41486.07
41486.07
41486.07
41486.07
41486.07
41486.07
41486.07
41486.07
41486.07
41486.07
41486.07
41486.07
41486.07
41486.07
41486.07
41486.07
41486.07
41486.07
41486.07
41486.07
41486.07
41486.07
41486.07
41486.07
41486.07
41486.07
41486.07
41486.07
41486.07
41486.07
41486.07
41486.07
41486.07
41265.40
41265.40
41265.40
41265.40
41265.40
41265.40
41265.40
41265.40
41265.40
41265.40
41265.40
41265.40
41265.40
41265.40
41265.40
41265.40
41265.40
41265.40
41265.40
41265.40
41265.40
41265.40
41265.40
41265.40
41265.40
41265.40
41265.40
41265.40
41265.40
41265.40
41265.40
41265.40
41265.40
41265.40
41265.40
41265.40
41265.40
41265.40
41265.40
41265.40
41265.40
41265.40
41265.40
41044.73
41044.73
41044.73
41044.73
41044.73
41044.73
41044.73
41044.73
41044.73
41044.73
41044.73
41044.73
41044.73
41044.73
41044.73
41044.73
41044.73
41044.73
41044.73
41044.73
41044.73
41044.73
41044.73
41044.73
41044.73
41044.73
41044.73
41044.73
41044.73
41044.73
41044.73
41044.73
41044.73
41044.73
41044.73
41044.73
41044.73
41044.73
41044.73
41044.73
41044.73
41044.73
41044.73
41044.73
40824.06
40824.06
40824.06
40824.06
40824.06
40824.06
40824.06
40824.06
40824.06
40824.06
40824.06
40824.06
40824.06
40824.06
40824.06
40824.06
40824.06
40824.06
40824.06
40824.06
40824.06
40824.06
40824.06
40824.06
40824.06
40824.06
40824.06
40824.06
40824.06
40824.06
40824.06
40824.06
40824.06
40824.06
40824.06
40824.06
40824.06
40824.06
40824.06
40824.06
40824.06
40824.06
40824.06
40824.06
40603.39
40603.39
40603.39
40603.39
40603.39
40603.39
40603.39
40603.39
40603.39
40603.39
40603.39
40603.39
40603.39
40603.39
40603.39
40603.39
40603.39
40603.39
40603.39
40603.39
40603.39
40603.39
40603.39
40603.39
40603.39
40603.39
40603.39
40603.39
40603.39
40603.39
40603.39
40603.39
40603.39
40603.39
40603.39
40603.39
40603.39
40603.39
40603.39
40603.39
40603.39
40603.39
40603.39
40603.39
40382.72
40382.72
40382.72
40382.72
40382.72
40382.72
40382.72
40382.72
40382.72
40382.72
40382.72
40382.72
40382.72
40382.72
40382.72
40382.72
40382.72
40382.72
40382.72
40382.72
40382.72
40382.72
40382.72
40382.72
40382.72
40382.72
40382.72
40382.72
40382.72
40382.72
40382.72
40382.72
40382.72
40382.72
40382.72
40382.72
40382.72
40382.72
40382.72
40382.72
40382.72
40382.72
40382.72
40382.72
40162.05
40162.05
40162.05
40162.05
40162.05
40162.05
40162.05
40162.05
40162.05
40162.05
40162.05
40162.05
40162.05
40162.05
40162.05
40162.05
40162.05
40162.05
40162.05
40162.05
40162.05
40162.05
40162.05
40162.05
40162.05
40162.05
40162.05
40162.05
40162.05
40162.05
40162.05
40162.05
40162.05
40162.05
40162.05
40162.05
40162.05
40162.05
40162.05
40162.05
40162.05
40162.05
40162.05
40162.05
40162.05
39941.38
39941.38
39941.38
39941.38
39941.38
39941.38
39941.38
39941.38
39941.38
39941.38
39941.38
39941.38
39941.38
39941.38
39941.38
39941.38
39941.38
39941.38
39941.38
39941.38
39941.38
39941.38
39941.38
39941.38
39941.38
39941.38
39941.38
39941.38
39941.38
39941.38
39941.38
39941.38
39941.38
39941.38
39941.38
39941.38
39941.38
39941.38
39941.38
39941.38
39941.38
39941.38
39941.38
39941.38
39941.38
39720.71
39720.71
39720.71
39720.71
39720.71
39720.71
39720.71
39720.71
39720.71
39720.71
39720.71
39720.71
39720.71
39720.71
39720.71
39720.71
39720.71
39720.71
39720.71
39720.71
39720.71
39720.71
39720.71
39720.71
39720.71
39720.71
39720.71
39720.71
39720.71
39720.71
39720.71
39720.71
39720.71
39720.71
39720.71
39720.71
39720.71
39720.71
39720.71
39720.71
39720.71
39720.71
39720.71
39720.71
39720.71
39500.04
39500.04
39500.04
39500.04
39500.04
39500.04
39500.04
39500.04
39500.04
39500.04
39500.04
39500.04
39500.04
39500.04
39500.04
39500.04
39500.04
39500.04
39500.04
39500.04
39500.04
39500.04
39500.04
39500.04
39500.04
39500.04
39500.04
39500.04
39500.04
39500.04
39500.04
39500.04
39500.04
39500.04
39500.04
39500.04
39500.04
39500.04
39500.04
39500.04
39500.04
39500.04
39500.04
39500.04
39500.04
39279.36
39279.36
39279.36
39279.36
39279.36
39279.36
39279.36
39279.36
39279.36
39279.36
39279.36
39279.36
39279.36
39279.36
39279.36
39279.36
39279.36
39279.36
39279.36
39279.36
39279.36
39279.36
39279.36
39279.36
39279.36
39279.36
39279.36
39279.36
39279.36
39279.36
39279.36
39279.36
39279.36
39279.36
39279.36
39279.36
39279.36
39279.36
39279.36
39279.36
39279.36
39279.36
39279.36
39279.36
39279.36
39279.36
39058.69
39058.69
39058.69
39058.69
39058.69
39058.69
39058.69
39058.69
39058.69
39058.69
39058.69
39058.69
39058.69
39058.69
39058.69
39058.69
39058.69
39058.69
39058.69
39058.69
39058.69
39058.69
39058.69
39058.69
39058.69
39058.69
39058.69
39058.69
39058.69
39058.69
39058.69
39058.69
39058.69
39058.69
39058.69
39058.69
39058.69
39058.69
39058.69
39058.69
39058.69
39058.69
39058.69
39058.69
39058.69
38838.02
38838.02
38838.02
38838.02
38838.02
38838.02
38838.02
38838.02
38838.02
38838.02
38838.02
38838.02
38838.02
38838.02
38838.02
38838.02
38838.02
38838.02
38838.02
38838.02
38838.02
38838.02
38838.02
38838.02
38838.02
38838.02
38838.02
38838.02
38838.02
38838.02
38838.02
38838.02
38838.02
38838.02
38838.02
38838.02
38838.02
38838.02
38838.02
38838.02
38838.02
38838.02
38838.02
38838.02
38838.02
38838.02
38838.02
38617.35
38617.35
38617.35
38617.35
38617.35
38617.35
38617.35
38617.35
38617.35
38617.35
38617.35
38617.35
38617.35
38617.35
38617.35
38617.35
38617.35
38617.35
38617.35
38617.35
38617.35
38617.35
38617.35
38617.35
38617.35
38617.35
38617.35
38617.35
38617.35
38617.35
38617.35
38617.35
38617.35
38617.35
38617.35
38617.35
38617.35
38617.35
38617.35
38617.35
38617.35
38617.35
38617.35
38617.35
38617.35
38617.35
38396.68
38396.68
38396.68
38396.68
38396.68
38396.68
38396.68
38396.68
38396.68
38396.68
38396.68
38396.68
38396.68
38396.68
38396.68
38396.68
38396.68
38396.68
38396.68
38396.68
38396.68
38396.68
38396.68
38396.68
38396.68
38396.68
38396.68
38396.68
38396.68
38396.68
38396.68
38396.68
38396.68
38396.68
38396.68
38396.68
38396.68
38396.68
38396.68
38396.68
38396.68
38396.68
38396.68
38396.68
38396.68
38396.68
38396.68
38176.01
38176.01
38176.01
38176.01
38176.01
38176.01
38176.01
38176.01
38176.01
38176.01
38176.01
38176.01
38176.01
38176.01
38176.01
38176.01
38176.01
38176.01
38176.01
38176.01
38176.01
38176.01
38176.01
38176.01
38176.01
38176.01
38176.01
38176.01
38176.01
38176.01
38176.01
38176.01
38176.01
38176.01
38176.01
38176.01
38176.01
38176.01
38176.01
38176.01
38176.01
38176.01
38176.01
38176.01
38176.01
38176.01
38176.01
37955.34
37955.34
37955.34
37955.34
37955.34
37955.34
37955.34
37955.34
37955.34
37955.34
37955.34
37955.34
37955.34
37955.34
37955.34
37955.34
37955.34
37955.34
37955.34
37955.34
37955.34
37955.34
37955.34
37955.34
37955.34
37955.34
37955.34
37955.34
37955.34
37955.34
37955.34
37955.34
37955.34
37955.34
37955.34
37955.34
37955.34
37955.34
37955.34
37955.34
37955.34
37955.34
37955.34
37955.34
37955.34
37955.34
37955.34
37734.67
37734.67
37734.67
37734.67
37734.67
37734.67
37734.67
37734.67
37734.67
37734.67
37734.67
37734.67
37734.67
37734.67
37734.67
37734.67
37734.67
37734.67
37734.67
37734.67
37734.67
37734.67
37734.67
37734.67
37734.67
37734.67
37734.67
37734.67
37734.67
37734.67
37734.67
37734.67
37734.67
37734.67
37734.67
37734.67
37734.67
37734.67
37734.67
37734.67
37734.67
37734.67
37734.67
37734.67
37734.67
37734.67
37734.67
37514.00
37514.00
37514.00
37514.00
37514.00
37514.00
37514.00
37514.00
37514.00
37514.00
37514.00
37514.00
37514.00
37514.00
37514.00
37514.00
37514.00
37514.00
37514.00
37514.00
37514.00
37514.00
37514.00
37514.00
37514.00
37514.00
37514.00
37514.00
37514.00
37514.00
37514.00
37514.00
37514.00
37514.00
37514.00
37514.00
37514.00
37514.00
37514.00
37514.00
37514.00
37514.00
37514.00
37514.00
37514.00
37514.00
37514.00
37514.00
37293.33
37293.33
37293.33
37293.33
37293.33
37293.33
37293.33
37293.33
37293.33
37293.33
37293.33
37293.33
37293.33
37293.33
37293.33
37293.33
37293.33
37293.33
37293.33
37293.33
37293.33
37293.33
37293.33
37293.33
37293.33
37293.33
37293.33
37293.33
37293.33
37293.33
37293.33
37293.33
37293.33
37293.33
37293.33
37293.33
37293.33
37293.33
37293.33
37293.33
37293.33
37293.33
37293.33
37293.33
37293.33
37293.33
37293.33
37293.33
37072.66
37072.66
37072.66
37072.66
37072.66
37072.66
37072.66
37072.66
37072.66
37072.66
37072.66
37072.66
37072.66
37072.66
37072.66
37072.66
37072.66
37072.66
37072.66
37072.66
37072.66
37072.66
37072.66
37072.66
37072.66
37072.66
37072.66
37072.66
37072.66
37072.66
37072.66
37072.66
37072.66
37072.66
37072.66
37072.66
37072.66
37072.66
37072.66
37072.66
37072.66
37072.66
37072.66
37072.66
37072.66
37072.66
37072.66
37072.66
36851.99
36851.99
36851.99
36851.99
36851.99
36851.99
36851.99
36851.99
36851.99
36851.99
36851.99
36851.99
36851.99
36851.99
36851.99
36851.99
36851.99
36851.99
36851.99
36851.99
36851.99
36851.99
36851.99
36851.99
36851.99
36851.99
36851.99
36851.99
36851.99
36851.99
36851.99
36851.99
36851.99
36851.99
36851.99
36851.99
36851.99
36851.99
36851.99
36851.99
36851.99
36851.99
36851.99
36851.99
36851.99
36851.99
36851.99
36851.99
36851.99
36631.32
36631.32
36631.32
36631.32
36631.32
36631.32
36631.32
36631.32
36631.32
36631.32
36631.32
36631.32
36631.32
36631.32
36631.32
36631.32
36631.32
36631.32
36631.32
36631.32
36631.32
36631.32
36631.32
36631.32
36631.32
36631.32
36631.32
36631.32
36631.32
36631.32
36631.32
36631.32
36631.32
36631.32
36631.32
36631.32
36631.32
36631.32
36631.32
36631.32
36631.32
36631.32
36631.32
36631.32
36631.32
36631.32
36631.32
36631.32
36631.32
36410.65
36410.65
36410.65
36410.65
36410.65
36410.65
36410.65
36410.65
36410.65
36410.65
36410.65
36410.65
36410.65
36410.65
36410.65
36410.65
36410.65
36410.65
36410.65
36410.65
36410.65
36410.65
36410.65
36410.65
36410.65
36410.65
36410.65
36410.65
36410.65
36410.65
36410.65
36410.65
36410.65
36410.65
36410.65
36410.65
36410.65
36410.65
36410.65
36410.65
36410.65
36410.65
36410.65
36410.65
36410.65
36410.65
36410.65
36410.65
36410.65
36189.98
36189.98
36189.98
36189.98
36189.98
36189.98
36189.98
36189.98
36189.98
36189.98
36189.98
36189.98
36189.98
36189.98
36189.98
36189.98
36189.98
36189.98
36189.98
36189.98
36189.98
36189.98
36189.98
36189.98
36189.98
36189.98
36189.98
36189.98
36189.98
36189.98
36189.98
36189.98
36189.98
36189.98
36189.98
36189.98
36189.98
36189.98
36189.98
36189.98
36189.98
36189.98
36189.98
36189.98
36189.98
36189.98
36189.98
36189.98
36189.98
35969.31
35969.31
35969.31
35969.31
35969.31
35969.31
35969.31
35969.31
35969.31
35969.31
35969.31
35969.31
35969.31
35969.31
35969.31
35969.31
35969.31
35969.31
35969.31
35969.31
35969.31
35969.31
35969.31
35969.31
35969.31
35969.31
35969.31
35969.31
35969.31
35969.31
35969.31
35969.31
35969.31
35969.31
35969.31
35969.31
35969.31
35969.31
35969.31
35969.31
35969.31
35969.31
35969.31
35969.31
35969.31
35969.31
35969.31
35969.31
35969.31
35969.31
35748.64
35748.64
35748.64
35748.64
35748.64
35748.64
35748.64
35748.64
35748.64
35748.64
35748.64
35748.64
35748.64
35748.64
35748.64
35748.64
35748.64
35748.64
35748.64
35748.64
35748.64
35748.64
35748.64
35748.64
35748.64
35748.64
35748.64
35748.64
35748.64
35748.64
35748.64
35748.64
35748.64
35748.64
35748.64
35748.64
35748.64
35748.64
35748.64
35748.64
35748.64
35748.64
35748.64
35748.64
35748.64
35748.64
35748.64
35748.64
35748.64
35748.64
35527.96
35527.96
35527.96
35527.96
35527.96
35527.96
35527.96
35527.96
35527.96
35527.96
35527.96
35527.96
35527.96
35527.96
35527.96
35527.96
35527.96
35527.96
35527.96
35527.96
35527.96
35527.96
35527.96
35527.96
35527.96
35527.96
35527.96
35527.96
35527.96
35527.96
35527.96
35527.96
35527.96
35527.96
35527.96
35527.96
35527.96
35527.96
35527.96
35527.96
35527.96
35527.96
35527.96
35527.96
35527.96
35527.96
35527.96
35527.96
35527.96
35527.96
35527.96
35307.29
35307.29
35307.29
35307.29
35307.29
35307.29
35307.29
35307.29
35307.29
35307.29
35307.29
35307.29
35307.29
35307.29
35307.29
35307.29
35307.29
35307.29
35307.29
35307.29
35307.29
35307.29
35307.29
35307.29
35307.29
35307.29
35307.29
35307.29
35307.29
35307.29
35307.29
35307.29
35307.29
35307.29
35307.29
35307.29
35307.29
35307.29
35307.29
35307.29
35307.29
35307.29
35307.29
35307.29
35307.29
35307.29
35307.29
35307.29
35307.29
35307.29
35086.62
35086.62
35086.62
35086.62
35086.62
35086.62
35086.62
35086.62
35086.62
35086.62
35086.62
35086.62
35086.62
35086.62
35086.62
35086.62
35086.62
35086.62
35086.62
35086.62
35086.62
35086.62
35086.62
35086.62
35086.62
35086.62
35086.62
35086.62
35086.62
35086.62
35086.62
35086.62
35086.62
35086.62
35086.62
35086.62
35086.62
35086.62
35086.62
35086.62
35086.62
35086.62
35086.62
35086.62
35086.62
35086.62
35086.62
35086.62
35086.62
35086.62
35086.62
35086.62
34865.95
34865.95
34865.95
34865.95
34865.95
34865.95
34865.95
34865.95
34865.95
34865.95
34865.95
34865.95
34865.95
34865.95
34865.95
34865.95
34865.95
34865.95
34865.95
34865.95
34865.95
34865.95
34865.95
34865.95
34865.95
34865.95
34865.95
34865.95
34865.95
34865.95
34865.95
34865.95
34865.95
34865.95
34865.95
34865.95
34865.95
34865.95
34865.95
34865.95
34865.95
34865.95
34865.95
34865.95
34865.95
34865.95
34865.95
34865.95
34865.95
34865.95
34865.95
34645.28
34645.28
34645.28
34645.28
34645.28
34645.28
34645.28
34645.28
34645.28
34645.28
34645.28
34645.28
34645.28
34645.28
34645.28
34645.28
34645.28
34645.28
34645.28
34645.28
34645.28
34645.28
34645.28
34645.28
34645.28
34645.28
34645.28
34645.28
34645.28
34645.28
34645.28
34645.28
34645.28
34645.28
34645.28
34645.28
34645.28
34645.28
34645.28
34645.28
34645.28
34645.28
34645.28
34645.28
34645.28
34645.28
34645.28
34645.28
34645.28
34645.28
34645.28
34645.28
34424.61
34424.61
34424.61
34424.61
34424.61
34424.61
34424.61
34424.61
34424.61
34424.61
34424.61
34424.61
34424.61
34424.61
34424.61
34424.61
34424.61
34424.61
34424.61
34424.61
34424.61
34424.61
34424.61
34424.61
34424.61
34424.61
34424.61
34424.61
34424.61
34424.61
34424.61
34424.61
34424.61
34424.61
34424.61
34424.61
34424.61
34424.61
34424.61
34424.61
34424.61
34424.61
34424.61
34424.61
34424.61
34424.61
34424.61
34424.61
34424.61
34424.61
34424.61
34424.61
34203.94
34203.94
34203.94
34203.94
34203.94
34203.94
34203.94
34203.94
34203.94
34203.94
34203.94
34203.94
34203.94
34203.94
34203.94
34203.94
34203.94
34203.94
34203.94
34203.94
34203.94
34203.94
34203.94
34203.94
34203.94
34203.94
34203.94
34203.94
34203.94
34203.94
34203.94
34203.94
34203.94
34203.94
34203.94
34203.94
34203.94
34203.94
34203.94
34203.94
34203.94
34203.94
34203.94
34203.94
34203.94
34203.94
34203.94
34203.94
34203.94
34203.94
34203.94
34203.94
33983.27
33983.27
33983.27
33983.27
33983.27
33983.27
33983.27
33983.27
33983.27
33983.27
33983.27
33983.27
33983.27
33983.27
33983.27
33983.27
33983.27
33983.27
33983.27
33983.27
33983.27
33983.27
33983.27
33983.27
33983.27
33983.27
33983.27
33983.27
33983.27
33983.27
33983.27
33983.27
33983.27
33983.27
33983.27
33983.27
33983.27
33983.27
33983.27
33983.27
33983.27
33983.27
33983.27
33983.27
33983.27
33983.27
33983.27
33983.27
33983.27
33983.27
33983.27
33983.27
33983.27
33762.60
33762.60
33762.60
33762.60
33762.60
33762.60
33762.60
33762.60
33762.60
33762.60
33762.60
33762.60
33762.60
33762.60
33762.60
33762.60
33762.60
33762.60
33762.60
33762.60
33762.60
33762.60
33762.60
33762.60
33762.60
33762.60
33762.60
33762.60
33762.60
33762.60
33762.60
33762.60
33762.60
33762.60
33762.60
33762.60
33762.60
33762.60
33762.60
33762.60
33762.60
33762.60
33762.60
33762.60
33762.60
33762.60
33762.60
33762.60
33762.60
33762.60
33762.60
33762.60
33762.60
33541.93
33541.93
33541.93
33541.93
33541.93
33541.93
33541.93
33541.93
33541.93
33541.93
33541.93
33541.93
33541.93
33541.93
33541.93
33541.93
33541.93
33541.93
33541.93
33541.93
33541.93
33541.93
33541.93
33541.93
33541.93
33541.93
33541.93
33541.93
33541.93
33541.93
33541.93
33541.93
33541.93
33541.93
33541.93
33541.93
33541.93
33541.93
33541.93
33541.93
33541.93
33541.93
33541.93
33541.93
33541.93
33541.93
33541.93
33541.93
33541.93
33541.93
33541.93
33541.93
33541.93
33321.26
33321.26
33321.26
33321.26
33321.26
33321.26
33321.26
33321.26
33321.26
33321.26
33321.26
33321.26
33321.26
33321.26
33321.26
33321.26
33321.26
33321.26
33321.26
33321.26
33321.26
33321.26
33321.26
33321.26
33321.26
33321.26
33321.26
33321.26
33321.26
33321.26
33321.26
33321.26
33321.26
33321.26
33321.26
33321.26
33321.26
33321.26
33321.26
33321.26
33321.26
33321.26
33321.26
33321.26
33321.26
33321.26
33321.26
33321.26
33321.26
33321.26
33321.26
33321.26
33321.26
33321.26
33100.59
33100.59
33100.59
33100.59
33100.59
33100.59
33100.59
33100.59
33100.59
33100.59
33100.59
33100.59
33100.59
33100.59
33100.59
33100.59
33100.59
33100.59
33100.59
33100.59
33100.59
33100.59
33100.59
33100.59
33100.59
33100.59
33100.59
33100.59
33100.59
33100.59
33100.59
33100.59
33100.59
33100.59
33100.59
33100.59
33100.59
33100.59
33100.59
33100.59
33100.59
33100.59
33100.59
33100.59
33100.59
33100.59
33100.59
33100.59
33100.59
33100.59
33100.59
33100.59
33100.59
33100.59
32879.92
32879.92
32879.92
32879.92
32879.92
32879.92
32879.92
32879.92
32879.92
32879.92
32879.92
32879.92
32879.92
32879.92
32879.92
32879.92
32879.92
32879.92
32879.92
32879.92
32879.92
32879.92
32879.92
32879.92
32879.92
32879.92
32879.92
32879.92
32879.92
32879.92
32879.92
32879.92
32879.92
32879.92
32879.92
32879.92
32879.92
32879.92
32879.92
32879.92
32879.92
32879.92
32879.92
32879.92
32879.92
32879.92
32879.92
32879.92
32879.92
32879.92
32879.92
32879.92
32879.92
32879.92
32659.25
32659.25
32659.25
32659.25
32659.25
32659.25
32659.25
32659.25
32659.25
32659.25
32659.25
32659.25
32659.25
32659.25
32659.25
32659.25
32659.25
32659.25
32659.25
32659.25
32659.25
32659.25
32659.25
32659.25
32659.25
32659.25
32659.25
32659.25
32659.25
32659.25
32659.25
32659.25
32659.25
32659.25
32659.25
32659.25
32659.25
32659.25
32659.25
32659.25
32659.25
32659.25
32659.25
32659.25
32659.25
32659.25
32659.25
32659.25
32659.25
32659.25
32659.25
32659.25
32659.25
32659.25
32659.25
32438.58
32438.58
32438.58
32438.58
32438.58
32438.58
32438.58
32438.58
32438.58
32438.58
32438.58
32438.58
32438.58
32438.58
32438.58
32438.58
32438.58
32438.58
32438.58
32438.58
32438.58
32438.58
32438.58
32438.58
32438.58
32438.58
32438.58
32438.58
32438.58
32438.58
32438.58
32438.58
32438.58
32438.58
32438.58
32438.58
32438.58
32438.58
32438.58
32438.58
32438.58
32438.58
32438.58
32438.58
32438.58
32438.58
32438.58
32438.58
32438.58
32438.58
32438.58
32438.58
32438.58
32438.58
32438.58
32217.91
32217.91
32217.91
32217.91
32217.91
32217.91
32217.91
32217.91
32217.91
32217.91
32217.91
32217.91
32217.91
32217.91
32217.91
32217.91
32217.91
32217.91
32217.91
32217.91
32217.91
32217.91
32217.91
32217.91
32217.91
32217.91
32217.91
32217.91
32217.91
32217.91
32217.91
32217.91
32217.91
32217.91
32217.91
32217.91
32217.91
32217.91
32217.91
32217.91
32217.91
32217.91
32217.91
32217.91
32217.91
32217.91
32217.91
32217.91
32217.91
32217.91
32217.91
32217.91
32217.91
32217.91
32217.91
32217.91
31997.24
31997.24
31997.24
31997.24
31997.24
31997.24
31997.24
31997.24
31997.24
31997.24
31997.24
31997.24
31997.24
31997.24
31997.24
31997.24
31997.24
31997.24
31997.24
31997.24
31997.24
31997.24
31997.24
31997.24
31997.24
31997.24
31997.24
31997.24
31997.24
31997.24
31997.24
31997.24
31997.24
31997.24
31997.24
31997.24
31997.24
31997.24
31997.24
31997.24
31997.24
31997.24
31997.24
31997.24
31997.24
31997.24
31997.24
31997.24
31997.24
31997.24
31997.24
31997.24
31997.24
31997.24
31997.24
31997.24
31776.56
31776.56
31776.56
31776.56
31776.56
31776.56
31776.56
31776.56
31776.56
31776.56
31776.56
31776.56
31776.56
31776.56
31776.56
31776.56
31776.56
31776.56
31776.56
31776.56
31776.56
31776.56
31776.56
31776.56
31776.56
31776.56
31776.56
31776.56
31776.56
31776.56
31776.56
31776.56
31776.56
31776.56
31776.56
31776.56
31776.56
31776.56
31776.56
31776.56
31776.56
31776.56
31776.56
31776.56
31776.56
31776.56
31776.56
31776.56
31776.56
31776.56
31776.56
31776.56
31776.56
31776.56
31776.56
31776.56
31555.89
31555.89
31555.89
31555.89
31555.89
31555.89
31555.89
31555.89
31555.89
31555.89
31555.89
31555.89
31555.89
31555.89
31555.89
31555.89
31555.89
31555.89
31555.89
31555.89
31555.89
31555.89
31555.89
31555.89
31555.89
31555.89
31555.89
31555.89
31555.89
31555.89
31555.89
31555.89
31555.89
31555.89
31555.89
31555.89
31555.89
31555.89
31555.89
31555.89
31555.89
31555.89
31555.89
31555.89
31555.89
31555.89
31555.89
31555.89
31555.89
31555.89
31555.89
31555.89
31555.89
31555.89
31555.89
31555.89
31555.89
31335.22
31335.22
31335.22
31335.22
31335.22
31335.22
31335.22
31335.22
31335.22
31335.22
31335.22
31335.22
31335.22
31335.22
31335.22
31335.22
31335.22
31335.22
31335.22
31335.22
31335.22
31335.22
31335.22
31335.22
31335.22
31335.22
31335.22
31335.22
31335.22
31335.22
31335.22
31335.22
31335.22
31335.22
31335.22
31335.22
31335.22
31335.22
31335.22
31335.22
31335.22
31335.22
31335.22
31335.22
31335.22
31335.22
31335.22
31335.22
31335.22
31335.22
31335.22
31335.22
31335.22
31335.22
31335.22
31335.22
31335.22
31114.55
31114.55
31114.55
31114.55
31114.55
31114.55
31114.55
31114.55
31114.55
31114.55
31114.55
31114.55
31114.55
31114.55
31114.55
31114.55
31114.55
31114.55
31114.55
31114.55
31114.55
31114.55
31114.55
31114.55
31114.55
31114.55
31114.55
31114.55
31114.55
31114.55
31114.55
31114.55
31114.55
31114.55
31114.55
31114.55
31114.55
31114.55
31114.55
31114.55
31114.55
31114.55
31114.55
31114.55
31114.55
31114.55
31114.55
31114.55
31114.55
31114.55
31114.55
31114.55
31114.55
31114.55
31114.55
31114.55
31114.55
31114.55
30893.88
30893.88
30893.88
30893.88
30893.88
30893.88
30893.88
30893.88
30893.88
30893.88
30893.88
30893.88
30893.88
30893.88
30893.88
30893.88
30893.88
30893.88
30893.88
30893.88
30893.88
30893.88
30893.88
30893.88
30893.88
30893.88
30893.88
30893.88
30893.88
30893.88
30893.88
30893.88
30893.88
30893.88
30893.88
30893.88
30893.88
30893.88
30893.88
30893.88
30893.88
30893.88
30893.88
30893.88
30893.88
30893.88
30893.88
30893.88
30893.88
30893.88
30893.88
30893.88
30893.88
30893.88
30893.88
30893.88
30893.88
30893.88
30673.21
30673.21
30673.21
30673.21
30673.21
30673.21
30673.21
30673.21
30673.21
30673.21
30673.21
30673.21
30673.21
30673.21
30673.21
30673.21
30673.21
30673.21
30673.21
30673.21
30673.21
30673.21
30673.21
30673.21
30673.21
30673.21
30673.21
30673.21
30673.21
30673.21
30673.21
30673.21
30673.21
30673.21
30673.21
30673.21
30673.21
30673.21
30673.21
30673.21
30673.21
30673.21
30673.21
30673.21
30673.21
30673.21
30673.21
30673.21
30673.21
30673.21
30673.21
30673.21
30673.21
30673.21
30673.21
30673.21
30673.21
30673.21
30452.54
30452.54
30452.54
30452.54
30452.54
30452.54
30452.54
30452.54
30452.54
30452.54
30452.54
30452.54
30452.54
30452.54
30452.54
30452.54
30452.54
30452.54
30452.54
30452.54
30452.54
30452.54
30452.54
30452.54
30452.54
30452.54
30452.54
30452.54
30452.54
30452.54
30452.54
30452.54
30452.54
30452.54
30452.54
30452.54
30452.54
30452.54
30452.54
30452.54
30452.54
30452.54
30452.54
30452.54
30452.54
30452.54
30452.54
30452.54
30452.54
30452.54
30452.54
30452.54
30452.54
30452.54
30452.54
30452.54
30452.54
30452.54
30452.54
30231.87
30231.87
30231.87
30231.87
30231.87
30231.87
30231.87
30231.87
30231.87
30231.87
30231.87
30231.87
30231.87
30231.87
30231.87
30231.87
30231.87
30231.87
30231.87
30231.87
30231.87
30231.87
30231.87
30231.87
30231.87
30231.87
30231.87
30231.87
30231.87
30231.87
30231.87
30231.87
30231.87
30231.87
30231.87
30231.87
30231.87
30231.87
30231.87
30231.87
30231.87
30231.87
30231.87
30231.87
30231.87
30231.87
30231.87
30231.87
30231.87
30231.87
30231.87
30231.87
30231.87
30231.87
30231.87
30231.87
30231.87
30231.87
30231.87
30011.20
30011.20
30011.20
30011.20
30011.20
30011.20
30011.20
30011.20
30011.20
30011.20
30011.20
30011.20
30011.20
30011.20
30011.20
30011.20
30011.20
30011.20
30011.20
30011.20
30011.20
30011.20
30011.20
30011.20
30011.20
30011.20
30011.20
30011.20
30011.20
30011.20
30011.20
30011.20
30011.20
30011.20
30011.20
30011.20
30011.20
30011.20
30011.20
30011.20
30011.20
30011.20
30011.20
30011.20
30011.20
30011.20
30011.20
30011.20
30011.20
30011.20
30011.20
30011.20
30011.20
30011.20
30011.20
30011.20
30011.20
30011.20
30011.20
30011.20
29790.53
29790.53
29790.53
29790.53
29790.53
29790.53
29790.53
29790.53
29790.53
29790.53
29790.53
29790.53
29790.53
29790.53
29790.53
29790.53
29790.53
29790.53
29790.53
29790.53
29790.53
29790.53
29790.53
29790.53
29790.53
29790.53
29790.53
29790.53
29790.53
29790.53
29790.53
29790.53
29790.53
29790.53
29790.53
29790.53
29790.53
29790.53
29790.53
29790.53
29790.53
29790.53
29790.53
29790.53
29790.53
29790.53
29790.53
29790.53
29790.53
29790.53
29790.53
29790.53
29790.53
29790.53
29790.53
29790.53
29790.53
29790.53
29790.53
29790.53
29569.86
29569.86
29569.86
29569.86
29569.86
29569.86
29569.86
29569.86
29569.86
29569.86
29569.86
29569.86
29569.86
29569.86
29569.86
29569.86
29569.86
29569.86
29569.86
29569.86
29569.86
29569.86
29569.86
29569.86
29569.86
29569.86
29569.86
29569.86
29569.86
29569.86
29569.86
29569.86
29569.86
29569.86
29569.86
29569.86
29569.86
29569.86
29569.86
29569.86
29569.86
29569.86
29569.86
29569.86
29569.86
29569.86
29569.86
29569.86
29569.86
29569.86
29569.86
29569.86
29569.86
29569.86
29569.86
29569.86
29569.86
29569.86
29569.86
29569.86
29569.86
29349.19
29349.19
29349.19
29349.19
29349.19
29349.19
29349.19
29349.19
29349.19
29349.19
29349.19
29349.19
29349.19
29349.19
29349.19
29349.19
29349.19
29349.19
29349.19
29349.19
29349.19
29349.19
29349.19
29349.19
29349.19
29349.19
29349.19
29349.19
29349.19
29349.19
29349.19
29349.19
29349.19
29349.19
29349.19
29349.19
29349.19
29349.19
29349.19
29349.19
29349.19
29349.19
29349.19
29349.19
29349.19
29349.19
29349.19
29349.19
29349.19
29349.19
29349.19
29349.19
29349.19
29349.19
29349.19
29349.19
29349.19
29349.19
29349.19
29349.19
29349.19
29128.52
29128.52
29128.52
29128.52
29128.52
29128.52
29128.52
29128.52
29128.52
29128.52
29128.52
29128.52
29128.52
29128.52
29128.52
29128.52
29128.52
29128.52
29128.52
29128.52
29128.52
29128.52
29128.52
29128.52
29128.52
29128.52
29128.52
29128.52
29128.52
29128.52
29128.52
29128.52
29128.52
29128.52
29128.52
29128.52
29128.52
29128.52
29128.52
29128.52
29128.52
29128.52
29128.52
29128.52
29128.52
29128.52
29128.52
29128.52
29128.52
29128.52
29128.52
29128.52
29128.52
29128.52
29128.52
29128.52
29128.52
29128.52
29128.52
29128.52
29128.52
28907.85
28907.85
28907.85
28907.85
28907.85
28907.85
28907.85
28907.85
28907.85
28907.85
28907.85
28907.85
28907.85
28907.85
28907.85
28907.85
28907.85
28907.85
28907.85
28907.85
28907.85
28907.85
28907.85
28907.85
28907.85
28907.85
28907.85
28907.85
28907.85
28907.85
28907.85
28907.85
28907.85
28907.85
28907.85
28907.85
28907.85
28907.85
28907.85
28907.85
28907.85
28907.85
28907.85
28907.85
28907.85
28907.85
28907.85
28907.85
28907.85
28907.85
28907.85
28907.85
28907.85
28907.85
28907.85
28907.85
28907.85
28907.85
28907.85
28907.85
28907.85
28907.85
28687.18
28687.18
28687.18
28687.18
28687.18
28687.18
28687.18
28687.18
28687.18
28687.18
28687.18
28687.18
28687.18
28687.18
28687.18
28687.18
28687.18
28687.18
28687.18
28687.18
28687.18
28687.18
28687.18
28687.18
28687.18
28687.18
28687.18
28687.18
28687.18
28687.18
28687.18
28687.18
28687.18
28687.18
28687.18
28687.18
28687.18
28687.18
28687.18
28687.18
28687.18
28687.18
28687.18
28687.18
28687.18
28687.18
28687.18
28687.18
28687.18
28687.18
28687.18
28687.18
28687.18
28687.18
28687.18
28687.18
28687.18
28687.18
28687.18
28687.18
28687.18
28687.18
28687.18
28466.51
28466.51
28466.51
28466.51
28466.51
28466.51
28466.51
28466.51
28466.51
28466.51
28466.51
28466.51
28466.51
28466.51
28466.51
28466.51
28466.51
28466.51
28466.51
28466.51
28466.51
28466.51
28466.51
28466.51
28466.51
28466.51
28466.51
28466.51
28466.51
28466.51
28466.51
28466.51
28466.51
28466.51
28466.51
28466.51
28466.51
28466.51
28466.51
28466.51
28466.51
28466.51
28466.51
28466.51
28466.51
28466.51
28466.51
28466.51
28466.51
28466.51
28466.51
28466.51
28466.51
28466.51
28466.51
28466.51
28466.51
28466.51
28466.51
28466.51
28466.51
28466.51
28245.84
28245.84
28245.84
28245.84
28245.84
28245.84
28245.84
28245.84
28245.84
28245.84
28245.84
28245.84
28245.84
28245.84
28245.84
28245.84
28245.84
28245.84
28245.84
28245.84
28245.84
28245.84
28245.84
28245.84
28245.84
28245.84
28245.84
28245.84
28245.84
28245.84
28245.84
28245.84
28245.84
28245.84
28245.84
28245.84
28245.84
28245.84
28245.84
28245.84
28245.84
28245.84
28245.84
28245.84
28245.84
28245.84
28245.84
28245.84
28245.84
28245.84
28245.84
28245.84
28245.84
28245.84
28245.84
28245.84
28245.84
28245.84
28245.84
28245.84
28245.84
28245.84
28245.84
28025.16
28025.16
28025.16
28025.16
28025.16
28025.16
28025.16
28025.16
28025.16
28025.16
28025.16
28025.16
28025.16
28025.16
28025.16
28025.16
28025.16
28025.16
28025.16
28025.16
28025.16
28025.16
28025.16
28025.16
28025.16
28025.16
28025.16
28025.16
28025.16
28025.16
28025.16
28025.16
28025.16
28025.16
28025.16
28025.16
28025.16
28025.16
28025.16
28025.16
28025.16
28025.16
28025.16
28025.16
28025.16
28025.16
28025.16
28025.16
28025.16
28025.16
28025.16
28025.16
28025.16
28025.16
28025.16
28025.16
28025.16
28025.16
28025.16
28025.16
28025.16
28025.16
28025.16
28025.16
27804.49
27804.49
27804.49
27804.49
27804.49
27804.49
27804.49
27804.49
27804.49
27804.49
27804.49
27804.49
27804.49
27804.49
27804.49
27804.49
27804.49
27804.49
27804.49
27804.49
27804.49
27804.49
27804.49
27804.49
27804.49
27804.49
27804.49
27804.49
27804.49
27804.49
27804.49
27804.49
27804.49
27804.49
27804.49
27804.49
27804.49
27804.49
27804.49
27804.49
27804.49
27804.49
27804.49
27804.49
27804.49
27804.49
27804.49
27804.49
27804.49
27804.49
27804.49
27804.49
27804.49
27804.49
27804.49
27804.49
27804.49
27804.49
27804.49
27804.49
27804.49
27804.49
27804.49
27804.49
27804.49
27583.82
27583.82
27583.82
27583.82
27583.82
27583.82
27583.82
27583.82
27583.82
27583.82
27583.82
27583.82
27583.82
27583.82
27583.82
27583.82
27583.82
27583.82
27583.82
27583.82
27583.82
27583.82
27583.82
27583.82
27583.82
27583.82
27583.82
27583.82
27583.82
27583.82
27583.82
27583.82
27583.82
27583.82
27583.82
27583.82
27583.82
27583.82
27583.82
27583.82
27583.82
27583.82
27583.82
27583.82
27583.82
27583.82
27583.82
27583.82
27583.82
27583.82
27583.82
27583.82
27583.82
27583.82
27583.82
27583.82
27583.82
27583.82
27583.82
27583.82
27583.82
27583.82
27583.82
27583.82
27583.82
27363.15
27363.15
27363.15
27363.15
27363.15
27363.15
27363.15
27363.15
27363.15
27363.15
27363.15
27363.15
27363.15
27363.15
27363.15
27363.15
27363.15
27363.15
27363.15
27363.15
27363.15
27363.15
27363.15
27363.15
27363.15
27363.15
27363.15
27363.15
27363.15
27363.15
27363.15
27363.15
27363.15
27363.15
27363.15
27363.15
27363.15
27363.15
27363.15
27363.15
27363.15
27363.15
27363.15
27363.15
27363.15
27363.15
27363.15
27363.15
27363.15
27363.15
27363.15
27363.15
27363.15
27363.15
27363.15
27363.15
27363.15
27363.15
27363.15
27363.15
27363.15
27363.15
27363.15
27363.15
27363.15
27142.48
27142.48
27142.48
27142.48
27142.48
27142.48
27142.48
27142.48
27142.48
27142.48
27142.48
27142.48
27142.48
27142.48
27142.48
27142.48
27142.48
27142.48
27142.48
27142.48
27142.48
27142.48
27142.48
27142.48
27142.48
27142.48
27142.48
27142.48
27142.48
27142.48
27142.48
27142.48
27142.48
27142.48
27142.48
27142.48
27142.48
27142.48
27142.48
27142.48
27142.48
27142.48
27142.48
27142.48
27142.48
27142.48
27142.48
27142.48
27142.48
27142.48
27142.48
27142.48
27142.48
27142.48
27142.48
27142.48
27142.48
27142.48
27142.48
27142.48
27142.48
27142.48
27142.48
27142.48
27142.48
27142.48
26921.81
26921.81
26921.81
26921.81
26921.81
26921.81
26921.81
26921.81
26921.81
26921.81
26921.81
26921.81
26921.81
26921.81
26921.81
26921.81
26921.81
26921.81
26921.81
26921.81
26921.81
26921.81
26921.81
26921.81
26921.81
26921.81
26921.81
26921.81
26921.81
26921.81
26921.81
26921.81
26921.81
26921.81
26921.81
26921.81
26921.81
26921.81
26921.81
26921.81
26921.81
26921.81
26921.81
26921.81
26921.81
26921.81
26921.81
26921.81
26921.81
26921.81
26921.81
26921.81
26921.81
26921.81
26921.81
26921.81
26921.81
26921.81
26921.81
26921.81
26921.81
26921.81
26921.81
26921.81
26921.81
26921.81
26921.81
26701.14
26701.14
26701.14
26701.14
26701.14
26701.14
26701.14
26701.14
26701.14
26701.14
26701.14
26701.14
26701.14
26701.14
26701.14
26701.14
26701.14
26701.14
26701.14
26701.14
26701.14
26701.14
26701.14
26701.14
26701.14
26701.14
26701.14
26701.14
26701.14
26701.14
26701.14
26701.14
26701.14
26701.14
26701.14
26701.14
26701.14
26701.14
26701.14
26701.14
26701.14
26701.14
26701.14
26701.14
26701.14
26701.14
26701.14
26701.14
26701.14
26701.14
26701.14
26701.14
26701.14
26701.14
26701.14
26701.14
26701.14
26701.14
26701.14
26701.14
26701.14
26701.14
26701.14
26701.14
26701.14
26701.14
26701.14
26480.47
26480.47
26480.47
26480.47
26480.47
26480.47
26480.47
26480.47
26480.47
26480.47
26480.47
26480.47
26480.47
26480.47
26480.47
26480.47
26480.47
26480.47
26480.47
26480.47
26480.47
26480.47
26480.47
26480.47
26480.47
26480.47
26480.47
26480.47
26480.47
26480.47
26480.47
26480.47
26480.47
26480.47
26480.47
26480.47
26480.47
26480.47
26480.47
26480.47
26480.47
26480.47
26480.47
26480.47
26480.47
26480.47
26480.47
26480.47
26480.47
26480.47
26480.47
26480.47
26480.47
26480.47
26480.47
26480.47
26480.47
26480.47
26480.47
26480.47
26480.47
26480.47
26480.47
26480.47
26480.47
26480.47
26480.47
26259.80
26259.80
26259.80
26259.80
26259.80
26259.80
26259.80
26259.80
26259.80
26259.80
26259.80
26259.80
26259.80
26259.80
26259.80
26259.80
26259.80
26259.80
26259.80
26259.80
26259.80
26259.80
26259.80
26259.80
26259.80
26259.80
26259.80
26259.80
26259.80
26259.80
26259.80
26259.80
26259.80
26259.80
26259.80
26259.80
26259.80
26259.80
26259.80
26259.80
26259.80
26259.80
26259.80
26259.80
26259.80
26259.80
26259.80
26259.80
26259.80
26259.80
26259.80
26259.80
26259.80
26259.80
26259.80
26259.80
26259.80
26259.80
26259.80
26259.80
26259.80
26259.80
26259.80
26259.80
26259.80
26259.80
26259.80
26259.80
26039.13
26039.13
26039.13
26039.13
26039.13
26039.13
26039.13
26039.13
26039.13
26039.13
26039.13
26039.13
26039.13
26039.13
26039.13
26039.13
26039.13
26039.13
26039.13
26039.13
26039.13
26039.13
26039.13
26039.13
26039.13
26039.13
26039.13
26039.13
26039.13
26039.13
26039.13
26039.13
26039.13
26039.13
26039.13
26039.13
26039.13
26039.13
26039.13
26039.13
26039.13
26039.13
26039.13
26039.13
26039.13
26039.13
26039.13
26039.13
26039.13
26039.13
26039.13
26039.13
26039.13
26039.13
26039.13
26039.13
26039.13
26039.13
26039.13
26039.13
26039.13
26039.13
26039.13
26039.13
26039.13
26039.13
26039.13
26039.13
26039.13
25818.46
25818.46
25818.46
25818.46
25818.46
25818.46
25818.46
25818.46
25818.46
25818.46
25818.46
25818.46
25818.46
25818.46
25818.46
25818.46
25818.46
25818.46
25818.46
25818.46
25818.46
25818.46
25818.46
25818.46
25818.46
25818.46
25818.46
25818.46
25818.46
25818.46
25818.46
25818.46
25818.46
25818.46
25818.46
25818.46
25818.46
25818.46
25818.46
25818.46
25818.46
25818.46
25818.46
25818.46
25818.46
25818.46
25818.46
25818.46
25818.46
25818.46
25818.46
25818.46
25818.46
25818.46
25818.46
25818.46
25818.46
25818.46
25818.46
25818.46
25818.46
25818.46
25818.46
25818.46
25818.46
25818.46
25818.46
25818.46
25818.46
25818.46
25597.79
25597.79
25597.79
25597.79
25597.79
25597.79
25597.79
25597.79
25597.79
25597.79
25597.79
25597.79
25597.79
25597.79
25597.79
25597.79
25597.79
25597.79
25597.79
25597.79
25597.79
25597.79
25597.79
25597.79
25597.79
25597.79
25597.79
25597.79
25597.79
25597.79
25597.79
25597.79
25597.79
25597.79
25597.79
25597.79
25597.79
25597.79
25597.79
25597.79
25597.79
25597.79
25597.79
25597.79
25597.79
25597.79
25597.79
25597.79
25597.79
25597.79
25597.79
25597.79
25597.79
25597.79
25597.79
25597.79
25597.79
25597.79
25597.79
25597.79
25597.79
25597.79
25597.79
25597.79
25597.79
25597.79
25597.79
25597.79
25597.79
25597.79
25377.12
25377.12
25377.12
25377.12
25377.12
25377.12
25377.12
25377.12
25377.12
25377.12
25377.12
25377.12
25377.12
25377.12
25377.12
25377.12
25377.12
25377.12
25377.12
25377.12
25377.12
25377.12
25377.12
25377.12
25377.12
25377.12
25377.12
25377.12
25377.12
25377.12
25377.12
25377.12
25377.12
25377.12
25377.12
25377.12
25377.12
25377.12
25377.12
25377.12
25377.12
25377.12
25377.12
25377.12
25377.12
25377.12
25377.12
25377.12
25377.12
25377.12
25377.12
25377.12
25377.12
25377.12
25377.12
25377.12
25377.12
25377.12
25377.12
25377.12
25377.12
25377.12
25377.12
25377.12
25377.12
25377.12
25377.12
25377.12
25377.12
25377.12
25156.45
25156.45
25156.45
25156.45
25156.45
25156.45
25156.45
25156.45
25156.45
25156.45
25156.45
25156.45
25156.45
25156.45
25156.45
25156.45
25156.45
25156.45
25156.45
25156.45
25156.45
25156.45
25156.45
25156.45
25156.45
25156.45
25156.45
25156.45
25156.45
25156.45
25156.45
25156.45
25156.45
25156.45
25156.45
25156.45
25156.45
25156.45
25156.45
25156.45
25156.45
25156.45
25156.45
25156.45
25156.45
25156.45
25156.45
25156.45
25156.45
25156.45
25156.45
25156.45
25156.45
25156.45
25156.45
25156.45
25156.45
25156.45
25156.45
25156.45
25156.45
25156.45
25156.45
25156.45
25156.45
25156.45
25156.45
25156.45
25156.45
25156.45
25156.45
25156.45
24935.78
24935.78
24935.78
24935.78
24935.78
24935.78
24935.78
24935.78
24935.78
24935.78
24935.78
24935.78
24935.78
24935.78
24935.78
24935.78
24935.78
24935.78
24935.78
24935.78
24935.78
24935.78
24935.78
24935.78
24935.78
24935.78
24935.78
24935.78
24935.78
24935.78
24935.78
24935.78
24935.78
24935.78
24935.78
24935.78
24935.78
24935.78
24935.78
24935.78
24935.78
24935.78
24935.78
24935.78
24935.78
24935.78
24935.78
24935.78
24935.78
24935.78
24935.78
24935.78
24935.78
24935.78
24935.78
24935.78
24935.78
24935.78
24935.78
24935.78
24935.78
24935.78
24935.78
24935.78
24935.78
24935.78
24935.78
24935.78
24935.78
24935.78
24935.78
24715.11
24715.11
24715.11
24715.11
24715.11
24715.11
24715.11
24715.11
24715.11
24715.11
24715.11
24715.11
24715.11
24715.11
24715.11
24715.11
24715.11
24715.11
24715.11
24715.11
24715.11
24715.11
24715.11
24715.11
24715.11
24715.11
24715.11
24715.11
24715.11
24715.11
24715.11
24715.11
24715.11
24715.11
24715.11
24715.11
24715.11
24715.11
24715.11
24715.11
24715.11
24715.11
24715.11
24715.11
24715.11
24715.11
24715.11
24715.11
24715.11
24715.11
24715.11
24715.11
24715.11
24715.11
24715.11
24715.11
24715.11
24715.11
24715.11
24715.11
24715.11
24715.11
24715.11
24715.11
24715.11
24715.11
24715.11
24715.11
24715.11
24715.11
24715.11
24715.11
24715.11
24494.44
24494.44
24494.44
24494.44
24494.44
24494.44
24494.44
24494.44
24494.44
24494.44
24494.44
24494.44
24494.44
24494.44
24494.44
24494.44
24494.44
24494.44
24494.44
24494.44
24494.44
24494.44
24494.44
24494.44
24494.44
24494.44
24494.44
24494.44
24494.44
24494.44
24494.44
24494.44
24494.44
24494.44
24494.44
24494.44
24494.44
24494.44
24494.44
24494.44
24494.44
24494.44
24494.44
24494.44
24494.44
24494.44
24494.44
24494.44
24494.44
24494.44
24494.44
24494.44
24494.44
24494.44
24494.44
24494.44
24494.44
24494.44
24494.44
24494.44
24494.44
24494.44
24494.44
24494.44
24494.44
24494.44
24494.44
24494.44
24494.44
24494.44
24494.44
24494.44
24494.44
24273.76
24273.76
24273.76
24273.76
24273.76
24273.76
24273.76
24273.76
24273.76
24273.76
24273.76
24273.76
24273.76
24273.76
24273.76
24273.76
24273.76
24273.76
24273.76
24273.76
24273.76
24273.76
24273.76
24273.76
24273.76
24273.76
24273.76
24273.76
24273.76
24273.76
24273.76
24273.76
24273.76
24273.76
24273.76
24273.76
24273.76
24273.76
24273.76
24273.76
24273.76
24273.76
24273.76
24273.76
24273.76
24273.76
24273.76
24273.76
24273.76
24273.76
24273.76
24273.76
24273.76
24273.76
24273.76
24273.76
24273.76
24273.76
24273.76
24273.76
24273.76
24273.76
24273.76
24273.76
24273.76
24273.76
24273.76
24273.76
24273.76
24273.76
24273.76
24273.76
24273.76
24273.76
24053.09
24053.09
24053.09
24053.09
24053.09
24053.09
24053.09
24053.09
24053.09
24053.09
24053.09
24053.09
24053.09
24053.09
24053.09
24053.09
24053.09
24053.09
24053.09
24053.09
24053.09
24053.09
24053.09
24053.09
24053.09
24053.09
24053.09
24053.09
24053.09
24053.09
24053.09
24053.09
24053.09
24053.09
24053.09
24053.09
24053.09
24053.09
24053.09
24053.09
24053.09
24053.09
24053.09
24053.09
24053.09
24053.09
24053.09
24053.09
24053.09
24053.09
24053.09
24053.09
24053.09
24053.09
24053.09
24053.09
24053.09
24053.09
24053.09
24053.09
24053.09
24053.09
24053.09
24053.09
24053.09
24053.09
24053.09
24053.09
24053.09
24053.09
24053.09
24053.09
24053.09
24053.09
23832.42
23832.42
23832.42
23832.42
23832.42
23832.42
23832.42
23832.42
23832.42
23832.42
23832.42
23832.42
23832.42
23832.42
23832.42
23832.42
23832.42
23832.42
23832.42
23832.42
23832.42
23832.42
23832.42
23832.42
23832.42
23832.42
23832.42
23832.42
23832.42
23832.42
23832.42
23832.42
23832.42
23832.42
23832.42
23832.42
23832.42
23832.42
23832.42
23832.42
23832.42
23832.42
23832.42
23832.42
23832.42
23832.42
23832.42
23832.42
23832.42
23832.42
23832.42
23832.42
23832.42
23832.42
23832.42
23832.42
23832.42
23832.42
23832.42
23832.42
23832.42
23832.42
23832.42
23832.42
23832.42
23832.42
23832.42
23832.42
23832.42
23832.42
23832.42
23832.42
23832.42
23832.42
23832.42
23611.75
23611.75
23611.75
23611.75
23611.75
23611.75
23611.75
23611.75
23611.75
23611.75
23611.75
23611.75
23611.75
23611.75
23611.75
23611.75
23611.75
23611.75
23611.75
23611.75
23611.75
23611.75
23611.75
23611.75
23611.75
23611.75
23611.75
23611.75
23611.75
23611.75
23611.75
23611.75
23611.75
23611.75
23611.75
23611.75
23611.75
23611.75
23611.75
23611.75
23611.75
23611.75
23611.75
23611.75
23611.75
23611.75
23611.75
23611.75
23611.75
23611.75
23611.75
23611.75
23611.75
23611.75
23611.75
23611.75
23611.75
23611.75
23611.75
23611.75
23611.75
23611.75
23611.75
23611.75
23611.75
23611.75
23611.75
23611.75
23611.75
23611.75
23611.75
23611.75
23611.75
23611.75
23611.75
23611.75
23391.08
23391.08
23391.08
23391.08
23391.08
23391.08
23391.08
23391.08
23391.08
23391.08
23391.08
23391.08
23391.08
23391.08
23391.08
23391.08
23391.08
23391.08
23391.08
23391.08
23391.08
23391.08
23391.08
23391.08
23391.08
23391.08
23391.08
23391.08
23391.08
23391.08
23391.08
23391.08
23391.08
23391.08
23391.08
23391.08
23391.08
23391.08
23391.08
23391.08
23391.08
23391.08
23391.08
23391.08
23391.08
23391.08
23391.08
23391.08
23391.08
23391.08
23391.08
23391.08
23391.08
23391.08
23391.08
23391.08
23391.08
23391.08
23391.08
23391.08
23391.08
23391.08
23391.08
23391.08
23391.08
23391.08
23391.08
23391.08
23391.08
23391.08
23391.08
23391.08
23391.08
23391.08
23391.08
23391.08
23391.08
23170.41
23170.41
23170.41
23170.41
23170.41
23170.41
23170.41
23170.41
23170.41
23170.41
23170.41
23170.41
23170.41
23170.41
23170.41
23170.41
23170.41
23170.41
23170.41
23170.41
23170.41
23170.41
23170.41
23170.41
23170.41
23170.41
23170.41
23170.41
23170.41
23170.41
23170.41
23170.41
23170.41
23170.41
23170.41
23170.41
23170.41
23170.41
23170.41
23170.41
23170.41
23170.41
23170.41
23170.41
23170.41
23170.41
23170.41
23170.41
23170.41
23170.41
23170.41
23170.41
23170.41
23170.41
23170.41
23170.41
23170.41
23170.41
23170.41
23170.41
23170.41
23170.41
23170.41
23170.41
23170.41
23170.41
23170.41
23170.41
23170.41
23170.41
23170.41
23170.41
23170.41
23170.41
23170.41
23170.41
23170.41
22949.74
22949.74
22949.74
22949.74
22949.74
22949.74
22949.74
22949.74
22949.74
22949.74
22949.74
22949.74
22949.74
22949.74
22949.74
22949.74
22949.74
22949.74
22949.74
22949.74
22949.74
22949.74
22949.74
22949.74
22949.74
22949.74
22949.74
22949.74
22949.74
22949.74
22949.74
22949.74
22949.74
22949.74
22949.74
22949.74
22949.74
22949.74
22949.74
22949.74
22949.74
22949.74
22949.74
22949.74
22949.74
22949.74
22949.74
22949.74
22949.74
22949.74
22949.74
22949.74
22949.74
22949.74
22949.74
22949.74
22949.74
22949.74
22949.74
22949.74
22949.74
22949.74
22949.74
22949.74
22949.74
22949.74
22949.74
22949.74
22949.74
22949.74
22949.74
22949.74
22949.74
22949.74
22949.74
22949.74
22949.74
22949.74
22729.07
22729.07
22729.07
22729.07
22729.07
22729.07
22729.07
22729.07
22729.07
22729.07
22729.07
22729.07
22729.07
22729.07
22729.07
22729.07
22729.07
22729.07
22729.07
22729.07
22729.07
22729.07
22729.07
22729.07
22729.07
22729.07
22729.07
22729.07
22729.07
22729.07
22729.07
22729.07
22729.07
22729.07
22729.07
22729.07
22729.07
22729.07
22729.07
22729.07
22729.07
22729.07
22729.07
22729.07
22729.07
22729.07
22729.07
22729.07
22729.07
22729.07
22729.07
22729.07
22729.07
22729.07
22729.07
22729.07
22729.07
22729.07
22729.07
22729.07
22729.07
22729.07
22729.07
22729.07
22729.07
22729.07
22729.07
22729.07
22729.07
22729.07
22729.07
22729.07
22729.07
22729.07
22729.07
22729.07
22729.07
22729.07
22729.07
22508.40
22508.40
22508.40
22508.40
22508.40
22508.40
22508.40
22508.40
22508.40
22508.40
22508.40
22508.40
22508.40
22508.40
22508.40
22508.40
22508.40
22508.40
22508.40
22508.40
22508.40
22508.40
22508.40
22508.40
22508.40
22508.40
22508.40
22508.40
22508.40
22508.40
22508.40
22508.40
22508.40
22508.40
22508.40
22508.40
22508.40
22508.40
22508.40
22508.40
22508.40
22508.40
22508.40
22508.40
22508.40
22508.40
22508.40
22508.40
22508.40
22508.40
22508.40
22508.40
22508.40
22508.40
22508.40
22508.40
22508.40
22508.40
22508.40
22508.40
22508.40
22508.40
22508.40
22508.40
22508.40
22508.40
22508.40
22508.40
22508.40
22508.40
22508.40
22508.40
22508.40
22508.40
22508.40
22508.40
22508.40
22508.40
22508.40
22287.73
22287.73
22287.73
22287.73
22287.73
22287.73
22287.73
22287.73
22287.73
22287.73
22287.73
22287.73
22287.73
22287.73
22287.73
22287.73
22287.73
22287.73
22287.73
22287.73
22287.73
22287.73
22287.73
22287.73
22287.73
22287.73
22287.73
22287.73
22287.73
22287.73
22287.73
22287.73
22287.73
22287.73
22287.73
22287.73
22287.73
22287.73
22287.73
22287.73
22287.73
22287.73
22287.73
22287.73
22287.73
22287.73
22287.73
22287.73
22287.73
22287.73
22287.73
22287.73
22287.73
22287.73
22287.73
22287.73
22287.73
22287.73
22287.73
22287.73
22287.73
22287.73
22287.73
22287.73
22287.73
22287.73
22287.73
22287.73
22287.73
22287.73
22287.73
22287.73
22287.73
22287.73
22287.73
22287.73
22287.73
22287.73
22287.73
22287.73
22287.73
22067.06
22067.06
22067.06
22067.06
22067.06
22067.06
22067.06
22067.06
22067.06
22067.06
22067.06
22067.06
22067.06
22067.06
22067.06
22067.06
22067.06
22067.06
22067.06
22067.06
22067.06
22067.06
22067.06
22067.06
22067.06
22067.06
22067.06
22067.06
22067.06
22067.06
22067.06
22067.06
22067.06
22067.06
22067.06
22067.06
22067.06
22067.06
22067.06
22067.06
22067.06
22067.06
22067.06
22067.06
22067.06
22067.06
22067.06
22067.06
22067.06
22067.06
22067.06
22067.06
22067.06
22067.06
22067.06
22067.06
22067.06
22067.06
22067.06
22067.06
22067.06
22067.06
22067.06
22067.06
22067.06
22067.06
22067.06
22067.06
22067.06
22067.06
22067.06
22067.06
22067.06
22067.06
22067.06
22067.06
22067.06
22067.06
22067.06
22067.06
22067.06
21846.39
21846.39
21846.39
21846.39
21846.39
21846.39
21846.39
21846.39
21846.39
21846.39
21846.39
21846.39
21846.39
21846.39
21846.39
21846.39
21846.39
21846.39
21846.39
21846.39
21846.39
21846.39
21846.39
21846.39
21846.39
21846.39
21846.39
21846.39
21846.39
21846.39
21846.39
21846.39
21846.39
21846.39
21846.39
21846.39
21846.39
21846.39
21846.39
21846.39
21846.39
21846.39
21846.39
21846.39
21846.39
21846.39
21846.39
21846.39
21846.39
21846.39
21846.39
21846.39
21846.39
21846.39
21846.39
21846.39
21846.39
21846.39
21846.39
21846.39
21846.39
21846.39
21846.39
21846.39
21846.39
21846.39
21846.39
21846.39
21846.39
21846.39
21846.39
21846.39
21846.39
21846.39
21846.39
21846.39
21846.39
21846.39
21846.39
21846.39
21846.39
21846.39
21625.72
21625.72
21625.72
21625.72
21625.72
21625.72
21625.72
21625.72
21625.72
21625.72
21625.72
21625.72
21625.72
21625.72
21625.72
21625.72
21625.72
21625.72
21625.72
21625.72
21625.72
21625.72
21625.72
21625.72
21625.72
21625.72
21625.72
21625.72
21625.72
21625.72
21625.72
21625.72
21625.72
21625.72
21625.72
21625.72
21625.72
21625.72
21625.72
21625.72
21625.72
21625.72
21625.72
21625.72
21625.72
21625.72
21625.72
21625.72
21625.72
21625.72
21625.72
21625.72
21625.72
21625.72
21625.72
21625.72
21625.72
21625.72
21625.72
21625.72
21625.72
21625.72
21625.72
21625.72
21625.72
21625.72
21625.72
21625.72
21625.72
21625.72
21625.72
21625.72
21625.72
21625.72
21625.72
21625.72
21625.72
21625.72
21625.72
21625.72
21625.72
21625.72
21625.72
21405.05
21405.05
21405.05
21405.05
21405.05
21405.05
21405.05
21405.05
21405.05
21405.05
21405.05
21405.05
21405.05
21405.05
21405.05
21405.05
21405.05
21405.05
21405.05
21405.05
21405.05
21405.05
21405.05
21405.05
21405.05
21405.05
21405.05
21405.05
21405.05
21405.05
21405.05
21405.05
21405.05
21405.05
21405.05
21405.05
21405.05
21405.05
21405.05
21405.05
21405.05
21405.05
21405.05
21405.05
21405.05
21405.05
21405.05
21405.05
21405.05
21405.05
21405.05
21405.05
21405.05
21405.05
21405.05
21405.05
21405.05
21405.05
21405.05
21405.05
21405.05
21405.05
21405.05
21405.05
21405.05
21405.05
21405.05
21405.05
21405.05
21405.05
21405.05
21405.05
21405.05
21405.05
21405.05
21405.05
21405.05
21405.05
21405.05
21405.05
21405.05
21405.05
21405.05
21184.38
21184.38
21184.38
21184.38
21184.38
21184.38
21184.38
21184.38
21184.38
21184.38
21184.38
21184.38
21184.38
21184.38
21184.38
21184.38
21184.38
21184.38
21184.38
21184.38
21184.38
21184.38
21184.38
21184.38
21184.38
21184.38
21184.38
21184.38
21184.38
21184.38
21184.38
21184.38
21184.38
21184.38
21184.38
21184.38
21184.38
21184.38
21184.38
21184.38
21184.38
21184.38
21184.38
21184.38
21184.38
21184.38
21184.38
21184.38
21184.38
21184.38
21184.38
21184.38
21184.38
21184.38
21184.38
21184.38
21184.38
21184.38
21184.38
21184.38
21184.38
21184.38
21184.38
21184.38
21184.38
21184.38
21184.38
21184.38
21184.38
21184.38
21184.38
21184.38
21184.38
21184.38
21184.38
21184.38
21184.38
21184.38
21184.38
21184.38
21184.38
21184.38
21184.38
21184.38
21184.38
20963.71
20963.71
20963.71
20963.71
20963.71
20963.71
20963.71
20963.71
20963.71
20963.71
20963.71
20963.71
20963.71
20963.71
20963.71
20963.71
20963.71
20963.71
20963.71
20963.71
20963.71
20963.71
20963.71
20963.71
20963.71
20963.71
20963.71
20963.71
20963.71
20963.71
20963.71
20963.71
20963.71
20963.71
20963.71
20963.71
20963.71
20963.71
20963.71
20963.71
20963.71
20963.71
20963.71
20963.71
20963.71
20963.71
20963.71
20963.71
20963.71
20963.71
20963.71
20963.71
20963.71
20963.71
20963.71
20963.71
20963.71
20963.71
20963.71
20963.71
20963.71
20963.71
20963.71
20963.71
20963.71
20963.71
20963.71
20963.71
20963.71
20963.71
20963.71
20963.71
20963.71
20963.71
20963.71
20963.71
20963.71
20963.71
20963.71
20963.71
20963.71
20963.71
20963.71
20963.71
20963.71
20743.04
20743.04
20743.04
20743.04
20743.04
20743.04
20743.04
20743.04
20743.04
20743.04
20743.04
20743.04
20743.04
20743.04
20743.04
20743.04
20743.04
20743.04
20743.04
20743.04
20743.04
20743.04
20743.04
20743.04
20743.04
20743.04
20743.04
20743.04
20743.04
20743.04
20743.04
20743.04
20743.04
20743.04
20743.04
20743.04
20743.04
20743.04
20743.04
20743.04
20743.04
20743.04
20743.04
20743.04
20743.04
20743.04
20743.04
20743.04
20743.04
20743.04
20743.04
20743.04
20743.04
20743.04
20743.04
20743.04
20743.04
20743.04
20743.04
20743.04
20743.04
20743.04
20743.04
20743.04
20743.04
20743.04
20743.04
20743.04
20743.04
20743.04
20743.04
20743.04
20743.04
20743.04
20743.04
20743.04
20743.04
20743.04
20743.04
20743.04
20743.04
20743.04
20743.04
20743.04
20743.04
20743.04
20743.04
20522.36
20522.36
20522.36
20522.36
20522.36
20522.36
20522.36
20522.36
20522.36
20522.36
20522.36
20522.36
20522.36
20522.36
20522.36
20522.36
20522.36
20522.36
20522.36
20522.36
20522.36
20522.36
20522.36
20522.36
20522.36
20522.36
20522.36
20522.36
20522.36
20522.36
20522.36
20522.36
20522.36
20522.36
20522.36
20522.36
20522.36
20522.36
20522.36
20522.36
20522.36
20522.36
20522.36
20522.36
20522.36
20522.36
20522.36
20522.36
20522.36
20522.36
20522.36
20522.36
20522.36
20522.36
20522.36
20522.36
20522.36
20522.36
20522.36
20522.36
20522.36
20522.36
20522.36
20522.36
20522.36
20522.36
20522.36
20522.36
20522.36
20522.36
20522.36
20522.36
20522.36
20522.36
20522.36
20522.36
20522.36
20522.36
20522.36
20522.36
20522.36
20522.36
20522.36
20522.36
20522.36
20522.36
20522.36
20301.69
20301.69
20301.69
20301.69
20301.69
20301.69
20301.69
20301.69
20301.69
20301.69
20301.69
20301.69
20301.69
20301.69
20301.69
20301.69
20301.69
20301.69
20301.69
20301.69
20301.69
20301.69
20301.69
20301.69
20301.69
20301.69
20301.69
20301.69
20301.69
20301.69
20301.69
20301.69
20301.69
20301.69
20301.69
20301.69
20301.69
20301.69
20301.69
20301.69
20301.69
20301.69
20301.69
20301.69
20301.69
20301.69
20301.69
20301.69
20301.69
20301.69
20301.69
20301.69
20301.69
20301.69
20301.69
20301.69
20301.69
20301.69
20301.69
20301.69
20301.69
20301.69
20301.69
20301.69
20301.69
20301.69
20301.69
20301.69
20301.69
20301.69
20301.69
20301.69
20301.69
20301.69
20301.69
20301.69
20301.69
20301.69
20301.69
20301.69
20301.69
20301.69
20301.69
20301.69
20301.69
20301.69
20301.69
20301.69
20081.02
20081.02
20081.02
20081.02
20081.02
20081.02
20081.02
20081.02
20081.02
20081.02
20081.02
20081.02
20081.02
20081.02
20081.02
20081.02
20081.02
20081.02
20081.02
20081.02
20081.02
20081.02
20081.02
20081.02
20081.02
20081.02
20081.02
20081.02
20081.02
20081.02
20081.02
20081.02
20081.02
20081.02
20081.02
20081.02
20081.02
20081.02
20081.02
20081.02
20081.02
20081.02
20081.02
20081.02
20081.02
20081.02
20081.02
20081.02
20081.02
20081.02
20081.02
20081.02
20081.02
20081.02
20081.02
20081.02
20081.02
20081.02
20081.02
20081.02
20081.02
20081.02
20081.02
20081.02
20081.02
20081.02
20081.02
20081.02
20081.02
20081.02
20081.02
20081.02
20081.02
20081.02
20081.02
20081.02
20081.02
20081.02
20081.02
20081.02
20081.02
20081.02
20081.02
20081.02
20081.02
20081.02
20081.02
20081.02
20081.02
19860.35
19860.35
19860.35
19860.35
19860.35
19860.35
19860.35
19860.35
19860.35
19860.35
19860.35
19860.35
19860.35
19860.35
19860.35
19860.35
19860.35
19860.35
19860.35
19860.35
19860.35
19860.35
19860.35
19860.35
19860.35
19860.35
19860.35
19860.35
19860.35
19860.35
19860.35
19860.35
19860.35
19860.35
19860.35
19860.35
19860.35
19860.35
19860.35
19860.35
19860.35
19860.35
19860.35
19860.35
19860.35
19860.35
19860.35
19860.35
19860.35
19860.35
19860.35
19860.35
19860.35
19860.35
19860.35
19860.35
19860.35
19860.35
19860.35
19860.35
19860.35
19860.35
19860.35
19860.35
19860.35
19860.35
19860.35
19860.35
19860.35
19860.35
19860.35
19860.35
19860.35
19860.35
19860.35
19860.35
19860.35
19860.35
19860.35
19860.35
19860.35
19860.35
19860.35
19860.35
19860.35
19860.35
19860.35
19860.35
19860.35
19860.35
19639.68
19639.68
19639.68
19639.68
19639.68
19639.68
19639.68
19639.68
19639.68
19639.68
19639.68
19639.68
19639.68
19639.68
19639.68
19639.68
19639.68
19639.68
19639.68
19639.68
19639.68
19639.68
19639.68
19639.68
19639.68
19639.68
19639.68
19639.68
19639.68
19639.68
19639.68
19639.68
19639.68
19639.68
19639.68
19639.68
19639.68
19639.68
19639.68
19639.68
19639.68
19639.68
19639.68
19639.68
19639.68
19639.68
19639.68
19639.68
19639.68
19639.68
19639.68
19639.68
19639.68
19639.68
19639.68
19639.68
19639.68
19639.68
19639.68
19639.68
19639.68
19639.68
19639.68
19639.68
19639.68
19639.68
19639.68
19639.68
19639.68
19639.68
19639.68
19639.68
19639.68
19639.68
19639.68
19639.68
19639.68
19639.68
19639.68
19639.68
19639.68
19639.68
19639.68
19639.68
19639.68
19639.68
19639.68
19639.68
19639.68
19639.68
19639.68
19639.68
19419.01
19419.01
19419.01
19419.01
19419.01
19419.01
19419.01
19419.01
19419.01
19419.01
19419.01
19419.01
19419.01
19419.01
19419.01
19419.01
19419.01
19419.01
19419.01
19419.01
19419.01
19419.01
19419.01
19419.01
19419.01
19419.01
19419.01
19419.01
19419.01
19419.01
19419.01
19419.01
19419.01
19419.01
19419.01
19419.01
19419.01
19419.01
19419.01
19419.01
19419.01
19419.01
19419.01
19419.01
19419.01
19419.01
19419.01
19419.01
19419.01
19419.01
19419.01
19419.01
19419.01
19419.01
19419.01
19419.01
19419.01
19419.01
19419.01
19419.01
19419.01
19419.01
19419.01
19419.01
19419.01
19419.01
19419.01
19419.01
19419.01
19419.01
19419.01
19419.01
19419.01
19419.01
19419.01
19419.01
19419.01
19419.01
19419.01
19419.01
19419.01
19419.01
19419.01
19419.01
19419.01
19419.01
19419.01
19419.01
19419.01
19419.01
19419.01
19419.01
19198.34
19198.34
19198.34
19198.34
19198.34
19198.34
19198.34
19198.34
19198.34
19198.34
19198.34
19198.34
19198.34
19198.34
19198.34
19198.34
19198.34
19198.34
19198.34
19198.34
19198.34
19198.34
19198.34
19198.34
19198.34
19198.34
19198.34
19198.34
19198.34
19198.34
19198.34
19198.34
19198.34
19198.34
19198.34
19198.34
19198.34
19198.34
19198.34
19198.34
19198.34
19198.34
19198.34
19198.34
19198.34
19198.34
19198.34
19198.34
19198.34
19198.34
19198.34
19198.34
19198.34
19198.34
19198.34
19198.34
19198.34
19198.34
19198.34
19198.34
19198.34
19198.34
19198.34
19198.34
19198.34
19198.34
19198.34
19198.34
19198.34
19198.34
19198.34
19198.34
19198.34
19198.34
19198.34
19198.34
19198.34
19198.34
19198.34
19198.34
19198.34
19198.34
19198.34
19198.34
19198.34
19198.34
19198.34
19198.34
19198.34
19198.34
19198.34
19198.34
19198.34
18977.67
18977.67
18977.67
18977.67
18977.67
18977.67
18977.67
18977.67
18977.67
18977.67
18977.67
18977.67
18977.67
18977.67
18977.67
18977.67
18977.67
18977.67
18977.67
18977.67
18977.67
18977.67
18977.67
18977.67
18977.67
18977.67
18977.67
18977.67
18977.67
18977.67
18977.67
18977.67
18977.67
18977.67
18977.67
18977.67
18977.67
18977.67
18977.67
18977.67
18977.67
18977.67
18977.67
18977.67
18977.67
18977.67
18977.67
18977.67
18977.67
18977.67
18977.67
18977.67
18977.67
18977.67
18977.67
18977.67
18977.67
18977.67
18977.67
18977.67
18977.67
18977.67
18977.67
18977.67
18977.67
18977.67
18977.67
18977.67
18977.67
18977.67
18977.67
18977.67
18977.67
18977.67
18977.67
18977.67
18977.67
18977.67
18977.67
18977.67
18977.67
18977.67
18977.67
18977.67
18977.67
18977.67
18977.67
18977.67
18977.67
18977.67
18977.67
18977.67
18977.67
18977.67
18757.00
18757.00
18757.00
18757.00
18757.00
18757.00
18757.00
18757.00
18757.00
18757.00
18757.00
18757.00
18757.00
18757.00
18757.00
18757.00
18757.00
18757.00
18757.00
18757.00
18757.00
18757.00
18757.00
18757.00
18757.00
18757.00
18757.00
18757.00
18757.00
18757.00
18757.00
18757.00
18757.00
18757.00
18757.00
18757.00
18757.00
18757.00
18757.00
18757.00
18757.00
18757.00
18757.00
18757.00
18757.00
18757.00
18757.00
18757.00
18757.00
18757.00
18757.00
18757.00
18757.00
18757.00
18757.00
18757.00
18757.00
18757.00
18757.00
18757.00
18757.00
18757.00
18757.00
18757.00
18757.00
18757.00
18757.00
18757.00
18757.00
18757.00
18757.00
18757.00
18757.00
18757.00
18757.00
18757.00
18757.00
18757.00
18757.00
18757.00
18757.00
18757.00
18757.00
18757.00
18757.00
18757.00
18757.00
18757.00
18757.00
18757.00
18757.00
18757.00
18757.00
18757.00
18757.00
18757.00
18536.33
18536.33
18536.33
18536.33
18536.33
18536.33
18536.33
18536.33
18536.33
18536.33
18536.33
18536.33
18536.33
18536.33
18536.33
18536.33
18536.33
18536.33
18536.33
18536.33
18536.33
18536.33
18536.33
18536.33
18536.33
18536.33
18536.33
18536.33
18536.33
18536.33
18536.33
18536.33
18536.33
18536.33
18536.33
18536.33
18536.33
18536.33
18536.33
18536.33
18536.33
18536.33
18536.33
18536.33
18536.33
18536.33
18536.33
18536.33
18536.33
18536.33
18536.33
18536.33
18536.33
18536.33
18536.33
18536.33
18536.33
18536.33
18536.33
18536.33
18536.33
18536.33
18536.33
18536.33
18536.33
18536.33
18536.33
18536.33
18536.33
18536.33
18536.33
18536.33
18536.33
18536.33
18536.33
18536.33
18536.33
18536.33
18536.33
18536.33
18536.33
18536.33
18536.33
18536.33
18536.33
18536.33
18536.33
18536.33
18536.33
18536.33
18536.33
18536.33
18536.33
18536.33
18536.33
18536.33
18315.66
18315.66
18315.66
18315.66
18315.66
18315.66
18315.66
18315.66
18315.66
18315.66
18315.66
18315.66
18315.66
18315.66
18315.66
18315.66
18315.66
18315.66
18315.66
18315.66
18315.66
18315.66
18315.66
18315.66
18315.66
18315.66
18315.66
18315.66
18315.66
18315.66
18315.66
18315.66
18315.66
18315.66
18315.66
18315.66
18315.66
18315.66
18315.66
18315.66
18315.66
18315.66
18315.66
18315.66
18315.66
18315.66
18315.66
18315.66
18315.66
18315.66
18315.66
18315.66
18315.66
18315.66
18315.66
18315.66
18315.66
18315.66
18315.66
18315.66
18315.66
18315.66
18315.66
18315.66
18315.66
18315.66
18315.66
18315.66
18315.66
18315.66
18315.66
18315.66
18315.66
18315.66
18315.66
18315.66
18315.66
18315.66
18315.66
18315.66
18315.66
18315.66
18315.66
18315.66
18315.66
18315.66
18315.66
18315.66
18315.66
18315.66
18315.66
18315.66
18315.66
18315.66
18315.66
18315.66
18315.66
18315.66
18094.99
18094.99
18094.99
18094.99
18094.99
18094.99
18094.99
18094.99
18094.99
18094.99
18094.99
18094.99
18094.99
18094.99
18094.99
18094.99
18094.99
18094.99
18094.99
18094.99
18094.99
18094.99
18094.99
18094.99
18094.99
18094.99
18094.99
18094.99
18094.99
18094.99
18094.99
18094.99
18094.99
18094.99
18094.99
18094.99
18094.99
18094.99
18094.99
18094.99
18094.99
18094.99
18094.99
18094.99
18094.99
18094.99
18094.99
18094.99
18094.99
18094.99
18094.99
18094.99
18094.99
18094.99
18094.99
18094.99
18094.99
18094.99
18094.99
18094.99
18094.99
18094.99
18094.99
18094.99
18094.99
18094.99
18094.99
18094.99
18094.99
18094.99
18094.99
18094.99
18094.99
18094.99
18094.99
18094.99
18094.99
18094.99
18094.99
18094.99
18094.99
18094.99
18094.99
18094.99
18094.99
18094.99
18094.99
18094.99
18094.99
18094.99
18094.99
18094.99
18094.99
18094.99
18094.99
18094.99
18094.99
18094.99
18094.99
17874.32
17874.32
17874.32
17874.32
17874.32
17874.32
17874.32
17874.32
17874.32
17874.32
17874.32
17874.32
17874.32
17874.32
17874.32
17874.32
17874.32
17874.32
17874.32
17874.32
17874.32
17874.32
17874.32
17874.32
17874.32
17874.32
17874.32
17874.32
17874.32
17874.32
17874.32
17874.32
17874.32
17874.32
17874.32
17874.32
17874.32
17874.32
17874.32
17874.32
17874.32
17874.32
17874.32
17874.32
17874.32
17874.32
17874.32
17874.32
17874.32
17874.32
17874.32
17874.32
17874.32
17874.32
17874.32
17874.32
17874.32
17874.32
17874.32
17874.32
17874.32
17874.32
17874.32
17874.32
17874.32
17874.32
17874.32
17874.32
17874.32
17874.32
17874.32
17874.32
17874.32
17874.32
17874.32
17874.32
17874.32
17874.32
17874.32
17874.32
17874.32
17874.32
17874.32
17874.32
17874.32
17874.32
17874.32
17874.32
17874.32
17874.32
17874.32
17874.32
17874.32
17874.32
17874.32
17874.32
17874.32
17874.32
17874.32
17874.32
17653.65
17653.65
17653.65
17653.65
17653.65
17653.65
17653.65
17653.65
17653.65
17653.65
17653.65
17653.65
17653.65
17653.65
17653.65
17653.65
17653.65
17653.65
17653.65
17653.65
17653.65
17653.65
17653.65
17653.65
17653.65
17653.65
17653.65
17653.65
17653.65
17653.65
17653.65
17653.65
17653.65
17653.65
17653.65
17653.65
17653.65
17653.65
17653.65
17653.65
17653.65
17653.65
17653.65
17653.65
17653.65
17653.65
17653.65
17653.65
17653.65
17653.65
17653.65
17653.65
17653.65
17653.65
17653.65
17653.65
17653.65
17653.65
17653.65
17653.65
17653.65
17653.65
17653.65
17653.65
17653.65
17653.65
17653.65
17653.65
17653.65
17653.65
17653.65
17653.65
17653.65
17653.65
17653.65
17653.65
17653.65
17653.65
17653.65
17653.65
17653.65
17653.65
17653.65
17653.65
17653.65
17653.65
17653.65
17653.65
17653.65
17653.65
17653.65
17653.65
17653.65
17653.65
17653.65
17653.65
17653.65
17653.65
17653.65
17653.65
17653.65
17653.65
17432.98
17432.98
17432.98
17432.98
17432.98
17432.98
17432.98
17432.98
17432.98
17432.98
17432.98
17432.98
17432.98
17432.98
17432.98
17432.98
17432.98
17432.98
17432.98
17432.98
17432.98
17432.98
17432.98
17432.98
17432.98
17432.98
17432.98
17432.98
17432.98
17432.98
17432.98
17432.98
17432.98
17432.98
17432.98
17432.98
17432.98
17432.98
17432.98
17432.98
17432.98
17432.98
17432.98
17432.98
17432.98
17432.98
17432.98
17432.98
17432.98
17432.98
17432.98
17432.98
17432.98
17432.98
17432.98
17432.98
17432.98
17432.98
17432.98
17432.98
17432.98
17432.98
17432.98
17432.98
17432.98
17432.98
17432.98
17432.98
17432.98
17432.98
17432.98
17432.98
17432.98
17432.98
17432.98
17432.98
17432.98
17432.98
17432.98
17432.98
17432.98
17432.98
17432.98
17432.98
17432.98
17432.98
17432.98
17432.98
17432.98
17432.98
17432.98
17432.98
17432.98
17432.98
17432.98
17432.98
17432.98
17432.98
17432.98
17432.98
17432.98
17432.98
17432.98
17212.31
17212.31
17212.31
17212.31
17212.31
17212.31
17212.31
17212.31
17212.31
17212.31
17212.31
17212.31
17212.31
17212.31
17212.31
17212.31
17212.31
17212.31
17212.31
17212.31
17212.31
17212.31
17212.31
17212.31
17212.31
17212.31
17212.31
17212.31
17212.31
17212.31
17212.31
17212.31
17212.31
17212.31
17212.31
17212.31
17212.31
17212.31
17212.31
17212.31
17212.31
17212.31
17212.31
17212.31
17212.31
17212.31
17212.31
17212.31
17212.31
17212.31
17212.31
17212.31
17212.31
17212.31
17212.31
17212.31
17212.31
17212.31
17212.31
17212.31
17212.31
17212.31
17212.31
17212.31
17212.31
17212.31
17212.31
17212.31
17212.31
17212.31
17212.31
17212.31
17212.31
17212.31
17212.31
17212.31
17212.31
17212.31
17212.31
17212.31
17212.31
17212.31
17212.31
17212.31
17212.31
17212.31
17212.31
17212.31
17212.31
17212.31
17212.31
17212.31
17212.31
17212.31
17212.31
17212.31
17212.31
17212.31
17212.31
17212.31
17212.31
17212.31
17212.31
17212.31
16991.64
16991.64
16991.64
16991.64
16991.64
16991.64
16991.64
16991.64
16991.64
16991.64
16991.64
16991.64
16991.64
16991.64
16991.64
16991.64
16991.64
16991.64
16991.64
16991.64
16991.64
16991.64
16991.64
16991.64
16991.64
16991.64
16991.64
16991.64
16991.64
16991.64
16991.64
16991.64
16991.64
16991.64
16991.64
16991.64
16991.64
16991.64
16991.64
16991.64
16991.64
16991.64
16991.64
16991.64
16991.64
16991.64
16991.64
16991.64
16991.64
16991.64
16991.64
16991.64
16991.64
16991.64
16991.64
16991.64
16991.64
16991.64
16991.64
16991.64
16991.64
16991.64
16991.64
16991.64
16991.64
16991.64
16991.64
16991.64
16991.64
16991.64
16991.64
16991.64
16991.64
16991.64
16991.64
16991.64
16991.64
16991.64
16991.64
16991.64
16991.64
16991.64
16991.64
16991.64
16991.64
16991.64
16991.64
16991.64
16991.64
16991.64
16991.64
16991.64
16991.64
16991.64
16991.64
16991.64
16991.64
16991.64
16991.64
16991.64
16991.64
16991.64
16991.64
16991.64
16991.64
16770.96
16770.96
16770.96
16770.96
16770.96
16770.96
16770.96
16770.96
16770.96
16770.96
16770.96
16770.96
16770.96
16770.96
16770.96
16770.96
16770.96
16770.96
16770.96
16770.96
16770.96
16770.96
16770.96
16770.96
16770.96
16770.96
16770.96
16770.96
16770.96
16770.96
16770.96
16770.96
16770.96
16770.96
16770.96
16770.96
16770.96
16770.96
16770.96
16770.96
16770.96
16770.96
16770.96
16770.96
16770.96
16770.96
16770.96
16770.96
16770.96
16770.96
16770.96
16770.96
16770.96
16770.96
16770.96
16770.96
16770.96
16770.96
16770.96
16770.96
16770.96
16770.96
16770.96
16770.96
16770.96
16770.96
16770.96
16770.96
16770.96
16770.96
16770.96
16770.96
16770.96
16770.96
16770.96
16770.96
16770.96
16770.96
16770.96
16770.96
16770.96
16770.96
16770.96
16770.96
16770.96
16770.96
16770.96
16770.96
16770.96
16770.96
16770.96
16770.96
16770.96
16770.96
16770.96
16770.96
16770.96
16770.96
16770.96
16770.96
16770.96
16770.96
16770.96
16770.96
16770.96
16770.96
16550.29
16550.29
16550.29
16550.29
16550.29
16550.29
16550.29
16550.29
16550.29
16550.29
16550.29
16550.29
16550.29
16550.29
16550.29
16550.29
16550.29
16550.29
16550.29
16550.29
16550.29
16550.29
16550.29
16550.29
16550.29
16550.29
16550.29
16550.29
16550.29
16550.29
16550.29
16550.29
16550.29
16550.29
16550.29
16550.29
16550.29
16550.29
16550.29
16550.29
16550.29
16550.29
16550.29
16550.29
16550.29
16550.29
16550.29
16550.29
16550.29
16550.29
16550.29
16550.29
16550.29
16550.29
16550.29
16550.29
16550.29
16550.29
16550.29
16550.29
16550.29
16550.29
16550.29
16550.29
16550.29
16550.29
16550.29
16550.29
16550.29
16550.29
16550.29
16550.29
16550.29
16550.29
16550.29
16550.29
16550.29
16550.29
16550.29
16550.29
16550.29
16550.29
16550.29
16550.29
16550.29
16550.29
16550.29
16550.29
16550.29
16550.29
16550.29
16550.29
16550.29
16550.29
16550.29
16550.29
16550.29
16550.29
16550.29
16550.29
16550.29
16550.29
16550.29
16550.29
16550.29
16550.29
16550.29
16550.29
16550.29
16329.62
16329.62
16329.62
16329.62
16329.62
16329.62
16329.62
16329.62
16329.62
16329.62
16329.62
16329.62
16329.62
16329.62
16329.62
16329.62
16329.62
16329.62
16329.62
16329.62
16329.62
16329.62
16329.62
16329.62
16329.62
16329.62
16329.62
16329.62
16329.62
16329.62
16329.62
16329.62
16329.62
16329.62
16329.62
16329.62
16329.62
16329.62
16329.62
16329.62
16329.62
16329.62
16329.62
16329.62
16329.62
16329.62
16329.62
16329.62
16329.62
16329.62
16329.62
16329.62
16329.62
16329.62
16329.62
16329.62
16329.62
16329.62
16329.62
16329.62
16329.62
16329.62
16329.62
16329.62
16329.62
16329.62
16329.62
16329.62
16329.62
16329.62
16329.62
16329.62
16329.62
16329.62
16329.62
16329.62
16329.62
16329.62
16329.62
16329.62
16329.62
16329.62
16329.62
16329.62
16329.62
16329.62
16329.62
16329.62
16329.62
16329.62
16329.62
16329.62
16329.62
16329.62
16329.62
16329.62
16329.62
16329.62
16329.62
16329.62
16329.62
16329.62
16329.62
16329.62
16329.62
16329.62
16329.62
