IEC 61083-2 TDG Version 2.1.0
Data File Version  2.1.0
05 LI-A5
16 bits, 25995 samples at 10ns
1.000000e-008
0.00
0.00
0.00
0.00
0.00
0.00
0.00
0.00
0.00
0.00
0.00
0.00
0.00
0.00
0.00
0.00
0.00
0.00
0.00
0.00
0.00
0.00
0.00
0.00
0.00
0.00
0.00
0.00
0.00
0.00
0.00
0.00
0.00
0.00
0.00
0.00
0.00
0.00
0.00
0.00
0.00
0.00
0.00
0.00
0.00
0.00
0.00
0.00
0.00
0.00
0.00
0.00
0.00
0.00
0.00
0.00
0.00
0.00
0.00
0.00
0.00
0.00
0.00
0.00
0.00
0.00
0.00
0.00
0.00
0.00
0.00
0.00
0.00
0.00
0.00
0.00
0.00
0.00
0.00
0.00
0.00
0.00
0.00
0.00
0.00
0.00
0.00
0.00
0.00
0.00
0.00
0.00
0.00
0.00
0.00
0.00
0.00
0.00
0.00
0.00
0.00
0.00
0.00
0.00
0.00
0.00
0.00
0.00
0.00
0.00
0.00
0.00
0.00
0.00
0.00
0.00
0.00
0.00
0.00
0.00
0.00
0.00
0.00
0.00
0.00
0.00
0.00
0.00
0.00
0.00
0.00
0.00
0.00
0.00
0.00
0.00
0.00
0.00
0.00
0.00
0.00
0.00
0.00
0.00
0.00
0.00
0.00
0.00
0.00
0.00
0.00
0.00
0.00
0.00
0.00
0.00
0.00
0.00
0.00
0.00
0.00
0.00
0.00
0.00
0.00
0.00
0.00
0.00
0.00
0.00
0.00
0.00
0.00
0.00
0.00
0.00
0.00
0.00
0.00
0.00
0.00
0.00
0.00
0.00
0.00
0.00
0.00
0.00
0.00
0.00
0.00
0.00
0.00
0.00
0.00
0.00
0.00
0.00
0.00
0.00
0.00
0.00
0.00
0.00
0.00
0.00
0.00
0.00
0.00
0.00
0.00
0.00
0.00
0.00
0.00
0.00
0.00
0.00
0.00
0.00
0.00
0.00
0.00
0.00
0.00
0.00
0.00
0.00
0.00
0.00
0.00
0.00
0.00
0.00
0.00
0.00
0.00
0.00
0.00
0.00
0.00
0.00
0.00
0.00
0.00
0.00
0.00
0.00
0.00
0.00
0.00
0.00
0.00
0.00
0.00
0.00
0.00
0.00
0.00
0.00
0.00
0.00
0.00
0.00
0.00
0.00
0.00
0.00
0.00
0.00
0.00
0.00
0.00
0.00
0.00
0.00
0.00
0.00
0.00
0.00
0.00
0.00
0.00
0.00
0.00
0.00
0.00
0.00
0.00
0.00
0.00
0.00
0.00
0.00
0.00
0.00
0.00
0.00
0.00
0.00
0.00
0.00
0.00
0.00
0.00
0.00
0.00
0.00
0.00
0.00
0.00
0.00
0.00
0.00
0.00
0.00
0.00
0.00
0.00
0.00
0.00
0.00
0.00
0.00
0.00
0.00
0.00
0.00
0.00
0.00
0.00
0.00
0.00
0.00
0.00
0.00
0.00
0.00
0.00
0.00
0.00
0.00
0.00
0.00
0.00
0.00
0.00
0.00
0.00
0.00
0.00
0.00
0.00
0.00
0.00
0.00
0.00
0.00
0.00
0.00
0.00
0.00
0.00
0.00
0.00
0.00
0.00
0.00
0.00
0.00
0.00
0.00
0.00
0.00
0.00
0.00
0.00
0.00
0.00
0.00
0.00
0.00
0.00
0.00
0.00
0.00
0.00
0.00
0.00
0.00
0.00
0.00
0.00
0.00
0.00
0.00
0.00
0.00
0.00
0.00
0.00
0.00
0.00
0.00
0.00
0.00
0.00
0.00
0.00
0.00
0.00
0.00
0.00
0.00
0.00
0.00
0.00
0.00
0.00
0.00
0.00
0.00
0.00
0.00
0.00
0.00
0.00
0.00
0.00
0.00
0.00
0.00
0.00
0.00
0.00
0.00
0.00
0.00
0.00
0.00
0.00
0.00
0.00
0.00
0.00
0.00
0.00
0.00
0.00
0.00
0.00
0.00
0.00
0.00
0.00
0.00
0.00
0.00
0.00
0.00
0.00
0.00
0.00
0.00
0.00
0.00
0.00
0.00
0.00
0.00
0.00
0.00
0.00
0.00
0.00
0.00
0.00
0.00
0.00
0.00
0.00
0.00
0.00
0.00
0.00
0.00
0.00
0.00
0.00
0.00
0.00
0.00
0.00
0.00
0.00
0.00
0.00
0.00
0.00
0.00
0.00
0.00
0.00
0.00
0.00
0.00
0.00
0.00
0.00
0.00
0.00
0.00
0.00
0.00
0.00
0.00
0.00
0.00
0.00
0.00
0.00
0.00
0.00
0.00
0.00
0.00
0.00
0.00
0.00
0.00
0.00
0.00
0.00
0.00
0.00
0.00
0.00
0.00
0.00
0.00
0.00
0.00
0.00
0.00
0.00
0.00
0.00
0.00
0.00
0.00
0.00
0.00
0.00
0.00
0.00
0.00
0.00
0.00
0.00
0.00
0.00
0.00
0.00
0.00
0.00
0.00
0.00
0.00
0.00
0.00
0.00
0.00
0.00
0.00
0.00
0.00
0.00
0.00
0.00
0.00
0.00
0.00
0.00
0.00
0.00
0.00
0.00
0.00
0.00
0.00
0.00
0.00
0.00
0.00
0.00
0.00
0.00
0.00
0.00
0.00
0.00
0.00
0.00
0.00
0.00
0.00
0.00
0.00
0.00
0.00
0.00
0.00
0.00
0.00
0.00
0.00
0.00
0.00
0.00
0.00
0.00
0.00
0.00
0.00
0.00
0.00
0.00
0.00
0.00
0.00
0.00
0.00
0.00
0.00
0.00
0.00
0.00
0.00
0.00
0.00
0.00
0.00
0.00
0.00
0.00
0.00
0.00
0.00
0.00
0.00
0.00
0.00
0.00
0.00
0.00
0.00
0.00
0.00
0.00
0.00
0.00
0.00
0.00
0.00
0.00
0.00
0.00
0.00
0.00
0.00
0.00
0.00
0.00
0.00
0.00
0.00
0.00
0.00
0.00
0.00
0.00
0.00
0.00
0.00
0.00
0.00
0.00
0.00
0.00
0.00
0.00
0.00
0.00
0.00
0.00
0.00
0.00
0.00
0.00
0.00
0.00
0.00
0.00
0.00
0.00
0.00
0.00
0.00
0.00
0.00
0.00
0.00
0.00
0.00
0.00
0.00
0.00
0.00
0.00
0.00
0.00
0.00
0.00
0.00
0.00
0.00
0.00
0.00
0.00
0.00
0.00
0.00
0.00
0.00
0.00
0.00
0.00
0.00
0.00
0.00
0.00
0.00
0.00
0.00
0.00
0.00
0.00
0.00
0.00
0.00
0.00
0.00
0.00
0.00
0.00
0.00
0.00
0.00
0.00
0.00
0.00
0.00
0.00
0.00
0.00
0.00
0.00
0.00
0.00
0.00
0.00
0.00
0.00
0.00
0.00
0.00
0.00
0.00
0.00
0.00
0.00
0.00
0.00
0.00
0.00
0.00
0.00
0.00
0.00
0.00
0.00
0.00
0.00
0.00
0.00
0.00
0.00
0.00
0.00
0.00
0.00
0.00
0.00
0.00
0.00
0.00
0.00
0.00
0.00
0.00
0.00
0.00
0.00
0.00
0.00
0.00
0.00
0.00
0.00
0.00
0.00
0.00
0.00
0.00
0.00
0.00
0.00
0.00
0.00
0.00
0.00
0.00
0.00
0.00
0.00
0.00
0.00
0.00
0.00
0.00
0.00
0.00
0.00
0.00
0.00
0.00
0.00
0.00
0.00
0.00
0.00
0.00
0.00
0.00
0.00
0.00
0.00
0.00
0.00
0.00
0.00
0.00
0.00
0.00
0.00
0.00
0.00
0.00
0.00
0.00
0.00
0.00
0.00
0.00
0.00
0.00
0.00
0.00
0.00
0.00
0.00
0.00
0.00
0.00
0.00
0.00
0.00
0.00
0.00
0.00
0.00
0.00
0.00
0.00
0.00
0.00
0.00
0.00
0.00
0.00
0.00
0.00
0.00
0.00
0.00
0.00
0.00
0.00
0.00
0.00
0.00
0.00
0.00
0.00
0.00
0.00
0.00
0.00
0.00
0.00
0.00
0.00
0.00
0.00
0.00
0.00
0.00
0.00
0.00
0.00
0.00
0.00
0.00
0.00
0.00
0.00
0.00
0.00
0.00
0.00
0.00
0.00
0.00
0.00
0.00
0.00
0.00
0.00
0.00
0.00
0.00
0.00
0.00
0.00
0.00
0.00
0.00
0.00
0.00
0.00
0.00
0.00
0.00
0.00
0.00
0.00
0.00
0.00
0.00
0.00
0.00
0.00
0.00
0.00
0.00
0.00
0.00
0.00
0.00
0.00
0.00
0.00
0.00
0.00
0.00
0.00
0.00
0.00
0.00
0.00
0.00
0.00
0.00
0.00
0.00
0.00
0.00
0.00
0.00
0.00
0.00
8.85
36.53
81.91
144.99
224.69
322.09
433.88
563.38
708.37
867.75
1043.74
1233.01
1435.56
1653.60
1884.93
2129.54
2387.43
2655.28
2937.52
3230.83
3536.32
3852.87
4179.38
4518.07
4865.62
5223.12
5590.59
5966.91
6353.20
6748.33
7150.11
7561.85
7981.34
8408.58
8842.45
9282.97
9731.24
10186.14
10646.58
11113.66
11586.28
12064.43
12548.11
13036.23
13528.76
14027.94
14529.34
15036.26
15546.51
16060.08
16578.08
17098.29
17621.82
18148.67
18676.62
19210.11
19742.50
20278.20
20817.23
21355.15
21896.39
22438.73
22981.08
23526.74
24071.30
24616.97
25161.53
25709.41
26256.18
26801.85
27348.62
27894.29
28441.06
28984.52
29529.08
30072.53
30615.98
31157.22
31697.35
32236.38
32774.30
33310.00
33843.49
34374.77
34906.05
35435.11
35960.86
36484.38
37005.70
37524.80
38041.69
38555.26
39066.62
39574.65
40080.47
40584.08
41083.26
41579.12
42072.76
42564.19
43050.09
43532.67
44013.03
44491.18
44963.80
45431.99
45897.96
46360.61
46818.84
47271.53
47723.12
48170.28
48613.01
49051.31
49486.30
49915.75
50342.98
50764.69
51183.07
51597.02
52007.65
52412.75
52814.53
53211.88
53602.59
53993.30
54376.27
54755.91
55131.12
55501.91
55868.27
56230.20
56586.60
56940.79
57289.44
57633.66
57973.46
58308.83
58639.77
58965.18
59288.37
59604.92
59918.16
60226.96
60531.34
60830.18
61126.81
61416.80
61703.47
61985.71
62263.53
62535.81
62805.87
63070.40
63330.51
63587.29
63838.54
64085.37
64327.76
64566.84
64802.59
65032.81
65259.71
65482.18
65699.12
65913.85
66123.04
66330.01
66531.46
66729.58
66922.17
67112.54
67298.49
67480.01
67659.31
67833.09
68004.64
68170.67
68333.37
68492.76
68648.82
68800.45
68949.88
69093.76
69235.44
69372.68
69507.72
69638.32
69764.50
69889.57
70010.22
70126.43
70240.44
70352.23
70458.48
70563.63
70664.35
70761.75
70856.94
70948.81
71038.46
71124.79
71207.81
71287.50
71363.87
71439.13
71509.97
71579.70
71645.00
71708.09
71770.07
71827.63
71881.86
71934.99
71985.91
72033.50
72078.88
72123.15
72163.00
72202.84
72238.26
72271.47
72304.67
72333.45
72360.01
72386.58
72408.71
72430.85
72449.67
72467.38
72481.77
72493.94
72505.01
72516.08
72522.72
72528.25
72532.68
72534.89
72536.00
72534.89
72531.57
72527.15
72521.61
72514.97
72505.01
72495.05
72483.98
72470.70
72455.20
72439.71
72423.10
72404.29
72384.36
72363.33
72341.20
72316.85
72293.60
72267.04
72240.48
72212.81
72185.14
72154.14
72123.15
72092.16
72058.96
72025.75
71990.33
71956.02
71919.50
71880.76
71844.23
71805.49
71766.75
71726.91
71685.96
71643.90
71601.84
71558.67
71515.50
71473.44
71428.06
71382.68
71337.30
71291.92
71244.33
71198.95
71150.25
71102.66
71055.06
71006.36
70957.66
70908.96
70859.15
70808.24
70758.43
70708.63
70657.71
70606.80
70555.88
70503.86
70452.95
70400.93
70348.91
70296.89
70244.87
70191.74
70138.61
70087.70
70034.57
69981.44
69929.42
69876.29
69824.27
69770.04
69718.01
69664.89
69611.76
69559.74
69507.72
69454.59
69402.57
69349.44
69297.42
69244.29
69192.27
69140.25
69088.23
69036.21
68985.29
68933.27
68882.36
68831.45
68780.53
68728.51
68677.60
68627.79
68577.98
68528.17
68478.37
68428.56
68379.86
68330.05
68281.35
68232.65
68185.06
68136.36
68088.76
68040.06
67993.58
67947.09
67899.50
67853.01
67807.63
67761.14
67715.76
67670.38
67625.00
67580.73
67536.46
67492.18
67447.91
67404.74
67362.68
67319.52
67277.46
67235.40
67193.34
67152.39
67111.43
67070.48
67029.53
66989.68
66950.94
66909.99
66872.36
66833.62
66795.99
66757.25
66719.62
66681.98
66645.46
66608.93
66572.41
66535.88
66501.57
66467.26
66431.84
66397.53
66362.11
66330.01
66295.70
66262.50
66230.40
66197.19
66165.10
66135.21
66103.11
66071.02
66042.24
66011.25
65981.36
65951.48
65922.70
65892.82
65865.15
65836.37
65808.70
65781.03
65753.36
65726.79
65700.23
65673.66
65647.10
65622.75
65596.19
65571.84
65547.49
65523.14
65498.78
65474.43
65451.19
65429.05
65405.81
65382.57
65360.43
65338.29
65316.16
65296.24
65274.10
65253.07
65232.04
65212.12
65193.30
65172.27
65153.45
65133.53
65115.82
65097.01
65077.08
65059.37
65040.56
65023.96
65007.35
64989.64
64973.04
64956.44
64938.73
64922.13
64906.63
64891.14
64875.64
64861.25
64844.65
64830.26
64815.87
64800.38
64785.99
64772.71
64758.32
64745.03
64731.75
64718.47
64705.19
64691.91
64679.73
64666.45
64654.27
64642.10
64631.03
64617.75
64606.68
64595.61
64584.54
64572.37
64561.30
64551.34
64540.27
64530.31
64519.24
64509.28
64498.21
64489.36
64480.50
64469.43
64459.47
64450.62
64441.76
64430.70
64421.84
64412.99
64405.24
64396.38
64387.53
64378.67
64369.82
64362.07
64354.32
64346.58
64338.83
64329.97
64322.23
64314.48
64307.84
64300.09
64293.45
64283.49
64276.85
64270.21
64263.56
64256.92
64250.28
64241.43
64234.79
64228.15
64222.61
64215.97
64208.22
64202.69
64194.94
64189.41
64182.77
64176.13
64170.59
64165.06
64158.42
64152.88
64146.24
64139.60
64134.07
64128.53
64123.00
64116.36
64110.82
64105.29
64098.65
64093.11
64087.58
64080.94
64076.51
64070.98
64065.44
64059.91
64054.37
64047.73
64042.20
64037.77
64031.13
64026.70
64021.17
64015.63
64011.21
64003.46
63999.03
63993.50
63987.96
63983.54
63978.00
63972.47
63966.93
63961.40
63955.87
63950.33
63944.80
63939.26
63934.84
63929.30
63923.77
63919.34
63912.70
63907.17
63901.63
63896.10
63891.67
63885.03
63880.60
63875.07
63869.53
63862.89
63858.47
63851.82
63847.40
63841.86
63836.33
63830.79
63825.26
63819.73
63813.09
63807.55
63802.02
63796.48
63790.95
63785.41
63779.88
63774.35
63766.60
63762.17
63756.64
63750.00
63744.46
63738.93
63732.29
63726.75
63720.11
63714.58
63707.94
63702.40
63696.87
63690.23
63684.69
63679.16
63671.41
63665.88
63659.24
63653.70
63647.06
63641.53
63634.89
63629.35
63621.60
63614.96
63609.43
63602.79
63596.15
63589.51
63583.97
63576.22
63569.58
63562.94
63557.41
63550.77
63544.13
63537.49
63529.74
63523.10
63516.46
63509.81
63503.17
63496.53
63489.89
63482.14
63475.50
63468.86
63461.11
63454.47
63447.83
63441.19
63433.44
63425.70
63419.05
63411.31
63404.67
63398.02
63390.28
63383.64
63374.78
63368.14
63361.50
63353.75
63347.11
63338.26
63331.61
63323.87
63316.12
63309.48
63301.73
63293.98
63286.23
63278.49
63271.85
63264.10
63256.35
63247.50
63239.75
63232.00
63225.36
63217.61
63209.86
63201.01
63193.26
63186.62
63178.87
63171.12
63163.38
63153.42
63145.67
63137.92
63130.17
63122.42
63114.68
63105.82
63098.07
63090.33
63082.58
63074.83
63067.08
63058.23
63050.48
63041.63
63033.88
63026.13
63018.38
63009.53
63000.67
62992.93
62984.07
62976.32
62966.36
62958.61
62950.87
62942.01
62934.26
62926.52
62916.55
62908.81
62899.95
62892.20
62884.46
62875.60
62866.75
62857.89
62850.14
62841.29
62833.54
62823.58
62815.83
62806.98
62799.23
62790.38
62782.63
62772.67
62764.92
62756.06
62747.21
62739.46
62729.50
62721.75
62712.90
62704.04
62696.30
62687.44
62677.48
62669.73
62660.88
62653.13
62644.27
62635.42
62626.57
62618.82
62609.96
62601.11
62593.36
62583.40
62574.54
62565.69
62557.94
62549.09
62539.13
62531.38
62522.52
62513.67
62504.81
62497.07
62487.10
62478.25
62469.40
62461.65
62452.79
62442.83
62433.98
62425.12
62417.37
62408.52
62398.56
62389.70
62380.85
62373.10
62364.25
62355.39
62346.54
62337.68
62329.94
62321.08
62312.23
62302.26
62294.52
62285.66
62276.81
62267.95
62259.10
62250.24
62241.39
62232.53
62223.68
62214.83
62205.97
62197.12
62188.26
62179.41
62170.55
62161.70
62152.84
62143.99
62135.13
62126.28
62118.53
62108.57
62099.71
62091.97
62083.11
62075.36
62065.40
62056.55
62047.69
62038.84
62031.09
62021.13
62012.28
62003.42
61995.67
61986.82
61977.96
61968.00
61960.25
61951.40
61942.55
61933.69
61923.73
61915.98
61907.13
61898.27
61889.42
61881.67
61871.71
61862.85
61855.11
61846.25
61837.40
61827.44
61819.69
61810.83
61803.08
61794.23
61786.48
61776.52
61767.67
61759.92
61751.06
61742.21
61733.35
61724.50
61715.65
61707.90
61699.04
61689.08
61681.33
61672.48
61663.62
61655.88
61647.02
61637.06
61629.31
61620.46
61611.60
61603.86
61593.89
61585.04
61577.29
61568.44
61559.58
61551.83
61541.87
61534.13
61525.27
61516.42
61508.67
61498.71
61490.96
61482.10
61473.25
61465.50
61456.65
61447.79
61438.94
61430.08
61422.34
61413.48
61404.63
61395.77
61388.02
61379.17
61370.31
61362.57
61352.61
61344.86
61336.00
61328.26
61319.40
61310.55
61301.69
61293.94
61285.09
61277.34
61268.49
61259.63
61250.78
61243.03
61234.18
61226.43
61216.47
61208.72
61199.86
61192.12
61183.26
61175.51
61165.55
61157.80
61148.95
61141.20
61132.35
61124.60
61114.64
61106.89
61098.04
61090.29
61081.43
61072.58
61064.83
61055.98
61048.23
61039.37
61031.63
61021.66
61013.92
61006.17
60997.31
60989.57
60979.60
60971.86
60963.00
60955.25
60947.51
60938.65
60929.80
60920.94
60913.19
60905.45
60896.59
60888.84
60878.88
60871.14
60863.39
60854.53
60846.79
60837.93
60829.08
60821.33
60812.47
60804.73
60796.98
60787.02
60779.27
60771.52
60762.67
60754.92
60747.17
60737.21
60729.46
60720.61
60712.86
60705.11
60695.15
60687.40
60679.65
60670.80
60663.05
60655.30
60645.34
60637.59
60629.85
60620.99
60613.24
60605.50
60595.54
60587.79
60578.93
60571.18
60562.33
60553.48
60545.73
60536.87
60529.13
60521.38
60512.52
60503.67
60495.92
60488.17
60479.32
60471.57
60463.82
60453.86
60446.11
60438.37
60430.62
60421.76
60412.91
60405.16
60396.31
60388.56
60380.81
60373.06
60363.10
60355.35
60347.61
60339.86
60331.00
60323.26
60314.40
60305.55
60297.80
60290.05
60282.30
60272.34
60264.59
60255.74
60247.99
60239.14
60231.39
60222.53
60214.79
60205.93
60198.18
60190.44
60182.69
60172.73
60164.98
60157.23
60149.48
60140.63
60132.88
60124.03
60116.28
60108.53
60099.68
60091.93
60083.07
60075.33
60066.47
60058.72
60050.98
60043.23
60034.37
60025.52
60017.77
60010.02
60001.17
59993.42
59983.46
59975.71
59967.96
59960.22
59951.36
59943.61
59934.76
59927.01
59919.26
59910.41
59902.66
59893.81
59886.06
59878.31
59869.46
59861.71
59853.96
59845.11
59837.36
59828.50
59820.76
59813.01
59805.26
59796.40
59787.55
59779.80
59772.05
59764.31
59755.45
59746.60
59737.74
59730.00
59722.25
59714.50
59705.65
59696.79
59689.04
59681.29
59673.55
59665.80
59656.94
59648.09
59640.34
59632.59
59624.85
59617.10
59608.24
59599.39
59591.64
59583.89
59576.15
59568.40
59559.54
59550.69
59542.94
59534.09
59526.34
59518.59
59509.74
59500.88
59493.13
59485.39
59477.64
59468.78
59461.04
59453.29
59444.43
59436.69
59428.94
59420.08
59412.34
59404.59
59396.84
59387.99
59380.24
59371.38
59363.64
59355.89
59347.03
59339.28
59330.43
59321.58
59313.83
59306.08
59298.33
59290.58
59282.84
59272.88
59265.13
59257.38
59249.63
59241.88
59233.03
59225.28
59217.53
59208.68
59200.93
59193.18
59184.33
59176.58
59168.83
59159.98
59152.23
59144.48
59134.52
59126.77
59119.03
59111.28
59103.53
59095.78
59086.93
59079.18
59071.43
59062.58
59054.83
59047.08
59038.23
59030.48
59022.73
59014.98
59007.24
58999.49
58989.53
58981.78
58972.92
58965.18
58957.43
58948.57
58940.83
58933.08
58925.33
58917.58
58909.84
58900.98
58893.23
58884.38
58876.63
58868.88
58861.13
58852.28
58844.53
58836.78
58829.04
58820.18
58812.43
58803.58
58795.83
58788.08
58780.34
58771.48
58763.73
58754.88
58747.13
58739.38
58731.64
58723.89
58716.14
58707.29
58699.54
58691.79
58684.04
58676.29
58667.44
58658.59
58650.84
58643.09
58634.24
58626.49
58617.63
58609.88
58602.14
58594.39
58586.64
58578.89
58570.04
58562.29
58554.54
58546.80
58539.05
58531.30
58522.45
58513.59
58505.84
58498.10
58490.35
58482.60
58473.75
58466.00
58458.25
58450.50
58442.75
58435.01
58426.15
58418.40
58410.66
58402.91
58394.05
58386.31
58377.45
58369.70
58360.85
58353.10
58345.35
58337.61
58328.75
58321.00
58313.25
58305.51
58297.76
58290.01
58281.16
58273.41
58265.66
58257.91
58250.17
58242.42
58233.56
58224.71
58216.96
58209.21
58201.47
58192.61
58184.86
58177.12
58169.37
58161.62
58153.87
58145.02
58138.38
58130.63
58122.88
58115.13
58106.28
58097.42
58089.68
58081.93
58074.18
58066.43
58058.68
58049.83
58042.08
58034.33
58026.59
58018.84
58011.09
58002.24
57994.49
57986.74
57978.99
57971.24
57962.39
57953.54
57945.79
57938.04
57930.29
57922.54
57914.80
57905.94
57899.30
57891.55
57883.81
57876.06
57868.31
57859.46
57851.71
57842.85
57835.11
57827.36
57819.61
57810.75
57803.01
57795.26
57787.51
57779.76
57772.02
57764.27
57756.52
57748.77
57741.02
57733.28
57724.42
57715.57
57707.82
57700.07
57692.32
57684.58
57676.83
57667.97
57661.33
57653.59
57645.84
57638.09
57630.34
57621.49
57613.74
57604.88
57597.14
57589.39
57581.64
57573.89
57566.15
57558.40
57550.65
57542.90
57535.15
57526.30
57518.55
57510.80
57503.06
57495.31
57487.56
57478.71
57470.96
57463.21
57455.46
57447.72
57439.97
57431.11
57424.47
57416.72
57408.98
57401.23
57393.48
57383.52
57375.77
57368.02
57361.38
57353.63
57345.89
57337.03
57329.28
57321.54
57313.79
57306.04
57299.40
57290.55
57281.69
57273.94
57266.20
57258.45
57250.70
57242.95
57235.20
57227.46
57219.71
57211.96
57204.21
57195.36
57188.72
57179.86
57172.11
57164.37
57156.62
57147.76
57140.02
57133.38
57125.63
57117.88
57110.13
57101.28
57093.53
57086.89
57078.03
57070.29
57062.54
57053.68
57045.94
57039.30
57031.55
57023.80
57016.05
57007.20
56999.45
56992.81
56985.06
56976.21
56968.46
56959.60
56952.96
56945.21
56937.47
56929.72
56921.97
56913.12
56906.48
56898.73
56890.98
56883.23
56874.38
56866.63
56858.88
56851.13
56843.39
56835.64
56829.00
56820.14
56812.40
56804.65
56796.90
56789.15
56781.40
56772.55
56764.80
56757.05
56750.41
56742.67
56734.92
56726.06
56718.32
56711.67
56703.93
56696.18
56687.32
56679.58
56671.83
56664.08
56656.33
56648.58
56641.94
56633.09
56625.34
56617.59
56610.95
56602.10
56594.35
56585.50
56577.75
56571.11
56563.36
56555.61
56547.86
56541.22
56532.37
56524.62
56516.87
56509.12
56501.38
56493.63
56484.77
56478.13
56470.39
56462.64
56454.89
56448.25
56439.39
56431.65
56423.90
56416.15
56408.40
56400.66
56391.80
56385.16
56377.41
56369.66
56361.92
56355.28
56346.42
56338.67
56330.93
56323.18
56315.43
56307.68
56299.93
56292.19
56284.44
56276.69
56270.05
56262.30
56253.45
56245.70
56237.95
56230.20
56222.46
56215.82
56206.96
56199.21
56191.46
56184.82
56177.08
56169.33
56160.47
56152.73
56144.98
56138.34
56130.59
56122.84
56113.99
56107.35
56099.60
56091.85
56084.10
56076.35
56068.61
56060.86
56053.11
56045.36
56037.62
56030.97
56023.23
56014.37
56007.73
55998.88
55991.13
55984.49
55976.74
55967.89
55961.24
55953.50
55945.75
55939.11
55931.36
55922.51
55914.76
55907.01
55899.26
55891.51
55884.87
55876.02
55868.27
55861.63
55853.88
55846.13
55838.39
55829.53
55821.78
55815.14
55807.40
55799.65
55793.01
55785.26
55777.51
55769.76
55760.91
55754.27
55746.52
55738.77
55731.02
55723.28
55715.53
55708.89
55701.14
55693.39
55684.54
55676.79
55669.04
55662.40
55654.65
55648.01
55639.16
55631.41
55624.77
55617.02
55608.17
55601.53
55592.67
55584.92
55578.28
55570.53
55563.89
55556.15
55547.29
55539.54
55531.80
55524.05
55517.41
55509.66
55503.02
55494.16
55486.42
55479.77
55472.03
55464.28
55456.53
55447.68
55441.04
55433.29
55425.54
55418.90
55411.15
55403.40
55395.66
55386.80
55380.16
55372.41
55365.77
55356.92
55349.17
55342.53
55334.78
55328.14
55319.28
55310.43
55303.79
55296.04
55289.40
55281.65
55273.90
55267.26
55258.41
55250.66
55242.91
55236.27
55228.52
55220.78
55213.03
55205.28
55198.64
55190.89
55183.14
55175.40
55166.54
55159.90
55152.15
55145.51
55137.76
55131.12
55123.38
55114.52
55106.77
55099.03
55092.38
55084.64
55078.00
55069.14
55061.39
55054.75
55047.00
55039.26
55031.51
55023.76
55016.01
55009.37
55001.62
54993.88
54987.24
54978.38
54970.63
54962.89
54956.24
54948.50
54941.86
54933.00
54926.36
54918.61
54910.86
54903.12
54895.37
54888.73
54879.87
54873.23
54865.48
54858.84
54851.10
54843.35
54834.49
54827.85
54820.10
54813.46
54805.72
54799.07
54790.22
54782.47
54774.72
54766.98
54760.34
54752.59
54745.95
54737.09
54730.45
54722.70
54716.06
54707.21
54700.57
54691.71
54685.07
54677.32
54670.68
54662.93
54656.29
54647.44
54639.69
54631.94
54625.30
54617.55
54610.91
54602.06
54595.42
54587.67
54579.92
54572.17
54565.53
54557.79
54550.04
54542.29
54535.65
54527.90
54520.15
54512.41
54504.66
54496.91
54490.27
54483.63
54475.88
54469.24
54460.39
54452.64
54444.89
54438.25
54430.50
54423.86
54416.11
54408.36
54400.62
54392.87
54385.12
54378.48
54370.73
54362.98
54356.34
54348.60
54341.95
54334.21
54326.46
54317.60
54310.96
54303.22
54296.57
54288.83
54282.19
54274.44
54265.58
54258.94
54251.19
54244.55
54236.81
54230.16
54221.31
54214.67
54205.81
54199.17
54192.53
54184.78
54178.14
54169.29
54162.65
54154.90
54147.15
54140.51
54132.76
54125.02
54117.27
54110.63
54102.88
54096.24
54088.49
54079.64
54073.00
54065.25
54058.61
54050.86
54044.22
54036.47
54027.62
54020.97
54013.23
54006.59
53999.94
53992.20
53984.45
53976.70
53968.95
53961.21
53954.56
53947.92
53939.07
53932.43
53924.68
53916.93
53910.29
53902.54
53895.90
53887.05
53880.41
53873.77
53866.02
53858.27
53851.63
53842.77
53836.13
53828.39
53821.75
53815.10
53807.36
53798.50
53790.75
53784.11
53777.47
53769.72
53763.08
53755.34
53746.48
53739.84
53732.09
53725.45
53718.81
53711.06
53703.31
53695.57
53687.82
53681.18
53673.43
53666.79
53660.15
53651.29
53644.65
53636.90
53629.16
53622.52
53614.77
53607.02
53600.38
53592.63
53585.99
53578.24
53570.50
53563.85
53556.11
53548.36
53541.72
53535.08
53526.22
53519.58
53511.83
53504.09
53497.44
53490.80
53483.06
53475.31
53466.45
53459.81
53453.17
53445.42
53438.78
53432.14
53424.39
53415.54
53408.90
53401.15
53394.51
53387.87
53380.12
53372.37
53364.63
53357.98
53350.24
53343.60
53336.95
53329.21
53321.46
53313.71
53305.96
53299.32
53292.68
53284.93
53277.19
53270.54
53262.80
53255.05
53248.41
53240.66
53234.02
53226.27
53219.63
53211.88
53204.13
53197.49
53189.75
53182.00
53175.36
53167.61
53160.97
53153.22
53146.58
53138.83
53131.08
53124.44
53116.70
53110.05
53102.31
53094.56
53086.81
53080.17
53073.53
53065.78
53059.14
53051.39
53042.54
53035.90
53029.26
53022.62
53014.87
53008.23
53000.48
52992.73
52984.98
52978.34
52971.70
52963.95
52957.31
52949.56
52941.82
52934.07
52927.43
52920.79
52914.15
52906.40
52897.54
52890.90
52884.26
52876.51
52869.87
52863.23
52855.48
52846.63
52839.99
52833.35
52825.60
52818.96
52812.32
52803.46
52795.72
52789.07
52782.43
52775.79
52769.15
52761.40
52752.55
52745.91
52739.27
52731.52
52724.88
52718.24
52709.38
52701.63
52694.99
52688.35
52681.71
52673.96
52667.32
52658.47
52651.83
52645.19
52637.44
52630.80
52624.16
52616.41
52608.66
52600.91
52594.27
52587.63
52580.99
52573.24
52565.49
52557.75
52551.11
52543.36
52536.72
52530.08
52522.33
52514.58
52506.83
52500.19
52493.55
52486.91
52480.27
52471.41
52463.67
52457.03
52450.38
52443.74
52436.00
52428.25
52421.61
52413.86
52407.22
52399.47
52392.83
52386.19
52378.44
52370.69
52362.95
52356.30
52349.66
52343.02
52336.38
52327.53
52319.78
52313.14
52306.50
52299.86
52293.22
52284.36
52276.61
52269.97
52263.33
52256.69
52250.05
52242.30
52234.55
52226.81
52220.16
52213.52
52206.88
52199.13
52191.39
52183.64
52177.00
52170.36
52163.72
52155.97
52149.33
52140.47
52133.83
52127.19
52120.55
52112.80
52106.16
52099.52
52090.67
52084.02
52077.38
52070.74
52062.99
52056.35
52047.50
52040.86
52034.22
52027.58
52020.94
52013.19
52005.44
51997.69
51991.05
51984.41
51977.77
51971.13
51963.38
51954.53
51947.88
51941.24
51934.60
51927.96
51920.21
51913.57
51904.72
51898.08
51891.44
51884.80
51878.15
51870.41
51863.77
51856.02
51848.27
51841.63
51834.99
51827.24
51820.60
51812.85
51806.21
51799.57
51792.93
51784.07
51777.43
51770.79
51763.04
51756.40
51749.76
51742.01
51735.37
51728.73
51720.98
51713.24
51706.60
51698.85
51692.21
51685.57
51678.93
51671.18
51664.54
51656.79
51650.15
51642.40
51635.76
51629.12
51621.37
51613.62
51606.98
51600.34
51593.70
51587.06
51580.42
51571.56
51564.92
51557.17
51550.53
51543.89
51537.25
51528.40
51521.76
51515.11
51508.47
51501.83
51495.19
51487.44
51479.70
51473.06
51466.41
51458.67
51452.03
51444.28
51437.64
51429.89
51423.25
51416.61
51409.97
51402.22
51395.58
51387.83
51381.19
51374.55
51367.91
51360.16
51353.52
51346.88
51339.13
51331.38
51324.74
51316.99
51310.35
51303.71
51297.07
51289.32
51282.68
51274.93
51268.29
51261.65
51255.01
51248.37
51239.51
51232.87
51226.23
51219.59
51212.95
51206.31
51197.46
51190.81
51184.17
51177.53
51170.89
51164.25
51156.50
51148.75
51142.11
51135.47
51128.83
51121.08
51114.44
51106.70
51098.95
51092.31
51085.67
51079.02
51071.28
51064.64
51056.89
51050.25
51043.61
51035.86
51029.22
51022.58
51015.94
51008.19
51001.55
50993.80
50987.16
50980.52
50973.88
50967.23
50959.49
50951.74
50945.10
50938.46
50931.82
50925.18
50916.32
50909.68
50903.04
50896.40
50889.76
50883.12
50876.47
50868.73
50862.09
50855.45
50848.80
50841.06
50834.42
50827.77
50820.03
50813.39
50806.74
50799.00
50792.36
50785.71
50779.07
50771.33
50764.69
50756.94
50750.30
50743.66
50737.01
50730.37
50721.52
50714.88
50708.24
50701.60
50694.95
50688.31
50679.46
50672.82
50666.18
50659.54
50654.00
50646.25
50639.61
50631.87
50625.22
50618.58
50611.94
50604.20
50597.55
50590.91
50583.17
50576.52
50568.78
50562.14
50555.49
50548.85
50542.21
50534.46
50527.82
50521.18
50514.54
50507.90
50501.26
50493.51
50485.76
50479.12
50472.48
50465.84
50459.20
50451.45
50443.70
50437.06
50431.53
50424.89
50417.14
50410.50
50403.86
50396.11
50389.47
50381.72
50375.08
50368.44
50361.80
50355.16
50347.41
50340.77
50334.13
50327.49
50320.85
50314.21
50306.46
50298.71
50292.07
50285.43
50278.79
50272.15
50265.51
50258.86
50251.12
50244.48
50237.83
50230.09
50223.45
50216.81
50210.16
50203.52
50195.78
50189.13
50182.49
50175.85
50169.21
50161.46
50153.72
50147.07
50141.54
50134.90
50127.15
50120.51
50112.76
50106.12
50099.48
50092.84
50086.20
50079.56
50072.92
50065.17
50058.53
50050.78
50044.14
50037.50
50031.96
50025.32
50016.47
50009.83
50003.19
49996.55
49989.91
49983.26
49976.62
49968.88
49962.23
49955.59
49948.95
49941.20
49935.67
49929.03
49921.28
49914.64
49906.89
49900.25
49893.61
49888.08
49881.44
49872.58
49865.94
49859.30
49852.66
49847.12
49839.38
49832.74
49824.99
49818.35
49811.71
49803.96
49798.42
49791.78
49785.14
49777.39
49769.65
49763.01
49757.47
49750.83
49744.19
49736.44
49728.69
49722.05
49716.52
49709.88
49702.13
49695.49
49687.74
49682.21
49675.57
49667.82
49661.18
49654.54
49647.90
49642.36
49633.51
49626.87
49620.22
49613.58
49608.05
49600.30
49592.55
49585.91
49579.27
49573.74
49565.99
49559.35
49552.71
49544.96
49539.43
49531.68
49525.04
49518.40
49511.76
49506.22
49497.37
49490.73
49484.08
49477.44
49471.91
49464.16
49457.52
49449.77
49443.13
49437.60
49429.85
49423.21
49416.57
49411.03
49403.29
49395.54
49388.90
49382.26
49376.72
49370.08
49362.33
49354.59
49349.05
49342.41
49335.77
49328.02
49321.38
49315.85
49308.10
49301.46
49293.71
49288.18
49281.54
49274.89
49268.25
49260.51
49253.86
49247.22
49240.58
49233.94
49227.30
49220.66
49212.91
49206.27
49200.74
49192.99
49186.35
49179.71
49174.17
49166.42
49158.68
49152.04
49146.50
49139.86
49133.22
49125.47
49118.83
49112.19
49105.55
49098.91
49092.27
49085.63
49078.99
49072.34
49064.60
49057.96
49051.31
49045.78
49039.14
49031.39
49023.64
49018.11
49011.47
49004.83
48998.19
48991.55
48984.91
48977.16
48971.62
48963.88
48957.23
48950.59
48945.06
48938.42
48929.56
48924.03
48917.39
48910.75
48904.11
48897.47
48890.82
48883.08
48877.54
48869.79
48863.15
48856.51
48850.98
48844.34
48835.48
48829.95
48823.31
48816.67
48810.03
48803.39
48796.74
48789.00
48783.46
48775.71
48769.07
48763.54
48756.90
48750.26
48742.51
48735.87
48729.23
48723.69
48717.05
48709.30
48702.66
48697.13
48689.38
48682.74
48676.10
48669.46
48662.82
48657.28
48649.54
48641.79
48636.25
48629.61
48622.97
48616.33
48609.69
48603.05
48596.41
48588.66
48582.02
48576.49
48569.84
48563.20
48556.56
48548.81
48542.17
48536.64
48530.00
48522.25
48516.72
48510.08
48502.33
48495.69
48489.05
48482.40
48476.87
48470.23
48462.48
48455.84
48449.20
48442.56
48435.92
48429.28
48422.64
48417.10
48409.35
48402.71
48396.07
48389.43
48383.90
48377.26
48369.51
48362.87
48356.23
48349.59
48342.94
48336.30
48330.77
48324.13
48316.38
48309.74
48303.10
48296.46
48290.92
48283.18
48276.53
48269.89
48263.25
48257.72
48249.97
48243.33
48237.80
48231.15
48224.51
48216.77
48210.13
48204.59
48197.95
48190.20
48184.67
48178.03
48171.39
48163.64
48157.00
48151.46
48144.82
48139.29
48131.54
48123.79
48118.26
48111.62
48104.98
48098.34
48091.69
48086.16
48078.41
48070.66
48065.13
48058.49
48052.96
48045.21
48038.57
48031.93
48025.28
48019.75
48012.00
48006.47
47999.83
47993.19
47985.44
47978.80
47973.26
47966.62
47959.98
47953.34
47946.70
47941.17
47933.42
47926.78
47920.14
47913.50
47907.96
47901.32
47894.68
47886.93
47880.29
47874.76
47867.01
47861.47
47854.83
47849.30
47840.44
47833.80
47828.27
47821.63
47816.09
47808.35
47802.81
47795.06
47789.53
47781.78
47775.14
47769.61
47762.97
47756.33
47748.58
47743.04
47736.40
47730.87
47723.12
47716.48
47710.95
47704.30
47696.56
47689.92
47684.38
47677.74
47671.10
47664.46
47658.92
47651.18
47644.54
47637.89
47631.25
47625.72
47619.08
47612.44
47604.69
47599.16
47592.51
47585.87
47579.23
47573.70
47567.06
47560.42
47552.67
47546.03
47540.49
47533.85
47527.21
47520.57
47513.93
47507.29
47500.65
47494.01
47488.47
47481.83
47476.30
47468.55
47461.91
47455.27
47449.73
47441.99
47436.45
47429.81
47424.28
47415.42
47409.89
47403.25
47397.71
47391.07
47384.43
47377.79
47371.15
47364.51
47357.87
47351.23
47345.69
47339.05
47332.41
47324.66
47319.13
47312.49
47305.85
47299.21
47293.67
47287.03
47280.39
47272.64
47267.11
47260.47
47254.93
47247.18
47241.65
47235.01
47228.37
47220.62
47215.09
47208.45
47202.91
47195.16
47189.63
47181.88
47176.35
47169.71
47163.07
47156.42
47150.89
47145.36
47137.61
47130.97
47124.33
47118.79
47111.04
47105.51
47098.87
47093.34
47084.48
47078.95
47072.31
47066.77
47060.13
47053.49
47047.96
47040.21
47033.57
47026.93
47021.39
47014.75
47009.22
47001.47
46995.93
46988.19
46982.65
46976.01
46969.37
46963.84
46957.20
46950.55
46942.81
46937.27
46930.63
46923.99
46918.46
46911.82
46906.28
46897.43
46891.89
46885.25
46879.72
46873.08
46866.44
46860.90
46854.26
46846.51
46839.87
46834.34
46827.70
46822.16
46815.52
46808.88
46802.24
46795.60
46788.96
46783.42
46776.78
46771.25
46763.50
46756.86
46750.22
46744.68
46738.04
46731.40
46725.87
46719.23
46712.59
46705.95
46699.30
46693.77
46686.02
46680.49
46673.85
46668.31
46660.57
46653.92
46648.39
46641.75
46635.11
46629.57
46622.93
46617.40
46608.54
46603.01
46597.48
46590.84
46584.19
46577.55
46572.02
46565.38
46557.63
46552.10
46545.46
46539.92
46533.28
46526.64
46520.00
46514.46
46506.72
46501.18
46494.54
46489.01
46482.37
46475.73
46469.08
46463.55
46455.80
46450.27
46443.63
46438.09
46431.45
46423.70
46418.17
46412.64
46404.89
46399.35
46392.71
46387.18
46379.43
46372.79
46367.26
46361.72
46353.97
46348.44
46341.80
46336.26
46328.52
46321.88
46316.34
46310.81
46303.06
46297.53
46291.99
46284.24
46277.60
46272.07
46265.43
46259.89
46253.25
46246.61
46241.08
46233.33
46226.69
46221.15
46214.51
46208.98
46202.34
46195.70
46189.06
46183.52
46175.77
46170.24
46164.71
46158.07
46151.42
46145.89
46138.14
46132.61
46125.97
46119.33
46113.79
46108.26
46100.51
46093.87
46088.34
46081.69
46075.05
46069.52
46062.88
46057.34
46050.70
46042.96
46037.42
46030.78
46025.25
46018.60
46013.07
46006.43
45998.68
45993.15
45987.61
45979.87
45974.33
45968.80
45962.16
45954.41
45948.87
45942.23
45936.70
45930.06
45924.52
45917.88
45912.35
45904.60
45897.96
45892.43
45886.89
45879.14
45873.61
45868.08
45861.44
45853.69
45848.15
45842.62
45835.98
45829.34
45823.80
45817.16
45809.41
45803.88
45798.35
45791.71
45785.06
45779.53
45772.89
45767.35
45759.61
45754.07
45747.43
45741.90
45735.26
45729.72
45723.08
45716.44
45709.80
45703.16
45697.62
45690.98
45685.45
45678.81
45673.27
45665.53
45659.99
45653.35
45647.82
45641.18
45634.54
45629.00
45622.36
45615.72
45609.08
45603.54
45598.01
45591.37
45584.73
45579.19
45571.45
45565.91
45559.27
45553.74
45547.10
45541.56
45534.92
45528.28
45521.64
45516.10
45509.46
45503.93
45497.29
45491.75
45485.11
45478.47
45471.83
45466.30
45459.66
45453.02
45447.48
45441.95
45434.20
45427.56
45422.02
45416.49
45410.96
45403.21
45397.67
45392.14
45384.39
45377.75
45372.22
45366.68
45360.04
45353.40
45347.87
45342.33
45334.58
45329.05
45322.41
45316.88
45310.23
45304.70
45298.06
45291.42
45284.78
45279.24
45273.71
45267.07
45260.43
45254.89
45249.36
45241.61
45234.97
45229.44
45223.90
45217.26
45210.62
45205.09
45198.45
45191.80
45186.27
45179.63
45172.99
45167.45
45161.92
45156.39
45147.53
45142.00
45136.46
45130.93
45124.29
45117.65
45112.11
45105.47
45098.83
45093.30
45087.76
45080.01
45074.48
45068.95
45063.41
45055.66
45049.02
45043.49
45036.85
45031.31
45025.78
45019.14
45012.50
45005.86
45000.32
44994.79
44988.15
44981.51
44975.97
44969.33
44963.80
44957.16
44951.62
44943.87
44938.34
44932.81
44927.27
44920.63
44913.99
44907.35
44900.71
44895.17
44889.64
44884.11
44877.46
44870.82
44864.18
44858.65
44852.01
44846.47
44840.94
44833.19
44827.66
44822.12
44815.48
44808.84
44803.31
44797.77
44791.13
44784.49
44778.96
44772.32
44765.68
44760.14
44754.61
44747.97
44741.32
44735.79
44730.26
44722.51
44716.97
44711.44
44704.80
44698.16
44692.62
44687.09
44680.45
44673.81
44668.27
44661.63
44654.99
44649.46
44643.92
44638.39
44630.64
44625.11
44619.57
44611.83
44606.29
44600.76
44595.22
44588.58
44581.94
44576.41
44569.77
44564.23
44557.59
44552.06
44545.42
44539.88
44533.24
44526.60
44521.07
44515.53
44508.89
44502.25
44496.72
44491.18
44484.54
44477.90
44472.37
44466.83
44460.19
44454.66
44448.02
44441.37
44434.73
44429.20
44423.67
44417.02
44411.49
44405.96
44400.42
44392.67
44386.03
44380.50
44373.86
44368.32
44362.79
44357.26
44350.61
44343.97
44338.44
44331.80
44326.26
44319.62
44314.09
44307.45
44301.91
44295.27
44288.63
44283.10
44277.56
44272.03
44265.39
44259.85
44253.21
44246.57
44239.93
44234.40
44228.86
44222.22
44216.69
44211.15
44203.41
44197.87
44192.34
44186.80
44180.16
44174.63
44169.09
44162.45
44155.81
44149.17
44143.64
44137.00
44131.46
44125.93
44119.29
44113.75
44107.11
44101.58
44094.94
44089.40
44083.87
44077.23
44071.69
44066.16
44059.52
44052.88
44047.34
44041.81
44034.06
44028.53
44022.99
44016.35
44009.71
44004.18
43998.64
43992.00
43986.47
43980.93
43975.40
43967.65
43962.12
43956.58
43949.94
43944.41
43938.87
43932.23
43926.70
43920.06
43914.52
43907.88
43902.35
43896.81
43890.17
43884.64
43879.11
43872.46
43865.82
43860.29
43854.76
43847.01
43841.47
43835.94
43830.41
43822.66
43817.12
43811.59
43804.95
43799.41
43793.88
43788.35
43780.60
43775.06
43769.53
43762.89
43757.35
43751.82
43745.18
43739.65
43733.00
43727.47
43720.83
43715.29
43709.76
43703.12
43697.59
43692.05
43685.41
43678.77
43673.24
43667.70
43661.06
43655.53
43649.99
43643.35
43636.71
43631.18
43625.64
43619.00
43613.47
43607.93
43601.29
43595.76
43589.12
43583.58
43576.94
43571.41
43565.87
43560.34
43554.80
43549.27
43541.52
43535.99
43530.45
43524.92
43518.28
43512.75
43507.21
43500.57
43493.93
43488.40
43481.75
43476.22
43470.69
43465.15
43458.51
43452.98
43446.34
43439.69
43434.16
43428.63
43423.09
43416.45
43410.92
43405.38
43397.64
43392.10
43386.57
43381.03
43375.50
43369.96
43363.32
43357.79
43351.15
43345.61
43338.97
43333.44
43327.91
43321.26
43315.73
43310.20
43303.55
43296.91
43291.38
43285.85
43279.20
43273.67
43269.24
43262.60
43255.96
43250.43
43243.79
43238.25
43232.72
43227.18
43220.54
43215.01
43208.37
43201.73
43196.19
43190.66
43185.12
43179.59
43174.06
43168.52
43160.77
43155.24
43149.71
43143.06
43137.53
43132.00
43125.36
43118.71
43113.18
43107.65
43102.11
43096.58
43091.04
43084.40
43078.87
43073.33
43065.59
43060.05
43054.52
43048.98
43042.34
43036.81
43032.38
43024.63
43019.10
43013.57
43006.92
43001.39
42995.86
42989.22
42983.68
42977.04
42971.51
42965.97
42960.44
42954.90
42948.26
42942.73
42937.19
42929.45
42923.91
42919.49
42912.84
42907.31
42901.78
42896.24
42889.60
42882.96
42877.43
42870.78
42866.36
42860.82
42854.18
42848.65
42843.11
42835.37
42829.83
42824.30
42818.76
42813.23
42807.70
42802.16
42795.52
42789.99
42783.35
42776.70
42771.17
42766.74
42760.10
42754.57
42749.03
42743.50
42735.75
42730.22
42725.79
42719.15
42713.62
42708.08
42701.44
42695.91
42689.27
42682.62
42678.20
42672.66
42666.02
42660.49
42654.95
42649.42
42641.67
42637.24
42631.71
42625.07
42619.53
42614.00
42607.36
42602.93
42596.29
42589.65
42584.12
42578.58
42573.05
42566.41
42561.98
42556.45
42548.70
42543.16
42537.63
42530.99
42526.56
42521.03
42514.39
42508.85
42502.21
42495.57
42491.14
42485.61
42478.97
42473.43
42467.90
42462.37
42455.72
42450.19
42444.66
42438.01
42432.48
42426.95
42421.41
42415.88
42409.24
42402.60
42397.06
42392.64
42385.99
42380.46
42374.93
42369.39
42361.64
42357.22
42351.68
42345.04
42339.51
42333.97
42328.44
42322.90
42317.37
42309.62
42304.09
42299.66
42293.02
42287.49
42281.95
42275.31
42270.88
42264.24
42257.60
42252.07
42246.53
42241.00
42235.47
42229.93
42224.40
42216.65
42212.22
42206.69
42200.05
42194.51
42188.98
42183.44
42177.91
42171.27
42164.63
42159.09
42154.67
42148.03
42142.49
42136.96
42131.42
42124.78
42119.25
42113.71
42107.07
42102.65
42097.11
42090.47
42084.94
42078.30
42072.76
42067.23
42061.69
42055.05
42050.63
42045.09
42038.45
42031.81
42027.38
42020.74
42015.21
42009.67
42003.03
41998.60
41993.07
41986.43
41979.79
41975.36
41968.72
41963.19
41957.65
41952.12
41946.58
41941.05
41934.41
41928.87
41923.34
41917.81
41911.16
41906.74
41901.20
41894.56
41887.92
41883.49
41876.85
41871.32
41865.78
41860.25
41854.72
41849.18
41841.43
41837.01
41831.47
41824.83
41819.30
41814.87
41808.23
41802.70
41796.05
41790.52
41784.99
41779.45
41773.92
41768.38
41762.85
41757.32
41751.78
41745.14
41739.61
41732.97
41728.54
41723.00
41716.36
41710.83
41706.40
41698.65
41693.12
41688.69
41682.05
41676.52
41670.98
41665.45
41659.91
41653.27
41646.63
41642.21
41636.67
41630.03
41625.60
41620.07
41613.43
41606.79
41602.36
41595.72
41590.18
41585.76
41579.12
41573.58
41569.15
41562.51
41555.87
41550.34
41544.80
41539.27
41533.74
41528.20
41522.67
41517.13
41510.49
41504.96
41499.42
41493.89
41488.36
41482.82
41477.29
41471.75
41465.11
41459.58
41454.04
41448.51
41442.98
41436.34
41431.91
41426.37
41419.73
41414.20
41408.66
41402.02
41397.60
41392.06
41385.42
41380.99
41375.46
41367.71
41363.28
41357.75
41351.11
41346.68
41341.15
41334.51
41330.08
41323.44
41316.80
41312.37
41306.84
41300.20
41295.77
41290.23
41283.59
41279.17
41272.52
41265.88
41261.46
41255.92
41249.28
41244.85
41239.32
41232.68
41227.14
41221.61
41214.97
41210.54
41205.01
41198.37
41193.94
41188.41
41180.66
41176.23
41170.70
41164.06
41159.63
41154.09
41147.45
41143.03
41137.49
41129.74
41125.32
41119.78
41114.25
41108.71
41103.18
41097.65
41092.11
41085.47
41079.94
41074.40
41068.87
41063.33
41057.80
41052.27
41046.73
41040.09
41034.56
41029.02
41023.49
41017.95
41012.42
41006.89
41001.35
40995.82
40990.28
40983.64
40978.11
40973.68
40967.04
40961.51
40957.08
40950.44
40944.90
40939.37
40932.73
40928.30
40922.77
40916.13
40911.70
40906.16
40900.63
40893.99
40888.46
40882.92
40877.39
40872.96
40866.32
40860.78
40856.36
40848.61
40844.18
40838.65
40832.01
40827.58
40822.05
40815.40
40810.98
40805.44
40798.80
40793.27
40787.73
40782.20
40776.67
40771.13
40765.60
40761.17
40753.42
40747.89
40743.46
40736.82
40732.39
40726.86
40720.22
40715.79
40709.15
40703.61
40698.08
40692.55
40687.01
40681.48
40677.05
40670.41
40664.88
40659.34
40652.70
40648.27
40642.74
40637.21
40631.67
40626.14
40620.60
40613.96
40609.53
40602.89
40598.47
40592.93
40586.29
40581.86
40576.33
40570.80
40564.15
40558.62
40553.09
40547.55
40542.02
40536.48
40532.06
40525.42
40519.88
40514.35
40507.71
40503.28
40497.74
40492.21
40486.68
40482.25
40475.61
40470.07
40464.54
40457.90
40453.47
40447.94
40442.40
40436.87
40431.34
40424.69
40420.27
40413.63
40409.20
40403.66
40397.02
40392.60
40387.06
40381.53
40374.89
40370.46
40363.82
40359.39
40353.86
40348.32
40342.79
40337.25
40330.61
40325.08
40320.65
40314.01
40309.58
40304.05
40298.52
40292.98
40287.45
40280.81
40276.38
40269.74
40265.31
40259.78
40254.24
40248.71
40243.17
40236.53
40231.00
40226.57
40219.93
40215.50
40209.97
40204.44
40198.90
40193.37
40186.73
40182.30
40175.66
40171.23
40165.70
40160.16
40154.63
40150.20
40143.56
40138.03
40132.49
40126.96
40121.42
40117.00
40110.35
40105.93
40100.39
40093.75
40088.22
40082.68
40077.15
40072.72
40066.08
40061.65
40056.12
40050.59
40043.95
40039.52
40032.88
40028.45
40022.92
40017.38
40011.85
40006.31
39999.67
39995.24
39988.60
39984.18
39978.64
39973.11
39967.57
39963.15
39956.51
39950.97
39945.44
39939.90
39934.37
39929.94
39923.30
39918.87
39913.34
39907.81
39901.16
39895.63
39890.10
39885.67
39880.13
39874.60
39870.17
39863.53
39858.00
39852.46
39846.93
39841.40
39836.97
39830.33
39825.90
39820.37
39814.83
39808.19
39802.66
39797.12
39792.70
39787.16
39781.63
39777.20
39770.56
39766.13
39759.49
39753.96
39748.42
39742.89
39737.35
39732.93
39727.39
39721.86
39716.32
39709.68
39705.26
39699.72
39694.19
39688.65
39684.23
39677.58
39673.16
39666.52
39660.98
39656.56
39649.91
39645.49
39639.95
39634.42
39628.88
39624.46
39617.82
39612.28
39606.75
39601.21
39596.79
39590.15
39585.72
39581.29
39573.54
39569.12
39563.58
39558.05
39552.51
39548.09
39542.55
39537.02
39531.48
39524.84
39520.42
39513.77
39509.35
39504.92
39498.28
39493.85
39488.32
39482.78
39476.14
39470.61
39466.18
39460.65
39455.11
39449.58
39445.15
39439.62
39432.98
39428.55
39421.91
39417.48
39411.95
39406.41
39401.98
39395.34
39390.92
39384.28
39378.74
39374.31
39368.78
39363.25
39357.71
39352.18
39347.75
39342.22
39335.57
39330.04
39325.61
39320.08
39314.55
39310.12
39303.48
39299.05
39293.52
39286.87
39282.45
39275.81
39271.38
39266.95
39260.31
39255.88
39250.35
39243.71
39239.28
39232.64
39228.21
39223.79
39217.14
39212.72
39207.18
39201.65
39196.11
39190.58
39185.05
39180.62
39173.98
39169.55
39164.02
39158.48
39154.06
39147.41
39141.88
39137.45
39130.81
39126.38
39120.85
39115.32
39110.89
39105.35
39098.71
39094.29
39088.75
39083.22
39077.68
39072.15
39067.72
39062.19
39056.65
39051.12
39045.59
39040.05
39035.62
39028.98
39024.56
39020.13
39013.49
39007.95
39002.42
38996.89
38992.46
38986.92
38981.39
38976.96
38970.32
38965.89
38960.36
38953.72
38949.29
38943.76
38938.22
38933.80
38928.26
38922.73
38918.30
38911.66
38906.13
38901.70
38896.16
38890.63
38885.10
38880.67
38875.13
38869.60
38864.07
38858.53
38853.00
38848.57
38841.93
38837.50
38833.07
38826.43
38822.01
38816.47
38809.83
38805.40
38799.87
38794.34
38789.91
38784.37
38778.84
38774.41
38767.77
38762.24
38756.70
38752.28
38746.74
38741.21
38736.78
38731.25
38724.61
38720.18
38714.64
38709.11
38704.68
38698.04
38693.61
38689.19
38683.65
38677.01
38671.48
38667.05
38661.52
38655.98
38651.55
38646.02
38640.49
38636.06
38629.42
38623.88
38619.46
38613.92
38608.39
38603.96
38598.43
38592.89
38587.36
38581.82
38576.29
38570.76
38566.33
38561.90
38555.26
38550.83
38545.30
38539.77
38534.23
38528.70
38524.27
38518.74
38513.20
38508.77
38502.13
38497.71
38493.28
38486.64
38481.10
38476.68
38471.14
38465.61
38460.07
38455.65
38451.22
38444.58
38439.04
38433.51
38429.08
38423.55
38418.01
38413.59
38408.05
38402.52
38398.09
38391.45
38385.92
38381.49
38375.95
38371.53
38365.99
38360.46
38356.03
38349.39
38343.86
38339.43
38333.90
38328.36
38323.93
38318.40
38313.97
38307.33
38302.90
38297.37
38291.84
38286.30
38280.77
38276.34
38271.91
38265.27
38260.84
38256.42
38249.78
38244.24
38238.71
38234.28
38229.85
38223.21
38218.79
38213.25
38208.82
38202.18
38196.65
38192.22
38187.79
38181.15
38176.73
38171.19
38166.76
38161.23
38154.59
38150.16
38144.63
38139.09
38134.67
38129.13
38124.70
38120.28
38113.64
38108.10
38102.57
38098.14
38092.61
38087.07
38082.65
38078.22
38071.58
38067.15
38060.51
38056.08
38051.65
38045.01
38040.59
38035.05
38030.62
38025.09
38019.56
38014.02
38009.59
38004.06
37998.53
37992.99
37988.56
37984.14
37978.60
37973.07
37966.43
37962.00
37957.57
37950.93
37946.51
37942.08
37936.54
37932.12
37925.48
37919.94
37915.51
37909.98
37905.55
37898.91
37894.48
37890.06
37884.52
37880.10
37873.45
37867.92
37863.49
37857.96
37853.53
37848.00
37842.46
37838.04
37832.50
37828.07
37821.43
37815.90
37811.47
37805.94
37801.51
37795.98
37790.44
37786.02
37779.37
37774.95
37770.52
37763.88
37759.45
37755.02
37749.49
37745.06
37738.42
37733.99
37728.46
37722.93
37718.50
37712.96
37707.43
37703.00
37697.47
37693.04
37687.51
37681.97
37676.44
37670.91
37666.48
37660.94
37656.52
37650.98
37645.45
37641.02
37635.49
37629.95
37625.53
37618.88
37614.46
37610.03
37604.50
37600.07
37594.53
37589.00
37583.47
37577.93
37573.50
37567.97
37563.54
37559.12
37552.47
37548.05
37541.41
37536.98
37532.55
37527.02
37522.59
37517.06
37511.52
37507.09
37501.56
37496.03
37490.49
37484.96
37480.53
37475.00
37470.57
37466.14
37460.61
37456.18
37448.43
37444.01
37439.58
37434.04
37429.62
37424.08
37419.65
37414.12
37408.59
37404.16
37397.52
37393.09
37388.66
37383.13
37378.70
37372.06
37367.63
37363.21
37357.67
37352.14
37346.60
37342.18
37337.75
37331.11
37326.68
37321.15
37316.72
37312.29
37305.65
37301.22
37295.69
37290.16
37285.73
37280.19
37275.77
37270.23
37265.81
37261.38
37254.74
37250.31
37244.78
37239.24
37234.81
37229.28
37224.85
37219.32
37214.89
37209.36
37203.82
37198.29
37193.86
37188.33
37183.90
37178.37
37173.94
37168.40
37162.87
37158.44
37151.80
37147.38
37142.95
37137.41
37132.99
37127.45
37123.02
37116.38
37111.96
37107.53
37102.00
37096.46
37092.03
37086.50
37082.07
37076.54
37072.11
37065.47
37061.04
37056.62
37051.08
37046.65
37041.12
37035.59
37031.16
37025.62
37020.09
37014.56
37010.13
37005.70
37000.17
36995.74
36990.21
36985.78
36980.24
36973.60
36969.18
36963.64
36959.21
36954.79
36949.25
36944.83
36939.29
36934.86
36930.44
36923.80
36919.37
36913.83
36908.30
36903.87
36898.34
36893.91
36888.38
36883.95
36878.42
36872.88
36868.45
36862.92
36858.49
36854.07
36848.53
36844.10
36838.57
36833.04
36827.50
36821.97
36817.54
36812.01
36807.58
36803.15
36797.62
36793.19
36786.55
36782.12
36776.59
36772.16
36767.73
36762.20
36757.77
36752.24
36747.81
36743.38
36736.74
36732.31
36726.78
36722.35
36716.82
36711.28
36706.86
36701.32
36696.90
36691.36
36685.83
36681.40
36675.87
36671.44
36667.01
36661.48
36657.05
36651.52
36647.09
36640.45
36636.02
36631.59
36626.06
36621.63
36616.10
36611.67
36607.24
36601.71
36596.17
36590.64
36586.21
36581.79
36576.25
36571.82
36566.29
36561.86
36556.33
36550.79
36545.26
36539.73
36535.30
36530.87
36525.34
36520.91
36515.38
36510.95
36505.41
36499.88
36495.45
36489.92
36485.49
36479.96
36475.53
36471.10
36465.57
36461.14
36454.50
36450.07
36445.65
36440.11
36435.68
36430.15
36425.72
36420.19
36415.76
36411.33
36404.69
36400.27
36394.73
36390.30
36385.88
36380.34
36375.92
36370.38
36365.95
36360.42
36354.89
36350.46
36344.92
36340.50
36334.96
36330.54
36326.11
36320.57
36316.15
36309.51
36305.08
36300.65
36296.22
36291.80
36286.26
36281.84
36276.30
36271.87
36266.34
36260.81
36256.38
36250.84
36246.42
36241.99
36236.46
36232.03
36226.49
36222.07
36216.53
36211.00
36206.57
36201.04
36196.61
36191.08
36186.65
36182.22
36176.69
36171.15
36165.62
36161.19
36156.76
36151.23
36146.80
36141.27
36136.84
36132.41
36127.99
36122.45
36116.92
36112.49
36106.96
36102.53
36098.10
36092.57
36088.14
36082.61
36077.07
36071.54
36067.11
36062.68
36057.15
36052.72
36047.19
36042.76
36038.33
36032.80
36027.26
36022.84
36018.41
36012.88
36008.45
36004.02
35998.49
35994.06
35988.53
35982.99
35978.56
35973.03
35968.60
35963.07
35958.64
35953.11
35948.68
35944.25
35939.83
35934.29
35928.76
35924.33
35918.80
35914.37
35909.94
35904.41
35899.98
35894.45
35888.91
35884.48
35878.95
35874.52
35870.10
35865.67
35860.13
35855.71
35851.28
35845.74
35840.21
35834.68
35830.25
35825.82
35820.29
35815.86
35811.43
35807.01
35801.47
35797.04
35791.51
35785.98
35781.55
35776.01
35771.59
35766.05
35761.63
35757.20
35752.77
35747.24
35741.70
35737.28
35731.74
35727.31
35722.89
35717.35
35712.93
35707.39
35704.07
35697.43
35693.00
35688.58
35683.04
35678.61
35673.08
35668.65
35664.23
35658.69
35655.37
35648.73
35644.30
35638.77
35634.34
35629.91
35624.38
35619.95
35614.42
35611.10
35604.46
35600.03
35595.60
35590.07
35585.64
35580.11
35575.68
35571.25
35566.82
35562.40
35555.76
35551.33
35545.79
35541.37
35536.94
35531.41
35528.09
35522.55
35518.12
35512.59
35507.06
35502.63
35497.09
35492.67
35488.24
35483.81
35478.28
35473.85
35469.42
35462.78
35458.36
35452.82
35449.50
35443.97
35439.54
35435.11
35429.58
35425.15
35419.62
35415.19
35409.65
35405.23
35400.80
35395.27
35390.84
35385.30
35381.98
35376.45
35372.02
35366.49
35360.95
35356.53
35350.99
35347.67
35342.14
35337.71
35333.28
35327.75
35322.22
35316.68
35313.36
35307.83
35303.40
35298.97
35293.44
35289.01
35284.58
35280.16
35273.51
35269.09
35264.66
35259.13
35254.70
35250.27
35245.84
35240.31
35235.88
35231.46
35224.81
35221.49
35215.96
35211.53
35206.00
35201.57
35197.14
35192.72
35188.29
35182.75
35177.22
35171.69
35167.26
35162.83
35158.40
35153.98
35148.44
35144.02
35139.59
35135.16
35128.52
35124.09
35119.67
35114.13
35110.81
35105.28
35100.85
35095.32
35090.89
35085.35
35080.93
35076.50
35070.97
35066.54
35061.00
35057.68
35052.15
35047.72
35043.29
35036.65
35033.33
35027.80
35023.37
35017.84
35013.41
35010.09
35004.56
35000.13
34994.59
34989.06
34984.63
34980.21
34975.78
34970.24
34965.82
34961.39
34956.96
34951.43
34947.00
34941.47
34937.04
34932.61
34927.08
34922.65
34917.12
34913.80
34908.26
34903.83
34899.41
34892.77
34889.45
34883.91
34879.48
34873.95
34869.52
34865.09
34860.67
34856.24
34849.60
34846.28
34840.74
34836.32
34830.78
34826.36
34823.04
34817.50
34813.07
34807.54
34804.22
34797.58
34793.15
34788.72
34783.19
34779.87
34774.34
34769.91
34764.37
34761.05
34754.41
34749.98
34745.56
34740.02
34736.70
34731.17
34726.74
34721.21
34717.89
34712.35
34706.82
34702.39
34697.96
34693.54
34688.00
34683.58
34679.15
34674.72
34670.29
34664.76
34659.22
34654.80
34650.37
34644.84
34640.41
34635.98
34631.55
34627.13
34621.59
34618.27
34611.63
34607.20
34601.67
34598.35
34592.82
34588.39
34583.96
34579.53
34575.11
34569.57
34564.04
34559.61
34555.18
34550.76
34545.22
34541.90
34536.37
34531.94
34527.51
34523.09
34516.44
34512.02
34507.59
34503.16
34498.73
34493.20
34489.88
34484.35
34479.92
34475.49
34469.96
34465.53
34460.00
34455.57
34451.14
34446.71
34441.18
34437.86
34432.33
34427.90
34422.36
34417.94
34413.51
34407.97
34404.65
34399.12
34394.69
34390.27
34385.84
34381.41
34374.77
34370.34
34365.92
34361.49
34355.95
34352.63
34347.10
34342.67
34338.24
34333.82
34328.28
34322.75
34319.43
34313.89
34309.47
34305.04
34300.61
34296.19
34290.65
34287.33
34280.69
34276.26
34271.83
34267.41
34261.87
34257.45
34254.13
34248.59
34244.16
34239.74
34234.20
34228.67
34225.35
34219.81
34215.39
34210.96
34206.53
34202.10
34196.57
34193.25
34186.61
34182.18
34177.75
34173.33
34168.90
34163.37
34160.05
34154.51
34150.08
34145.66
34140.12
34134.59
34131.27
34125.73
34121.31
34117.99
34112.45
34108.02
34103.60
34099.17
34092.53
34089.21
34083.67
34079.25
34074.82
34070.39
34065.96
34060.43
34057.11
34051.58
34046.04
34041.61
34037.19
34032.76
34028.33
34023.91
34018.37
34015.05
34009.52
34005.09
34000.66
33995.13
33989.59
33986.27
33981.85
33976.31
33972.99
33967.46
33963.03
33958.60
33954.18
33947.53
33944.21
33938.68
33934.25
33930.93
33925.40
33920.97
33916.54
33912.12
33907.69
33902.15
33896.62
33893.30
33887.77
33883.34
33880.02
33874.48
33870.06
33865.63
33861.20
33854.56
33851.24
33845.71
33841.28
33836.85
33832.42
33828.00
33823.57
33819.14
33814.71
33809.18
33803.65
33800.33
33794.79
33790.36
33785.94
33781.51
33777.08
33772.66
33768.23
33762.69
33758.27
33752.73
33749.41
33743.88
33739.45
33735.02
33730.60
33726.17
33721.74
33717.31
33711.78
33707.35
33701.82
33698.50
33692.96
33688.54
33684.11
33679.68
33676.36
33670.83
33665.29
33660.87
33656.44
33650.90
33647.58
33642.05
33638.73
33633.19
33628.77
33625.45
33618.81
33615.49
33609.95
33605.52
33601.10
33596.67
33592.24
33587.81
33582.28
33578.96
33573.43
33567.89
33564.57
33559.04
33555.72
33550.18
33545.76
33541.33
33536.90
33532.47
33528.05
33522.51
33518.08
33513.66
33509.23
33504.80
33499.27
33495.95
33490.41
33487.09
33481.56
33476.03
33471.60
33467.17
33462.74
33458.32
33453.89
33449.46
33445.03
33440.61
33436.18
33429.54
33426.22
33420.68
33417.36
33411.83
33408.51
33404.08
33398.55
33395.23
33389.69
33386.37
33379.73
33375.30
33370.88
33366.45
33362.02
33357.59
33353.17
33348.74
33344.31
33339.89
33334.35
33329.92
33325.50
33321.07
33316.64
33311.11
33307.79
33302.25
33298.93
33293.40
33288.97
33284.54
33279.01
33275.69
33270.16
33266.83
33261.30
33257.98
33252.45
33248.02
33242.48
33238.06
33233.63
33229.20
33224.78
33220.35
33217.03
33211.49
33207.07
33202.64
33198.21
33192.68
33188.25
33183.82
33179.40
33173.86
33170.54
33166.11
33161.69
33157.26
33152.83
33147.30
33142.87
33138.44
33134.02
33129.59
33124.05
33120.73
33115.20
33111.88
33106.34
33103.02
33097.49
33093.06
33088.64
33084.21
33079.78
33074.25
33070.93
33065.39
33062.07
33056.54
33052.11
33046.58
33043.26
33037.72
33034.40
33029.97
33025.55
33021.12
33015.58
33012.26
33005.62
33002.30
32996.77
32993.45
32987.91
32984.59
32979.06
32975.74
32970.20
32966.88
32962.46
32956.92
32952.50
32948.07
32943.64
32939.21
32934.79
32929.25
32925.93
32920.40
32917.08
32910.44
32907.12
32901.58
32898.26
32893.83
32889.41
32884.98
32880.55
32876.12
32871.70
32867.27
32861.74
32857.31
32852.88
32848.45
32844.03
32839.60
32835.17
32830.74
32826.32
32821.89
32816.36
32811.93
32808.61
32803.07
32799.75
32794.22
32790.90
32785.36
32782.04
32776.51
32773.19
32766.55
32763.23
32757.69
32754.37
32748.84
32745.52
32741.09
32736.66
32732.24
32727.81
32722.28
32717.85
32713.42
32708.99
32704.57
32700.14
32695.71
32691.28
32686.86
32682.43
32678.00
32672.47
32668.04
32663.61
32659.19
32655.87
32650.33
32647.01
32641.48
32638.16
32632.62
32628.19
32623.77
32619.34
32614.91
32610.49
32606.06
32601.63
32597.20
32592.78
32588.35
32583.92
32579.49
32573.96
32570.64
32565.11
32561.79
32556.25
32552.93
32547.40
32544.08
32539.65
32534.11
32529.69
32525.26
32520.83
32516.41
32511.98
32507.55
32503.12
32498.70
32495.38
32489.84
32485.41
32480.99
32476.56
32472.13
32467.70
32463.28
32458.85
32454.42
32450.00
32445.57
32441.14
32435.61
32432.29
32426.75
32423.43
32417.90
32414.58
32410.15
32405.72
32401.29
32396.87
32391.33
32386.91
32383.59
32378.05
32374.73
32369.20
32365.88
32360.34
32357.02
32352.59
32348.17
32342.63
32338.21
32333.78
32329.35
32324.92
32320.50
32316.07
32312.75
32308.32
32303.89
32299.47
32293.93
32289.51
32285.08
32281.76
32276.22
32272.90
32267.37
32264.05
32258.51
32255.19
32249.66
32245.23
32240.80
32236.38
32231.95
32227.52
32223.10
32219.78
32214.24
32210.92
32206.49
32200.96
32196.53
32192.10
32188.78
32183.25
32179.93
32174.40
32171.07
32166.65
32162.22
32157.79
32152.26
32147.83
32143.40
32138.98
32135.66
32130.12
32126.80
32121.27
32117.95
32113.52
32107.99
32103.56
32099.13
32094.70
32091.38
32086.96
32082.53
32078.10
32073.67
32070.35
32064.82
32060.39
32054.86
32051.54
32047.11
32042.68
32038.26
32033.83
32029.40
32026.08
32020.55
32017.23
32010.58
32007.26
32002.84
31998.41
31993.98
31989.55
31985.13
31981.81
31976.27
31972.95
31968.53
31962.99
31958.56
31954.14
31950.82
31946.39
31941.96
31937.53
31933.11
31928.68
31925.36
31918.72
31915.40
31909.86
31906.54
31902.12
31897.69
31893.26
31889.94
31884.41
31881.09
31875.55
31871.12
31866.70
31862.27
31857.84
31854.52
31848.99
31845.67
31840.13
31836.81
31832.39
31827.96
31822.42
31819.10
31814.68
31810.25
31805.82
31801.39
31798.07
31792.54
31789.22
31784.79
31780.36
31774.83
31771.51
31765.98
31762.65
31757.12
31753.80
31749.37
31744.95
31740.52
31737.20
31730.56
31727.24
31722.81
31718.38
31713.95
31710.63
31705.10
31701.78
31697.35
31692.92
31688.50
31682.96
31678.54
31675.22
31669.68
31666.36
31661.93
31657.51
31653.08
31649.76
31645.33
31640.90
31635.37
31630.94
31627.62
31623.19
31618.77
31614.34
31611.02
31605.49
31602.16
31597.74
31593.31
31587.78
31584.46
31578.92
31575.60
31571.17
31566.75
31562.32
31559.00
31553.46
31550.14
31545.72
31540.18
31535.76
31532.43
31526.90
31523.58
31519.15
31514.73
31510.30
31506.98
31501.44
31498.12
31492.59
31488.16
31483.73
31480.41
31474.88
31471.56
31467.13
31462.70
31458.28
31454.96
31449.42
31445.00
31440.57
31437.25
31431.71
31428.39
31423.97
31419.54
31415.11
31411.79
31407.36
31402.94
31397.40
31392.97
31389.65
31385.23
31380.80
31376.37
31373.05
31368.62
31364.20
31359.77
31356.45
31349.81
31346.49
31342.06
31337.63
31333.21
31329.89
31325.46
31321.03
31316.60
31313.28
31307.75
31303.32
31298.89
31294.47
31290.04
31286.72
31282.29
31277.86
31273.44
31270.12
31264.58
31261.26
31255.73
31252.41
31246.87
31243.55
31239.13
31234.70
31230.27
31226.95
31221.42
31218.10
31213.67
31209.24
31203.71
31200.39
31195.96
31192.64
31187.10
31183.78
31179.36
31174.93
31170.50
31167.18
31161.65
31157.22
31152.79
31149.47
31143.94
31140.62
31136.19
31132.87
31127.34
31124.01
31119.59
31115.16
31109.63
31106.31
31101.88
31097.45
31093.02
31089.70
31085.28
31080.85
31076.42
31073.10
31067.57
31063.14
31058.71
31055.39
31050.96
31046.54
31042.11
31038.79
31033.26
31029.93
31025.51
31021.08
31015.55
31012.23
31007.80
31004.48
30998.94
30995.62
30991.20
30987.88
30982.34
30979.02
30973.49
30970.17
30964.63
30961.31
30956.88
30953.56
30948.03
30944.71
30940.28
30936.96
30931.43
30927.00
30922.57
30919.25
30913.72
30910.40
30905.97
30902.65
30897.12
30893.79
30889.37
30886.05
30881.62
30876.09
30871.66
30868.34
30863.91
30859.48
30855.06
30851.74
30847.31
30842.88
30838.45
30835.13
30829.60
30825.17
30820.74
30817.42
30813.00
30809.68
30804.14
30800.82
30796.39
30793.07
30787.54
30783.11
30778.68
30775.36
30769.83
30766.51
30762.08
30758.76
30754.33
30749.91
30745.48
30742.16
30736.63
30732.20
30727.77
30724.45
30720.02
30716.70
30711.17
30707.85
30703.42
30700.10
30695.67
30690.14
30685.71
30682.39
30677.96
30673.54
30669.11
30665.79
30661.36
30658.04
30652.51
30649.19
30643.65
30640.33
30635.90
30631.48
30627.05
30623.73
30619.30
30615.98
30610.45
30607.13
30602.70
30599.38
30593.84
30589.42
30584.99
30581.67
30577.24
30573.92
30568.39
30565.07
30560.64
30557.32
30552.89
30547.36
30542.93
30539.61
30535.18
30531.86
30526.33
30523.01
30518.58
30515.26
30510.83
30506.40
30500.87
30497.55
30493.12
30488.70
30485.37
30480.95
30476.52
30472.09
30468.77
30464.35
30459.92
30454.38
30451.06
30446.64
30443.32
30438.89
30434.46
30430.03
30426.71
30422.29
30418.97
30414.54
30410.11
30404.58
30401.26
30396.83
30393.51
30389.08
30384.65
30380.23
30376.91
30372.48
30369.16
30363.62
30359.20
30354.77
30351.45
30347.02
30343.70
30338.17
30334.85
30330.42
30327.10
30322.67
30319.35
30314.92
30309.39
30304.96
30301.64
30297.21
30293.89
30289.47
30285.04
30280.61
30277.29
30272.86
30268.44
30264.01
30259.58
30255.15
30250.73
30247.41
30242.98
30239.66
30235.23
30230.80
30226.38
30223.06
30217.52
30214.20
30209.77
30206.45
30200.92
30197.60
30193.17
30189.85
30185.42
30182.10
30176.57
30173.25
30167.72
30164.39
30159.97
30156.65
30152.22
30148.90
30143.36
30140.04
30135.62
30132.30
30127.87
30123.44
30119.01
30114.59
30110.16
30106.84
30102.41
30097.99
30094.66
30090.24
30086.92
30081.38
30076.96
30072.53
30069.21
30064.78
30061.46
30057.03
30052.61
30048.18
30044.86
30040.43
30037.11
30032.68
30028.25
30023.83
30019.40
30014.97
30011.65
30007.23
30003.90
29999.48
29996.16
29991.73
29988.41
29981.77
29978.45
29974.02
29970.70
29966.27
29961.85
29958.52
29954.10
29950.78
29945.24
29941.92
29937.49
29933.07
29928.64
29925.32
29920.89
29917.57
29913.14
29908.72
29904.29
29900.97
29896.54
29893.22
29887.69
29884.37
29879.94
29876.62
29872.19
29867.76
29863.34
29860.02
29855.59
29852.27
29847.84
29843.41
29838.99
29834.56
29831.24
29825.71
29822.38
29817.96
29814.64
29810.21
29806.89
29802.46
29799.14
29794.71
29790.29
29785.86
29781.43
29777.00
29773.68
29769.26
29765.94
29761.51
29758.19
29753.76
29750.44
29744.91
29740.48
29736.05
29732.73
29728.30
29723.88
29720.56
29716.13
29712.81
29708.38
29705.06
29700.63
29696.21
29691.78
29688.46
29682.92
29679.60
29675.18
29671.86
29667.43
29664.11
29659.68
29656.36
29650.83
29647.51
29643.08
29638.65
29635.33
29630.90
29626.48
29622.05
29618.73
29614.30
29610.98
29606.55
29602.13
29597.70
29594.38
29589.95
29586.63
29582.20
29578.88
29574.46
29571.13
29566.71
29562.28
29556.75
29553.43
29549.00
29545.68
29541.25
29536.82
29533.50
29529.08
29525.75
29521.33
29518.01
29513.58
29509.15
29504.72
29501.40
29496.98
29493.66
29489.23
29484.80
29480.37
29477.05
29472.63
29469.31
29464.88
29460.45
29456.02
29451.60
29448.28
29443.85
29440.53
29436.10
29432.78
29428.35
29425.03
29420.61
29417.29
29411.75
29408.43
29404.00
29400.68
29396.26
29392.94
29388.51
29384.08
29379.65
29376.33
29371.91
29366.37
29363.05
29358.62
29355.30
29350.88
29347.56
29343.13
29339.81
29335.38
29332.06
29327.63
29324.31
29318.78
29315.46
29311.03
29307.71
29303.28
29298.85
29295.53
29291.11
29287.79
29283.36
29280.04
29275.61
29271.18
29266.76
29263.44
29259.01
29255.69
29251.26
29247.94
29243.51
29240.19
29235.77
29231.34
29228.02
29222.48
29219.16
29214.74
29211.42
29206.99
29203.67
29199.24
29195.92
29191.49
29187.07
29182.64
29178.21
29173.78
29170.46
29166.04
29162.72
29158.29
29154.97
29150.54
29146.11
29142.79
29138.36
29135.04
29129.51
29126.19
29121.76
29118.44
29114.01
29110.69
29106.27
29102.95
29098.52
29095.20
29090.77
29087.45
29083.02
29078.60
29075.28
29070.85
29067.53
29063.10
29059.78
29055.35
29052.03
29047.60
29044.28
29039.86
29035.43
29031.00
29027.68
29023.25
29018.83
29015.51
29011.08
29007.76
29003.33
29000.01
28995.58
28992.26
28986.73
28983.41
28978.98
28975.66
28971.23
28967.91
28963.49
28960.17
28955.74
28951.31
28947.99
28942.46
28939.14
28934.71
28931.39
28926.96
28923.64
28919.21
28915.89
28911.46
28908.14
28903.72
28900.40
28894.86
28891.54
28888.22
28883.79
28880.47
28876.05
28872.73
28868.30
28864.98
28860.55
28857.23
28852.80
28848.38
28843.95
28840.63
28836.20
28831.77
28828.45
28824.03
28820.71
28816.28
28812.96
28808.53
28805.21
28799.68
28796.35
28793.03
28789.71
28785.29
28780.86
28777.54
28773.11
28769.79
28765.36
28762.04
28757.62
28753.19
28748.76
28745.44
28741.01
28737.69
28733.27
28729.95
28725.52
28722.20
28718.88
28714.45
28711.13
28705.59
28702.27
28697.85
28694.53
28690.10
28686.78
28682.35
28679.03
28674.60
28671.28
28666.86
28662.43
28658.00
28654.68
28651.36
28646.93
28643.61
28639.19
28635.86
28631.44
28628.12
28623.69
28620.37
28615.94
28610.41
28607.09
28602.66
28600.45
28596.02
28592.70
28588.27
28584.95
28580.52
28577.20
28572.78
28569.45
28563.92
28559.49
28556.17
28551.75
28549.53
28545.10
28541.78
28537.36
28534.04
28529.61
28526.29
28521.86
28517.43
28513.01
28508.58
28505.26
28501.94
28498.62
28494.19
28490.87
28486.44
28483.12
28478.70
28475.37
28469.84
28466.52
28462.09
28458.77
28455.45
28451.02
28447.70
28443.28
28439.96
28435.53
28432.21
28427.78
28424.46
28418.93
28415.61
28412.29
28407.86
28404.54
28400.11
28396.79
28392.36
28389.04
28384.61
28382.40
28377.97
28372.44
28369.12
28364.69
28361.37
28356.94
28353.62
28349.20
28345.88
28342.56
28339.23
28334.81
28331.49
28325.95
28321.53
28318.20
28313.78
28310.46
28307.14
28303.82
28299.39
28296.07
28291.64
28288.32
28283.89
28279.47
28276.15
28271.72
28268.40
28263.97
28260.65
28256.22
28252.90
28248.47
28245.15
28241.83
28237.41
28232.98
28228.55
28225.23
28220.80
28217.48
28213.06
28210.84
28206.42
28203.09
28198.67
28195.35
28190.92
28185.39
28183.17
28178.74
28175.42
28171.00
28167.68
28163.25
28159.93
28155.50
28152.18
28148.86
28144.43
28141.11
28135.58
28132.26
28127.83
28125.62
28121.19
28117.87
28113.44
28110.12
28105.69
28101.27
28099.05
28094.63
28090.20
28085.77
28082.45
28078.02
28074.70
28071.38
28066.95
28063.63
28059.21
28055.89
28051.46
28048.14
28043.71
28040.39
28035.96
28032.64
28028.22
28024.90
28020.47
28017.15
28013.83
28009.40
28006.08
28001.65
27997.22
27993.90
27990.58
27986.16
27981.73
27978.41
27973.98
27971.77
27967.34
27964.02
27959.59
27956.27
27951.84
27947.42
27944.10
27939.67
27936.35
27931.92
27928.60
27924.17
27921.96
27917.53
27914.21
27909.79
27906.46
27902.04
27897.61
27894.29
27889.86
27886.54
27882.11
27879.90
27875.47
27872.15
27867.73
27863.30
27859.98
27855.55
27852.23
27847.80
27844.48
27840.06
27836.73
27833.41
27828.99
27825.67
27821.24
27817.92
27814.60
27811.28
27805.74
27802.42
27798.00
27794.68
27791.35
27786.93
27783.61
27779.18
27775.86
27772.54
27769.22
27764.79
27760.36
27755.94
27752.62
27749.30
27744.87
27741.55
27737.12
27733.80
27730.48
27727.16
27722.73
27719.41
27713.88
27710.56
27707.24
27702.81
27699.49
27695.06
27692.85
27688.42
27685.10
27680.67
27676.24
27674.03
27669.60
27665.18
27660.75
27657.43
27654.11
27650.79
27646.36
27641.93
27638.61
27635.29
27631.97
27627.54
27624.22
27619.80
27616.48
27612.05
27607.62
27604.30
27600.98
27597.66
27593.23
27589.91
27585.48
27583.27
27578.84
27574.42
27569.99
27565.56
27563.35
27558.92
27555.60
27551.17
27548.96
27544.53
27540.10
27536.78
27532.36
27530.14
27524.61
27521.29
27516.86
27514.65
27510.22
27505.79
27502.47
27498.05
27495.83
27491.40
27488.08
27483.66
27481.44
27475.91
27471.48
27468.16
27463.73
27461.52
27457.09
27453.77
27449.34
27447.13
27442.70
27438.28
27434.96
27430.53
27427.21
27422.78
27419.46
27416.14
27412.82
27408.39
27403.96
27400.64
27397.32
27394.00
27389.58
27386.26
27381.83
27378.51
27374.08
27369.65
27367.44
27363.01
27359.69
27355.26
27353.05
27348.62
27345.30
27340.88
27337.55
27333.13
27328.70
27325.38
27322.06
27318.74
27314.31
27310.99
27307.67
27303.24
27299.92
27295.50
27293.28
27287.75
27284.43
27280.00
27276.68
27273.36
27268.93
27265.61
27262.29
27258.97
27254.54
27251.22
27247.90
27243.47
27239.05
27234.62
27232.41
27227.98
27224.66
27221.34
27218.02
27213.59
27209.16
27206.95
27202.52
27199.20
27193.67
27191.45
27187.03
27183.71
27179.28
27175.96
27172.64
27168.21
27166.00
27161.57
27158.25
27153.82
27150.50
27146.07
27141.65
27138.33
27135.01
27131.68
27127.26
27123.94
27120.62
27116.19
27112.87
27109.55
27106.23
27101.80
27098.48
27094.05
27089.63
27086.30
27082.98
27079.66
27075.24
27071.92
27068.60
27065.28
27060.85
27057.53
27054.21
27048.67
27045.35
27042.03
27038.71
27034.28
27030.96
27027.64
27023.22
27019.90
27016.57
27013.25
27008.83
27004.40
27001.08
26996.65
26994.44
26990.01
26986.69
26982.26
26980.05
26975.62
26971.19
26968.98
26964.55
26961.23
26956.81
26953.49
26949.06
26945.74
26942.42
26937.99
26934.67
26931.35
26928.03
26923.60
26920.28
26916.96
26912.53
26908.11
26904.79
26901.46
26897.04
26894.82
26890.40
26885.97
26883.76
26879.33
26876.01
26872.69
26869.37
26864.94
26860.51
26857.19
26852.76
26849.44
26846.12
26842.80
26838.38
26835.05
26831.73
26827.31
26825.09
26820.67
26816.24
26812.92
26809.60
26805.17
26801.85
26798.53
26794.10
26791.89
26787.46
26784.14
26779.71
26776.39
26773.07
26767.54
26765.32
26760.90
26757.58
26754.26
26749.83
26746.51
26743.19
26739.87
26735.44
26733.23
26728.80
26725.48
26721.05
26716.62
26713.30
26709.98
26706.66
26702.24
26698.91
26695.59
26691.17
26688.95
26684.53
26681.21
26677.89
26673.46
26669.03
26665.71
26662.39
26657.96
26655.75
26651.32
26648.00
26644.68
26640.25
26636.93
26633.61
26630.29
26625.86
26622.54
26618.12
26614.80
26611.48
26607.05
26604.83
26600.41
26597.09
26593.77
26589.34
26586.02
26582.70
26578.27
26573.84
26571.63
26567.20
26562.78
26560.56
26556.13
26553.92
26549.49
26546.17
26542.85
26538.42
26535.10
26530.68
26527.36
26522.93
26520.72
26516.29
26511.86
26509.65
26505.22
26503.01
26498.58
26495.26
26491.94
26487.51
26483.08
26479.76
26476.44
26472.02
26469.80
26465.37
26462.05
26458.73
26454.31
26452.09
26447.66
26444.34
26441.02
26435.49
26433.28
26428.85
26425.53
26422.21
26418.89
26414.46
26411.14
26407.82
26404.50
26401.18
26396.75
26393.43
26389.00
26384.58
26382.36
26377.93
26375.72
26371.29
26367.97
26364.65
26360.23
26356.90
26353.58
26350.26
26346.94
26341.41
26338.09
26334.77
26331.45
26328.13
26324.81
26320.38
26317.06
26313.74
26309.31
26307.10
26302.67
26300.46
26294.92
26290.50
26288.28
26283.85
26281.64
26277.21
26273.89
26270.57
26266.15
26263.93
26259.50
26256.18
26252.86
26248.44
26245.12
26240.69
26237.37
26234.05
26230.73
26227.41
26222.98
26219.66
26216.34
26213.02
26209.70
26206.38
26200.84
26197.52
26194.20
26190.88
26187.56
26183.13
26180.92
26176.49
26173.17
26169.85
26165.42
26163.21
26158.78
26154.36
26151.03
26146.61
26144.39
26139.97
26137.75
26133.33
26130.01
26126.68
26122.26
26120.04
26115.62
26113.40
26108.98
26103.44
26101.23
26096.80
26094.59
26090.16
26086.84
26083.52
26079.09
26076.88
26072.45
26070.24
26065.81
26062.49
26058.06
26053.63
26051.42
26046.99
26044.78
26040.35
26035.92
26033.71
26029.28
26027.07
26022.64
26019.32
26016.00
26010.47
26008.25
26003.83
26001.61
25997.19
25993.87
25990.54
25986.12
25983.90
25979.48
25977.26
25972.84
25969.52
25965.09
25960.66
25958.45
25954.02
25950.70
25947.38
25944.06
25940.74
25937.42
25934.10
25929.67
25926.35
25923.03
25918.60
25915.28
25911.96
25908.64
25904.21
25900.89
25897.57
25894.25
25890.93
25887.61
25883.18
25880.97
25876.54
25873.22
25868.79
25865.47
25862.15
25857.73
25855.51
25851.08
25848.87
25844.44
25841.12
25837.80
25833.38
25831.16
25826.73
25823.41
25818.99
25815.67
25812.35
25809.02
25805.70
25802.38
25797.96
25794.64
25791.32
25788.00
25784.67
25781.35
25778.03
25772.50
25770.29
25765.86
25763.64
25759.22
25755.90
25752.58
25748.15
25745.94
25741.51
25739.29
25734.87
25731.55
25727.12
25723.80
25720.48
25717.16
25712.73
25710.52
25706.09
25703.88
25699.45
25696.13
25692.81
25688.38
25686.17
25680.63
25678.42
25673.99
25670.67
25667.35
25664.03
25660.71
25657.39
25654.07
25650.75
25646.32
25644.11
25639.68
25637.47
25631.93
25628.61
25625.29
25621.97
25618.65
25615.33
25610.90
25607.58
25604.26
25600.94
25597.62
25594.30
25590.98
25585.45
25583.23
25578.80
25576.59
25572.16
25568.84
25565.52
25562.20
25558.88
25555.56
25552.24
25548.92
25544.49
25542.28
25536.75
25534.53
25530.10
25526.78
25523.46
25520.14
25516.82
25513.50
25509.07
25506.86
25502.43
25500.22
25495.79
25491.37
25488.04
25484.72
25481.40
25478.08
25474.76
25471.44
25467.01
25464.80
25460.37
25458.16
25453.73
25450.41
25445.99
25442.66
25439.34
25436.02
25432.70
25429.38
25424.96
25422.74
25418.31
25416.10
25411.67
25408.35
25405.03
25401.71
25397.28
25393.96
25390.64
25387.32
25384.00
25380.68
25377.36
25374.04
25370.72
25366.29
25364.08
25359.65
25357.44
25353.01
25348.58
25345.26
25341.94
25338.62
25335.30
25330.88
25328.66
25324.23
25322.02
25317.59
25314.27
25310.95
25307.63
25303.20
25299.88
25296.56
25293.24
25289.92
25286.60
25283.28
25279.96
25276.64
25272.21
25270.00
25265.57
25263.36
25258.93
25254.50
25251.18
25247.86
25245.65
25241.22
25237.90
25234.58
25231.26
25227.94
25224.62
25221.30
25217.98
25213.55
25211.34
25205.80
25203.59
25199.16
25195.84
25193.63
25189.20
25186.99
25182.56
25179.24
25175.92
25172.60
25169.28
25165.96
25160.42
25158.21
25154.89
25151.57
25148.25
25143.82
25141.61
25137.18
25134.97
25130.54
25127.22
25125.00
25120.58
25118.36
25112.83
25109.51
25106.19
25102.87
25099.55
25096.23
25092.91
25089.59
25086.27
25082.95
25079.62
25076.30
25072.98
25067.45
25065.24
25061.92
25058.60
25055.27
25050.85
25048.63
25044.21
25041.99
25037.57
25034.25
25032.03
25027.60
25025.39
25019.86
25016.54
25013.22
25009.89
25007.68
25003.25
24999.93
24996.61
24993.29
24989.97
24986.65
24983.33
24980.01
24976.69
24972.26
24968.94
24965.62
24962.30
24958.98
24955.66
24952.34
24949.02
24945.70
24941.27
24939.06
24935.74
24932.42
24929.10
24923.56
24921.35
24916.92
24914.71
24911.39
24906.96
24904.75
24900.32
24898.11
24893.68
24890.36
24888.14
24883.72
24881.50
24875.97
24872.65
24870.43
24866.01
24863.79
24859.37
24856.05
24853.83
24849.40
24847.19
24842.76
24839.44
24836.12
24831.70
24829.48
24825.05
24821.73
24818.41
24815.09
24812.88
24808.45
24805.13
24801.81
24798.49
24796.28
24791.85
24788.53
24784.10
24780.78
24778.57
24774.14
24770.82
24767.50
24764.18
24761.97
24757.54
24754.22
24750.90
24747.58
24745.36
24740.94
24736.51
24733.19
24729.87
24727.65
24723.23
24719.91
24716.59
24713.26
24711.05
24706.62
24703.30
24699.98
24696.66
24694.45
24688.91
24685.59
24683.38
24678.95
24676.74
24672.31
24668.99
24666.78
24662.35
24660.14
24655.71
24652.39
24650.18
24645.75
24642.43
24639.11
24634.68
24632.47
24628.04
24625.83
24622.50
24618.08
24615.86
24611.44
24609.22
24605.90
24601.48
24599.26
24594.83
24591.51
24588.19
24583.77
24581.55
24578.23
24574.91
24571.59
24568.27
24564.95
24561.63
24558.31
24554.99
24551.67
24547.24
24543.92
24540.60
24537.28
24533.96
24531.74
24527.32
24524.00
24520.68
24517.36
24515.14
24510.72
24507.39
24505.18
24499.65
24497.43
24494.11
24489.69
24487.47
24483.04
24480.83
24477.51
24473.08
24470.87
24467.55
24464.23
24460.91
24457.59
24453.16
24449.84
24446.52
24443.20
24439.88
24436.56
24433.24
24429.92
24426.60
24423.28
24421.06
24416.63
24413.31
24411.10
24405.57
24403.35
24400.03
24395.61
24393.39
24390.07
24386.75
24383.43
24379.00
24376.79
24373.47
24370.15
24366.83
24363.51
24359.08
24355.76
24353.55
24349.12
24345.80
24343.58
24339.16
24336.94
24333.62
24329.20
24326.98
24323.66
24320.34
24317.02
24313.70
24309.27
24305.95
24302.63
24299.31
24295.99
24293.78
24289.35
24286.03
24283.82
24279.39
24277.17
24273.85
24269.43
24267.21
24262.79
24259.47
24256.14
24252.82
24249.50
24246.18
24242.86
24239.54
24236.22
24234.01
24229.58
24226.26
24224.05
24219.62
24216.30
24212.98
24208.55
24206.34
24203.02
24199.70
24196.38
24193.06
24189.73
24186.41
24184.20
24179.77
24176.45
24174.24
24169.81
24166.49
24163.17
24159.85
24156.53
24153.21
24149.89
24146.57
24143.25
24141.03
24136.61
24133.29
24131.07
24126.65
24124.43
24120.00
24116.68
24113.36
24110.04
24106.72
24103.40
24100.08
24097.87
24093.44
24090.12
24087.91
24083.48
24081.27
24077.95
24073.52
24070.20
24066.88
24064.66
24060.24
24056.92
24054.70
24050.27
24048.06
24044.74
24040.31
24038.10
24034.78
24031.46
24027.03
24023.71
24021.50
24017.07
24013.75
24011.54
24008.22
24004.89
24001.57
23998.25
23994.93
23991.61
23988.29
23984.97
23980.54
23978.33
23975.01
23970.58
23968.37
23965.05
23961.73
23958.41
23955.09
23952.87
23948.45
23946.23
23942.91
23938.48
23936.27
23931.84
23928.52
23925.20
23921.88
23919.67
23915.24
23911.92
23909.71
23906.39
23903.07
23899.75
23896.43
23893.10
23889.78
23885.36
23883.14
23878.72
23876.50
23873.18
23868.75
23866.54
23863.22
23861.01
23856.58
23853.26
23851.05
23847.72
23844.40
23841.08
23836.66
23833.34
23830.02
23826.70
23824.48
23820.05
23817.84
23814.52
23811.20
23807.88
23804.56
23801.24
23799.02
23794.60
23791.28
23787.96
23783.53
23781.32
23777.99
23775.78
23771.35
23768.03
23765.82
23762.50
23759.18
23755.86
23752.54
23750.32
23744.79
23741.47
23739.26
23735.94
23732.61
23729.29
23725.97
23722.65
23719.33
23716.01
23713.80
23709.37
23707.16
23703.84
23700.52
23696.09
23692.77
23690.56
23687.23
23682.81
23680.59
23677.27
23673.95
23670.63
23667.31
23665.10
23661.78
23657.35
23655.14
23651.82
23647.39
23644.07
23640.75
23638.53
23635.21
23630.79
23628.57
23625.25
23623.04
23619.72
23615.29
23613.08
23609.76
23606.44
23602.01
23598.69
23596.47
23593.15
23588.73
23586.51
23583.19
23580.98
23576.55
23573.23
23571.02
23567.70
23564.38
23561.06
23557.74
23554.42
23551.09
23546.67
23544.45
23541.13
23537.81
23534.49
23531.17
23528.96
23525.64
23521.21
23519.00
23515.68
23513.46
23510.14
23504.61
23502.39
23499.07
23495.75
23492.43
23489.11
23486.90
23483.58
23480.26
23476.94
23473.62
23470.30
23468.08
23463.66
23460.34
23457.01
23453.69
23451.48
23447.05
23444.84
23441.52
23438.20
23434.88
23431.56
23428.24
23426.02
23422.70
23419.38
23416.06
23411.63
23409.42
23404.99
23401.67
23399.46
23396.14
23393.93
23389.50
23386.18
23383.96
23380.64
23377.32
23374.00
23370.68
23368.47
23364.04
23360.72
23357.40
23354.08
23350.76
23348.55
23345.22
23341.90
23338.58
23335.26
23333.05
23329.73
23326.41
23323.09
23318.66
23316.45
23313.13
23308.70
23306.49
23303.17
23299.84
23297.63
23293.20
23290.99
23287.67
23284.35
23282.14
23277.71
23275.49
23271.07
23267.75
23265.53
23261.11
23257.79
23255.57
23252.25
23248.93
23245.61
23242.29
23240.08
23236.76
23233.44
23230.11
23226.79
23223.47
23220.15
23216.83
23214.62
23210.19
23206.87
23204.66
23201.34
23198.02
23194.70
23191.38
23189.16
23185.84
23182.52
23179.20
23174.77
23172.56
23169.24
23165.92
23163.71
23159.28
23155.96
23153.74
23150.42
23147.10
23144.89
23140.46
23138.25
23134.93
23130.50
23128.29
23123.86
23121.65
23118.33
23115.00
23112.79
23109.47
23105.04
23102.83
23099.51
23096.19
23093.97
23090.65
23087.33
23082.91
23079.59
23077.37
23074.05
23070.73
23067.41
23064.09
23061.88
23058.56
23055.24
23053.02
23048.59
23045.27
23043.06
23039.74
23037.53
23033.10
23028.67
23026.46
23023.14
23019.82
23017.60
23014.28
23010.96
23007.64
23004.32
23002.11
22998.79
22995.47
22993.25
22987.72
22985.51
22982.19
22978.86
22976.65
22973.33
22968.90
22966.69
22963.37
22960.05
22957.83
22954.51
22952.30
22947.87
22944.55
22941.23
22937.91
22934.59
22932.38
22927.95
22925.74
22922.42
22919.10
22916.88
22913.56
22910.24
22906.92
22903.60
22901.39
22898.07
22893.64
22891.43
22888.10
22883.68
22881.46
22878.14
22874.82
22872.61
22869.29
22867.07
22862.65
22859.33
22857.11
22853.79
22850.47
22848.26
22843.83
22840.51
22837.19
22833.87
22831.66
22828.34
22825.02
22822.80
22819.48
22816.16
22812.84
22809.52
22807.31
22803.99
22799.56
22797.34
22794.02
22789.60
22787.38
22784.06
22781.85
22778.53
22775.21
22772.99
22769.67
22765.25
22763.03
22759.71
22756.39
22754.18
22749.75
22747.54
22744.22
22739.79
22737.58
22734.26
22730.94
22728.72
22725.40
22722.08
22719.87
22715.44
22713.23
22709.91
22706.58
22703.26
22699.94
22696.62
22694.41
22691.09
22687.77
22684.45
22681.13
22678.91
22675.59
22672.27
22670.06
22666.74
22663.42
22660.10
22655.67
22653.46
22650.14
22646.82
22644.60
22641.28
22637.96
22635.75
22631.32
22629.11
22625.79
22622.47
22620.25
22616.93
22613.61
22610.29
22606.97
22602.54
22600.33
22597.01
22594.80
22591.47
22588.15
22585.94
22582.62
22579.30
22577.09
22572.66
22569.34
22567.12
22562.70
22560.48
22557.16
22553.84
22551.63
22548.31
22544.99
22541.67
22538.35
22535.03
22532.81
22529.49
22527.28
22523.96
22520.64
22518.42
22514.00
22510.68
22507.36
22504.04
22500.71
22498.50
22495.18
22492.97
22489.65
22486.33
22484.11
22480.79
22477.47
22475.26
22470.83
22466.40
22464.19
22460.87
22458.66
22455.33
22452.01
22449.80
22446.48
22443.16
22440.95
22437.63
22433.20
22430.98
22427.66
22425.45
22421.02
22417.70
22415.49
22412.17
22408.85
22406.63
22403.31
22399.99
22397.78
22393.35
22391.14
22387.82
22384.50
22382.28
22378.96
22374.54
22372.32
22369.00
22365.68
22363.47
22360.15
22356.83
22354.61
22350.19
22347.97
22344.65
22341.33
22339.12
22335.80
22332.48
22330.26
22325.84
22322.52
22320.30
22316.98
22313.66
22311.45
22308.13
22304.81
22301.49
22298.17
22295.95
22292.63
22289.31
22287.10
22283.78
22279.35
22277.14
22273.81
22271.60
22268.28
22264.96
22262.75
22259.43
22256.11
22252.79
22249.46
22246.14
22243.93
22240.61
22238.40
22235.08
22230.65
22228.44
22225.11
22221.79
22219.58
22216.26
22212.94
22210.73
22207.41
22204.08
22201.87
22198.55
22195.23
22191.91
22188.59
22185.27
22181.95
22178.63
22176.41
22173.09
22169.77
22167.56
22164.24
22160.92
22158.70
22155.38
22153.17
22149.85
22146.53
22144.32
22141.00
22136.57
22134.35
22131.03
22127.71
22125.50
22122.18
22118.86
22115.54
22112.22
22110.00
22106.68
22103.36
22101.15
22097.83
22094.51
22092.30
22087.87
22084.55
22082.33
22079.01
22075.69
22073.48
22070.16
22067.94
22064.62
22061.30
22059.09
22055.77
22052.45
22050.24
22046.92
22042.49
22040.27
22036.95
22033.63
22031.42
22028.10
22024.78
22022.56
22019.24
22015.92
22012.60
22009.28
22007.07
22003.75
22000.43
21998.21
21993.79
21990.47
21988.25
21984.93
21982.72
21979.40
21976.08
21973.86
21970.54
21967.22
21965.01
21961.69
21958.37
21956.16
21952.83
21948.41
21946.19
21942.87
21939.55
21937.34
21934.02
21931.80
21928.48
21925.16
21922.95
21919.63
21916.31
21914.10
21910.78
21907.45
21905.24
21900.81
21897.49
21895.28
21891.96
21888.64
21886.43
21883.10
21880.89
21877.57
21874.25
21872.04
21868.72
21865.40
21863.18
21859.86
21856.54
21853.22
21849.90
21846.58
21844.37
21841.05
21837.72
21835.51
21832.19
21829.98
21826.66
21823.34
21821.12
21817.80
21814.48
21812.27
21808.95
21804.52
21802.31
21798.99
21795.67
21793.45
21790.13
21786.81
21784.60
21781.28
21779.06
21775.74
21772.42
21770.21
21766.89
21763.57
21760.25
21756.93
21753.61
21751.39
21748.07
21744.75
21742.54
21739.22
21737.00
21733.68
21730.36
21728.15
21724.83
21721.51
21719.29
21715.97
21711.55
21709.33
21706.01
21702.69
21700.48
21697.16
21693.84
21692.73
21689.41
21686.09
21683.88
21680.55
21677.23
21675.02
21671.70
21669.49
21665.06
21661.74
21659.53
21656.20
21652.88
21650.67
21647.35
21644.03
21641.82
21638.50
21635.17
21632.96
21629.64
21626.32
21624.11
21620.79
21617.47
21614.15
21610.82
21608.61
21605.29
21601.97
21599.76
21596.44
21593.12
21592.01
21588.69
21585.37
21583.15
21579.83
21576.51
21574.30
21569.87
21566.55
21564.34
21561.02
21557.70
21555.48
21552.16
21549.95
21546.63
21543.31
21541.09
21537.77
21534.45
21532.24
21528.92
21525.60
21522.28
21518.96
21516.74
21514.53
21511.21
21507.89
21505.68
21502.36
21499.04
21496.82
21493.50
21490.18
21487.97
21484.65
21482.43
21479.11
21474.68
21472.47
21469.15
21465.83
21463.62
21460.30
21458.08
21455.87
21452.55
21449.23
21447.01
21443.69
21440.37
21438.16
21434.84
21431.52
21428.20
21424.88
21421.56
21419.34
21416.02
21413.81
21410.49
21408.28
21404.95
21402.74
21399.42
21397.21
21393.89
21390.57
21388.35
21385.03
21380.60
21378.39
21375.07
21371.75
21369.54
21366.22
21362.90
21361.79
21358.47
21355.15
21352.93
21349.61
21346.29
21344.08
21340.76
21337.44
21334.12
21330.80
21328.58
21325.26
21321.94
21319.73
21317.52
21314.19
21311.98
21308.66
21305.34
21303.13
21299.81
21296.49
21294.27
21290.95
21286.52
21284.31
21282.10
21278.78
21276.56
21273.24
21269.92
21267.71
21264.39
21261.07
21258.85
21255.53
21252.21
21250.00
21247.79
21244.46
21242.25
21237.82
21234.50
21232.29
21228.97
21226.76
21223.43
21220.11
21217.90
21214.58
21212.37
21210.15
21206.83
21203.51
21201.30
21197.98
21194.66
21191.34
21188.02
21184.70
21182.48
21180.27
21176.95
21174.73
21171.41
21168.09
21165.88
21162.56
21159.24
21157.03
21153.70
21150.38
21149.28
21144.85
21141.53
21139.32
21136.00
21132.67
21130.46
21127.14
21124.93
21121.61
21119.39
21116.07
21113.86
21110.54
21108.32
21105.00
21101.68
21098.36
21095.04
21091.72
21090.62
21087.29
21083.97
21081.76
21078.44
21075.12
21072.91
21069.59
21066.27
21065.16
21061.84
21058.52
21056.30
21052.98
21048.56
21046.34
21043.02
21039.70
21038.59
21035.27
21031.95
21029.74
21026.42
21023.10
21020.89
21017.56
21014.24
21013.14
21009.82
21006.50
21003.18
20999.86
20996.53
20994.32
20991.00
20988.79
20986.57
20983.25
20979.93
20977.72
20974.40
20972.18
20968.86
20965.54
20963.33
20961.12
20956.69
20954.48
20951.16
20947.83
20945.62
20942.30
20940.09
20937.87
20934.55
20931.23
20929.02
20925.70
20922.38
20920.16
20917.95
20914.63
20912.42
20907.99
20904.67
20902.45
20899.13
20896.92
20894.71
20891.39
20888.07
20885.85
20882.53
20879.21
20877.00
20874.78
20871.46
20869.25
20865.93
20861.50
20859.29
20855.97
20853.75
20851.54
20848.22
20844.90
20842.69
20839.37
20836.04
20833.83
20831.62
20828.30
20826.08
20822.76
20819.44
20817.23
20812.80
20810.59
20808.37
20805.05
20801.73
20799.52
20796.20
20792.88
20791.77
20788.45
20785.13
20782.92
20779.60
20776.28
20775.17
20771.85
20767.42
20765.21
20761.89
20758.57
20756.35
20754.14
20750.82
20748.61
20745.28
20741.96
20739.75
20736.43
20734.22
20732.00
20728.68
20725.36
20723.15
20718.72
20716.51
20714.29
20710.97
20707.65
20705.44
20702.12
20699.90
20697.69
20694.37
20691.05
20688.84
20685.52
20683.30
20681.09
20677.77
20673.34
20671.13
20667.81
20665.59
20663.38
20660.06
20656.74
20654.53
20651.20
20648.99
20646.78
20643.46
20640.14
20637.92
20634.60
20632.39
20630.17
20625.75
20622.43
20620.21
20616.89
20614.68
20612.47
20609.15
20605.82
20603.61
20600.29
20598.08
20595.86
20592.54
20589.22
20587.01
20583.69
20581.47
20578.15
20574.83
20571.51
20569.30
20565.98
20563.77
20561.55
20558.23
20554.91
20552.70
20549.38
20547.16
20544.95
20541.63
20538.31
20536.09
20533.88
20529.45
20527.24
20523.92
20520.60
20518.39
20516.17
20512.85
20510.64
20507.32
20504.00
20502.89
20499.57
20496.25
20494.03
20490.71
20487.39
20486.29
20481.86
20478.54
20476.33
20473.01
20470.79
20468.58
20465.26
20461.94
20459.72
20457.51
20454.19
20451.98
20448.65
20445.33
20444.23
20440.91
20436.48
20434.27
20430.95
20428.73
20426.52
20423.20
20419.88
20417.66
20415.45
20412.13
20409.92
20406.60
20403.27
20401.06
20398.85
20395.53
20393.31
20388.89
20385.57
20384.46
20381.14
20377.82
20375.60
20373.39
20370.07
20367.86
20364.54
20361.22
20360.11
20356.79
20353.47
20351.25
20347.93
20345.72
20342.40
20339.08
20335.76
20333.54
20331.33
20328.01
20325.80
20322.48
20319.16
20316.94
20314.73
20311.41
20309.19
20305.87
20303.66
20300.34
20298.13
20293.70
20291.49
20289.27
20285.95
20282.63
20280.42
20278.20
20274.88
20272.67
20269.35
20267.14
20264.92
20261.60
20258.28
20256.07
20253.85
20250.53
20247.21
20243.89
20240.57
20239.46
20236.14
20232.82
20230.61
20228.40
20225.08
20222.86
20219.54
20216.22
20215.11
20211.79
20208.47
20206.26
20204.05
20199.62
20197.40
20194.08
20191.87
20189.66
20186.34
20183.02
20180.80
20178.59
20175.27
20173.05
20169.73
20167.52
20164.20
20161.99
20158.67
20156.45
20153.13
20149.81
20146.49
20144.28
20142.06
20138.74
20136.53
20133.21
20131.00
20128.78
20125.46
20122.14
20121.03
20117.71
20114.39
20112.18
20109.97
20105.54
20103.32
20100.00
20097.79
20095.58
20092.26
20088.94
20086.72
20084.51
20081.19
20078.97
20075.65
20073.44
20071.23
20067.91
20064.59
20062.37
20059.05
20055.73
20053.52
20051.30
20047.98
20044.66
20042.45
20040.24
20036.91
20034.70
20031.38
20029.17
20026.95
20023.63
20020.31
20019.21
20015.89
20011.46
20009.24
20007.03
20003.71
20001.50
19998.18
19995.96
19993.75
19990.43
19987.11
19986.00
19982.68
19979.36
19977.15
19974.93
19971.61
19969.40
19967.18
19962.76
19959.44
19957.22
19955.01
19951.69
19949.48
19946.15
19943.94
19941.73
19938.41
19935.09
19933.98
19930.66
19927.34
19925.13
19922.91
19919.59
19916.27
19914.06
19910.74
19908.52
19905.20
19902.99
19900.77
19897.45
19894.13
19893.03
19889.71
19886.39
19884.17
19881.96
19878.64
19876.42
19874.21
19869.78
19866.46
19864.25
19862.04
19858.72
19856.50
19853.18
19850.97
19848.75
19845.43
19843.22
19841.01
19837.69
19834.37
19833.26
19829.94
19826.62
19825.51
19821.08
19817.76
19815.55
19813.34
19810.01
19807.80
19804.48
19802.27
19798.95
19796.73
19794.52
19791.20
19788.99
19785.66
19783.45
19781.24
19777.92
19774.60
19772.38
19769.06
19765.74
19764.63
19761.31
19757.99
19756.89
19753.57
19750.25
19748.03
19745.82
19742.50
19740.28
19738.07
19734.75
19731.43
19728.11
19725.90
19722.58
19720.36
19718.15
19714.83
19712.61
19710.40
19707.08
19704.87
19701.55
19699.33
19697.12
19693.80
19691.58
19689.37
19686.05
19683.84
19679.41
19677.20
19673.88
19671.66
19669.45
19666.13
19663.91
19661.70
19658.38
19656.17
19653.95
19650.63
19647.31
19646.20
19642.88
19639.56
19638.46
19635.14
19630.71
19628.50
19626.28
19622.96
19620.75
19618.53
19615.21
19611.89
19610.79
19607.47
19604.14
19603.04
19599.72
19596.40
19595.29
19591.97
19588.65
19585.33
19583.12
19579.79
19577.58
19575.37
19572.05
19569.83
19567.62
19564.30
19560.98
19559.87
19556.55
19553.23
19552.12
19548.80
19545.48
19544.38
19541.06
19536.63
19534.41
19532.20
19528.88
19526.67
19524.45
19521.13
19518.92
19516.71
19513.38
19510.06
19508.96
19505.64
19502.32
19501.21
19497.89
19494.57
19493.46
19489.03
19485.71
19484.61
19481.29
19477.97
19475.75
19473.54
19470.22
19468.00
19465.79
19462.47
19460.26
19458.04
19454.72
19452.51
19450.30
19446.98
19443.65
19441.44
19438.12
19434.80
19433.69
19430.37
19427.05
19424.84
19422.62
19419.30
19417.09
19414.88
19411.56
19409.34
19407.13
19404.92
19401.60
19399.38
19396.06
19392.74
19390.53
19388.31
19384.99
19382.78
19380.57
19377.25
19373.92
19372.82
19369.50
19366.18
19365.07
19361.75
19358.43
19357.32
19354.00
19349.57
19348.47
19345.15
19341.83
19339.61
19337.40
19334.08
19331.87
19329.65
19326.33
19324.12
19321.90
19318.58
19316.37
19314.16
19311.94
19308.62
19306.41
19304.19
19299.77
19297.55
19295.34
19292.02
19288.70
19287.59
19284.27
19280.95
19279.84
19276.52
19273.20
19272.10
19268.78
19265.46
19264.35
19261.03
19258.81
19254.39
19252.17
19249.96
19246.64
19244.43
19242.21
19238.89
19236.68
19234.46
19231.14
19230.04
19226.72
19223.40
19221.18
19218.97
19215.65
19213.43
19211.22
19206.79
19204.58
19202.37
19199.05
19196.83
19194.62
19192.40
19189.08
19186.87
19184.66
19181.34
19179.12
19176.91
19173.59
19171.37
19169.16
19165.84
19163.63
19160.31
19156.99
19154.77
19152.56
19149.24
19147.02
19144.81
19142.60
19139.28
19135.96
19134.85
19131.53
19128.21
19127.10
19123.78
19121.57
19119.35
19116.03
19112.71
19110.50
19107.18
19104.97
19101.64
19100.54
19097.22
19093.90
19092.79
19089.47
19086.15
19085.04
19081.72
19079.51
19077.29
19073.97
19071.76
19068.44
19066.23
19062.91
19059.59
19058.48
19055.16
19051.84
19050.73
19047.41
19045.20
19042.98
19039.66
19037.45
19034.13
19033.02
19029.70
19026.38
19025.27
19021.95
19017.53
19016.42
19013.10
19010.88
19008.67
19005.35
19003.14
18999.82
18998.71
18995.39
18992.07
18990.96
18987.64
18985.43
18983.21
18979.89
18977.68
18975.47
18972.15
18968.83
18965.50
18964.40
18961.08
18958.86
18956.65
18953.33
18951.12
18948.90
18946.69
18943.37
18941.15
18938.94
18935.62
18933.41
18931.19
18927.87
18924.55
18922.34
18920.12
18916.80
18914.59
18912.38
18909.06
18906.84
18904.63
18901.31
18899.10
18896.88
18894.67
18891.35
18889.13
18886.92
18883.60
18881.39
18879.17
18874.74
18872.53
18870.32
18868.10
18864.78
18862.57
18860.36
18857.04
18855.93
18852.61
18850.39
18847.07
18844.86
18842.65
18839.33
18838.22
18834.90
18831.58
18829.36
18826.04
18823.83
18821.62
18819.40
18816.08
18812.76
18811.66
18808.34
18806.12
18803.91
18800.59
18798.37
18796.16
18793.95
18790.63
18788.41
18786.20
18781.77
18779.56
18777.34
18775.13
18771.81
18769.60
18767.38
18764.06
18761.85
18759.63
18757.42
18754.10
18751.89
18749.67
18746.35
18745.25
18741.93
18739.71
18737.50
18733.07
18730.86
18727.54
18726.43
18723.11
18720.90
18718.68
18715.36
18713.15
18710.93
18708.72
18705.40
18703.19
18700.97
18697.65
18695.44
18693.23
18691.01
18686.58
18685.48
18682.16
18679.94
18676.62
18674.41
18672.20
18668.87
18667.77
18664.45
18662.23
18660.02
18656.70
18654.49
18652.27
18650.06
18646.74
18644.52
18641.20
18638.99
18635.67
18633.46
18631.24
18627.92
18625.71
18623.49
18621.28
18617.96
18616.85
18613.53
18610.21
18609.11
18605.79
18603.57
18601.36
18599.14
18595.82
18592.50
18590.29
18586.97
18584.76
18582.54
18580.33
18577.01
18574.79
18572.58
18570.37
18567.05
18564.83
18562.62
18559.30
18558.19
18554.87
18552.66
18550.44
18548.23
18543.80
18541.59
18539.38
18536.06
18533.84
18531.63
18529.41
18526.09
18523.88
18521.67
18519.45
18516.13
18515.03
18511.71
18509.49
18507.28
18503.96
18501.74
18498.42
18496.21
18492.89
18490.68
18488.46
18486.25
18482.93
18481.82
18478.50
18476.29
18472.97
18470.75
18468.54
18465.22
18464.11
18460.79
18458.58
18456.36
18454.15
18449.72
18447.51
18445.30
18443.08
18439.76
18438.65
18435.33
18432.01
18430.91
18427.59
18425.37
18422.05
18420.95
18417.62
18415.41
18413.20
18410.98
18407.66
18404.34
18402.13
18399.92
18396.60
18395.49
18392.17
18388.85
18387.74
18384.42
18382.21
18379.99
18377.78
18374.46
18372.24
18370.03
18367.82
18364.50
18363.39
18360.07
18356.75
18353.43
18352.32
18349.00
18346.79
18344.57
18342.36
18339.04
18336.83
18334.61
18332.40
18329.08
18326.86
18324.65
18321.33
18320.22
18316.90
18314.69
18312.48
18309.16
18305.84
18303.62
18301.41
18299.19
18295.87
18294.77
18291.45
18289.23
18285.91
18284.81
18281.48
18279.27
18277.06
18274.84
18271.52
18269.31
18267.10
18264.88
18260.46
18259.35
18256.03
18253.81
18251.60
18249.39
18246.07
18243.85
18241.64
18239.43
18236.10
18235.00
18231.68
18229.46
18227.25
18225.04
18221.72
18219.50
18217.29
18213.97
18210.65
18209.54
18206.22
18204.01
18200.69
18199.58
18196.26
18194.05
18191.83
18189.62
18186.30
18184.08
18181.87
18179.66
18176.34
18175.23
18171.91
18168.59
18166.37
18164.16
18160.84
18158.63
18156.41
18154.20
18150.88
18149.77
18146.45
18144.24
18142.02
18139.81
18136.49
18134.28
18132.06
18129.85
18126.53
18125.42
18120.99
18118.78
18116.57
18114.35
18111.03
18108.82
18106.61
18104.39
18101.07
18099.97
18096.64
18094.43
18092.22
18090.00
18087.79
18084.47
18083.36
18080.04
18077.83
18073.40
18072.29
18068.97
18066.76
18064.55
18062.33
18059.01
18056.80
18054.59
18052.37
18049.05
18047.94
18044.62
18042.41
18040.20
18037.98
18034.66
18032.45
18031.34
18026.91
18024.70
18022.49
18020.27
18016.95
18014.74
18012.53
18010.31
18006.99
18005.88
18002.56
18000.35
17998.14
17995.92
17992.60
17990.39
17989.28
17985.96
17983.75
17981.53
17978.21
17974.89
17972.68
17970.47
17968.25
17964.93
17963.83
17960.50
17958.29
17954.97
17953.86
17951.65
17948.33
17947.22
17943.90
17941.69
17938.37
17937.26
17933.94
17930.62
17928.41
17926.19
17922.87
17920.66
17919.55
17916.23
17914.02
17911.80
17909.59
17906.27
17904.06
17901.84
17899.63
17896.31
17895.20
17891.88
17889.67
17887.45
17884.13
17881.92
17878.60
17877.49
17874.17
17871.96
17869.74
17867.53
17864.21
17862.00
17860.89
17857.57
17855.36
17853.14
17850.93
17847.61
17845.39
17843.18
17840.97
17837.65
17835.43
17833.22
17829.90
17827.69
17825.47
17823.26
17819.94
17818.83
17815.51
17813.30
17811.08
17808.87
17806.66
17803.34
17802.23
17798.91
17796.69
17794.48
17792.27
17788.95
17785.63
17784.52
17781.20
17778.98
17776.77
17774.56
17772.34
17769.02
17767.92
17764.60
17762.38
17760.17
17757.96
17754.63
17752.42
17751.31
17747.99
17745.78
17742.46
17740.25
17736.93
17734.71
17733.60
17730.28
17728.07
17725.86
17723.64
17720.32
17718.11
17717.00
17713.68
17711.47
17709.25
17707.04
17703.72
17701.51
17699.29
17695.97
17693.76
17691.55
17689.33
17686.01
17683.80
17681.58
17679.37
17677.16
17674.94
17672.73
17669.41
17667.20
17666.09
17662.77
17660.55
17658.34
17656.13
17652.81
17650.59
17648.38
17645.06
17642.84
17640.63
17638.42
17635.10
17632.88
17631.78
17628.46
17626.24
17624.03
17621.82
17618.49
17616.28
17615.17
17611.85
17609.64
17607.43
17605.21
17603.00
17598.57
17597.46
17594.14
17591.93
17589.72
17587.50
17585.29
17581.97
17580.86
17577.54
17575.33
17573.11
17570.90
17568.69
17565.37
17564.26
17562.05
17558.73
17556.51
17553.19
17550.98
17547.66
17546.55
17544.34
17541.02
17538.80
17536.59
17534.38
17532.16
17529.95
17527.73
17524.41
17522.20
17521.09
17517.77
17515.56
17513.35
17511.13
17508.92
17504.49
17503.38
17500.06
17497.85
17495.64
17493.42
17491.21
17487.89
17486.78
17484.57
17481.25
17479.03
17476.82
17474.61
17472.39
17470.18
17467.97
17464.65
17462.43
17461.33
17456.90
17454.68
17452.47
17450.26
17448.04
17444.72
17443.62
17440.30
17438.08
17436.97
17433.65
17431.44
17428.12
17427.01
17424.80
17421.48
17420.37
17417.05
17414.84
17411.52
17409.30
17407.09
17404.88
17402.66
17400.45
17397.13
17394.92
17393.81
17390.49
17388.27
17386.06
17383.85
17381.63
17378.31
17377.21
17374.99
17371.67
17369.46
17367.24
17363.92
17361.71
17359.50
17357.28
17353.96
17351.75
17350.64
17347.32
17345.11
17342.89
17340.68
17338.47
17335.15
17334.04
17331.83
17328.51
17326.29
17325.19
17321.86
17319.65
17316.33
17314.12
17311.90
17308.58
17307.48
17304.16
17301.94
17300.83
17297.51
17295.30
17293.09
17290.87
17288.66
17285.34
17284.23
17282.02
17278.70
17276.48
17275.38
17270.95
17268.74
17266.52
17264.31
17262.10
17258.78
17257.67
17255.45
17252.13
17249.92
17248.81
17245.49
17243.28
17241.07
17238.85
17236.64
17233.32
17232.21
17230.00
17226.68
17223.36
17222.25
17218.93
17216.72
17214.50
17212.29
17210.07
17206.75
17205.65
17203.43
17200.11
17199.01
17196.79
17193.47
17191.26
17189.05
17186.83
17184.62
17182.40
17180.19
17177.98
17173.55
17172.44
17170.23
17166.91
17164.70
17163.59
17160.27
17158.05
17155.84
17153.63
17151.41
17148.09
17146.99
17144.77
17141.45
17139.24
17138.13
17134.81
17132.60
17131.49
17127.06
17124.85
17122.64
17120.42
17118.21
17114.89
17113.78
17111.57
17108.25
17106.03
17104.93
17101.61
17099.39
17097.18
17094.96
17092.75
17090.54
17088.32
17086.11
17083.90
17079.47
17078.36
17076.15
17072.83
17070.61
17069.51
17066.19
17063.97
17062.87
17059.55
17057.33
17055.12
17052.91
17050.69
17047.37
17046.26
17044.05
17040.73
17038.52
17037.41
17032.98
17030.77
17028.56
17026.34
17024.13
17021.91
17019.70
17017.49
17015.27
17011.95
17010.85
17008.63
17005.31
17003.10
17001.99
16998.67
16996.46
16995.35
16992.03
16989.82
16986.50
16984.28
16982.07
16979.85
16977.64
16975.43
16973.21
16969.89
16968.79
16966.57
16963.25
16961.04
16959.93
16956.61
16954.40
16952.18
16949.97
16947.76
16945.54
16944.44
16940.01
16937.80
16935.58
16933.37
16931.15
16928.94
16926.73
16924.51
16922.30
16918.98
16917.87
16915.66
16912.34
16910.12
16909.02
16905.70
16903.48
16901.27
16899.06
16896.84
16894.63
16891.31
16889.09
16886.88
16883.56
16882.45
16880.24
16878.03
16875.81
16873.60
16871.39
16868.07
16866.96
16864.74
16861.42
16859.21
16858.10
16854.78
16852.57
16850.36
16848.14
16844.82
16842.61
16840.39
16838.18
16835.97
16833.75
16831.54
16829.33
16827.11
16824.90
16822.69
16820.47
16817.15
16816.04
16813.83
16810.51
16808.30
16807.19
16804.98
16801.66
16798.33
16797.23
16793.91
16791.69
16790.59
16787.27
16785.05
16782.84
16780.63
16778.41
16776.20
16773.98
16771.77
16769.56
16767.34
16765.13
16762.92
16760.70
16757.38
16756.28
16754.06
16750.74
16747.42
16746.31
16744.10
16740.78
16739.67
16737.46
16734.14
16731.93
16730.82
16728.60
16725.28
16723.07
16721.96
16718.64
16716.43
16714.22
16713.11
16709.79
16707.57
16706.47
16702.04
16699.83
16697.61
16695.40
16693.19
16690.97
16688.76
16686.55
16684.33
16682.12
16679.90
16677.69
16675.48
16673.26
16671.05
16668.84
16666.62
16663.30
16662.19
16659.98
16656.66
16654.45
16652.23
16650.02
16646.70
16645.59
16643.38
16641.17
16637.84
16636.74
16634.52
16631.20
16628.99
16627.88
16625.67
16622.35
16621.24
16619.03
16615.71
16613.49
16612.39
16609.07
16605.75
16603.53
16602.43
16599.11
16596.89
16594.68
16593.57
16590.25
16588.04
16586.93
16584.72
16581.40
16579.18
16578.08
16574.76
16572.54
16570.33
16569.22
16565.90
16563.69
16560.37
16559.26
16555.94
16553.73
16552.62
16549.30
16547.08
16544.87
16543.76
16540.44
16538.23
16536.02
16534.91
16531.59
16529.38
16527.16
16524.95
16522.73
16520.52
16519.41
16516.09
16512.77
16510.56
16509.45
16506.13
16503.92
16501.70
16500.60
16497.28
16495.06
16492.85
16490.64
16488.42
16486.21
16485.10
16481.78
16479.57
16477.35
16476.25
16472.93
16470.71
16467.39
16466.29
16462.97
16460.75
16458.54
16457.43
16454.11
16451.90
16450.79
16448.58
16445.26
16443.04
16441.94
16438.62
16436.40
16434.19
16433.08
16429.76
16427.55
16425.33
16424.23
16419.80
16417.59
16416.48
16414.27
16410.94
16408.73
16407.62
16405.41
16402.09
16399.88
16398.77
16396.56
16393.24
16391.02
16389.92
16387.70
16384.38
16383.27
16381.06
16378.85
16375.53
16374.42
16371.10
16368.89
16365.56
16364.46
16362.24
16360.03
16356.71
16355.60
16353.39
16351.18
16348.96
16346.75
16344.54
16342.32
16340.11
16337.89
16335.68
16333.47
16332.36
16329.04
16325.72
16323.51
16322.40
16319.08
16316.86
16314.65
16313.54
16310.22
16308.01
16306.90
16304.69
16301.37
16299.16
16298.05
16295.83
16292.51
16290.30
16289.19
16286.98
16284.77
16281.45
16280.34
16277.02
16274.80
16272.59
16270.38
16268.16
16265.95
16263.74
16261.52
16259.31
16257.10
16254.88
16252.67
16250.45
16248.24
16247.13
16243.81
16241.60
16239.39
16238.28
16234.96
16232.75
16229.43
16228.32
16225.00
16222.78
16221.68
16219.46
16217.25
16213.93
16212.82
16210.61
16208.40
16205.07
16203.97
16201.75
16199.54
16197.33
16195.11
16192.90
16190.69
16188.47
16186.26
16182.94
16180.72
16178.51
16177.40
16174.08
16171.87
16170.76
16168.55
16165.23
16163.02
16161.91
16159.69
16157.48
16154.16
16153.05
16150.84
16148.63
16146.41
16144.20
16141.99
16139.77
16136.45
16134.24
16132.02
16129.81
16127.60
16126.49
16123.17
16120.96
16119.85
16117.64
16115.42
16112.10
16110.99
16108.78
16106.57
16103.25
16102.14
16099.93
16097.71
16095.50
16093.29
16091.07
16087.75
16085.54
16084.43
16081.11
16078.90
16076.68
16075.58
16073.36
16070.04
16068.93
16066.72
16064.51
16061.19
16060.08
16057.87
16055.65
16053.44
16051.23
16049.01
16046.80
16044.58
16042.37
16039.05
16036.84
16034.62
16033.52
16031.30
16027.98
16025.77
16024.66
16022.45
16020.23
16018.02
16015.81
16013.59
16011.38
16009.17
16006.95
16004.74
16002.53
16001.42
15999.20
15994.78
15992.56
15991.46
15989.24
15987.03
15984.82
15982.60
15980.39
15978.17
15975.96
15974.85
15971.53
15969.32
15967.11
15966.00
15963.79
15960.47
15958.25
15957.15
15954.93
15952.72
15950.50
15947.18
15944.97
15942.76
15940.54
15938.33
15936.12
15933.90
15932.79
15930.58
15928.37
15925.05
15923.94
15921.73
15919.51
15917.30
15915.09
15912.87
15910.66
15908.44
15907.34
15905.12
15901.80
15898.48
15897.38
15895.16
15892.95
15889.63
15888.52
15886.31
15884.09
15881.88
15880.77
15877.45
15875.24
15873.03
15871.92
15869.71
15866.39
15865.28
15863.06
15860.85
15858.64
15856.42
15853.10
15850.89
15848.68
15847.57
15845.36
15843.14
15839.82
15838.71
15836.50
15834.29
15832.07
15829.86
15827.65
15825.43
15823.22
15822.11
15819.90
15816.58
15814.36
15813.26
15811.04
15808.83
15805.51
15803.30
15801.08
15798.87
15796.66
15795.55
15793.33
15790.01
15787.80
15786.69
15784.48
15782.27
15780.05
15777.84
15775.63
15773.41
15771.20
15770.09
15767.88
15764.56
15763.45
15761.24
15757.92
15755.70
15753.49
15751.28
15749.06
15746.85
15745.74
15743.53
15741.31
15737.99
15736.89
15734.67
15732.46
15730.25
15729.14
15726.92
15723.60
15721.39
15720.28
15718.07
15715.86
15713.64
15710.32
15708.11
15705.90
15703.68
15702.57
15700.36
15697.04
15694.83
15693.72
15691.51
15689.29
15687.08
15685.97
15682.65
15680.44
15678.22
15677.12
15674.90
15672.69
15669.37
15668.26
15666.05
15662.73
15660.52
15659.41
15657.19
15653.87
15651.66
15650.55
15648.34
15646.13
15643.91
15642.81
15639.49
15637.27
15635.06
15633.95
15631.74
15629.52
15627.31
15625.10
15622.88
15620.67
15618.46
15616.24
15614.03
15611.81
15609.60
15607.39
15605.17
15602.96
15600.75
15599.64
15597.43
15594.11
15593.00
15590.79
15588.57
15586.36
15584.14
15583.04
15579.72
15577.50
15576.40
15574.18
15571.97
15568.65
15566.43
15564.22
15562.01
15559.79
15558.69
15556.47
15554.26
15552.05
15549.83
15547.62
15545.41
15543.19
15542.08
15539.87
15537.66
15535.44
15533.23
15531.02
15528.80
15526.59
15525.48
15522.16
15519.95
15517.73
15515.52
15513.31
15511.09
15508.88
15507.77
15505.56
15503.35
15500.03
15498.92
15496.70
15494.49
15492.28
15491.17
15488.96
15486.74
15483.42
15482.32
15480.10
15477.89
15474.57
15473.46
15471.25
15469.03
15465.71
15464.61
15462.39
15460.18
15457.97
15456.86
15454.65
15452.43
15449.11
15448.00
15445.79
15443.58
15441.36
15440.26
15438.04
15435.83
15433.62
15431.40
15428.08
15425.87
15423.65
15422.55
15420.33
15418.12
15415.91
15413.69
15411.48
15409.27
15407.05
15405.94
15403.73
15401.52
15399.30
15397.09
15394.88
15392.66
15390.45
15389.34
15387.13
15384.91
15382.70
15379.38
15378.27
15374.95
15372.74
15371.63
15369.42
15367.21
15364.99
15362.78
15361.67
15359.46
15356.14
15355.03
15352.82
15350.60
15348.39
15346.18
15345.07
15342.86
15340.64
15338.43
15336.21
15332.89
15330.68
15328.47
15327.36
15325.15
15322.93
15320.72
15319.61
15316.29
15314.08
15311.86
15310.76
15308.54
15306.33
15304.12
15303.01
15300.80
15298.58
15295.26
15294.16
15291.94
15289.73
15287.51
15285.30
15283.09
15280.87
15278.66
15277.55
15274.23
15272.02
15269.80
15268.70
15266.48
15264.27
15262.06
15260.95
15258.74
15256.52
15253.20
15252.10
15249.88
15247.67
15245.45
15244.35
15242.13
15238.81
15236.60
15235.49
15233.28
15229.96
15227.75
15226.64
15224.42
15222.21
15220.00
15218.89
15216.68
15214.46
15212.25
15210.04
15208.93
15205.61
15203.40
15202.29
15200.07
15197.86
15195.65
15193.43
15191.22
15189.01
15186.79
15184.58
15182.37
15180.15
15177.94
15175.72
15174.62
15172.40
15170.19
15167.98
15166.87
15164.66
15162.44
15160.23
15158.02
15155.80
15153.59
15151.37
15150.27
15148.05
15145.84
15142.52
15141.41
15139.20
15136.99
15134.77
15133.66
15130.34
15128.13
15125.92
15124.81
15122.60
15120.38
15118.17
15117.06
15114.85
15112.64
15110.42
15108.21
15107.10
15103.78
15101.57
15100.46
15097.14
15094.93
15092.71
15090.50
15089.39
15087.18
15084.96
15082.75
15081.64
15079.43
15077.22
15073.90
15072.79
15070.58
15068.36
15066.15
15065.04
15062.83
15060.61
15058.40
15057.29
15055.08
15052.87
15049.55
15048.44
15046.23
15042.90
15040.69
15039.58
15037.37
15035.16
15032.94
15031.84
15029.62
15027.41
15025.20
15022.98
15021.88
15019.66
15017.45
15015.23
15014.13
15010.81
15008.59
15006.38
15005.27
15001.95
14999.74
14997.52
14996.42
14994.20
14991.99
14989.78
14988.67
14986.46
14984.24
14982.03
14980.92
14978.71
14975.39
14973.17
14972.07
14969.85
14967.64
14965.43
14964.32
14962.11
14959.89
14957.68
14954.36
14953.25
14951.04
14948.82
14946.61
14945.50
14943.29
14941.08
14938.86
14936.65
14934.44
14932.22
14930.01
14928.90
14926.69
14924.47
14922.26
14921.15
14918.94
14916.73
14914.51
14913.41
14911.19
14907.87
14905.66
14903.44
14902.34
14900.12
14897.91
14895.70
14893.48
14891.27
14889.06
14886.84
14885.74
14883.52
14881.31
14879.09
14877.99
14875.77
14873.56
14871.35
14870.24
14868.03
14865.81
14863.60
14862.49
14859.17
14856.96
14854.74
14852.53
14851.42
14849.21
14847.00
14844.78
14842.57
14840.36
14838.14
14835.93
14834.82
14832.61
14830.39
14828.18
14827.07
14824.86
14822.65
14820.43
14819.33
14817.11
14813.79
14811.58
14810.47
14808.26
14806.04
14803.83
14801.62
14800.51
14798.30
14796.08
14793.87
14792.76
14790.55
14788.33
14785.01
14783.91
14781.69
14779.48
14777.27
14776.16
14773.95
14771.73
14769.52
14768.41
14765.09
14762.88
14760.66
14759.56
14757.34
14755.13
14752.92
14750.70
14749.60
14747.38
14745.17
14742.95
14741.85
14739.63
14737.42
14735.21
14734.10
14731.89
14729.67
14727.46
14726.35
14724.14
14721.92
14718.60
14716.39
14715.28
14713.07
14710.86
14708.64
14707.54
14705.32
14703.11
14699.79
14698.68
14696.47
14694.25
14692.04
14690.93
14688.72
14686.51
14684.29
14683.19
14680.97
14678.76
14676.54
14675.44
14673.22
14669.90
14667.69
14665.48
14664.37
14662.16
14659.94
14657.73
14656.62
14654.41
14652.19
14649.98
14648.87
14646.66
14644.45
14642.23
14641.13
14638.91
14636.70
14634.49
14632.27
14631.16
14628.95
14626.74
14623.42
14622.31
14620.10
14617.88
14615.67
14614.56
14612.35
14610.14
14607.92
14606.81
14604.60
14602.39
14600.17
14597.96
14596.85
14594.64
14592.43
14590.21
14589.11
14586.89
14584.68
14582.46
14581.36
14579.14
14575.82
14573.61
14572.50
14570.29
14568.08
14565.86
14563.65
14562.54
14560.33
14558.11
14555.90
14554.79
14552.58
14550.37
14548.15
14547.05
14544.83
14542.62
14540.40
14539.30
14537.08
14534.87
14532.66
14529.34
14528.23
14526.02
14523.80
14521.59
14520.48
14518.27
14516.05
14513.84
14512.73
14510.52
14508.31
14506.09
14504.99
14502.77
14500.56
14498.35
14497.24
14495.02
14492.81
14490.60
14488.38
14487.28
14485.06
14481.74
14479.53
14478.42
14476.21
14474.00
14471.78
14470.67
14468.46
14466.25
14464.03
14462.93
14460.71
14458.50
14456.29
14454.07
14452.97
14450.75
14448.54
14446.32
14445.22
14443.00
14440.79
14438.58
14437.47
14435.26
14433.04
14430.83
14428.62
14427.51
14425.29
14423.08
14420.87
14419.76
14417.55
14415.33
14413.12
14412.01
14409.80
14407.59
14405.37
14403.16
14402.05
14399.84
14397.62
14395.41
14394.30
14392.09
14389.88
14386.56
14385.45
14383.24
14381.02
14378.81
14377.70
14375.49
14373.27
14371.06
14368.85
14367.74
14365.53
14363.31
14361.10
14359.99
14357.78
14355.56
14354.46
14352.24
14351.14
14348.92
14346.71
14344.50
14343.39
14340.07
14337.86
14335.64
14334.53
14332.32
14330.11
14327.89
14326.79
14324.57
14322.36
14320.15
14317.93
14316.83
14314.61
14312.40
14310.18
14309.08
14306.86
14304.65
14302.44
14301.33
14299.12
14296.90
14295.80
14292.48
14291.37
14289.15
14286.94
14284.73
14283.62
14281.41
14279.19
14276.98
14275.87
14273.66
14271.45
14269.23
14267.02
14265.91
14263.70
14261.48
14259.27
14258.16
14255.95
14253.74
14251.52
14250.42
14249.31
14245.99
14243.77
14241.56
14240.45
14238.24
14236.03
14233.81
14232.71
14230.49
14228.28
14226.07
14224.96
14222.75
14220.53
14218.32
14216.10
14215.00
14212.78
14210.57
14208.36
14207.25
14206.14
14203.93
14201.72
14198.39
14197.29
14195.07
14192.86
14190.65
14189.54
14187.33
14185.11
14182.90
14181.79
14179.58
14177.37
14175.15
14174.04
14171.83
14169.62
14168.51
14166.30
14165.19
14162.98
14160.76
14158.55
14157.44
14155.23
14151.91
14149.69
14147.48
14146.37
14144.16
14141.95
14139.73
14138.63
14136.41
14135.31
14133.09
14130.88
14129.77
14127.56
14125.34
14123.13
14122.02
14119.81
14117.60
14115.38
14114.28
14112.06
14109.85
14107.63
14106.53
14104.31
14102.10
14099.89
14097.67
14096.57
14094.35
14092.14
14089.93
14088.82
14086.61
14084.39
14082.18
14079.96
14078.86
14076.64
14074.43
14073.32
14072.22
14070.00
14067.79
14065.58
14063.36
14062.25
14060.04
14056.72
14054.51
14053.40
14051.19
14048.97
14046.76
14045.65
14044.55
14042.33
14040.12
14037.90
14036.80
14034.58
14032.37
14030.16
14029.05
14026.84
14024.62
14022.41
14021.30
14020.20
14017.98
14015.77
14013.55
14012.45
14009.13
14006.91
14004.70
14003.59
14001.38
13999.17
13996.95
13995.85
13994.74
13992.52
13990.31
13988.10
13986.99
13984.78
13982.56
13980.35
13978.14
13977.03
13974.82
13972.60
13971.50
13970.39
13968.17
13965.96
13962.64
13960.43
13959.32
13957.11
13954.89
13952.68
13951.57
13949.36
13948.25
13946.04
13943.82
13942.72
13940.50
13938.29
13936.08
13934.97
13932.76
13930.54
13928.33
13927.22
13926.12
13923.90
13921.69
13919.47
13918.37
13915.05
13912.83
13910.62
13909.51
13907.30
13905.09
13903.98
13901.76
13900.66
13898.44
13896.23
13894.02
13892.91
13890.70
13888.48
13886.27
13885.16
13884.06
13881.84
13879.63
13877.41
13876.31
13874.09
13871.88
13868.56
13867.45
13865.24
13864.13
13861.92
13859.71
13858.60
13856.38
13854.17
13851.96
13850.85
13848.64
13846.42
13845.32
13843.10
13842.00
13839.78
13837.57
13835.36
13834.25
13832.03
13829.82
13827.61
13826.50
13825.39
13823.18
13819.86
13817.65
13816.54
13814.33
13812.11
13809.90
13807.68
13807.68
13805.47
13803.26
13801.04
13799.94
13797.72
13795.51
13793.30
13791.08
13791.08
13788.87
13786.65
13784.44
13783.33
13781.12
13778.91
13776.69
13773.37
13773.37
13771.16
13768.95
13766.73
13765.62
13763.41
13761.20
13758.98
13756.77
13756.77
13754.56
13752.34
13750.13
13749.02
13746.81
13744.60
13742.38
13740.17
13740.17
13737.95
13735.74
13733.53
13732.42
13730.21
13726.89
13724.67
13722.46
13722.46
13720.24
13718.03
13715.82
13714.71
13712.50
13710.28
13708.07
13705.86
13705.86
13703.64
13701.43
13699.22
13698.11
13695.89
13693.68
13691.47
13690.36
13689.25
13687.04
13684.83
13682.61
13681.51
13678.19
13675.97
13674.87
13672.65
13671.54
13669.33
13667.12
13664.90
13663.80
13661.58
13660.48
13658.26
13656.05
13654.94
13652.73
13650.51
13648.30
13647.19
13646.09
13643.87
13641.66
13639.45
13638.34
13636.13
13633.91
13630.59
13629.49
13628.38
13626.16
13623.95
13621.74
13620.63
13618.42
13616.20
13615.10
13612.88
13611.78
13609.56
13607.35
13605.13
13604.03
13602.92
13600.71
13598.49
13596.28
13595.17
13592.96
13590.75
13588.53
13587.43
13586.32
13583.00
13580.78
13578.57
13577.46
13575.25
13574.14
13571.93
13569.72
13568.61
13566.40
13564.18
13561.97
13561.97
13559.75
13557.54
13555.33
13553.11
13552.01
13549.79
13547.58
13546.47
13545.37
13543.15
13540.94
13537.62
13535.40
13534.30
13533.19
13530.98
13528.76
13527.66
13525.44
13523.23
13521.02
13519.91
13518.80
13516.59
13514.37
13512.16
13511.05
13508.84
13507.73
13505.52
13503.31
13502.20
13499.99
13497.77
13496.67
13494.45
13493.35
13490.02
13487.81
13485.60
13484.49
13483.38
13481.17
13478.96
13476.74
13475.64
13473.42
13471.21
13470.10
13467.89
13466.78
13464.57
13462.35
13460.14
13460.14
13457.93
13455.71
13453.50
13451.29
13450.18
13447.97
13446.86
13444.64
13442.43
13440.22
13438.00
13435.79
13434.68
13433.58
13431.36
13429.15
13426.94
13425.83
13423.61
13422.51
13420.29
13418.08
13416.97
13414.76
13412.55
13411.44
13409.23
13408.12
13405.91
13403.69
13401.48
13400.37
13399.26
13395.94
13393.73
13391.52
13390.41
13388.20
13387.09
13384.88
13382.66
13381.56
13379.34
13377.13
13376.02
13374.91
13372.70
13370.49
13368.27
13366.06
13366.06
13363.85
13361.63
13359.42
13358.31
13356.10
13354.99
13352.78
13350.56
13348.35
13346.14
13343.92
13342.82
13340.60
13339.50
13337.28
13335.07
13332.86
13331.75
13330.64
13328.43
13326.21
13324.00
13322.89
13321.79
13319.57
13317.36
13315.15
13314.04
13312.93
13310.72
13308.50
13307.40
13305.18
13302.97
13300.76
13298.54
13297.44
13295.22
13293.01
13290.80
13289.69
13288.58
13286.37
13284.15
13281.94
13280.83
13279.73
13277.51
13275.30
13273.09
13271.98
13270.87
13268.66
13266.45
13264.23
13263.12
13260.91
13259.80
13257.59
13256.48
13253.16
13250.95
13249.84
13247.63
13246.52
13244.31
13242.10
13239.88
13238.77
13237.67
13235.45
13233.24
13231.03
13229.92
13228.81
13226.60
13224.39
13222.17
13221.07
13219.96
13217.74
13215.53
13213.32
13212.21
13211.10
13208.89
13205.57
13204.46
13202.25
13201.14
13198.93
13196.72
13195.61
13193.39
13191.18
13190.07
13187.86
13186.75
13184.54
13182.33
13181.22
13179.01
13177.90
13175.69
13173.47
13172.36
13171.26
13169.04
13166.83
13164.62
13163.51
13162.40
13159.08
13156.87
13154.66
13153.55
13152.44
13150.23
13148.01
13145.80
13144.69
13143.59
13141.37
13139.16
13136.95
13135.84
13134.73
13132.52
13130.31
13128.09
13126.98
13125.88
13123.66
13121.45
13120.34
13118.13
13117.02
13114.81
13111.49
13110.38
13108.17
13107.06
13104.85
13102.63
13101.53
13099.31
13098.21
13095.99
13093.78
13092.67
13090.46
13089.35
13087.14
13086.03
13083.82
13081.61
13080.50
13078.28
13077.18
13074.96
13072.75
13071.64
13069.43
13068.32
13065.00
13063.90
13061.68
13059.47
13058.36
13056.15
13055.04
13052.83
13051.72
13049.51
13047.29
13046.19
13043.97
13042.87
13040.65
13038.44
13037.33
13035.12
13034.01
13031.80
13029.58
13028.48
13026.26
13025.16
13022.94
13021.84
13019.62
13017.41
13015.20
13012.98
13011.87
13009.66
13008.55
13006.34
13004.13
13003.02
13000.81
12999.70
12997.49
12996.38
12994.17
12991.95
12990.85
12988.63
12987.52
12985.31
12984.20
12981.99
12979.78
12978.67
12976.46
12975.35
12973.14
12972.03
12968.71
12966.49
12965.39
12963.17
12962.07
12959.85
12957.64
12956.53
12955.43
12953.21
12951.00
12949.89
12947.68
12946.57
12944.36
12942.14
12941.04
12939.93
12937.72
12935.50
12933.29
12932.18
12931.08
12928.86
12926.65
12923.33
12923.33
12921.11
12918.90
12916.69
12915.58
12914.47
12912.26
12910.05
12907.83
12906.73
12905.62
12903.41
12901.19
12900.09
12898.98
12896.76
12894.55
12892.34
12891.23
12890.12
12887.91
12885.70
12884.59
12882.38
12881.27
12879.06
12877.95
12874.63
12872.41
12871.31
12869.09
12867.99
12865.77
12864.67
12862.45
12861.35
12859.13
12856.92
12855.81
12854.71
12852.49
12850.28
12848.06
12848.06
12845.85
12843.64
12841.42
12839.21
12839.21
12837.00
12834.78
12832.57
12831.46
12830.35
12827.03
12824.82
12823.71
12821.50
12820.39
12818.18
12817.07
12814.86
12813.75
12811.54
12810.43
12808.22
12806.00
12804.90
12803.79
12801.58
12799.36
12797.15
12796.04
12794.94
12792.72
12790.51
12788.30
12788.30
12786.08
12783.87
12780.55
12779.44
12778.33
12776.12
12773.91
12772.80
12770.59
12769.48
12767.27
12766.16
12763.95
12762.84
12760.62
12759.52
12757.30
12755.09
12753.98
12752.88
12750.66
12748.45
12746.24
12746.24
12744.02
12741.81
12739.60
12738.49
12737.38
12734.06
12731.85
12730.74
12728.53
12727.42
12725.21
12724.10
12721.89
12719.67
12718.57
12717.46
12715.24
12713.03
12711.92
12710.82
12708.60
12706.39
12704.18
12703.07
12701.96
12699.75
12698.64
12696.43
12695.32
12693.11
12692.00
12689.79
12686.47
12685.36
12684.25
12682.04
12679.83
12677.61
12677.61
12675.40
12673.19
12670.97
12669.86
12668.76
12666.54
12664.33
12663.22
12661.01
12659.90
12657.69
12656.58
12654.37
12653.26
12652.16
12649.94
12647.73
12645.51
12644.41
12643.30
12639.98
12637.77
12636.66
12635.55
12633.34
12631.13
12630.02
12627.81
12626.70
12625.59
12623.38
12621.16
12618.95
12618.95
12616.74
12614.52
12612.31
12611.20
12610.10
12607.88
12605.67
12604.56
12602.35
12601.24
12600.13
12597.92
12595.71
12592.39
12592.39
12590.17
12587.96
12585.75
12584.64
12583.53
12581.32
12580.21
12578.00
12575.78
12574.68
12573.57
12571.36
12569.14
12568.04
12566.93
12564.72
12562.50
12561.40
12559.18
12558.08
12555.86
12554.75
12552.54
12551.43
12549.22
12548.11
12544.79
12542.58
12541.47
12540.37
12538.15
12535.94
12534.83
12533.72
12531.51
12530.40
12528.19
12525.98
12524.87
12523.76
12521.55
12519.34
12518.23
12517.12
12514.91
12512.70
12511.59
12509.37
12508.27
12506.05
12504.95
12502.73
12500.52
12500.52
12497.20
12494.99
12492.77
12491.67
12490.56
12488.34
12487.24
12485.02
12482.81
12481.70
12480.60
12478.38
12476.17
12475.06
12473.96
12471.74
12469.53
12468.42
12466.21
12465.10
12463.99
12461.78
12459.57
12458.46
12457.35
12455.14
12452.93
12450.71
12448.50
12447.39
12446.29
12444.07
12441.86
12439.64
12439.64
12437.43
12435.22
12434.11
12431.90
12430.79
12428.58
12427.47
12425.26
12423.04
12423.04
12420.83
12418.61
12417.51
12415.29
12414.19
12411.97
12410.87
12408.65
12406.44
12406.44
12403.12
12400.91
12399.80
12397.59
12396.48
12394.26
12393.16
12390.94
12388.73
12388.73
12386.52
12384.30
12382.09
12380.98
12379.88
12377.66
12376.56
12374.34
12372.13
12372.13
12369.91
12367.70
12366.59
12364.38
12363.27
12361.06
12359.95
12357.74
12354.42
12354.42
12352.21
12349.99
12348.88
12346.67
12345.56
12343.35
12342.24
12340.03
12337.82
12337.82
12335.60
12333.39
12332.28
12330.07
12328.96
12327.85
12325.64
12323.43
12321.21
12321.21
12319.00
12316.79
12315.68
12313.47
12312.36
12311.25
12307.93
12305.72
12304.61
12303.50
12301.29
12299.08
12297.97
12295.76
12294.65
12293.54
12291.33
12289.12
12288.01
12286.90
12284.69
12283.58
12281.37
12279.15
12279.15
12276.94
12274.73
12272.51
12271.41
12270.30
12268.09
12266.98
12264.77
12261.45
12261.45
12259.23
12257.02
12255.91
12253.70
12252.59
12251.48
12249.27
12247.06
12245.95
12244.84
12242.63
12241.52
12239.31
12237.09
12235.99
12234.88
12232.67
12230.45
12229.35
12228.24
12226.03
12224.92
12222.71
12220.49
12219.39
12218.28
12216.07
12213.85
12211.64
12210.53
12209.42
12207.21
12205.00
12203.89
12201.68
12200.57
12199.46
12197.25
12195.04
12193.93
12192.82
12190.61
12189.50
12187.29
12185.07
12185.07
12182.86
12180.65
12179.54
12177.33
12176.22
12174.01
12172.90
12170.69
12167.36
12167.36
12165.15
12162.94
12161.83
12159.62
12158.51
12157.40
12155.19
12152.98
12151.87
12150.76
12148.55
12147.44
12145.23
12143.01
12143.01
12140.80
12138.59
12137.48
12135.27
12134.16
12133.05
12130.84
12128.63
12127.52
12126.41
12124.20
12123.09
12119.77
12117.56
12116.45
12115.34
12113.13
12112.02
12109.81
12108.70
12107.60
12105.38
12104.28
12102.06
12099.85
12099.85
12097.63
12095.42
12094.31
12092.10
12090.99
12089.89
12087.67
12085.46
12084.35
12083.25
12081.03
12079.93
12077.71
12075.50
12075.50
12072.18
12069.96
12068.86
12066.64
12065.54
12064.43
12062.22
12060.00
12058.90
12057.79
12055.58
12054.47
12052.25
12050.04
12048.93
12047.83
12045.61
12044.51
12042.29
12041.19
12040.08
12037.87
12036.76
12034.55
12032.33
12032.33
12030.12
12027.90
12025.69
12023.48
12022.37
12021.26
12019.05
12016.84
12015.73
12014.62
12012.41
12011.30
12009.09
12007.98
12006.87
12004.66
12003.55
12001.34
11999.13
11998.02
11996.91
11994.70
11993.59
11991.38
11990.27
11989.17
11986.95
11984.74
11983.63
11981.42
11981.42
11978.10
11975.88
11974.78
11972.56
11971.46
11970.35
11968.14
11965.92
11964.82
11963.71
11961.49
11960.39
11958.17
11957.07
11955.96
11953.75
11952.64
11950.43
11948.21
11947.11
11946.00
11943.79
11942.68
11940.46
11939.36
11938.25
11936.04
11934.93
11932.72
11929.40
11929.40
11927.18
11924.97
11923.86
11921.65
11920.54
11919.44
11917.22
11916.11
11913.90
11912.79
11911.69
11909.47
11907.26
11906.15
11905.05
11902.83
11901.73
11899.51
11898.41
11896.19
11895.08
11893.98
11891.76
11889.55
11888.44
11887.34
11886.23
11882.91
11880.70
11879.59
11878.48
11876.27
11875.16
11872.95
11870.73
11870.73
11868.52
11867.41
11865.20
11862.99
11861.88
11860.77
11858.56
11857.45
11855.24
11854.13
11853.03
11850.81
11849.70
11847.49
11845.28
11845.28
11843.06
11841.96
11839.74
11836.42
11836.42
11834.21
11832.00
11830.89
11828.68
11827.57
11826.46
11824.25
11823.14
11820.93
11819.82
11818.71
11816.50
11815.39
11813.18
11810.97
11810.97
11808.75
11806.54
11805.43
11803.22
11803.22
11801.00
11798.79
11797.68
11795.47
11794.36
11793.26
11791.04
11788.83
11786.62
11785.51
11784.40
11782.19
11781.08
11778.87
11776.65
11776.65
11774.44
11772.23
11771.12
11768.91
11768.91
11766.69
11764.48
11763.37
11761.16
11760.05
11758.95
11756.73
11755.62
11753.41
11752.30
11751.20
11748.98
11747.88
11745.66
11743.45
11743.45
11740.13
11739.02
11736.81
11734.59
11734.59
11732.38
11731.27
11729.06
11726.85
11725.74
11724.63
11722.42
11721.31
11719.10
11717.99
11716.89
11714.67
11713.57
11711.35
11710.24
11709.14
11706.92
11705.82
11703.60
11702.50
11701.39
11699.18
11698.07
11694.75
11693.64
11691.43
11690.32
11689.21
11687.00
11685.89
11683.68
11682.57
11681.47
11679.25
11678.15
11675.93
11674.83
11673.72
11671.51
11670.40
11668.19
11667.08
11665.97
11663.76
11661.54
11660.44
11658.22
11658.22
11656.01
11653.80
11652.69
11650.48
11650.48
11647.16
11644.94
11643.83
11641.62
11640.51
11639.41
11638.30
11636.09
11633.87
11632.77
11631.66
11630.55
11628.34
11626.13
11625.02
11623.91
11622.81
11620.59
11618.38
11617.27
11616.16
11615.06
11612.84
11610.63
11609.52
11607.31
11607.31
11605.10
11602.88
11601.78
11598.45
11598.45
11596.24
11594.03
11592.92
11590.71
11589.60
11588.49
11586.28
11585.17
11582.96
11581.85
11580.75
11579.64
11577.43
11575.21
11574.10
11573.00
11571.89
11569.68
11567.46
11566.36
11565.25
11564.14
11561.93
11559.72
11558.61
11556.40
11556.40
11553.07
11551.97
11549.75
11547.54
11547.54
11545.33
11544.22
11542.01
11539.79
11538.69
11537.58
11536.47
11534.26
11533.15
11530.94
11529.83
11528.72
11526.51
11525.40
11523.19
11522.08
11520.98
11518.76
11517.66
11515.44
11514.34
11513.23
11511.02
11509.91
11507.70
11505.48
11504.37
11503.27
11501.05
11498.84
11497.73
11496.63
11495.52
11493.31
11491.09
11489.99
11487.77
11487.77
11485.56
11484.45
11482.24
11480.02
11480.02
11477.81
11476.70
11474.49
11473.38
11471.17
11470.06
11468.96
11466.74
11465.64
11463.42
11463.42
11461.21
11457.89
11456.78
11454.57
11453.46
11452.35
11451.25
11449.03
11446.82
11445.71
11444.61
11443.50
11441.29
11440.18
11437.96
11436.86
11435.75
11433.54
11432.43
11430.22
11429.11
11428.00
11425.79
11424.68
11422.47
11421.36
11420.26
11419.15
11416.94
11414.72
11413.61
11411.40
11410.29
11408.08
11406.97
11404.76
11402.55
11402.55
11400.33
11399.23
11397.01
11395.91
11394.80
11392.58
11391.48
11389.26
11388.16
11385.94
11385.94
11383.73
11382.62
11380.41
11378.20
11378.20
11375.98
11374.88
11372.66
11371.56
11369.34
11368.23
11367.13
11363.81
11362.70
11360.49
11360.49
11358.27
11357.17
11354.95
11352.74
11351.63
11350.53
11349.42
11347.20
11346.10
11343.88
11343.88
11341.67
11339.46
11338.35
11336.14
11335.03
11333.92
11332.82
11330.60
11329.50
11327.28
11326.18
11325.07
11322.85
11321.75
11319.53
11318.43
11316.21
11315.11
11312.89
11310.68
11309.57
11308.47
11307.36
11305.15
11304.04
11301.82
11300.72
11299.61
11297.40
11296.29
11294.08
11292.97
11291.86
11290.76
11288.54
11287.44
11285.22
11284.12
11283.01
11280.80
11279.69
11277.47
11276.37
11275.26
11274.15
11271.94
11270.83
11267.51
11266.41
11265.30
11263.09
11261.98
11259.77
11258.66
11257.55
11256.44
11254.23
11253.12
11250.91
11249.80
11248.70
11246.48
11245.38
11243.16
11242.06
11240.95
11239.84
11237.63
11236.52
11234.31
11233.20
11232.09
11229.88
11228.77
11226.56
11225.45
11224.35
11222.13
11219.92
11218.81
11216.60
11215.49
11214.39
11213.28
11211.06
11208.85
11207.74
11206.64
11205.53
11203.32
11202.21
11200.00
11198.89
11197.78
11196.68
11194.46
11193.36
11191.14
11190.04
11188.93
11186.71
11185.61
11183.39
11182.29
11181.18
11180.07
11177.86
11176.75
11173.43
11173.43
11171.22
11169.01
11167.90
11165.69
11164.58
11163.47
11162.36
11160.15
11159.04
11156.83
11156.83
11154.62
11153.51
11151.30
11150.19
11147.98
11147.98
11145.76
11143.55
11142.44
11140.23
11140.23
11138.01
11136.91
11134.69
11133.59
11131.37
11131.37
11129.16
11126.95
11124.73
11123.63
11122.52
11121.41
11119.20
11116.98
11115.88
11113.66
11113.66
11111.45
11110.34
11108.13
11107.02
11105.92
11104.81
11102.60
11101.49
11099.28
11098.17
11097.06
11095.95
11093.74
11092.63
11090.42
11089.31
11088.21
11085.99
11084.89
11082.67
11080.46
11079.35
11078.25
11076.03
11074.93
11072.71
11071.60
11070.50
11069.39
11067.18
11066.07
11063.86
11062.75
11061.64
11060.54
11058.32
11057.22
11055.00
11055.00
11052.79
11051.68
11049.47
11047.25
11046.15
11045.04
11043.93
11041.72
11040.61
11038.40
11038.40
11036.19
11035.08
11031.76
11030.65
11028.44
11028.44
11026.22
11025.12
11022.90
11021.80
11020.69
11019.58
11017.37
11016.26
11014.05
11012.94
11011.84
11010.73
11008.52
11007.41
11005.19
11004.09
11002.98
11001.87
10999.66
10998.55
10996.34
10995.23
10994.13
10993.02
10990.81
10989.70
10987.49
10985.27
10984.17
10981.95
10980.84
10978.63
10977.52
10976.42
10975.31
10973.10
10971.99
10969.78
10969.78
10967.56
10966.46
10964.24
10963.14
10960.92
10960.92
10958.71
10957.60
10955.39
10954.28
10953.17
10952.07
10949.85
10948.75
10946.53
10945.43
10944.32
10943.21
10941.00
10938.79
10936.57
10935.46
10934.36
10933.25
10931.04
10929.93
10927.72
10926.61
10925.50
10924.40
10922.18
10921.08
10918.86
10918.86
10916.65
10915.54
10913.33
10912.22
10910.01
10910.01
10907.79
10906.69
10904.47
10903.37
10902.26
10901.15
10898.94
10897.83
10895.62
10894.51
10893.41
10891.19
10888.98
10887.87
10885.66
10884.55
10883.44
10882.34
10880.12
10879.02
10876.80
10876.80
10874.59
10873.48
10871.27
10870.16
10867.95
10867.95
10866.84
10864.63
10863.52
10861.31
10860.20
10859.09
10857.99
10855.77
10854.67
10852.45
10851.35
10850.24
10849.13
10846.92
10845.81
10842.49
10842.49
10840.28
10839.17
10836.96
10835.85
10833.64
10833.64
10831.42
10830.32
10828.10
10827.00
10825.89
10824.78
10822.57
10821.46
10819.25
10818.14
10817.03
10815.93
10813.71
10812.61
10810.39
10809.29
10808.18
10807.07
10805.97
10803.75
10802.65
10800.43
10800.43
10797.11
10796.00
10793.79
10792.68
10791.58
10790.47
10788.26
10787.15
10784.94
10783.83
10782.72
10781.62
10779.40
10778.30
10776.08
10774.97
10773.87
10772.76
10770.55
10769.44
10768.33
10766.12
10766.12
10763.91
10762.80
10760.59
10759.48
10758.37
10757.27
10755.05
10753.94
10751.73
10749.52
10748.41
10747.30
10745.09
10743.98
10741.77
10740.66
10739.56
10738.45
10737.34
10735.13
10734.02
10731.81
10731.81
10729.59
10728.49
10726.27
10725.17
10724.06
10722.95
10720.74
10719.63
10717.42
10716.31
10715.21
10714.10
10711.89
10710.78
10709.67
10707.46
10707.46
10705.24
10704.14
10700.82
10699.71
10697.50
10697.50
10695.28
10694.18
10691.96
10690.86
10689.75
10688.64
10687.54
10685.32
10684.21
10682.00
10680.89
10679.79
10678.68
10676.47
10675.36
10673.15
10673.15
10670.93
10669.83
10667.61
10666.51
10665.40
10664.29
10663.18
10660.97
10659.86
10657.65
10656.54
10654.33
10653.22
10651.01
10649.90
10647.69
10646.58
10646.58
10644.37
10643.26
10641.05
10639.94
10638.83
10637.73
10635.51
10634.41
10632.19
10631.09
10629.98
10628.87
10627.77
10625.55
10624.45
10622.23
10622.23
10620.02
10618.91
10616.70
10615.59
10613.38
10613.38
10611.16
10610.06
10607.84
10605.63
10604.52
10603.42
10602.31
10600.10
10598.99
10596.78
10595.67
10594.56
10593.45
10592.35
10590.13
10589.03
10587.92
10586.81
10584.60
10583.49
10581.28
10580.17
10579.07
10577.96
10576.85
10574.64
10573.53
10571.32
10571.32
10569.10
10568.00
10565.78
10564.68
10563.57
10562.46
10560.25
10558.04
10556.93
10554.72
10553.61
10552.50
10551.40
10549.18
10548.07
10546.97
10544.75
10544.75
10542.54
10541.43
10539.22
10538.11
10537.01
10535.90
10534.79
10532.58
10531.47
10529.26
10528.15
10527.05
10525.94
10523.72
10522.62
10521.51
10520.40
10519.30
10517.08
10515.98
10512.66
10511.55
10510.44
10509.34
10508.23
10506.02
10504.91
10502.69
10502.69
10500.48
10499.37
10497.16
10496.05
10494.95
10493.84
10492.73
10490.52
10489.41
10487.20
10486.09
10486.09
10483.88
10482.77
10480.56
10479.45
10477.24
10477.24
10475.02
10473.92
10472.81
10470.60
10469.49
10468.38
10466.17
10463.96
10462.85
10461.74
10459.53
10459.53
10457.31
10456.21
10453.99
10452.89
10451.78
10450.67
10449.57
10447.35
10446.25
10444.03
10442.93
10441.82
10440.71
10439.61
10437.39
10436.29
10435.18
10434.07
10431.86
10430.75
10429.64
10427.43
10426.32
10425.22
10424.11
10421.90
10420.79
10418.58
10417.47
10416.36
10414.15
10413.04
10410.83
10409.72
10408.61
10407.51
10406.40
10404.19
10403.08
10400.87
10400.87
10399.76
10397.55
10396.44
10394.23
10393.12
10392.01
10390.91
10389.80
10387.58
10386.48
10384.26
10384.26
10382.05
10380.94
10379.84
10377.62
10376.52
10375.41
10374.30
10370.98
10369.88
10368.77
10366.55
10366.55
10364.34
10363.23
10361.02
10359.91
10358.81
10357.70
10356.59
10354.38
10353.27
10352.17
10349.95
10349.95
10347.74
10346.63
10344.42
10343.31
10342.20
10341.10
10339.99
10337.78
10336.67
10334.46
10333.35
10333.35
10331.14
10330.03
10327.82
10326.71
10324.50
10323.39
10322.28
10320.07
10318.96
10316.75
10315.64
10315.64
10313.43
10312.32
10310.11
10309.00
10307.89
10306.79
10305.68
10303.47
10302.36
10300.15
10299.04
10299.04
10296.82
10295.72
10293.50
10292.40
10291.29
10290.18
10289.08
10286.86
10285.76
10284.65
10282.44
10282.44
10280.22
10279.12
10275.79
10274.69
10273.58
10272.47
10271.37
10269.15
10268.05
10266.94
10264.73
10264.73
10262.51
10261.41
10260.30
10258.09
10256.98
10255.87
10254.77
10253.66
10251.44
10250.34
10248.12
10248.12
10245.91
10244.80
10243.70
10241.48
10240.38
10239.27
10238.16
10237.06
10234.84
10233.74
10231.52
10231.52
10229.31
10227.09
10225.99
10223.77
10222.67
10221.56
10220.45
10219.35
10217.13
10216.03
10214.92
10213.81
10212.71
10210.49
10209.39
10208.28
10206.06
10204.96
10203.85
10202.74
10201.64
10199.42
10198.32
10197.21
10196.10
10195.00
10192.78
10191.68
10189.46
10188.36
10188.36
10186.14
10185.04
10181.71
10180.61
10179.50
10178.39
10177.29
10175.07
10173.97
10172.86
10170.65
10170.65
10168.43
10167.33
10166.22
10164.01
10162.90
10161.79
10160.68
10159.58
10157.36
10156.26
10154.04
10154.04
10152.94
10150.72
10149.62
10147.40
10146.30
10146.30
10144.08
10142.98
10141.87
10139.66
10138.55
10137.44
10135.23
10134.12
10131.91
10130.80
10128.59
10128.59
10127.48
10125.27
10124.16
10121.95
10120.84
10119.73
10118.63
10117.52
10116.41
10114.20
10113.09
10111.98
10110.88
10109.77
10107.56
10106.45
10104.24
10103.13
10103.13
10100.92
10099.81
10097.60
10096.49
10095.38
10094.28
10093.17
10092.06
10089.85
10087.63
10085.42
10085.42
10084.31
10082.10
10080.99
10078.78
10077.67
10077.67
10075.46
10074.35
10073.25
10071.03
10069.92
10068.82
10067.71
10066.60
10064.39
10063.28
10061.07
10061.07
10059.96
10057.75
10056.64
10055.54
10053.32
10052.22
10051.11
10050.00
10048.90
10046.68
10045.57
10044.47
10043.36
10042.25
10038.93
10037.83
10036.72
10034.51
10034.51
10033.40
10031.19
10030.08
10027.87
10026.76
10026.76
10024.54
10023.44
10022.33
10020.12
10019.01
10017.90
10016.80
10015.69
10013.48
10012.37
10011.26
10010.16
10009.05
10006.84
10005.73
10004.62
10002.41
10001.30
10001.30
9999.09
9997.98
9996.87
9993.55
9992.45
9991.34
9990.23
9989.13
9986.91
9985.81
9984.70
9983.59
9981.38
9980.27
9979.16
9978.06
9976.95
9974.74
9973.63
9972.52
9971.42
9970.31
9968.10
9966.99
9965.88
9964.78
9963.67
9961.46
9960.35
9959.24
9958.14
9957.03
9954.81
9953.71
9952.60
9951.49
9950.39
9948.17
9945.96
9944.85
9943.75
9941.53
9940.43
9939.32
9938.21
9937.11
9934.89
9933.79
9932.68
9931.57
9930.46
9928.25
9927.14
9926.04
9924.93
9923.82
9921.61
9920.50
9919.40
9918.29
9917.18
9914.97
9913.86
9912.76
9911.65
9910.54
9908.33
9907.22
9906.11
9905.01
9903.90
9901.69
9900.58
9898.37
9897.26
9896.15
9893.94
9892.83
9891.73
9890.62
9889.51
9887.30
9886.19
9885.08
9883.98
9882.87
9880.66
9879.55
9878.44
9877.34
9876.23
9874.02
9872.91
9871.80
9870.70
9869.59
9868.48
9866.27
9865.16
9864.05
9862.95
9861.84
9859.63
9858.52
9857.41
9856.31
9855.20
9851.88
9850.77
9849.67
9848.56
9847.45
9845.24
9844.13
9843.03
9841.92
9840.81
9838.60
9837.49
9836.38
9835.28
9834.17
9831.96
9830.85
9829.74
9828.64
9827.53
9826.42
9824.21
9823.10
9822.00
9820.89
9819.78
9817.57
9816.46
9815.35
9814.25
9813.14
9810.93
9809.82
9808.71
9807.61
9806.50
9803.18
9802.07
9800.97
9799.86
9798.75
9797.65
9795.43
9794.32
9793.22
9792.11
9791.00
9788.79
9787.68
9786.58
9785.47
9784.36
9783.26
9781.04
9779.94
9778.83
9777.72
9776.62
9774.40
9773.29
9772.19
9771.08
9769.97
9767.76
9766.65
9765.55
9764.44
9763.33
9762.23
9760.01
9758.91
9756.69
9755.59
9754.48
9752.27
9751.16
9750.05
9748.94
9747.84
9746.73
9744.52
9743.41
9742.30
9741.20
9740.09
9738.98
9736.77
9735.66
9734.56
9733.45
9732.34
9730.13
9729.02
9727.91
9726.81
9725.70
9724.59
9722.38
9721.27
9720.17
9719.06
9717.95
9715.74
9714.63
9713.53
9712.42
9710.21
9709.10
9706.89
9705.78
9704.67
9703.56
9702.46
9701.35
9699.14
9698.03
9696.92
9695.82
9694.71
9692.50
9691.39
9690.28
9689.18
9688.07
9686.96
9684.75
9683.64
9682.53
9681.43
9680.32
9679.21
9677.00
9675.89
9674.79
9673.68
9672.57
9671.47
9669.25
9668.15
9667.04
9665.93
9664.83
9662.61
9660.40
9659.29
9658.18
9657.08
9655.97
9653.76
9652.65
9651.54
9650.44
9649.33
9648.22
9647.12
9644.90
9643.80
9642.69
9641.58
9640.48
9638.26
9637.15
9636.05
9634.94
9633.83
9632.73
9630.51
9629.41
9628.30
9627.19
9626.09
9624.98
9623.87
9621.66
9620.55
9619.45
9618.34
9617.23
9613.91
9612.80
9611.70
9610.59
9609.48
9608.38
9606.16
9605.06
9603.95
9602.84
9601.74
9600.63
9599.52
9597.31
9596.20
9595.10
9593.99
9592.88
9591.78
9589.56
9588.45
9587.35
9586.24
9585.13
9584.03
9581.81
9580.71
9579.60
9578.49
9577.39
9576.28
9574.07
9572.96
9571.85
9570.75
9568.53
9567.42
9565.21
9564.10
9563.00
9561.89
9560.78
9559.68
9558.57
9556.36
9555.25
9554.14
9553.04
9551.93
9550.82
9548.61
9547.50
9546.40
9545.29
9544.18
9543.07
9541.97
9539.75
9538.65
9537.54
9536.43
9535.33
9534.22
9532.01
9530.90
9529.79
9528.69
9527.58
9526.47
9525.37
9523.15
9520.94
9519.83
9518.72
9517.62
9516.51
9514.30
9513.19
9512.08
9510.98
9509.87
9508.76
9507.66
9505.44
9504.34
9503.23
9502.12
9501.02
9499.91
9497.69
9496.59
9495.48
9494.37
9493.27
9492.16
9491.05
9488.84
9487.73
9486.63
9485.52
9484.41
9483.31
9481.09
9479.99
9478.88
9477.77
9476.66
9475.56
9473.34
9471.13
9470.02
9468.92
9467.81
9466.70
9465.60
9464.49
9462.28
9461.17
9460.06
9458.96
9457.85
9456.74
9455.64
9453.42
9452.31
9451.21
9450.10
9448.99
9447.89
9446.78
9444.57
9443.46
9442.35
9441.25
9440.14
9439.03
9437.93
9435.71
9434.61
9433.50
9432.39
9431.28
9430.18
9429.07
9425.75
9424.64
9423.54
9422.43
9421.32
9420.22
9419.11
9416.90
9415.79
9414.68
9413.58
9412.47
9411.36
9410.26
9408.04
9406.93
9405.83
9404.72
9403.61
9402.51
9401.40
9399.19
9398.08
9396.97
9395.87
9394.76
9393.65
9392.55
9391.44
9389.23
9388.12
9387.01
9385.90
9384.80
9383.69
9382.58
9379.26
9378.16
9377.05
9375.94
9374.84
9373.73
9372.62
9370.41
9369.30
9368.20
9367.09
9365.98
9364.88
9363.77
9361.55
9360.45
9359.34
9358.23
9357.13
9356.02
9354.91
9353.81
9351.59
9350.49
9349.38
9348.27
9347.17
9346.06
9344.95
9343.85
9341.63
9340.52
9339.42
9338.31
9337.20
9336.10
9334.99
9331.67
9330.56
9329.46
9328.35
9327.24
9326.14
9325.03
9323.92
9321.71
9320.60
9319.50
9318.39
9317.28
9316.17
9315.07
9313.96
9311.75
9310.64
9309.53
9308.43
9307.32
9306.21
9305.11
9304.00
9301.79
9300.68
9299.57
9298.47
9297.36
9296.25
9295.15
9294.04
9291.82
9290.72
9289.61
9288.50
9287.40
9286.29
9284.08
9282.97
9280.76
9279.65
9278.54
9277.44
9276.33
9275.22
9274.12
9273.01
9270.79
9269.69
9268.58
9267.47
9266.37
9265.26
9264.15
9263.05
9260.83
9259.73
9258.62
9257.51
9256.41
9255.30
9254.19
9253.09
9250.87
9249.77
9248.66
9247.55
9246.44
9245.34
9244.23
9243.12
9240.91
9239.80
9237.59
9236.48
9235.38
9234.27
9233.16
9232.06
9230.95
9228.74
9227.63
9226.52
9225.41
9224.31
9223.20
9222.09
9220.99
9218.77
9217.67
9216.56
9215.45
9214.35
9213.24
9212.13
9211.03
9209.92
9207.71
9206.60
9205.49
9204.39
9203.28
9202.17
9201.06
9199.96
9198.85
9196.64
9195.53
9194.42
9193.32
9192.21
9190.00
9188.89
9187.78
9186.68
9184.46
9183.36
9182.25
9181.14
9180.03
9178.93
9177.82
9176.71
9174.50
9173.39
9172.29
9171.18
9170.07
9168.97
9167.86
9166.75
9165.65
9164.54
9162.33
9161.22
9160.11
9159.01
9157.90
9156.79
9155.68
9154.58
9153.47
9151.26
9150.15
9149.04
9147.94
9146.83
9145.72
9144.62
9142.40
9141.30
9139.08
9137.98
9136.87
9135.76
9134.65
9133.55
9132.44
9131.33
9130.23
9128.01
9126.91
9125.80
9124.69
9123.59
9122.48
9121.37
9120.27
9119.16
9118.05
9115.84
9114.73
9113.63
9112.52
9111.41
9110.30
9109.20
9108.09
9106.98
9104.77
9103.66
9102.56
9101.45
9100.34
9099.24
9098.13
9095.92
9094.81
9093.70
9092.60
9090.38
9089.27
9088.17
9087.06
9085.95
9084.85
9083.74
9082.63
9081.53
9079.31
9078.21
9077.10
9075.99
9074.89
9073.78
9072.67
9071.57
9070.46
9069.35
9067.14
9066.03
9064.92
9063.82
9062.71
9061.60
9060.50
9059.39
9058.28
9057.18
9056.07
9053.86
9052.75
9051.64
9050.54
9048.32
9047.22
9046.11
9045.00
9043.89
9042.79
9040.57
9039.47
9038.36
9037.25
9036.15
9035.04
9033.93
9032.83
9031.72
9030.61
9029.51
9027.29
9026.19
9025.08
9023.97
9022.87
9021.76
9020.65
9019.54
9018.44
9017.33
9016.22
9014.01
9012.90
9011.80
9010.69
9009.58
9008.48
9007.37
9006.26
9005.16
9004.05
9002.94
8999.62
8998.51
8997.41
8996.30
8995.19
8994.09
8992.98
8991.87
8990.77
8989.66
8988.55
8986.34
8985.23
8984.13
8983.02
8981.91
8980.81
8979.70
8978.59
8977.49
8976.38
8975.27
8973.06
8971.95
8970.84
8969.74
8968.63
8967.52
8966.42
8965.31
8964.20
8963.10
8961.99
8960.88
8958.67
8957.56
8956.46
8955.35
8953.14
8952.03
8950.92
8949.81
8948.71
8947.60
8946.49
8944.28
8943.17
8942.07
8940.96
8939.85
8938.75
8937.64
8936.53
8935.43
8934.32
8933.21
8932.11
8931.00
8928.78
8927.68
8926.57
8925.46
8924.36
8923.25
8922.14
8921.04
8919.93
8918.82
8917.72
8916.61
8914.40
8913.29
8912.18
8911.08
8909.97
8908.86
8906.65
8905.54
8904.43
8903.33
8902.22
8901.11
8900.01
8897.79
8896.69
8895.58
8894.47
8893.37
8892.26
8891.15
8890.05
8888.94
8887.83
8886.73
8885.62
8883.40
8882.30
8881.19
8880.08
8878.98
8877.87
8876.76
8875.66
8874.55
8873.44
8872.34
8871.23
8870.12
8869.02
8866.80
8865.70
8864.59
8863.48
8862.38
8861.27
8859.05
8857.95
8856.84
8855.73
8854.63
8853.52
8852.41
8851.31
8849.09
8847.99
8846.88
8845.77
8844.67
8843.56
8842.45
8841.35
8840.24
8839.13
8838.02
8836.92
8835.81
8834.70
8832.49
8831.38
8830.28
8829.17
8828.06
8826.96
8825.85
8824.74
8823.64
8822.53
8821.42
8820.32
8819.21
8818.10
8815.89
8814.78
8813.67
8811.46
8810.35
8809.25
8808.14
8807.03
8805.93
8804.82
8803.71
8802.61
8801.50
8800.39
8799.29
8798.18
8795.97
8794.86
8793.75
8792.64
8791.54
8790.43
8789.32
8788.22
8787.11
8786.00
8784.90
8783.79
8782.68
8781.58
8780.47
8778.26
8777.15
8776.04
8774.94
8773.83
8772.72
8771.62
8770.51
8769.40
8768.29
8767.19
8764.97
8763.87
8762.76
8761.65
8760.55
8758.33
8757.23
8756.12
8755.01
8753.91
8752.80
8751.69
8750.59
8749.48
8748.37
8747.26
8746.16
8745.05
8743.94
8742.84
8741.73
8740.62
8738.41
8737.30
8736.20
8735.09
8733.98
8732.88
8731.77
8730.66
8729.56
8728.45
8727.34
8726.24
8725.13
8724.02
8722.91
8721.81
8720.70
8717.38
8716.27
8715.17
8714.06
8712.95
8711.85
8710.74
8709.63
8708.53
8707.42
8706.31
8705.21
8704.10
8702.99
8701.88
8700.78
8699.67
8698.56
8696.35
8695.24
8694.14
8693.03
8691.92
8690.82
8689.71
8688.60
8687.50
8686.39
8685.28
8684.18
8683.07
8681.96
8680.86
8679.75
8678.64
8677.53
8676.43
8675.32
8673.11
8672.00
8669.79
8668.68
8667.57
8666.47
8665.36
8664.25
8663.15
8662.04
8660.93
8659.83
8658.72
8657.61
8656.51
8655.40
8654.29
8653.18
8652.08
8650.97
8648.76
8647.65
8646.54
8645.44
8644.33
8643.22
8642.12
8641.01
8639.90
8638.80
8637.69
8636.58
8635.48
8634.37
8633.26
8632.15
8631.05
8629.94
8628.83
8627.73
8626.62
8625.51
8622.19
8621.09
8619.98
8618.87
8617.77
8616.66
8615.55
8614.45
8613.34
8612.23
8611.13
8610.02
8608.91
8607.80
8606.70
8605.59
8604.48
8603.38
8602.27
8601.16
8600.06
8598.95
8597.84
8595.63
8594.52
8593.42
8592.31
8591.20
8590.10
8588.99
8587.88
8586.77
8585.67
8584.56
8583.45
8582.35
8581.24
8580.13
8579.03
8577.92
8575.71
8574.60
8573.49
8572.39
8571.28
8570.17
8569.07
8566.85
8566.85
8564.64
8563.53
8562.42
8561.32
8560.21
8559.10
8558.00
8556.89
8555.78
8554.68
8553.57
8552.46
8551.36
8550.25
8549.14
8548.04
8546.93
8545.82
8544.72
8543.61
8542.50
8541.39
8540.29
8539.18
8538.07
8536.97
8535.86
8533.65
8532.54
8531.43
8530.33
8528.11
8527.01
8525.90
8524.79
8523.69
8522.58
8521.47
8520.37
8519.26
8518.15
8517.04
8515.94
8514.83
8513.72
8512.62
8511.51
8510.40
8509.30
8508.19
8507.08
8505.98
8504.87
8503.76
8502.66
8501.55
8500.44
8499.34
8498.23
8496.01
8494.91
8493.80
8492.69
8491.59
8490.48
8489.37
8488.27
8487.16
8486.05
8484.95
8483.84
8481.63
8480.52
8479.41
8478.31
8477.20
8476.09
8474.99
8473.88
8472.77
8471.66
8470.56
8469.45
8468.34
8467.24
8466.13
8465.02
8463.92
8462.81
8461.70
8460.60
8459.49
8458.38
8457.28
8456.17
8455.06
8452.85
8451.74
8450.63
8449.53
8448.42
8447.31
8446.21
8445.10
8443.99
8442.89
8441.78
8440.67
8439.57
8438.46
8437.35
8436.25
8434.03
8432.93
8431.82
8430.71
8429.61
8428.50
8427.39
8426.28
8425.18
8424.07
8422.96
8421.86
8420.75
8419.64
8418.54
8417.43
8416.32
8415.22
8414.11
8413.00
8411.90
8410.79
8409.68
8408.58
8407.47
8406.36
8405.25
8404.15
8403.04
8401.93
8400.83
8399.72
8397.51
8397.51
8395.29
8394.19
8393.08
8391.97
8390.87
8389.76
8388.65
8386.44
8385.33
8384.23
8383.12
8382.01
8380.90
8379.80
8378.69
8377.58
8376.48
8375.37
8374.26
8373.16
8372.05
8370.94
8369.84
8368.73
8367.62
8366.52
8365.41
8364.30
8363.20
8362.09
8360.98
8359.87
8358.77
8357.66
8356.55
8355.45
8354.34
8353.23
8352.13
8351.02
8349.91
8348.81
8347.70
8346.59
8345.49
8344.38
8343.27
8342.17
8341.06
8338.85
8337.74
8336.63
8335.52
8334.42
8333.31
8332.20
8331.10
8329.99
8328.88
8327.78
8326.67
8325.56
8324.46
8323.35
8322.24
8321.14
8320.03
8318.92
8317.82
8316.71
8315.60
8314.50
8313.39
8312.28
8311.17
8310.07
8308.96
8307.85
8306.75
8305.64
8304.53
8303.43
8302.32
8301.21
8300.11
8299.00
8297.89
8296.79
8295.68
8294.57
8291.25
8291.25
8290.14
8287.93
8287.93
8285.72
8284.61
8284.61
8282.40
8281.29
8281.29
8279.08
8277.97
8277.97
8275.76
8274.65
8273.54
8272.44
8271.33
8270.22
8269.12
8268.01
8266.90
8265.79
8264.69
8263.58
8262.47
8261.37
8260.26
8259.15
8258.05
8256.94
8255.83
8254.73
8253.62
8252.51
8251.41
8250.30
8249.19
8248.09
8246.98
8244.76
8243.66
8242.55
8241.44
8240.34
8239.23
8238.12
8237.02
8235.91
8234.80
8233.70
8233.70
8231.48
8230.38
8230.38
8228.16
8227.06
8227.06
8224.84
8223.74
8223.74
8222.63
8220.41
8220.41
8219.31
8217.09
8217.09
8215.99
8214.88
8213.77
8212.67
8211.56
8210.45
8209.35
8208.24
8207.13
8206.03
8204.92
8203.81
8202.71
8201.60
8200.49
8199.38
8197.17
8196.06
8194.96
8193.85
8192.74
8191.64
8190.53
8189.42
8188.32
8187.21
8186.10
8185.00
8183.89
8182.78
8181.68
8180.57
8179.46
8178.36
8177.25
8176.14
8175.03
8173.93
8172.82
8171.71
8170.61
8169.50
8168.39
8167.29
8166.18
8165.07
8163.97
8162.86
8161.75
8160.65
8159.54
8158.43
8157.33
8156.22
8155.11
8154.00
8152.90
8150.68
8149.58
8148.47
8147.36
8146.26
8145.15
8144.04
8142.94
8141.83
8140.72
8139.62
8138.51
8137.40
8136.30
8135.19
8134.08
8132.98
8131.87
8130.76
8129.65
8128.55
8127.44
8126.33
8125.23
8124.12
8123.01
8121.91
8120.80
8119.69
8119.69
8118.59
8116.37
8116.37
8115.27
8114.16
8113.05
8111.95
8110.84
8109.73
8108.62
8107.52
8106.41
8105.30
8103.09
8101.98
8100.88
8099.77
8098.66
8097.56
8096.45
8095.34
8094.24
8093.13
8092.02
8090.92
8089.81
8088.70
8087.60
8086.49
8085.38
8084.27
8083.17
8082.06
8080.95
8079.85
8078.74
8077.63
8076.53
8075.42
8074.31
8073.21
8072.10
8070.99
8069.89
8068.78
8067.67
8066.57
8065.46
8064.35
8063.24
8062.14
8062.14
8061.03
8059.92
8058.82
8057.71
8055.50
8054.39
8053.28
8052.18
8051.07
8049.96
8048.86
8047.75
8046.64
8045.54
8044.43
8043.32
8042.22
8041.11
8040.00
8038.89
8037.79
8036.68
8035.57
8034.47
8033.36
8032.25
8031.15
8030.04
8028.93
8027.83
8026.72
8025.61
8024.51
8023.40
8022.29
8021.19
8021.19
8020.08
8018.97
8017.87
8016.76
8015.65
8014.54
8013.44
8012.33
8011.22
8009.01
8007.90
8006.80
8005.69
8004.58
8003.48
8002.37
8001.26
8000.16
7999.05
7997.94
7996.84
7995.73
7994.62
7993.51
7992.41
7991.30
7990.19
7989.09
7987.98
7986.87
7985.77
7984.66
7983.55
7983.55
7982.45
7981.34
7980.23
7979.13
7978.02
7976.91
7975.81
7974.70
7973.59
7972.49
7971.38
7970.27
7969.16
7968.06
7966.95
7965.84
7964.74
7963.63
7961.42
7960.31
7959.20
7958.10
7956.99
7955.88
7954.78
7953.67
7952.56
7952.56
7951.46
7950.35
7949.24
7948.13
7947.03
7945.92
7944.81
7943.71
7942.60
7941.49
7940.39
7939.28
7938.17
7937.07
7935.96
7934.85
7933.75
7932.64
7931.53
7930.43
7929.32
7928.21
7927.11
7926.00
7926.00
7924.89
7923.78
7922.68
7921.57
7920.46
7919.36
7918.25
7917.14
7916.04
7913.82
7912.72
7911.61
7910.50
7909.40
7908.29
7907.18
7906.08
7904.97
7903.86
7902.75
7901.65
7900.54
7899.43
7898.33
7898.33
7897.22
7896.11
7895.01
7893.90
7892.79
7891.69
7890.58
7889.47
7888.37
7887.26
7886.15
7885.05
7883.94
7882.83
7881.73
7880.62
7879.51
7878.40
7877.30
7876.19
7875.08
7875.08
7873.98
7872.87
7871.76
7870.66
7869.55
7867.34
7866.23
7865.12
7864.02
7862.91
7861.80
7860.70
7859.59
7858.48
7857.37
7856.27
7855.16
7854.05
7852.95
7851.84
7850.73
7850.73
7849.63
7848.52
7847.41
7846.31
7845.20
7844.09
7842.99
7841.88
7840.77
7839.67
7838.56
7837.45
7836.35
7835.24
7834.13
7833.02
7831.92
7830.81
7830.81
7829.70
7828.60
7827.49
7826.38
7825.28
7824.17
7823.06
7821.96
7819.74
7818.64
7817.53
7816.42
7815.32
7814.21
7813.10
7811.99
7810.89
7809.78
7809.78
7808.67
7807.57
7806.46
7805.35
7804.25
7803.14
7802.03
7800.93
7799.82
7798.71
7797.61
7796.50
7795.39
7794.29
7793.18
7792.07
7790.97
7789.86
7789.86
7788.75
7787.64
7786.54
7785.43
7784.32
7783.22
7782.11
7781.00
7779.90
7778.79
7777.68
7776.58
7775.47
7774.36
7772.15
7772.15
7771.04
7769.94
7768.83
7767.72
7766.61
7765.51
7764.40
7763.29
7762.19
7761.08
7759.97
7758.87
7757.76
7756.65
7755.55
7754.44
7754.44
7753.33
7752.23
7751.12
7750.01
7748.91
7747.80
7746.69
7745.59
7744.48
7743.37
7742.26
7741.16
7740.05
7738.94
7737.84
7736.73
7736.73
7735.62
7734.52
7733.41
7732.30
7731.20
7730.09
7728.98
7727.88
7726.77
7724.56
7723.45
7722.34
7721.24
7720.13
7720.13
7719.02
7717.91
7716.81
7715.70
7714.59
7713.49
7712.38
7711.27
7710.17
7709.06
7707.95
7706.85
7705.74
7704.63
7704.63
7703.53
7702.42
7701.31
7700.21
7699.10
7697.99
7696.88
7695.78
7694.67
7693.56
7692.46
7691.35
7690.24
7689.14
7688.03
7688.03
7686.92
7685.82
7684.71
7683.60
7682.50
7681.39
7680.28
7678.07
7676.96
7675.86
7674.75
7673.64
7673.64
7672.53
7671.43
7670.32
7669.21
7668.11
7667.00
7665.89
7664.79
7663.68
7662.57
7661.47
7660.36
7659.25
7658.15
7658.15
7657.04
7655.93
7654.83
7653.72
7652.61
7651.50
7650.40
7649.29
7648.18
7647.08
7645.97
7644.86
7643.76
7643.76
7642.65
7641.54
7640.44
7639.33
7638.22
7637.12
7636.01
7634.90
7633.80
7632.69
7630.48
7629.37
7629.37
7628.26
7627.15
7626.05
7624.94
7623.83
7622.73
7621.62
7620.51
7619.41
7618.30
7617.19
7616.09
7616.09
7614.98
7613.87
7612.77
7611.66
7610.55
7609.45
7608.34
7607.23
7606.12
7605.02
7603.91
7602.80
7602.80
7601.70
7600.59
7599.48
7598.38
7597.27
7596.16
7595.06
7593.95
7592.84
7591.74
7590.63
7590.63
7589.52
7588.42
7587.31
7586.20
7585.10
7582.88
7581.77
7580.67
7579.56
7578.45
7577.35
7577.35
7576.24
7575.13
7574.03
7572.92
7571.81
7570.71
7569.60
7568.49
7567.39
7566.28
7565.17
7565.17
7564.07
7562.96
7561.85
7560.74
7559.64
7558.53
7557.42
7556.32
7555.21
7554.10
7553.00
7551.89
7551.89
7550.78
7549.68
7548.57
7547.46
7546.36
7545.25
7544.14
7543.04
7541.93
7541.93
7540.82
7539.72
7538.61
7536.39
7535.29
7534.18
7533.07
7531.97
7530.86
7529.75
7528.65
7527.54
7527.54
7526.43
7525.33
7524.22
7523.11
7522.01
7520.90
7519.79
7518.69
7517.58
7517.58
7516.47
7515.36
7514.26
7513.15
7512.04
7510.94
7509.83
7508.72
7507.62
7506.51
7505.40
7505.40
7504.30
7503.19
7502.08
7500.98
7499.87
7498.76
7497.66
7496.55
7495.44
7494.34
7494.34
7493.23
7492.12
7491.01
7488.80
7487.69
7486.59
7485.48
7484.37
7483.27
7483.27
7482.16
7481.05
7479.95
7478.84
7477.73
7476.63
7475.52
7474.41
7473.31
7472.20
7472.20
7471.09
7469.98
7468.88
7467.77
7466.66
7465.56
7464.45
7463.34
7462.24
7462.24
7461.13
7460.02
7458.92
7457.81
7456.70
7455.60
7454.49
7453.38
7452.28
7451.17
7451.17
7450.06
7448.96
7447.85
7446.74
7445.63
7444.53
7443.42
7441.21
7440.10
7440.10
7438.99
7437.89
7436.78
7435.67
7434.57
7433.46
7432.35
7431.25
7430.14
7430.14
7429.03
7427.93
7426.82
7425.71
7424.60
7423.50
7422.39
7421.28
7420.18
7420.18
7419.07
7417.96
7416.86
7415.75
7414.64
7413.54
7412.43
7411.32
7410.22
7410.22
7409.11
7408.00
7406.90
7405.79
7404.68
7403.58
7402.47
7401.36
7401.36
7400.25
7399.15
7398.04
7396.93
7394.72
7393.61
7392.51
7391.40
7390.29
7390.29
7389.19
7388.08
7386.97
7385.87
7384.76
7383.65
7382.55
7381.44
7381.44
7380.33
7379.23
7378.12
7377.01
7375.90
7374.80
7373.69
7372.58
7371.48
7371.48
7370.37
7369.26
7368.16
7367.05
7365.94
7364.84
7363.73
7362.62
7362.62
7361.52
7360.41
7359.30
7358.20
7357.09
7355.98
7354.87
7353.77
7353.77
7352.66
7351.55
7350.45
7349.34
7347.13
7346.02
7344.91
7343.81
7343.81
7342.70
7341.59
7340.49
7339.38
7338.27
7337.17
7336.06
7334.95
7333.85
7333.85
7332.74
7331.63
7330.52
7329.42
7328.31
7327.20
7326.10
7326.10
7324.99
7323.88
7322.78
7321.67
7320.56
7319.46
7318.35
7317.24
7317.24
7316.14
7315.03
7313.92
7312.82
7311.71
7310.60
7309.49
7308.39
7308.39
7307.28
7306.17
7305.07
7303.96
7302.85
7301.75
7299.53
7299.53
7298.43
7297.32
7296.21
7295.11
7294.00
7292.89
7291.79
7290.68
7289.57
7289.57
7288.47
7287.36
7286.25
7285.14
7284.04
7282.93
7281.82
7281.82
7280.72
7279.61
7278.50
7277.40
7276.29
7275.18
7274.08
7274.08
7272.97
7271.86
7270.76
7269.65
7268.54
7267.44
7266.33
7266.33
7265.22
7264.11
7263.01
7261.90
7260.79
7259.69
7258.58
7257.47
7257.47
7256.37
7255.26
7254.15
7251.94
7250.83
7249.73
7248.62
7248.62
7247.51
7246.41
7245.30
7244.19
7243.09
7241.98
7240.87
7240.87
7239.76
7238.66
7237.55
7236.44
7235.34
7234.23
7233.12
7233.12
7232.02
7230.91
7229.80
7228.70
7227.59
7226.48
7225.38
7225.38
7224.27
7223.16
7222.06
7220.95
7219.84
7218.73
7217.63
7217.63
7216.52
7215.41
7214.31
7213.20
7212.09
7210.99
7209.88
7209.88
7208.77
7207.67
7205.45
7204.35
7203.24
7202.13
7201.03
7201.03
7199.92
7198.81
7197.71
7196.60
7195.49
7194.38
7193.28
7193.28
7192.17
7191.06
7189.96
7188.85
7187.74
7186.64
7185.53
7185.53
7184.42
7183.32
7182.21
7181.10
7180.00
7178.89
7178.89
7177.78
7176.68
7175.57
7174.46
7173.35
7172.25
7171.14
7171.14
7170.03
7168.93
7167.82
7166.71
7165.61
7164.50
7164.50
7163.39
7162.29
7161.18
7160.07
7157.86
7156.75
7155.65
7155.65
7154.54
7153.43
7152.33
7151.22
7150.11
7149.00
7147.90
7147.90
7146.79
7145.68
7144.58
7143.47
7142.36
7141.26
7141.26
7140.15
7139.04
7137.94
7136.83
7135.72
7134.62
7134.62
7133.51
7132.40
7131.30
7130.19
7129.08
7127.97
7127.97
7126.87
7125.76
7124.65
7123.55
7122.44
7121.33
7120.23
7120.23
7119.12
7118.01
7116.91
7115.80
7114.69
7113.59
7113.59
7112.48
7110.27
7109.16
7108.05
7106.95
7105.84
7105.84
7104.73
7103.62
7102.52
7101.41
7100.30
7099.20
7098.09
7098.09
7096.98
7095.88
7094.77
7093.66
7092.56
7091.45
7091.45
7090.34
7089.24
7088.13
7087.02
7085.92
7084.81
7084.81
7083.70
7082.60
7081.49
7080.38
7079.27
7078.17
7078.17
7077.06
7075.95
7074.85
7073.74
7072.63
7071.53
7071.53
7070.42
7069.31
7068.21
7067.10
7065.99
7063.78
7063.78
7062.67
7061.57
7060.46
7059.35
7058.24
7057.14
7057.14
7056.03
7054.92
7053.82
7052.71
7051.60
7051.60
7050.50
7049.39
7048.28
7047.18
7046.07
7044.96
7044.96
7043.86
7042.75
7041.64
7040.54
7039.43
7038.32
7038.32
7037.22
7036.11
7035.00
7033.89
7032.79
7031.68
7031.68
7030.57
7029.47
7028.36
7027.25
7026.15
7026.15
7025.04
7023.93
7022.83
7021.72
7020.61
7019.51
7019.51
7018.40
7016.19
7015.08
7013.97
7012.86
7011.76
7011.76
7010.65
7009.54
7008.44
7007.33
7006.22
7005.12
7005.12
7004.01
7002.90
7001.80
7000.69
6999.58
6999.58
6998.48
6997.37
6996.26
6995.16
6994.05
6992.94
6992.94
6991.84
6990.73
6989.62
6988.51
6987.41
6987.41
6986.30
6985.19
6984.09
6982.98
6981.87
6980.77
6980.77
6979.66
6978.55
6977.45
6976.34
6975.23
6975.23
6974.13
6973.02
6971.91
6970.81
6968.59
6967.48
6967.48
6966.38
6965.27
6964.16
6963.06
6961.95
6961.95
6960.84
6959.74
6958.63
6957.52
6956.42
6956.42
6955.31
6954.20
6953.10
6951.99
6950.88
6949.78
6949.78
6948.67
6947.56
6946.46
6945.35
6944.24
6944.24
6943.13
6942.03
6940.92
6939.81
6938.71
6938.71
6937.60
6936.49
6935.39
6934.28
6933.17
6932.07
6932.07
6930.96
6929.85
6928.75
6927.64
6926.53
6926.53
6925.43
6924.32
6922.10
6921.00
6919.89
6919.89
6918.78
6917.68
6916.57
6915.46
6914.36
6914.36
6913.25
6912.14
6911.04
6909.93
6908.82
6908.82
6907.72
6906.61
6905.50
6904.40
6903.29
6903.29
6902.18
6901.08
6899.97
6898.86
6897.75
6896.65
6896.65
6895.54
6894.43
6893.33
6892.22
6891.11
6891.11
6890.01
6888.90
6887.79
6886.69
6886.69
6885.58
6884.47
6883.37
6882.26
6881.15
6880.05
6880.05
6878.94
6877.83
6876.72
6874.51
6873.40
6873.40
6872.30
6871.19
6870.08
6868.98
6868.98
6867.87
6866.76
6865.66
6864.55
6863.44
6862.34
6862.34
6861.23
6860.12
6859.02
6857.91
6857.91
6856.80
6855.70
6854.59
6853.48
6852.37
6852.37
6851.27
6850.16
6849.05
6847.95
6846.84
6846.84
6845.73
6844.63
6843.52
6842.41
6841.31
6841.31
6840.20
6839.09
6837.99
6836.88
6835.77
6835.77
6834.67
6833.56
6832.45
6831.34
6830.24
6830.24
6829.13
6826.92
6825.81
6824.70
6824.70
6823.60
6822.49
6821.38
6820.28
6819.17
6819.17
6818.06
6816.96
6815.85
6814.74
6813.64
6813.64
6812.53
6811.42
6810.32
6809.21
6808.10
6808.10
6806.99
6805.89
6804.78
6803.67
6803.67
6802.57
6801.46
6800.35
6799.25
6798.14
6798.14
6797.03
6795.93
6794.82
6793.71
6792.61
6792.61
6791.50
6790.39
6789.29
6788.18
6788.18
6787.07
6785.96
6784.86
6783.75
6782.64
6782.64
6780.43
6779.32
6778.22
6777.11
6777.11
6776.00
6774.90
6773.79
6772.68
6771.58
6771.58
6770.47
6769.36
6768.26
6767.15
6767.15
6766.04
6764.94
6763.83
6762.72
6761.61
6761.61
6760.51
6759.40
6758.29
6757.19
6756.08
6756.08
6754.97
6753.87
6752.76
6751.65
6751.65
6750.55
6749.44
6748.33
6747.23
6747.23
6746.12
6745.01
6743.91
6742.80
6741.69
6741.69
6740.59
6739.48
6738.37
6737.26
6737.26
6736.16
6735.05
6732.84
6731.73
6730.62
6730.62
6729.52
6728.41
6727.30
6726.20
6726.20
6725.09
6723.98
6722.88
6721.77
6720.66
6720.66
6719.56
6718.45
6717.34
6716.23
6716.23
6715.13
6714.02
6712.91
6711.81
6710.70
6710.70
6709.59
6708.49
6707.38
6706.27
6706.27
6705.17
6704.06
6702.95
6701.85
6701.85
6700.74
6699.63
6698.53
6697.42
6696.31
6696.31
6695.21
6694.10
6692.99
6691.88
6691.88
6690.78
6689.67
6688.56
6687.46
6687.46
6685.24
6684.14
6683.03
6681.92
6681.92
6680.82
6679.71
6678.60
6677.50
6676.39
6676.39
6675.28
6674.18
6673.07
6671.96
6671.96
6670.85
6669.75
6668.64
6667.53
6667.53
6666.43
6665.32
6664.21
6663.11
6663.11
6662.00
6660.89
6659.79
6658.68
6658.68
6657.57
6656.47
6655.36
6654.25
6654.25
6653.15
6652.04
6650.93
6649.83
6648.72
6648.72
6647.61
6646.50
6645.40
6644.29
6644.29
6643.18
6642.08
6640.97
6639.86
6639.86
6637.65
6636.54
6635.44
6634.33
6634.33
6633.22
6632.12
6631.01
6629.90
6629.90
6628.80
6627.69
6626.58
6625.47
6625.47
6624.37
6623.26
6622.15
6621.05
6621.05
6619.94
6618.83
6617.73
6616.62
6616.62
6615.51
6614.41
6613.30
6612.19
6612.19
6611.09
6609.98
6608.87
6607.77
6607.77
6606.66
6605.55
6604.45
6603.34
6603.34
6602.23
6601.12
6600.02
6598.91
6598.91
6597.80
6596.70
6595.59
6594.48
6594.48
6593.38
6591.16
6590.06
6588.95
6588.95
6587.84
6586.74
6585.63
6584.52
6584.52
6583.42
6582.31
6581.20
6580.09
6580.09
6578.99
6577.88
6576.77
6575.67
6575.67
6574.56
6573.45
6572.35
6571.24
6571.24
6570.13
6569.03
6567.92
6566.81
6566.81
6565.71
6564.60
6563.49
6562.39
6562.39
6561.28
6560.17
6559.07
6557.96
6557.96
6556.85
6555.74
6554.64
6553.53
6553.53
6552.42
6551.32
6550.21
6550.21
6549.10
6548.00
6546.89
6545.78
6545.78
6543.57
6542.46
6541.36
6540.25
6540.25
6539.14
6538.04
6536.93
6535.82
6535.82
6534.71
6533.61
6532.50
6532.50
6531.39
6530.29
6529.18
6528.07
6528.07
6526.97
6525.86
6524.75
6523.65
6523.65
6522.54
6521.43
6520.33
6519.22
6519.22
6518.11
6517.01
6515.90
6515.90
6514.79
6513.69
6512.58
6511.47
6511.47
6510.36
6509.26
6508.15
6507.04
6507.04
6505.94
6504.83
6503.72
6502.62
6502.62
6501.51
6500.40
6499.30
6499.30
6498.19
6495.98
6494.87
6493.76
6493.76
6492.66
6491.55
6490.44
6489.33
6489.33
6488.23
6487.12
6486.01
6484.91
6484.91
6483.80
6482.69
6481.59
6481.59
6480.48
6479.37
6478.27
6477.16
6477.16
6476.05
6474.95
6473.84
6473.84
6472.73
6471.63
6470.52
6469.41
6469.41
6468.31
6467.20
6466.09
6464.98
6464.98
6463.88
6462.77
6461.66
6461.66
6460.56
6459.45
6458.34
6457.24
6457.24
6456.13
6455.02
6453.92
6453.92
6452.81
6451.70
6449.49
6448.38
6448.38
6447.28
6446.17
6445.06
6443.96
6443.96
6442.85
6441.74
6440.63
6440.63
6439.53
6438.42
6437.31
6436.21
6436.21
6435.10
6433.99
6432.89
6432.89
6431.78
6430.67
6429.57
6428.46
6428.46
6427.35
6426.25
6425.14
6425.14
6424.03
6422.93
6421.82
6420.71
6420.71
6419.60
6418.50
6417.39
6417.39
6416.28
6415.18
6414.07
6412.96
6412.96
6411.86
6410.75
6409.64
6409.64
6408.54
6407.43
6406.32
6405.22
6405.22
6404.11
6401.90
6400.79
6400.79
6399.68
6398.58
6397.47
6396.36
6396.36
6395.25
6394.15
6393.04
6393.04
6391.93
6390.83
6389.72
6389.72
6388.61
6387.51
6386.40
6385.29
6385.29
6384.19
6383.08
6381.97
6381.97
6380.87
6379.76
6378.65
6377.55
6377.55
6376.44
6375.33
6374.22
6374.22
6373.12
6372.01
6370.90
6369.80
6369.80
6368.69
6367.58
6366.48
6366.48
6365.37
6364.26
6363.16
6363.16
6362.05
6360.94
6359.84
6359.84
6358.73
6357.62
6356.52
6354.30
6354.30
6353.20
6352.09
6350.98
6350.98
6349.87
6348.77
6347.66
6346.55
6346.55
6345.45
6344.34
6343.23
6343.23
6342.13
6341.02
6339.91
6339.91
6338.81
6337.70
6336.59
6336.59
6335.49
6334.38
6333.27
6332.17
6332.17
6331.06
6329.95
6328.84
6328.84
6327.74
6326.63
6325.52
6325.52
6324.42
6323.31
6322.20
6321.10
6321.10
6319.99
6318.88
6317.78
6317.78
6316.67
6315.56
6314.46
6314.46
6313.35
6312.24
6311.14
6311.14
6310.03
6307.82
6306.71
6305.60
6305.60
6304.49
6303.39
6302.28
6302.28
6301.17
6300.07
6298.96
6298.96
6297.85
6296.75
6295.64
6295.64
6294.53
6293.43
6292.32
6292.32
6291.21
6290.11
6289.00
6287.89
6287.89
6286.79
6285.68
6284.57
6284.57
6283.46
6282.36
6281.25
6281.25
6280.14
6279.04
6277.93
6277.93
6276.82
6275.72
6274.61
6274.61
6273.50
6272.40
6271.29
6270.18
6270.18
6269.08
6267.97
6266.86
6266.86
6265.76
6264.65
6263.54
6263.54
6262.44
6260.22
6259.11
6259.11
6258.01
6256.90
6255.79
6255.79
6254.69
6253.58
6252.47
6252.47
6251.37
6250.26
6249.15
6249.15
6248.05
6246.94
6245.83
6244.73
6244.73
6243.62
6242.51
6241.41
6241.41
6240.30
6239.19
6238.08
6238.08
6236.98
6235.87
6234.76
6234.76
6233.66
6232.55
6231.44
6231.44
6230.34
6229.23
6228.12
6228.12
6227.02
6225.91
6224.80
6224.80
6223.70
6222.59
6221.48
6221.48
6220.38
6219.27
6218.16
6218.16
6217.06
6215.95
6214.84
6214.84
6212.63
6211.52
6210.41
6210.41
6209.31
6208.20
6207.09
6207.09
6205.99
6204.88
6203.77
6203.77
6202.67
6201.56
6200.45
6200.45
6199.35
6198.24
6197.13
6197.13
6196.03
6194.92
6193.81
6193.81
6192.70
6191.60
6190.49
6190.49
6189.38
6188.28
6187.17
6187.17
6186.06
6184.96
6183.85
6183.85
6182.74
6181.64
6180.53
6180.53
6179.42
6178.32
6177.21
6177.21
6176.10
6175.00
6173.89
6173.89
6172.78
6171.68
6170.57
6170.57
6169.46
6168.35
6166.14
6166.14
6165.03
6163.93
6162.82
6162.82
6161.71
6160.61
6159.50
6159.50
6158.39
6157.29
6156.18
6156.18
6155.07
6153.97
6152.86
6152.86
6151.75
6150.65
6149.54
6149.54
6148.43
6147.33
6146.22
6146.22
6145.11
6144.00
6142.90
6142.90
6141.79
6140.68
6139.58
6139.58
6138.47
6137.36
6136.26
6136.26
6135.15
6134.04
6134.04
6132.94
6131.83
6130.72
6130.72
6129.62
6128.51
6127.40
6127.40
6126.30
6125.19
6124.08
6124.08
6122.97
6121.87
6120.76
6120.76
6118.55
6117.44
6116.33
6116.33
6115.23
6114.12
6113.01
6113.01
6111.91
6110.80
6110.80
6109.69
6108.59
6107.48
6107.48
6106.37
6105.27
6104.16
6104.16
6103.05
6101.95
6100.84
6100.84
6099.73
6098.62
6097.52
6097.52
6096.41
6095.30
6095.30
6094.20
6093.09
6091.98
6091.98
6090.88
6089.77
6088.66
6088.66
6087.56
6086.45
6085.34
6085.34
6084.24
6083.13
6082.02
6082.02
6080.92
6079.81
6078.70
6078.70
6077.59
6076.49
6076.49
6075.38
6074.27
6073.17
6073.17
6070.95
6069.85
6068.74
6068.74
6067.63
6066.53
6065.42
6065.42
6064.31
6063.21
6063.21
6062.10
6060.99
6059.89
6059.89
6058.78
6057.67
6056.57
6056.57
6055.46
6054.35
6053.24
6053.24
6052.14
6051.03
6051.03
6049.92
6048.82
6047.71
6047.71
6046.60
6045.50
6044.39
6044.39
6043.28
6042.18
6041.07
6041.07
6039.96
6038.86
6037.75
6037.75
6036.64
6035.54
6035.54
6034.43
6033.32
6032.21
6032.21
6031.11
6030.00
6028.89
6028.89
6027.79
6026.68
6026.68
6025.57
6023.36
6022.25
6022.25
6021.15
6020.04
6018.93
6018.93
6017.83
6016.72
6016.72
6015.61
6014.51
6013.40
6013.40
6012.29
6011.19
6010.08
6010.08
6008.97
6007.86
6006.76
6006.76
6005.65
6004.54
6004.54
6003.44
6002.33
6001.22
6001.22
6000.12
5999.01
5999.01
5997.90
5996.80
5995.69
5995.69
5994.58
5993.48
5992.37
5992.37
5991.26
5990.16
5990.16
5989.05
5987.94
5986.83
5986.83
5985.73
5984.62
5983.51
5983.51
5982.41
5981.30
5981.30
5980.19
5979.09
5976.87
5976.87
5975.77
5974.66
5973.55
5973.55
5972.45
5971.34
5971.34
5970.23
5969.13
5968.02
5968.02
5966.91
5965.81
5965.81
5964.70
5963.59
5962.48
5962.48
5961.38
5960.27
5959.16
5959.16
5958.06
5956.95
5956.95
5955.84
5954.74
5953.63
5953.63
5952.52
5951.42
5951.42
5950.31
5949.20
5948.10
5948.10
5946.99
5945.88
5945.88
5944.78
5943.67
5942.56
5942.56
5941.45
5940.35
5939.24
5939.24
5938.13
5937.03
5937.03
5935.92
5934.81
5933.71
5933.71
5932.60
5931.49
5931.49
5929.28
5928.17
5927.07
5927.07
5925.96
5924.85
5924.85
5923.75
5922.64
5921.53
5921.53
5920.43
5919.32
5918.21
5918.21
5917.10
5916.00
5916.00
5914.89
5913.78
5912.68
5912.68
5911.57
5910.46
5910.46
5909.36
5908.25
5908.25
5907.14
5906.04
5904.93
5904.93
5903.82
5902.72
5901.61
5901.61
5900.50
5899.40
5899.40
5898.29
5897.18
5896.07
5896.07
5894.97
5893.86
5893.86
5892.75
5891.65
5891.65
5890.54
5889.43
5888.33
5888.33
5887.22
5886.11
5885.01
5885.01
5883.90
5881.69
5881.69
5880.58
5879.47
5878.37
5878.37
5877.26
5876.15
5876.15
5875.05
5873.94
5873.94
5872.83
5871.72
5870.62
5870.62
5869.51
5868.40
5868.40
5867.30
5866.19
5865.08
5865.08
5863.98
5862.87
5862.87
5861.76
5860.66
5859.55
5859.55
5858.44
5857.34
5857.34
5856.23
5855.12
5854.02
5854.02
5852.91
5851.80
5851.80
5850.69
5849.59
5849.59
5848.48
5847.37
5846.27
5846.27
5845.16
5844.05
5844.05
5842.95
5841.84
5840.73
5840.73
5839.63
5838.52
5838.52
5837.41
5835.20
5834.09
5834.09
5832.99
5831.88
5831.88
5830.77
5829.67
5829.67
5828.56
5827.45
5826.34
5826.34
5825.24
5824.13
5824.13
5823.02
5821.92
5820.81
5820.81
5819.70
5818.60
5818.60
5817.49
5816.38
5816.38
5815.28
5814.17
5813.06
5813.06
5811.96
5810.85
5810.85
5809.74
5808.64
5808.64
5807.53
5806.42
5805.32
5805.32
5804.21
5803.10
5803.10
5801.99
5800.89
5799.78
5799.78
5798.67
5797.57
5797.57
5796.46
5795.35
5795.35
5794.25
5793.14
5792.03
5792.03
5790.93
5789.82
5789.82
5787.61
5786.50
5786.50
5785.39
5784.29
5783.18
5783.18
5782.07
5780.96
5780.96
5779.86
5778.75
5778.75
5777.64
5776.54
5775.43
5775.43
5774.32
5773.22
5773.22
5772.11
5771.00
5771.00
5769.90
5768.79
5767.68
5767.68
5766.58
5765.47
5765.47
5764.36
5763.26
5763.26
5762.15
5761.04
5759.94
5759.94
5758.83
5757.72
5757.72
5756.61
5755.51
5755.51
5754.40
5753.29
5752.19
5752.19
5751.08
5749.97
5749.97
5748.87
5747.76
5747.76
5746.65
5745.55
5745.55
5744.44
5743.33
5742.23
5742.23
5740.01
5738.91
5738.91
5737.80
5736.69
5736.69
5735.58
5734.48
5734.48
5733.37
5732.26
5731.16
5731.16
5730.05
5728.94
5728.94
5727.84
5726.73
5726.73
5725.62
5724.52
5723.41
5723.41
5722.30
5721.20
5721.20
5720.09
5718.98
5718.98
5717.88
5716.77
5716.77
5715.66
5714.56
5713.45
5713.45
5712.34
5711.23
5711.23
5710.13
5709.02
5709.02
5707.91
5706.81
5706.81
5705.70
5704.59
5704.59
5703.49
5702.38
5701.27
5701.27
5700.17
5699.06
5699.06
5697.95
5696.85
5696.85
5695.74
5693.53
5693.53
5692.42
5691.31
5690.20
5690.20
5689.10
5687.99
5687.99
5686.88
5685.78
5685.78
5684.67
5683.56
5683.56
5682.46
5681.35
5680.24
5680.24
5679.14
5678.03
5678.03
5676.92
5675.82
5675.82
5674.71
5673.60
5673.60
5672.50
5671.39
5671.39
5670.28
5669.18
5668.07
5668.07
5666.96
5665.85
5665.85
5664.75
5663.64
5663.64
5662.53
5661.43
5661.43
5660.32
5659.21
5659.21
5658.11
5657.00
5657.00
5655.89
5654.79
5653.68
5653.68
5652.57
5651.47
5651.47
5650.36
5649.25
5649.25
5648.15
5645.93
5645.93
5644.82
5643.72
5643.72
5642.61
5641.50
5641.50
5640.40
5639.29
5638.18
5638.18
5637.08
5635.97
5635.97
5634.86
5633.76
5633.76
5632.65
5631.54
5631.54
5630.44
5629.33
5629.33
5628.22
5627.12
5627.12
5626.01
5624.90
5623.80
5623.80
5622.69
5621.58
5621.58
5620.47
5619.37
5619.37
5618.26
5617.15
5617.15
5616.05
5614.94
5614.94
5613.83
5612.73
5612.73
5611.62
5610.51
5610.51
5609.41
5608.30
5608.30
5607.19
5606.09
5606.09
5604.98
5603.87
5602.77
5602.77
5601.66
5600.55
5600.55
5598.34
5597.23
5597.23
5596.12
5595.02
5595.02
5593.91
5592.80
5592.80
5591.70
5590.59
5590.59
5589.48
5588.38
5588.38
5587.27
5586.16
5586.16
5585.06
5583.95
5583.95
5582.84
5581.74
5581.74
5580.63
5579.52
5578.42
5578.42
5577.31
5576.20
5576.20
5575.09
5573.99
5573.99
5572.88
5571.77
5571.77
5570.67
5569.56
5569.56
5568.45
5567.35
5567.35
5566.24
5565.13
5565.13
5564.03
5562.92
5562.92
5561.81
5560.71
5560.71
5559.60
5558.49
5558.49
5557.39
5556.28
5556.28
5555.17
5554.06
5554.06
5551.85
5550.74
5550.74
5549.64
5548.53
5547.42
5547.42
5546.32
5545.21
5545.21
5544.10
5543.00
5543.00
5541.89
5540.78
5540.78
5539.68
5538.57
5538.57
5537.46
5536.36
5536.36
5535.25
5534.14
5534.14
5533.04
5531.93
5531.93
5530.82
5529.71
5529.71
5528.61
5527.50
5527.50
5526.39
5525.29
5525.29
5524.18
5523.07
5523.07
5521.97
5520.86
5520.86
5519.75
5518.65
5518.65
5517.54
5516.43
5516.43
5515.33
5514.22
5514.22
5513.11
5512.01
5512.01
5510.90
5509.79
5509.79
5508.69
5507.58
5507.58
5506.47
5504.26
5504.26
5503.15
5502.04
5502.04
5500.94
5499.83
5499.83
5498.72
5497.62
5497.62
5496.51
5495.40
5495.40
5494.30
5493.19
5493.19
5492.08
5490.98
5490.98
5489.87
5488.76
5488.76
5487.66
5486.55
5486.55
5485.44
5484.33
5484.33
5483.23
5482.12
5482.12
5481.01
5479.91
5479.91
5478.80
5477.69
5477.69
5476.59
5475.48
5475.48
5474.37
5473.27
5473.27
5472.16
5471.05
5471.05
5469.95
5468.84
5468.84
5467.73
5466.63
5466.63
5465.52
5464.41
5464.41
5463.31
5463.31
5462.20
5461.09
5459.98
5459.98
5458.88
5458.88
5456.66
5455.56
5455.56
5454.45
5453.34
5453.34
5452.24
5451.13
5451.13
5450.02
5448.92
5448.92
5447.81
5446.70
5446.70
5445.60
5444.49
5444.49
5443.38
5442.28
5442.28
5441.17
5440.06
5440.06
5438.95
5437.85
5437.85
5436.74
5435.63
5435.63
5434.53
5433.42
5433.42
5432.31
5431.21
5431.21
5430.10
5430.10
5428.99
5427.89
5426.78
5426.78
5425.67
5425.67
5424.57
5423.46
5423.46
5422.35
5421.25
5421.25
5420.14
5419.03
5419.03
5417.93
5416.82
5416.82
5415.71
5414.60
5414.60
5413.50
5412.39
5412.39
5411.28
5409.07
5409.07
5407.96
5406.86
5406.86
5405.75
5405.75
5404.64
5403.54
5402.43
5402.43
5401.32
5401.32
5400.22
5399.11
5399.11
5398.00
5396.90
5396.90
5395.79
5394.68
5394.68
5393.57
5392.47
5392.47
5391.36
5390.25
5390.25
5389.15
5388.04
5388.04
5386.93
5385.83
5385.83
5384.72
5384.72
5383.61
5382.51
5382.51
5381.40
5380.29
5380.29
5379.19
5378.08
5378.08
5376.97
5375.87
5375.87
5374.76
5373.65
5373.65
5372.55
5371.44
5371.44
5370.33
5369.22
5369.22
5368.12
5368.12
5367.01
5365.90
5365.90
5364.80
5362.58
5362.58
5361.48
5360.37
5360.37
5359.26
5358.16
5358.16
5357.05
5355.94
5355.94
5354.84
5354.84
5353.73
5352.62
5352.62
5351.52
5350.41
5350.41
5349.30
5348.19
5348.19
5347.09
5345.98
5345.98
5344.87
5343.77
5343.77
5342.66
5341.55
5341.55
5340.45
5340.45
5339.34
5338.23
5338.23
5337.13
5336.02
5336.02
5334.91
5333.81
5333.81
5332.70
5331.59
5331.59
5330.49
5330.49
5329.38
5328.27
5328.27
5327.17
5326.06
5326.06
5324.95
5323.84
5323.84
5322.74
5321.63
5321.63
5320.52
5319.42
5319.42
5318.31
5318.31
5317.20
5314.99
5314.99
5313.88
5312.78
5312.78
5311.67
5310.56
5310.56
5309.46
5308.35
5308.35
5307.24
5307.24
5306.14
5305.03
5305.03
5303.92
5302.81
5302.81
5301.71
5300.60
5300.60
5299.49
5298.39
5298.39
5297.28
5297.28
5296.17
5295.07
5295.07
5293.96
5292.85
5292.85
5291.75
5290.64
5290.64
5289.53
5289.53
5288.43
5287.32
5287.32
5286.21
5285.11
5285.11
5284.00
5282.89
5282.89
5281.79
5280.68
5280.68
5279.57
5279.57
5278.46
5277.36
5277.36
5276.25
5275.14
5275.14
5274.04
5272.93
5272.93
5271.82
5270.72
5270.72
5269.61
5269.61
5267.40
5266.29
5266.29
5265.18
5264.08
5264.08
5262.97
5262.97
5261.86
5260.76
5260.76
5259.65
5258.54
5258.54
5257.43
5256.33
5256.33
5255.22
5254.11
5254.11
5253.01
5253.01
5251.90
5250.79
5250.79
5249.69
5248.58
5248.58
5247.47
5246.37
5246.37
5245.26
5245.26
5244.15
5243.05
5243.05
5241.94
5240.83
5240.83
5239.73
5239.73
5238.62
5237.51
5237.51
5236.41
5235.30
5235.30
5234.19
5233.08
5233.08
5231.98
5231.98
5230.87
5229.76
5229.76
5228.66
5227.55
5227.55
5226.44
5225.34
5225.34
5224.23
5224.23
5223.12
5220.91
5220.91
5219.80
5218.70
5218.70
5217.59
5217.59
5216.48
5215.38
5215.38
5214.27
5213.16
5213.16
5212.05
5210.95
5210.95
5209.84
5209.84
5208.73
5207.63
5207.63
5206.52
5205.41
5205.41
5204.31
5204.31
5203.20
5202.09
5202.09
5200.99
5199.88
5199.88
5198.77
5198.77
5197.67
5196.56
5196.56
5195.45
5194.35
5194.35
5193.24
5192.13
5192.13
5191.03
5191.03
5189.92
5188.81
5188.81
5187.70
5186.60
5186.60
5185.49
5185.49
5184.38
5183.28
5183.28
5182.17
5181.06
5181.06
5179.96
5178.85
5178.85
5177.74
5177.74
5176.64
5175.53
5175.53
5173.32
5172.21
5172.21
5171.10
5171.10
5170.00
5168.89
5168.89
5167.78
5167.78
5166.68
5165.57
5165.57
5164.46
5163.35
5163.35
5162.25
5161.14
5161.14
5160.03
5160.03
5158.93
5157.82
5157.82
5156.71
5155.61
5155.61
5154.50
5154.50
5153.39
5152.29
5152.29
5151.18
5151.18
5150.07
5148.97
5148.97
5147.86
5146.75
5146.75
5145.65
5144.54
5144.54
5143.43
5143.43
5142.32
5141.22
5141.22
5140.11
5140.11
5139.00
5137.90
5137.90
5136.79
5135.68
5135.68
5134.58
5134.58
5133.47
5132.36
5132.36
5131.26
5130.15
5130.15
5129.04
5129.04
5127.94
5125.72
5125.72
5124.62
5123.51
5123.51
5122.40
5122.40
5121.30
5120.19
5120.19
5119.08
5117.97
5117.97
5116.87
5116.87
5115.76
5114.65
5114.65
5113.55
5113.55
5112.44
5111.33
5111.33
5110.23
5109.12
5109.12
5108.01
5108.01
5106.91
5105.80
5105.80
5104.69
5103.59
5103.59
5102.48
5102.48
5101.37
5100.27
5100.27
5099.16
5099.16
5098.05
5096.94
5096.94
5095.84
5094.73
5094.73
5093.62
5093.62
5092.52
5091.41
5091.41
5090.30
5090.30
5089.20
5088.09
5088.09
5086.98
5085.88
5085.88
5084.77
5084.77
5083.66
5082.56
5082.56
5081.45
5079.24
5079.24
5078.13
5078.13
5077.02
5075.92
5075.92
5074.81
5074.81
5073.70
5072.59
5072.59
5071.49
5071.49
5070.38
5069.27
5069.27
5068.17
5067.06
5067.06
5065.95
5065.95
5064.85
5063.74
5063.74
5062.63
5062.63
5061.53
5060.42
5060.42
5059.31
5059.31
5058.21
5057.10
5057.10
5055.99
5054.89
5054.89
5053.78
5053.78
5052.67
5051.56
5051.56
5050.46
5049.35
5049.35
5048.24
5048.24
5047.14
5046.03
5046.03
5044.92
5044.92
5043.82
5042.71
5042.71
5041.60
5041.60
5040.50
5039.39
5039.39
5038.28
5038.28
5037.18
5036.07
5036.07
5034.96
5033.86
5033.86
5031.64
5031.64
5030.54
5029.43
5029.43
5028.32
5028.32
5027.21
5026.11
5026.11
5025.00
5025.00
5023.89
5022.79
5022.79
5021.68
5021.68
5020.57
5019.47
5019.47
5018.36
5017.25
5017.25
5016.15
5016.15
5015.04
5013.93
5013.93
5012.83
5012.83
5011.72
5010.61
5010.61
5009.51
5009.51
5008.40
5007.29
5007.29
5006.18
5006.18
5005.08
5003.97
5003.97
5002.86
5001.76
5001.76
5000.65
5000.65
4999.54
4998.44
4998.44
4997.33
4997.33
4996.22
4995.12
4995.12
4994.01
4994.01
4992.90
4991.80
4991.80
4990.69
4990.69
4989.58
4988.48
4988.48
4987.37
4987.37
4986.26
4984.05
4984.05
4982.94
4982.94
4981.83
4980.73
4980.73
4979.62
4979.62
4978.51
4977.41
4977.41
4976.30
4976.30
4975.19
4974.09
4974.09
4972.98
4972.98
4971.87
4970.77
4970.77
4969.66
4969.66
4968.55
4967.45
4967.45
4966.34
4966.34
4965.23
4964.13
4964.13
4963.02
4963.02
4961.91
4960.80
4960.80
4959.70
4959.70
4958.59
4957.48
4957.48
4956.38
4955.27
4955.27
4954.16
4954.16
4953.06
4951.95
4951.95
4950.84
4950.84
4949.74
4949.74
4948.63
4947.52
4947.52
4946.42
4946.42
4945.31
4944.20
4944.20
4943.10
4943.10
4941.99
4940.88
4940.88
4939.78
4939.78
4937.56
4936.45
4936.45
4935.35
4935.35
4934.24
4933.13
4933.13
4932.03
4932.03
4930.92
4929.81
4929.81
4928.71
4928.71
4927.60
4926.49
4926.49
4925.39
4925.39
4924.28
4923.17
4923.17
4922.07
4922.07
4920.96
4919.85
4919.85
4918.75
4918.75
4917.64
4916.53
4916.53
4915.42
4915.42
4914.32
4913.21
4913.21
4912.10
4912.10
4911.00
4909.89
4909.89
4908.78
4908.78
4907.68
4906.57
4906.57
4905.46
4905.46
4904.36
4903.25
4903.25
4902.14
4902.14
4901.04
4901.04
4899.93
4898.82
4898.82
4897.72
4897.72
4896.61
4895.50
4895.50
4894.40
4894.40
4893.29
4892.18
4892.18
4889.97
4889.97
4888.86
4888.86
4887.75
4886.65
4886.65
4885.54
4885.54
4884.43
4883.33
4883.33
4882.22
4882.22
4881.11
4880.01
4880.01
4878.90
4878.90
4877.79
4876.69
4876.69
4875.58
4875.58
4874.47
4873.37
4873.37
4872.26
4872.26
4871.15
4871.15
4870.05
4868.94
4868.94
4867.83
4867.83
4866.72
4865.62
4865.62
4864.51
4864.51
4863.40
4862.30
4862.30
4861.19
4861.19
4860.08
4858.98
4858.98
4857.87
4857.87
4856.76
4856.76
4855.66
4854.55
4854.55
4853.44
4853.44
4852.34
4851.23
4851.23
4850.12
4850.12
4849.02
4849.02
4847.91
4846.80
4846.80
4845.69
4845.69
4844.59
4842.37
4842.37
4841.27
4841.27
4840.16
4839.05
4839.05
4837.95
4837.95
4836.84
4836.84
4835.73
4834.63
4834.63
4833.52
4833.52
4832.41
4831.31
4831.31
4830.20
4830.20
4829.09
4827.99
4827.99
4826.88
4826.88
4825.77
4825.77
4824.67
4823.56
4823.56
4822.45
4822.45
4821.34
4821.34
4820.24
4819.13
4819.13
4818.02
4818.02
4816.92
4815.81
4815.81
4814.70
4814.70
4813.60
4812.49
4812.49
4811.38
4811.38
4810.28
4810.28
4809.17
4808.06
4808.06
4806.96
4806.96
4805.85
4804.74
4804.74
4803.64
4803.64
4802.53
4802.53
4801.42
4800.31
4800.31
4799.21
4799.21
4798.10
4798.10
4796.99
4794.78
4794.78
4793.67
4793.67
4792.57
4791.46
4791.46
4790.35
4790.35
4789.25
4789.25
4788.14
4787.03
4787.03
4785.93
4785.93
4784.82
4783.71
4783.71
4782.61
4782.61
4781.50
4781.50
4780.39
4779.29
4779.29
4778.18
4778.18
4777.07
4777.07
4775.96
4774.86
4774.86
4773.75
4773.75
4772.64
4771.54
4771.54
4770.43
4770.43
4769.32
4769.32
4768.22
4767.11
4767.11
4766.00
4766.00
4764.90
4764.90
4763.79
4762.68
4762.68
4761.58
4761.58
4760.47
4760.47
4759.36
4758.26
4758.26
4757.15
4757.15
4756.04
4754.93
4754.93
4753.83
4753.83
4752.72
4752.72
4751.61
4750.51
4750.51
4748.29
4748.29
4747.19
4747.19
4746.08
4744.97
4744.97
4743.87
4743.87
4742.76
4742.76
4741.65
4740.55
4740.55
4739.44
4739.44
4738.33
4738.33
4737.23
4736.12
4736.12
4735.01
4735.01
4733.91
4732.80
4732.80
4731.69
4731.69
4730.58
4730.58
4729.48
4729.48
4728.37
4727.26
4727.26
4726.16
4726.16
4725.05
4725.05
4723.94
4722.84
4722.84
4721.73
4721.73
4720.62
4719.52
4719.52
4718.41
4718.41
4717.30
4717.30
4716.20
4716.20
4715.09
4713.98
4713.98
4712.88
4712.88
4711.77
4711.77
4710.66
4709.55
4709.55
4708.45
4708.45
4707.34
4706.23
4706.23
4705.13
4705.13
4704.02
4704.02
4702.91
4702.91
4700.70
4699.59
4699.59
4698.49
4698.49
4697.38
4697.38
4696.27
4695.17
4695.17
4694.06
4694.06
4692.95
4692.95
4691.85
4690.74
4690.74
4689.63
4689.63
4688.53
4688.53
4687.42
4686.31
4686.31
4685.20
4685.20
4684.10
4684.10
4682.99
4681.88
4681.88
4680.78
4680.78
4679.67
4679.67
4678.56
4678.56
4677.46
4676.35
4676.35
4675.24
4675.24
4674.14
4674.14
4673.03
4671.92
4671.92
4670.82
4670.82
4669.71
4669.71
4668.60
4667.50
4667.50
4666.39
4666.39
4665.28
4665.28
4664.17
4663.07
4663.07
4661.96
4661.96
4660.85
4660.85
4659.75
4659.75
4658.64
4657.53
4657.53
4656.43
4656.43
4655.32
4655.32
4653.11
4652.00
4652.00
4650.89
4650.89
4649.79
4649.79
4648.68
4647.57
4647.57
4646.47
4646.47
4645.36
4645.36
4644.25
4644.25
4643.15
4642.04
4642.04
4640.93
4640.93
4639.82
4639.82
4638.72
4637.61
4637.61
4636.50
4636.50
4635.40
4635.40
4634.29
4634.29
4633.18
4632.08
4632.08
4630.97
4630.97
4629.86
4629.86
4628.76
4628.76
4627.65
4626.54
4626.54
4625.44
4625.44
4624.33
4624.33
4623.22
4622.12
4622.12
4621.01
4621.01
4619.90
4619.90
4618.79
4618.79
4617.69
4616.58
4616.58
4615.47
4615.47
4614.37
4614.37
4613.26
4613.26
4612.15
4611.05
4611.05
4609.94
4609.94
4608.83
4608.83
4606.62
4606.62
4605.51
4604.41
4604.41
4603.30
4603.30
4602.19
4602.19
4601.09
4599.98
4599.98
4598.87
4598.87
4597.77
4597.77
4596.66
4596.66
4595.55
4594.44
4594.44
4593.34
4593.34
4592.23
4592.23
4591.12
4591.12
4590.02
4590.02
4588.91
4587.80
4587.80
4586.70
4586.70
4585.59
4585.59
4584.48
4583.38
4583.38
4582.27
4582.27
4581.16
4581.16
4580.06
4580.06
4578.95
4577.84
4577.84
4576.74
4576.74
4575.63
4575.63
4574.52
4574.52
4573.41
4573.41
4572.31
4571.20
4571.20
4570.09
4570.09
4568.99
4568.99
4567.88
4566.77
4566.77
4565.67
4565.67
4564.56
4564.56
4563.45
4563.45
4562.35
4562.35
4561.24
4559.03
4559.03
4557.92
4557.92
4556.81
4556.81
4555.71
4555.71
4554.60
4553.49
4553.49
4552.39
4552.39
4551.28
4551.28
4550.17
4550.17
4549.06
4549.06
4547.96
4546.85
4546.85
4545.74
4545.74
4544.64
4544.64
4543.53
4543.53
4542.42
4541.32
4541.32
4540.21
4540.21
4539.10
4539.10
4538.00
4538.00
4536.89
4535.78
4535.78
4534.68
4534.68
4533.57
4533.57
4532.46
4532.46
4531.36
4531.36
4530.25
4530.25
4529.14
4528.04
4528.04
4526.93
4526.93
4525.82
4525.82
4524.71
4524.71
4523.61
4522.50
4522.50
4521.39
4521.39
4520.29
4520.29
4519.18
4519.18
4518.07
4518.07
4516.97
4515.86
4515.86
4514.75
4514.75
4513.65
4513.65
4511.43
4511.43
4510.33
4509.22
4509.22
4508.11
4508.11
4507.01
4507.01
4505.90
4505.90
4504.79
4504.79
4503.68
4502.58
4502.58
4501.47
4501.47
4500.36
4500.36
4499.26
4499.26
4498.15
4498.15
4497.04
4495.94
4495.94
4494.83
4494.83
4493.72
4493.72
4492.62
4492.62
4491.51
4491.51
4490.40
4490.40
4489.30
4488.19
4488.19
4487.08
4487.08
4485.98
4485.98
4484.87
4484.87
4483.76
4483.76
4482.66
4481.55
4481.55
4480.44
4480.44
4479.33
4479.33
4478.23
4478.23
4477.12
4477.12
4476.01
4476.01
4474.91
4473.80
4473.80
4472.69
4472.69
4471.59
4471.59
4470.48
4470.48
4469.37
4469.37
4468.27
4467.16
4467.16
4464.95
4464.95
4463.84
4463.84
4462.73
4462.73
4461.63
4461.63
4460.52
4460.52
4459.41
4458.30
4458.30
4457.20
4457.20
4456.09
4456.09
4454.98
4454.98
4453.88
4453.88
4452.77
4451.66
4451.66
4450.56
4450.56
4449.45
4449.45
4448.34
4448.34
4447.24
4447.24
4446.13
4446.13
4445.02
4445.02
4443.92
4442.81
4442.81
4441.70
4441.70
4440.60
4440.60
4439.49
4439.49
4438.38
4438.38
4437.28
4436.17
4436.17
4435.06
4435.06
4433.95
4433.95
4432.85
4432.85
4431.74
4431.74
4430.63
4430.63
4429.53
4428.42
4428.42
4427.31
4427.31
4426.21
4426.21
4425.10
4425.10
4423.99
4423.99
4422.89
4422.89
4421.78
4421.78
4420.67
4419.57
4419.57
4417.35
4417.35
4416.25
4416.25
4415.14
4415.14
4414.03
4414.03
4412.92
4412.92
4411.82
4410.71
4410.71
4409.60
4409.60
4408.50
4408.50
4407.39
4407.39
4406.28
4406.28
4405.18
4405.18
4404.07
4404.07
4402.96
4402.96
4401.86
4400.75
4400.75
4399.64
4399.64
4398.54
4398.54
4397.43
4397.43
4396.32
4396.32
4395.22
4395.22
4394.11
4394.11
4393.00
4391.90
4391.90
4390.79
4390.79
4389.68
4389.68
4388.57
4388.57
4387.47
4387.47
4386.36
4386.36
4385.25
4385.25
4384.15
4384.15
4383.04
4381.93
4381.93
4380.83
4380.83
4379.72
4379.72
4378.61
4378.61
4377.51
4377.51
4376.40
4376.40
4375.29
4375.29
4374.19
4374.19
4373.08
4371.97
4371.97
4369.76
4369.76
4368.65
4368.65
4367.54
4367.54
4366.44
4366.44
4365.33
4365.33
4364.22
4364.22
4363.12
4363.12
4362.01
4360.90
4360.90
4359.80
4359.80
4358.69
4358.69
4357.58
4357.58
4356.48
4356.48
4355.37
4355.37
4354.26
4354.26
4353.16
4353.16
4352.05
4350.94
4350.94
4349.84
4349.84
4348.73
4348.73
4347.62
4347.62
4346.52
4346.52
4345.41
4345.41
4344.30
4344.30
4343.19
4343.19
4342.09
4340.98
4340.98
4339.87
4339.87
4338.77
4338.77
4337.66
4337.66
4336.55
4336.55
4335.45
4335.45
4334.34
4334.34
4333.23
4333.23
4332.13
4332.13
4331.02
4329.91
4329.91
4328.81
4328.81
4327.70
4327.70
4326.59
4326.59
4325.49
4325.49
4324.38
4324.38
4322.16
4322.16
4321.06
4321.06
4319.95
4319.95
4318.84
4318.84
4317.74
4317.74
4316.63
4315.52
4315.52
4314.42
4314.42
4313.31
4313.31
4312.20
4312.20
4311.10
4311.10
4309.99
4309.99
4308.88
4308.88
4307.78
4307.78
4306.67
4306.67
4305.56
4305.56
4304.46
4304.46
4303.35
4302.24
4302.24
4301.14
4301.14
4300.03
4300.03
4298.92
4298.92
4297.81
4297.81
4296.71
4296.71
4295.60
4295.60
4294.49
4294.49
4293.39
4293.39
4292.28
4292.28
4291.17
4291.17
4290.07
4288.96
4288.96
4287.85
4287.85
4286.75
4286.75
4285.64
4285.64
4284.53
4284.53
4283.43
4283.43
4282.32
4282.32
4281.21
4281.21
4280.11
4280.11
4279.00
4279.00
4277.89
4277.89
4275.68
4275.68
4274.57
4274.57
4273.46
4272.36
4272.36
4271.25
4271.25
4270.14
4270.14
4269.04
4269.04
4267.93
4267.93
4266.82
4266.82
4265.72
4265.72
4264.61
4264.61
4263.50
4263.50
4262.40
4262.40
4261.29
4261.29
4260.18
4260.18
4259.08
4259.08
4257.97
4257.97
4256.86
4256.86
4255.76
4254.65
4254.65
4253.54
4253.54
4252.43
4252.43
4251.33
4251.33
4250.22
4250.22
4249.11
4249.11
4248.01
4248.01
4246.90
4246.90
4245.79
4245.79
4244.69
4244.69
4243.58
4243.58
4242.47
4242.47
4241.37
4241.37
4240.26
4240.26
4239.15
4239.15
4238.05
4238.05
4236.94
4236.94
4235.83
4234.73
4234.73
4233.62
4233.62
4232.51
4232.51
4231.41
4231.41
4230.30
4230.30
4228.08
4228.08
4226.98
4226.98
4225.87
4225.87
4224.76
4224.76
4223.66
4223.66
4222.55
4222.55
4221.44
4221.44
4220.34
4220.34
4219.23
4219.23
4218.12
4218.12
4217.02
4217.02
4215.91
4215.91
4214.80
4214.80
4213.70
4213.70
4212.59
4212.59
4211.48
4210.38
4210.38
4210.38
4209.27
4208.16
4208.16
4207.05
4207.05
4205.95
4205.95
4204.84
4204.84
4203.73
4203.73
4202.63
4202.63
4201.52
4201.52
4200.41
4200.41
4199.31
4199.31
4198.20
4198.20
4197.09
4197.09
4195.99
4195.99
4194.88
4194.88
4193.77
4193.77
4192.67
4192.67
4191.56
4191.56
4190.45
4190.45
4189.35
4189.35
4188.24
4188.24
4187.13
4187.13
4186.03
4186.03
4184.92
4184.92
4183.81
4183.81
4182.70
4182.70
4180.49
4180.49
4179.38
4179.38
4178.28
4178.28
4177.17
4177.17
4176.06
4176.06
4174.96
4174.96
4173.85
4172.74
4172.74
4172.74
4171.64
4170.53
4170.53
4169.42
4169.42
4168.32
4168.32
4167.21
4167.21
4166.10
4166.10
4165.00
4165.00
4163.89
4163.89
4162.78
4162.78
4161.67
4161.67
4160.57
4160.57
4159.46
4159.46
4158.35
4158.35
4157.25
4157.25
4156.14
4156.14
4155.03
4155.03
4153.93
4153.93
4152.82
4152.82
4151.71
4151.71
4150.61
4150.61
4149.50
4149.50
4148.39
4148.39
4147.29
4147.29
4146.18
4146.18
4145.07
4145.07
4143.97
4143.97
4142.86
4142.86
4141.75
4141.75
4140.65
4140.65
4139.54
4139.54
4138.43
4138.43
4137.32
4137.32
4136.22
4136.22
4134.00
4134.00
4132.90
4132.90
4131.79
4131.79
4130.68
4130.68
4129.58
4129.58
4128.47
4128.47
4127.36
4127.36
4126.26
4126.26
4125.15
4125.15
4124.04
4124.04
4122.94
4122.94
4121.83
4121.83
4120.72
4120.72
4119.62
4119.62
4118.51
4118.51
4117.40
4117.40
4116.29
4116.29
4115.19
4115.19
4114.08
4114.08
4112.97
4112.97
4111.87
4111.87
4110.76
4110.76
4109.65
4109.65
4108.55
4108.55
4107.44
4107.44
4106.33
4106.33
4105.23
4105.23
4104.12
4104.12
4103.01
4103.01
4101.91
4101.91
4100.80
4100.80
4099.69
4099.69
4098.59
4098.59
4097.48
4097.48
4096.37
4096.37
4095.27
4095.27
4094.16
4094.16
4093.05
4093.05
4091.94
4091.94
4090.84
4090.84
4089.73
4089.73
4088.62
4088.62
4086.41
4086.41
4085.30
4085.30
4084.20
4084.20
4084.20
4083.09
4081.98
4081.98
4080.88
4080.88
4080.88
4079.77
4079.77
4078.66
4078.66
4077.56
4077.56
4076.45
4076.45
4075.34
4075.34
4074.24
4074.24
4073.13
4073.13
4072.02
4072.02
4070.91
4070.91
4069.81
4069.81
4068.70
4068.70
4067.59
4067.59
4066.49
4066.49
4065.38
4065.38
4064.27
4064.27
4063.17
4063.17
4062.06
4062.06
4060.95
4060.95
4059.85
4059.85
4058.74
4058.74
4057.63
4057.63
4056.53
4056.53
4055.42
4055.42
4054.31
4054.31
4053.21
4053.21
4052.10
4052.10
4050.99
4050.99
4049.89
4049.89
4048.78
4048.78
4047.67
4047.67
4047.67
4046.56
4046.56
4045.46
4044.35
4044.35
4044.35
4043.24
4043.24
4042.14
4042.14
4041.03
4041.03
4038.82
4038.82
4037.71
4037.71
4036.60
4036.60
4035.50
4035.50
4034.39
4034.39
4033.28
4033.28
4032.18
4032.18
4031.07
4031.07
4029.96
4029.96
4028.86
4028.86
4027.75
4027.75
4026.64
4026.64
4025.53
4025.53
4024.43
4024.43
4023.32
4023.32
4022.21
4022.21
4021.11
4021.11
4020.00
4020.00
4020.00
4018.89
4018.89
4017.79
4017.79
4016.68
4016.68
4015.57
4015.57
4014.47
4014.47
4013.36
4013.36
4012.25
4012.25
4011.15
4011.15
4010.04
4010.04
4008.93
4008.93
4007.83
4007.83
4006.72
4006.72
4005.61
4005.61
4004.51
4004.51
4003.40
4003.40
4003.40
4002.29
4002.29
4001.18
4001.18
4000.08
4000.08
3998.97
3998.97
3997.86
3997.86
3996.76
3996.76
3995.65
3995.65
3994.54
3994.54
3992.33
3992.33
3991.22
3991.22
3990.12
3990.12
3989.01
3989.01
3987.90
3987.90
3986.80
3986.80
3985.69
3985.69
3985.69
3984.58
3984.58
3983.48
3983.48
3982.37
3982.37
3981.26
3981.26
3980.15
3980.15
3979.05
3979.05
3977.94
3977.94
3976.83
3976.83
3975.73
3975.73
3974.62
3974.62
3973.51
3973.51
3972.41
3972.41
3971.30
3971.30
3970.19
3970.19
3969.09
3969.09
3969.09
3967.98
3967.98
3966.87
3966.87
3965.77
3965.77
3964.66
3964.66
3963.55
3963.55
3962.45
3962.45
3961.34
3961.34
3960.23
3960.23
3959.13
3959.13
3958.02
3958.02
3956.91
3956.91
3955.80
3955.80
3955.80
3954.70
3954.70
3953.59
3953.59
3952.48
3952.48
3951.38
3951.38
3950.27
3950.27
3949.16
3949.16
3948.06
3948.06
3946.95
3946.95
3944.74
3944.74
3943.63
3943.63
3943.63
3942.52
3942.52
3941.42
3941.42
3940.31
3940.31
3939.20
3939.20
3938.10
3938.10
3936.99
3936.99
3935.88
3935.88
3934.78
3934.78
3933.67
3933.67
3932.56
3932.56
3931.45
3931.45
3931.45
3930.35
3930.35
3929.24
3929.24
3928.13
3928.13
3927.03
3927.03
3925.92
3925.92
3924.81
3924.81
3923.71
3923.71
3922.60
3922.60
3921.49
3921.49
3921.49
3920.39
3920.39
3919.28
3919.28
3918.17
3918.17
3917.07
3917.07
3915.96
3915.96
3914.85
3914.85
3913.75
3913.75
3912.64
3912.64
3911.53
3911.53
3911.53
3910.42
3910.42
3909.32
3909.32
3908.21
3908.21
3907.10
3907.10
3906.00
3906.00
3904.89
3904.89
3903.78
3903.78
3902.68
3902.68
3901.57
3901.57
3901.57
3900.46
3900.46
3899.36
3899.36
3897.14
3897.14
3896.04
3896.04
3894.93
3894.93
3893.82
3893.82
3892.72
3892.72
3891.61
3891.61
3890.50
3890.50
3890.50
3889.40
3889.40
3888.29
3888.29
3887.18
3887.18
3886.07
3886.07
3884.97
3884.97
3883.86
3883.86
3882.75
3882.75
3881.65
3881.65
3881.65
3880.54
3880.54
3879.43
3879.43
3878.33
3878.33
3877.22
3877.22
3876.11
3876.11
3875.01
3875.01
3873.90
3873.90
3873.90
3872.79
3872.79
3871.69
3871.69
3870.58
3870.58
3869.47
3869.47
3868.37
3868.37
3867.26
3867.26
3866.15
3866.15
3865.04
3865.04
3863.94
3863.94
3863.94
3862.83
3862.83
3861.72
3861.72
3860.62
3860.62
3859.51
3859.51
3858.40
3858.40
3857.30
3857.30
3857.30
3856.19
3856.19
3855.08
3855.08
3853.98
3853.98
3852.87
3852.87
3850.66
3850.66
3849.55
3849.55
3848.44
3848.44
3848.44
3847.34
3847.34
3846.23
3846.23
3845.12
3845.12
3844.02
3844.02
3842.91
3842.91
3841.80
3841.80
3840.69
3840.69
3839.59
3839.59
3839.59
3838.48
3838.48
3837.37
3837.37
3836.27
3836.27
3835.16
3835.16
3834.05
3834.05
3832.95
3832.95
3832.95
3831.84
3831.84
3830.73
3830.73
3829.63
3829.63
3828.52
3828.52
3827.41
3827.41
3826.31
3826.31
3826.31
3825.20
3825.20
3824.09
3824.09
3822.99
3822.99
3821.88
3821.88
3820.77
3820.77
3819.66
3819.66
3819.66
3818.56
3818.56
3817.45
3817.45
3816.34
3816.34
3815.24
3815.24
3814.13
3814.13
3813.02
3813.02
3813.02
3811.92
3811.92
3810.81
3810.81
3809.70
3809.70
3808.60
3808.60
3807.49
3807.49
3806.38
3806.38
3806.38
3805.28
3805.28
3803.06
3803.06
3801.96
3801.96
3800.85
3800.85
3799.74
3799.74
3798.64
3798.64
3798.64
3797.53
3797.53
3796.42
3796.42
3795.31
3795.31
3794.21
3794.21
3793.10
3793.10
3791.99
3791.99
3791.99
3790.89
3790.89
3789.78
3789.78
3788.67
3788.67
3787.57
3787.57
3786.46
3786.46
3785.35
3785.35
3785.35
3784.25
3784.25
3783.14
3783.14
3782.03
3782.03
3780.93
3780.93
3779.82
3779.82
3778.71
3778.71
3778.71
3777.61
3777.61
3776.50
3776.50
3775.39
3775.39
3774.28
3774.28
3773.18
3773.18
3773.18
3772.07
3772.07
3770.96
3770.96
3769.86
3769.86
3768.75
3768.75
3767.64
3767.64
3767.64
3766.54
3766.54
3765.43
3765.43
3764.32
3764.32
3763.22
3763.22
3762.11
3762.11
3762.11
3761.00
3761.00
3759.90
3759.90
3758.79
3758.79
3757.68
3757.68
3755.47
3755.47
3755.47
3754.36
3754.36
3753.26
3753.26
3752.15
3752.15
3751.04
3751.04
3749.93
3749.93
3749.93
3748.83
3748.83
3747.72
3747.72
3746.61
3746.61
3745.51
3745.51
3744.40
3744.40
3744.40
3743.29
3743.29
3742.19
3742.19
3741.08
3741.08
3739.97
3739.97
3738.87
3738.87
3738.87
3737.76
3737.76
3736.65
3736.65
3735.55
3735.55
3734.44
3734.44
3734.44
3733.33
3733.33
3732.23
3732.23
3731.12
3731.12
3730.01
3730.01
3728.90
3728.90
3727.80
3727.80
3727.80
3726.69
3726.69
3725.58
3725.58
3724.48
3724.48
3723.37
3723.37
3723.37
3722.26
3722.26
3721.16
3721.16
3720.05
3720.05
3718.94
3718.94
3717.84
3717.84
3717.84
3716.73
3716.73
3715.62
3715.62
3714.52
3714.52
3713.41
3713.41
3713.41
3712.30
3712.30
3711.20
3711.20
3710.09
3710.09
3707.88
3707.88
3706.77
3706.77
3706.77
3705.66
3705.66
3704.55
3704.55
3703.45
3703.45
3702.34
3702.34
3702.34
3701.23
3701.23
3700.13
3700.13
3699.02
3699.02
3697.91
3697.91
3696.81
3696.81
3696.81
3695.70
3695.70
3694.59
3694.59
3693.49
3693.49
3693.49
3692.38
3692.38
3691.27
3691.27
3690.17
3690.17
3689.06
3689.06
3687.95
3687.95
3687.95
3686.85
3686.85
3685.74
3685.74
3684.63
3684.63
3683.52
3683.52
3683.52
3682.42
3682.42
3681.31
3681.31
3680.20
3680.20
3679.10
3679.10
3679.10
3677.99
3677.99
3676.88
3676.88
3675.78
3675.78
3674.67
3674.67
3674.67
3673.56
3673.56
3672.46
3672.46
3671.35
3671.35
3670.24
3670.24
3670.24
3669.14
3669.14
3668.03
3668.03
3666.92
3666.92
3665.82
3665.82
3665.82
3664.71
3664.71
3663.60
3663.60
3661.39
3661.39
3660.28
3660.28
3660.28
3659.17
3659.17
3658.07
3658.07
3656.96
3656.96
3655.85
3655.85
3655.85
3654.75
3654.75
3653.64
3653.64
3652.53
3652.53
3651.43
3651.43
3651.43
3650.32
3650.32
3649.21
3649.21
3648.11
3648.11
3647.00
3647.00
3647.00
3645.89
3645.89
3644.79
3644.79
3643.68
3643.68
3642.57
3642.57
3642.57
3641.47
3641.47
3640.36
3640.36
3639.25
3639.25
3639.25
3638.14
3638.14
3637.04
3637.04
3635.93
3635.93
3634.82
3634.82
3634.82
3633.72
3633.72
3632.61
3632.61
3631.50
3631.50
3630.40
3630.40
3630.40
3629.29
3629.29
3628.18
3628.18
3627.08
3627.08
3627.08
3625.97
3625.97
3624.86
3624.86
3623.76
3623.76
3623.76
3622.65
3622.65
3621.54
3621.54
3620.44
3620.44
3619.33
3619.33
3619.33
3618.22
3618.22
3617.12
3617.12
3616.01
3616.01
3613.79
3613.79
3613.79
3612.69
3612.69
3611.58
3611.58
3610.47
3610.47
3610.47
3609.37
3609.37
3608.26
3608.26
3607.15
3607.15
3606.05
3606.05
3606.05
3604.94
3604.94
3603.83
3603.83
3602.73
3602.73
3602.73
3601.62
3601.62
3600.51
3600.51
3599.41
3599.41
3599.41
3598.30
3598.30
3597.19
3597.19
3596.09
3596.09
3594.98
3594.98
3594.98
3593.87
3593.87
3592.77
3592.77
3591.66
3591.66
3591.66
3590.55
3590.55
3589.44
3589.44
3588.34
3588.34
3587.23
3587.23
3587.23
3586.12
3586.12
3585.02
3585.02
3583.91
3583.91
3583.91
3582.80
3582.80
3581.70
3581.70
3580.59
3580.59
3580.59
3579.48
3579.48
3578.38
3578.38
3577.27
3577.27
3576.16
3576.16
3576.16
3575.06
3575.06
3573.95
3573.95
3572.84
3572.84
3572.84
3571.74
3571.74
3570.63
3570.63
3569.52
3569.52
3569.52
3568.41
3568.41
3566.20
3566.20
3565.09
3565.09
3565.09
3563.99
3563.99
3562.88
3562.88
3561.77
3561.77
3561.77
3560.67
3560.67
3559.56
3559.56
3558.45
3558.45
3558.45
3557.35
3557.35
3556.24
3556.24
3555.13
3555.13
3555.13
3554.03
3554.03
3552.92
3552.92
3551.81
3551.81
3551.81
3550.71
3550.71
3549.60
3549.60
3548.49
3548.49
3547.39
3547.39
3547.39
3546.28
3546.28
3545.17
3545.17
3544.06
3544.06
3544.06
3542.96
3542.96
3541.85
3541.85
3540.74
3540.74
3540.74
3539.64
3539.64
3538.53
3538.53
3537.42
3537.42
3537.42
3536.32
3536.32
3535.21
3535.21
3534.10
3534.10
3534.10
3533.00
3533.00
3531.89
3531.89
3530.78
3530.78
3530.78
3529.68
3529.68
3528.57
3528.57
3528.57
3527.46
3527.46
3526.36
3526.36
3525.25
3525.25
3525.25
3524.14
3524.14
3523.03
3523.03
3521.93
3521.93
3521.93
3519.71
3519.71
3518.61
3518.61
3517.50
3517.50
3517.50
3516.39
3516.39
3515.29
3515.29
3514.18
3514.18
3514.18
3513.07
3513.07
3511.97
3511.97
3510.86
3510.86
3510.86
3509.75
3509.75
3508.65
3508.65
3507.54
3507.54
3507.54
3506.43
3506.43
3505.33
3505.33
3504.22
3504.22
3504.22
3503.11
3503.11
3502.01
3502.01
3500.90
3500.90
3500.90
3499.79
3499.79
3498.68
3498.68
3497.58
3497.58
3497.58
3496.47
3496.47
3495.36
3495.36
3495.36
3494.26
3494.26
3493.15
3493.15
3492.04
3492.04
3492.04
3490.94
3490.94
3489.83
3489.83
3488.72
3488.72
3488.72
3487.62
3487.62
3486.51
3486.51
3486.51
3485.40
3485.40
3484.30
3484.30
3483.19
3483.19
3483.19
3482.08
3482.08
3480.98
3480.98
3479.87
3479.87
3479.87
3478.76
3478.76
3477.65
3477.65
3477.65
3476.55
3476.55
3475.44
3475.44
3474.33
3474.33
3474.33
3472.12
3472.12
3471.01
3471.01
3469.91
3469.91
3469.91
3468.80
3468.80
3467.69
3467.69
3466.59
3466.59
3466.59
3465.48
3465.48
3464.37
3464.37
3464.37
3463.27
3463.27
3462.16
3462.16
3461.05
3461.05
3461.05
3459.95
3459.95
3458.84
3458.84
3458.84
3457.73
3457.73
3456.63
3456.63
3455.52
3455.52
3455.52
3454.41
3454.41
3453.30
3453.30
3453.30
3452.20
3452.20
3451.09
3451.09
3449.98
3449.98
3449.98
3448.88
3448.88
3447.77
3447.77
3446.66
3446.66
3446.66
3445.56
3445.56
3444.45
3444.45
3444.45
3443.34
3443.34
3442.24
3442.24
3441.13
3441.13
3441.13
3440.02
3440.02
3438.92
3438.92
3438.92
3437.81
3437.81
3436.70
3436.70
3436.70
3435.60
3435.60
3434.49
3434.49
3433.38
3433.38
3433.38
3432.27
3432.27
3431.17
3431.17
3430.06
3430.06
3430.06
3428.95
3428.95
3427.85
3427.85
3427.85
3426.74
3426.74
3424.53
3424.53
3424.53
3423.42
3423.42
3422.31
3422.31
3421.21
3421.21
3421.21
3420.10
3420.10
3418.99
3418.99
3418.99
3417.89
3417.89
3416.78
3416.78
3415.67
3415.67
3415.67
3414.57
3414.57
3413.46
3413.46
3413.46
3412.35
3412.35
3411.25
3411.25
3411.25
3410.14
3410.14
3409.03
3409.03
3407.92
3407.92
3407.92
3406.82
3406.82
3405.71
3405.71
3405.71
3404.60
3404.60
3403.50
3403.50
3402.39
3402.39
3402.39
3401.28
3401.28
3400.18
3400.18
3400.18
3399.07
3399.07
3397.96
3397.96
3397.96
3396.86
3396.86
3395.75
3395.75
3395.75
3394.64
3394.64
3393.54
3393.54
3392.43
3392.43
3392.43
3391.32
3391.32
3390.22
3390.22
3390.22
3389.11
3389.11
3388.00
3388.00
3388.00
3386.89
3386.89
3385.79
3385.79
3384.68
3384.68
3384.68
3383.57
3383.57
3382.47
3382.47
3382.47
3381.36
3381.36
3380.25
3380.25
3380.25
3378.04
3378.04
3376.93
3376.93
3376.93
3375.83
3375.83
3374.72
3374.72
3373.61
3373.61
3373.61
3372.51
3372.51
3371.40
3371.40
3371.40
3370.29
3370.29
3369.19
3369.19
3369.19
3368.08
3368.08
3366.97
3366.97
3366.97
3365.87
3365.87
3364.76
3364.76
3364.76
3363.65
3363.65
3362.54
3362.54
3361.44
3361.44
3361.44
3360.33
3360.33
3359.22
3359.22
3359.22
3358.12
3358.12
3357.01
3357.01
3357.01
3355.90
3355.90
3354.80
3354.80
3354.80
3353.69
3353.69
3352.58
3352.58
3351.48
3351.48
3351.48
3350.37
3350.37
3349.26
3349.26
3349.26
3348.16
3348.16
3347.05
3347.05
3347.05
3345.94
3345.94
3344.84
3344.84
3344.84
3343.73
3343.73
3342.62
3342.62
3342.62
3341.51
3341.51
3340.41
3340.41
3340.41
3339.30
3339.30
3338.19
3338.19
3338.19
3337.09
3337.09
3335.98
3335.98
3334.87
3334.87
3334.87
3333.77
3333.77
3332.66
3332.66
3332.66
3330.45
3330.45
3330.45
3329.34
3329.34
3328.23
3328.23
3327.13
3327.13
3327.13
3326.02
3326.02
3324.91
3324.91
3324.91
3323.81
3323.81
3322.70
3322.70
3322.70
3321.59
3321.59
3320.49
3320.49
3320.49
3319.38
3319.38
3318.27
3318.27
3318.27
3317.16
3317.16
3316.06
3316.06
3316.06
3314.95
3314.95
3313.84
3313.84
3313.84
3312.74
3312.74
3311.63
3311.63
3311.63
3310.52
3310.52
3309.42
3309.42
3309.42
3308.31
3308.31
3307.20
3307.20
3307.20
3306.10
3306.10
3304.99
3304.99
3304.99
3303.88
3303.88
3302.78
3302.78
3302.78
3301.67
3301.67
3300.56
3300.56
3300.56
3299.46
3299.46
3298.35
3298.35
3298.35
3297.24
3297.24
3296.14
3296.14
3296.14
3295.03
3295.03
3293.92
3293.92
3293.92
3292.81
3292.81
3291.71
3291.71
3291.71
3290.60
3290.60
3289.49
3289.49
3289.49
3288.39
3288.39
3287.28
3287.28
3287.28
3286.17
3286.17
3285.07
3285.07
3285.07
3282.85
3282.85
3281.75
3281.75
3281.75
3280.64
3280.64
3279.53
3279.53
3279.53
3278.43
3278.43
3277.32
3277.32
3277.32
3276.21
3276.21
3275.11
3275.11
3275.11
3274.00
3274.00
3272.89
3272.89
3272.89
3271.78
3271.78
3270.68
3270.68
3270.68
3269.57
3269.57
3269.57
3268.46
3268.46
3267.36
3267.36
3267.36
3266.25
3266.25
3265.14
3265.14
3265.14
3264.04
3264.04
3262.93
3262.93
3262.93
3261.82
3261.82
3260.72
3260.72
3260.72
3259.61
3259.61
3258.50
3258.50
3258.50
3257.40
3257.40
3256.29
3256.29
3256.29
3255.18
3255.18
3254.08
3254.08
3254.08
3252.97
3252.97
3252.97
3251.86
3251.86
3250.76
3250.76
3250.76
3249.65
3249.65
3248.54
3248.54
3248.54
3247.43
3247.43
3246.33
3246.33
3246.33
3245.22
3245.22
3244.11
3244.11
3244.11
3243.01
3243.01
3241.90
3241.90
3241.90
3240.79
3240.79
3239.69
3239.69
3239.69
3238.58
3238.58
3238.58
3236.37
3236.37
3235.26
3235.26
3235.26
3234.15
3234.15
3233.05
3233.05
3233.05
3231.94
3231.94
3230.83
3230.83
3230.83
3229.73
3229.73
3228.62
3228.62
3228.62
3227.51
3227.51
3227.51
3226.40
3226.40
3225.30
3225.30
3225.30
3224.19
3224.19
3223.08
3223.08
3223.08
3221.98
3221.98
3220.87
3220.87
3220.87
3219.76
3219.76
3218.66
3218.66
3218.66
3217.55
3217.55
3217.55
3216.44
3216.44
3215.34
3215.34
3215.34
3214.23
3214.23
3213.12
3213.12
3213.12
3212.02
3212.02
3212.02
3210.91
3210.91
3209.80
3209.80
3209.80
3208.70
3208.70
3207.59
3207.59
3207.59
3206.48
3206.48
3205.38
3205.38
3205.38
3204.27
3204.27
3203.16
3203.16
3203.16
3202.05
3202.05
3202.05
3200.95
3200.95
3199.84
3199.84
3199.84
3198.73
3198.73
3197.63
3197.63
3197.63
3196.52
3196.52
3195.41
3195.41
3195.41
3194.31
3194.31
3194.31
3193.20
3193.20
3192.09
3192.09
3192.09
3190.99
3190.99
3188.77
3188.77
3188.77
3187.67
3187.67
3187.67
3186.56
3186.56
3185.45
3185.45
3185.45
3184.35
3184.35
3183.24
3183.24
3183.24
3182.13
3182.13
3182.13
3181.02
3181.02
3179.92
3179.92
3179.92
3178.81
3178.81
3177.70
3177.70
3177.70
3176.60
3176.60
3176.60
3175.49
3175.49
3174.38
3174.38
3174.38
3173.28
3173.28
3172.17
3172.17
3172.17
3171.06
3171.06
3171.06
3169.96
3169.96
3168.85
3168.85
3168.85
3167.74
3167.74
3166.64
3166.64
3166.64
3165.53
3165.53
3165.53
3164.42
3164.42
3163.32
3163.32
3163.32
3162.21
3162.21
3161.10
3161.10
3161.10
3160.00
3160.00
3160.00
3158.89
3158.89
3157.78
3157.78
3157.78
3156.67
3156.67
3156.67
3155.57
3155.57
3154.46
3154.46
3154.46
3153.35
3153.35
3152.25
3152.25
3152.25
3151.14
3151.14
3151.14
3150.03
3150.03
3148.93
3148.93
3148.93
3147.82
3147.82
3147.82
3146.71
3146.71
3145.61
3145.61
3145.61
3144.50
3144.50
3143.39
3143.39
3143.39
3141.18
3141.18
3141.18
3140.07
3140.07
3138.97
3138.97
3138.97
3137.86
3137.86
3136.75
3136.75
3136.75
3135.64
3135.64
3135.64
3134.54
3134.54
3133.43
3133.43
3133.43
3132.32
3132.32
3132.32
3131.22
3131.22
3130.11
3130.11
3130.11
3129.00
3129.00
3129.00
3127.90
3127.90
3126.79
3126.79
3126.79
3125.68
3125.68
3124.58
3124.58
3124.58
3123.47
3123.47
3123.47
3122.36
3122.36
3121.26
3121.26
3121.26
3120.15
3120.15
3120.15
3119.04
3119.04
3117.94
3117.94
3117.94
3116.83
3116.83
3116.83
3115.72
3115.72
3114.62
3114.62
3114.62
3113.51
3113.51
3113.51
3112.40
3112.40
3111.29
3111.29
3111.29
3110.19
3110.19
3110.19
3109.08
3109.08
3107.97
3107.97
3107.97
3106.87
3106.87
3106.87
3105.76
3105.76
3104.65
3104.65
3104.65
3103.55
3103.55
3103.55
3102.44
3102.44
3101.33
3101.33
3101.33
3100.23
3100.23
3100.23
3099.12
3099.12
3098.01
3098.01
3098.01
3096.91
3096.91
3096.91
3095.80
3095.80
3093.59
3093.59
3093.59
3092.48
3092.48
3092.48
3091.37
3091.37
3090.26
3090.26
3090.26
3089.16
3089.16
3089.16
3088.05
3088.05
3086.94
3086.94
3086.94
3085.84
3085.84
3085.84
3084.73
3084.73
3083.62
3083.62
3083.62
3082.52
3082.52
3082.52
3081.41
3081.41
3080.30
3080.30
3080.30
3079.20
3079.20
3079.20
3078.09
3078.09
3076.98
3076.98
3076.98
3075.88
3075.88
3075.88
3074.77
3074.77
3073.66
3073.66
3073.66
3072.56
3072.56
3072.56
3071.45
3071.45
3070.34
3070.34
3070.34
3069.24
3069.24
3069.24
3068.13
3068.13
3067.02
3067.02
3067.02
3065.91
3065.91
3065.91
3064.81
3064.81
3064.81
3063.70
3063.70
3062.59
3062.59
3062.59
3061.49
3061.49
3061.49
3060.38
3060.38
3059.27
3059.27
3059.27
3058.17
3058.17
3058.17
3057.06
3057.06
3055.95
3055.95
3055.95
3054.85
3054.85
3054.85
3053.74
3053.74
3052.63
3052.63
3052.63
3051.53
3051.53
3051.53
3050.42
3050.42
3050.42
3049.31
3049.31
3047.10
3047.10
3047.10
3045.99
3045.99
3045.99
3044.88
3044.88
3044.88
3043.78
3043.78
3042.67
3042.67
3042.67
3041.56
3041.56
3041.56
3040.46
3040.46
3039.35
3039.35
3039.35
3038.24
3038.24
3038.24
3037.14
3037.14
3036.03
3036.03
3036.03
3034.92
3034.92
3034.92
3033.82
3033.82
3033.82
3032.71
3032.71
3031.60
3031.60
3031.60
3030.50
3030.50
3030.50
3029.39
3029.39
3028.28
3028.28
3028.28
3027.18
3027.18
3027.18
3026.07
3026.07
3026.07
3024.96
3024.96
3024.96
3023.86
3023.86
3022.75
3022.75
3022.75
3021.64
3021.64
3021.64
3020.53
3020.53
3019.43
3019.43
3019.43
3018.32
3018.32
3018.32
3017.21
3017.21
3017.21
3016.11
3016.11
3015.00
3015.00
3015.00
3013.89
3013.89
3013.89
3012.79
3012.79
3011.68
3011.68
3011.68
3010.57
3010.57
3010.57
3009.47
3009.47
3009.47
3008.36
3008.36
3008.36
3007.25
3007.25
3006.15
3006.15
3006.15
3005.04
3005.04
3005.04
3003.93
3003.93
3002.83
3002.83
3002.83
3001.72
3001.72
3001.72
2999.50
2999.50
2999.50
2998.40
2998.40
2997.29
2997.29
2997.29
2996.18
2996.18
2996.18
2995.08
2995.08
2995.08
2993.97
2993.97
2993.97
2992.86
2992.86
2991.76
2991.76
2991.76
2990.65
2990.65
2990.65
2989.54
2989.54
2989.54
2988.44
2988.44
2987.33
2987.33
2987.33
2986.22
2986.22
2986.22
2985.12
2985.12
2985.12
2984.01
2984.01
2982.90
2982.90
2982.90
2981.80
2981.80
2981.80
2980.69
2980.69
2980.69
2979.58
2979.58
2978.48
2978.48
2978.48
2977.37
2977.37
2977.37
2976.26
2976.26
2976.26
2975.15
2975.15
2974.05
2974.05
2974.05
2972.94
2972.94
2972.94
2971.83
2971.83
2971.83
2970.73
2970.73
2970.73
2969.62
2969.62
2968.51
2968.51
2968.51
2967.41
2967.41
2967.41
2966.30
2966.30
2966.30
2965.19
2965.19
2964.09
2964.09
2964.09
2962.98
2962.98
2962.98
2961.87
2961.87
2961.87
2960.77
2960.77
2960.77
2959.66
2959.66
2958.55
2958.55
2958.55
2957.45
2957.45
2957.45
2956.34
2956.34
2956.34
2955.23
2955.23
2955.23
2954.13
2954.13
2954.13
2951.91
2951.91
2950.80
2950.80
2950.80
2949.70
2949.70
2949.70
2948.59
2948.59
2948.59
2947.48
2947.48
2946.38
2946.38
2946.38
2945.27
2945.27
2945.27
2944.16
2944.16
2944.16
2943.06
2943.06
2943.06
2941.95
2941.95
2940.84
2940.84
2940.84
2939.74
2939.74
2939.74
2938.63
2938.63
2938.63
2937.52
2937.52
2937.52
2936.42
2936.42
2936.42
2935.31
2935.31
2934.20
2934.20
2934.20
2933.10
2933.10
2933.10
2931.99
2931.99
2931.99
2930.88
2930.88
2929.77
2929.77
2929.77
2928.67
2928.67
2928.67
2927.56
2927.56
2927.56
2926.45
2926.45
2926.45
2925.35
2925.35
2925.35
2924.24
2924.24
2923.13
2923.13
2923.13
2922.03
2922.03
2922.03
2920.92
2920.92
2920.92
2919.81
2919.81
2919.81
2918.71
2918.71
2918.71
2917.60
2917.60
2916.49
2916.49
2916.49
2915.39
2915.39
2915.39
2914.28
2914.28
2914.28
2913.17
2913.17
2913.17
2912.07
2912.07
2912.07
2910.96
2910.96
2909.85
2909.85
2909.85
2908.75
2908.75
2908.75
2907.64
2907.64
2907.64
2905.42
2905.42
2905.42
2904.32
2904.32
2904.32
2903.21
2903.21
2902.10
2902.10
2902.10
2901.00
2901.00
2901.00
2899.89
2899.89
2899.89
2898.78
2898.78
2898.78
2897.68
2897.68
2897.68
2896.57
2896.57
2895.46
2895.46
2895.46
2895.46
2894.36
2894.36
2893.25
2893.25
2893.25
2892.14
2892.14
2892.14
2891.04
2891.04
2891.04
2889.93
2889.93
2889.93
2888.82
2888.82
2888.82
2887.72
2887.72
2886.61
2886.61
2886.61
2885.50
2885.50
2885.50
2884.39
2884.39
2884.39
2883.29
2883.29
2883.29
2882.18
2882.18
2882.18
2881.07
2881.07
2881.07
2879.97
2879.97
2878.86
2878.86
2878.86
2877.75
2877.75
2877.75
2876.65
2876.65
2876.65
2875.54
2875.54
2875.54
2874.43
2874.43
2874.43
2873.33
2873.33
2873.33
2872.22
2872.22
2872.22
2871.11
2871.11
2870.01
2870.01
2870.01
2868.90
2868.90
2868.90
2867.79
2867.79
2867.79
2866.69
2866.69
2866.69
2865.58
2865.58
2865.58
2864.47
2864.47
2864.47
2863.37
2863.37
2862.26
2862.26
2862.26
2862.26
2861.15
2861.15
2860.04
2860.04
2860.04
2857.83
2857.83
2857.83
2856.72
2856.72
2856.72
2855.62
2855.62
2855.62
2854.51
2854.51
2854.51
2853.40
2853.40
2853.40
2852.30
2852.30
2851.19
2851.19
2851.19
2851.19
2850.08
2850.08
2848.98
2848.98
2848.98
2847.87
2847.87
2847.87
2846.76
2846.76
2846.76
2845.66
2845.66
2845.66
2844.55
2844.55
2844.55
2843.44
2843.44
2843.44
2842.34
2842.34
2842.34
2841.23
2841.23
2841.23
2840.12
2840.12
2839.01
2839.01
2839.01
2837.91
2837.91
2837.91
2836.80
2836.80
2836.80
2835.69
2835.69
2835.69
2834.59
2834.59
2834.59
2833.48
2833.48
2833.48
2832.37
2832.37
2832.37
2831.27
2831.27
2831.27
2830.16
2830.16
2830.16
2829.05
2829.05
2829.05
2827.95
2827.95
2827.95
2826.84
2826.84
2825.73
2825.73
2825.73
2824.63
2824.63
2824.63
2823.52
2823.52
2823.52
2822.41
2822.41
2822.41
2821.31
2821.31
2821.31
2820.20
2820.20
2820.20
2819.09
2819.09
2819.09
2817.99
2817.99
2817.99
2816.88
2816.88
2816.88
2815.77
2815.77
2815.77
2814.66
2814.66
2814.66
2813.56
2813.56
2813.56
2812.45
2812.45
2810.24
2810.24
2810.24
2810.24
2809.13
2809.13
2808.02
2808.02
2808.02
2806.92
2806.92
2806.92
2805.81
2805.81
2805.81
2804.70
2804.70
2804.70
2803.60
2803.60
2803.60
2802.49
2802.49
2802.49
2801.38
2801.38
2801.38
2800.28
2800.28
2800.28
2799.17
2799.17
2799.17
2798.06
2798.06
2798.06
2796.96
2796.96
2796.96
2795.85
2795.85
2795.85
2794.74
2794.74
2794.74
2793.63
2793.63
2793.63
2792.53
2792.53
2792.53
2791.42
2791.42
2790.31
2790.31
2790.31
2790.31
2789.21
2789.21
2788.10
2788.10
2788.10
2786.99
2786.99
2786.99
2785.89
2785.89
2785.89
2784.78
2784.78
2784.78
2783.67
2783.67
2783.67
2782.57
2782.57
2782.57
2781.46
2781.46
2781.46
2780.35
2780.35
2780.35
2779.25
2779.25
2779.25
2778.14
2778.14
2778.14
2777.03
2777.03
2777.03
2775.93
2775.93
2775.93
2774.82
2774.82
2774.82
2773.71
2773.71
2773.71
2772.61
2772.61
2772.61
2771.50
2771.50
2771.50
2770.39
2770.39
2770.39
2769.28
2769.28
2769.28
2768.18
2768.18
2768.18
2767.07
2767.07
2767.07
2765.96
2765.96
2765.96
2763.75
2763.75
2763.75
2762.64
2762.64
2762.64
2761.54
2761.54
2761.54
2760.43
2760.43
2760.43
2759.32
2759.32
2759.32
2758.22
2758.22
2758.22
2757.11
2757.11
2757.11
2756.00
2756.00
2756.00
2754.90
2754.90
2754.90
2753.79
2753.79
2753.79
2752.68
2752.68
2752.68
2751.58
2751.58
2751.58
2750.47
2750.47
2750.47
2749.36
2749.36
2749.36
2748.25
2748.25
2748.25
2747.15
2747.15
2747.15
2746.04
2746.04
2746.04
2744.93
2744.93
2744.93
2743.83
2743.83
2743.83
2742.72
2742.72
2742.72
2741.61
2741.61
2741.61
2740.51
2740.51
2740.51
2739.40
2739.40
2739.40
2738.29
2738.29
2738.29
2737.19
2737.19
2737.19
2736.08
2736.08
2736.08
2734.97
2734.97
2734.97
2733.87
2733.87
2733.87
2732.76
2732.76
2732.76
2731.65
2731.65
2731.65
2730.55
2730.55
2730.55
2729.44
2729.44
2729.44
2728.33
2728.33
2728.33
2727.23
2727.23
2727.23
2726.12
2726.12
2726.12
2725.01
2725.01
2725.01
2723.90
2723.90
2723.90
2722.80
2722.80
2722.80
2721.69
2721.69
2721.69
2720.58
2720.58
2720.58
2720.58
2719.48
2719.48
2718.37
2718.37
2718.37
2716.16
2716.16
2716.16
2716.16
2715.05
2715.05
2715.05
2713.94
2713.94
2713.94
2712.84
2712.84
2712.84
2711.73
2711.73
2711.73
2710.62
2710.62
2710.62
2709.52
2709.52
2709.52
2708.41
2708.41
2708.41
2707.30
2707.30
2707.30
2706.20
2706.20
2706.20
2705.09
2705.09
2705.09
2703.98
2703.98
2703.98
2702.87
2702.87
2702.87
2701.77
2701.77
2701.77
2700.66
2700.66
2700.66
2699.55
2699.55
2699.55
2698.45
2698.45
2698.45
2697.34
2697.34
2697.34
2696.23
2696.23
2696.23
2696.23
2695.13
2695.13
2694.02
2694.02
2694.02
2692.91
2692.91
2692.91
2692.91
2691.81
2691.81
2691.81
2690.70
2690.70
2690.70
2689.59
2689.59
2689.59
2688.49
2688.49
2688.49
2687.38
2687.38
2687.38
2686.27
2686.27
2686.27
2685.17
2685.17
2685.17
2684.06
2684.06
2684.06
2682.95
2682.95
2682.95
2681.85
2681.85
2681.85
2680.74
2680.74
2680.74
2679.63
2679.63
2679.63
2679.63
2678.52
2678.52
2678.52
2677.42
2677.42
2677.42
2676.31
2676.31
2676.31
2675.20
2675.20
2675.20
2674.10
2674.10
2674.10
2672.99
2672.99
2672.99
2671.88
2671.88
2671.88
2670.78
2670.78
2670.78
2668.56
2668.56
2668.56
2667.46
2667.46
2667.46
2666.35
2666.35
2666.35
2665.24
2665.24
2665.24
2665.24
2664.14
2664.14
2664.14
2663.03
2663.03
2663.03
2661.92
2661.92
2661.92
2660.82
2660.82
2660.82
2659.71
2659.71
2659.71
2658.60
2658.60
2658.60
2657.50
2657.50
2657.50
2656.39
2656.39
2656.39
2655.28
2655.28
2655.28
2655.28
2654.17
2654.17
2654.17
2653.07
2653.07
2653.07
2651.96
2651.96
2651.96
2650.85
2650.85
2650.85
2649.75
2649.75
2649.75
2648.64
2648.64
2648.64
2647.53
2647.53
2647.53
2646.43
2646.43
2646.43
2645.32
2645.32
2645.32
2645.32
2644.21
2644.21
2644.21
2643.11
2643.11
2643.11
2642.00
2642.00
2642.00
2640.89
2640.89
2640.89
2639.79
2639.79
2639.79
2638.68
2638.68
2638.68
2637.57
2637.57
2637.57
2636.47
2636.47
2636.47
2635.36
2635.36
2635.36
2635.36
2634.25
2634.25
2634.25
2633.14
2633.14
2633.14
2632.04
2632.04
2632.04
2630.93
2630.93
2630.93
2629.82
2629.82
2629.82
2628.72
2628.72
2628.72
2628.72
2627.61
2627.61
2627.61
2626.50
2626.50
2626.50
2625.40
2625.40
2625.40
2624.29
2624.29
2624.29
2622.08
2622.08
2622.08
2620.97
2620.97
2620.97
2619.86
2619.86
2619.86
2619.86
2618.76
2618.76
2618.76
2617.65
2617.65
2617.65
2616.54
2616.54
2616.54
2615.44
2615.44
2615.44
2614.33
2614.33
2614.33
2613.22
2613.22
2613.22
2612.12
2612.12
2612.12
2612.12
2611.01
2611.01
2611.01
2609.90
2609.90
2609.90
2608.79
2608.79
2608.79
2607.69
2607.69
2607.69
2606.58
2606.58
2606.58
2605.47
2605.47
2605.47
2605.47
2604.37
2604.37
2604.37
2603.26
2603.26
2603.26
2602.15
2602.15
2602.15
2601.05
2601.05
2601.05
2599.94
2599.94
2599.94
2598.83
2598.83
2598.83
2598.83
2597.73
2597.73
2597.73
2596.62
2596.62
2596.62
2595.51
2595.51
2595.51
2594.41
2594.41
2594.41
2593.30
2593.30
2593.30
2593.30
2592.19
2592.19
2592.19
2591.09
2591.09
2591.09
2589.98
2589.98
2589.98
2588.87
2588.87
2588.87
2587.76
2587.76
2587.76
2587.76
2586.66
2586.66
2586.66
2585.55
2585.55
2585.55
2584.44
2584.44
2584.44
2583.34
2583.34
2583.34
2582.23
2582.23
2582.23
2581.12
2581.12
2581.12
2581.12
2580.02
2580.02
2580.02
2578.91
2578.91
2578.91
2577.80
2577.80
2577.80
2576.70
2576.70
2576.70
2574.48
2574.48
2574.48
2574.48
2573.38
2573.38
2573.38
2572.27
2572.27
2572.27
2571.16
2571.16
2571.16
2570.06
2570.06
2570.06
2570.06
2568.95
2568.95
2568.95
2567.84
2567.84
2567.84
2566.74
2566.74
2566.74
2565.63
2565.63
2565.63
2564.52
2564.52
2564.52
2564.52
2563.41
2563.41
2563.41
2562.31
2562.31
2562.31
2561.20
2561.20
2561.20
2560.09
2560.09
2560.09
2560.09
2558.99
2558.99
2558.99
2557.88
2557.88
2557.88
2556.77
2556.77
2556.77
2555.67
2555.67
2555.67
2554.56
2554.56
2554.56
2554.56
2553.45
2553.45
2553.45
2552.35
2552.35
2552.35
2551.24
2551.24
2551.24
2550.13
2550.13
2550.13
2550.13
2549.03
2549.03
2549.03
2547.92
2547.92
2547.92
2546.81
2546.81
2546.81
2545.71
2545.71
2545.71
2545.71
2544.60
2544.60
2544.60
2543.49
2543.49
2543.49
2542.38
2542.38
2542.38
2541.28
2541.28
2541.28
2540.17
2540.17
2540.17
2540.17
2539.06
2539.06
2539.06
2537.96
2537.96
2537.96
2536.85
2536.85
2536.85
2536.85
2535.74
2535.74
2535.74
2534.64
2534.64
2534.64
2533.53
2533.53
2533.53
2532.42
2532.42
2532.42
2532.42
2531.32
2531.32
2531.32
2530.21
2530.21
2530.21
2529.10
2529.10
2529.10
2526.89
2526.89
2526.89
2526.89
2525.78
2525.78
2525.78
2524.68
2524.68
2524.68
2523.57
2523.57
2523.57
2522.46
2522.46
2522.46
2522.46
2521.36
2521.36
2521.36
2520.25
2520.25
2520.25
2519.14
2519.14
2519.14
2519.14
2518.03
2518.03
2518.03
2516.93
2516.93
2516.93
2515.82
2515.82
2515.82
2514.71
2514.71
2514.71
2514.71
2513.61
2513.61
2513.61
2512.50
2512.50
2512.50
2511.39
2511.39
2511.39
2510.29
2510.29
2510.29
2510.29
2509.18
2509.18
2509.18
2508.07
2508.07
2508.07
2506.97
2506.97
2506.97
2506.97
2505.86
2505.86
2505.86
2504.75
2504.75
2504.75
2503.65
2503.65
2503.65
2502.54
2502.54
2502.54
2502.54
2501.43
2501.43
2501.43
2500.33
2500.33
2500.33
2499.22
2499.22
2499.22
2499.22
2498.11
2498.11
2498.11
2497.00
2497.00
2497.00
2495.90
2495.90
2495.90
2495.90
2494.79
2494.79
2494.79
2493.68
2493.68
2493.68
2492.58
2492.58
2492.58
2492.58
2491.47
2491.47
2491.47
2490.36
2490.36
2490.36
2489.26
2489.26
2489.26
2489.26
2488.15
2488.15
2488.15
2487.04
2487.04
2487.04
2485.94
2485.94
2485.94
2485.94
2484.83
2484.83
2484.83
2483.72
2483.72
2483.72
2482.62
2482.62
2482.62
2482.62
2481.51
2481.51
2481.51
2479.30
2479.30
2479.30
2478.19
2478.19
2478.19
2478.19
2477.08
2477.08
2477.08
2475.98
2475.98
2475.98
2474.87
2474.87
2474.87
2474.87
2473.76
2473.76
2473.76
2472.65
2472.65
2472.65
2471.55
2471.55
2471.55
2471.55
2470.44
2470.44
2470.44
2469.33
2469.33
2469.33
2468.23
2468.23
2468.23
2468.23
2467.12
2467.12
2467.12
2466.01
2466.01
2466.01
2464.91
2464.91
2464.91
2464.91
2463.80
2463.80
2463.80
2462.69
2462.69
2462.69
2461.59
2461.59
2461.59
2461.59
2460.48
2460.48
2460.48
2459.37
2459.37
2459.37
2458.27
2458.27
2458.27
2458.27
2457.16
2457.16
2457.16
2456.05
2456.05
2456.05
2454.95
2454.95
2454.95
2454.95
2453.84
2453.84
2453.84
2452.73
2452.73
2452.73
2451.62
2451.62
2451.62
2451.62
2450.52
2450.52
2450.52
2449.41
2449.41
2449.41
2448.30
2448.30
2448.30
2448.30
2447.20
2447.20
2447.20
2446.09
2446.09
2446.09
2446.09
2444.98
2444.98
2444.98
2443.88
2443.88
2443.88
2442.77
2442.77
2442.77
2442.77
2441.66
2441.66
2441.66
2440.56
2440.56
2440.56
2440.56
2439.45
2439.45
2439.45
2438.34
2438.34
2438.34
2437.24
2437.24
2437.24
2437.24
2436.13
2436.13
2436.13
2435.02
2435.02
2435.02
2435.02
2432.81
2432.81
2432.81
2431.70
2431.70
2431.70
2430.60
2430.60
2430.60
2430.60
2429.49
2429.49
2429.49
2428.38
2428.38
2428.38
2427.27
2427.27
2427.27
2427.27
2426.17
2426.17
2426.17
2425.06
2425.06
2425.06
2425.06
2423.95
2423.95
2423.95
2422.85
2422.85
2422.85
2422.85
2421.74
2421.74
2421.74
2420.63
2420.63
2420.63
2419.53
2419.53
2419.53
2419.53
2418.42
2418.42
2418.42
2417.31
2417.31
2417.31
2417.31
2416.21
2416.21
2416.21
2415.10
2415.10
2415.10
2413.99
2413.99
2413.99
2413.99
2412.89
2412.89
2412.89
2411.78
2411.78
2411.78
2411.78
2410.67
2410.67
2410.67
2409.57
2409.57
2409.57
2409.57
2408.46
2408.46
2408.46
2407.35
2407.35
2407.35
2406.24
2406.24
2406.24
2406.24
2405.14
2405.14
2405.14
2404.03
2404.03
2404.03
2404.03
2402.92
2402.92
2402.92
2401.82
2401.82
2401.82
2400.71
2400.71
2400.71
2400.71
2399.60
2399.60
2399.60
2398.50
2398.50
2398.50
2398.50
2397.39
2397.39
2397.39
2396.28
2396.28
2396.28
2396.28
2395.18
2395.18
2395.18
2394.07
2394.07
2394.07
2394.07
2392.96
2392.96
2392.96
2391.86
2391.86
2391.86
2390.75
2390.75
2390.75
2390.75
2389.64
2389.64
2389.64
2388.54
2388.54
2388.54
2388.54
2387.43
2387.43
2387.43
2385.22
2385.22
2385.22
2385.22
2384.11
2384.11
2384.11
2383.00
2383.00
2383.00
2383.00
2381.89
2381.89
2381.89
2380.79
2380.79
2380.79
2380.79
2379.68
2379.68
2379.68
2378.57
2378.57
2378.57
2378.57
2377.47
2377.47
2377.47
2376.36
2376.36
2376.36
2376.36
2375.25
2375.25
2375.25
2374.15
2374.15
2374.15
2373.04
2373.04
2373.04
2373.04
2371.93
2371.93
2371.93
2370.83
2370.83
2370.83
2370.83
2369.72
2369.72
2369.72
2369.72
2368.61
2368.61
2368.61
2367.51
2367.51
2367.51
2366.40
2366.40
2366.40
2366.40
2365.29
2365.29
2365.29
2364.19
2364.19
2364.19
2364.19
2363.08
2363.08
2363.08
2361.97
2361.97
2361.97
2361.97
2360.87
2360.87
2360.87
2359.76
2359.76
2359.76
2359.76
2358.65
2358.65
2358.65
2357.54
2357.54
2357.54
2357.54
2356.44
2356.44
2356.44
2355.33
2355.33
2355.33
2355.33
2354.22
2354.22
2354.22
2353.12
2353.12
2353.12
2353.12
2352.01
2352.01
2352.01
2350.90
2350.90
2350.90
2350.90
2349.80
2349.80
2349.80
2349.80
2348.69
2348.69
2348.69
2347.58
2347.58
2347.58
2346.48
2346.48
2346.48
2346.48
2345.37
2345.37
2345.37
2344.26
2344.26
2344.26
2344.26
2343.16
2343.16
2343.16
2343.16
2342.05
2342.05
2342.05
2340.94
2340.94
2340.94
2339.84
2339.84
2339.84
2339.84
2337.62
2337.62
2337.62
2337.62
2336.51
2336.51
2336.51
2335.41
2335.41
2335.41
2335.41
2334.30
2334.30
2334.30
2333.19
2333.19
2333.19
2333.19
2332.09
2332.09
2332.09
2330.98
2330.98
2330.98
2330.98
2329.87
2329.87
2329.87
2328.77
2328.77
2328.77
2328.77
2327.66
2327.66
2327.66
2327.66
2326.55
2326.55
2326.55
2325.45
2325.45
2325.45
2325.45
2324.34
2324.34
2324.34
2323.23
2323.23
2323.23
2323.23
2322.13
2322.13
2322.13
2321.02
2321.02
2321.02
2321.02
2319.91
2319.91
2319.91
2318.81
2318.81
2318.81
2318.81
2317.70
2317.70
2317.70
2316.59
2316.59
2316.59
2316.59
2315.49
2315.49
2315.49
2315.49
2314.38
2314.38
2314.38
2313.27
2313.27
2313.27
2313.27
2312.16
2312.16
2312.16
2311.06
2311.06
2311.06
2311.06
2309.95
2309.95
2309.95
2308.84
2308.84
2308.84
2308.84
2307.74
2307.74
2307.74
2307.74
2306.63
2306.63
2306.63
2305.52
2305.52
2305.52
2305.52
2304.42
2304.42
2304.42
2303.31
2303.31
2303.31
2303.31
2302.20
2302.20
2302.20
2302.20
2301.10
2301.10
2301.10
2299.99
2299.99
2299.99
2299.99
2298.88
2298.88
2298.88
2297.78
2297.78
2297.78
2297.78
2296.67
2296.67
2296.67
2295.56
2295.56
2295.56
2295.56
2294.46
2294.46
2294.46
2294.46
2293.35
2293.35
2293.35
2291.13
2291.13
2291.13
2291.13
2290.03
2290.03
2290.03
2288.92
2288.92
2288.92
2288.92
2287.81
2287.81
2287.81
2287.81
2286.71
2286.71
2286.71
2285.60
2285.60
2285.60
2285.60
2284.49
2284.49
2284.49
2284.49
2283.39
2283.39
2283.39
2282.28
2282.28
2282.28
2282.28
2281.17
2281.17
2281.17
2280.07
2280.07
2280.07
2280.07
2278.96
2278.96
2278.96
2278.96
2277.85
2277.85
2277.85
2276.75
2276.75
2276.75
2276.75
2275.64
2275.64
2275.64
2274.53
2274.53
2274.53
2274.53
2273.43
2273.43
2273.43
2273.43
2272.32
2272.32
2272.32
2271.21
2271.21
2271.21
2271.21
2270.11
2270.11
2270.11
2270.11
2269.00
2269.00
2269.00
2267.89
2267.89
2267.89
2267.89
2266.78
2266.78
2266.78
2266.78
2265.68
2265.68
2265.68
2264.57
2264.57
2264.57
2264.57
2263.46
2263.46
2263.46
2263.46
2262.36
2262.36
2262.36
2261.25
2261.25
2261.25
2261.25
2260.14
2260.14
2260.14
2259.04
2259.04
2259.04
2259.04
2257.93
2257.93
2257.93
2257.93
2256.82
2256.82
2256.82
2255.72
2255.72
2255.72
2255.72
2254.61
2254.61
2254.61
2254.61
2253.50
2253.50
2253.50
2252.40
2252.40
2252.40
2252.40
2251.29
2251.29
2251.29
2251.29
2250.18
2250.18
2250.18
2249.08
2249.08
2249.08
2249.08
2247.97
2247.97
2247.97
2247.97
2246.86
2246.86
2246.86
2245.75
2245.75
2245.75
2245.75
2243.54
2243.54
2243.54
2243.54
