IEC 61083-2 TDG Version 2.1.0
Data File Version  2.1.0
24 LI-M12
16 bits, 9999 samples at 10ns
1.000000e-008
15.797
26.881
15.797
26.881
15.797
26.881
15.797
37.899
15.797
26.881
4.845
37.899
15.797
37.899
15.797
37.899
15.797
26.881
26.881
37.899
15.797
26.881
15.797
26.881
15.797
37.899
15.797
26.881
15.797
26.881
26.881
26.881
26.881
26.881
15.797
26.881
15.797
37.899
15.797
26.881
26.881
37.899
26.881
37.899
15.797
26.881
15.797
37.899
26.881
37.899
26.881
37.899
15.797
37.899
15.797
37.899
4.845
37.899
15.797
37.899
26.881
26.881
15.797
48.917
15.797
37.899
15.797
26.881
15.797
37.899
26.881
37.899
15.797
26.881
15.797
37.899
15.797
37.899
26.881
26.881
15.797
26.881
15.797
26.881
15.797
37.899
26.881
26.881
15.797
37.899
15.797
37.899
15.797
26.881
15.797
37.899
15.797
37.899
15.797
26.881
15.797
37.899
15.797
26.881
15.797
37.899
15.797
37.899
4.845
37.899
15.797
37.899
15.797
37.899
15.797
26.881
15.797
37.899
26.881
26.881
15.797
37.899
15.797
37.899
26.881
26.881
15.797
37.899
15.797
37.899
26.881
26.881
15.797
37.899
26.881
26.881
4.845
37.899
15.797
26.881
15.797
26.881
15.797
26.881
26.881
26.881
26.881
26.881
4.845
26.881
26.881
26.881
26.881
37.899
15.797
37.899
15.797
37.899
15.797
26.881
15.797
37.899
15.797
26.881
15.797
37.899
15.797
26.881
4.845
37.899
15.797
37.899
15.797
37.899
15.797
37.899
15.797
37.899
26.881
37.899
15.797
26.881
15.797
26.881
26.881
37.899
15.797
26.881
26.881
37.899
15.797
26.881
15.797
37.899
26.881
26.881
15.797
26.881
15.797
26.881
15.797
37.899
15.797
26.881
15.797
37.899
15.797
37.899
26.881
37.899
15.797
37.899
15.797
26.881
15.797
26.881
15.797
37.899
15.797
26.881
15.797
26.881
15.797
26.881
26.881
26.881
26.881
26.881
15.797
37.899
15.797
37.899
26.881
26.881
15.797
37.899
15.797
37.899
15.797
26.881
15.797
37.899
26.881
26.881
15.797
37.899
15.797
26.881
15.797
26.881
26.881
26.881
15.797
26.881
15.797
26.881
26.881
37.899
15.797
26.881
15.797
26.881
26.881
26.881
15.797
26.881
26.881
26.881
15.797
37.899
15.797
37.899
15.797
37.899
26.881
37.899
15.797
26.881
15.797
26.881
15.797
37.899
15.797
37.899
26.881
15.797
15.797
26.881
15.797
26.881
26.881
26.881
15.797
37.899
15.797
26.881
15.797
37.899
26.881
26.881
4.845
26.881
26.881
26.881
15.797
26.881
15.797
26.881
15.797
26.881
26.881
37.899
15.797
26.881
26.881
26.881
15.797
26.881
26.881
37.899
26.881
26.881
15.797
37.899
15.797
37.899
15.797
37.899
15.797
37.899
15.797
37.899
15.797
37.899
15.797
37.899
15.797
37.899
15.797
26.881
26.881
26.881
26.881
26.881
15.797
37.899
26.881
37.899
15.797
37.899
15.797
37.899
15.797
37.899
15.797
37.899
15.797
37.899
15.797
37.899
15.797
37.899
26.881
37.899
15.797
48.917
15.797
37.899
15.797
37.899
15.797
37.899
15.797
37.899
15.797
26.881
15.797
37.899
15.797
37.899
15.797
37.899
4.845
37.899
15.797
37.899
4.845
37.899
26.881
26.881
15.797
26.881
15.797
37.899
26.881
37.899
26.881
37.899
15.797
37.899
15.797
26.881
15.797
37.899
15.797
26.881
15.797
26.881
15.797
37.899
15.797
26.881
15.797
37.899
26.881
26.881
15.797
26.881
15.797
37.899
15.797
26.881
15.797
26.881
15.797
26.881
15.797
37.899
26.881
37.899
15.797
37.899
15.797
37.899
15.797
26.881
15.797
37.899
15.797
26.881
15.797
26.881
15.797
37.899
15.797
26.881
15.797
37.899
15.797
37.899
15.797
37.899
15.797
37.899
15.797
37.899
15.797
37.899
15.797
37.899
15.797
26.881
15.797
37.899
15.797
37.899
26.881
26.881
26.881
26.881
15.797
26.881
15.797
26.881
15.797
26.881
15.797
26.881
15.797
37.899
26.881
26.881
15.797
37.899
15.797
37.899
4.845
37.899
15.797
37.899
15.797
37.899
15.797
26.881
15.797
37.899
15.797
37.899
26.881
26.881
15.797
26.881
15.797
26.881
15.797
37.899
15.797
26.881
15.797
37.899
26.881
26.881
15.797
37.899
26.881
26.881
15.797
37.899
15.797
26.881
26.881
37.899
26.881
37.899
26.881
26.881
15.797
37.899
15.797
37.899
15.797
26.881
15.797
37.899
15.797
26.881
15.797
26.881
26.881
26.881
15.797
26.881
15.797
26.881
26.881
26.881
15.797
37.899
15.797
37.899
15.797
37.899
4.845
26.881
15.797
37.899
26.881
37.899
15.797
37.899
15.797
37.899
15.797
26.881
15.797
26.881
26.881
37.899
15.797
26.881
15.797
26.881
26.881
26.881
15.797
26.881
15.797
37.899
15.797
37.899
26.881
26.881
15.797
37.899
15.797
37.899
15.797
37.899
15.797
26.881
15.797
37.899
15.797
37.899
15.797
37.899
15.797
26.881
15.797
26.881
26.881
26.881
26.881
26.881
15.797
37.899
15.797
26.881
15.797
37.899
26.881
26.881
15.797
37.899
15.797
26.881
15.797
37.899
15.797
37.899
15.797
26.881
15.797
37.899
15.797
26.881
15.797
37.899
26.881
26.881
15.797
37.899
15.797
26.881
15.797
37.899
15.797
26.881
15.797
37.899
26.881
37.899
15.797
37.899
15.797
37.899
26.881
26.881
15.797
26.881
15.797
26.881
15.797
26.881
26.881
37.899
26.881
26.881
26.881
37.899
15.797
26.881
15.797
37.899
15.797
37.899
15.797
26.881
15.797
37.899
15.797
37.899
15.797
26.881
15.797
26.881
15.797
37.899
15.797
37.899
15.797
37.899
15.797
37.899
15.797
37.899
15.797
37.899
15.797
26.881
15.797
37.899
15.797
37.899
15.797
37.899
15.797
37.899
15.797
26.881
15.797
37.899
15.797
37.899
15.797
37.899
15.797
37.899
15.797
37.899
26.881
37.899
15.797
37.899
15.797
37.899
15.797
26.881
26.881
37.899
26.881
37.899
15.797
37.899
15.797
37.899
15.797
26.881
15.797
26.881
15.797
37.899
26.881
37.899
26.881
26.881
15.797
26.881
15.797
37.899
15.797
26.881
15.797
37.899
15.797
26.881
26.881
37.899
26.881
37.899
15.797
26.881
15.797
37.899
15.797
26.881
26.881
26.881
15.797
37.899
15.797
37.899
15.797
26.881
15.797
26.881
15.797
26.881
26.881
26.881
15.797
37.899
15.797
26.881
26.881
37.899
26.881
26.881
15.797
37.899
15.797
26.881
15.797
26.881
15.797
37.899
26.881
26.881
15.797
26.881
15.797
37.899
15.797
15.797
15.797
37.899
15.797
26.881
15.797
26.881
15.797
37.899
26.881
26.881
4.845
26.881
15.797
26.881
15.797
26.881
26.881
26.881
15.797
26.881
15.797
37.899
15.797
37.899
15.797
26.881
15.797
26.881
15.797
15.797
15.797
37.899
15.797
26.881
15.797
26.881
15.797
26.881
15.797
37.899
15.797
26.881
15.797
26.881
15.797
26.881
26.881
37.899
15.797
26.881
15.797
37.899
15.797
26.881
15.797
26.881
15.797
26.881
15.797
37.899
15.797
37.899
15.797
37.899
15.797
26.881
15.797
26.881
15.797
37.899
15.797
26.881
15.797
26.881
26.881
37.899
15.797
37.899
15.797
26.881
26.881
37.899
15.797
26.881
15.797
26.881
15.797
26.881
15.797
37.899
15.797
26.881
15.797
26.881
26.881
37.899
15.797
26.881
15.797
37.899
15.797
26.881
15.797
37.899
26.881
37.899
15.797
37.899
26.881
26.881
15.797
37.899
15.797
37.899
15.797
37.899
15.797
26.881
26.881
37.899
15.797
37.899
15.797
37.899
15.797
37.899
26.881
37.899
15.797
37.899
15.797
37.899
15.797
37.899
15.797
37.899
26.881
37.899
15.797
37.899
15.797
37.899
26.881
26.881
26.881
37.899
26.881
37.899
26.881
37.899
15.797
37.899
15.797
26.881
26.881
26.881
15.797
37.899
26.881
37.899
26.881
26.881
15.797
37.899
15.797
37.899
15.797
37.899
15.797
26.881
15.797
37.899
15.797
37.899
15.797
26.881
15.797
37.899
15.797
26.881
15.797
37.899
26.881
26.881
4.845
37.899
26.881
37.899
26.881
26.881
15.797
37.899
15.797
37.899
15.797
26.881
15.797
37.899
15.797
37.899
15.797
37.899
15.797
37.899
15.797
37.899
15.797
37.899
15.797
37.899
15.797
26.881
15.797
37.899
26.881
37.899
15.797
37.899
15.797
37.899
15.797
37.899
15.797
37.899
15.797
37.899
15.797
26.881
15.797
37.899
15.797
26.881
15.797
26.881
15.797
26.881
15.797
26.881
26.881
26.881
15.797
37.899
15.797
15.797
15.797
26.881
26.881
26.881
15.797
37.899
15.797
37.899
15.797
26.881
15.797
26.881
15.797
37.899
15.797
26.881
15.797
37.899
26.881
26.881
15.797
26.881
15.797
26.881
4.845
26.881
15.797
37.899
15.797
37.899
26.881
37.899
15.797
26.881
15.797
26.881
26.881
37.899
26.881
26.881
15.797
26.881
15.797
26.881
15.797
26.881
4.845
37.899
15.797
26.881
15.797
37.899
26.881
37.899
26.881
37.899
15.797
37.899
15.797
37.899
4.845
37.899
15.797
37.899
15.797
26.881
15.797
26.881
15.797
26.881
15.797
37.899
15.797
37.899
15.797
37.899
15.797
37.899
15.797
26.881
15.797
26.881
15.797
37.899
15.797
26.881
15.797
37.899
15.797
37.899
15.797
37.899
15.797
26.881
15.797
26.881
15.797
37.899
15.797
37.899
15.797
26.881
15.797
37.899
15.797
37.899
15.797
37.899
26.881
37.899
15.797
37.899
15.797
37.899
15.797
26.881
15.797
26.881
15.797
26.881
15.797
26.881
26.881
37.899
15.797
26.881
15.797
37.899
15.797
37.899
15.797
37.899
15.797
26.881
15.797
26.881
15.797
26.881
15.797
26.881
26.881
26.881
15.797
37.899
26.881
26.881
15.797
37.899
15.797
37.899
15.797
37.899
15.797
37.899
26.881
26.881
15.797
37.899
15.797
26.881
26.881
26.881
15.797
37.899
26.881
26.881
15.797
37.899
15.797
26.881
15.797
26.881
26.881
37.899
15.797
26.881
15.797
37.899
15.797
26.881
15.797
37.899
15.797
26.881
15.797
37.899
15.797
37.899
26.881
37.899
26.881
37.899
26.881
37.899
15.797
37.899
15.797
37.899
15.797
26.881
15.797
37.899
26.881
26.881
15.797
37.899
15.797
37.899
15.797
26.881
15.797
37.899
26.881
37.899
15.797
26.881
15.797
26.881
15.797
26.881
15.797
37.899
26.881
26.881
15.797
37.899
15.797
37.899
15.797
26.881
15.797
37.899
15.797
26.881
15.797
37.899
15.797
37.899
15.797
37.899
15.797
26.881
15.797
26.881
15.797
37.899
15.797
26.881
15.797
26.881
26.881
37.899
15.797
26.881
15.797
26.881
15.797
26.881
26.881
37.899
15.797
26.881
15.797
26.881
15.797
26.881
15.797
26.881
26.881
26.881
15.797
15.797
15.797
26.881
15.797
37.899
15.797
26.881
4.845
26.881
15.797
26.881
4.845
26.881
26.881
26.881
15.797
26.881
26.881
37.899
15.797
37.899
15.797
37.899
15.797
26.881
15.797
26.881
15.797
26.881
15.797
26.881
15.797
26.881
15.797
26.881
26.881
26.881
15.797
26.881
26.881
37.899
15.797
37.899
15.797
26.881
15.797
26.881
15.797
26.881
15.797
26.881
15.797
37.899
15.797
26.881
15.797
26.881
15.797
26.881
15.797
37.899
15.797
26.881
4.845
37.899
15.797
37.899
15.797
26.881
15.797
37.899
15.797
15.797
4.845
26.881
15.797
37.899
15.797
37.899
4.845
15.797
4.845
26.881
4.845
15.797
-6.239
15.797
4.845
4.845
15.797
15.797
4.845
15.797
-6.239
4.845
-6.239
4.845
4.845
-6.239
-6.239
4.845
-17.257
-6.239
-6.239
-17.257
-28.341
-6.239
-28.341
-28.341
-39.359
-28.341
-61.461
-61.461
-83.564
-72.479
-94.582
-72.479
-105.600
-94.582
-105.600
-105.600
-116.618
-105.600
-116.618
-116.618
-116.618
-94.582
-94.582
-94.582
-105.600
-72.479
-72.479
-61.461
-72.479
-61.461
-72.479
-61.461
-83.564
-72.479
-72.479
-72.479
-83.564
-72.479
-83.564
-61.461
-72.479
-50.377
-72.479
-50.377
-72.479
-61.461
-72.479
-61.461
-72.479
-72.479
-72.479
-61.461
-72.479
-61.461
-72.479
-61.461
-72.479
-61.461
-83.564
-72.479
-83.564
-72.479
-83.564
-72.479
-94.582
-72.479
-94.582
-83.564
-83.564
-83.564
-94.582
-83.564
-105.600
-105.600
-116.618
-116.618
-138.720
-138.720
-160.822
-171.840
-193.942
-205.026
-238.080
-260.182
-304.321
-315.339
-370.561
-425.717
-492.024
-536.162
-602.402
-657.558
-723.865
-756.919
-823.225
-900.484
-966.724
-1021.946
-1099.205
-1154.427
-1231.685
-1286.841
-1375.184
-1419.388
-1496.647
-1551.869
-1618.043
-1673.332
-1728.488
-1772.692
-1838.866
-1883.071
-1960.329
-2004.533
-2070.707
-2125.863
-2181.152
-2225.224
-2302.549
-2324.651
-2390.891
-2435.096
-2479.167
-2523.372
-2567.510
-2600.630
-2655.786
-2688.973
-2744.195
-2777.249
-2821.453
-2854.574
-2898.712
-2920.814
-2965.018
-2987.054
-3031.192
-3053.295
-3097.433
-3130.553
-3163.739
-3196.793
-3218.895
-3240.998
-3285.069
-3296.154
-3329.274
-3340.358
-3373.478
-3395.514
-3428.634
-3439.652
-3472.839
-3494.941
-3516.977
-3539.013
-3561.115
-3572.199
-3594.302
-3605.253
-3638.373
-3649.458
-3660.476
-3671.560
-3693.596
-3715.632
-3737.734
-3737.734
-3770.920
-3770.920
-3792.956
-3804.041
-3826.076
-3826.076
-3837.094
-3848.179
-3870.214
-3881.299
-3903.401
-3914.419
-3903.401
-3914.419
-3925.437
-3936.455
-3947.539
-3947.539
-3958.557
-3969.575
-3980.659
-3980.659
-4002.762
-4002.762
-4024.864
-4024.864
-4024.864
-4035.815
-4046.833
-4046.833
-4068.936
-4068.936
-4068.936
-4080.020
-4080.020
-4091.038
-4102.122
-4102.122
-4102.122
-4102.122
-4124.224
-4124.224
-4124.224
-4135.176
-4135.176
-4146.194
-4146.194
-4146.194
-4157.278
-4157.278
-4168.296
-4168.296
-4168.296
-4179.380
-4179.380
-4179.380
-4201.483
-4179.380
-4190.398
-4190.398
-4201.483
-4201.483
-4212.500
-4201.483
-4212.500
-4201.483
-4223.518
-4223.518
-4212.500
-4212.500
-4223.518
-4223.518
-4223.518
-4223.518
-4234.603
-4234.603
-4245.554
-4234.603
-4245.554
-4245.554
-4234.603
-4245.554
-4245.554
-4245.554
-4245.554
-4245.554
-4245.554
-4256.639
-4256.639
-4245.554
-4256.639
-4245.554
-4256.639
-4245.554
-4256.639
-4256.639
-4267.657
-4267.657
-4256.639
-4256.639
-4267.657
-4267.657
-4267.657
-4267.657
-4267.657
-4256.639
-4267.657
-4267.657
-4278.741
-4267.657
-4278.741
-4278.741
-4278.741
-4278.741
-4267.657
-4278.741
-4289.759
-4278.741
-4278.741
-4278.741
-4278.741
-4278.741
-4278.741
-4289.759
-4278.741
-4278.741
-4278.741
-4278.741
-4278.741
-4278.741
-4278.741
-4289.759
-4289.759
-4289.759
-4289.759
-4278.741
-4289.759
-4278.741
-4289.759
-4289.759
-4289.759
-4289.759
-4289.759
-4289.759
-4289.759
-4289.759
-4289.759
-4278.741
-4300.777
-4278.741
-4289.759
-4278.741
-4289.759
-4289.759
-4289.759
-4289.759
-4289.759
-4278.741
-4300.777
-4289.759
-4289.759
-4300.777
-4289.759
-4289.759
-4289.759
-4289.759
-4289.759
-4289.759
-4300.777
-4289.759
-4300.777
-4289.759
-4289.759
-4289.759
-4289.759
-4300.777
-4289.759
-4289.759
-4300.777
-4289.759
-4289.759
-4289.759
-4289.759
-4289.759
-4300.777
-4289.759
-4289.759
-4289.759
-4289.759
-4289.759
-4289.759
-4289.759
-4300.777
-4278.741
-4289.759
-4289.759
-4300.777
-4289.759
-4289.759
-4289.759
-4289.759
-4289.759
-4289.759
-4278.741
-4289.759
-4289.759
-4289.759
-4289.759
-4289.759
-4289.759
-4278.741
-4289.759
-4278.741
-4289.759
-4278.741
-4289.759
-4278.741
-4278.741
-4278.741
-4278.741
-4278.741
-4289.759
-4289.759
-4278.741
-4278.741
-4278.741
-4278.741
-4278.741
-4289.759
-4278.741
-4278.741
-4278.741
-4278.741
-4278.741
-4278.741
-4278.741
-4278.741
-4278.741
-4278.741
-4267.657
-4278.741
-4278.741
-4267.657
-4278.741
-4278.741
-4267.657
-4267.657
-4267.657
-4267.657
-4267.657
-4267.657
-4267.657
-4267.657
-4267.657
-4267.657
-4267.657
-4267.657
-4278.741
-4267.657
-4256.639
-4267.657
-4267.657
-4267.657
-4267.657
-4267.657
-4267.657
-4267.657
-4256.639
-4267.657
-4267.657
-4267.657
-4256.639
-4267.657
-4267.657
-4256.639
-4267.657
-4267.657
-4267.657
-4256.639
-4256.639
-4267.657
-4256.639
-4256.639
-4256.639
-4267.657
-4256.639
-4256.639
-4256.639
-4267.657
-4256.639
-4256.639
-4256.639
-4256.639
-4256.639
-4256.639
-4256.639
-4256.639
-4256.639
-4256.639
-4256.639
-4267.657
-4256.639
-4256.639
-4256.639
-4256.639
-4256.639
-4245.554
-4245.554
-4256.639
-4256.639
-4256.639
-4256.639
-4256.639
-4267.657
-4267.657
-4245.554
-4245.554
-4256.639
-4245.554
-4256.639
-4256.639
-4256.639
-4256.639
-4256.639
-4256.639
-4256.639
-4256.639
-4245.554
-4256.639
-4245.554
-4256.639
-4245.554
-4256.639
-4245.554
-4256.639
-4245.554
-4256.639
-4256.639
-4256.639
-4245.554
-4256.639
-4256.639
-4256.639
-4245.554
-4245.554
-4245.554
-4256.639
-4245.554
-4245.554
-4245.554
-4245.554
-4256.639
-4256.639
-4256.639
-4256.639
-4245.554
-4256.639
-4245.554
-4256.639
-4256.639
-4267.657
-4256.639
-4245.554
-4256.639
-4245.554
-4245.554
-4245.554
-4245.554
-4245.554
-4256.639
-4245.554
-4245.554
-4256.639
-4245.554
-4256.639
-4245.554
-4256.639
-4256.639
-4245.554
-4245.554
-4245.554
-4256.639
-4245.554
-4245.554
-4256.639
-4245.554
-4256.639
-4245.554
-4245.554
-4245.554
-4245.554
-4256.639
-4256.639
-4256.639
-4245.554
-4245.554
-4245.554
-4245.554
-4256.639
-4245.554
-4267.657
-4245.554
-4245.554
-4256.639
-4256.639
-4256.639
-4245.554
-4245.554
-4256.639
-4245.554
-4256.639
-4245.554
-4256.639
-4256.639
-4245.554
-4256.639
-4245.554
-4245.554
-4245.554
-4245.554
-4245.554
-4245.554
-4245.554
-4256.639
-4256.639
-4245.554
-4245.554
-4245.554
-4245.554
-4245.554
-4245.554
-4245.554
-4245.554
-4245.554
-4256.639
-4245.554
-4245.554
-4245.554
-4256.639
-4245.554
-4256.639
-4245.554
-4245.554
-4245.554
-4245.554
-4234.603
-4245.554
-4245.554
-4245.554
-4234.603
-4245.554
-4245.554
-4245.554
-4245.554
-4245.554
-4245.554
-4245.554
-4245.554
-4245.554
-4234.603
-4234.603
-4234.603
-4245.554
-4245.554
-4245.554
-4245.554
-4245.554
-4234.603
-4245.554
-4245.554
-4234.603
-4234.603
-4245.554
-4234.603
-4245.554
-4234.603
-4234.603
-4234.603
-4234.603
-4234.603
-4245.554
-4234.603
-4234.603
-4223.518
-4223.518
-4223.518
-4223.518
-4223.518
-4223.518
-4234.603
-4234.603
-4223.518
-4223.518
-4223.518
-4234.603
-4223.518
-4223.518
-4223.518
-4223.518
-4223.518
-4223.518
-4223.518
-4223.518
-4223.518
-4223.518
-4212.500
-4212.500
-4223.518
-4212.500
-4212.500
-4212.500
-4201.483
-4212.500
-4212.500
-4212.500
-4212.500
-4212.500
-4201.483
-4212.500
-4201.483
-4212.500
-4201.483
-4212.500
-4201.483
-4201.483
-4201.483
-4201.483
-4201.483
-4201.483
-4201.483
-4201.483
-4201.483
-4201.483
-4190.398
-4201.483
-4201.483
-4201.483
-4201.483
-4201.483
-4190.398
-4190.398
-4190.398
-4190.398
-4179.380
-4190.398
-4179.380
-4190.398
-4179.380
-4190.398
-4179.380
-4179.380
-4179.380
-4190.398
-4179.380
-4179.380
-4179.380
-4179.380
-4157.278
-4179.380
-4179.380
-4168.296
-4179.380
-4179.380
-4157.278
-4179.380
-4168.296
-4168.296
-4168.296
-4168.296
-4168.296
-4168.296
-4168.296
-4157.278
-4157.278
-4157.278
-4157.278
-4157.278
-4157.278
-4157.278
-4146.194
-4146.194
-4146.194
-4157.278
-4157.278
-4157.278
-4146.194
-4146.194
-4135.176
-4146.194
-4135.176
-4146.194
-4146.194
-4146.194
-4146.194
-4135.176
-4135.176
-4135.176
-4135.176
-4146.194
-4135.176
-4135.176
-4135.176
-4124.224
-4124.224
-4124.224
-4135.176
-4124.224
-4124.224
-4124.224
-4113.140
-4124.224
-4124.224
-4124.224
-4113.140
-4124.224
-4113.140
-4124.224
-4124.224
-4124.224
-4124.224
-4124.224
-4124.224
-4113.140
-4113.140
-4124.224
-4113.140
-4113.140
-4102.122
-4113.140
-4102.122
-4102.122
-4102.122
-4102.122
-4102.122
-4113.140
-4113.140
-4102.122
-4102.122
-4102.122
-4102.122
-4113.140
-4113.140
-4102.122
-4102.122
-4102.122
-4091.038
-4102.122
-4091.038
-4102.122
-4091.038
-4091.038
-4091.038
-4102.122
-4091.038
-4102.122
-4102.122
-4091.038
-4091.038
-4091.038
-4080.020
-4091.038
-4091.038
-4091.038
-4091.038
-4091.038
-4091.038
-4091.038
-4080.020
-4080.020
-4080.020
-4080.020
-4091.038
-4080.020
-4080.020
-4091.038
-4080.020
-4080.020
-4068.936
-4091.038
-4080.020
-4080.020
-4080.020
-4080.020
-4068.936
-4080.020
-4068.936
-4068.936
-4080.020
-4080.020
-4080.020
-4080.020
-4068.936
-4080.020
-4068.936
-4080.020
-4068.936
-4068.936
-4068.936
-4068.936
-4068.936
-4068.936
-4057.918
-4068.936
-4068.936
-4057.918
-4068.936
-4057.918
-4057.918
-4057.918
-4068.936
-4057.918
-4068.936
-4068.936
-4057.918
-4068.936
-4057.918
-4057.918
-4057.918
-4057.918
-4057.918
-4068.936
-4046.833
-4068.936
-4057.918
-4057.918
-4046.833
-4046.833
-4046.833
-4068.936
-4046.833
-4057.918
-4046.833
-4057.918
-4046.833
-4057.918
-4046.833
-4057.918
-4046.833
-4046.833
-4046.833
-4057.918
-4046.833
-4046.833
-4046.833
-4046.833
-4046.833
-4057.918
-4035.815
-4046.833
-4046.833
-4046.833
-4046.833
-4046.833
-4035.815
-4046.833
-4046.833
-4046.833
-4046.833
-4046.833
-4035.815
-4046.833
-4046.833
-4046.833
-4035.815
-4046.833
-4046.833
-4046.833
-4046.833
-4046.833
-4046.833
-4046.833
-4035.815
-4035.815
-4035.815
-4046.833
-4046.833
-4046.833
-4035.815
-4046.833
-4024.864
-4035.815
-4024.864
-4046.833
-4046.833
-4046.833
-4035.815
-4035.815
-4035.815
-4046.833
-4035.815
-4046.833
-4035.815
-4035.815
-4035.815
-4035.815
-4035.815
-4046.833
-4035.815
-4035.815
-4024.864
-4024.864
-4024.864
-4046.833
-4024.864
-4035.815
-4035.815
-4035.815
-4024.864
-4035.815
-4024.864
-4024.864
-4024.864
-4024.864
-4024.864
-4035.815
-4024.864
-4035.815
-4024.864
-4024.864
-4024.864
-4024.864
-4013.779
-4024.864
-4024.864
-4035.815
-4024.864
-4024.864
-4013.779
-4024.864
-4013.779
-4024.864
-4013.779
-4024.864
-4013.779
-4013.779
-4013.779
-4013.779
-4013.779
-4013.779
-4013.779
-4024.864
-4013.779
-4024.864
-4024.864
-4013.779
-4013.779
-4013.779
-4002.762
-4013.779
-4013.779
-4013.779
-4002.762
-4013.779
-4002.762
-4013.779
-4002.762
-4013.779
-4002.762
-4002.762
-4002.762
-4002.762
-4002.762
-4002.762
-4002.762
-4002.762
-4013.779
-4013.779
-4002.762
-4002.762
-4002.762
-4002.762
-4002.762
-4002.762
-4002.762
-4002.762
-3991.677
-4002.762
-4002.762
-4002.762
-4002.762
-4002.762
-4002.762
-4002.762
-3991.677
-4002.762
-4002.762
-3991.677
-3991.677
-3991.677
-3991.677
-4002.762
-3991.677
-3991.677
-3991.677
-3980.659
-3991.677
-3980.659
-3980.659
-3991.677
-3980.659
-3980.659
-3980.659
-3980.659
-3980.659
-3980.659
-3980.659
-3980.659
-3980.659
-3980.659
-3980.659
-3980.659
-3980.659
-3980.659
-3969.575
-3980.659
-3980.659
-3980.659
-3969.575
-3969.575
-3969.575
-3980.659
-3969.575
-3969.575
-3980.659
-3969.575
-3969.575
-3969.575
-3980.659
-3980.659
-3969.575
-3969.575
-3969.575
-3969.575
-3958.557
-3969.575
-3958.557
-3958.557
-3958.557
-3958.557
-3958.557
-3958.557
-3958.557
-3958.557
-3947.539
-3958.557
-3958.557
-3958.557
-3958.557
-3958.557
-3947.539
-3958.557
-3947.539
-3958.557
-3936.455
-3936.455
-3947.539
-3958.557
-3947.539
-3947.539
-3936.455
-3947.539
-3936.455
-3936.455
-3936.455
-3947.539
-3936.455
-3936.455
-3936.455
-3936.455
-3936.455
-3936.455
-3925.437
-3936.455
-3925.437
-3925.437
-3936.455
-3925.437
-3925.437
-3925.437
-3925.437
-3925.437
-3925.437
-3936.455
-3925.437
-3925.437
-3925.437
-3925.437
-3914.419
-3925.437
-3914.419
-3925.437
-3925.437
-3925.437
-3914.419
-3914.419
-3914.419
-3914.419
-3925.437
-3914.419
-3914.419
-3914.419
-3914.419
-3903.401
-3903.401
-3903.401
-3903.401
-3903.401
-3903.401
-3903.401
-3914.419
-3903.401
-3892.317
-3892.317
-3892.317
-3903.401
-3892.317
-3914.419
-3892.317
-3903.401
-3892.317
-3903.401
-3892.317
-3892.317
-3892.317
-3892.317
-3892.317
-3892.317
-3892.317
-3892.317
-3892.317
-3881.299
-3892.317
-3892.317
-3892.317
-3903.401
-3892.317
-3892.317
-3881.299
-3881.299
-3881.299
-3892.317
-3881.299
-3881.299
-3892.317
-3881.299
-3870.214
-3881.299
-3881.299
-3881.299
-3881.299
-3881.299
-3870.214
-3881.299
-3870.214
-3881.299
-3881.299
-3881.299
-3881.299
-3870.214
-3870.214
-3881.299
-3870.214
-3870.214
-3870.214
-3870.214
-3859.197
-3870.214
-3870.214
-3870.214
-3870.214
-3870.214
-3870.214
-3870.214
-3870.214
-3859.197
-3848.179
-3859.197
-3859.197
-3870.214
-3870.214
-3870.214
-3859.197
-3859.197
-3848.179
-3848.179
-3859.197
-3859.197
-3859.197
-3859.197
-3859.197
-3859.197
-3848.179
-3859.197
-3848.179
-3848.179
-3848.179
-3848.179
-3848.179
-3848.179
-3848.179
-3848.179
-3837.094
-3848.179
-3848.179
-3848.179
-3848.179
-3848.179
-3848.179
-3837.094
-3848.179
-3837.094
-3837.094
-3848.179
-3837.094
-3848.179
-3848.179
-3848.179
-3837.094
-3837.094
-3826.076
-3837.094
-3826.076
-3837.094
-3837.094
-3837.094
-3837.094
-3837.094
-3837.094
-3837.094
-3837.094
-3837.094
-3826.076
-3837.094
-3826.076
-3826.076
-3826.076
-3837.094
-3826.076
-3837.094
-3826.076
-3837.094
-3826.076
-3837.094
-3826.076
-3837.094
-3837.094
-3837.094
-3826.076
-3837.094
-3837.094
-3837.094
-3826.076
-3826.076
-3826.076
-3826.076
-3826.076
-3826.076
-3826.076
-3826.076
-3826.076
-3826.076
-3826.076
-3826.076
-3826.076
-3826.076
-3814.992
-3826.076
-3814.992
-3814.992
-3814.992
-3814.992
-3814.992
-3814.992
-3814.992
-3826.076
-3814.992
-3814.992
-3804.041
-3814.992
-3814.992
-3814.992
-3826.076
-3826.076
-3826.076
-3826.076
-3814.992
-3814.992
-3814.992
-3804.041
-3804.041
-3804.041
-3814.992
-3804.041
-3804.041
-3814.992
-3814.992
-3814.992
-3814.992
-3814.992
-3814.992
-3814.992
-3804.041
-3814.992
-3804.041
-3814.992
-3804.041
-3804.041
-3804.041
-3814.992
-3804.041
-3804.041
-3804.041
-3804.041
-3804.041
-3804.041
-3804.041
-3804.041
-3804.041
-3814.992
-3804.041
-3804.041
-3804.041
-3804.041
-3804.041
-3804.041
-3792.956
-3804.041
-3792.956
-3804.041
-3804.041
-3792.956
-3804.041
-3804.041
-3792.956
-3792.956
-3792.956
-3781.938
-3792.956
-3792.956
-3792.956
-3792.956
-3792.956
-3792.956
-3781.938
-3792.956
-3792.956
-3804.041
-3792.956
-3792.956
-3792.956
-3792.956
-3781.938
-3781.938
-3781.938
-3804.041
-3792.956
-3792.956
-3792.956
-3781.938
-3781.938
-3781.938
-3781.938
-3781.938
-3781.938
-3792.956
-3792.956
-3781.938
-3781.938
-3781.938
-3781.938
-3781.938
-3781.938
-3781.938
-3781.938
-3781.938
-3781.938
-3781.938
-3770.920
-3781.938
-3770.920
-3781.938
-3770.920
-3781.938
-3770.920
-3781.938
-3770.920
-3770.920
-3770.920
-3781.938
-3770.920
-3770.920
-3759.836
-3770.920
-3770.920
-3759.836
-3759.836
-3770.920
-3770.920
-3770.920
-3759.836
-3759.836
-3759.836
-3770.920
-3770.920
-3770.920
-3759.836
-3759.836
-3748.818
-3770.920
-3759.836
-3770.920
-3759.836
-3759.836
-3759.836
-3759.836
-3748.818
-3759.836
-3759.836
-3759.836
-3748.818
-3748.818
-3759.836
-3748.818
-3759.836
-3748.818
-3748.818
-3748.818
-3737.734
-3748.818
-3748.818
-3748.818
-3737.734
-3737.734
-3737.734
-3737.734
-3737.734
-3748.818
-3737.734
-3737.734
-3737.734
-3737.734
-3737.734
-3737.734
-3737.734
-3748.818
-3737.734
-3737.734
-3726.716
-3748.818
-3737.734
-3737.734
-3737.734
-3726.716
-3715.632
-3737.734
-3726.716
-3726.716
-3726.716
-3726.716
-3726.716
-3737.734
-3726.716
-3726.716
-3715.632
-3726.716
-3715.632
-3715.632
-3704.680
-3715.632
-3704.680
-3715.632
-3704.680
-3715.632
-3715.632
-3715.632
-3715.632
-3704.680
-3704.680
-3715.632
-3704.680
-3715.632
-3704.680
-3704.680
-3704.680
-3704.680
-3693.596
-3693.596
-3693.596
-3704.680
-3693.596
-3704.680
-3693.596
-3704.680
-3693.596
-3693.596
-3693.596
-3693.596
-3693.596
-3693.596
-3693.596
-3693.596
-3682.578
-3693.596
-3682.578
-3682.578
-3671.560
-3682.578
-3682.578
-3682.578
-3671.560
-3693.596
-3682.578
-3671.560
-3671.560
-3682.578
-3682.578
-3682.578
-3671.560
-3671.560
-3671.560
-3671.560
-3671.560
-3682.578
-3671.560
-3671.560
-3671.560
-3671.560
-3660.476
-3671.560
-3671.560
-3671.560
-3660.476
-3660.476
-3660.476
-3671.560
-3671.560
-3671.560
-3671.560
-3660.476
-3660.476
-3671.560
-3660.476
-3660.476
-3649.458
-3649.458
-3649.458
-3660.476
-3649.458
-3660.476
-3649.458
-3649.458
-3649.458
-3649.458
-3649.458
-3649.458
-3649.458
-3649.458
-3638.373
-3649.458
-3649.458
-3649.458
-3649.458
-3649.458
-3649.458
-3649.458
-3649.458
-3649.458
-3638.373
-3649.458
-3638.373
-3649.458
-3638.373
-3649.458
-3638.373
-3638.373
-3638.373
-3649.458
-3627.355
-3638.373
-3638.373
-3627.355
-3627.355
-3638.373
-3627.355
-3638.373
-3627.355
-3627.355
-3627.355
-3638.373
-3627.355
-3627.355
-3627.355
-3638.373
-3627.355
-3627.355
-3627.355
-3627.355
-3627.355
-3638.373
-3616.271
-3627.355
-3616.271
-3627.355
-3627.355
-3616.271
-3616.271
-3616.271
-3627.355
-3616.271
-3627.355
-3627.355
-3616.271
-3627.355
-3616.271
-3627.355
-3616.271
-3616.271
-3616.271
-3616.271
-3616.271
-3616.271
-3605.253
-3616.271
-3605.253
-3616.271
-3616.271
-3616.271
-3616.271
-3616.271
-3605.253
-3605.253
-3616.271
-3616.271
-3605.253
-3605.253
-3605.253
-3616.271
-3616.271
-3616.271
-3605.253
-3616.271
-3605.253
-3605.253
-3605.253
-3605.253
-3605.253
-3605.253
-3605.253
-3605.253
-3605.253
-3605.253
-3594.302
-3605.253
-3594.302
-3605.253
-3605.253
-3605.253
-3605.253
-3594.302
-3605.253
-3594.302
-3594.302
-3605.253
-3594.302
-3594.302
-3594.302
-3594.302
-3594.302
-3605.253
-3594.302
-3594.302
-3594.302
-3605.253
-3594.302
-3594.302
-3594.302
-3594.302
-3583.217
-3605.253
-3583.217
-3605.253
-3594.302
-3594.302
-3594.302
-3583.217
-3594.302
-3583.217
-3583.217
-3594.302
-3583.217
-3594.302
-3594.302
-3594.302
-3583.217
-3583.217
-3583.217
-3605.253
-3583.217
-3594.302
-3594.302
-3594.302
-3583.217
-3583.217
-3583.217
-3583.217
-3583.217
-3583.217
-3583.217
-3583.217
-3572.199
-3583.217
-3583.217
-3583.217
-3583.217
-3572.199
-3583.217
-3594.302
-3583.217
-3583.217
-3572.199
-3583.217
-3583.217
-3572.199
-3572.199
-3572.199
-3583.217
-3583.217
-3572.199
-3572.199
-3572.199
-3572.199
-3572.199
-3583.217
-3572.199
-3572.199
-3572.199
-3583.217
-3572.199
-3572.199
-3572.199
-3572.199
-3572.199
-3572.199
-3572.199
-3572.199
-3572.199
-3572.199
-3572.199
-3572.199
-3561.115
-3572.199
-3572.199
-3572.199
-3561.115
-3572.199
-3561.115
-3572.199
-3561.115
-3572.199
-3561.115
-3572.199
-3561.115
-3561.115
-3561.115
-3572.199
-3572.199
-3572.199
-3561.115
-3572.199
-3550.097
-3561.115
-3550.097
-3561.115
-3561.115
-3561.115
-3561.115
-3561.115
-3550.097
-3561.115
-3561.115
-3561.115
-3561.115
-3561.115
-3539.013
-3561.115
-3550.097
-3561.115
-3550.097
-3561.115
-3550.097
-3550.097
-3550.097
-3550.097
-3539.013
-3550.097
-3550.097
-3550.097
-3539.013
-3539.013
-3550.097
-3550.097
-3539.013
-3539.013
-3550.097
-3539.013
-3539.013
-3550.097
-3550.097
-3539.013
-3539.013
-3539.013
-3539.013
-3539.013
-3539.013
-3539.013
-3539.013
-3539.013
-3539.013
-3539.013
-3516.977
-3539.013
-3539.013
-3539.013
-3550.097
-3539.013
-3527.995
-3539.013
-3527.995
-3527.995
-3527.995
-3539.013
-3539.013
-3527.995
-3527.995
-3539.013
-3527.995
-3527.995
-3527.995
-3527.995
-3527.995
-3527.995
-3527.995
-3527.995
-3527.995
-3527.995
-3527.995
-3527.995
-3527.995
-3527.995
-3516.977
-3527.995
-3527.995
-3516.977
-3516.977
-3516.977
-3516.977
-3527.995
-3505.893
-3516.977
-3505.893
-3516.977
-3505.893
-3516.977
-3505.893
-3516.977
-3516.977
-3516.977
-3505.893
-3516.977
-3505.893
-3516.977
-3505.893
-3516.977
-3505.893
-3516.977
-3505.893
-3505.893
-3494.941
-3516.977
-3494.941
-3505.893
-3505.893
-3505.893
-3494.941
-3505.893
-3494.941
-3505.893
-3494.941
-3494.941
-3494.941
-3505.893
-3494.941
-3505.893
-3494.941
-3494.941
-3494.941
-3494.941
-3494.941
-3494.941
-3483.857
-3483.857
-3483.857
-3483.857
-3483.857
-3494.941
-3483.857
-3494.941
-3494.941
-3494.941
-3483.857
-3483.857
-3494.941
-3483.857
-3483.857
-3483.857
-3472.839
-3483.857
-3472.839
-3483.857
-3472.839
-3483.857
-3483.857
-3472.839
-3472.839
-3483.857
-3472.839
-3472.839
-3472.839
-3472.839
-3472.839
-3472.839
-3472.839
-3472.839
-3461.755
-3472.839
-3461.755
-3461.755
-3461.755
-3472.839
-3461.755
-3461.755
-3450.737
-3450.737
-3450.737
-3461.755
-3461.755
-3461.755
-3461.755
-3461.755
-3450.737
-3461.755
-3450.737
-3450.737
-3450.737
-3450.737
-3450.737
-3450.737
-3439.652
-3450.737
-3450.737
-3450.737
-3439.652
-3439.652
-3439.652
-3439.652
-3450.737
-3450.737
-3439.652
-3450.737
-3439.652
-3439.652
-3450.737
-3439.652
-3428.634
-3439.652
-3428.634
-3439.652
-3428.634
-3439.652
-3439.652
-3439.652
-3428.634
-3428.634
-3428.634
-3439.652
-3428.634
-3428.634
-3417.616
-3428.634
-3417.616
-3428.634
-3417.616
-3417.616
-3417.616
-3428.634
-3428.634
-3428.634
-3428.634
-3417.616
-3417.616
-3428.634
-3428.634
-3428.634
-3417.616
-3417.616
-3417.616
-3417.616
-3406.532
-3417.616
-3406.532
-3428.634
-3417.616
-3417.616
-3417.616
-3417.616
-3417.616
-3417.616
-3406.532
-3406.532
-3406.532
-3417.616
-3406.532
-3417.616
-3406.532
-3406.532
-3417.616
-3406.532
-3406.532
-3406.532
-3406.532
-3417.616
-3406.532
-3406.532
-3406.532
-3417.616
-3406.532
-3417.616
-3395.514
-3417.616
-3395.514
-3406.532
-3406.532
-3406.532
-3406.532
-3406.532
-3395.514
-3406.532
-3395.514
-3395.514
-3406.532
-3395.514
-3406.532
-3406.532
-3395.514
-3406.532
-3395.514
-3406.532
-3395.514
-3395.514
-3395.514
-3395.514
-3395.514
-3406.532
-3395.514
-3395.514
-3395.514
-3406.532
-3395.514
-3384.496
-3384.496
-3395.514
-3384.496
-3395.514
-3384.496
-3395.514
-3395.514
-3395.514
-3384.496
-3395.514
-3384.496
-3395.514
-3384.496
-3395.514
-3384.496
-3395.514
-3384.496
-3395.514
-3384.496
-3395.514
-3384.496
-3395.514
-3384.496
-3395.514
-3384.496
-3384.496
-3384.496
-3384.496
-3384.496
-3395.514
-3384.496
-3395.514
-3384.496
-3384.496
-3384.496
-3395.514
-3384.496
-3384.496
-3384.496
-3384.496
-3384.496
-3384.496
-3373.478
-3384.496
-3373.478
-3384.496
-3384.496
-3373.478
-3362.394
-3384.496
-3384.496
-3384.496
-3373.478
-3384.496
-3373.478
-3384.496
-3384.496
-3384.496
-3362.394
-3373.478
-3373.478
-3384.496
-3373.478
-3384.496
-3373.478
-3373.478
-3373.478
-3373.478
-3362.394
-3384.496
-3373.478
-3373.478
-3362.394
-3373.478
-3362.394
-3373.478
-3362.394
-3373.478
-3362.394
-3373.478
-3362.394
-3362.394
-3351.376
-3362.394
-3351.376
-3362.394
-3373.478
-3384.496
-3362.394
-3362.394
-3351.376
-3362.394
-3351.376
-3351.376
-3362.394
-3362.394
-3362.394
-3362.394
-3362.394
-3362.394
-3351.376
-3373.478
-3340.358
-3362.394
-3362.394
-3362.394
-3351.376
-3362.394
-3351.376
-3351.376
-3351.376
-3351.376
-3340.358
-3362.394
-3351.376
-3351.376
-3351.376
-3340.358
-3340.358
-3340.358
-3340.358
-3340.358
-3340.358
-3351.376
-3340.358
-3351.376
-3340.358
-3351.376
-3340.358
-3340.358
-3340.358
-3340.358
-3340.358
-3340.358
-3340.358
-3340.358
-3340.358
-3340.358
-3340.358
-3340.358
-3329.274
-3340.358
-3329.274
-3329.274
-3329.274
-3340.358
-3329.274
-3329.274
-3318.256
-3329.274
-3318.256
-3318.256
-3318.256
-3340.358
-3329.274
-3318.256
-3318.256
-3329.274
-3318.256
-3318.256
-3318.256
-3329.274
-3318.256
-3329.274
-3318.256
-3329.274
-3318.256
-3329.274
-3318.256
-3318.256
-3318.256
-3318.256
-3318.256
-3329.274
-3318.256
-3318.256
-3318.256
-3318.256
-3307.172
-3318.256
-3318.256
-3318.256
-3307.172
-3318.256
-3307.172
-3307.172
-3307.172
-3307.172
-3318.256
-3318.256
-3296.154
-3307.172
-3296.154
-3307.172
-3296.154
-3307.172
-3296.154
-3296.154
-3296.154
-3307.172
-3296.154
-3307.172
-3296.154
-3296.154
-3296.154
-3296.154
-3296.154
-3296.154
-3296.154
-3296.154
-3296.154
-3296.154
-3285.069
-3296.154
-3285.069
-3296.154
-3296.154
-3296.154
-3296.154
-3296.154
-3285.069
-3285.069
-3285.069
-3285.069
-3296.154
-3285.069
-3274.118
-3296.154
-3285.069
-3296.154
-3285.069
-3285.069
-3274.118
-3285.069
-3274.118
-3285.069
-3285.069
-3285.069
-3274.118
-3285.069
-3274.118
-3285.069
-3274.118
-3274.118
-3274.118
-3274.118
-3274.118
-3274.118
-3274.118
-3274.118
-3263.034
-3274.118
-3263.034
-3274.118
-3274.118
-3274.118
-3263.034
-3274.118
-3263.034
-3263.034
-3263.034
-3263.034
-3263.034
-3274.118
-3252.016
-3274.118
-3252.016
-3252.016
-3263.034
-3263.034
-3252.016
-3252.016
-3252.016
-3263.034
-3252.016
-3263.034
-3252.016
-3252.016
-3252.016
-3252.016
-3252.016
-3252.016
-3240.998
-3240.998
-3252.016
-3252.016
-3252.016
-3252.016
-3252.016
-3252.016
-3240.998
-3240.998
-3240.998
-3252.016
-3252.016
-3252.016
-3240.998
-3240.998
-3240.998
-3240.998
-3240.998
-3252.016
-3240.998
-3240.998
-3240.998
-3229.913
-3240.998
-3240.998
-3229.913
-3240.998
-3229.913
-3240.998
-3229.913
-3240.998
-3229.913
-3229.913
-3229.913
-3229.913
-3229.913
-3229.913
-3229.913
-3229.913
-3229.913
-3229.913
-3229.913
-3229.913
-3229.913
-3229.913
-3218.895
-3229.913
-3229.913
-3218.895
-3218.895
-3229.913
-3218.895
-3229.913
-3218.895
-3229.913
-3218.895
-3229.913
-3229.913
-3218.895
-3218.895
-3229.913
-3218.895
-3218.895
-3207.811
-3218.895
-3218.895
-3218.895
-3218.895
-3218.895
-3207.811
-3218.895
-3207.811
-3218.895
-3207.811
-3218.895
-3218.895
-3218.895
-3207.811
-3207.811
-3207.811
-3218.895
-3207.811
-3218.895
-3207.811
-3207.811
-3218.895
-3207.811
-3207.811
-3207.811
-3218.895
-3207.811
-3207.811
-3207.811
-3207.811
-3207.811
-3207.811
-3207.811
-3207.811
-3207.811
-3207.811
-3207.811
-3207.811
-3207.811
-3207.811
-3196.793
-3207.811
-3196.793
-3196.793
-3207.811
-3196.793
-3196.793
-3196.793
-3196.793
-3185.709
-3196.793
-3196.793
-3207.811
-3185.709
-3196.793
-3196.793
-3196.793
-3196.793
-3207.811
-3174.757
-3196.793
-3185.709
-3196.793
-3196.793
-3207.811
-3185.709
-3207.811
-3196.793
-3196.793
-3196.793
-3196.793
-3196.793
-3196.793
-3196.793
-3196.793
-3196.793
-3196.793
-3196.793
-3196.793
-3185.709
-3196.793
-3185.709
-3196.793
-3196.793
-3196.793
-3185.709
-3196.793
-3185.709
-3196.793
-3185.709
-3185.709
-3196.793
-3196.793
-3185.709
-3196.793
-3185.709
-3196.793
-3185.709
-3185.709
-3185.709
-3185.709
-3185.709
-3185.709
-3185.709
-3185.709
-3185.709
-3185.709
-3185.709
-3185.709
-3174.757
-3185.709
-3185.709
-3185.709
-3185.709
-3185.709
-3174.757
-3185.709
-3185.709
-3185.709
-3185.709
-3185.709
-3174.757
-3185.709
-3185.709
-3174.757
-3174.757
-3185.709
-3185.709
-3185.709
-3174.757
-3185.709
-3174.757
-3174.757
-3174.757
-3174.757
-3174.757
-3174.757
-3174.757
-3185.709
-3163.739
-3185.709
-3174.757
-3174.757
-3174.757
-3163.739
-3174.757
-3174.757
-3174.757
-3174.757
-3174.757
-3174.757
-3163.739
-3174.757
-3163.739
-3174.757
-3163.739
-3163.739
-3174.757
-3174.757
-3163.739
-3174.757
-3163.739
-3163.739
-3163.739
-3174.757
-3163.739
-3163.739
-3163.739
-3163.739
-3163.739
-3163.739
-3152.655
-3163.739
-3152.655
-3163.739
-3152.655
-3163.739
-3163.739
-3163.739
-3152.655
-3163.739
-3152.655
-3163.739
-3152.655
-3163.739
-3152.655
-3163.739
-3152.655
-3163.739
-3152.655
-3152.655
-3163.739
-3152.655
-3141.637
-3152.655
-3141.637
-3152.655
-3141.637
-3163.739
-3141.637
-3152.655
-3141.637
-3152.655
-3141.637
-3152.655
-3141.637
-3141.637
-3141.637
-3141.637
-3141.637
-3141.637
-3141.637
-3141.637
-3141.637
-3141.637
-3141.637
-3141.637
-3141.637
-3141.637
-3141.637
-3130.553
-3130.553
-3141.637
-3141.637
-3141.637
-3130.553
-3141.637
-3130.553
-3130.553
-3130.553
-3130.553
-3130.553
-3130.553
-3130.553
-3130.553
-3119.535
-3130.553
-3130.553
-3130.553
-3119.535
-3130.553
-3119.535
-3130.553
-3119.535
-3130.553
-3119.535
-3130.553
-3108.451
-3130.553
-3119.535
-3119.535
-3119.535
-3119.535
-3119.535
-3119.535
-3108.451
-3119.535
-3108.451
-3119.535
-3119.535
-3119.535
-3108.451
-3119.535
-3108.451
-3108.451
-3108.451
-3108.451
-3108.451
-3119.535
-3108.451
-3108.451
-3108.451
-3119.535
-3108.451
-3108.451
-3108.451
-3108.451
-3097.433
-3108.451
-3097.433
-3108.451
-3097.433
-3108.451
-3097.433
-3108.451
-3097.433
-3097.433
-3097.433
-3108.451
-3097.433
-3097.433
-3097.433
-3097.433
-3097.433
-3097.433
-3097.433
-3097.433
-3097.433
-3097.433
-3097.433
-3097.433
-3086.348
-3086.348
-3086.348
-3086.348
-3086.348
-3097.433
-3086.348
-3086.348
-3086.348
-3086.348
-3086.348
-3086.348
-3075.330
-3086.348
-3086.348
-3086.348
-3075.330
-3075.330
-3086.348
-3075.330
-3075.330
-3086.348
-3075.330
-3086.348
-3064.379
-3086.348
-3064.379
-3075.330
-3075.330
-3075.330
-3064.379
-3075.330
-3064.379
-3064.379
-3064.379
-3075.330
-3064.379
-3064.379
-3064.379
-3075.330
-3064.379
-3075.330
-3064.379
-3064.379
-3064.379
-3053.295
-3064.379
-3064.379
-3064.379
-3064.379
-3064.379
-3064.379
-3053.295
-3064.379
-3064.379
-3064.379
-3053.295
-3064.379
-3053.295
-3064.379
-3053.295
-3064.379
-3053.295
-3064.379
-3053.295
-3064.379
-3053.295
-3053.295
-3053.295
-3053.295
-3053.295
-3053.295
-3053.295
-3053.295
-3053.295
-3053.295
-3042.277
-3042.277
-3042.277
-3042.277
-3042.277
-3053.295
-3042.277
-3042.277
-3042.277
-3042.277
-3042.277
-3042.277
-3042.277
-3053.295
-3042.277
-3042.277
-3031.192
-3031.192
-3042.277
-3053.295
-3031.192
-3031.192
-3031.192
-3042.277
-3020.174
-3042.277
-3031.192
-3031.192
-3031.192
-3031.192
-3031.192
-3031.192
-3031.192
-3031.192
-3031.192
-3042.277
-3031.192
-3031.192
-3020.174
-3031.192
-3031.192
-3031.192
-3031.192
-3031.192
-3020.174
-3031.192
-3031.192
-3031.192
-3020.174
-3031.192
-3020.174
-3020.174
-3031.192
-3031.192
-3020.174
-3031.192
-3009.090
-3020.174
-3020.174
-3031.192
-3020.174
-3031.192
-3009.090
-3020.174
-3009.090
-3020.174
-3009.090
-3031.192
-3009.090
-3031.192
-3009.090
-3020.174
-3009.090
-3020.174
-3009.090
-3020.174
-3009.090
-3020.174
-3009.090
-3009.090
-3009.090
-3009.090
-3009.090
-3020.174
-3009.090
-3009.090
-3009.090
-3009.090
-3009.090
-3009.090
-2998.072
-3009.090
-3009.090
-3009.090
-3009.090
-3020.174
-2998.072
-3009.090
-2998.072
-2998.072
-2998.072
-2998.072
-2987.054
-2998.072
-2998.072
-3009.090
-2987.054
-2998.072
-2987.054
-3009.090
-2998.072
-2998.072
-2987.054
-3009.090
-2998.072
-3009.090
-2987.054
-2998.072
-2998.072
-2998.072
-2987.054
-2998.072
-2987.054
-2998.072
-2987.054
-2998.072
-2987.054
-3009.090
-2987.054
-2987.054
-2987.054
-2998.072
-2998.072
-2998.072
-2987.054
-2987.054
-2987.054
-2987.054
-2987.054
-2998.072
-2987.054
-2987.054
-2975.970
-2987.054
-2987.054
-2998.072
-2987.054
-2987.054
-2987.054
-2987.054
-2975.970
-2987.054
-2975.970
-2987.054
-2987.054
-2987.054
-2987.054
-2987.054
-2987.054
-2987.054
-2987.054
-2987.054
-2975.970
-2975.970
-2975.970
-2987.054
-2975.970
-2987.054
-2975.970
-2987.054
-2975.970
-2975.970
-2987.054
-2975.970
-2987.054
-2975.970
-2975.970
-2987.054
-2965.018
-2987.054
-2975.970
-2987.054
-2975.970
-2975.970
-2975.970
-2975.970
-2965.018
-2975.970
-2975.970
-2975.970
-2965.018
-2975.970
-2965.018
-2965.018
-2975.970
-2975.970
-2965.018
-2965.018
-2965.018
-2965.018
-2965.018
-2965.018
-2965.018
-2975.970
-2965.018
-2975.970
-2965.018
-2965.018
-2965.018
-2965.018
-2965.018
-2965.018
-2965.018
-2965.018
-2953.934
-2965.018
-2953.934
-2965.018
-2965.018
-2965.018
-2953.934
-2965.018
-2953.934
-2965.018
-2953.934
-2965.018
-2953.934
-2953.934
-2953.934
-2953.934
-2953.934
-2964.952
-2942.916
-2953.934
-2953.934
-2953.934
-2942.916
-2953.934
-2953.934
-2964.952
-2942.916
-2953.934
-2942.916
-2942.916
-2942.916
-2942.916
-2942.916
-2942.916
-2942.916
-2953.934
-2942.916
-2942.916
-2942.916
-2942.916
-2942.916
-2953.934
-2942.916
-2942.916
-2942.916
-2942.916
-2942.916
-2942.916
-2942.916
-2942.916
-2942.916
-2942.916
-2931.832
-2942.916
-2931.832
-2942.916
-2931.832
-2931.832
-2931.832
-2942.916
-2931.832
-2942.916
-2931.832
-2931.832
-2931.832
-2942.916
-2931.832
-2931.832
-2931.832
-2931.832
-2931.832
-2931.832
-2931.832
-2931.832
-2931.832
-2920.814
-2931.832
-2931.832
-2920.814
-2931.832
-2920.814
-2920.814
-2920.814
-2931.832
-2920.814
-2920.814
-2920.814
-2920.814
-2920.814
-2920.814
-2920.814
-2920.814
-2920.814
-2909.730
-2909.730
-2920.814
-2909.730
-2920.814
-2920.814
-2920.814
-2909.730
-2909.730
-2909.730
-2920.814
-2909.730
-2920.814
-2909.730
-2920.814
-2920.814
-2920.814
-2909.730
-2909.730
-2898.712
-2898.712
-2898.712
-2909.730
-2898.712
-2898.712
-2898.712
-2909.730
-2898.712
-2909.730
-2898.712
-2909.730
-2898.712
-2898.712
-2898.712
-2898.712
-2898.712
-2898.712
-2898.712
-2898.712
-2887.694
-2898.712
-2887.694
-2898.712
-2887.694
-2898.712
-2887.694
-2898.712
-2887.694
-2898.712
-2887.694
-2887.694
-2887.694
-2887.694
-2887.694
-2887.694
-2887.694
-2898.712
-2887.694
-2887.694
-2876.609
-2887.694
-2876.609
-2887.694
-2876.609
-2887.694
-2876.609
-2898.712
-2876.609
-2898.712
-2876.609
-2887.694
-2876.609
-2887.694
-2876.609
-2887.694
-2876.609
-2876.609
-2876.609
-2876.609
-2876.609
-2876.609
-2865.592
-2876.609
-2865.592
-2876.609
-2865.592
-2876.609
-2876.609
-2865.592
-2865.592
-2865.592
-2865.592
-2865.592
-2865.592
-2865.592
-2865.592
-2876.609
-2865.592
-2865.592
-2865.592
-2865.592
-2865.592
-2865.592
-2865.592
-2865.592
-2854.574
-2865.592
-2854.574
-2865.592
-2854.574
-2865.592
-2854.574
-2865.592
-2854.574
-2865.592
-2854.574
-2865.592
-2854.574
-2854.574
-2865.592
-2865.592
-2854.574
-2865.592
-2854.574
-2854.574
-2854.574
-2865.592
-2854.574
-2854.574
-2854.574
-2854.574
-2854.574
-2854.574
-2843.556
-2854.574
-2854.574
-2865.592
-2854.574
-2865.592
-2854.574
-2843.556
-2843.556
-2854.574
-2843.556
-2854.574
-2843.556
-2854.574
-2832.471
-2854.574
-2843.556
-2843.556
-2843.556
-2854.574
-2843.556
-2843.556
-2843.556
-2843.556
-2843.556
-2854.574
-2832.471
-2843.556
-2843.556
-2865.592
-2854.574
-2843.556
-2832.471
-2832.471
-2832.471
-2832.471
-2832.471
-2832.471
-2832.471
-2843.556
-2832.471
-2832.471
-2832.471
-2843.556
-2832.471
-2832.471
-2832.471
-2843.556
-2832.471
-2832.471
-2832.471
-2843.556
-2832.471
-2832.471
-2832.471
-2843.556
-2832.471
-2843.556
-2832.471
-2832.471
-2832.471
-2843.556
-2832.471
-2832.471
-2821.453
-2832.471
-2832.471
-2832.471
-2843.556
-2832.471
-2832.471
-2832.471
-2832.471
-2832.471
-2832.471
-2832.471
-2832.471
-2843.556
-2821.453
-2832.471
-2821.453
-2832.471
-2832.471
-2832.471
-2832.471
-2821.453
-2821.453
-2821.453
-2821.453
-2832.471
-2821.453
-2832.471
-2821.453
-2821.453
-2821.453
-2821.453
-2821.453
-2832.471
-2821.453
-2821.453
-2821.453
-2821.453
-2821.453
-2832.471
-2821.453
-2821.453
-2821.453
-2821.453
-2821.453
-2821.453
-2821.453
-2821.453
-2810.435
-2821.453
-2821.453
-2832.471
-2810.435
-2821.453
-2821.453
-2821.453
-2821.453
-2821.453
-2821.453
-2821.453
-2810.435
-2821.453
-2810.435
-2821.453
-2821.453
-2821.453
-2810.435
-2821.453
-2810.435
-2810.435
-2810.435
-2821.453
-2810.435
-2821.453
-2810.435
-2810.435
-2810.435
-2810.435
-2810.435
-2810.435
-2810.435
-2810.435
-2810.435
-2821.453
-2810.435
-2821.453
-2799.351
-2821.453
-2810.435
-2810.435
-2810.435
-2810.435
-2799.351
-2810.435
-2810.435
-2810.435
-2799.351
-2810.435
-2799.351
-2810.435
-2799.351
-2810.435
-2810.435
-2810.435
-2788.333
-2799.351
-2799.351
-2810.435
-2799.351
-2810.435
-2799.351
-2799.351
-2788.333
-2799.351
-2799.351
-2810.435
-2799.351
-2799.351
-2788.333
-2799.351
-2788.333
-2799.351
-2788.333
-2799.351
-2788.333
-2799.351
-2788.333
-2788.333
-2788.333
-2799.351
-2788.333
-2799.351
-2788.333
-2799.351
-2788.333
-2788.333
-2777.249
-2788.333
-2788.333
-2788.333
-2788.333
-2788.333
-2777.249
-2788.333
-2777.249
-2788.333
-2788.333
-2788.333
-2777.249
-2788.333
-2777.249
-2788.333
-2777.249
-2788.333
-2777.249
-2788.333
-2777.249
-2777.249
-2788.333
-2777.249
-2766.231
-2788.333
-2777.249
-2777.249
-2766.231
-2777.249
-2766.231
-2777.249
-2766.231
-2777.249
-2766.231
-2777.249
-2777.249
-2777.249
-2777.249
-2777.249
-2766.231
-2777.249
-2766.231
-2777.249
-2766.231
-2777.249
-2766.231
-2777.249
-2766.231
-2766.231
-2755.147
-2766.231
-2766.231
-2766.231
-2755.147
-2766.231
-2755.147
-2766.231
-2766.231
-2766.231
-2755.147
-2766.231
-2755.147
-2766.231
-2755.147
-2755.147
-2755.147
-2766.231
-2755.147
-2766.231
-2755.147
-2755.147
-2744.195
-2755.147
-2744.195
-2755.147
-2744.195
-2766.231
-2744.195
-2755.147
-2744.195
-2755.147
-2744.195
-2744.195
-2744.195
-2744.195
-2744.195
-2744.195
-2744.195
-2744.195
-2744.195
-2744.195
-2744.195
-2744.195
-2744.195
-2744.195
-2744.195
-2744.195
-2722.093
-2744.195
-2733.177
-2733.177
-2733.177
-2744.195
-2733.177
-2744.195
-2733.177
-2733.177
-2733.177
-2744.195
-2722.093
-2744.195
-2733.177
-2733.177
-2722.093
-2733.177
-2733.177
-2744.195
-2722.093
-2733.177
-2722.093
-2733.177
-2722.093
-2722.093
-2722.093
-2733.177
-2722.093
-2733.177
-2722.093
-2722.093
-2711.075
-2722.093
-2722.093
-2733.177
-2722.093
-2722.093
-2711.075
-2722.093
-2722.093
-2722.093
-2711.075
-2722.093
-2711.075
-2722.093
-2722.093
-2722.093
-2711.075
-2711.075
-2711.075
-2733.177
-2711.075
-2711.075
-2699.991
-2711.075
-2711.075
-2711.075
-2711.075
-2711.075
-2699.991
-2711.075
-2699.991
-2711.075
-2711.075
-2711.075
-2699.991
-2711.075
-2699.991
-2711.075
-2699.991
-2711.075
-2699.991
-2711.075
-2699.991
-2711.075
-2711.075
-2711.075
-2699.991
-2711.075
-2711.075
-2699.991
-2699.991
-2699.991
-2688.973
-2699.991
-2699.991
-2699.991
-2699.991
-2699.991
-2699.991
-2699.991
-2688.973
-2699.991
-2699.991
-2699.991
-2688.973
-2699.991
-2688.973
-2699.991
-2688.973
-2688.973
-2688.973
-2688.973
-2688.973
-2699.991
-2688.973
-2688.973
-2688.973
-2688.973
-2688.973
-2688.973
-2688.973
-2688.973
-2688.973
-2688.973
-2688.973
-2688.973
-2688.973
-2688.973
-2677.888
-2677.888
-2677.888
-2688.973
-2688.973
-2688.973
-2688.973
-2677.888
-2677.888
-2688.973
-2677.888
-2688.973
-2677.888
-2688.973
-2677.888
-2677.888
-2677.888
-2688.973
-2677.888
-2677.888
-2677.888
-2677.888
-2666.870
-2677.888
-2677.888
-2677.888
-2677.888
-2677.888
-2666.870
-2677.888
-2666.870
-2688.973
-2666.870
-2677.888
-2666.870
-2677.888
-2666.870
-2666.870
-2677.888
-2677.888
-2677.888
-2677.888
-2666.870
-2677.888
-2655.786
-2677.888
-2666.870
-2666.870
-2666.870
-2677.888
-2666.870
-2677.888
-2666.870
-2677.888
-2666.870
-2666.870
-2655.786
-2666.870
-2655.786
-2677.888
-2655.786
-2666.870
-2666.870
-2666.870
-2655.786
-2655.786
-2655.786
-2655.786
-2655.786
-2655.786
-2655.786
-2655.786
-2666.870
-2677.888
-2655.786
-2655.786
-2655.786
-2655.786
-2655.786
-2666.870
-2655.786
-2666.870
-2644.835
-2666.870
-2655.786
-2655.786
-2655.786
-2655.786
-2644.835
-2655.786
-2655.786
-2655.786
-2644.835
-2655.786
-2644.835
-2655.786
-2655.786
-2655.786
-2644.835
-2655.786
-2655.786
-2655.786
-2655.786
-2644.835
-2644.835
-2644.835
-2633.817
-2655.786
-2655.786
-2655.786
-2644.835
-2644.835
-2644.835
-2644.835
-2644.835
-2655.786
-2644.835
-2644.835
-2633.817
-2644.835
-2633.817
-2644.835
-2633.817
-2655.786
-2633.817
-2644.835
-2633.817
-2633.817
-2633.817
-2655.786
-2633.817
-2644.835
-2633.817
-2633.817
-2633.817
-2633.817
-2633.817
-2633.817
-2633.817
-2633.817
-2633.817
-2633.817
-2633.817
-2633.817
-2633.817
-2633.817
-2622.732
-2633.817
-2633.817
-2633.817
-2633.817
-2633.817
-2622.732
-2633.817
-2622.732
-2633.817
-2622.732
-2633.817
-2622.732
-2633.817
-2622.732
-2633.817
-2611.714
-2633.817
-2622.732
-2633.817
-2611.714
-2633.817
-2622.732
-2633.817
-2622.732
-2611.714
-2611.714
-2633.817
-2622.732
-2622.732
-2611.714
-2633.817
-2611.714
-2622.732
-2622.732
-2622.732
-2611.714
-2622.732
-2611.714
-2622.732
-2622.732
-2622.732
-2611.714
-2622.732
-2611.714
-2622.732
-2611.714
-2622.732
-2611.714
-2622.732
-2611.714
-2611.714
-2611.714
-2622.732
-2611.714
-2611.714
-2600.630
-2611.714
-2611.714
-2611.714
-2611.714
-2611.714
-2600.630
-2611.714
-2600.630
-2600.630
-2611.714
-2611.714
-2600.630
-2611.714
-2589.612
-2611.714
-2589.612
-2611.714
-2600.630
-2611.714
-2600.630
-2611.714
-2600.630
-2611.714
-2589.612
-2600.630
-2589.612
-2600.630
-2600.630
-2600.630
-2600.630
-2611.714
-2589.612
-2600.630
-2589.612
-2589.612
-2589.612
-2600.630
-2589.612
-2600.630
-2589.612
-2600.630
-2589.612
-2589.612
-2589.612
-2589.612
-2589.612
-2589.612
-2589.612
-2589.612
-2589.612
-2589.612
-2589.612
-2589.612
-2589.612
-2589.612
-2589.612
-2589.612
-2578.528
-2589.612
-2578.528
-2589.612
-2589.612
-2589.612
-2589.612
-2589.612
-2578.528
-2589.612
-2589.612
-2589.612
-2578.528
-2589.612
-2578.528
-2589.612
-2578.528
-2589.612
-2578.528
-2578.528
-2578.528
-2589.612
-2578.528
-2578.528
-2567.510
-2578.528
-2567.510
-2578.528
-2578.528
-2578.528
-2567.510
-2578.528
-2567.510
-2589.612
-2567.510
-2567.510
-2567.510
-2578.528
-2567.510
-2578.528
-2567.510
-2578.528
-2567.510
-2567.510
-2567.510
-2578.528
-2567.510
-2578.528
-2567.510
-2567.510
-2556.492
-2567.510
-2556.492
-2556.492
-2567.510
-2567.510
-2567.510
-2567.510
-2556.492
-2556.492
-2556.492
-2556.492
-2556.492
-2567.510
-2545.408
-2556.492
-2556.492
-2567.510
-2556.492
-2567.510
-2556.492
-2545.408
-2545.408
-2556.492
-2545.408
-2556.492
-2545.408
-2556.492
-2545.408
-2556.492
-2545.408
-2556.492
-2545.408
-2556.492
-2545.408
-2556.492
-2545.408
-2545.408
-2545.408
-2545.408
-2545.408
-2545.408
-2545.408
-2545.408
-2545.408
-2545.408
-2545.408
-2545.408
-2545.408
-2545.408
-2534.456
-2545.408
-2545.408
-2545.408
-2545.408
-2545.408
-2534.456
-2545.408
-2534.456
-2545.408
-2545.408
-2534.456
-2545.408
-2545.408
-2534.456
-2545.408
-2534.456
-2545.408
-2534.456
-2534.456
-2534.456
-2534.456
-2534.456
-2545.408
-2534.456
-2534.456
-2534.456
-2534.456
-2523.372
-2534.456
-2523.372
-2534.456
-2523.372
-2534.456
-2523.372
-2534.456
-2534.456
-2534.456
-2523.372
-2534.456
-2534.456
-2534.456
-2523.372
-2534.456
-2523.372
-2523.372
-2523.372
-2534.456
-2523.372
-2534.456
-2512.354
-2523.372
-2512.354
-2523.372
-2523.372
-2523.372
-2523.372
-2523.372
-2512.354
-2512.354
-2512.354
-2523.372
-2512.354
-2523.372
-2512.354
-2523.372
-2512.354
-2523.372
-2512.354
-2523.372
-2523.372
-2512.354
-2523.372
-2523.372
-2512.354
-2523.372
-2512.354
-2512.354
-2512.354
-2512.354
-2512.354
-2512.354
-2512.354
-2512.354
-2512.354
-2512.354
-2512.354
-2512.354
-2512.354
-2512.354
-2512.354
-2523.372
-2512.354
-2512.354
-2501.270
-2512.354
-2501.270
-2523.372
-2512.354
-2512.354
-2512.354
-2512.354
-2512.354
-2512.354
-2512.354
-2512.354
-2512.354
-2512.354
-2501.270
-2512.354
-2501.270
-2512.354
-2501.270
-2512.354
-2501.270
-2512.354
-2501.270
-2512.354
-2501.270
-2512.354
-2501.270
-2512.354
-2501.270
-2512.354
-2490.252
-2501.270
-2490.252
-2501.270
-2490.252
-2501.270
-2501.270
-2501.270
-2490.252
-2501.270
-2490.252
-2501.270
-2490.252
-2501.270
-2490.252
-2501.270
-2490.252
-2490.252
-2490.252
-2501.270
-2490.252
-2501.270
-2490.252
-2501.270
-2479.167
-2490.252
-2479.167
-2490.252
-2479.167
-2490.252
-2490.252
-2501.270
-2490.252
-2490.252
-2479.167
-2501.270
-2490.252
-2490.252
-2479.167
-2490.252
-2490.252
-2490.252
-2479.167
-2490.252
-2490.252
-2490.252
-2490.252
-2490.252
-2479.167
-2490.252
-2479.167
-2490.252
-2479.167
-2479.167
-2479.167
-2479.167
-2479.167
-2490.252
-2479.167
-2490.252
-2479.167
-2490.252
-2479.167
-2490.252
-2479.167
-2479.167
-2479.167
-2479.167
-2479.167
-2479.167
-2479.167
-2479.167
-2479.167
-2479.167
-2479.167
-2490.252
-2479.167
-2479.167
-2479.167
-2490.252
-2479.167
-2479.167
-2468.149
-2479.167
-2468.149
-2479.167
-2479.167
-2479.167
-2479.167
-2479.167
-2479.167
-2479.167
-2479.167
-2479.167
-2479.167
-2479.167
-2468.149
-2468.149
-2468.149
-2468.149
-2468.149
-2479.167
-2468.149
-2479.167
-2468.149
-2468.149
-2479.167
-2468.149
-2468.149
-2479.167
-2468.149
-2468.149
-2468.149
-2468.149
-2468.149
-2468.149
-2468.149
-2479.167
-2468.149
-2468.149
-2468.149
-2457.132
-2468.149
-2468.149
-2457.132
-2479.167
-2457.132
-2468.149
-2457.132
-2457.132
-2457.132
-2468.149
-2457.132
-2468.149
-2457.132
-2468.149
-2457.132
-2468.149
-2457.132
-2468.149
-2457.132
-2457.132
-2457.132
-2468.149
-2457.132
-2457.132
-2457.132
-2457.132
-2457.132
-2457.132
-2457.132
-2457.132
-2457.132
-2457.132
-2457.132
-2446.047
-2457.132
-2446.047
-2446.047
-2457.132
-2446.047
-2446.047
-2446.047
-2457.132
-2457.132
-2457.132
-2446.047
-2446.047
-2446.047
-2446.047
-2446.047
-2446.047
-2435.096
-2446.047
-2446.047
-2457.132
-2446.047
-2446.047
-2446.047
-2457.132
-2435.096
-2446.047
-2446.047
-2446.047
-2435.096
-2446.047
-2446.047
-2446.047
-2435.096
-2446.047
-2435.096
-2446.047
-2435.096
-2435.096
-2435.096
-2435.096
-2435.096
-2446.047
-2435.096
-2435.096
-2435.096
-2446.047
-2435.096
-2435.096
-2435.096
-2435.096
-2435.096
-2435.096
-2435.096
-2435.096
-2435.096
-2435.096
-2435.096
-2435.029
-2424.011
-2435.029
-2424.011
-2435.029
-2424.011
-2435.029
-2424.011
-2424.011
-2424.011
-2424.011
-2424.011
-2424.011
-2424.011
-2435.029
-2424.011
-2424.011
-2424.011
-2424.011
-2412.993
-2424.011
-2412.993
-2424.011
-2412.993
-2435.029
-2424.011
-2424.011
-2412.993
-2424.011
-2424.011
-2412.993
-2412.993
-2424.011
-2424.011
-2424.011
-2401.909
-2424.011
-2412.993
-2424.011
-2412.993
-2412.993
-2412.993
-2424.011
-2401.909
-2424.011
-2412.993
-2412.993
-2401.909
-2412.993
-2412.993
-2412.993
-2412.993
-2412.993
-2412.993
-2412.993
-2412.993
-2412.993
-2412.993
-2412.993
-2401.909
-2401.909
-2401.909
-2412.993
-2401.909
-2401.909
-2401.909
-2412.993
-2401.909
-2412.993
-2390.891
-2401.909
-2401.909
-2401.909
-2390.891
-2401.909
-2401.909
-2401.909
-2390.891
-2401.909
-2401.909
-2401.909
-2390.891
-2401.909
-2401.909
-2412.993
-2390.891
-2390.891
-2390.891
-2401.909
-2390.891
-2401.909
-2390.891
-2401.909
-2390.891
-2390.891
-2390.891
-2412.993
-2390.891
-2390.891
-2390.891
-2390.891
-2390.891
-2390.891
-2390.891
-2390.891
-2379.873
-2401.909
-2390.891
-2390.891
-2390.891
-2390.891
-2379.873
-2390.891
-2379.873
-2379.873
-2390.891
-2379.873
-2379.873
-2379.873
-2368.789
-2390.891
-2379.873
-2390.891
-2379.873
-2379.873
-2379.873
-2379.873
-2368.789
-2379.873
-2379.873
-2390.891
-2368.789
-2379.873
-2379.873
-2379.873
-2379.873
-2379.873
-2379.873
-2379.873
-2368.789
-2368.789
-2368.789
-2379.873
-2368.789
-2368.789
-2368.789
-2379.873
-2368.789
-2379.873
-2379.873
-2390.891
-2368.789
-2379.873
-2368.789
-2379.873
-2368.789
-2368.789
-2368.789
-2379.873
-2368.789
-2368.789
-2368.789
-2379.873
-2368.789
-2368.789
-2357.771
-2379.873
-2368.789
-2368.789
-2368.789
-2368.789
-2368.789
-2368.789
-2357.771
-2357.771
-2357.771
-2368.789
-2357.771
-2357.771
-2357.771
-2368.789
-2357.771
-2368.789
-2357.771
-2368.789
-2357.771
-2368.789
-2357.771
-2368.789
-2357.771
-2357.771
-2346.687
-2368.789
-2357.771
-2357.771
-2357.771
-2357.771
-2357.771
-2357.771
-2357.771
-2357.771
-2346.687
-2357.771
-2346.687
-2357.771
-2346.687
-2357.771
-2346.687
-2357.771
-2346.687
-2357.771
-2346.687
-2357.771
-2346.687
-2357.771
-2346.687
-2368.789
-2346.687
-2368.789
-2346.687
-2357.771
-2346.687
-2346.687
-2346.687
-2357.771
-2357.771
-2357.771
-2357.771
-2357.771
-2335.669
-2357.771
-2346.687
-2346.687
-2346.687
-2346.687
-2346.687
-2357.771
-2346.687
-2346.687
-2335.669
-2346.687
-2335.669
-2346.687
-2335.669
-2346.687
-2346.687
-2335.669
-2335.669
-2346.687
-2335.669
-2335.669
-2335.669
-2346.687
-2335.669
-2335.669
-2335.669
-2335.669
-2346.687
-2335.669
-2335.669
-2335.669
-2335.669
-2335.669
-2335.669
-2335.669
-2335.669
-2335.669
-2335.669
-2335.669
-2324.651
-2346.687
-2335.669
-2346.687
-2335.669
-2335.669
-2324.651
-2335.669
-2324.651
-2335.669
-2324.651
-2335.669
-2324.651
-2335.669
-2324.651
-2335.669
-2324.651
-2335.669
-2324.651
-2335.669
-2324.651
-2335.669
-2324.651
-2335.669
-2324.651
-2335.669
-2324.651
-2324.651
-2324.651
-2335.669
-2324.651
-2324.651
-2324.651
-2324.651
-2335.669
-2324.651
-2324.651
-2324.651
-2313.633
-2324.651
-2324.651
-2324.651
-2324.651
-2324.651
-2313.633
-2324.651
-2302.549
-2324.651
-2324.651
-2324.651
-2313.633
-2324.651
-2313.633
-2324.651
-2313.633
-2313.633
-2313.633
-2313.633
-2313.633
-2313.633
-2302.549
-2313.633
-2313.633
-2324.651
-2313.633
-2313.633
-2313.633
-2313.633
-2313.633
-2324.651
-2302.549
-2313.633
-2302.549
-2313.633
-2302.549
-2313.633
-2302.549
-2302.549
-2302.549
-2302.549
-2302.549
-2302.549
-2313.633
-2313.633
-2302.549
-2313.633
-2302.549
-2302.549
-2291.531
-2302.549
-2302.549
-2302.549
-2302.549
-2302.549
-2291.531
-2302.549
-2291.531
-2302.549
-2291.531
-2291.531
-2302.549
-2302.549
-2291.531
-2302.549
-2291.531
-2291.531
-2280.513
-2291.531
-2291.531
-2302.549
-2280.513
-2302.549
-2291.531
-2291.531
-2291.531
-2291.531
-2280.513
-2291.531
-2280.513
-2291.531
-2280.513
-2302.549
-2280.513
-2291.531
-2280.513
-2291.531
-2280.513
-2280.513
-2280.513
-2280.513
-2291.531
-2291.531
-2280.513
-2280.513
-2269.428
-2280.513
-2269.428
-2280.513
-2280.513
-2291.531
-2280.513
-2280.513
-2280.513
-2280.513
-2269.428
-2280.513
-2269.428
-2280.513
-2269.428
-2280.513
-2269.428
-2280.513
-2269.428
-2280.513
-2269.428
-2280.513
-2269.428
-2280.513
-2269.428
-2269.428
-2269.428
-2269.428
-2269.428
-2269.428
-2269.428
-2269.428
-2269.428
-2280.513
-2269.428
-2280.513
-2258.411
-2269.428
-2258.411
-2280.513
-2258.411
-2269.428
-2258.411
-2258.411
-2258.411
-2269.428
-2269.428
-2258.411
-2258.411
-2258.411
-2258.411
-2269.428
-2258.411
-2269.428
-2258.411
-2269.428
-2258.411
-2258.411
-2247.326
-2269.428
-2258.411
-2258.411
-2247.326
-2258.411
-2247.326
-2258.411
-2258.411
-2258.411
-2258.411
-2258.411
-2247.326
-2258.411
-2236.308
-2258.411
-2247.326
-2258.411
-2247.326
-2247.326
-2247.326
-2258.411
-2236.308
-2258.411
-2236.308
-2247.326
-2247.326
-2258.411
-2236.308
-2258.411
-2247.326
-2258.411
-2236.308
-2247.326
-2236.308
-2258.411
-2236.308
-2258.411
-2247.326
-2258.411
-2236.308
-2247.326
-2236.308
-2258.411
-2236.308
-2258.411
-2236.308
-2247.326
-2236.308
-2247.326
-2247.326
-2247.326
-2236.308
-2247.326
-2236.308
-2236.308
-2236.308
-2247.326
-2236.308
-2236.308
-2236.308
-2236.308
-2236.308
-2236.308
-2236.308
-2236.308
-2236.308
-2247.326
-2236.308
-2247.326
-2236.308
-2236.308
-2225.224
-2236.308
-2236.308
-2236.308
-2236.308
-2236.308
-2236.308
-2236.308
-2225.224
-2236.308
-2236.308
-2236.308
-2236.308
-2236.308
-2225.224
-2236.308
-2225.224
-2236.308
-2225.224
-2236.308
-2225.224
-2236.308
-2214.272
-2225.224
-2225.224
-2236.308
-2225.224
-2236.308
-2225.224
-2236.308
-2225.224
-2236.308
-2225.224
-2214.272
-2236.308
-2225.224
-2214.272
-2225.224
-2225.224
-2236.308
-2214.272
-2225.224
-2225.224
-2236.308
-2225.224
-2225.224
-2214.272
-2225.224
-2225.224
-2225.224
-2214.272
-2225.224
-2225.224
-2225.224
-2214.272
-2225.224
-2225.224
-2225.224
-2214.272
-2225.224
-2214.272
-2225.224
-2214.272
-2225.224
-2214.272
-2225.224
-2214.272
-2214.272
-2214.272
-2225.224
-2214.272
-2214.272
-2214.272
-2225.224
-2214.272
-2225.224
-2214.272
-2225.224
-2214.272
-2214.272
-2214.272
-2214.272
-2214.272
-2214.272
-2214.272
-2214.272
-2214.272
-2214.272
-2214.272
-2214.272
-2214.272
-2214.272
-2214.272
-2214.272
-2203.255
-2214.272
-2203.255
-2214.272
-2203.255
-2214.272
-2203.255
-2214.272
-2203.255
-2203.255
-2203.255
-2203.255
-2203.255
-2214.272
-2192.170
-2203.255
-2192.170
-2203.255
-2203.255
-2192.170
-2203.255
-2214.272
-2192.170
-2203.255
-2203.255
-2203.255
-2192.170
-2214.272
-2203.255
-2214.272
-2203.255
-2203.255
-2203.255
-2203.255
-2192.170
-2192.170
-2192.170
-2203.255
-2192.170
-2192.170
-2192.170
-2203.255
-2192.170
-2203.255
-2192.170
-2203.255
-2192.170
-2192.170
-2192.170
-2203.255
-2192.170
-2192.170
-2192.170
-2192.170
-2192.170
-2203.255
-2181.152
-2192.170
-2192.170
-2203.255
-2192.170
-2192.170
-2181.152
-2192.170
-2192.170
-2192.170
-2181.152
-2192.170
-2192.170
-2181.152
-2181.152
-2192.170
-2192.170
-2192.170
-2181.152
-2192.170
-2181.152
-2192.170
-2192.170
-2192.170
-2181.152
-2181.152
-2181.152
-2192.170
-2170.068
-2181.152
-2181.152
-2181.152
-2181.152
-2181.152
-2181.152
-2181.152
-2181.152
-2192.170
-2181.152
-2181.152
-2181.152
-2170.068
-2181.152
-2181.152
-2170.068
-2192.170
-2181.152
-2181.152
-2170.068
-2181.152
-2181.152
-2181.152
-2170.068
-2181.152
-2170.068
-2181.152
-2170.068
-2170.068
-2170.068
-2170.068
-2170.068
-2181.152
-2170.068
-2170.068
-2181.152
-2170.068
-2159.050
-2170.068
-2159.050
-2181.152
-2170.068
-2170.068
-2159.050
-2170.068
-2170.068
-2170.068
-2170.068
-2170.068
-2170.068
-2170.068
-2170.068
-2170.068
-2170.068
-2170.068
-2159.050
-2159.050
-2159.050
-2159.050
-2159.050
-2159.050
-2159.050
-2159.050
-2170.068
-2159.050
-2159.050
-2170.068
-2159.050
-2159.050
-2159.050
-2159.050
-2159.050
-2159.050
-2159.050
-2159.050
-2159.050
-2159.050
-2159.050
-2159.050
-2159.050
-2159.050
-2159.050
-2159.050
-2147.966
-2159.050
-2147.966
-2159.050
-2159.050
-2159.050
-2159.050
-2159.050
-2147.966
-2147.966
-2147.966
-2159.050
-2147.966
-2159.050
-2147.966
-2159.050
-2147.966
-2159.050
-2147.966
-2159.050
-2159.050
-2159.050
-2147.966
-2147.966
-2147.966
-2147.966
-2147.966
-2147.966
-2147.966
-2147.966
-2147.966
-2147.966
-2136.948
-2147.966
-2147.966
-2147.966
-2147.966
-2147.966
-2136.948
-2147.966
-2136.948
-2147.966
-2136.948
-2147.966
-2136.948
-2136.948
-2136.948
-2136.948
-2125.863
-2136.948
-2136.948
-2147.966
-2125.863
-2147.966
-2136.948
-2159.050
-2136.948
-2136.948
-2125.863
-2147.966
-2136.948
-2136.948
-2136.948
-2136.948
-2136.948
-2136.948
-2136.948
-2136.948
-2136.948
-2136.948
-2125.863
-2136.948
-2136.948
-2136.948
-2136.948
-2136.948
-2136.948
-2136.948
-2136.948
-2136.948
-2136.948
-2136.948
-2125.863
-2136.948
-2136.948
-2136.948
-2125.863
-2136.948
-2125.863
-2136.948
-2125.863
-2136.948
-2125.863
-2136.948
-2125.863
-2136.948
-2125.863
-2125.863
-2125.863
-2125.863
-2125.863
-2125.863
-2125.863
-2136.948
-2125.863
-2125.863
-2125.863
-2125.863
-2114.912
-2136.948
-2114.912
-2125.863
-2125.863
-2125.863
-2125.863
-2125.863
-2114.912
-2125.863
-2114.912
-2114.912
-2125.863
-2114.912
-2114.912
-2125.863
-2103.894
-2125.863
-2114.912
-2114.912
-2114.912
-2114.912
-2114.912
-2125.863
-2114.912
-2125.863
-2114.912
-2114.912
-2114.912
-2114.912
-2114.912
-2125.863
-2114.912
-2125.863
-2114.912
-2114.912
-2114.912
-2114.912
-2125.863
-2114.912
-2114.912
-2125.863
-2103.894
-2103.894
-2114.912
-2103.894
-2103.894
-2125.863
-2114.912
-2114.912
-2103.894
-2103.894
-2103.894
-2114.912
-2103.894
-2103.894
-2103.894
-2114.912
-2103.894
-2114.912
-2114.912
-2114.912
-2103.894
-2103.894
-2103.894
-2103.894
-2103.894
-2114.912
-2103.894
-2103.894
-2103.894
-2103.894
-2103.894
-2114.912
-2103.894
-2103.894
-2103.894
-2103.894
-2092.810
-2103.894
-2092.810
-2103.894
-2103.894
-2103.894
-2092.810
-2092.810
-2103.894
-2103.894
-2092.810
-2103.894
-2092.810
-2103.894
-2092.810
-2103.894
-2081.792
-2103.894
-2092.810
-2103.894
-2081.792
-2092.810
-2092.810
-2103.894
-2103.894
-2103.894
-2081.792
-2092.810
-2092.810
-2103.894
-2092.810
-2103.894
-2081.792
-2103.894
-2092.810
-2092.810
-2081.792
-2092.810
-2081.792
-2081.792
-2081.792
-2092.810
-2081.792
-2092.810
-2081.792
-2092.810
-2081.792
-2092.810
-2081.792
-2081.792
-2081.792
-2081.792
-2081.792
-2081.792
-2081.792
-2092.810
-2081.792
-2081.792
-2081.792
-2081.792
-2081.792
-2081.792
-2081.792
-2081.792
-2081.792
-2092.810
-2081.792
-2092.810
-2081.792
-2081.792
-2070.707
-2081.792
-2070.707
-2081.792
-2081.792
-2081.792
-2070.707
-2081.792
-2070.707
-2081.792
-2081.792
-2081.792
-2081.792
-2070.707
-2070.707
-2081.792
-2070.707
-2081.792
-2070.707
-2070.707
-2081.792
-2081.792
-2070.707
-2070.707
-2070.707
-2081.792
-2070.707
-2081.792
-2081.792
-2081.792
-2070.707
-2070.707
-2070.707
-2070.707
-2081.792
-2070.707
-2070.707
-2070.707
-2070.707
-2070.707
-2070.707
-2059.690
-2059.690
-2070.707
-2059.690
-2070.707
-2059.690
-2070.707
-2059.690
-2059.690
-2059.690
-2059.690
-2059.690
-2070.707
-2059.690
-2070.707
-2059.690
-2070.707
-2059.690
-2070.707
-2059.690
-2070.707
-2070.707
-2059.690
-2059.690
-2070.707
-2048.605
-2059.690
-2059.690
-2070.707
-2059.690
-2059.690
-2048.605
-2070.707
-2059.690
-2059.690
-2048.605
-2059.690
-2048.605
-2070.707
-2059.690
-2059.690
-2048.605
-2059.690
-2059.690
-2059.690
-2048.605
-2048.605
-2059.690
-2059.690
-2048.605
-2059.690
-2048.605
-2059.690
-2048.605
-2059.690
-2048.605
-2059.690
-2037.587
-2059.690
-2048.605
-2059.690
-2037.587
-2059.690
-2048.605
-2059.690
-2048.605
-2048.605
-2037.587
-2048.605
-2048.605
-2059.690
-2037.587
-2048.605
-2037.587
-2048.605
-2048.605
-2048.605
-2037.587
-2059.690
-2048.605
-2048.605
-2037.587
-2037.587
-2037.587
-2037.587
-2037.587
-2048.605
-2037.587
-2037.587
-2026.569
-2048.605
-2037.587
-2037.587
-2037.587
-2037.587
-2026.569
-2037.587
-2026.569
-2037.587
-2037.587
-2037.587
-2037.587
-2037.587
-2026.569
-2037.587
-2037.587
-2037.587
-2037.587
-2037.587
-2026.569
-2026.569
-2026.569
-2026.569
-2026.569
-2037.587
-2037.587
-2037.587
-2026.569
-2037.587
-2026.569
-2037.587
-2026.569
-2026.569
-2026.569
-2026.569
-2026.569
-2037.587
-2026.569
-2026.569
-2037.587
-2026.569
-2026.569
-2037.587
-2026.569
-2037.587
-2026.569
-2026.569
-2026.569
-2026.569
-2015.485
-2015.485
-2015.485
-2015.485
-2015.485
-2037.587
-2015.485
-2026.569
-2015.485
-2015.485
-2015.485
-2026.569
-2015.485
-2026.569
-2015.485
-2026.569
-2004.533
-2026.569
-2015.485
-2026.569
-2015.485
-2015.485
-2004.533
-2026.569
-2015.485
-2026.569
-2015.485
-2026.569
-2004.533
-2015.485
-2015.485
-2015.485
-2004.533
-2015.485
-2004.533
-2004.533
-2004.533
-2015.485
-2004.533
-2004.533
-2004.533
-2015.485
-2015.485
-2004.533
-2004.533
-2015.485
-2004.533
-2004.533
-2004.533
-2015.485
-2004.533
-2004.533
-2004.533
-2004.533
-1993.449
-2015.485
-2004.533
-2004.533
-1993.449
-2004.533
-2004.533
-2004.533
-2004.533
-2004.533
-2004.533
-2004.533
-1993.449
-1993.449
-1993.449
-2004.533
-1993.449
-2004.533
-1993.449
-2004.533
-1993.449
-2004.533
-1993.449
-2004.533
-1993.449
-1993.449
-1993.449
-2004.533
-1982.431
-2004.533
-1993.449
-1993.449
-1982.431
-2004.533
-1993.449
-1993.449
-1993.449
-2004.533
-1993.449
-1993.449
-1982.431
-1993.449
-1982.431
-1993.449
-1982.431
-1993.449
-1982.431
-1993.449
-1982.431
-1993.449
-1982.431
-1982.431
-1982.431
-1993.449
-1982.431
-1993.449
-1993.449
-1993.449
-1982.431
-1982.431
-1982.431
-1982.431
-1982.431
-1982.431
-1982.431
-1993.449
-1982.431
-1982.431
-1982.431
-1993.449
-1982.431
-1993.449
-1982.431
-1982.431
-1971.347
-1982.431
-1971.347
-1982.431
-1971.347
-1982.431
-1982.431
-1982.431
-1982.431
-1993.449
-1982.431
-1982.431
-1982.431
-1982.431
-1971.347
-1982.431
-1971.347
-1982.431
-1971.347
-1982.431
-1982.431
-1971.347
-1960.329
-1982.431
-1971.347
-1982.431
-1971.347
-1982.431
-1971.347
-1971.347
-1971.347
-1982.431
-1971.347
-1982.431
-1971.347
-1982.431
-1971.347
-1982.431
-1971.347
-1971.347
-1960.329
-1971.347
-1960.329
-1982.431
-1971.347
-1971.347
-1960.329
-1982.431
-1971.347
-1971.347
-1960.329
-1982.431
-1971.347
-1982.431
-1971.347
-1971.347
-1960.329
-1971.347
-1960.329
-1971.347
-1960.329
-1971.347
-1960.329
-1971.347
-1971.347
-1971.347
-1960.329
-1971.347
-1960.329
-1971.347
-1960.329
-1960.329
-1949.311
-1960.329
-1949.311
-1971.347
-1960.329
-1971.347
-1949.311
-1971.347
-1949.311
-1971.347
-1949.311
-1971.347
-1949.311
-1971.347
-1949.311
-1960.329
-1949.311
-1971.347
-1949.311
-1949.311
-1949.311
-1960.329
-1938.227
-1960.329
-1949.311
-1960.329
-1949.311
-1960.329
-1949.311
-1971.347
-1949.311
-1960.329
-1949.311
-1960.329
-1949.311
-1960.329
-1949.311
-1949.311
-1949.311
-1949.311
-1949.311
-1949.311
-1949.311
-1960.329
-1949.311
-1960.329
-1949.311
-1949.311
-1949.311
-1949.311
-1938.227
-1949.311
-1938.227
-1938.227
-1938.227
-1949.311
-1949.311
-1949.311
-1949.311
-1949.311
-1938.227
-1949.311
-1938.227
-1949.311
-1949.311
-1938.227
-1927.209
-1949.311
-1927.209
-1949.311
-1938.227
-1949.311
-1927.209
-1938.227
-1938.227
-1949.311
-1938.227
-1938.227
-1927.209
-1938.227
-1938.227
-1949.311
-1927.209
-1938.227
-1938.227
-1938.227
-1927.209
-1949.311
-1927.209
-1938.227
-1927.209
-1938.227
-1927.209
-1949.311
-1927.209
-1949.311
-1927.209
-1949.311
-1927.209
-1938.227
-1927.209
-1927.209
-1927.209
-1927.209
-1938.227
-1938.227
-1927.209
-1927.209
-1927.209
-1927.209
-1927.209
-1927.209
-1927.209
-1927.209
-1916.125
-1938.227
-1927.209
-1927.209
-1927.209
-1927.209
-1916.125
-1927.209
-1916.125
-1927.209
-1927.209
-1927.209
-1916.125
-1927.209
-1927.209
-1927.209
-1916.125
-1927.209
-1927.209
-1927.209
-1916.125
-1927.209
-1927.209
-1927.209
-1916.125
-1927.209
-1916.125
-1927.209
-1927.209
-1927.209
-1916.125
-1927.209
-1916.125
-1927.209
-1905.173
-1927.209
-1916.125
-1916.125
-1916.125
-1916.125
-1916.125
-1916.125
-1905.173
-1916.125
-1916.125
-1916.125
-1905.173
-1916.125
-1905.173
-1916.125
-1905.173
-1916.125
-1905.173
-1916.125
-1905.173
-1916.125
-1905.107
-1905.107
-1905.173
-1916.125
-1905.107
-1905.107
-1905.173
-1916.125
-1905.173
-1916.125
-1905.107
-1905.107
-1905.107
-1905.107
-1905.107
-1905.107
-1905.107
-1905.107
-1905.107
-1905.107
-1894.089
-1905.107
-1905.107
-1905.107
-1905.107
-1905.107
-1894.089
-1905.107
-1905.107
-1905.107
-1894.089
-1905.107
-1894.089
-1905.107
-1894.089
-1894.089
-1894.089
-1905.107
-1894.089
-1905.107
-1894.089
-1905.107
-1894.089
-1894.089
-1894.089
-1905.107
-1894.089
-1905.107
-1894.089
-1894.089
-1883.071
-1905.107
-1894.089
-1894.089
-1894.089
-1883.071
-1883.071
-1894.089
-1894.089
-1883.071
-1883.071
-1894.089
-1883.071
-1905.107
-1894.089
-1905.107
-1883.071
-1883.071
-1883.071
-1905.107
-1883.071
-1894.089
-1883.071
-1894.089
-1883.071
-1894.089
-1883.071
-1883.071
-1883.071
-1883.071
-1883.071
-1883.071
-1883.071
-1883.071
-1883.071
-1883.071
-1883.071
-1883.071
-1883.071
-1883.071
-1883.071
-1894.089
-1883.071
-1883.071
-1883.071
-1883.071
-1871.986
-1883.071
-1883.071
-1883.071
-1883.071
-1883.071
-1883.071
-1883.071
-1883.071
-1883.071
-1871.986
-1883.071
-1871.986
-1871.986
-1883.071
-1883.071
-1871.986
-1883.071
-1871.986
-1883.071
-1871.986
-1883.071
-1860.969
-1883.071
-1883.071
-1883.071
-1871.986
-1883.071
-1871.986
-1871.986
-1860.969
-1883.071
-1871.986
-1883.071
-1871.986
-1871.986
-1871.986
-1871.986
-1860.969
-1883.071
-1871.986
-1871.986
-1871.986
-1871.986
-1871.986
-1871.986
-1860.969
-1871.986
-1860.969
-1871.986
-1860.969
-1871.986
-1860.969
-1871.986
-1860.969
-1883.071
-1860.969
-1860.969
-1860.969
-1871.986
-1860.969
-1871.986
-1860.969
-1871.986
-1860.969
-1860.969
-1860.969
-1871.986
-1860.969
-1860.969
-1860.969
-1871.986
-1860.969
-1871.986
-1849.951
-1871.986
-1849.951
-1849.951
-1860.969
-1860.969
-1849.951
-1860.969
-1860.969
-1860.969
-1860.969
-1860.969
-1860.969
-1860.969
-1849.951
-1860.969
-1849.951
-1860.969
-1860.969
-1860.969
-1860.969
-1860.969
-1860.969
-1860.969
-1860.969
-1860.969
-1860.969
-1860.969
-1849.951
-1860.969
-1849.951
-1849.951
-1849.951
-1849.951
-1849.951
-1860.969
-1849.951
-1849.951
-1860.969
-1860.969
-1838.866
-1860.969
-1838.866
-1849.951
-1849.951
-1849.951
-1838.866
-1849.951
-1849.951
-1849.951
-1838.866
-1849.951
-1838.866
-1849.951
-1849.951
-1849.951
-1838.866
-1849.951
-1838.866
-1849.951
-1849.951
-1849.951
-1838.866
-1849.951
-1838.866
-1849.951
-1838.866
-1838.866
-1838.866
-1849.951
-1838.866
-1838.866
-1838.866
-1838.866
-1838.866
-1838.866
-1838.866
-1849.951
-1838.866
-1838.866
-1838.866
-1849.951
-1838.866
-1838.866
-1838.866
-1838.866
-1827.848
-1849.951
-1827.848
-1849.951
-1838.866
-1838.866
-1827.848
-1838.866
-1838.866
-1838.866
-1838.866
-1838.866
-1827.848
-1838.866
-1838.866
-1838.866
-1838.866
-1838.866
-1827.848
-1838.866
-1827.848
-1838.866
-1838.866
-1838.866
-1827.848
-1838.866
-1827.848
-1827.848
-1816.764
-1827.848
-1827.848
-1838.866
-1827.848
-1827.848
-1816.764
-1838.866
-1827.848
-1838.866
-1827.848
-1827.848
-1827.848
-1827.848
-1827.848
-1849.951
-1827.848
-1827.848
-1816.764
-1827.848
-1827.848
-1827.848
-1827.848
-1827.848
-1827.848
-1827.848
-1827.848
-1827.848
-1827.848
-1827.848
-1816.764
-1827.848
-1827.848
-1838.866
-1816.764
-1827.848
-1816.764
-1827.848
-1816.764
-1827.848
-1816.764
-1827.848
-1816.764
-1827.848
-1816.764
-1816.764
-1816.764
-1838.866
-1816.764
-1827.848
-1816.764
-1827.848
-1816.764
-1827.848
-1816.764
-1816.764
-1816.764
-1816.764
-1816.764
-1816.764
-1816.764
-1827.848
-1805.746
-1827.848
-1816.764
-1816.764
-1805.746
-1816.764
-1816.764
-1816.764
-1805.746
-1816.764
-1805.746
-1805.746
-1816.764
-1805.746
-1805.746
-1816.764
-1805.746
-1816.764
-1805.746
-1805.746
-1805.746
-1816.764
-1816.764
-1805.746
-1805.746
-1805.746
-1805.746
-1816.764
-1805.746
-1805.746
-1805.746
-1816.764
-1805.746
-1816.764
-1805.746
-1805.746
-1805.746
-1805.746
-1805.746
-1816.764
-1805.746
-1805.746
-1794.728
-1805.746
-1805.746
-1805.746
-1805.746
-1805.746
-1794.728
-1805.746
-1794.728
-1805.746
-1794.728
-1805.746
-1805.746
-1805.746
-1794.728
-1794.728
-1794.728
-1805.746
-1794.728
-1805.746
-1794.728
-1805.746
-1783.710
-1805.746
-1794.728
-1794.728
-1794.728
-1805.746
-1794.728
-1805.746
-1794.728
-1805.746
-1794.728
-1805.746
-1794.728
-1805.746
-1794.728
-1794.728
-1783.710
-1805.746
-1794.728
-1794.728
-1794.728
-1805.746
-1783.710
-1794.728
-1794.728
-1794.728
-1783.710
-1805.746
-1783.710
-1794.728
-1794.728
-1794.728
-1783.710
-1794.728
-1783.710
-1794.728
-1794.728
-1794.728
-1783.710
-1794.728
-1783.710
-1794.728
-1783.710
-1794.728
-1783.710
-1794.728
-1783.710
-1783.710
-1783.710
-1783.710
-1783.710
-1794.728
-1783.710
-1783.710
-1783.710
-1794.728
-1772.692
-1794.728
-1783.710
-1783.710
-1783.710
-1794.728
-1783.710
-1783.710
-1783.710
-1794.662
-1761.608
-1783.710
-1794.728
-1772.692
-1772.692
-1783.710
-1783.710
-1783.710
-1772.692
-1783.710
-1783.710
-1794.728
-1772.692
-1783.710
-1772.692
-1783.710
-1772.692
-1783.710
-1783.710
-1783.710
-1772.692
-1783.710
-1772.692
-1783.710
-1772.692
-1772.692
-1772.692
-1783.710
-1772.692
-1783.710
-1772.692
-1783.710
-1783.710
-1783.710
-1772.692
-1783.710
-1772.692
-1783.710
-1772.692
-1772.692
-1772.692
-1783.710
-1772.692
-1772.692
-1772.692
-1783.710
-1772.692
-1772.692
-1761.608
-1772.692
-1772.692
-1772.692
-1772.692
-1772.692
-1772.692
-1772.692
-1761.608
-1772.692
-1772.692
-1772.692
-1772.692
-1772.692
-1761.608
-1772.692
-1772.692
-1772.692
-1772.692
-1772.692
-1761.608
-1772.692
-1761.608
-1761.608
-1761.608
-1772.692
-1761.608
-1772.692
-1761.608
-1750.590
-1772.692
-1761.608
-1761.608
-1772.692
-1750.590
-1761.608
-1761.608
-1761.608
-1761.608
-1761.608
-1761.608
-1761.608
-1772.692
-1761.608
-1761.608
-1772.692
-1750.590
-1761.608
-1761.608
-1761.608
-1761.608
-1772.692
-1761.608
-1761.608
-1761.608
-1761.608
-1750.590
-1761.608
-1761.608
-1761.608
-1761.608
-1761.608
-1750.590
-1761.608
-1761.608
-1761.608
-1750.590
-1761.608
-1750.590
-1750.590
-1750.590
-1761.608
-1750.590
-1750.590
-1750.590
-1761.608
-1750.590
-1761.608
-1750.590
-1761.608
-1750.590
-1750.590
-1750.590
-1761.608
-1750.590
-1761.608
-1750.590
-1750.590
-1750.590
-1761.608
-1750.590
-1761.608
-1750.590
-1761.608
-1750.590
-1750.590
-1739.506
-1761.608
-1739.506
-1750.590
-1739.506
-1750.590
-1750.590
-1750.590
-1739.506
-1750.590
-1739.506
-1750.590
-1739.506
-1750.590
-1739.506
-1750.590
-1750.590
-1750.590
-1739.506
-1750.590
-1739.506
-1739.506
-1739.506
-1750.590
-1739.506
-1739.506
-1728.488
-1750.590
-1739.506
-1750.590
-1739.506
-1739.506
-1728.488
-1750.590
-1739.506
-1750.590
-1739.506
-1739.506
-1739.506
-1739.506
-1728.488
-1750.590
-1728.488
-1750.590
-1728.488
-1739.506
-1728.488
-1739.506
-1728.488
-1739.506
-1728.488
-1739.506
-1728.488
-1728.488
-1728.488
-1739.506
-1728.488
-1728.488
-1728.488
-1739.506
-1728.488
-1739.506
-1728.488
-1739.506
-1728.488
-1739.506
-1728.488
-1739.506
-1728.488
-1728.488
-1717.404
-1739.506
-1717.404
-1728.488
-1728.488
-1728.488
-1728.488
-1728.488
-1728.488
-1728.488
-1728.488
-1739.506
-1717.404
-1728.488
-1728.488
-1739.506
-1728.488
-1728.488
-1717.404
-1728.488
-1728.488
-1728.488
-1728.488
-1728.488
-1717.404
-1728.488
-1717.404
-1717.404
-1717.404
-1728.488
-1706.386
-1728.488
-1728.488
-1728.488
-1728.488
-1728.488
-1728.488
-1728.488
-1717.404
-1728.488
-1717.404
-1717.404
-1717.404
-1717.404
-1717.404
-1728.488
-1717.404
-1717.404
-1717.404
-1717.404
-1717.404
-1728.488
-1717.404
-1728.488
-1717.404
-1717.404
-1717.404
-1717.404
-1717.404
-1728.488
-1717.404
-1717.404
-1706.386
-1717.404
-1717.404
-1728.488
-1706.386
-1717.404
-1706.386
-1717.404
-1717.404
-1717.404
-1706.386
-1717.404
-1717.404
-1717.404
-1706.386
-1717.404
-1695.301
-1717.404
-1717.404
-1717.404
-1706.386
-1717.404
-1706.386
-1717.404
-1706.386
-1706.386
-1695.301
-1706.386
-1706.386
-1717.404
-1695.301
-1717.404
-1695.301
-1706.386
-1706.386
-1717.404
-1706.386
-1717.404
-1695.301
-1706.386
-1706.386
-1717.404
-1695.301
-1706.386
-1695.301
-1706.386
-1706.386
-1706.386
-1706.386
-1706.386
-1695.301
-1706.386
-1695.301
-1706.386
-1706.386
-1695.301
-1695.301
-1706.386
-1695.301
-1706.386
-1695.301
-1706.386
-1706.386
-1706.386
-1706.386
-1706.386
-1695.301
-1717.404
-1695.301
-1706.386
-1695.301
-1706.386
-1684.350
-1695.301
-1695.301
-1695.301
-1684.350
-1706.386
-1684.350
-1695.301
-1684.350
-1706.386
-1684.350
-1695.301
-1684.350
-1706.386
-1684.350
-1695.301
-1684.350
-1706.386
-1684.350
-1695.301
-1684.350
-1695.301
-1684.350
-1695.301
-1684.350
-1695.301
-1684.350
-1695.301
-1684.350
-1695.301
-1684.350
-1684.350
-1684.350
-1695.301
-1673.332
-1695.301
-1684.350
-1684.350
-1684.350
-1695.301
-1684.350
-1695.301
-1673.332
-1684.350
-1684.350
-1684.350
-1684.350
-1684.350
-1684.350
-1684.350
-1673.332
-1684.350
-1684.350
-1684.350
-1684.350
-1684.350
-1673.332
-1695.301
-1684.350
-1673.332
-1684.350
-1695.301
-1673.332
-1684.350
-1673.332
-1673.332
-1684.350
-1673.332
-1673.332
-1684.350
-1673.332
-1684.350
-1673.332
-1684.350
-1673.332
-1684.350
-1673.332
-1673.332
-1673.332
-1673.332
-1673.332
-1684.350
-1684.350
-1673.332
-1673.332
-1684.350
-1673.332
-1684.350
-1673.332
-1673.332
-1673.332
-1673.332
-1662.248
-1673.332
-1662.248
-1684.350
-1673.332
-1673.332
-1673.332
-1673.332
-1673.332
-1673.332
-1662.248
-1684.350
-1662.248
-1684.350
-1662.248
-1673.332
-1673.332
-1673.332
-1662.248
-1673.332
-1662.248
-1673.332
-1662.248
-1673.332
-1662.248
-1662.248
-1662.248
-1673.332
-1662.248
-1673.332
-1662.248
-1673.332
-1651.230
-1662.248
-1662.248
-1662.248
-1651.230
-1673.332
-1662.248
-1662.248
-1651.230
-1662.248
-1662.248
-1673.332
-1662.248
-1662.248
-1651.230
-1662.248
-1651.230
-1662.248
-1662.248
-1662.248
-1651.230
-1662.248
-1651.230
-1662.248
-1651.230
-1662.248
-1651.230
-1662.248
-1662.248
-1662.248
-1651.230
-1662.248
-1651.230
-1662.248
-1662.248
-1651.230
-1651.230
-1662.248
-1651.230
-1651.230
-1651.230
-1662.248
-1651.230
-1662.248
-1651.230
-1651.230
-1640.145
-1651.230
-1651.230
-1651.230
-1651.230
-1662.248
-1651.230
-1662.248
-1651.230
-1651.230
-1651.230
-1651.230
-1651.230
-1651.230
-1640.145
-1651.230
-1640.145
-1651.230
-1629.127
-1651.230
-1640.145
-1651.230
-1651.230
-1651.230
-1640.145
-1651.230
-1640.145
-1651.230
-1640.145
-1651.230
-1640.145
-1651.230
-1640.145
-1640.145
-1629.127
-1651.230
-1640.145
-1651.230
-1640.145
-1651.230
-1640.145
-1651.230
-1640.145
-1651.230
-1629.127
-1651.230
-1629.127
-1640.145
-1629.127
-1651.230
-1640.145
-1640.145
-1640.145
-1640.145
-1629.127
-1640.145
-1640.145
-1640.145
-1640.145
-1640.145
-1640.145
-1651.230
-1640.145
-1640.145
-1629.127
-1640.145
-1629.127
-1640.145
-1640.145
-1629.127
-1629.127
-1640.145
-1629.127
-1629.127
-1629.127
-1629.127
-1629.127
-1629.127
-1618.043
-1640.145
-1629.127
-1629.127
-1629.127
-1629.127
-1629.127
-1629.127
-1629.127
-1629.127
-1629.127
-1640.145
-1629.127
-1629.127
-1618.043
-1629.127
-1629.127
-1640.145
-1629.127
-1629.127
-1629.127
-1629.127
-1629.127
-1629.127
-1618.043
-1640.145
-1618.043
-1629.127
-1629.127
-1640.145
-1618.043
-1629.127
-1629.127
-1629.127
-1618.043
-1629.127
-1618.043
-1629.127
-1629.127
-1629.127
-1618.043
-1629.127
-1618.043
-1629.127
-1618.043
-1618.043
-1629.127
-1629.127
-1618.043
-1629.127
-1618.043
-1618.043
-1607.025
-1618.043
-1618.043
-1629.127
-1629.127
-1618.043
-1607.025
-1629.127
-1618.043
-1629.127
-1618.043
-1629.127
-1618.043
-1629.127
-1618.043
-1629.127
-1618.043
-1618.043
-1607.025
-1629.127
-1607.025
-1618.043
-1607.025
-1618.043
-1607.025
-1618.043
-1618.043
-1618.043
-1607.025
-1618.043
-1607.025
-1618.043
-1607.025
-1618.043
-1607.025
-1607.025
-1618.043
-1618.043
-1596.007
-1618.043
-1596.007
-1618.043
-1607.025
-1618.043
-1607.025
-1618.043
-1596.007
-1618.043
-1596.007
-1618.043
-1607.025
-1607.025
-1596.007
-1618.043
-1596.007
-1618.043
-1607.025
-1618.043
-1607.025
-1618.043
-1607.025
-1607.025
-1596.007
-1607.025
-1607.025
-1618.043
-1596.007
-1618.043
-1596.007
-1607.025
-1596.007
-1607.025
-1596.007
-1607.025
-1596.007
-1618.043
-1607.025
-1607.025
-1596.007
-1607.025
-1607.025
-1607.025
-1596.007
-1607.025
-1596.007
-1607.025
-1596.007
-1607.025
-1596.007
-1607.025
-1596.007
-1596.007
-1584.989
-1607.025
-1596.007
-1596.007
-1596.007
-1607.025
-1596.007
-1596.007
-1596.007
-1596.007
-1584.989
-1596.007
-1596.007
-1596.007
-1596.007
-1596.007
-1596.007
-1596.007
-1584.989
-1584.989
-1584.989
-1584.989
-1584.989
-1596.007
-1584.989
-1596.007
-1584.989
-1584.989
-1596.007
-1596.007
-1573.971
-1596.007
-1573.971
-1584.923
-1573.971
-1584.989
-1584.989
-1607.025
-1573.971
-1596.007
-1584.989
-1596.007
-1584.989
-1584.989
-1584.989
-1584.989
-1584.989
-1596.007
-1573.971
-1596.007
-1573.971
-1596.007
-1573.971
-1596.007
-1584.989
-1584.923
-1573.971
-1573.971
-1573.971
-1584.923
-1573.971
-1584.923
-1573.971
-1573.971
-1573.971
-1596.007
-1573.971
-1573.971
-1573.971
-1573.971
-1573.971
-1573.971
-1584.923
-1573.971
-1573.971
-1573.971
-1573.971
-1584.923
-1573.971
-1573.971
-1573.971
-1584.923
-1573.971
-1573.971
-1573.971
-1573.971
-1573.971
-1573.971
-1573.971
-1573.971
-1562.887
-1573.971
-1573.971
-1573.971
-1573.971
-1573.971
-1573.971
-1573.971
-1573.971
-1573.971
-1562.887
-1573.971
-1573.971
-1573.971
-1562.887
-1573.971
-1573.971
-1573.971
-1573.971
-1573.971
-1573.971
-1573.971
-1562.887
-1562.887
-1573.971
-1573.971
-1562.887
-1573.971
-1562.887
-1573.971
-1562.887
-1573.971
-1551.869
-1562.887
-1562.887
-1573.971
-1573.971
-1573.971
-1551.869
-1573.971
-1562.887
-1573.971
-1551.869
-1573.971
-1562.887
-1562.887
-1562.887
-1562.887
-1551.869
-1562.887
-1562.887
-1573.971
-1551.869
-1573.971
-1551.869
-1573.971
-1551.869
-1562.887
-1551.869
-1573.971
-1551.869
-1562.887
-1551.869
-1562.887
-1551.869
-1562.887
-1551.869
-1573.971
-1551.869
-1562.887
-1562.887
-1562.887
-1551.869
-1551.869
-1551.869
-1562.887
-1551.869
-1562.887
-1551.869
-1551.869
-1551.869
-1551.869
-1551.869
-1551.869
-1551.869
-1551.869
-1551.869
-1551.869
-1551.869
-1551.869
-1551.869
-1551.869
-1551.869
-1551.869
-1551.869
-1562.887
-1540.785
-1551.869
-1540.785
-1551.869
-1540.785
-1551.869
-1540.785
-1551.869
-1540.785
-1540.785
-1529.767
-1551.869
-1540.785
-1551.869
-1540.785
-1551.869
-1551.869
-1540.785
-1540.785
-1540.785
-1540.785
-1551.869
-1540.785
-1551.869
-1540.785
-1551.869
-1540.785
-1540.785
-1529.767
-1551.869
-1529.767
-1551.869
-1540.785
-1551.869
-1540.785
-1551.869
-1529.767
-1551.869
-1529.767
-1529.767
-1540.785
-1551.869
-1529.767
-1540.785
-1540.785
-1551.869
-1540.785
-1540.785
-1529.767
-1540.785
-1540.785
-1551.869
-1540.785
-1540.785
-1529.767
-1540.785
-1529.767
-1551.869
-1529.767
-1540.785
-1529.767
-1551.869
-1529.767
-1540.785
-1529.767
-1540.785
-1529.767
-1551.869
-1529.767
-1540.785
-1529.767
-1540.785
-1529.767
-1529.767
-1529.767
-1529.767
-1529.767
-1540.785
-1529.767
-1529.767
-1529.767
-1540.785
-1529.767
-1529.767
-1529.767
-1540.785
-1529.767
-1529.767
-1518.683
-1540.785
-1529.767
-1529.767
-1529.767
-1529.767
-1518.683
-1529.767
-1529.767
-1529.767
-1529.767
-1529.767
-1518.683
-1529.767
-1518.683
-1529.767
-1529.767
-1529.767
-1518.683
-1529.767
-1518.683
-1529.767
-1518.683
-1529.767
-1518.683
-1529.767
-1507.665
-1529.767
-1529.767
-1529.767
-1529.767
-1529.767
-1518.683
-1529.767
-1529.767
-1518.683
-1529.767
-1529.767
-1518.683
-1529.767
-1518.683
-1518.683
-1518.683
-1529.767
-1518.683
-1518.683
-1518.683
-1529.767
-1518.683
-1529.767
-1518.683
-1529.767
-1518.683
-1518.683
-1518.683
-1518.683
-1518.683
-1518.683
-1518.683
-1529.767
-1507.665
-1529.767
-1518.683
-1507.665
-1518.683
-1529.767
-1518.683
-1518.683
-1507.665
-1518.683
-1518.683
-1518.683
-1507.665
-1518.683
-1507.665
-1518.683
-1507.665
-1518.683
-1507.665
-1518.683
-1507.665
-1518.683
-1507.665
-1518.683
-1507.665
-1518.683
-1507.665
-1518.683
-1507.665
-1518.683
-1507.665
-1518.683
-1496.647
-1507.665
-1507.665
-1507.665
-1507.665
-1507.665
-1507.665
-1507.665
-1507.665
-1507.665
-1507.665
-1518.683
-1507.665
-1518.683
-1507.665
-1507.665
-1507.665
-1518.683
-1496.647
-1507.665
-1507.665
-1507.665
-1507.665
-1518.683
-1507.665
-1507.665
-1485.562
-1507.665
-1496.647
-1507.665
-1507.665
-1507.665
-1507.665
-1507.665
-1496.647
-1507.665
-1496.647
-1507.665
-1496.647
-1507.665
-1507.665
-1507.665
-1496.647
-1507.665
-1496.647
-1507.665
-1507.665
-1507.665
-1496.647
-1507.665
-1496.647
-1507.665
-1496.647
-1507.665
-1507.665
-1507.665
-1496.647
-1507.665
-1496.647
-1507.665
-1485.562
-1496.647
-1485.562
-1485.562
-1485.562
-1496.647
-1485.562
-1496.647
-1485.562
-1507.665
-1485.562
-1496.647
-1496.647
-1507.665
-1485.562
-1496.647
-1485.562
-1507.665
-1485.562
-1496.647
-1485.562
-1496.647
-1485.562
-1496.647
-1485.562
-1485.562
-1496.647
-1496.647
-1485.562
-1485.562
-1485.562
-1496.647
-1485.562
-1485.562
-1485.562
-1507.665
-1485.562
-1496.647
-1485.562
-1496.647
-1485.562
-1496.647
-1485.562
-1485.562
-1485.562
-1485.562
-1485.562
-1496.647
-1474.611
-1485.562
-1485.562
-1485.562
-1485.562
-1496.647
-1485.562
-1485.562
-1474.611
-1485.562
-1474.611
-1485.562
-1474.611
-1485.562
-1474.611
-1485.562
-1474.611
-1474.611
-1485.562
-1485.562
-1485.562
-1485.562
-1485.562
-1485.562
-1474.611
-1485.562
-1474.611
-1474.611
-1474.611
-1485.562
-1474.611
-1485.562
-1474.611
-1485.562
-1474.611
-1485.562
-1474.611
-1485.562
-1474.611
-1485.562
-1474.611
-1485.562
-1463.526
-1474.611
-1474.611
-1485.562
-1463.526
-1485.562
-1463.526
-1485.562
-1474.611
-1485.562
-1474.611
-1485.562
-1463.526
-1474.611
-1474.611
-1485.562
-1463.526
-1474.611
-1463.526
-1485.562
-1463.526
-1474.611
-1463.526
-1474.611
-1463.526
-1463.526
-1474.611
-1485.562
-1463.526
-1474.611
-1463.526
-1474.611
-1463.526
-1463.526
-1463.526
-1474.611
-1463.526
-1474.611
-1463.526
-1474.611
-1463.526
-1474.611
-1463.526
-1463.526
-1452.509
-1463.526
-1452.509
-1463.526
-1463.526
-1474.611
-1463.526
-1463.526
-1452.509
-1463.526
-1452.509
-1463.526
-1452.509
-1463.526
-1463.526
-1463.526
-1452.509
-1463.526
-1452.509
-1463.526
-1463.526
-1463.526
-1474.611
-1463.526
-1463.526
-1463.526
-1452.509
-1452.509
-1463.526
-1463.526
-1452.509
-1463.526
-1463.526
-1452.509
-1452.509
-1463.526
-1452.509
-1463.526
-1463.526
-1463.526
-1452.509
-1463.526
-1452.509
-1463.526
-1452.509
-1452.509
-1452.509
-1452.509
-1452.509
-1452.509
-1452.509
-1463.526
-1452.509
-1463.526
-1452.509
-1452.509
-1452.509
-1463.526
-1452.509
-1452.509
-1452.509
-1452.509
-1452.509
-1452.509
-1452.509
-1452.509
-1441.424
-1463.526
-1441.424
-1463.526
-1441.424
-1452.509
-1441.424
-1452.509
-1441.424
-1452.509
-1441.424
-1452.509
-1441.424
-1452.509
-1441.424
-1452.509
-1441.424
-1452.509
-1441.424
-1452.509
-1441.424
-1452.509
-1452.509
-1452.509
-1441.424
-1463.526
-1441.424
-1452.509
-1452.509
-1452.509
-1441.424
-1441.424
-1441.424
-1452.509
-1441.424
-1452.509
-1441.424
-1452.509
-1452.509
-1452.509
-1441.424
-1441.424
-1441.424
-1441.424
-1441.424
-1452.509
-1441.424
-1441.424
-1441.424
-1452.509
-1441.424
-1452.509
-1441.424
-1452.509
-1441.424
-1441.424
-1441.424
-1441.424
-1441.424
-1441.424
-1441.424
-1441.424
-1441.424
-1441.424
-1430.406
-1452.509
-1441.424
-1441.424
-1430.406
-1441.424
-1430.406
-1441.424
-1430.406
-1430.406
-1441.424
-1441.424
-1441.424
-1441.424
-1430.406
-1441.424
-1430.406
-1441.424
-1441.424
-1441.424
-1430.406
-1441.424
-1430.406
-1441.424
-1430.406
-1430.406
-1441.424
-1430.406
-1430.406
-1430.406
-1430.406
-1430.406
-1430.406
-1430.406
-1419.388
-1430.406
-1430.406
-1441.424
-1430.406
-1441.424
-1430.406
-1430.406
-1419.388
-1441.424
-1419.388
-1430.406
-1430.406
-1430.406
-1419.388
-1430.406
-1419.388
-1430.406
-1419.388
-1430.406
-1408.304
-1441.424
-1419.388
-1419.388
-1430.406
-1441.424
-1419.388
-1430.406
-1430.406
-1441.424
-1419.388
-1430.406
-1419.388
-1441.424
-1419.388
-1430.406
-1419.388
-1419.388
-1408.304
-1430.406
-1419.388
-1408.304
-1430.406
-1430.406
-1408.304
-1430.406
-1419.388
-1408.304
-1419.388
-1430.406
-1408.304
-1430.406
-1419.388
-1419.388
-1419.388
-1430.406
-1419.388
-1419.388
-1419.388
-1419.388
-1419.388
-1419.388
-1419.388
-1419.388
-1419.388
-1430.406
-1419.388
-1419.388
-1419.388
-1430.406
-1419.388
-1419.388
-1408.304
-1419.388
-1408.304
-1408.304
-1419.388
-1408.304
-1408.304
-1430.406
-1408.304
-1419.388
-1408.304
-1408.304
-1419.388
-1408.304
-1419.388
-1441.424
-1408.304
-1419.388
-1419.388
-1408.304
-1419.388
-1419.388
-1408.304
-1419.388
-1408.304
-1408.304
-1419.388
-1408.304
-1408.304
-1430.406
-1408.304
-1419.388
-1419.388
-1408.304
-1419.388
-1408.304
-1408.304
-1419.388
-1397.286
-1419.388
-1419.388
-1408.304
-1408.304
-1419.388
-1397.286
-1408.304
-1419.388
-1397.286
-1397.286
-1419.388
-1397.286
-1408.304
-1408.304
-1408.304
-1397.286
-1419.388
-1397.286
-1408.304
-1419.388
-1408.304
-1408.304
-1419.388
-1397.286
-1408.304
-1408.304
-1408.304
-1397.286
-1408.304
-1397.286
-1408.304
-1397.286
-1408.304
-1397.286
-1408.304
-1397.286
-1408.304
-1397.286
-1408.304
-1397.286
-1408.304
-1397.286
-1408.304
-1397.286
-1397.286
-1408.304
-1408.304
-1397.286
-1397.286
-1397.286
-1408.304
-1397.286
-1408.304
-1397.286
-1419.388
-1386.202
-1408.304
-1397.286
-1408.304
-1397.286
-1408.304
-1397.286
-1408.304
-1386.202
-1408.304
-1386.202
-1397.286
-1397.286
-1408.304
-1397.286
-1408.304
-1397.286
-1397.286
-1408.304
-1397.286
-1397.286
-1408.304
-1397.286
-1397.286
-1386.202
-1397.286
-1397.286
-1397.286
-1397.286
-1397.286
-1386.202
-1397.286
-1397.286
-1397.286
-1397.286
-1397.286
-1386.202
-1397.286
-1386.202
-1397.286
-1386.202
-1397.286
-1386.202
-1397.286
-1386.202
-1408.304
-1397.286
-1397.286
-1386.202
-1397.286
-1386.202
-1397.286
-1386.202
-1386.202
-1386.202
-1397.286
-1386.202
-1397.286
-1386.202
-1397.286
-1386.202
-1397.286
-1386.202
-1397.286
-1386.202
-1386.202
-1386.202
-1397.286
-1386.202
-1386.202
-1386.202
-1397.286
-1386.202
-1386.202
-1375.184
-1386.202
-1386.202
-1397.286
-1375.184
-1386.202
-1375.184
-1386.202
-1375.250
-1397.286
-1386.202
-1397.286
-1375.250
-1397.286
-1375.250
-1397.286
-1375.250
-1397.286
-1375.184
-1386.202
-1375.184
-1386.202
-1375.184
-1386.202
-1375.184
-1386.202
-1375.184
-1386.202
-1386.202
-1397.286
-1375.250
-1397.286
-1375.184
-1386.202
-1375.184
-1386.202
-1386.202
-1386.202
-1375.184
-1375.184
-1375.184
-1386.202
-1375.184
-1375.184
-1375.184
-1386.202
-1375.184
-1386.202
-1375.184
-1386.202
-1375.184
-1386.202
-1375.184
-1386.202
-1375.184
-1386.202
-1375.184
-1375.184
-1375.250
-1397.286
-1375.184
-1386.202
-1375.184
-1375.184
-1364.166
-1375.184
-1375.184
-1375.184
-1364.166
-1386.202
-1375.184
-1375.184
-1364.166
-1375.184
-1375.184
-1375.184
-1364.166
-1375.184
-1364.166
-1375.184
-1375.184
-1364.166
-1375.184
-1375.184
-1364.166
-1386.202
-1364.166
-1375.184
-1364.166
-1375.184
-1375.184
-1375.184
-1364.166
-1375.184
-1364.166
-1375.184
-1364.166
-1364.166
-1364.166
-1375.184
-1364.166
-1375.184
-1375.184
-1375.184
-1364.166
-1364.166
-1353.148
-1353.148
-1364.166
-1364.166
-1364.166
-1364.166
-1364.166
-1375.184
-1364.166
-1375.184
-1364.166
-1364.166
-1364.166
-1364.166
-1364.166
-1353.148
-1353.148
-1364.166
-1364.166
-1364.166
-1353.148
-1364.166
-1353.148
-1364.166
-1353.148
-1375.184
-1353.148
-1364.166
-1353.148
-1364.166
-1353.148
-1364.166
-1364.166
-1375.184
-1353.148
-1364.166
-1353.148
-1364.166
-1353.148
-1364.166
-1353.148
-1364.166
-1353.148
-1364.166
-1353.148
-1364.166
-1353.148
-1364.166
-1353.148
-1364.166
-1353.148
-1353.148
-1353.148
-1353.148
-1342.130
-1353.148
-1353.148
-1353.148
-1353.148
-1353.148
-1353.148
-1353.148
-1342.130
-1364.166
-1353.148
-1353.148
-1342.130
-1353.148
-1342.130
-1353.148
-1353.148
-1353.148
-1353.148
-1353.148
-1342.130
-1353.148
-1342.130
-1353.148
-1342.130
-1353.148
-1353.148
-1353.148
-1342.130
-1364.166
-1342.130
-1353.148
-1353.148
-1353.148
-1353.148
-1353.148
-1353.148
-1353.148
-1342.130
-1342.130
-1342.130
-1353.148
-1342.130
-1353.148
-1331.046
-1342.130
-1342.130
-1353.148
-1342.130
-1342.130
-1342.130
-1342.130
-1342.130
-1353.148
-1342.130
-1353.148
-1342.130
-1342.130
-1342.130
-1342.130
-1331.046
-1342.130
-1331.046
-1353.148
-1331.046
-1342.130
-1342.130
-1342.130
-1342.130
-1342.130
-1331.046
-1342.130
-1331.046
-1342.130
-1342.130
-1342.130
-1331.046
-1342.130
-1331.046
-1342.130
-1331.046
-1342.130
-1331.046
-1342.130
-1331.046
-1342.130
-1331.046
-1342.130
-1331.046
-1353.148
-1331.046
-1331.046
-1320.028
-1342.130
-1331.046
-1331.046
-1342.130
-1342.130
-1331.046
-1331.046
-1331.046
-1342.130
-1331.046
-1342.130
-1320.028
-1331.046
-1331.046
-1331.046
-1331.046
-1342.130
-1331.046
-1331.046
-1331.046
-1342.130
-1331.046
-1342.130
-1331.046
-1342.130
-1320.028
-1331.046
-1331.046
-1331.046
-1331.046
-1342.130
-1320.028
-1331.046
-1320.028
-1331.046
-1331.046
-1331.046
-1331.046
-1331.046
-1320.028
-1331.046
-1320.028
-1331.046
-1331.046
-1320.028
-1331.046
-1331.046
-1320.028
-1331.046
-1320.028
-1331.046
-1320.028
-1320.028
-1320.028
-1320.028
-1308.944
-1320.028
-1308.944
-1320.028
-1320.028
-1331.046
-1308.944
-1331.046
-1320.028
-1320.028
-1331.046
-1308.944
-1320.028
-1331.046
-1308.944
-1320.028
-1308.944
-1320.028
-1320.028
-1331.046
-1320.028
-1320.028
-1320.028
-1320.028
-1308.944
-1320.028
-1308.944
-1331.046
-1308.944
-1320.028
-1308.944
-1320.028
-1308.944
-1320.028
-1308.944
-1320.028
-1308.944
-1320.028
-1308.944
-1331.046
-1308.944
-1320.028
-1308.944
-1320.028
-1308.944
-1320.028
-1308.944
-1320.028
-1308.944
-1320.028
-1297.926
-1320.028
-1297.926
-1320.028
-1308.944
-1320.028
-1308.944
-1308.944
-1308.944
-1308.944
-1308.944
-1320.028
-1297.926
-1320.028
-1308.944
-1320.028
-1308.944
-1297.926
-1297.926
-1308.944
-1308.944
-1320.028
-1297.926
-1320.028
-1297.926
-1320.028
-1297.926
-1308.944
-1297.926
-1308.944
