IEC 61083-2 TDG Version 2.1.0
Data File Version  2.1.0
26 LI-M14
8 bits, 11999 samples at 10ns
1.000000e-008
-193.77
-193.77
0.00
0.00
0.00
-193.77
0.00
0.00
-193.77
-193.77
0.00
0.00
0.00
0.00
0.00
-193.77
0.00
0.00
0.00
0.00
-193.77
-193.77
0.00
0.00
0.00
-193.77
0.00
0.00
-193.77
0.00
0.00
0.00
0.00
-193.77
0.00
0.00
0.00
0.00
0.00
-387.55
0.00
0.00
0.00
0.00
0.00
-193.77
0.00
-193.77
-193.77
0.00
0.00
0.00
0.00
-193.77
0.00
0.00
0.00
0.00
0.00
-193.77
0.00
-193.77
0.00
0.00
193.77
-193.77
-193.77
0.00
0.00
0.00
0.00
0.00
0.00
-193.77
-193.77
0.00
-387.55
0.00
-193.77
0.00
0.00
-193.77
0.00
0.00
0.00
-193.77
0.00
0.00
-193.77
0.00
0.00
0.00
0.00
-193.77
0.00
-387.55
0.00
0.00
0.00
0.00
0.00
-193.77
0.00
0.00
0.00
0.00
0.00
-193.77
0.00
-193.77
0.00
0.00
0.00
0.00
0.00
0.00
0.00
-193.77
-193.77
-193.77
0.00
0.00
0.00
0.00
0.00
-193.77
0.00
0.00
0.00
0.00
0.00
0.00
-193.77
0.00
0.00
-193.77
0.00
0.00
0.00
0.00
0.00
0.00
0.00
0.00
0.00
0.00
0.00
0.00
0.00
0.00
0.00
0.00
0.00
0.00
0.00
-193.77
0.00
0.00
0.00
0.00
0.00
0.00
0.00
0.00
0.00
0.00
-193.77
-193.77
0.00
0.00
-193.77
-193.77
0.00
0.00
0.00
0.00
0.00
-193.77
0.00
-193.77
0.00
0.00
0.00
0.00
0.00
0.00
0.00
-193.77
0.00
0.00
0.00
0.00
0.00
0.00
-193.77
0.00
-193.77
-387.55
0.00
-193.77
-193.77
0.00
-193.77
-193.77
0.00
0.00
0.00
0.00
0.00
-387.55
0.00
0.00
-193.77
-193.77
0.00
-387.55
0.00
-193.77
0.00
0.00
0.00
0.00
0.00
-193.77
0.00
0.00
0.00
0.00
0.00
-193.77
-193.77
-193.77
-193.77
0.00
0.00
0.00
0.00
0.00
0.00
0.00
0.00
0.00
0.00
-193.77
0.00
0.00
-193.77
0.00
0.00
-387.55
0.00
0.00
-193.77
0.00
-193.77
-387.55
0.00
0.00
0.00
-193.77
0.00
-193.77
-193.77
0.00
0.00
-193.77
0.00
0.00
0.00
-193.77
0.00
0.00
0.00
0.00
0.00
0.00
0.00
0.00
0.00
0.00
0.00
0.00
0.00
-193.77
-193.77
0.00
0.00
0.00
0.00
-193.77
0.00
0.00
-193.77
0.00
0.00
0.00
0.00
0.00
0.00
0.00
0.00
0.00
0.00
0.00
0.00
0.00
0.00
0.00
0.00
0.00
0.00
0.00
0.00
0.00
0.00
0.00
0.00
0.00
0.00
0.00
0.00
0.00
0.00
0.00
0.00
0.00
0.00
0.00
0.00
0.00
-193.77
0.00
0.00
0.00
0.00
-193.77
0.00
0.00
-193.77
0.00
0.00
-193.77
0.00
0.00
0.00
0.00
0.00
0.00
0.00
-193.77
0.00
0.00
0.00
0.00
0.00
0.00
0.00
0.00
0.00
0.00
0.00
0.00
0.00
0.00
0.00
-193.77
-193.77
0.00
0.00
0.00
0.00
-193.77
0.00
-193.77
-387.55
-193.77
-193.77
-193.77
0.00
0.00
0.00
0.00
0.00
-387.55
0.00
-387.55
0.00
0.00
0.00
0.00
0.00
0.00
0.00
0.00
0.00
0.00
0.00
0.00
0.00
0.00
0.00
-193.77
0.00
-193.77
-193.77
0.00
0.00
0.00
0.00
0.00
0.00
0.00
0.00
-193.77
0.00
-193.77
0.00
0.00
-193.77
-193.77
0.00
-193.77
-193.77
-387.55
0.00
0.00
0.00
0.00
0.00
0.00
0.00
0.00
0.00
0.00
0.00
0.00
0.00
-193.77
0.00
0.00
0.00
0.00
0.00
0.00
0.00
0.00
0.00
0.00
0.00
0.00
0.00
0.00
0.00
0.00
0.00
0.00
0.00
0.00
0.00
-193.77
-193.77
0.00
0.00
0.00
0.00
-193.77
0.00
0.00
-193.77
0.00
0.00
0.00
0.00
0.00
0.00
0.00
0.00
-193.77
-193.77
-193.77
0.00
-193.77
0.00
-193.77
0.00
-193.77
0.00
0.00
0.00
-193.77
0.00
-387.55
0.00
0.00
-387.55
193.77
193.77
-387.55
0.00
-387.55
0.00
193.77
0.00
0.00
0.00
193.77
193.77
193.77
193.77
193.77
0.00
193.77
0.00
387.55
193.77
193.77
387.55
0.00
387.55
0.00
387.55
193.77
193.77
193.77
0.00
193.77
193.77
193.77
193.77
387.55
387.55
193.77
387.55
387.55
193.77
193.77
387.55
387.55
387.55
581.32
387.55
581.32
775.09
581.32
775.09
581.32
775.09
968.86
775.09
775.09
775.09
775.09
968.86
968.86
968.86
775.09
968.86
968.86
968.86
968.86
968.86
968.86
968.86
1162.64
968.86
968.86
1162.64
1162.64
1356.41
1356.41
1550.18
1356.41
1550.18
1550.18
1550.18
1743.96
1743.96
1743.96
1937.73
1937.73
2131.50
1550.18
2325.27
1550.18
1550.18
2131.50
1162.64
2325.27
3100.36
1743.96
2519.05
2906.59
2325.27
2906.59
3294.14
2519.05
3294.14
3100.36
3487.91
4844.32
5813.18
7363.37
9107.32
11238.82
12207.69
11626.37
9688.64
7557.14
6782.05
7363.37
8719.78
9688.64
11045.05
12401.46
14920.50
15889.37
16083.14
15308.05
14726.73
14726.73
14920.50
15308.05
15501.82
16858.23
17633.32
18408.41
18989.73
19764.82
20927.46
21896.32
22865.19
23640.28
24802.92
25578.01
26159.33
26159.33
26353.10
26934.42
27321.96
27903.28
28290.83
29259.69
30228.55
30809.87
31391.19
31778.74
32360.05
32941.37
33522.69
34104.01
34879.10
35460.42
36041.74
36429.28
36816.83
36816.83
37204.37
37785.69
38173.24
38560.78
38754.56
39529.65
40110.97
40304.74
40886.06
41467.37
41854.92
42436.24
42630.01
43017.56
43211.33
43405.10
43598.88
43598.88
43792.65
44180.19
44373.97
44567.74
44955.28
45342.83
45536.60
45730.38
45924.15
46117.92
46505.47
46699.24
46699.24
47086.79
47086.79
47086.79
47280.56
47474.33
47474.33
47668.10
47668.10
47861.88
48055.65
48249.42
48055.65
48249.42
48443.19
48249.42
48443.19
48443.19
48443.19
48636.97
48636.97
48830.74
48830.74
48830.74
48830.74
48830.74
49024.51
49024.51
48830.74
49024.51
49024.51
49024.51
49024.51
49024.51
49024.51
49024.51
48830.74
49024.51
48830.74
49024.51
48830.74
48830.74
48830.74
48830.74
48830.74
48830.74
48830.74
48830.74
48636.97
48830.74
48636.97
48443.19
48443.19
48443.19
48443.19
48443.19
48249.42
48249.42
48443.19
48249.42
48249.42
48249.42
48249.42
48249.42
48055.65
48055.65
48249.42
48055.65
48055.65
47861.88
47861.88
47861.88
47668.10
47668.10
47668.10
47668.10
47668.10
47474.33
47474.33
47474.33
47474.33
47474.33
47474.33
47474.33
47280.56
47280.56
47280.56
47280.56
47280.56
47086.79
47280.56
47086.79
47086.79
47086.79
47086.79
47086.79
47086.79
46893.01
46893.01
46893.01
46893.01
46893.01
46893.01
46893.01
46699.24
46893.01
46699.24
46699.24
46699.24
46699.24
46699.24
46699.24
46699.24
46699.24
46699.24
46699.24
46699.24
46699.24
46699.24
46505.47
46505.47
46505.47
46505.47
46505.47
46505.47
46505.47
46505.47
46505.47
46505.47
46505.47
46505.47
46505.47
46505.47
46505.47
46117.92
46311.69
46311.69
46505.47
46117.92
46117.92
46117.92
46311.69
46117.92
46117.92
46117.92
46117.92
46311.69
46117.92
46311.69
46117.92
46117.92
46117.92
46117.92
46117.92
46117.92
46117.92
46117.92
46117.92
46117.92
46117.92
46117.92
46117.92
46117.92
46117.92
46117.92
46117.92
46117.92
46117.92
46117.92
46117.92
46117.92
46117.92
46117.92
46117.92
46117.92
46117.92
46117.92
45924.15
45924.15
46117.92
46117.92
46117.92
46117.92
46117.92
46117.92
45924.15
45924.15
46117.92
46117.92
46117.92
45924.15
45924.15
45924.15
45924.15
45924.15
46117.92
46117.92
46117.92
46117.92
45924.15
45924.15
46117.92
45924.15
45924.15
45924.15
45924.15
45924.15
45924.15
45730.38
45924.15
45924.15
45924.15
45924.15
45924.15
45924.15
45924.15
45730.38
45924.15
45730.38
45924.15
45924.15
45730.38
45924.15
45730.38
45730.38
45730.38
45730.38
45730.38
45730.38
45730.38
45730.38
45730.38
45536.60
45730.38
45730.38
45730.38
45730.38
45536.60
45536.60
45730.38
45536.60
45536.60
45536.60
45536.60
45536.60
45536.60
45730.38
45536.60
45536.60
45536.60
45536.60
45536.60
45536.60
45536.60
45536.60
45536.60
45536.60
45536.60
45536.60
45536.60
45536.60
45342.83
45536.60
45342.83
45536.60
45536.60
45342.83
45536.60
45536.60
45536.60
45342.83
45342.83
45342.83
45342.83
45342.83
45342.83
45342.83
45342.83
45342.83
45342.83
45342.83
45342.83
45342.83
45342.83
45342.83
45149.06
45342.83
45342.83
45342.83
45342.83
45342.83
45342.83
45342.83
45342.83
45149.06
45149.06
45342.83
45149.06
45149.06
45149.06
45149.06
45149.06
45149.06
44955.28
45149.06
45149.06
45149.06
45149.06
44955.28
44955.28
45149.06
45149.06
44955.28
44955.28
45149.06
44955.28
44955.28
44955.28
44955.28
44955.28
44955.28
44955.28
44955.28
44955.28
44955.28
44955.28
44955.28
44955.28
44761.51
44761.51
44761.51
44761.51
44955.28
44761.51
44955.28
44761.51
44761.51
44955.28
44761.51
44761.51
44761.51
44761.51
44761.51
44761.51
44761.51
44761.51
44567.74
44567.74
44761.51
44761.51
44567.74
44761.51
44761.51
44761.51
44761.51
44761.51
44761.51
44567.74
44761.51
44567.74
44567.74
44567.74
44567.74
44567.74
44567.74
44567.74
44567.74
44567.74
44567.74
44567.74
44567.74
44567.74
44567.74
44567.74
44373.97
44567.74
44567.74
44567.74
44567.74
44567.74
44567.74
44373.97
44373.97
44567.74
44373.97
44373.97
44373.97
44373.97
44373.97
44373.97
44373.97
44373.97
44373.97
44373.97
44180.19
44373.97
44373.97
44373.97
44373.97
44180.19
44180.19
44180.19
44180.19
44373.97
44373.97
44180.19
44180.19
44180.19
44180.19
44180.19
44180.19
44180.19
44180.19
44180.19
43986.42
43986.42
44180.19
44180.19
44180.19
43986.42
43986.42
43986.42
43986.42
43986.42
43986.42
43986.42
43986.42
43986.42
44180.19
43986.42
43986.42
43986.42
43986.42
43986.42
43986.42
43986.42
43986.42
43986.42
43986.42
43986.42
43986.42
43986.42
43792.65
43986.42
43792.65
43986.42
43986.42
43792.65
43986.42
43792.65
43792.65
43792.65
43986.42
43792.65
43986.42
43792.65
43792.65
43792.65
43792.65
43792.65
43792.65
43792.65
43792.65
43792.65
43792.65
43792.65
43792.65
43792.65
43792.65
43792.65
43792.65
43792.65
43792.65
43598.88
43598.88
43792.65
43598.88
43598.88
43598.88
43598.88
43598.88
43598.88
43598.88
43598.88
43598.88
43598.88
43598.88
43598.88
43598.88
43598.88
43598.88
43598.88
43598.88
43598.88
43598.88
43598.88
43598.88
43598.88
43598.88
43598.88
43598.88
43598.88
43598.88
43598.88
43598.88
43598.88
43598.88
43598.88
43598.88
43598.88
43598.88
43405.10
43405.10
43598.88
43598.88
43598.88
43598.88
43598.88
43598.88
43211.33
43598.88
43211.33
43211.33
43211.33
43211.33
43211.33
43211.33
43211.33
43211.33
43211.33
43405.10
43211.33
43211.33
43211.33
43211.33
43211.33
43211.33
43211.33
43211.33
43211.33
43211.33
43211.33
43211.33
43211.33
43211.33
43211.33
43211.33
43017.56
43211.33
43017.56
43017.56
43211.33
43017.56
43211.33
43017.56
43017.56
43017.56
43017.56
43017.56
43017.56
43017.56
43017.56
43017.56
43017.56
43017.56
43017.56
43017.56
43017.56
43017.56
43017.56
43017.56
43017.56
43017.56
43017.56
43017.56
43017.56
42823.78
43017.56
43017.56
42823.78
43017.56
42823.78
42823.78
42823.78
42823.78
42823.78
43017.56
42823.78
42823.78
42823.78
42823.78
42823.78
42630.01
42630.01
42823.78
42823.78
42823.78
42630.01
42630.01
42630.01
42630.01
42630.01
42630.01
42630.01
42630.01
42630.01
42630.01
42630.01
42630.01
42630.01
42630.01
42630.01
42630.01
42630.01
42630.01
42630.01
42630.01
42630.01
42630.01
42436.24
42630.01
42630.01
42630.01
42436.24
42630.01
42630.01
42630.01
42436.24
42630.01
42436.24
42436.24
42436.24
42630.01
42436.24
42436.24
42436.24
42436.24
42436.24
42630.01
42436.24
42436.24
42436.24
42436.24
42436.24
42436.24
42436.24
42436.24
42436.24
42436.24
42436.24
42436.24
42436.24
42436.24
42436.24
42436.24
42242.47
42436.24
42242.47
42242.47
42242.47
42242.47
42242.47
42242.47
42242.47
42242.47
42242.47
42242.47
42242.47
42242.47
42242.47
42242.47
42242.47
42242.47
42242.47
42242.47
42242.47
42242.47
42242.47
42048.69
42048.69
42242.47
42242.47
42242.47
42048.69
42242.47
42048.69
41854.92
42048.69
41854.92
42048.69
41854.92
42048.69
42048.69
41854.92
42048.69
42048.69
41854.92
41854.92
42048.69
41854.92
41854.92
41854.92
41854.92
41854.92
41854.92
41854.92
41854.92
41854.92
41854.92
41854.92
41854.92
41854.92
41854.92
41854.92
41854.92
41854.92
41854.92
41854.92
41854.92
41854.92
41854.92
41661.15
41854.92
41854.92
41854.92
41854.92
41661.15
41661.15
41661.15
41854.92
41661.15
41661.15
41661.15
41661.15
41854.92
41661.15
41661.15
41661.15
41661.15
41661.15
41661.15
41661.15
41467.37
41661.15
41661.15
41661.15
41467.37
41661.15
41661.15
41661.15
41661.15
41661.15
41467.37
41467.37
41661.15
41661.15
41467.37
41661.15
41661.15
41467.37
41467.37
41467.37
41467.37
41467.37
41467.37
41467.37
41467.37
41467.37
41467.37
41467.37
41467.37
41467.37
41467.37
41273.60
41273.60
41273.60
41467.37
41467.37
41467.37
41273.60
41467.37
41273.60
41467.37
41467.37
41273.60
41273.60
41273.60
41273.60
41079.83
41079.83
41273.60
41273.60
41273.60
41467.37
41079.83
41273.60
41079.83
41079.83
41079.83
41079.83
41079.83
41079.83
41079.83
41079.83
41079.83
41079.83
41079.83
41079.83
40886.06
41079.83
41079.83
41079.83
41079.83
41079.83
41079.83
41079.83
41079.83
41079.83
40886.06
40886.06
41079.83
41079.83
41079.83
41079.83
41079.83
40886.06
40886.06
40886.06
40886.06
40886.06
40886.06
40886.06
40886.06
40886.06
40886.06
41079.83
40886.06
40886.06
40886.06
40886.06
40692.28
40886.06
40886.06
40886.06
40886.06
40886.06
40886.06
40692.28
40886.06
40886.06
40886.06
40692.28
40886.06
40692.28
40886.06
40886.06
40692.28
40692.28
40692.28
40692.28
40692.28
40692.28
40692.28
40692.28
40692.28
40692.28
40692.28
40692.28
40692.28
40692.28
40692.28
40692.28
40498.51
40692.28
40692.28
40498.51
40498.51
40498.51
40304.74
40498.51
40498.51
40498.51
40498.51
40498.51
40498.51
40498.51
40498.51
40498.51
40498.51
40304.74
40498.51
40304.74
40498.51
40498.51
40304.74
40304.74
40304.74
40304.74
40304.74
40304.74
40304.74
40304.74
40304.74
40304.74
40304.74
40304.74
40304.74
40304.74
40304.74
40304.74
40304.74
40304.74
40304.74
40304.74
40304.74
40304.74
40110.97
40304.74
40110.97
40304.74
40110.97
40110.97
40110.97
40110.97
40110.97
40110.97
40304.74
40304.74
40110.97
40110.97
40304.74
40110.97
40110.97
40110.97
39917.19
40110.97
40110.97
39917.19
40110.97
40110.97
39917.19
40110.97
40110.97
39917.19
40110.97
39917.19
39917.19
40110.97
40110.97
39917.19
39917.19
39917.19
40110.97
39917.19
39917.19
39917.19
39917.19
39917.19
39917.19
39917.19
39917.19
39917.19
39917.19
39917.19
39917.19
39917.19
39917.19
39917.19
39917.19
39917.19
39917.19
39917.19
39917.19
39917.19
39917.19
39723.42
39723.42
39723.42
39723.42
39723.42
39723.42
39723.42
39723.42
39723.42
39723.42
39723.42
39723.42
39723.42
39723.42
39723.42
39723.42
39529.65
39723.42
39723.42
39723.42
39723.42
39723.42
39723.42
39723.42
39529.65
39723.42
39723.42
39723.42
39529.65
39723.42
39723.42
39529.65
39723.42
39723.42
39723.42
39529.65
39529.65
39529.65
39529.65
39529.65
39723.42
39529.65
39529.65
39529.65
39529.65
39529.65
39529.65
39529.65
39529.65
39529.65
39529.65
39529.65
39529.65
39529.65
39529.65
39529.65
39529.65
39529.65
39529.65
39529.65
39529.65
39529.65
39335.87
39529.65
39529.65
39335.87
39335.87
39335.87
39335.87
39335.87
39335.87
39335.87
39529.65
39335.87
39335.87
39335.87
39335.87
39335.87
39335.87
39335.87
39335.87
39335.87
39335.87
39335.87
39335.87
39335.87
39335.87
39335.87
39335.87
39335.87
38948.33
39142.10
39335.87
39335.87
39142.10
38948.33
39142.10
39142.10
38948.33
38948.33
38948.33
39142.10
38948.33
38948.33
38948.33
39142.10
38948.33
38948.33
39142.10
38948.33
38948.33
38948.33
38948.33
38948.33
38948.33
38754.56
38948.33
38948.33
38948.33
38948.33
38948.33
38948.33
38948.33
38948.33
38754.56
38948.33
38948.33
38948.33
38754.56
38754.56
38754.56
38948.33
38948.33
38948.33
38754.56
38754.56
38754.56
38948.33
38754.56
38948.33
38754.56
38754.56
38754.56
38754.56
38754.56
38754.56
38754.56
38754.56
38754.56
38754.56
38754.56
38754.56
38754.56
38754.56
38754.56
38754.56
38754.56
38560.78
38754.56
38754.56
38754.56
38560.78
38754.56
38754.56
38754.56
38754.56
38560.78
38560.78
38754.56
38754.56
38560.78
38560.78
38560.78
38560.78
38560.78
38560.78
38560.78
38560.78
38560.78
38560.78
38560.78
38560.78
38560.78
38560.78
38560.78
38560.78
38560.78
38560.78
38560.78
38560.78
38367.01
38560.78
38560.78
38367.01
38367.01
38367.01
38367.01
38367.01
38560.78
38367.01
38560.78
38367.01
38367.01
38367.01
38367.01
38367.01
38367.01
38367.01
38367.01
38367.01
38367.01
38367.01
38173.24
38173.24
38367.01
38173.24
38367.01
38173.24
38173.24
38173.24
38173.24
38173.24
38173.24
38173.24
38173.24
38173.24
38173.24
38173.24
38173.24
38173.24
38173.24
38173.24
38173.24
38173.24
38173.24
38173.24
38173.24
38173.24
38173.24
38173.24
38173.24
38173.24
37979.46
38173.24
37979.46
37979.46
38173.24
38173.24
37979.46
37979.46
37979.46
38173.24
38173.24
38173.24
37979.46
37979.46
37979.46
37979.46
37979.46
37785.69
37979.46
37785.69
37979.46
37785.69
37785.69
37785.69
37979.46
37785.69
37785.69
37979.46
37979.46
37785.69
37785.69
37785.69
37785.69
37785.69
37785.69
37785.69
37785.69
37785.69
37785.69
37785.69
37785.69
37785.69
37785.69
37785.69
37785.69
37785.69
37785.69
37785.69
37785.69
37785.69
37785.69
37785.69
37785.69
37785.69
37591.92
37785.69
37785.69
37591.92
37785.69
37785.69
37591.92
37785.69
37785.69
37785.69
37785.69
37591.92
37591.92
37591.92
37591.92
37591.92
37591.92
37591.92
37398.15
37591.92
37591.92
37591.92
37398.15
37398.15
37398.15
37398.15
37398.15
37398.15
37398.15
37398.15
37398.15
37398.15
37398.15
37398.15
37398.15
37398.15
37398.15
37398.15
37398.15
37398.15
37204.37
37398.15
37204.37
37204.37
37398.15
37398.15
37204.37
37398.15
37398.15
37204.37
37204.37
37204.37
37398.15
37204.37
37204.37
37204.37
37204.37
37398.15
37204.37
37204.37
37204.37
37204.37
37204.37
37204.37
37204.37
37204.37
37010.60
37204.37
37204.37
37204.37
37010.60
37010.60
37204.37
37204.37
37204.37
37204.37
37204.37
37010.60
37010.60
37010.60
37010.60
37204.37
37010.60
37010.60
37010.60
37010.60
37010.60
37010.60
37010.60
37010.60
37010.60
37010.60
37010.60
37010.60
36816.83
36816.83
36816.83
36816.83
37010.60
37010.60
36816.83
36816.83
36816.83
36816.83
36816.83
36816.83
36816.83
36816.83
36816.83
37010.60
36816.83
36816.83
36816.83
36816.83
36816.83
36816.83
36816.83
36816.83
36816.83
36816.83
36816.83
36816.83
36816.83
36623.06
36816.83
36816.83
36816.83
36623.06
36623.06
36816.83
36816.83
36816.83
36623.06
36623.06
36623.06
36816.83
36623.06
36623.06
36623.06
36623.06
36623.06
36623.06
36623.06
36623.06
36623.06
36623.06
36623.06
36623.06
36623.06
36623.06
36623.06
36623.06
36623.06
36623.06
36623.06
36429.28
36623.06
36623.06
36623.06
36429.28
36623.06
36623.06
36623.06
36429.28
36429.28
36429.28
36429.28
36429.28
36429.28
36429.28
36429.28
36429.28
36429.28
36429.28
36429.28
36429.28
36429.28
36429.28
36429.28
36429.28
36429.28
36429.28
36429.28
36429.28
36429.28
36429.28
36429.28
36429.28
36429.28
36429.28
36429.28
36429.28
36429.28
36235.51
36235.51
36429.28
36235.51
36429.28
36429.28
36429.28
36235.51
36235.51
36429.28
36235.51
36235.51
36235.51
36235.51
36235.51
36235.51
36041.74
36041.74
36041.74
36041.74
36041.74
36235.51
36235.51
36041.74
36235.51
36041.74
36041.74
35847.96
36235.51
36235.51
36041.74
36041.74
36041.74
36041.74
36041.74
36041.74
36041.74
36041.74
36041.74
36041.74
36041.74
36041.74
36041.74
36041.74
36041.74
36041.74
36041.74
36041.74
36041.74
35847.96
36041.74
35847.96
36041.74
35847.96
35847.96
35847.96
35847.96
35847.96
36041.74
35847.96
36041.74
35847.96
35847.96
35847.96
35847.96
35847.96
36041.74
35847.96
35847.96
35847.96
35847.96
35847.96
35847.96
35847.96
35847.96
35847.96
35654.19
35847.96
35847.96
35847.96
35847.96
35847.96
35654.19
35847.96
35654.19
35847.96
35654.19
35847.96
35847.96
35847.96
35847.96
35654.19
35654.19
35847.96
35654.19
35847.96
35654.19
35654.19
35654.19
35654.19
35847.96
35654.19
35654.19
35654.19
35654.19
35654.19
35654.19
35654.19
35654.19
35460.42
35654.19
35654.19
35654.19
35654.19
35654.19
35654.19
35460.42
35654.19
35654.19
35460.42
35460.42
35654.19
35654.19
35654.19
35460.42
35460.42
35654.19
35460.42
35460.42
35460.42
35460.42
35266.65
35460.42
35266.65
35460.42
35460.42
35460.42
35460.42
35460.42
35266.65
35266.65
35460.42
35266.65
35266.65
35266.65
35460.42
35266.65
35460.42
35460.42
35266.65
35266.65
35266.65
35266.65
35266.65
35266.65
35460.42
35460.42
35266.65
35266.65
35266.65
35266.65
35266.65
35266.65
35266.65
35266.65
35266.65
35266.65
35266.65
35266.65
35266.65
35266.65
35266.65
35072.87
35266.65
35266.65
35072.87
35266.65
35072.87
35266.65
35266.65
35266.65
35072.87
35266.65
35072.87
35072.87
35072.87
35072.87
35266.65
35072.87
35072.87
35072.87
35072.87
35072.87
35072.87
35072.87
35072.87
35072.87
35072.87
35072.87
35072.87
34879.10
35072.87
35072.87
35072.87
34879.10
35072.87
35072.87
35072.87
34879.10
34879.10
34879.10
34879.10
34879.10
35072.87
34879.10
35072.87
35072.87
34879.10
35072.87
34879.10
34879.10
34879.10
34879.10
34879.10
34879.10
34879.10
34879.10
34879.10
34879.10
34879.10
34879.10
34879.10
34879.10
34879.10
34879.10
34879.10
34879.10
34879.10
34879.10
34879.10
34685.33
34879.10
34879.10
34879.10
34685.33
34879.10
34685.33
34685.33
34879.10
34685.33
34685.33
34879.10
34879.10
34685.33
34879.10
34685.33
34685.33
34685.33
34491.55
34685.33
34491.55
34685.33
34685.33
34491.55
34491.55
34685.33
34685.33
34685.33
34685.33
34491.55
34491.55
34491.55
34491.55
34685.33
34685.33
34491.55
34491.55
34491.55
34491.55
34491.55
34491.55
34491.55
34491.55
34491.55
34491.55
34491.55
34491.55
34491.55
34491.55
34491.55
34491.55
34491.55
34491.55
34491.55
34491.55
34491.55
34297.78
34491.55
34297.78
34491.55
34297.78
34297.78
34297.78
34297.78
34297.78
34297.78
34297.78
34297.78
34297.78
34297.78
34297.78
34297.78
34297.78
34297.78
34297.78
34297.78
34297.78
34104.01
34297.78
34297.78
34297.78
34297.78
34297.78
34297.78
34104.01
34297.78
34104.01
34104.01
34104.01
34297.78
34104.01
34104.01
34104.01
34297.78
34104.01
34297.78
33910.24
34104.01
34104.01
34104.01
34104.01
34297.78
34104.01
33910.24
34104.01
33910.24
34104.01
34104.01
33910.24
33910.24
33910.24
33910.24
33910.24
33910.24
33910.24
33910.24
33910.24
33910.24
33910.24
33910.24
34104.01
33910.24
33910.24
33910.24
33910.24
33716.46
33910.24
33910.24
33910.24
33910.24
33910.24
33910.24
33910.24
33910.24
33910.24
33910.24
33910.24
33716.46
33910.24
33910.24
33716.46
33910.24
33910.24
33716.46
33910.24
33716.46
33716.46
33716.46
33910.24
33716.46
33716.46
33716.46
33716.46
33716.46
33716.46
33716.46
33716.46
33716.46
33716.46
33716.46
33716.46
33716.46
33522.69
33716.46
33716.46
33716.46
33522.69
33522.69
33522.69
33716.46
33716.46
33522.69
33716.46
33522.69
33522.69
33522.69
33522.69
33522.69
33522.69
33716.46
33522.69
33522.69
33522.69
33522.69
33522.69
33522.69
33522.69
33522.69
33522.69
33522.69
33522.69
33522.69
33522.69
33522.69
33522.69
33522.69
33522.69
33522.69
33522.69
33328.92
33135.15
33328.92
33328.92
33328.92
33328.92
33328.92
33328.92
33328.92
33522.69
33328.92
33135.15
33328.92
33328.92
33328.92
33135.15
33522.69
33328.92
33135.15
33328.92
33328.92
33135.15
33135.15
33328.92
33135.15
33328.92
33328.92
33328.92
33135.15
33135.15
33135.15
33135.15
33135.15
33135.15
33135.15
33135.15
33135.15
33135.15
33135.15
33135.15
33135.15
33135.15
33135.15
33135.15
33135.15
33135.15
32941.37
33135.15
33135.15
32941.37
33135.15
33135.15
32941.37
32941.37
32941.37
32941.37
32941.37
33135.15
33135.15
32941.37
32941.37
32941.37
32941.37
32941.37
32941.37
32941.37
32941.37
32941.37
32941.37
33135.15
32941.37
32941.37
32941.37
32941.37
32941.37
32941.37
32941.37
32941.37
32941.37
32941.37
32941.37
32747.60
32747.60
32941.37
32747.60
32941.37
32747.60
32747.60
32747.60
32747.60
32747.60
32747.60
32747.60
32747.60
32747.60
32747.60
32941.37
32747.60
32747.60
32747.60
32747.60
32941.37
32747.60
32747.60
32747.60
32747.60
32747.60
32747.60
32747.60
32747.60
32747.60
32747.60
32553.83
32553.83
32553.83
32747.60
32747.60
32747.60
32553.83
32747.60
32747.60
32747.60
32747.60
32747.60
32747.60
32747.60
32553.83
32747.60
32553.83
32747.60
32553.83
32747.60
32553.83
32553.83
32553.83
32747.60
32747.60
32553.83
32747.60
32747.60
32553.83
32360.05
32747.60
32553.83
32553.83
32553.83
32553.83
32553.83
32360.05
32553.83
32553.83
32553.83
32553.83
32553.83
32553.83
32360.05
32360.05
32360.05
32360.05
32360.05
32360.05
32360.05
32360.05
32553.83
32553.83
32360.05
32360.05
32360.05
32360.05
32360.05
32360.05
32360.05
32360.05
32360.05
32360.05
32360.05
32360.05
32360.05
32360.05
32360.05
32360.05
32360.05
32360.05
32360.05
32360.05
32360.05
32360.05
32360.05
32360.05
32360.05
32166.28
32360.05
32360.05
32166.28
32166.28
32166.28
32166.28
32166.28
32360.05
32360.05
32166.28
32166.28
32166.28
32360.05
32360.05
32166.28
32166.28
32166.28
32166.28
32166.28
32166.28
32360.05
32166.28
32166.28
32166.28
32166.28
32166.28
31972.51
32166.28
32166.28
32166.28
32166.28
32166.28
32166.28
31972.51
32166.28
31972.51
32166.28
31972.51
32166.28
31972.51
31972.51
31972.51
31972.51
31972.51
32166.28
31972.51
31972.51
31972.51
31972.51
31972.51
31972.51
31972.51
31972.51
31972.51
31972.51
31972.51
31972.51
31972.51
31972.51
31972.51
31972.51
31972.51
31972.51
31972.51
31972.51
31972.51
31972.51
31972.51
31972.51
31972.51
31972.51
31972.51
31972.51
31778.74
31972.51
31972.51
31778.74
31972.51
31972.51
31778.74
31972.51
31778.74
31778.74
31778.74
31972.51
31778.74
31584.96
31778.74
31778.74
31972.51
31584.96
31584.96
31778.74
31778.74
31778.74
31584.96
31778.74
31584.96
31778.74
31584.96
31778.74
31584.96
31778.74
31584.96
31778.74
31584.96
31584.96
31584.96
31584.96
31584.96
31584.96
31584.96
31584.96
31584.96
31584.96
31584.96
31584.96
31584.96
31584.96
31584.96
31584.96
31584.96
31584.96
31584.96
31584.96
31584.96
31584.96
31584.96
31584.96
31584.96
31584.96
31584.96
31584.96
31584.96
31391.19
31584.96
31391.19
31584.96
31584.96
31391.19
31391.19
31391.19
31584.96
31584.96
31584.96
31391.19
31584.96
31584.96
31584.96
31391.19
31391.19
31584.96
31391.19
31391.19
31391.19
31391.19
31391.19
31391.19
31391.19
31391.19
31391.19
31391.19
31391.19
31391.19
31391.19
31391.19
31391.19
31197.42
31197.42
31391.19
31391.19
31197.42
31197.42
31391.19
31391.19
31391.19
31391.19
31197.42
31197.42
31197.42
31197.42
31197.42
31197.42
31197.42
31197.42
31391.19
31197.42
31197.42
31003.64
31003.64
31197.42
31197.42
31197.42
31197.42
31197.42
31197.42
31003.64
31197.42
31197.42
31197.42
31197.42
31003.64
31003.64
31197.42
31197.42
31003.64
31197.42
31003.64
31003.64
31003.64
31003.64
31197.42
31003.64
31003.64
31003.64
31003.64
31003.64
31003.64
31003.64
31003.64
31003.64
31003.64
31003.64
31003.64
31003.64
31003.64
31003.64
31003.64
31003.64
31003.64
31003.64
31003.64
31003.64
31003.64
31003.64
31003.64
31003.64
31003.64
30809.87
31003.64
31003.64
30809.87
30809.87
30809.87
31003.64
31003.64
31003.64
30809.87
30809.87
31003.64
30809.87
30809.87
30809.87
30809.87
31003.64
30809.87
30809.87
30809.87
30809.87
30809.87
30616.10
30616.10
30809.87
30616.10
30809.87
30809.87
30809.87
30809.87
30809.87
30809.87
30809.87
30809.87
30616.10
30809.87
30809.87
30809.87
30616.10
30616.10
30616.10
30616.10
30616.10
30616.10
30616.10
30616.10
30616.10
30616.10
30616.10
30616.10
30616.10
30616.10
30616.10
30616.10
30616.10
30616.10
30616.10
30616.10
30616.10
30616.10
30616.10
30616.10
30616.10
30616.10
30616.10
30422.33
30616.10
30616.10
30422.33
30616.10
30616.10
30616.10
30616.10
30422.33
30616.10
30422.33
30422.33
30616.10
30616.10
30616.10
30422.33
30228.55
30422.33
30228.55
30422.33
30422.33
30422.33
30422.33
30422.33
30228.55
30228.55
30228.55
30422.33
30228.55
30228.55
30228.55
30422.33
30228.55
30228.55
30228.55
30228.55
30228.55
30228.55
30228.55
30228.55
30228.55
30228.55
30228.55
30228.55
30228.55
30228.55
30228.55
30228.55
30034.78
30228.55
30228.55
30034.78
30034.78
30034.78
30034.78
30034.78
30034.78
30228.55
30228.55
30228.55
30034.78
30228.55
30034.78
30034.78
30034.78
30034.78
30034.78
30034.78
30034.78
30034.78
30034.78
30034.78
30034.78
30034.78
30034.78
30228.55
30034.78
30034.78
30034.78
30034.78
30034.78
29841.01
29841.01
29841.01
30034.78
30034.78
30034.78
30034.78
30034.78
30034.78
30034.78
30034.78
30034.78
30034.78
30034.78
29841.01
29841.01
29841.01
29841.01
29841.01
29841.01
30034.78
29841.01
29841.01
29841.01
29841.01
29841.01
29841.01
29841.01
29841.01
29841.01
29841.01
29841.01
29841.01
29841.01
29841.01
30034.78
29841.01
29841.01
29841.01
29841.01
29647.24
29647.24
29841.01
29841.01
29841.01
29647.24
29647.24
29841.01
29841.01
29841.01
29841.01
29841.01
29841.01
29841.01
29841.01
29647.24
29647.24
29647.24
29841.01
29647.24
29647.24
29647.24
29647.24
29647.24
29647.24
29647.24
29647.24
29647.24
29647.24
29647.24
29647.24
29647.24
29647.24
29453.46
29453.46
29453.46
29453.46
29453.46
29453.46
29453.46
29453.46
29453.46
29453.46
29453.46
29647.24
29453.46
29453.46
29453.46
29453.46
29453.46
29453.46
29453.46
29453.46
29453.46
29453.46
29453.46
29453.46
29453.46
29453.46
29453.46
29453.46
29453.46
29453.46
29453.46
29453.46
29453.46
29453.46
29259.69
29453.46
29453.46
29453.46
29453.46
29453.46
29259.69
29259.69
29259.69
29453.46
29453.46
29453.46
29259.69
29259.69
29453.46
29453.46
29453.46
29453.46
29453.46
29453.46
29453.46
29453.46
29259.69
29259.69
29259.69
29259.69
29259.69
29259.69
29259.69
29259.69
29259.69
29259.69
29259.69
29259.69
29259.69
29259.69
29259.69
29259.69
29259.69
29259.69
29259.69
29259.69
29259.69
29259.69
29259.69
29065.92
29453.46
29259.69
29259.69
29259.69
29259.69
29065.92
29065.92
29065.92
29259.69
29065.92
29065.92
29259.69
29259.69
29065.92
29065.92
29065.92
29065.92
29065.92
29065.92
29065.92
29065.92
29065.92
29065.92
29065.92
29065.92
29065.92
29065.92
29065.92
29065.92
29065.92
29065.92
29065.92
29065.92
29065.92
29065.92
29065.92
29065.92
29065.92
29065.92
29065.92
29065.92
29065.92
29065.92
29065.92
29065.92
29065.92
29065.92
29065.92
29065.92
29065.92
29065.92
28872.14
29065.92
29065.92
29065.92
29065.92
29065.92
29065.92
28872.14
29065.92
29065.92
28872.14
28872.14
28872.14
28678.37
28678.37
28872.14
28872.14
28872.14
29065.92
28872.14
28678.37
28872.14
28678.37
28872.14
28678.37
28872.14
28678.37
28678.37
28872.14
28678.37
28678.37
28678.37
28872.14
28678.37
28678.37
28678.37
28678.37
28678.37
28678.37
28678.37
28678.37
28678.37
28678.37
28678.37
28678.37
28678.37
28678.37
28678.37
28678.37
28678.37
28484.60
28678.37
28678.37
28678.37
28678.37
28678.37
28678.37
28678.37
28678.37
28678.37
28484.60
28678.37
28678.37
28484.60
28484.60
28678.37
28678.37
28484.60
28678.37
28484.60
28678.37
28484.60
28484.60
28484.60
28678.37
28484.60
28484.60
28484.60
28484.60
28678.37
28484.60
28484.60
28484.60
28484.60
28484.60
28484.60
28484.60
28484.60
28484.60
28484.60
28484.60
28484.60
28484.60
28290.83
28484.60
28484.60
28484.60
28484.60
28484.60
28484.60
28484.60
28484.60
28290.83
28290.83
28484.60
28484.60
28484.60
28290.83
28290.83
28290.83
28290.83
28290.83
28290.83
28290.83
28290.83
28290.83
28290.83
28290.83
28484.60
28290.83
28290.83
28290.83
28290.83
28290.83
28290.83
28290.83
28097.05
28290.83
28290.83
28097.05
28097.05
28290.83
28290.83
28097.05
28097.05
28097.05
28290.83
28097.05
28097.05
28097.05
28097.05
28097.05
28097.05
28097.05
28097.05
28097.05
28097.05
28097.05
28097.05
28097.05
28097.05
28097.05
28097.05
28097.05
28097.05
28097.05
28097.05
28097.05
28097.05
28097.05
28097.05
28097.05
28097.05
27903.28
28097.05
28097.05
28097.05
27903.28
28097.05
28097.05
28097.05
28097.05
27903.28
28097.05
28097.05
28097.05
28097.05
27903.28
28097.05
27903.28
28097.05
27903.28
27903.28
27903.28
27903.28
27903.28
27903.28
27903.28
27903.28
27903.28
27903.28
27903.28
27903.28
27903.28
27903.28
27903.28
27903.28
27903.28
27903.28
27903.28
28097.05
27903.28
27903.28
27903.28
27903.28
27903.28
27903.28
27903.28
27903.28
27903.28
27903.28
27903.28
27903.28
27903.28
27709.51
27709.51
27903.28
27903.28
27903.28
27903.28
27903.28
27709.51
27709.51
27903.28
27709.51
27709.51
27903.28
27709.51
27903.28
27903.28
27709.51
27709.51
27709.51
27709.51
27709.51
27709.51
27709.51
27709.51
27903.28
27709.51
27515.73
27709.51
27709.51
27515.73
27709.51
27709.51
27709.51
27515.73
27709.51
27709.51
27709.51
27515.73
27709.51
27709.51
27515.73
27709.51
27709.51
27515.73
27709.51
27515.73
27709.51
27515.73
27709.51
27515.73
27709.51
27515.73
27515.73
27321.96
27321.96
27515.73
27515.73
27321.96
27515.73
27709.51
27515.73
27321.96
27515.73
27515.73
27515.73
27515.73
27321.96
27321.96
27321.96
27321.96
27515.73
27321.96
27321.96
27321.96
27515.73
27321.96
27321.96
27321.96
27321.96
27321.96
27321.96
27321.96
27515.73
27321.96
27515.73
27128.19
27321.96
27321.96
27321.96
27321.96
27321.96
27321.96
27321.96
27321.96
27321.96
27321.96
27321.96
27321.96
27321.96
27321.96
27321.96
27321.96
27321.96
27321.96
27321.96
27128.19
27128.19
27128.19
27321.96
27128.19
27128.19
27128.19
27321.96
27128.19
27321.96
27128.19
27321.96
27128.19
27128.19
27128.19
27128.19
27128.19
27128.19
27128.19
27128.19
27128.19
27128.19
27128.19
27128.19
27128.19
27128.19
27128.19
27128.19
27128.19
26934.42
27128.19
27128.19
27128.19
27128.19
27128.19
27128.19
26934.42
27128.19
26934.42
27128.19
27128.19
27128.19
26934.42
26934.42
27128.19
27128.19
26934.42
26934.42
27128.19
27128.19
26934.42
26934.42
26934.42
26934.42
26934.42
26934.42
26934.42
26934.42
26934.42
26934.42
26934.42
26934.42
26934.42
26934.42
26934.42
26934.42
26934.42
26934.42
26934.42
26934.42
26934.42
26934.42
26934.42
26740.64
26934.42
26934.42
26934.42
26934.42
26934.42
26740.64
26934.42
26934.42
26934.42
26740.64
26740.64
26934.42
26934.42
26934.42
26934.42
26934.42
26740.64
26740.64
26934.42
26934.42
26934.42
26740.64
26740.64
26740.64
26740.64
26934.42
26740.64
26546.87
26546.87
26546.87
26740.64
26740.64
26740.64
26740.64
26740.64
26740.64
26740.64
26740.64
26740.64
26740.64
26740.64
26740.64
26740.64
26546.87
26546.87
26546.87
26546.87
26740.64
26546.87
26546.87
26546.87
26546.87
26546.87
26546.87
26546.87
26546.87
26546.87
26546.87
26546.87
26546.87
26546.87
26546.87
26546.87
26546.87
26546.87
26740.64
26546.87
26546.87
26546.87
26546.87
26546.87
26353.10
26353.10
26546.87
26546.87
26353.10
26353.10
26546.87
26546.87
26546.87
26353.10
26353.10
26353.10
26353.10
26546.87
26353.10
26353.10
26353.10
26353.10
26353.10
26353.10
26353.10
26353.10
26353.10
26353.10
26353.10
26159.33
26353.10
26353.10
26353.10
26353.10
26353.10
26353.10
26353.10
26353.10
26353.10
26159.33
26159.33
26159.33
26353.10
26353.10
26353.10
26159.33
26353.10
26159.33
26353.10
26353.10
26159.33
26159.33
26159.33
26159.33
26353.10
26159.33
26353.10
26159.33
26159.33
26353.10
26159.33
26159.33
26159.33
26159.33
26159.33
26159.33
26159.33
26159.33
26159.33
26159.33
26159.33
26159.33
26159.33
26159.33
26159.33
26159.33
26159.33
26159.33
26159.33
26159.33
26159.33
26159.33
26159.33
26159.33
26159.33
26159.33
26159.33
26159.33
26159.33
26159.33
26159.33
26159.33
26159.33
26159.33
26159.33
26159.33
26159.33
25965.55
26159.33
25965.55
25965.55
25965.55
26159.33
25965.55
26159.33
26159.33
25965.55
26159.33
25965.55
25965.55
25965.55
25771.78
25965.55
25965.55
25965.55
25771.78
25965.55
25771.78
25771.78
25771.78
25965.55
25771.78
25771.78
25771.78
25965.55
25771.78
25771.78
25965.55
25771.78
25771.78
25771.78
25771.78
25771.78
25771.78
25771.78
25771.78
25771.78
25771.78
25771.78
25771.78
25771.78
25771.78
25771.78
25771.78
25965.55
25771.78
25771.78
25771.78
25578.01
25965.55
25771.78
25771.78
25578.01
25578.01
25578.01
25578.01
25771.78
25578.01
25578.01
25578.01
25771.78
25578.01
25578.01
25578.01
25578.01
25578.01
25578.01
25578.01
25578.01
25578.01
25578.01
25578.01
25578.01
25578.01
25578.01
25578.01
25578.01
25578.01
25578.01
25578.01
25578.01
25578.01
25578.01
25578.01
25578.01
25578.01
25578.01
25578.01
25578.01
25578.01
25578.01
25578.01
25578.01
25578.01
25578.01
25384.23
25578.01
25578.01
25578.01
25578.01
25578.01
25578.01
25578.01
25578.01
25578.01
25578.01
25578.01
25578.01
25578.01
25578.01
25578.01
25578.01
25578.01
25578.01
25578.01
25384.23
25578.01
25578.01
25578.01
25578.01
25578.01
25578.01
25578.01
25578.01
25578.01
25384.23
25384.23
25384.23
25578.01
25578.01
25578.01
25384.23
25578.01
25190.46
25384.23
25384.23
25384.23
25384.23
25384.23
25384.23
25384.23
25384.23
25384.23
25190.46
25384.23
25190.46
25384.23
25384.23
25384.23
25578.01
25384.23
25190.46
25190.46
25384.23
25384.23
25190.46
25384.23
25384.23
25578.01
25384.23
25384.23
25384.23
25384.23
25384.23
25384.23
25384.23
25190.46
25190.46
25190.46
25190.46
25190.46
25190.46
25190.46
25190.46
25190.46
25190.46
25190.46
25190.46
25190.46
25190.46
25190.46
25190.46
25190.46
24996.69
25190.46
25190.46
25190.46
25190.46
24996.69
25190.46
25190.46
25190.46
25190.46
25190.46
25190.46
25190.46
25190.46
25190.46
24996.69
24996.69
25190.46
24996.69
25190.46
25190.46
25190.46
24996.69
25190.46
24996.69
24996.69
24996.69
25190.46
24996.69
24996.69
24996.69
24996.69
24996.69
24996.69
25190.46
24996.69
24996.69
24996.69
24996.69
24996.69
24996.69
24996.69
24996.69
24996.69
24996.69
24996.69
24996.69
24996.69
24996.69
24996.69
24996.69
24996.69
24802.92
24996.69
24802.92
24996.69
24996.69
24996.69
24996.69
24802.92
24802.92
24802.92
24996.69
24802.92
24996.69
24996.69
24996.69
24802.92
24802.92
24802.92
24802.92
24802.92
24802.92
24802.92
24802.92
24802.92
24802.92
24802.92
24802.92
24802.92
24802.92
24802.92
24802.92
24802.92
24802.92
24802.92
24802.92
24802.92
24802.92
24802.92
24802.92
24802.92
24802.92
24802.92
24802.92
24802.92
24802.92
24802.92
24802.92
24802.92
24802.92
24802.92
24802.92
24802.92
24802.92
24802.92
24609.14
24802.92
24802.92
24609.14
24609.14
24802.92
24415.37
24802.92
24609.14
24609.14
24415.37
24609.14
24802.92
24609.14
24802.92
24609.14
24415.37
24609.14
24609.14
24609.14
24415.37
24802.92
24415.37
24609.14
24415.37
24415.37
24415.37
24609.14
24609.14
24415.37
24221.60
24415.37
24415.37
24609.14
24609.14
24415.37
24415.37
24415.37
24415.37
24415.37
24415.37
24415.37
24415.37
24415.37
24415.37
24415.37
24415.37
24415.37
24415.37
24415.37
24415.37
24415.37
24415.37
24415.37
24415.37
24415.37
24415.37
24415.37
24415.37
24415.37
24415.37
24415.37
24415.37
24415.37
24221.60
24415.37
24415.37
24415.37
24415.37
24415.37
24415.37
24415.37
24415.37
24415.37
24415.37
24415.37
24415.37
24221.60
24221.60
24415.37
24415.37
24221.60
24221.60
24221.60
24221.60
24415.37
24221.60
24415.37
24221.60
24221.60
24415.37
24221.60
24221.60
24221.60
24221.60
24221.60
24221.60
24221.60
24221.60
24221.60
24221.60
24221.60
24221.60
24221.60
24221.60
24221.60
24221.60
24221.60
24221.60
24221.60
24221.60
24221.60
24027.82
24221.60
24221.60
24221.60
24221.60
24221.60
24027.82
24027.82
24221.60
24221.60
24221.60
24027.82
24027.82
24221.60
24221.60
24221.60
24027.82
24221.60
24027.82
24027.82
24027.82
24027.82
24027.82
24027.82
24027.82
24027.82
24027.82
24221.60
24027.82
24027.82
24027.82
24221.60
24027.82
24027.82
24027.82
24027.82
24027.82
24027.82
24027.82
24027.82
24027.82
24027.82
24027.82
24027.82
24027.82
24027.82
24027.82
24027.82
24027.82
24027.82
24027.82
24027.82
23834.05
24027.82
24027.82
24027.82
24027.82
24027.82
24027.82
24027.82
24027.82
23834.05
23834.05
24027.82
23834.05
24027.82
23834.05
24027.82
24027.82
24027.82
23834.05
23834.05
24027.82
23640.28
23834.05
24027.82
24027.82
24027.82
23834.05
23640.28
24027.82
23834.05
23834.05
23834.05
23834.05
23834.05
23834.05
23834.05
23834.05
24027.82
23834.05
23834.05
23834.05
23640.28
23640.28
23834.05
23640.28
23834.05
23640.28
23834.05
23834.05
23834.05
23640.28
23640.28
23834.05
23640.28
23834.05
23834.05
23640.28
23640.28
23834.05
23834.05
23640.28
23640.28
23640.28
23640.28
23446.51
23640.28
23640.28
23640.28
23446.51
23446.51
23446.51
23640.28
23640.28
23640.28
23446.51
23640.28
23446.51
23640.28
23640.28
23446.51
23446.51
23446.51
23640.28
23446.51
23446.51
23446.51
23446.51
23446.51
23446.51
23446.51
23446.51
23446.51
23446.51
23446.51
23446.51
23446.51
23446.51
23446.51
23446.51
23446.51
23446.51
23446.51
23446.51
23252.73
23446.51
23446.51
23446.51
23446.51
23446.51
23446.51
23446.51
23446.51
23446.51
23446.51
23446.51
23446.51
23252.73
23446.51
23446.51
23446.51
23446.51
23446.51
23446.51
23446.51
23446.51
23446.51
23252.73
23446.51
23446.51
23446.51
23252.73
23446.51
23252.73
23252.73
23252.73
23252.73
23252.73
23446.51
23252.73
23252.73
23252.73
23252.73
23446.51
23446.51
23252.73
23252.73
23252.73
23252.73
23252.73
23446.51
23252.73
23252.73
23252.73
23252.73
23252.73
23446.51
23252.73
23252.73
23252.73
23252.73
23252.73
23252.73
23252.73
23252.73
23252.73
23252.73
23252.73
23252.73
23252.73
23252.73
23252.73
23252.73
23058.96
23252.73
23252.73
23252.73
23252.73
23252.73
23252.73
23252.73
23058.96
23252.73
22865.19
23058.96
23058.96
23058.96
23252.73
22865.19
22865.19
23058.96
23058.96
23252.73
23058.96
23058.96
23058.96
23058.96
23058.96
22865.19
22865.19
23058.96
22865.19
23058.96
23058.96
22865.19
22865.19
23058.96
23058.96
22865.19
22865.19
22865.19
22865.19
22865.19
22865.19
22865.19
22865.19
22865.19
22865.19
22865.19
22671.42
22865.19
22865.19
22865.19
22865.19
22865.19
22865.19
22865.19
22865.19
22865.19
22865.19
22865.19
22865.19
22865.19
22865.19
22865.19
22865.19
22865.19
22865.19
22865.19
22671.42
22865.19
22865.19
22671.42
22671.42
22671.42
22865.19
22865.19
22865.19
22671.42
22671.42
22671.42
22671.42
22865.19
22671.42
22671.42
22671.42
22671.42
22671.42
22671.42
22671.42
22671.42
22865.19
22865.19
22671.42
22671.42
22671.42
22671.42
22671.42
22671.42
22671.42
22671.42
22671.42
22671.42
22671.42
22671.42
22477.64
22671.42
22671.42
22865.19
22671.42
22671.42
22671.42
22671.42
22671.42
22671.42
22671.42
22671.42
22671.42
22671.42
22671.42
22671.42
22477.64
22671.42
22671.42
22671.42
22671.42
22671.42
22477.64
22477.64
22477.64
22477.64
22477.64
22477.64
22671.42
22477.64
22671.42
22477.64
22477.64
22477.64
22477.64
22671.42
22477.64
22477.64
22477.64
22671.42
22283.87
22283.87
22477.64
22477.64
22283.87
22477.64
22477.64
22477.64
22477.64
22477.64
22283.87
22283.87
22283.87
22283.87
22283.87
22477.64
22477.64
22283.87
22283.87
22477.64
22283.87
22283.87
22283.87
22283.87
22283.87
22283.87
22283.87
22477.64
22283.87
22283.87
22283.87
22283.87
22283.87
22283.87
22283.87
22283.87
22283.87
22477.64
22283.87
22283.87
22283.87
22283.87
22283.87
22283.87
22283.87
22283.87
22090.10
22283.87
22283.87
22283.87
22283.87
22283.87
22283.87
22283.87
22283.87
22283.87
22283.87
22283.87
22283.87
22283.87
22283.87
22090.10
22090.10
22283.87
22090.10
22283.87
22090.10
22090.10
22283.87
22283.87
22283.87
22283.87
22090.10
22090.10
22090.10
22090.10
22090.10
22090.10
22090.10
22090.10
22283.87
22090.10
22090.10
22090.10
22090.10
22090.10
22090.10
22090.10
22090.10
22090.10
22090.10
22090.10
22090.10
22283.87
22090.10
22090.10
22090.10
22090.10
22090.10
22090.10
22090.10
22090.10
22090.10
21896.32
22090.10
22090.10
22090.10
22090.10
22090.10
21896.32
22090.10
22090.10
21896.32
22283.87
22090.10
22090.10
22090.10
21896.32
22090.10
22090.10
21896.32
21896.32
21896.32
21896.32
21896.32
22090.10
21896.32
22090.10
22090.10
21896.32
21896.32
22090.10
21896.32
21896.32
21896.32
21896.32
21896.32
21896.32
21896.32
21896.32
21896.32
21896.32
21896.32
21896.32
21896.32
21896.32
21896.32
21896.32
21896.32
21896.32
21896.32
21896.32
21896.32
21896.32
21896.32
21896.32
21896.32
21896.32
21896.32
21896.32
21896.32
21896.32
21896.32
21896.32
21702.55
21896.32
21896.32
21896.32
21896.32
21896.32
21896.32
21896.32
21896.32
21896.32
21896.32
21896.32
21896.32
21896.32
21702.55
21896.32
21702.55
21896.32
21896.32
21896.32
21896.32
21896.32
21896.32
21896.32
21702.55
21896.32
21896.32
21896.32
21896.32
21896.32
21896.32
21896.32
21702.55
21702.55
21702.55
21702.55
21702.55
21702.55
21702.55
21702.55
21702.55
21702.55
21508.78
21702.55
21702.55
21702.55
21702.55
21702.55
21508.78
21508.78
21508.78
21702.55
21702.55
21702.55
21508.78
21702.55
21896.32
21702.55
21508.78
21508.78
21508.78
21508.78
21508.78
21508.78
21508.78
21508.78
21508.78
21508.78
21508.78
21702.55
21702.55
21508.78
21508.78
21508.78
21508.78
21508.78
21508.78
21508.78
21508.78
21508.78
21315.01
21508.78
21508.78
21508.78
21508.78
21508.78
21508.78
21508.78
21508.78
21315.01
21315.01
21508.78
21508.78
21508.78
21315.01
21315.01
21508.78
21315.01
21508.78
21315.01
21508.78
21508.78
21508.78
21315.01
21315.01
21315.01
21508.78
21508.78
21315.01
21315.01
21508.78
21508.78
21315.01
21315.01
21315.01
21508.78
21315.01
21315.01
21315.01
21315.01
21315.01
21315.01
21315.01
21315.01
21315.01
21315.01
21315.01
21315.01
21315.01
21315.01
21315.01
21315.01
21315.01
21315.01
21315.01
21315.01
21315.01
21315.01
21315.01
21315.01
21315.01
21315.01
21315.01
21315.01
21121.23
21315.01
21315.01
21121.23
21315.01
21315.01
21315.01
21315.01
21315.01
21121.23
21315.01
21121.23
21315.01
21121.23
21121.23
21315.01
21315.01
21315.01
21121.23
21121.23
21315.01
21121.23
21121.23
21121.23
21121.23
21121.23
21121.23
21121.23
21121.23
21315.01
21121.23
21121.23
21121.23
21121.23
21121.23
21121.23
21121.23
21121.23
21121.23
21121.23
21121.23
21121.23
21121.23
21121.23
21121.23
21121.23
21121.23
21121.23
21121.23
21121.23
21121.23
21121.23
21121.23
21121.23
21121.23
21121.23
20927.46
21121.23
21121.23
21121.23
21121.23
21121.23
21121.23
21121.23
20927.46
20927.46
21121.23
21121.23
21121.23
21121.23
20927.46
21121.23
20927.46
21121.23
20733.69
20927.46
20927.46
21121.23
20927.46
20927.46
20927.46
21121.23
20927.46
20927.46
20927.46
21121.23
20927.46
20927.46
20733.69
20927.46
21121.23
20733.69
20927.46
20927.46
20927.46
20927.46
20733.69
20733.69
20927.46
20927.46
20733.69
20927.46
20927.46
20927.46
20733.69
20733.69
20733.69
20927.46
20733.69
20733.69
20733.69
20733.69
20927.46
20733.69
20733.69
20733.69
20733.69
20733.69
20733.69
20733.69
20733.69
20733.69
20733.69
20733.69
20733.69
20733.69
20733.69
20733.69
20733.69
20733.69
20733.69
20733.69
20733.69
20733.69
20733.69
20733.69
20733.69
20733.69
20733.69
20733.69
20733.69
20733.69
20733.69
20733.69
20733.69
20733.69
20733.69
20733.69
20733.69
20733.69
20733.69
20733.69
20733.69
20733.69
20539.91
20733.69
20733.69
20733.69
20539.91
20539.91
20539.91
20733.69
20733.69
20733.69
20539.91
20733.69
20539.91
20539.91
20733.69
20539.91
20539.91
20733.69
20539.91
20733.69
20733.69
20539.91
20539.91
20539.91
20733.69
20733.69
20539.91
20539.91
20539.91
20539.91
20539.91
20539.91
20539.91
20539.91
20539.91
20539.91
20539.91
20539.91
20539.91
20733.69
20539.91
20539.91
20539.91
20539.91
20539.91
20539.91
20539.91
20539.91
20539.91
20539.91
20539.91
20539.91
20539.91
20539.91
20539.91
20539.91
20539.91
20539.91
20539.91
20346.14
20346.14
20539.91
20539.91
20539.91
20539.91
20539.91
20539.91
20539.91
20346.14
20539.91
20539.91
20539.91
20539.91
20346.14
20346.14
20346.14
20346.14
20346.14
20346.14
20346.14
20346.14
20539.91
20346.14
20346.14
20346.14
20346.14
20539.91
20346.14
20346.14
20346.14
20346.14
20346.14
20346.14
20346.14
20346.14
20346.14
20346.14
20346.14
20346.14
20346.14
20346.14
20346.14
20346.14
20346.14
20346.14
20346.14
20346.14
20346.14
20346.14
20346.14
20346.14
20346.14
20346.14
20346.14
20152.37
20346.14
20346.14
20346.14
20346.14
20152.37
20152.37
20346.14
20152.37
20346.14
20152.37
20152.37
20346.14
20346.14
20346.14
20346.14
20152.37
20346.14
20346.14
19958.60
20152.37
20152.37
20152.37
19958.60
19958.60
20152.37
20152.37
20346.14
19958.60
20346.14
19958.60
20346.14
19958.60
20346.14
19958.60
19958.60
20152.37
19958.60
20152.37
19958.60
19958.60
19958.60
19958.60
20152.37
19958.60
20346.14
19958.60
20152.37
19958.60
19958.60
19958.60
19958.60
19958.60
19958.60
19958.60
19958.60
19958.60
19958.60
19958.60
19958.60
19958.60
20152.37
19958.60
19958.60
19958.60
19958.60
19958.60
19958.60
19958.60
19958.60
19958.60
19958.60
19958.60
19958.60
19958.60
19958.60
19958.60
19958.60
19764.82
19958.60
19958.60
19958.60
19958.60
19958.60
19958.60
19958.60
19958.60
19958.60
19958.60
19958.60
19958.60
19958.60
19958.60
19958.60
19958.60
19764.82
19958.60
19958.60
19958.60
19958.60
19764.82
19958.60
19764.82
19764.82
19764.82
19764.82
19764.82
19764.82
19764.82
19764.82
19764.82
19764.82
19764.82
19764.82
19764.82
19764.82
19764.82
19764.82
19764.82
19764.82
19764.82
19764.82
19764.82
19764.82
19764.82
19764.82
19764.82
19764.82
19764.82
19764.82
19571.05
19764.82
19764.82
19764.82
19571.05
19764.82
19764.82
19764.82
19764.82
19764.82
19764.82
19764.82
19571.05
19571.05
19571.05
19764.82
19764.82
19764.82
19571.05
19571.05
19571.05
19764.82
19571.05
19764.82
19571.05
19571.05
19571.05
19571.05
19571.05
19571.05
19764.82
19571.05
19571.05
19764.82
19571.05
19571.05
19571.05
19571.05
19571.05
19764.82
19764.82
19571.05
19571.05
19571.05
19571.05
19571.05
19571.05
19571.05
19571.05
19571.05
19571.05
19377.28
19377.28
19571.05
19377.28
19377.28
19377.28
19571.05
19377.28
19377.28
19377.28
19571.05
19377.28
19377.28
19377.28
19377.28
19377.28
19377.28
19377.28
19377.28
19377.28
19377.28
19377.28
19377.28
19377.28
19377.28
19377.28
19571.05
19183.51
19377.28
19183.51
19183.51
19377.28
19377.28
19377.28
19377.28
19377.28
19377.28
19377.28
19377.28
19377.28
19377.28
19377.28
19377.28
19377.28
19377.28
19377.28
19183.51
19183.51
19377.28
19183.51
19377.28
19377.28
19377.28
19183.51
19377.28
19183.51
19377.28
19183.51
19377.28
19183.51
19183.51
19183.51
19183.51
19183.51
19183.51
19183.51
19183.51
19183.51
19183.51
19183.51
19183.51
19183.51
19183.51
19183.51
19183.51
19183.51
19377.28
19183.51
19183.51
19183.51
19183.51
19183.51
19183.51
19183.51
19183.51
18989.73
19183.51
19183.51
19183.51
19183.51
19183.51
19183.51
19183.51
18989.73
19183.51
18989.73
18989.73
19183.51
19183.51
18989.73
19183.51
18989.73
19183.51
19183.51
19183.51
19183.51
18989.73
18989.73
19183.51
18989.73
19183.51
18989.73
18989.73
18989.73
19183.51
18989.73
19183.51
18989.73
18989.73
19183.51
18989.73
18989.73
18989.73
18989.73
18989.73
18989.73
18989.73
18989.73
18989.73
18989.73
18989.73
18989.73
18989.73
18989.73
18989.73
18989.73
18989.73
18989.73
18989.73
18989.73
18989.73
18989.73
18989.73
18989.73
18989.73
18989.73
18989.73
18989.73
18989.73
18989.73
18989.73
18989.73
18989.73
18989.73
18989.73
18989.73
18989.73
18989.73
18989.73
18989.73
18989.73
18989.73
18989.73
18989.73
18989.73
18602.19
18989.73
18989.73
18989.73
18989.73
18989.73
18989.73
18989.73
18989.73
18989.73
18989.73
18989.73
18602.19
18795.96
18795.96
18989.73
18602.19
18795.96
18989.73
18795.96
18795.96
18795.96
18795.96
18795.96
18795.96
18989.73
18989.73
18795.96
18795.96
18989.73
18795.96
18602.19
18602.19
18795.96
18795.96
18795.96
18602.19
18602.19
18602.19
18602.19
18602.19
18795.96
18602.19
18602.19
18602.19
18795.96
18602.19
18795.96
18602.19
18795.96
18602.19
18602.19
18602.19
18602.19
18602.19
18795.96
18602.19
18602.19
18602.19
18602.19
18602.19
18602.19
18602.19
18602.19
18602.19
18602.19
18602.19
18602.19
18602.19
18602.19
18602.19
18602.19
18602.19
18602.19
18602.19
18602.19
18602.19
18602.19
18602.19
18602.19
18602.19
18602.19
18602.19
18602.19
18602.19
18602.19
18602.19
18602.19
18408.41
18602.19
18602.19
18602.19
18408.41
18408.41
18602.19
18602.19
18408.41
18602.19
18408.41
18408.41
18602.19
18408.41
18408.41
18602.19
18408.41
18602.19
18408.41
18408.41
18408.41
18602.19
18408.41
18408.41
18408.41
18408.41
18408.41
18408.41
18408.41
18408.41
18408.41
18408.41
18408.41
18408.41
18408.41
18408.41
18408.41
18408.41
18408.41
18408.41
18408.41
18408.41
18408.41
18408.41
18408.41
18408.41
18408.41
18408.41
18408.41
18408.41
18214.64
18408.41
18408.41
18408.41
18408.41
18408.41
18214.64
18408.41
18214.64
18408.41
18214.64
18408.41
18214.64
18408.41
18408.41
18408.41
18408.41
18408.41
18408.41
18408.41
18408.41
18408.41
18408.41
18408.41
18408.41
18408.41
18408.41
18408.41
18408.41
18408.41
18214.64
18408.41
18214.64
18408.41
18214.64
18408.41
18214.64
18408.41
18214.64
18408.41
18214.64
18408.41
18408.41
18408.41
18214.64
18214.64
18408.41
18408.41
18408.41
18214.64
18214.64
18408.41
18214.64
18214.64
18020.87
18408.41
18214.64
18214.64
18214.64
18214.64
18214.64
18214.64
18214.64
18214.64
18214.64
18408.41
18214.64
18214.64
18020.87
18214.64
18214.64
18214.64
18214.64
18214.64
18214.64
18214.64
18214.64
18214.64
18214.64
18408.41
18214.64
18214.64
18214.64
18214.64
18214.64
18214.64
18214.64
18214.64
18214.64
18214.64
18214.64
18214.64
18020.87
18214.64
18214.64
18214.64
18214.64
18214.64
18214.64
18214.64
18214.64
18214.64
18214.64
18214.64
18214.64
18214.64
18214.64
18214.64
18214.64
18020.87
18020.87
18214.64
18020.87
18020.87
18020.87
18214.64
18020.87
18020.87
18214.64
18020.87
18020.87
18020.87
18020.87
18020.87
18020.87
18214.64
18020.87
18020.87
17827.10
18020.87
17827.10
18020.87
17827.10
18020.87
18020.87
18020.87
18020.87
18020.87
18020.87
17827.10
18020.87
18020.87
18020.87
18020.87
17827.10
18020.87
17827.10
18020.87
17827.10
18020.87
17827.10
18214.64
18020.87
18020.87
17827.10
18020.87
17827.10
17827.10
18020.87
17827.10
17827.10
18020.87
17827.10
17827.10
17827.10
18020.87
17827.10
17827.10
18020.87
18020.87
17827.10
17827.10
17827.10
17827.10
17827.10
17827.10
18020.87
17827.10
17827.10
17827.10
17827.10
17827.10
17827.10
17827.10
17633.32
17827.10
17827.10
17827.10
17827.10
17827.10
17827.10
17827.10
17827.10
17827.10
17827.10
17827.10
17827.10
17827.10
17827.10
17827.10
17827.10
18020.87
17827.10
17827.10
17827.10
17827.10
17827.10
17827.10
17633.32
17827.10
17633.32
17827.10
17827.10
17827.10
17827.10
17633.32
17633.32
17827.10
17633.32
17827.10
17633.32
17633.32
17633.32
17633.32
17827.10
17827.10
17633.32
17633.32
17827.10
17827.10
17827.10
17633.32
17633.32
17827.10
17633.32
17633.32
17633.32
17633.32
17633.32
17633.32
17633.32
17633.32
17633.32
17633.32
17633.32
17633.32
17633.32
17827.10
17633.32
17633.32
17633.32
17633.32
17633.32
17633.32
17633.32
17633.32
17633.32
17633.32
17633.32
17633.32
17633.32
17827.10
17633.32
17633.32
17633.32
17633.32
17633.32
17633.32
17633.32
17439.55
17633.32
17439.55
17439.55
17633.32
17633.32
17633.32
17633.32
17633.32
17439.55
17633.32
17439.55
17633.32
17439.55
17439.55
17633.32
17633.32
17633.32
17633.32
17439.55
17633.32
17633.32
17633.32
17633.32
17633.32
17439.55
17633.32
17439.55
17439.55
17633.32
17439.55
17439.55
17439.55
17439.55
17633.32
17439.55
17439.55
17439.55
17633.32
17439.55
17633.32
17439.55
17439.55
17439.55
17633.32
17439.55
17633.32
17439.55
17439.55
17439.55
17439.55
17439.55
17439.55
17439.55
17439.55
17439.55
17439.55
17439.55
17439.55
17245.78
17439.55
17439.55
17439.55
17439.55
17439.55
17439.55
17439.55
17439.55
17439.55
17439.55
17439.55
17439.55
17439.55
17439.55
17439.55
17439.55
17439.55
17439.55
17439.55
17439.55
17245.78
17439.55
17245.78
17439.55
17245.78
17439.55
17439.55
17245.78
17245.78
17052.00
17439.55
17245.78
17439.55
17245.78
17439.55
17439.55
17439.55
17245.78
17439.55
17439.55
17245.78
17245.78
17245.78
17052.00
17245.78
17245.78
17245.78
17245.78
17245.78
17245.78
17245.78
17245.78
17439.55
17052.00
17245.78
17052.00
17245.78
17245.78
17245.78
17245.78
17052.00
17245.78
17439.55
17052.00
17245.78
17052.00
17052.00
17052.00
17052.00
17052.00
17245.78
17052.00
17052.00
17052.00
17052.00
17052.00
17052.00
17052.00
17052.00
17052.00
17439.55
17052.00
17052.00
17245.78
17052.00
17052.00
17052.00
17052.00
17052.00
17052.00
17052.00
17052.00
17052.00
17052.00
17052.00
16858.23
17052.00
17052.00
16858.23
17052.00
17052.00
17052.00
17052.00
17052.00
17052.00
17052.00
17052.00
17052.00
17052.00
17052.00
17052.00
16858.23
17052.00
16858.23
17052.00
16858.23
17052.00
16858.23
17052.00
16858.23
16858.23
17052.00
17052.00
16858.23
17052.00
17052.00
17052.00
16858.23
16858.23
17052.00
17052.00
16858.23
17052.00
16858.23
17052.00
16858.23
16858.23
16858.23
16858.23
16858.23
17052.00
16858.23
16858.23
16858.23
16858.23
16858.23
16858.23
16858.23
16858.23
16858.23
16858.23
16858.23
16858.23
16858.23
16858.23
16858.23
16858.23
16858.23
16858.23
16858.23
16858.23
16858.23
16858.23
16858.23
16858.23
16858.23
16858.23
16858.23
16858.23
16858.23
16858.23
16858.23
16858.23
16858.23
16858.23
16858.23
16858.23
16858.23
16858.23
16858.23
16858.23
16858.23
16858.23
16664.46
16858.23
16858.23
16664.46
16858.23
16858.23
16858.23
16858.23
16858.23
16858.23
16664.46
16664.46
16858.23
16858.23
16858.23
16858.23
16858.23
16858.23
16858.23
16858.23
16664.46
16664.46
16664.46
16664.46
16664.46
16664.46
16858.23
16858.23
16858.23
16664.46
16664.46
16858.23
16664.46
16664.46
16470.69
16664.46
16664.46
16664.46
16664.46
16664.46
16664.46
16858.23
16664.46
16858.23
16664.46
16664.46
16664.46
16664.46
16664.46
16664.46
16470.69
16664.46
16664.46
16664.46
16664.46
16664.46
16470.69
16470.69
16664.46
16470.69
16470.69
16664.46
16470.69
16664.46
16664.46
16470.69
16664.46
16664.46
16664.46
16664.46
16470.69
16470.69
16470.69
16470.69
16470.69
16470.69
16470.69
16664.46
16470.69
16470.69
16470.69
16470.69
16470.69
16470.69
16470.69
16470.69
16470.69
16470.69
16470.69
16470.69
16276.91
16664.46
16470.69
16470.69
16470.69
16470.69
16276.91
16470.69
16276.91
16470.69
16276.91
16470.69
16276.91
16470.69
16470.69
16470.69
16470.69
16470.69
16470.69
16470.69
16470.69
16664.46
16276.91
16276.91
16276.91
16470.69
16276.91
16276.91
16276.91
16276.91
16276.91
16470.69
16276.91
16470.69
16470.69
16470.69
16276.91
16470.69
16276.91
16470.69
16276.91
16276.91
16276.91
16276.91
16276.91
16276.91
16276.91
16470.69
16276.91
16276.91
16276.91
16276.91
16276.91
16276.91
16276.91
16276.91
16276.91
16470.69
16276.91
16276.91
16083.14
16276.91
16276.91
16276.91
16276.91
16276.91
16276.91
16276.91
16276.91
16276.91
16276.91
16276.91
16276.91
16276.91
16276.91
16276.91
16276.91
16276.91
16276.91
16276.91
16276.91
16276.91
16276.91
16276.91
16276.91
16276.91
16083.14
16276.91
16083.14
16276.91
16276.91
16083.14
16276.91
16276.91
16276.91
16276.91
16276.91
16276.91
16276.91
16276.91
16083.14
16276.91
16083.14
16083.14
16083.14
16083.14
16083.14
16276.91
16083.14
16276.91
16083.14
16276.91
16276.91
16083.14
16083.14
16083.14
16083.14
16276.91
16083.14
16276.91
16083.14
16083.14
16083.14
16276.91
16083.14
16276.91
16083.14
16083.14
16083.14
16083.14
16083.14
16083.14
16083.14
16083.14
16083.14
16083.14
16083.14
16083.14
16083.14
16083.14
16083.14
16083.14
16083.14
16083.14
16083.14
16083.14
15889.37
16083.14
16083.14
16083.14
16083.14
16083.14
16083.14
16083.14
15889.37
16083.14
16083.14
16083.14
15889.37
16083.14
16083.14
15695.60
16083.14
16083.14
16083.14
16083.14
15889.37
16083.14
16083.14
15889.37
15889.37
16083.14
15695.60
15889.37
15889.37
16083.14
16083.14
15889.37
16083.14
16083.14
15695.60
16083.14
16083.14
15695.60
15889.37
15889.37
15695.60
15695.60
15889.37
15889.37
16083.14
16083.14
16083.14
16083.14
15695.60
16083.14
15695.60
15889.37
15695.60
15889.37
15889.37
15889.37
15695.60
15695.60
15695.60
15695.60
15889.37
15889.37
15695.60
15889.37
15695.60
16083.14
15695.60
15695.60
15695.60
15695.60
15695.60
15889.37
15695.60
15695.60
15695.60
15695.60
15695.60
15695.60
15695.60
15695.60
15695.60
15695.60
15695.60
15695.60
15695.60
15695.60
15695.60
15695.60
15501.82
15695.60
15695.60
15695.60
15695.60
15695.60
15695.60
15695.60
15695.60
15695.60
15501.82
15695.60
15695.60
15695.60
15501.82
15695.60
15695.60
15695.60
15501.82
15501.82
15695.60
15695.60
15695.60
15695.60
15695.60
15501.82
15501.82
15501.82
15695.60
15695.60
15695.60
15695.60
15501.82
15695.60
15501.82
15501.82
15501.82
15695.60
15501.82
15501.82
15501.82
15695.60
15501.82
15501.82
15501.82
15501.82
15501.82
15501.82
15501.82
15501.82
15501.82
15501.82
15501.82
15501.82
15501.82
15501.82
15501.82
15501.82
15501.82
15501.82
15501.82
15501.82
15501.82
15501.82
15501.82
15501.82
15501.82
15501.82
15501.82
15501.82
15501.82
15501.82
15501.82
15501.82
15501.82
15501.82
15308.05
15308.05
15308.05
15501.82
15501.82
15501.82
15501.82
15501.82
15501.82
15501.82
15501.82
15501.82
15501.82
15501.82
15501.82
15501.82
15501.82
15501.82
15308.05
15501.82
15501.82
15501.82
15308.05
15501.82
15308.05
15501.82
15308.05
15501.82
15308.05
15501.82
15308.05
15308.05
15308.05
15501.82
15501.82
15308.05
15308.05
15308.05
15308.05
15308.05
15308.05
15501.82
15308.05
15308.05
15308.05
15501.82
15308.05
15308.05
15308.05
15308.05
15308.05
15308.05
15308.05
15308.05
15308.05
15308.05
15308.05
15308.05
15308.05
15308.05
15308.05
15308.05
15308.05
15308.05
15308.05
15308.05
15308.05
15501.82
15308.05
15308.05
15308.05
15308.05
15308.05
15308.05
15308.05
15308.05
15308.05
15308.05
15114.28
15308.05
15308.05
15308.05
15308.05
15308.05
15114.28
15308.05
15308.05
15308.05
15308.05
15308.05
15308.05
15308.05
15114.28
15308.05
15308.05
15308.05
15308.05
15308.05
15308.05
15308.05
15308.05
15308.05
15308.05
15308.05
15308.05
15308.05
15308.05
15308.05
15114.28
15114.28
15308.05
15308.05
15308.05
15308.05
15114.28
15114.28
15114.28
15308.05
15308.05
15308.05
14920.50
15308.05
15114.28
15114.28
15114.28
15114.28
15308.05
15308.05
15114.28
15114.28
15114.28
15308.05
14920.50
15308.05
14920.50
15114.28
15114.28
15114.28
15114.28
15114.28
15114.28
15114.28
14920.50
15114.28
15114.28
15114.28
14920.50
14920.50
14920.50
14920.50
15114.28
15114.28
14920.50
15114.28
14920.50
14920.50
14920.50
14920.50
15114.28
15114.28
14920.50
14920.50
14920.50
14920.50
14920.50
14920.50
14920.50
15114.28
14920.50
14920.50
14920.50
14920.50
14920.50
14920.50
14920.50
14920.50
14920.50
14920.50
14920.50
15114.28
14920.50
14920.50
14920.50
14920.50
14920.50
14920.50
14920.50
14920.50
14920.50
14920.50
14920.50
14920.50
14920.50
14920.50
14920.50
14920.50
14920.50
14920.50
14920.50
14920.50
14920.50
14920.50
14920.50
14920.50
14920.50
14920.50
14920.50
14920.50
14920.50
14920.50
14920.50
14920.50
14920.50
14920.50
14920.50
14920.50
14920.50
14920.50
14920.50
14920.50
14920.50
14920.50
14920.50
14920.50
14920.50
14920.50
14920.50
14920.50
14920.50
14920.50
14920.50
14920.50
14920.50
14920.50
14920.50
14920.50
14920.50
14920.50
14920.50
14920.50
14920.50
14920.50
14726.73
14726.73
14726.73
14920.50
14726.73
14726.73
14726.73
14920.50
14726.73
14726.73
14726.73
14726.73
14726.73
14920.50
14726.73
14920.50
14726.73
14726.73
14726.73
14920.50
14726.73
14920.50
14726.73
14920.50
14726.73
14920.50
14726.73
14920.50
14726.73
14920.50
14532.96
14920.50
14726.73
14726.73
14726.73
14920.50
14920.50
14726.73
14726.73
14726.73
14726.73
14726.73
14726.73
14726.73
14726.73
14726.73
14726.73
14726.73
14920.50
14726.73
14726.73
14726.73
14726.73
14726.73
14726.73
14726.73
14726.73
14726.73
14726.73
14726.73
14726.73
14726.73
14726.73
14726.73
14726.73
14726.73
14532.96
14726.73
14726.73
14726.73
14726.73
14726.73
14532.96
14726.73
14726.73
14726.73
14726.73
14726.73
14726.73
14726.73
14726.73
14726.73
14726.73
14726.73
14726.73
14726.73
14726.73
14726.73
14726.73
14726.73
14726.73
14726.73
14726.73
14532.96
14532.96
14726.73
14532.96
14726.73
14532.96
14726.73
14726.73
14726.73
14726.73
14726.73
14532.96
14532.96
14532.96
14726.73
14532.96
14726.73
14532.96
14726.73
14726.73
14726.73
14726.73
14532.96
14532.96
14726.73
14726.73
14726.73
14532.96
14532.96
14532.96
14532.96
14532.96
14532.96
14532.96
14532.96
14532.96
14532.96
14532.96
14532.96
14532.96
14532.96
14532.96
14532.96
14339.19
14532.96
14532.96
14532.96
14532.96
14532.96
14532.96
14532.96
14532.96
14532.96
14532.96
14532.96
14532.96
14532.96
14532.96
14532.96
14532.96
14532.96
14532.96
14532.96
14532.96
14532.96
14532.96
14339.19
14532.96
14532.96
14532.96
14532.96
14532.96
14532.96
14532.96
14532.96
14532.96
14532.96
14532.96
14532.96
14532.96
14532.96
14532.96
14339.19
14339.19
14532.96
14532.96
14532.96
14532.96
14532.96
14339.19
14532.96
14532.96
14339.19
14532.96
14532.96
14339.19
14532.96
14532.96
14532.96
14339.19
14339.19
14145.41
14532.96
14145.41
14532.96
14339.19
14339.19
14339.19
14339.19
14145.41
14339.19
14145.41
14532.96
14339.19
14532.96
14339.19
14145.41
14145.41
14145.41
14339.19
14145.41
14145.41
14145.41
14145.41
14145.41
14339.19
14145.41
14339.19
14145.41
14145.41
14145.41
14145.41
14145.41
14145.41
14339.19
14145.41
14145.41
14145.41
14145.41
14145.41
14145.41
14145.41
14145.41
14145.41
14145.41
14145.41
14145.41
14145.41
14339.19
14145.41
14145.41
14145.41
14339.19
14145.41
14145.41
14145.41
14145.41
14145.41
14145.41
14145.41
14145.41
14145.41
14145.41
14145.41
14145.41
14145.41
14145.41
14145.41
14145.41
14145.41
14145.41
14145.41
14145.41
14145.41
14145.41
14145.41
14145.41
14145.41
14145.41
14145.41
13951.64
14145.41
14145.41
14145.41
13951.64
13951.64
14145.41
13951.64
14145.41
13951.64
13951.64
13951.64
14145.41
13951.64
14145.41
13951.64
14145.41
13951.64
13951.64
13951.64
13951.64
13951.64
14145.41
13951.64
14145.41
13951.64
14145.41
13951.64
13951.64
13951.64
14145.41
13951.64
13951.64
13951.64
13951.64
13951.64
13951.64
13951.64
13951.64
13951.64
13951.64
13951.64
14145.41
13951.64
13951.64
13951.64
13951.64
13951.64
13951.64
13951.64
13951.64
13951.64
13951.64
13951.64
13951.64
13951.64
13951.64
13951.64
13951.64
13951.64
13951.64
13951.64
13951.64
13951.64
13951.64
13951.64
13951.64
13951.64
13951.64
13951.64
13951.64
13951.64
13951.64
13951.64
13951.64
13951.64
13951.64
13951.64
13951.64
13951.64
13951.64
13951.64
13951.64
13951.64
13951.64
13951.64
13951.64
13951.64
13951.64
13951.64
13951.64
13951.64
13951.64
13951.64
13951.64
13951.64
13951.64
13951.64
13951.64
13757.87
13951.64
13951.64
13951.64
13951.64
13951.64
13951.64
13757.87
13757.87
13951.64
13951.64
13951.64
13564.09
13757.87
13951.64
13951.64
13951.64
13951.64
13757.87
13951.64
13757.87
13951.64
13757.87
13757.87
13757.87
13951.64
13757.87
13757.87
13757.87
13951.64
13757.87
13757.87
13757.87
13757.87
13564.09
13951.64
13757.87
13757.87
13757.87
13951.64
13757.87
13951.64
13757.87
13951.64
13757.87
13757.87
13564.09
13951.64
13757.87
13757.87
13757.87
13757.87
13757.87
13757.87
13757.87
13757.87
13757.87
13757.87
13564.09
13757.87
13564.09
13757.87
13564.09
13757.87
13564.09
13757.87
13564.09
13757.87
13564.09
13757.87
13757.87
13757.87
13564.09
13757.87
13564.09
13757.87
13757.87
13757.87
13757.87
13757.87
13757.87
13564.09
13757.87
13757.87
13564.09
13757.87
13564.09
13564.09
13564.09
13564.09
13564.09
13564.09
13564.09
13757.87
13564.09
13564.09
13564.09
13757.87
13564.09
13564.09
13564.09
13564.09
13564.09
13564.09
13564.09
13564.09
13564.09
13564.09
13564.09
13564.09
13564.09
13564.09
13564.09
13564.09
13564.09
13564.09
13564.09
13564.09
13564.09
13564.09
13564.09
13564.09
13370.32
13564.09
13564.09
13564.09
13564.09
13564.09
13370.32
13564.09
13370.32
13564.09
13564.09
13564.09
13564.09
13370.32
13564.09
13370.32
13564.09
13564.09
13564.09
13564.09
13564.09
13564.09
13370.32
13564.09
13564.09
13564.09
13370.32
13564.09
13370.32
13564.09
13564.09
13564.09
13564.09
13564.09
13564.09
13564.09
13564.09
13564.09
13370.32
13564.09
13370.32
13564.09
13370.32
13564.09
13370.32
13370.32
13564.09
13564.09
13370.32
13370.32
13370.32
13564.09
13370.32
13564.09
13370.32
13370.32
13370.32
13370.32
13370.32
13370.32
13370.32
13370.32
13370.32
13370.32
13370.32
13370.32
13370.32
13370.32
13370.32
13370.32
13370.32
13176.55
13370.32
13370.32
13370.32
13370.32
13370.32
13370.32
13564.09
13370.32
13370.32
13564.09
13370.32
13370.32
13370.32
13370.32
13370.32
13370.32
13370.32
13370.32
13370.32
13370.32
13370.32
13370.32
13370.32
13370.32
13370.32
13370.32
13370.32
13370.32
13370.32
13370.32
13370.32
13370.32
13176.55
13370.32
13370.32
13176.55
13176.55
13370.32
13176.55
13370.32
13370.32
13370.32
13370.32
13370.32
13370.32
13370.32
13176.55
13370.32
13176.55
13370.32
13370.32
13370.32
13370.32
13176.55
13370.32
13370.32
13176.55
13176.55
13176.55
13370.32
13176.55
13370.32
13370.32
13370.32
13370.32
13370.32
13370.32
13370.32
13370.32
13370.32
13370.32
13370.32
13176.55
13176.55
13370.32
13370.32
13176.55
13176.55
13176.55
13176.55
13176.55
13176.55
13370.32
13176.55
13176.55
13176.55
13176.55
13176.55
13176.55
13176.55
13176.55
13176.55
13176.55
13176.55
13176.55
13176.55
13176.55
13176.55
13176.55
13176.55
13176.55
13176.55
13176.55
13176.55
13176.55
13176.55
13176.55
13176.55
13176.55
13176.55
13176.55
13176.55
13176.55
13176.55
13176.55
13176.55
13176.55
13176.55
12982.78
13176.55
13176.55
13176.55
13176.55
13176.55
13176.55
13176.55
13176.55
13176.55
13176.55
13176.55
13176.55
13176.55
13176.55
13176.55
13176.55
13176.55
13176.55
12982.78
13176.55
13176.55
12789.00
13176.55
13176.55
13176.55
12982.78
13176.55
13176.55
12982.78
12982.78
13176.55
13176.55
13176.55
13176.55
13176.55
13176.55
13176.55
13176.55
12982.78
12982.78
13176.55
12982.78
13176.55
12982.78
13176.55
12982.78
12982.78
12982.78
12982.78
12982.78
13176.55
12982.78
13176.55
13176.55
12982.78
12982.78
13176.55
12982.78
13176.55
13176.55
13176.55
12789.00
12982.78
12982.78
12982.78
12789.00
13176.55
12982.78
13176.55
12982.78
12982.78
12789.00
12982.78
12982.78
12982.78
12789.00
12982.78
12789.00
12982.78
12789.00
13176.55
12982.78
12982.78
12789.00
12982.78
12789.00
12982.78
12789.00
12982.78
12789.00
12789.00
12789.00
12789.00
12789.00
12982.78
12789.00
12982.78
12789.00
12982.78
12789.00
12982.78
12789.00
12982.78
12789.00
12789.00
12789.00
12789.00
12789.00
12789.00
12789.00
12982.78
12789.00
12982.78
12595.23
12789.00
12789.00
12789.00
12789.00
12789.00
12789.00
12789.00
12789.00
12789.00
12789.00
12789.00
12789.00
12789.00
12789.00
12789.00
12789.00
12789.00
12789.00
12789.00
12789.00
12789.00
12789.00
12789.00
12789.00
12789.00
12789.00
12789.00
12789.00
12789.00
12789.00
12789.00
12789.00
12595.23
12789.00
12595.23
12789.00
12789.00
12789.00
12789.00
12595.23
12789.00
12595.23
12789.00
12595.23
12595.23
12595.23
12789.00
12595.23
12789.00
12789.00
12595.23
12595.23
12789.00
12595.23
12595.23
12595.23
12789.00
12595.23
12595.23
12595.23
12595.23
12595.23
12595.23
12595.23
12595.23
12595.23
12595.23
12789.00
12595.23
12595.23
12595.23
12595.23
12595.23
12595.23
12595.23
12595.23
12595.23
12595.23
12595.23
12595.23
12595.23
12595.23
12595.23
12595.23
12595.23
12595.23
12595.23
12595.23
12595.23
12401.46
12595.23
12595.23
12401.46
12595.23
12401.46
12595.23
12595.23
12789.00
12595.23
12401.46
12595.23
12401.46
12595.23
12401.46
12595.23
12401.46
12595.23
12401.46
12595.23
12401.46
12595.23
12401.46
12595.23
12401.46
12595.23
12595.23
12595.23
12401.46
12595.23
12401.46
12595.23
12401.46
12401.46
12595.23
12595.23
12401.46
12401.46
12401.46
12595.23
12595.23
12401.46
12401.46
12595.23
12401.46
12595.23
12401.46
12595.23
12401.46
12595.23
12401.46
12595.23
12401.46
12401.46
12595.23
12595.23
12401.46
12401.46
12401.46
12401.46
12401.46
12401.46
12401.46
12401.46
12595.23
12595.23
12401.46
12401.46
12401.46
12401.46
12401.46
12595.23
12595.23
12401.46
12401.46
12401.46
12401.46
12401.46
12207.69
12401.46
12401.46
12401.46
12207.69
12401.46
12401.46
12401.46
12401.46
12207.69
12401.46
12401.46
12401.46
12401.46
12401.46
12401.46
12401.46
12401.46
12401.46
12401.46
12207.69
12207.69
12207.69
12401.46
12207.69
12401.46
12207.69
12401.46
12013.91
12401.46
12401.46
12207.69
12207.69
12207.69
12207.69
12401.46
12207.69
12207.69
12207.69
12401.46
12401.46
12401.46
12207.69
12401.46
12207.69
12401.46
12207.69
12207.69
12207.69
12207.69
12207.69
12207.69
12207.69
12207.69
12401.46
12207.69
12207.69
12207.69
12013.91
12207.69
12207.69
12207.69
12207.69
12207.69
12013.91
12207.69
12207.69
12013.91
12207.69
12401.46
12207.69
12401.46
12207.69
12401.46
12013.91
12013.91
12207.69
12401.46
12013.91
12207.69
12207.69
12207.69
12207.69
12013.91
12207.69
12207.69
12207.69
12401.46
12207.69
12207.69
12207.69
12207.69
12207.69
12207.69
12013.91
12401.46
12013.91
12013.91
12207.69
12207.69
12207.69
12207.69
12207.69
12207.69
12207.69
12013.91
12207.69
12013.91
12013.91
12013.91
12207.69
12013.91
12013.91
12013.91
12013.91
12013.91
12013.91
12013.91
12013.91
12013.91
12013.91
12207.69
11820.14
12013.91
12013.91
12013.91
12013.91
12013.91
12013.91
12013.91
12013.91
12013.91
12013.91
12013.91
12013.91
12013.91
12013.91
12013.91
11820.14
12013.91
11820.14
12013.91
12013.91
12013.91
12013.91
12013.91
12013.91
12013.91
12013.91
12013.91
12013.91
12013.91
12013.91
12013.91
12013.91
12013.91
12013.91
12013.91
12013.91
12013.91
11820.14
12013.91
12013.91
11820.14
12013.91
12013.91
12013.91
11820.14
12013.91
11820.14
11820.14
12013.91
11820.14
12013.91
11820.14
11820.14
12013.91
11820.14
12013.91
12013.91
11820.14
11820.14
11820.14
11820.14
11820.14
12013.91
11820.14
11820.14
11820.14
11820.14
11820.14
12013.91
11820.14
11820.14
11820.14
11820.14
11820.14
11820.14
12013.91
11820.14
11820.14
12013.91
11820.14
11820.14
12013.91
11820.14
11820.14
11820.14
11820.14
12013.91
11820.14
11820.14
12013.91
11820.14
11820.14
11820.14
11820.14
11820.14
11820.14
11820.14
11820.14
11820.14
11820.14
11820.14
11626.37
11820.14
11820.14
11820.14
11820.14
11820.14
11820.14
11820.14
11820.14
11820.14
11820.14
11820.14
11820.14
11820.14
11820.14
11820.14
11820.14
11820.14
11820.14
11820.14
11820.14
11820.14
11820.14
11820.14
11820.14
11820.14
11820.14
11820.14
11820.14
11820.14
11626.37
11820.14
11820.14
11820.14
11820.14
11820.14
11626.37
11820.14
11820.14
11820.14
11820.14
11820.14
11820.14
11626.37
11820.14
11820.14
11820.14
11820.14
11820.14
11820.14
11820.14
11820.14
11820.14
11820.14
11820.14
11820.14
11626.37
11626.37
11626.37
11820.14
11820.14
11626.37
11626.37
11626.37
11626.37
11820.14
11626.37
11626.37
11626.37
11626.37
11626.37
11626.37
11626.37
11820.14
11626.37
11626.37
11626.37
11820.14
11626.37
11626.37
11626.37
11626.37
11626.37
11626.37
11626.37
11626.37
11626.37
11626.37
11820.14
11626.37
11626.37
11626.37
11626.37
11626.37
11626.37
11626.37
11626.37
11626.37
11626.37
11626.37
11626.37
11626.37
11626.37
11626.37
11626.37
11626.37
11626.37
11626.37
11626.37
11626.37
11626.37
11626.37
11626.37
11626.37
11626.37
11626.37
11432.59
11626.37
11626.37
11626.37
11626.37
11626.37
11626.37
11626.37
11626.37
11626.37
11432.59
11626.37
11626.37
11626.37
11626.37
11626.37
11432.59
11626.37
11626.37
11626.37
11626.37
11626.37
11432.59
11626.37
11626.37
11626.37
11626.37
11626.37
11626.37
11626.37
11432.59
11626.37
11626.37
11626.37
11432.59
11626.37
11626.37
11626.37
11626.37
11626.37
11626.37
11626.37
11626.37
11626.37
11626.37
11626.37
11432.59
11626.37
11432.59
11626.37
11626.37
11626.37
11626.37
11626.37
11626.37
11626.37
11626.37
11626.37
11626.37
11626.37
11626.37
11626.37
11626.37
11432.59
11432.59
11626.37
11432.59
11626.37
11432.59
11626.37
11432.59
11432.59
11432.59
11626.37
11432.59
11432.59
11432.59
11432.59
11432.59
11432.59
11432.59
11432.59
11432.59
11626.37
11238.82
11626.37
11432.59
11626.37
11238.82
11238.82
11626.37
11432.59
11432.59
11432.59
11432.59
11238.82
11238.82
11238.82
11238.82
11238.82
11238.82
11238.82
11238.82
11238.82
11238.82
11238.82
11238.82
11238.82
11238.82
11238.82
11238.82
11238.82
11238.82
11238.82
11238.82
11238.82
11238.82
11238.82
11238.82
11238.82
11238.82
11238.82
11238.82
11238.82
11238.82
11238.82
11238.82
11238.82
11238.82
11238.82
11238.82
11238.82
11238.82
11238.82
11238.82
11238.82
11238.82
11238.82
11238.82
11238.82
11238.82
11238.82
11238.82
11238.82
11238.82
11238.82
11238.82
11238.82
11238.82
11238.82
11238.82
11238.82
11238.82
11238.82
11238.82
11238.82
11238.82
11238.82
11238.82
11238.82
11238.82
11238.82
11238.82
11238.82
11238.82
11238.82
11238.82
11238.82
11238.82
11238.82
11238.82
11238.82
11238.82
11238.82
11238.82
11238.82
11238.82
11238.82
11238.82
11238.82
11238.82
11238.82
11238.82
11238.82
11238.82
11238.82
11238.82
11238.82
11238.82
11045.05
11238.82
11238.82
11238.82
11238.82
11238.82
11238.82
11238.82
11238.82
11045.05
11238.82
11238.82
11238.82
11045.05
11238.82
11238.82
11238.82
11238.82
11238.82
11238.82
11238.82
11045.05
11238.82
11045.05
11238.82
11045.05
11238.82
11045.05
11238.82
11238.82
11238.82
11045.05
11045.05
11238.82
11238.82
11238.82
11045.05
11045.05
11238.82
11238.82
11238.82
11045.05
11238.82
11045.05
11238.82
11045.05
11238.82
11045.05
11045.05
11045.05
11045.05
11238.82
11045.05
11238.82
11045.05
11238.82
11045.05
11045.05
11045.05
11045.05
11238.82
11045.05
11238.82
11045.05
11238.82
11045.05
11238.82
11238.82
11238.82
11045.05
11045.05
11045.05
11045.05
11045.05
11045.05
11045.05
11045.05
11045.05
11238.82
11045.05
11045.05
10851.28
11045.05
11045.05
11045.05
11045.05
11045.05
11045.05
11045.05
11045.05
11045.05
11045.05
11045.05
11045.05
11045.05
11045.05
11045.05
11045.05
11045.05
11045.05
11045.05
10851.28
11045.05
11045.05
11045.05
11045.05
11045.05
11045.05
11045.05
11045.05
11045.05
10851.28
11045.05
10851.28
10851.28
11045.05
11045.05
11045.05
10851.28
10851.28
10851.28
11045.05
11045.05
10851.28
11045.05
11045.05
11045.05
11045.05
11045.05
11045.05
11045.05
11045.05
11045.05
10851.28
11045.05
11045.05
10851.28
10851.28
11045.05
10851.28
11045.05
10851.28
10851.28
10851.28
11045.05
10851.28
11045.05
10851.28
11045.05
10851.28
11045.05
10851.28
10851.28
10851.28
10851.28
10657.50
10851.28
10851.28
11045.05
10851.28
11045.05
11045.05
11045.05
10851.28
11045.05
10657.50
10851.28
10851.28
10851.28
10851.28
10851.28
10851.28
10851.28
10851.28
10851.28
10851.28
10851.28
10851.28
10851.28
10851.28
10851.28
10851.28
10851.28
10657.50
10851.28
10851.28
10851.28
10851.28
10851.28
10851.28
10851.28
10851.28
10657.50
10851.28
10657.50
10851.28
10851.28
10851.28
11045.05
10851.28
10851.28
10851.28
10851.28
10851.28
11045.05
10851.28
10851.28
10851.28
10851.28
10657.50
10851.28
10657.50
10851.28
10657.50
10851.28
10851.28
10851.28
10657.50
10851.28
10851.28
10657.50
10851.28
10657.50
10657.50
10657.50
10851.28
10851.28
10657.50
10851.28
10657.50
10851.28
10657.50
10851.28
10851.28
10851.28
10657.50
10851.28
10657.50
10851.28
10657.50
10657.50
10657.50
10657.50
10657.50
10851.28
10851.28
10851.28
10657.50
10657.50
10657.50
10657.50
10657.50
10851.28
10657.50
10657.50
10851.28
10657.50
10657.50
10657.50
10657.50
10657.50
10657.50
10851.28
10657.50
10657.50
10657.50
10657.50
10657.50
10851.28
10657.50
10657.50
10657.50
10657.50
10657.50
10657.50
10657.50
10657.50
10657.50
10657.50
10657.50
10657.50
10657.50
10657.50
10657.50
10657.50
10657.50
10657.50
10657.50
10657.50
10657.50
10657.50
10657.50
10657.50
10657.50
10657.50
10657.50
10851.28
10657.50
10657.50
10657.50
10657.50
10657.50
10463.73
10657.50
10657.50
10657.50
10657.50
10657.50
10657.50
10657.50
10657.50
10463.73
10463.73
10463.73
10463.73
10463.73
10657.50
10657.50
10463.73
10657.50
10657.50
10463.73
10657.50
10657.50
10657.50
10657.50
10463.73
10463.73
10463.73
10463.73
10463.73
10463.73
10657.50
10463.73
10463.73
10463.73
10657.50
10463.73
10463.73
10463.73
10463.73
10657.50
10463.73
10463.73
10463.73
10463.73
10463.73
10463.73
10463.73
10463.73
10463.73
10463.73
10463.73
10463.73
10463.73
10463.73
10463.73
10463.73
10463.73
10463.73
10463.73
10463.73
10463.73
10463.73
10657.50
10463.73
10463.73
10463.73
10463.73
10463.73
10463.73
10463.73
10657.50
10463.73
10463.73
10463.73
10463.73
10463.73
10463.73
10463.73
10463.73
10463.73
10463.73
10463.73
10463.73
10463.73
10657.50
10463.73
10463.73
10463.73
10463.73
10463.73
10463.73
10463.73
10463.73
10463.73
10463.73
10463.73
10463.73
10463.73
10463.73
10463.73
10463.73
10463.73
10463.73
10269.96
10463.73
10463.73
10463.73
10463.73
10463.73
10463.73
10463.73
10463.73
10463.73
10269.96
10463.73
10463.73
10463.73
10463.73
10463.73
10269.96
10463.73
10463.73
10463.73
10269.96
10463.73
10463.73
10463.73
10463.73
10463.73
10269.96
10463.73
10463.73
10463.73
10269.96
10463.73
10463.73
10463.73
10463.73
10463.73
10269.96
10269.96
10463.73
10269.96
10269.96
10269.96
10463.73
10269.96
10269.96
10463.73
10269.96
10463.73
10463.73
10463.73
10269.96
10269.96
10269.96
10269.96
10269.96
10463.73
10269.96
10463.73
10269.96
10269.96
10463.73
10269.96
10269.96
10269.96
10269.96
10269.96
10269.96
10269.96
10269.96
10269.96
10463.73
10463.73
10269.96
10463.73
10269.96
10269.96
10269.96
10269.96
10269.96
10269.96
10269.96
10463.73
10269.96
10269.96
10269.96
10269.96
10269.96
10269.96
10269.96
10463.73
10269.96
10269.96
10269.96
10269.96
10076.18
10269.96
10269.96
10269.96
10076.18
10269.96
10269.96
10269.96
10269.96
10269.96
10269.96
10269.96
10076.18
10269.96
10269.96
10269.96
10269.96
10269.96
10269.96
10269.96
10269.96
10269.96
10269.96
10269.96
10076.18
10269.96
10076.18
10269.96
10076.18
10269.96
10269.96
10269.96
10269.96
10269.96
10269.96
10076.18
10076.18
10269.96
10076.18
10076.18
10269.96
10269.96
10269.96
10269.96
10269.96
10269.96
10269.96
10269.96
10269.96
10076.18
10076.18
10269.96
10076.18
10076.18
10269.96
10269.96
10076.18
10269.96
10076.18
10269.96
10076.18
10076.18
10076.18
10269.96
10076.18
10269.96
10076.18
10076.18
10076.18
10269.96
10076.18
10269.96
10269.96
10269.96
10269.96
10076.18
10076.18
10076.18
10076.18
10269.96
9882.41
10269.96
10076.18
10076.18
10076.18
10076.18
10076.18
10076.18
10269.96
10076.18
9882.41
10076.18
10076.18
10269.96
9882.41
9882.41
9882.41
10076.18
9882.41
9882.41
9882.41
10076.18
9882.41
9882.41
10076.18
10269.96
10076.18
10076.18
10076.18
9882.41
9882.41
10076.18
9882.41
10076.18
9882.41
10076.18
10076.18
9882.41
9882.41
9882.41
10076.18
9882.41
9882.41
9882.41
9882.41
10076.18
9882.41
9882.41
9882.41
9882.41
9882.41
9882.41
9882.41
9882.41
10076.18
9882.41
9882.41
10076.18
9882.41
10076.18
9882.41
10076.18
9882.41
9882.41
9882.41
9882.41
9882.41
9882.41
9882.41
9882.41
9882.41
9882.41
9882.41
9882.41
9882.41
9882.41
9882.41
10076.18
9882.41
9882.41
9882.41
9882.41
9882.41
9882.41
9882.41
9882.41
9882.41
9882.41
9882.41
9882.41
9882.41
9882.41
9882.41
9882.41
9882.41
9688.64
9882.41
9882.41
9882.41
9882.41
9882.41
9882.41
9882.41
9882.41
9882.41
9882.41
9882.41
9882.41
9882.41
9882.41
9882.41
9882.41
9882.41
9882.41
9688.64
9882.41
9882.41
9882.41
9688.64
9882.41
9688.64
9882.41
9688.64
9882.41
9688.64
9882.41
9882.41
9882.41
9882.41
9882.41
9882.41
9882.41
9882.41
9882.41
9882.41
9882.41
9882.41
9882.41
9882.41
9882.41
9882.41
9688.64
9882.41
9882.41
9882.41
9882.41
9882.41
9882.41
9688.64
9882.41
9688.64
9882.41
9688.64
9882.41
9688.64
9688.64
9688.64
9882.41
9688.64
9688.64
9688.64
9688.64
9688.64
9882.41
9882.41
9688.64
9688.64
9688.64
9882.41
9688.64
9688.64
9688.64
9688.64
9882.41
9688.64
9688.64
9688.64
9882.41
9688.64
9688.64
9688.64
9882.41
9688.64
9688.64
9688.64
9688.64
9688.64
9688.64
9688.64
9688.64
9688.64
9688.64
9688.64
9882.41
9688.64
9688.64
9688.64
9882.41
9688.64
9688.64
9688.64
9688.64
9688.64
9688.64
9688.64
9688.64
9688.64
9688.64
9688.64
9688.64
9688.64
9688.64
9688.64
9688.64
9688.64
9688.64
9688.64
9688.64
9688.64
9688.64
9688.64
9688.64
9688.64
9688.64
9688.64
9688.64
9688.64
9688.64
9494.87
9688.64
9688.64
9688.64
9688.64
9688.64
9688.64
9688.64
9494.87
9688.64
9494.87
9688.64
9688.64
9688.64
9494.87
9688.64
9688.64
9688.64
9494.87
9688.64
9494.87
9688.64
9688.64
9688.64
9688.64
9688.64
9494.87
9688.64
9494.87
9688.64
9688.64
9688.64
9688.64
9494.87
9688.64
9688.64
9494.87
9688.64
9688.64
9494.87
9688.64
9688.64
9688.64
9688.64
9494.87
9688.64
9688.64
9494.87
9688.64
9494.87
9494.87
9494.87
9494.87
9494.87
9494.87
9688.64
9494.87
9494.87
9494.87
9688.64
9494.87
9494.87
9494.87
9494.87
9494.87
9688.64
9494.87
9688.64
9494.87
9688.64
9494.87
9494.87
9494.87
9494.87
9494.87
9494.87
9494.87
9688.64
9494.87
9494.87
9494.87
9494.87
9494.87
9494.87
9494.87
9494.87
9494.87
9494.87
9494.87
9494.87
9494.87
9494.87
9494.87
9688.64
9494.87
9494.87
9494.87
9494.87
9494.87
9494.87
9494.87
9688.64
9494.87
9494.87
9494.87
9494.87
9494.87
9494.87
9494.87
9688.64
9494.87
9494.87
9494.87
9494.87
9494.87
9494.87
9494.87
9494.87
9301.09
9494.87
9494.87
9494.87
9494.87
9494.87
9494.87
9494.87
9494.87
9494.87
9494.87
9494.87
9494.87
9494.87
9494.87
9494.87
9494.87
9494.87
9494.87
9494.87
9494.87
9494.87
9494.87
9494.87
9301.09
9494.87
9494.87
9494.87
9494.87
9494.87
9688.64
9494.87
9301.09
9494.87
9494.87
9494.87
9301.09
9494.87
9301.09
9494.87
9494.87
9494.87
9494.87
9107.32
9301.09
9301.09
9494.87
9494.87
9301.09
9494.87
9301.09
9494.87
9107.32
9494.87
9107.32
9494.87
9301.09
9301.09
9301.09
9494.87
9494.87
9494.87
9301.09
9494.87
9494.87
9494.87
9107.32
9301.09
9494.87
9494.87
9107.32
9107.32
9301.09
9301.09
9107.32
9301.09
9494.87
9494.87
9301.09
9107.32
9107.32
9494.87
9301.09
9301.09
9107.32
9107.32
9107.32
9494.87
9301.09
9494.87
9107.32
9494.87
9107.32
9301.09
9301.09
9301.09
9107.32
9301.09
9301.09
9107.32
9494.87
9494.87
9107.32
9107.32
9107.32
9107.32
9301.09
9107.32
9107.32
9301.09
9107.32
9301.09
9301.09
9107.32
9107.32
9107.32
9107.32
9107.32
9107.32
9301.09
9301.09
9301.09
9107.32
9494.87
9107.32
9107.32
9107.32
9494.87
9107.32
9107.32
9107.32
9301.09
9107.32
9301.09
9107.32
9301.09
9107.32
9107.32
9107.32
9107.32
9107.32
9107.32
9107.32
9107.32
9107.32
9107.32
9107.32
9107.32
9107.32
9301.09
9107.32
9107.32
9107.32
9107.32
9107.32
9107.32
9107.32
9107.32
9107.32
9107.32
9107.32
9107.32
9107.32
9107.32
9107.32
9107.32
9107.32
9107.32
9107.32
9107.32
9107.32
9107.32
9107.32
9107.32
9107.32
9107.32
9107.32
9107.32
9107.32
9107.32
9107.32
9107.32
9107.32
9107.32
8913.55
9107.32
8913.55
8913.55
9107.32
9107.32
9107.32
9107.32
9107.32
9107.32
9107.32
9107.32
9107.32
9107.32
8913.55
9107.32
9107.32
8913.55
8913.55
9107.32
9107.32
9107.32
9107.32
9107.32
9107.32
8913.55
8913.55
9107.32
9107.32
9107.32
9107.32
9107.32
9107.32
9107.32
9107.32
9107.32
8913.55
8913.55
8913.55
8913.55
9107.32
9107.32
8913.55
9107.32
9107.32
8913.55
9107.32
8913.55
8913.55
9107.32
8913.55
9107.32
9107.32
9107.32
8913.55
9107.32
8913.55
9107.32
8913.55
9107.32
8913.55
8913.55
8913.55
8913.55
8913.55
8913.55
8913.55
9107.32
8913.55
9107.32
8913.55
8913.55
9107.32
8913.55
8913.55
9107.32
9107.32
8913.55
8913.55
8913.55
8913.55
9107.32
8913.55
9107.32
8913.55
8913.55
8913.55
8913.55
8913.55
8913.55
8913.55
8913.55
8913.55
8913.55
8913.55
8913.55
8913.55
8913.55
8913.55
8913.55
8913.55
8913.55
8913.55
8913.55
8913.55
8913.55
8913.55
8913.55
8913.55
8913.55
8913.55
8913.55
8913.55
8913.55
9107.32
8913.55
8719.78
8913.55
8913.55
8913.55
8913.55
8913.55
8913.55
8913.55
8913.55
8913.55
8913.55
8913.55
8719.78
8913.55
8913.55
8913.55
8913.55
8913.55
8913.55
8913.55
8913.55
8913.55
8913.55
8913.55
8719.78
8913.55
8913.55
8719.78
8913.55
8913.55
8913.55
8913.55
8913.55
8913.55
8913.55
8913.55
8913.55
8913.55
8719.78
8913.55
8719.78
8913.55
8913.55
8913.55
8913.55
8913.55
8719.78
8913.55
8719.78
8719.78
8913.55
8913.55
8719.78
8913.55
8719.78
8913.55
8913.55
8913.55
8913.55
8913.55
8719.78
8913.55
8719.78
8719.78
8913.55
8719.78
8719.78
8719.78
8719.78
8913.55
8719.78
8913.55
8913.55
8719.78
8913.55
8913.55
8719.78
8913.55
8913.55
8719.78
8719.78
8913.55
8719.78
8719.78
8913.55
8913.55
8719.78
8913.55
8719.78
8719.78
8719.78
8913.55
8913.55
8913.55
8913.55
8719.78
8719.78
8719.78
8719.78
8913.55
8719.78
8719.78
8719.78
8719.78
8913.55
8719.78
8719.78
8719.78
8719.78
8719.78
8719.78
8719.78
8719.78
8719.78
8526.00
8913.55
8719.78
8719.78
8719.78
8719.78
8719.78
8719.78
8719.78
8719.78
8719.78
8719.78
8526.00
8719.78
8719.78
8719.78
8719.78
8719.78
8719.78
8719.78
8719.78
8719.78
8719.78
8719.78
8719.78
8719.78
8719.78
8719.78
8719.78
8719.78
8526.00
8526.00
8526.00
8719.78
8719.78
8719.78
8719.78
8719.78
8719.78
8719.78
8719.78
8719.78
8719.78
8719.78
8719.78
8719.78
8526.00
8526.00
8719.78
8332.23
8526.00
8719.78
8719.78
8719.78
8719.78
8719.78
8332.23
8719.78
8526.00
8719.78
8526.00
8719.78
8332.23
8526.00
8719.78
8719.78
8332.23
8526.00
8526.00
8719.78
8332.23
8526.00
8526.00
8332.23
8332.23
8719.78
8526.00
8526.00
8526.00
8526.00
8332.23
8719.78
8332.23
8526.00
8526.00
8719.78
8332.23
8332.23
8332.23
8332.23
8332.23
8526.00
8526.00
8719.78
8332.23
8526.00
8526.00
8719.78
8332.23
8332.23
8526.00
8719.78
8526.00
8332.23
8526.00
8526.00
8332.23
8332.23
8332.23
8719.78
8332.23
8332.23
8332.23
8526.00
8526.00
8332.23
8332.23
8332.23
8332.23
8526.00
8526.00
8719.78
8332.23
8332.23
8332.23
8332.23
8332.23
8332.23
8332.23
8332.23
8332.23
8526.00
8332.23
8526.00
8332.23
8332.23
8332.23
8526.00
8332.23
8332.23
8332.23
8526.00
8332.23
8332.23
8332.23
8719.78
8332.23
8332.23
8332.23
8332.23
8332.23
8332.23
8332.23
8332.23
8332.23
8332.23
8332.23
8332.23
8332.23
8332.23
8332.23
8332.23
8332.23
8332.23
8332.23
8332.23
8332.23
8332.23
8332.23
8332.23
8332.23
8526.00
8332.23
8332.23
8332.23
8332.23
8332.23
8332.23
8332.23
8332.23
8332.23
8332.23
8332.23
8332.23
8332.23
8332.23
8332.23
8332.23
8332.23
8332.23
8332.23
8332.23
8332.23
8332.23
8332.23
8332.23
8332.23
8332.23
8332.23
8332.23
8332.23
8332.23
8138.46
8332.23
8332.23
8332.23
8332.23
8332.23
8332.23
8332.23
8332.23
8332.23
8332.23
8332.23
8138.46
8332.23
8332.23
8332.23
8332.23
8332.23
8332.23
8332.23
8138.46
8332.23
8332.23
8332.23
8332.23
8332.23
8138.46
8332.23
8332.23
8332.23
8332.23
8332.23
8332.23
8332.23
8332.23
8332.23
8138.46
8332.23
8138.46
8332.23
8332.23
8332.23
8332.23
8138.46
8332.23
8332.23
8332.23
8332.23
8332.23
8332.23
8332.23
8332.23
8138.46
8332.23
8332.23
8332.23
8332.23
8332.23
8138.46
8332.23
8138.46
8332.23
8332.23
8332.23
8138.46
8332.23
8332.23
8138.46
8138.46
8138.46
8138.46
8332.23
8138.46
8138.46
8138.46
8138.46
8138.46
8138.46
8138.46
8332.23
8138.46
8332.23
8138.46
8138.46
8138.46
8138.46
8138.46
8138.46
8138.46
8138.46
8332.23
8138.46
8138.46
8138.46
8138.46
8138.46
8138.46
8138.46
8138.46
8138.46
8138.46
8138.46
8138.46
8332.23
8138.46
8138.46
8138.46
8138.46
8138.46
8332.23
8138.46
8138.46
8138.46
8138.46
8138.46
8138.46
8138.46
8138.46
8138.46
8138.46
8332.23
8332.23
8138.46
8138.46
8138.46
8138.46
8138.46
8138.46
8138.46
8138.46
8138.46
8138.46
8138.46
8138.46
8138.46
8138.46
8138.46
8138.46
8138.46
8138.46
8138.46
8332.23
8138.46
8138.46
8138.46
8138.46
8138.46
8138.46
8138.46
8138.46
8138.46
8138.46
8138.46
8138.46
8138.46
8138.46
8138.46
8138.46
8138.46
8138.46
8138.46
8138.46
8138.46
8138.46
8138.46
8138.46
8138.46
8138.46
8138.46
8138.46
8138.46
8138.46
7750.91
7944.68
8138.46
8138.46
8138.46
8138.46
8138.46
8138.46
8138.46
8138.46
8138.46
8138.46
8138.46
8138.46
8138.46
8138.46
8138.46
8138.46
8138.46
8138.46
8138.46
8138.46
8138.46
8138.46
8138.46
8138.46
8138.46
8138.46
8138.46
8138.46
8138.46
8138.46
8138.46
8138.46
8138.46
8138.46
8138.46
7944.68
7944.68
7944.68
8138.46
8138.46
8138.46
8138.46
7944.68
7944.68
8138.46
8138.46
7944.68
8138.46
8138.46
8138.46
8138.46
8138.46
7944.68
7944.68
7944.68
8138.46
8138.46
8138.46
7944.68
7944.68
7944.68
8138.46
8138.46
8138.46
7944.68
8138.46
7750.91
7944.68
7944.68
7944.68
7944.68
7944.68
7944.68
7944.68
7944.68
7944.68
7944.68
7944.68
7944.68
7944.68
7944.68
7944.68
7944.68
7944.68
7944.68
7944.68
7944.68
7944.68
7944.68
7944.68
7944.68
7944.68
7944.68
7944.68
7944.68
7944.68
7944.68
7944.68
7944.68
7944.68
7944.68
7944.68
7944.68
7944.68
7944.68
7944.68
7944.68
7944.68
7944.68
7944.68
7944.68
7944.68
7944.68
7944.68
7944.68
7944.68
7944.68
7944.68
7944.68
7944.68
7944.68
7944.68
7944.68
7944.68
7750.91
7944.68
7944.68
7750.91
7944.68
7944.68
7944.68
7944.68
7944.68
7944.68
7750.91
7944.68
7750.91
7944.68
7944.68
7944.68
7944.68
7944.68
7944.68
7944.68
7944.68
7944.68
7944.68
7944.68
7944.68
7944.68
7944.68
7944.68
7750.91
7944.68
7750.91
7944.68
7944.68
7750.91
7944.68
7944.68
7750.91
7944.68
7944.68
7944.68
7944.68
7944.68
7944.68
7944.68
7750.91
7750.91
7944.68
7944.68
7944.68
7944.68
7944.68
7944.68
7750.91
7750.91
7750.91
7750.91
7750.91
7944.68
7750.91
7750.91
7944.68
7750.91
7944.68
7944.68
7944.68
7944.68
7750.91
7944.68
7750.91
7750.91
7750.91
7750.91
7750.91
7750.91
7750.91
7750.91
7750.91
7750.91
7750.91
7750.91
7750.91
7750.91
7750.91
7750.91
7750.91
7750.91
7750.91
7750.91
7750.91
7944.68
7750.91
7750.91
7750.91
7750.91
7750.91
7750.91
7750.91
7750.91
7750.91
7750.91
7750.91
7750.91
7750.91
7944.68
7750.91
7750.91
7750.91
7750.91
7750.91
7750.91
7750.91
7750.91
7750.91
7944.68
7750.91
7944.68
7750.91
7750.91
7750.91
7750.91
7750.91
7750.91
7750.91
7750.91
7750.91
7750.91
7750.91
7750.91
7557.14
7750.91
7750.91
7750.91
7750.91
7750.91
7750.91
7750.91
7557.14
7750.91
7750.91
7750.91
7750.91
7750.91
7750.91
7750.91
7750.91
7750.91
7750.91
7750.91
7750.91
7750.91
7750.91
7750.91
7750.91
7750.91
7750.91
7750.91
7750.91
7557.14
7557.14
7557.14
7557.14
7750.91
7557.14
7750.91
7750.91
7557.14
7750.91
7750.91
7750.91
7750.91
7557.14
7750.91
7750.91
7750.91
7750.91
7750.91
7750.91
7750.91
7750.91
7750.91
7557.14
7750.91
7557.14
7557.14
7557.14
7557.14
7750.91
7750.91
7557.14
7750.91
7557.14
7557.14
7557.14
7557.14
7557.14
7750.91
7750.91
7557.14
7557.14
7557.14
7557.14
7557.14
7557.14
7557.14
7557.14
7557.14
7557.14
7557.14
7557.14
7557.14
7557.14
7557.14
7557.14
7557.14
7557.14
7557.14
7557.14
7557.14
7557.14
7557.14
7557.14
7750.91
7557.14
7557.14
7557.14
7557.14
7557.14
7557.14
7557.14
7750.91
7557.14
7557.14
7557.14
7557.14
7557.14
7557.14
7557.14
7557.14
7557.14
7557.14
7557.14
7557.14
7557.14
7557.14
7557.14
7557.14
7557.14
7557.14
7557.14
7557.14
7557.14
7557.14
7557.14
7750.91
7557.14
7557.14
7557.14
7557.14
7557.14
7557.14
7557.14
7750.91
7557.14
7750.91
7557.14
7557.14
7557.14
7557.14
7557.14
7557.14
7557.14
7557.14
7557.14
7557.14
7557.14
7557.14
7557.14
7557.14
7557.14
7557.14
7557.14
7557.14
7557.14
7557.14
7557.14
7557.14
7557.14
7557.14
7557.14
7557.14
7557.14
7557.14
7363.37
7557.14
7363.37
7557.14
7557.14
7557.14
7363.37
7557.14
7557.14
7557.14
7363.37
7557.14
7557.14
7557.14
7363.37
7557.14
7557.14
7557.14
7363.37
7557.14
7557.14
7557.14
7557.14
7557.14
7557.14
7557.14
7557.14
7557.14
7363.37
7557.14
7557.14
7363.37
7557.14
7363.37
7557.14
7557.14
7363.37
7557.14
7363.37
7557.14
7557.14
7557.14
7363.37
7557.14
7557.14
7557.14
7363.37
7557.14
7557.14
7557.14
7557.14
7557.14
7363.37
7363.37
7557.14
7557.14
7557.14
7557.14
7557.14
7557.14
7363.37
7557.14
7363.37
7557.14
7557.14
7557.14
7557.14
7557.14
7557.14
7363.37
7363.37
7363.37
7363.37
7557.14
7363.37
7557.14
7363.37
7557.14
7557.14
7557.14
7557.14
7363.37
7363.37
7363.37
7363.37
7363.37
7557.14
7557.14
7363.37
7557.14
7557.14
7363.37
7363.37
7557.14
7557.14
7363.37
7363.37
7363.37
7363.37
7363.37
7557.14
7557.14
7363.37
7557.14
7363.37
7363.37
7363.37
7363.37
7557.14
7363.37
7363.37
7557.14
7363.37
7557.14
7363.37
7557.14
7363.37
7363.37
7363.37
7363.37
7363.37
7557.14
7363.37
7363.37
7363.37
7363.37
7363.37
7363.37
7363.37
7363.37
7363.37
7363.37
7363.37
7363.37
7363.37
7363.37
7363.37
7363.37
7363.37
7557.14
7363.37
7363.37
7557.14
7363.37
7363.37
7363.37
7363.37
7363.37
7363.37
7363.37
7363.37
7363.37
7363.37
7363.37
7363.37
7363.37
7363.37
7363.37
7363.37
7363.37
7363.37
7363.37
7363.37
7363.37
7363.37
7363.37
7363.37
7363.37
7363.37
7363.37
7363.37
7363.37
7363.37
7363.37
7363.37
7363.37
7363.37
7363.37
7363.37
7363.37
7363.37
7363.37
7169.59
7363.37
7363.37
7363.37
7363.37
7363.37
7169.59
7363.37
7363.37
7363.37
7363.37
7363.37
6975.82
7169.59
7169.59
7363.37
6975.82
7169.59
7169.59
6975.82
7169.59
7363.37
7169.59
7363.37
7363.37
7169.59
7169.59
7363.37
6975.82
7169.59
7169.59
7363.37
6975.82
7169.59
7363.37
7363.37
6975.82
7169.59
6975.82
7363.37
7169.59
7363.37
6975.82
7169.59
7169.59
7169.59
7169.59
7169.59
6975.82
7363.37
6975.82
7169.59
7363.37
7169.59
7169.59
7363.37
7169.59
7169.59
7169.59
6975.82
6975.82
7169.59
7363.37
7169.59
7169.59
7169.59
6975.82
6975.82
7363.37
7169.59
7169.59
7363.37
6975.82
6975.82
7363.37
7363.37
6975.82
7169.59
7169.59
7363.37
6975.82
6975.82
7169.59
7169.59
6975.82
7169.59
6975.82
7169.59
6975.82
7363.37
6975.82
7363.37
7169.59
6975.82
6975.82
6975.82
7169.59
6975.82
7169.59
7169.59
6975.82
7169.59
6975.82
7169.59
6975.82
7169.59
6975.82
6975.82
6975.82
7169.59
6975.82
7169.59
6975.82
7169.59
6975.82
6975.82
6975.82
6975.82
7169.59
6975.82
6975.82
6975.82
7169.59
6975.82
6975.82
6975.82
6975.82
6975.82
6975.82
6975.82
6975.82
7169.59
6975.82
6975.82
6975.82
6975.82
6975.82
7169.59
6975.82
6975.82
6975.82
6975.82
6975.82
6975.82
6975.82
6975.82
6975.82
7169.59
6975.82
6975.82
6975.82
6975.82
6975.82
6975.82
7169.59
6975.82
6975.82
6975.82
6975.82
6975.82
6975.82
6975.82
6975.82
7169.59
6975.82
6975.82
7169.59
6975.82
6975.82
6975.82
6975.82
6975.82
6975.82
7169.59
6975.82
6975.82
6975.82
6975.82
6975.82
6975.82
6975.82
6975.82
6975.82
6975.82
6975.82
6975.82
6782.05
6975.82
6975.82
6975.82
6975.82
6782.05
6782.05
6975.82
6975.82
6975.82
6975.82
6975.82
6782.05
6782.05
6975.82
6975.82
6975.82
6975.82
6782.05
6782.05
6975.82
6975.82
6782.05
6975.82
6975.82
6975.82
6975.82
6975.82
6975.82
6975.82
6975.82
6975.82
6782.05
6975.82
6975.82
6975.82
6782.05
6975.82
6975.82
6975.82
6782.05
6975.82
6975.82
6975.82
6975.82
6975.82
6782.05
6975.82
6782.05
6975.82
6782.05
6975.82
6975.82
6782.05
6782.05
6975.82
6975.82
6975.82
6975.82
6782.05
6782.05
6782.05
6782.05
6975.82
6782.05
6782.05
6782.05
6975.82
6782.05
6782.05
6975.82
6975.82
6975.82
6782.05
6782.05
6975.82
6975.82
6975.82
6782.05
6975.82
6782.05
6782.05
6782.05
6975.82
6782.05
6975.82
6975.82
6975.82
6782.05
6975.82
6782.05
6782.05
6782.05
6782.05
6782.05
6782.05
6782.05
6782.05
6782.05
6975.82
6782.05
6975.82
6782.05
6782.05
6782.05
6782.05
6782.05
6782.05
6975.82
6782.05
6782.05
6782.05
6782.05
6782.05
6782.05
6782.05
6782.05
6975.82
6782.05
6782.05
6782.05
6782.05
6782.05
6782.05
6782.05
6782.05
6782.05
6782.05
6782.05
6975.82
6782.05
6782.05
6782.05
6782.05
6782.05
6782.05
6782.05
6782.05
6782.05
6782.05
6782.05
6782.05
6782.05
6782.05
6782.05
6782.05
6782.05
6782.05
6782.05
6782.05
6782.05
6782.05
6782.05
6782.05
6782.05
6782.05
6782.05
6782.05
6782.05
6782.05
6782.05
6782.05
6782.05
6782.05
6782.05
6782.05
6782.05
6782.05
6782.05
6782.05
6782.05
6782.05
6782.05
6782.05
6782.05
6782.05
6782.05
6782.05
6782.05
6782.05
6782.05
6782.05
6782.05
6782.05
6782.05
6782.05
6782.05
6782.05
6782.05
6782.05
6782.05
6782.05
6782.05
6782.05
6782.05
6782.05
6782.05
6782.05
6782.05
6782.05
6782.05
6782.05
6782.05
6782.05
6782.05
6588.27
6588.27
6782.05
6782.05
6782.05
6588.27
6782.05
6782.05
6782.05
6588.27
6782.05
6782.05
6782.05
6588.27
6588.27
6588.27
6782.05
6588.27
6588.27
6588.27
6782.05
6588.27
6782.05
6588.27
6782.05
6588.27
6782.05
6588.27
6782.05
6588.27
6782.05
6588.27
6782.05
6588.27
6782.05
6588.27
6588.27
6588.27
6782.05
6782.05
6782.05
6782.05
6782.05
6588.27
6782.05
6782.05
6782.05
6588.27
6782.05
6588.27
6782.05
6588.27
6782.05
6588.27
6782.05
6588.27
6782.05
6588.27
6588.27
6588.27
6782.05
6588.27
6588.27
6588.27
6782.05
6588.27
6782.05
6588.27
6782.05
6588.27
6588.27
6588.27
6782.05
6782.05
6588.27
6588.27
6782.05
6588.27
6588.27
6588.27
6782.05
6588.27
6588.27
6588.27
6782.05
6588.27
6588.27
6588.27
6782.05
6588.27
6588.27
6588.27
6782.05
6588.27
6588.27
6588.27
6588.27
6588.27
6588.27
6588.27
6588.27
6588.27
6782.05
6588.27
6588.27
6588.27
6588.27
6588.27
6588.27
6588.27
6588.27
6588.27
6588.27
6588.27
6588.27
6588.27
6588.27
6588.27
6588.27
6588.27
6588.27
6588.27
6588.27
6588.27
6588.27
6588.27
6588.27
6588.27
6588.27
6588.27
6782.05
6588.27
6588.27
6588.27
6588.27
6588.27
6588.27
6588.27
6588.27
6588.27
6588.27
6588.27
6588.27
6588.27
6588.27
6588.27
6588.27
6588.27
6588.27
6588.27
6588.27
6588.27
6588.27
6782.05
6588.27
6588.27
6588.27
6588.27
6588.27
6588.27
6588.27
6588.27
6588.27
6588.27
6588.27
6588.27
6588.27
6588.27
6588.27
6588.27
6588.27
6394.50
6588.27
6588.27
6588.27
6588.27
6588.27
6588.27
6588.27
6588.27
6588.27
6394.50
6588.27
6588.27
6588.27
6588.27
6588.27
6588.27
6588.27
6588.27
6588.27
6588.27
6588.27
6588.27
6588.27
6588.27
6588.27
6588.27
6588.27
6588.27
6588.27
6588.27
6588.27
6588.27
6588.27
6588.27
6588.27
6588.27
6588.27
6588.27
6588.27
6394.50
6394.50
6394.50
6588.27
6588.27
6588.27
6394.50
6588.27
6394.50
6588.27
6588.27
6588.27
6394.50
6588.27
6394.50
6588.27
6394.50
6588.27
6588.27
6588.27
6588.27
6588.27
6394.50
6588.27
6394.50
6588.27
6588.27
6588.27
6588.27
6588.27
6394.50
6394.50
6394.50
6588.27
6394.50
6588.27
6394.50
6588.27
6394.50
6588.27
6394.50
6394.50
6394.50
6588.27
6394.50
6588.27
6394.50
6394.50
6394.50
6394.50
6588.27
6394.50
6394.50
6394.50
6394.50
6588.27
6394.50
6588.27
6394.50
6588.27
6394.50
6394.50
6394.50
6588.27
6588.27
6394.50
6200.73
6394.50
6394.50
6394.50
6394.50
6588.27
6394.50
6588.27
6394.50
6394.50
6394.50
6394.50
6394.50
6394.50
6394.50
6394.50
6394.50
6394.50
6394.50
6588.27
6394.50
6394.50
6394.50
6588.27
6200.73
6394.50
6588.27
6394.50
6394.50
6394.50
6394.50
6394.50
6394.50
6394.50
6394.50
6394.50
6588.27
6200.73
6394.50
6200.73
6200.73
6588.27
6394.50
6588.27
6200.73
6394.50
6200.73
6200.73
6394.50
6394.50
6394.50
6394.50
6200.73
6394.50
6394.50
6394.50
6200.73
6394.50
6394.50
6394.50
6200.73
6200.73
6394.50
6200.73
6394.50
6394.50
6200.73
6394.50
6200.73
6394.50
6200.73
6200.73
6200.73
6394.50
6200.73
6394.50
6200.73
6200.73
6200.73
6200.73
6200.73
6394.50
6200.73
6394.50
6200.73
6200.73
6394.50
6200.73
6200.73
6394.50
6200.73
6394.50
6200.73
6200.73
6200.73
6200.73
6394.50
6394.50
6200.73
6200.73
6394.50
6200.73
6200.73
6200.73
6200.73
6200.73
6200.73
6200.73
6200.73
6200.73
6200.73
6394.50
6200.73
6200.73
6200.73
6200.73
6006.96
6200.73
6200.73
6394.50
6200.73
6394.50
6394.50
6394.50
6200.73
6394.50
6200.73
6200.73
6200.73
6200.73
6200.73
6200.73
6200.73
6200.73
6200.73
6200.73
6200.73
6200.73
6200.73
6200.73
6200.73
6200.73
6200.73
6200.73
6200.73
6200.73
6200.73
6200.73
6200.73
6200.73
6200.73
6394.50
6200.73
6200.73
6200.73
6200.73
6200.73
6200.73
6200.73
6200.73
6200.73
6200.73
6006.96
6200.73
6200.73
6200.73
6200.73
6200.73
6200.73
6200.73
6200.73
6394.50
6200.73
6200.73
6200.73
6394.50
6200.73
6200.73
6006.96
6200.73
6200.73
6200.73
6200.73
6200.73
6200.73
6200.73
6200.73
6200.73
6200.73
6200.73
6200.73
6200.73
6200.73
6200.73
6200.73
6200.73
6200.73
6200.73
6200.73
6200.73
6200.73
6200.73
6200.73
6200.73
6006.96
6200.73
6200.73
6200.73
6200.73
6200.73
6200.73
6200.73
6200.73
6200.73
6200.73
6200.73
6200.73
6200.73
6200.73
6200.73
6200.73
6200.73
6200.73
6200.73
6200.73
6200.73
6200.73
6200.73
6200.73
6006.96
6200.73
6006.96
6006.96
6200.73
6006.96
6006.96
6200.73
6006.96
6200.73
6006.96
6200.73
6200.73
6006.96
6200.73
6200.73
6200.73
6200.73
6200.73
6200.73
6200.73
6200.73
6200.73
6006.96
6200.73
6006.96
6200.73
6200.73
6006.96
6006.96
6200.73
6006.96
6006.96
6200.73
6200.73
6200.73
6006.96
6200.73
6200.73
6006.96
6006.96
6006.96
6200.73
6006.96
6006.96
6200.73
6006.96
6200.73
6200.73
6006.96
6006.96
6200.73
6006.96
6006.96
6200.73
6006.96
6200.73
6200.73
6006.96
6006.96
6200.73
6006.96
6006.96
6006.96
6006.96
6006.96
6006.96
6006.96
6006.96
6006.96
6006.96
6006.96
6006.96
6006.96
6006.96
6006.96
6200.73
6006.96
6006.96
6200.73
6200.73
6006.96
6006.96
6006.96
6006.96
6006.96
6200.73
6006.96
6006.96
6006.96
6006.96
6006.96
6006.96
6006.96
6006.96
6006.96
6006.96
6006.96
6200.73
6006.96
6006.96
6006.96
6006.96
6006.96
6006.96
6006.96
6006.96
6006.96
6006.96
6006.96
6006.96
6006.96
6200.73
6006.96
6006.96
6006.96
6006.96
6006.96
6006.96
6006.96
6006.96
6006.96
6006.96
6006.96
6006.96
6006.96
6006.96
6006.96
6006.96
6006.96
6006.96
6006.96
6006.96
6006.96
6006.96
6006.96
6006.96
6006.96
6006.96
6006.96
6006.96
6006.96
6006.96
6006.96
6006.96
5813.18
6006.96
6006.96
6006.96
6006.96
6006.96
6006.96
6006.96
6006.96
6006.96
6006.96
6006.96
6006.96
6006.96
6006.96
6006.96
6006.96
6006.96
6006.96
6006.96
6006.96
6006.96
5813.18
6006.96
6006.96
6006.96
6006.96
6006.96
6006.96
6006.96
6006.96
6006.96
5813.18
6006.96
6006.96
6006.96
6006.96
6006.96
5813.18
6006.96
6006.96
6006.96
6006.96
6006.96
6006.96
6006.96
6006.96
5813.18
6006.96
6006.96
5813.18
6006.96
6006.96
5813.18
6006.96
6006.96
6006.96
6006.96
5813.18
6006.96
5813.18
6006.96
6006.96
6006.96
6006.96
6006.96
6006.96
6006.96
6006.96
6006.96
5813.18
5813.18
5813.18
6006.96
5813.18
6006.96
5813.18
5813.18
6006.96
6006.96
6006.96
6006.96
6006.96
6006.96
6006.96
6006.96
5813.18
6006.96
5813.18
6006.96
6006.96
6006.96
6006.96
6006.96
6006.96
5813.18
5813.18
5813.18
5813.18
5813.18
5813.18
6006.96
5619.41
5813.18
6006.96
6006.96
5813.18
5813.18
6006.96
6006.96
5619.41
6006.96
5813.18
5813.18
5813.18
5813.18
5813.18
6006.96
5813.18
5813.18
5813.18
6006.96
5813.18
5813.18
5813.18
6006.96
6006.96
6006.96
5813.18
6006.96
5813.18
5813.18
5813.18
5813.18
5813.18
6006.96
5619.41
6006.96
5813.18
5813.18
5619.41
5813.18
5813.18
5813.18
5813.18
5813.18
5813.18
6006.96
5813.18
5619.41
5813.18
5813.18
5813.18
5813.18
5619.41
5813.18
5619.41
5813.18
5619.41
5813.18
5619.41
5813.18
5813.18
5813.18
5813.18
5813.18
5813.18
5813.18
5813.18
5813.18
5619.41
5813.18
5813.18
5813.18
5619.41
6006.96
5813.18
5813.18
5813.18
5813.18
5813.18
5813.18
5813.18
5813.18
5813.18
5813.18
5619.41
6006.96
5813.18
5813.18
5619.41
5813.18
5619.41
5813.18
5813.18
5813.18
5619.41
5813.18
5619.41
5813.18
5619.41
5813.18
5813.18
5813.18
5813.18
5813.18
5813.18
5813.18
5813.18
6006.96
5619.41
5813.18
5813.18
5813.18
5619.41
5813.18
5619.41
5813.18
5619.41
5619.41
5619.41
5813.18
5813.18
5619.41
5813.18
5619.41
5619.41
5619.41
5619.41
5813.18
5619.41
5813.18
5813.18
5813.18
5813.18
5813.18
5813.18
5813.18
5425.64
5813.18
