IEC 61083-2 TDG Version 2.1.0
Data File Version  2.1.0
37 LIC-M5f
8 bits, 9999 samples at 10ns
1.000000e-008
0.0
0.0
0.0
0.0
0.0
0.0
0.0
0.0
0.0
0.0
0.0
0.0
0.0
0.0
0.0
0.0
0.0
0.0
0.0
0.0
0.0
0.0
0.0
0.0
0.0
0.0
-1490.8
0.0
0.0
0.0
0.0
0.0
0.0
0.0
-1490.8
0.0
0.0
0.0
0.0
0.0
0.0
0.0
0.0
0.0
0.0
0.0
0.0
0.0
0.0
0.0
0.0
0.0
0.0
0.0
0.0
0.0
0.0
0.0
0.0
0.0
0.0
0.0
0.0
0.0
0.0
0.0
0.0
0.0
0.0
0.0
0.0
0.0
0.0
0.0
0.0
0.0
0.0
0.0
0.0
0.0
0.0
0.0
0.0
0.0
0.0
0.0
0.0
0.0
0.0
0.0
0.0
0.0
-1490.8
0.0
0.0
0.0
0.0
0.0
0.0
0.0
0.0
0.0
0.0
0.0
0.0
0.0
0.0
0.0
0.0
0.0
0.0
0.0
0.0
0.0
0.0
0.0
0.0
0.0
0.0
0.0
0.0
0.0
0.0
0.0
0.0
0.0
0.0
0.0
0.0
0.0
0.0
0.0
0.0
0.0
0.0
0.0
0.0
0.0
0.0
0.0
0.0
0.0
0.0
0.0
0.0
0.0
0.0
0.0
0.0
0.0
0.0
0.0
0.0
0.0
0.0
0.0
0.0
0.0
0.0
0.0
0.0
0.0
0.0
0.0
0.0
0.0
0.0
0.0
0.0
0.0
0.0
0.0
0.0
0.0
0.0
0.0
0.0
0.0
0.0
0.0
0.0
0.0
0.0
0.0
0.0
0.0
0.0
0.0
0.0
0.0
0.0
0.0
0.0
0.0
0.0
0.0
0.0
0.0
0.0
0.0
0.0
0.0
0.0
0.0
0.0
0.0
0.0
0.0
0.0
0.0
0.0
0.0
0.0
0.0
0.0
0.0
0.0
0.0
0.0
0.0
0.0
0.0
0.0
0.0
0.0
0.0
0.0
0.0
0.0
0.0
0.0
0.0
0.0
0.0
0.0
0.0
0.0
0.0
0.0
0.0
0.0
0.0
0.0
0.0
0.0
0.0
0.0
0.0
0.0
0.0
0.0
0.0
0.0
0.0
0.0
0.0
0.0
0.0
0.0
0.0
0.0
0.0
0.0
0.0
0.0
0.0
0.0
0.0
0.0
0.0
0.0
0.0
0.0
0.0
0.0
0.0
0.0
0.0
0.0
0.0
0.0
0.0
0.0
0.0
0.0
0.0
0.0
0.0
0.0
0.0
0.0
0.0
-1490.8
0.0
0.0
0.0
0.0
0.0
0.0
0.0
0.0
0.0
0.0
0.0
0.0
0.0
0.0
0.0
0.0
0.0
0.0
0.0
0.0
0.0
0.0
0.0
0.0
0.0
0.0
0.0
0.0
0.0
0.0
0.0
0.0
0.0
0.0
0.0
0.0
0.0
0.0
0.0
0.0
0.0
0.0
0.0
0.0
0.0
0.0
0.0
0.0
0.0
0.0
0.0
0.0
0.0
0.0
0.0
0.0
0.0
0.0
0.0
0.0
0.0
0.0
0.0
-1490.8
0.0
0.0
0.0
0.0
0.0
0.0
0.0
0.0
0.0
0.0
0.0
0.0
0.0
0.0
0.0
0.0
0.0
0.0
0.0
0.0
0.0
0.0
0.0
0.0
0.0
0.0
0.0
0.0
0.0
0.0
0.0
0.0
0.0
0.0
0.0
0.0
0.0
0.0
0.0
0.0
0.0
0.0
0.0
0.0
0.0
0.0
0.0
0.0
0.0
0.0
0.0
0.0
0.0
0.0
0.0
0.0
0.0
0.0
0.0
0.0
0.0
0.0
0.0
0.0
0.0
0.0
0.0
0.0
0.0
0.0
0.0
0.0
0.0
0.0
0.0
0.0
0.0
0.0
0.0
0.0
0.0
0.0
0.0
0.0
0.0
0.0
0.0
0.0
0.0
0.0
0.0
0.0
0.0
0.0
0.0
0.0
0.0
0.0
0.0
0.0
-1490.8
0.0
0.0
-1490.8
0.0
-1490.8
-1490.8
0.0
0.0
0.0
0.0
0.0
0.0
-1490.8
-1490.8
-1490.8
-1490.8
-1490.8
-1490.8
0.0
-1490.8
-1490.8
-2981.5
-1490.8
-4472.3
-2981.5
-4472.3
-2981.5
-5963.0
-4472.3
-4472.3
-5963.0
-4472.3
-8944.5
-5963.0
-13416.8
-7453.8
-20870.6
-14907.6
-26833.6
-25342.9
-28324.4
-35778.2
-34287.4
-41741.2
-34287.4
-50685.7
-40250.4
-53667.2
-53667.2
-55158.0
-71556.3
-62611.8
-79010.1
-83482.4
-83482.4
-95408.4
-98389.9
-105843.7
-105843.7
-117769.8
-120751.3
-123732.8
-138640.3
-129695.8
-152057.2
-147584.9
-156529.4
-163983.2
-166964.7
-169946.2
-181872.3
-180381.5
-189326.1
-193798.3
-199761.4
-202742.9
-210196.7
-216159.7
-222122.7
-226595.0
-231067.2
-234048.8
-238521.0
-241502.5
-245974.8
-248956.3
-253428.6
-256410.1
-262373.1
-265354.6
-271317.7
-275789.9
-278771.4
-283243.7
-289206.7
-290697.5
-293679.0
-298151.3
-301132.8
-304114.3
-308586.6
-308586.6
-316040.4
-314549.6
-317531.1
-323494.1
-323494.1
-327966.4
-332438.7
-330947.9
-338401.7
-339892.5
-342874.0
-345855.5
-345855.5
-348837.0
-350327.8
-351818.5
-354800.0
-354800.0
-356290.8
-357781.5
-360763.0
-360763.0
-362253.8
-365235.3
-365235.3
-368216.8
-369707.6
-368216.8
-371198.3
-371198.3
-372689.1
-372689.1
-374179.9
-372689.1
-375670.6
-375670.6
-375670.6
-375670.6
-377161.4
-375670.6
-377161.4
-377161.4
-377161.4
-377161.4
-378652.1
-377161.4
-380142.9
-378652.1
-380142.9
-380142.9
-378652.1
-378652.1
-378652.1
-378652.1
-377161.4
-378652.1
-377161.4
-377161.4
-378652.1
-377161.4
-377161.4
-377161.4
-377161.4
-377161.4
-377161.4
-375670.6
-375670.6
-375670.6
-375670.6
-375670.6
-374179.9
-374179.9
-372689.1
-372689.1
-372689.1
-372689.1
-372689.1
-371198.3
-371198.3
-369707.6
-369707.6
-368216.8
-368216.8
-368216.8
-366726.1
-366726.1
-366726.1
-365235.3
-365235.3
-365235.3
-363744.6
-363744.6
-363744.6
-363744.6
-362253.8
-362253.8
-362253.8
-360763.0
-360763.0
-360763.0
-359272.3
-359272.3
-359272.3
-359272.3
-357781.5
-357781.5
-357781.5
-357781.5
-356290.8
-356290.8
-356290.8
-354800.0
-354800.0
-354800.0
-354800.0
-354800.0
-354800.0
-353309.3
-353309.3
-353309.3
-351818.5
-351818.5
-351818.5
-351818.5
-351818.5
-350327.8
-350327.8
-350327.8
-350327.8
-350327.8
-348837.0
-348837.0
-348837.0
-348837.0
-348837.0
-348837.0
-347346.2
-348837.0
-347346.2
-347346.2
-347346.2
-347346.2
-347346.2
-347346.2
-345855.5
-347346.2
-345855.5
-345855.5
-345855.5
-345855.5
-345855.5
-345855.5
-345855.5
-345855.5
-345855.5
-345855.5
-345855.5
-345855.5
-344364.7
-345855.5
-345855.5
-345855.5
-345855.5
-344364.7
-344364.7
-345855.5
-344364.7
-344364.7
-344364.7
-344364.7
-345855.5
-344364.7
-344364.7
-344364.7
-344364.7
-344364.7
-344364.7
-344364.7
-344364.7
-344364.7
-344364.7
-344364.7
-344364.7
-344364.7
-344364.7
-344364.7
-344364.7
-344364.7
-344364.7
-344364.7
-344364.7
-344364.7
-344364.7
-344364.7
-344364.7
-345855.5
-344364.7
-345855.5
-344364.7
-345855.5
-344364.7
-344364.7
-345855.5
-345855.5
-344364.7
-345855.5
-345855.5
-345855.5
-345855.5
-345855.5
-345855.5
-345855.5
-344364.7
-345855.5
-345855.5
-345855.5
-345855.5
-345855.5
-345855.5
-345855.5
-345855.5
-345855.5
-345855.5
-345855.5
-345855.5
-345855.5
-345855.5
-345855.5
-345855.5
-345855.5
-345855.5
-345855.5
-345855.5
-345855.5
-345855.5
-345855.5
-345855.5
-345855.5
-345855.5
-345855.5
-345855.5
-345855.5
-345855.5
-345855.5
-345855.5
-345855.5
-345855.5
-345855.5
-345855.5
-345855.5
-345855.5
-345855.5
-345855.5
-345855.5
-345855.5
-345855.5
-345855.5
-345855.5
-345855.5
-345855.5
-345855.5
-345855.5
-345855.5
-345855.5
-345855.5
-345855.5
-345855.5
-345855.5
-345855.5
-345855.5
-345855.5
-345855.5
-345855.5
-345855.5
-345855.5
-345855.5
-345855.5
-345855.5
-345855.5
-345855.5
-345855.5
-345855.5
-345855.5
-345855.5
-345855.5
-345855.5
-345855.5
-345855.5
-345855.5
-345855.5
-345855.5
-345855.5
-345855.5
-345855.5
-344364.7
-345855.5
-345855.5
-345855.5
-344364.7
-345855.5
-345855.5
-345855.5
-344364.7
-344364.7
-344364.7
-344364.7
-344364.7
-344364.7
-344364.7
-344364.7
-344364.7
-344364.7
-344364.7
-344364.7
-344364.7
-344364.7
-344364.7
-344364.7
-344364.7
-344364.7
-344364.7
-344364.7
-344364.7
-344364.7
-344364.7
-344364.7
-344364.7
-344364.7
-344364.7
-344364.7
-344364.7
-344364.7
-344364.7
-344364.7
-344364.7
-344364.7
-344364.7
-344364.7
-344364.7
-344364.7
-344364.7
-342874.0
-344364.7
-342874.0
-342874.0
-342874.0
-342874.0
-342874.0
-342874.0
-342874.0
-342874.0
-342874.0
-342874.0
-342874.0
-342874.0
-342874.0
-342874.0
-342874.0
-342874.0
-342874.0
-342874.0
-342874.0
-342874.0
-342874.0
-342874.0
-342874.0
-341383.2
-342874.0
-341383.2
-342874.0
-341383.2
-341383.2
-342874.0
-341383.2
-341383.2
-342874.0
-341383.2
-341383.2
-341383.2
-341383.2
-341383.2
-341383.2
-341383.2
-341383.2
-341383.2
-341383.2
-341383.2
-341383.2
-341383.2
-341383.2
-341383.2
-341383.2
-341383.2
-341383.2
-341383.2
-341383.2
-341383.2
-341383.2
-341383.2
-341383.2
-341383.2
-341383.2
-341383.2
-341383.2
-341383.2
-341383.2
-341383.2
-341383.2
-341383.2
-341383.2
-339892.5
-341383.2
-341383.2
-341383.2
-341383.2
-339892.5
-339892.5
-339892.5
-339892.5
-339892.5
-341383.2
-339892.5
-339892.5
-339892.5
-339892.5
-339892.5
-339892.5
-339892.5
-339892.5
-339892.5
-339892.5
-339892.5
-338401.7
-339892.5
-339892.5
-339892.5
-339892.5
-339892.5
-339892.5
-339892.5
-339892.5
-339892.5
-339892.5
-339892.5
-339892.5
-339892.5
-339892.5
-339892.5
-339892.5
-339892.5
-338401.7
-338401.7
-338401.7
-338401.7
-338401.7
-338401.7
-338401.7
-338401.7
-338401.7
-338401.7
-338401.7
-338401.7
-338401.7
-338401.7
-338401.7
-338401.7
-338401.7
-338401.7
-338401.7
-338401.7
-338401.7
-338401.7
-338401.7
-338401.7
-338401.7
-338401.7
-338401.7
-338401.7
-338401.7
-338401.7
-338401.7
-338401.7
-338401.7
-338401.7
-338401.7
-338401.7
-338401.7
-338401.7
-336910.9
-336910.9
-336910.9
-336910.9
-336910.9
-338401.7
-336910.9
-336910.9
-336910.9
-336910.9
-336910.9
-336910.9
-336910.9
-336910.9
-336910.9
-336910.9
-336910.9
-336910.9
-336910.9
-336910.9
-336910.9
-336910.9
-336910.9
-336910.9
-336910.9
-336910.9
-336910.9
-336910.9
-336910.9
-336910.9
-336910.9
-336910.9
-336910.9
-336910.9
-336910.9
-336910.9
-336910.9
-336910.9
-335420.2
-336910.9
-335420.2
-336910.9
-335420.2
-335420.2
-335420.2
-335420.2
-335420.2
-335420.2
-335420.2
-335420.2
-335420.2
-335420.2
-335420.2
-335420.2
-335420.2
-335420.2
-335420.2
-335420.2
-335420.2
-335420.2
-335420.2
-335420.2
-335420.2
-335420.2
-335420.2
-335420.2
-335420.2
-335420.2
-335420.2
-335420.2
-335420.2
-335420.2
-335420.2
-335420.2
-335420.2
-335420.2
-333929.4
-335420.2
-335420.2
-335420.2
-335420.2
-335420.2
-335420.2
-333929.4
-333929.4
-335420.2
-333929.4
-333929.4
-333929.4
-333929.4
-333929.4
-333929.4
-333929.4
-333929.4
-333929.4
-333929.4
-333929.4
-333929.4
-333929.4
-333929.4
-333929.4
-333929.4
-333929.4
-333929.4
-333929.4
-333929.4
-332438.7
-333929.4
-332438.7
-332438.7
-333929.4
-333929.4
-333929.4
-333929.4
-332438.7
-332438.7
-332438.7
-332438.7
-332438.7
-332438.7
-332438.7
-332438.7
-332438.7
-332438.7
-332438.7
-332438.7
-332438.7
-332438.7
-332438.7
-332438.7
-332438.7
-332438.7
-332438.7
-332438.7
-332438.7
-332438.7
-332438.7
-332438.7
-332438.7
-332438.7
-332438.7
-332438.7
-332438.7
-332438.7
-332438.7
-332438.7
-332438.7
-332438.7
-332438.7
-332438.7
-332438.7
-332438.7
-332438.7
-332438.7
-332438.7
-332438.7
-332438.7
-332438.7
-332438.7
-332438.7
-332438.7
-332438.7
-332438.7
-332438.7
-330947.9
-332438.7
-332438.7
-332438.7
-332438.7
-332438.7
-332438.7
-332438.7
-330947.9
-332438.7
-330947.9
-332438.7
-330947.9
-330947.9
-330947.9
-330947.9
-330947.9
-330947.9
-330947.9
-330947.9
-330947.9
-330947.9
-330947.9
-330947.9
-330947.9
-330947.9
-330947.9
-330947.9
-330947.9
-330947.9
-330947.9
-330947.9
-330947.9
-330947.9
-330947.9
-330947.9
-330947.9
-330947.9
-330947.9
-330947.9
-330947.9
-330947.9
-330947.9
-330947.9
-330947.9
-330947.9
-330947.9
-330947.9
-330947.9
-330947.9
-330947.9
-330947.9
-330947.9
-330947.9
-330947.9
-330947.9
-330947.9
-330947.9
-329457.2
-330947.9
-329457.2
-330947.9
-329457.2
-330947.9
-330947.9
-330947.9
-330947.9
-330947.9
-329457.2
-329457.2
-329457.2
-329457.2
-329457.2
-329457.2
-329457.2
-329457.2
-329457.2
-329457.2
-329457.2
-329457.2
-329457.2
-329457.2
-329457.2
-329457.2
-329457.2
-329457.2
-329457.2
-329457.2
-329457.2
-329457.2
-329457.2
-329457.2
-329457.2
-329457.2
-327966.4
-329457.2
-329457.2
-329457.2
-329457.2
-329457.2
-329457.2
-329457.2
-329457.2
-329457.2
-329457.2
-329457.2
-327966.4
-327966.4
-329457.2
-327966.4
-327966.4
-327966.4
-327966.4
-327966.4
-327966.4
-327966.4
-327966.4
-327966.4
-327966.4
-327966.4
-327966.4
-327966.4
-327966.4
-327966.4
-327966.4
-327966.4
-327966.4
-327966.4
-327966.4
-327966.4
-327966.4
-327966.4
-327966.4
-327966.4
-327966.4
-327966.4
-327966.4
-327966.4
-327966.4
-327966.4
-327966.4
-327966.4
-327966.4
-327966.4
-327966.4
-327966.4
-327966.4
-327966.4
-327966.4
-327966.4
-327966.4
-327966.4
-326475.6
-327966.4
-326475.6
-327966.4
-327966.4
-327966.4
-326475.6
-327966.4
-327966.4
-327966.4
-326475.6
-326475.6
-326475.6
-326475.6
-326475.6
-326475.6
-326475.6
-326475.6
-326475.6
-326475.6
-326475.6
-326475.6
-326475.6
-326475.6
-326475.6
-326475.6
-326475.6
-326475.6
-326475.6
-326475.6
-326475.6
-326475.6
-326475.6
-326475.6
-326475.6
-326475.6
-326475.6
-326475.6
-326475.6
-326475.6
-326475.6
-326475.6
-326475.6
-326475.6
-326475.6
-326475.6
-326475.6
-324984.9
-324984.9
-324984.9
-324984.9
-324984.9
-324984.9
-326475.6
-324984.9
-324984.9
-324984.9
-324984.9
-324984.9
-324984.9
-324984.9
-324984.9
-324984.9
-324984.9
-324984.9
-324984.9
-324984.9
-324984.9
-324984.9
-324984.9
-324984.9
-324984.9
-324984.9
-324984.9
-324984.9
-324984.9
-324984.9
-324984.9
-324984.9
-324984.9
-324984.9
-324984.9
-324984.9
-324984.9
-324984.9
-324984.9
-324984.9
-324984.9
-324984.9
-324984.9
-323494.1
-324984.9
-324984.9
-324984.9
-323494.1
-323494.1
-323494.1
-323494.1
-323494.1
-323494.1
-323494.1
-323494.1
-323494.1
-323494.1
-323494.1
-323494.1
-323494.1
-323494.1
-323494.1
-323494.1
-323494.1
-323494.1
-323494.1
-323494.1
-323494.1
-322003.4
-322003.4
-323494.1
-323494.1
-323494.1
-322003.4
-322003.4
-322003.4
-322003.4
-322003.4
-323494.1
-322003.4
-322003.4
-322003.4
-322003.4
-322003.4
-322003.4
-322003.4
-322003.4
-322003.4
-322003.4
-322003.4
-322003.4
-322003.4
-322003.4
-322003.4
-322003.4
-322003.4
-320512.6
-322003.4
-322003.4
-322003.4
-322003.4
-322003.4
-322003.4
-322003.4
-322003.4
-322003.4
-322003.4
-322003.4
-320512.6
-320512.6
-322003.4
-320512.6
-320512.6
-320512.6
-320512.6
-320512.6
-320512.6
-320512.6
-320512.6
-320512.6
-320512.6
-320512.6
-320512.6
-320512.6
-320512.6
-320512.6
-320512.6
-320512.6
-320512.6
-320512.6
-320512.6
-320512.6
-320512.6
-320512.6
-320512.6
-320512.6
-320512.6
-320512.6
-320512.6
-320512.6
-320512.6
-320512.6
-320512.6
-320512.6
-320512.6
-320512.6
-320512.6
-320512.6
-320512.6
-320512.6
-320512.6
-320512.6
-320512.6
-320512.6
-320512.6
-320512.6
-319021.9
-320512.6
-320512.6
-320512.6
-320512.6
-319021.9
-319021.9
-319021.9
-319021.9
-319021.9
-319021.9
-319021.9
-319021.9
-319021.9
-319021.9
-319021.9
-319021.9
-319021.9
-319021.9
-319021.9
-319021.9
-319021.9
-319021.9
-319021.9
-319021.9
-319021.9
-319021.9
-319021.9
-319021.9
-319021.9
-317531.1
-319021.9
-319021.9
-319021.9
-317531.1
-319021.9
-319021.9
-317531.1
-319021.9
-319021.9
-319021.9
-317531.1
-317531.1
-317531.1
-317531.1
-317531.1
-317531.1
-317531.1
-317531.1
-317531.1
-317531.1
-317531.1
-317531.1
-317531.1
-317531.1
-317531.1
-317531.1
-317531.1
-317531.1
-317531.1
-317531.1
-317531.1
-317531.1
-317531.1
-317531.1
-317531.1
-317531.1
-317531.1
-317531.1
-317531.1
-317531.1
-316040.4
-317531.1
-317531.1
-317531.1
-317531.1
-317531.1
-316040.4
-317531.1
-316040.4
-316040.4
-316040.4
-317531.1
-317531.1
-316040.4
-316040.4
-316040.4
-316040.4
-316040.4
-316040.4
-316040.4
-316040.4
-316040.4
-316040.4
-316040.4
-316040.4
-316040.4
-316040.4
-316040.4
-316040.4
-316040.4
-316040.4
-316040.4
-316040.4
-316040.4
-316040.4
-316040.4
-316040.4
-316040.4
-316040.4
-316040.4
-316040.4
-316040.4
-316040.4
-316040.4
-316040.4
-316040.4
-316040.4
-316040.4
-316040.4
-316040.4
-316040.4
-316040.4
-316040.4
-316040.4
-316040.4
-316040.4
-314549.6
-316040.4
-316040.4
-316040.4
-314549.6
-316040.4
-316040.4
-316040.4
-314549.6
-314549.6
-316040.4
-316040.4
-314549.6
-314549.6
-314549.6
-314549.6
-314549.6
-316040.4
-314549.6
-314549.6
-314549.6
-314549.6
-314549.6
-314549.6
-314549.6
-314549.6
-314549.6
-314549.6
-314549.6
-314549.6
-314549.6
-314549.6
-314549.6
-314549.6
-314549.6
-314549.6
-314549.6
-314549.6
-314549.6
-314549.6
-314549.6
-314549.6
-313058.8
-313058.8
-313058.8
-313058.8
-313058.8
-313058.8
-313058.8
-314549.6
-313058.8
-314549.6
-313058.8
-313058.8
-314549.6
-313058.8
-313058.8
-313058.8
-313058.8
-313058.8
-314549.6
-313058.8
-313058.8
-313058.8
-313058.8
-313058.8
-313058.8
-313058.8
-313058.8
-313058.8
-313058.8
-313058.8
-313058.8
-313058.8
-313058.8
-313058.8
-313058.8
-313058.8
-313058.8
-313058.8
-313058.8
-313058.8
-313058.8
-313058.8
-313058.8
-313058.8
-313058.8
-313058.8
-313058.8
-313058.8
-313058.8
-313058.8
-313058.8
-313058.8
-313058.8
-313058.8
-313058.8
-313058.8
-311568.1
-311568.1
-313058.8
-311568.1
-311568.1
-313058.8
-311568.1
-311568.1
-311568.1
-311568.1
-311568.1
-311568.1
-311568.1
-311568.1
-311568.1
-311568.1
-311568.1
-311568.1
-311568.1
-311568.1
-311568.1
-311568.1
-311568.1
-311568.1
-311568.1
-311568.1
-311568.1
-311568.1
-311568.1
-311568.1
-311568.1
-311568.1
-311568.1
-311568.1
-311568.1
-311568.1
-311568.1
-311568.1
-311568.1
-311568.1
-311568.1
-311568.1
-311568.1
-311568.1
-311568.1
-311568.1
-311568.1
-311568.1
-311568.1
-311568.1
-311568.1
-311568.1
-311568.1
-311568.1
-310077.3
-311568.1
-311568.1
-310077.3
-310077.3
-310077.3
-311568.1
-310077.3
-310077.3
-310077.3
-310077.3
-310077.3
-310077.3
-310077.3
-310077.3
-310077.3
-310077.3
-310077.3
-310077.3
-310077.3
-310077.3
-310077.3
-310077.3
-310077.3
-310077.3
-310077.3
-308586.6
-310077.3
-310077.3
-310077.3
-310077.3
-310077.3
-310077.3
-310077.3
-308586.6
-310077.3
-308586.6
-308586.6
-308586.6
-310077.3
-308586.6
-308586.6
-308586.6
-308586.6
-308586.6
-308586.6
-308586.6
-308586.6
-308586.6
-308586.6
-308586.6
-308586.6
-308586.6
-308586.6
-308586.6
-308586.6
-308586.6
-308586.6
-308586.6
-308586.6
-308586.6
-308586.6
-308586.6
-308586.6
-308586.6
-308586.6
-308586.6
-308586.6
-308586.6
-308586.6
-308586.6
-308586.6
-307095.8
-308586.6
-308586.6
-307095.8
-307095.8
-308586.6
-307095.8
-307095.8
-307095.8
-307095.8
-307095.8
-307095.8
-307095.8
-307095.8
-307095.8
-307095.8
-307095.8
-307095.8
-307095.8
-307095.8
-307095.8
-307095.8
-307095.8
-307095.8
-307095.8
-307095.8
-307095.8
-307095.8
-307095.8
-307095.8
-307095.8
-307095.8
-307095.8
-307095.8
-307095.8
-307095.8
-307095.8
-307095.8
-307095.8
-307095.8
-307095.8
-307095.8
-307095.8
-307095.8
-307095.8
-307095.8
-305605.1
-307095.8
-307095.8
-307095.8
-307095.8
-307095.8
-307095.8
-307095.8
-305605.1
-307095.8
-305605.1
-307095.8
-305605.1
-305605.1
-305605.1
-305605.1
-305605.1
-305605.1
-305605.1
-305605.1
-305605.1
-305605.1
-305605.1
-305605.1
-305605.1
-305605.1
-305605.1
-305605.1
-305605.1
-305605.1
-305605.1
-305605.1
-305605.1
-305605.1
-304114.3
-304114.3
-304114.3
-305605.1
-304114.3
-304114.3
-304114.3
-304114.3
-304114.3
-304114.3
-304114.3
-304114.3
-304114.3
-304114.3
-304114.3
-304114.3
-304114.3
-304114.3
-304114.3
-304114.3
-304114.3
-304114.3
-304114.3
-304114.3
-304114.3
-304114.3
-304114.3
-304114.3
-304114.3
-304114.3
-304114.3
-304114.3
-304114.3
-304114.3
-304114.3
-304114.3
-304114.3
-304114.3
-304114.3
-304114.3
-304114.3
-304114.3
-304114.3
-304114.3
-302623.5
-302623.5
-302623.5
-302623.5
-302623.5
-302623.5
-302623.5
-302623.5
-302623.5
-302623.5
-302623.5
-302623.5
-302623.5
-302623.5
-302623.5
-302623.5
-302623.5
-302623.5
-302623.5
-302623.5
-302623.5
-302623.5
-302623.5
-302623.5
-302623.5
-302623.5
-302623.5
-302623.5
-302623.5
-302623.5
-302623.5
-302623.5
-302623.5
-302623.5
-302623.5
-302623.5
-302623.5
-302623.5
-302623.5
-302623.5
-302623.5
-302623.5
-302623.5
-302623.5
-302623.5
-302623.5
-302623.5
-302623.5
-302623.5
-302623.5
-302623.5
-302623.5
-301132.8
-302623.5
-301132.8
-301132.8
-302623.5
-302623.5
-302623.5
-302623.5
-301132.8
-301132.8
-302623.5
-301132.8
-302623.5
-301132.8
-301132.8
-301132.8
-301132.8
-301132.8
-302623.5
-301132.8
-301132.8
-301132.8
-301132.8
-301132.8
-301132.8
-301132.8
-301132.8
-301132.8
-301132.8
-301132.8
-301132.8
-301132.8
-301132.8
-301132.8
-301132.8
-301132.8
-301132.8
-301132.8
-301132.8
-301132.8
-301132.8
-301132.8
-301132.8
-299642.0
-299642.0
-301132.8
-299642.0
-299642.0
-301132.8
-301132.8
-299642.0
-299642.0
-301132.8
-299642.0
-299642.0
-299642.0
-299642.0
-299642.0
-299642.0
-299642.0
-299642.0
-299642.0
-299642.0
-299642.0
-299642.0
-299642.0
-299642.0
-299642.0
-299642.0
-299642.0
-299642.0
-299642.0
-299642.0
-299642.0
-299642.0
-299642.0
-299642.0
-299642.0
-299642.0
-299642.0
-299642.0
-299642.0
-299642.0
-299642.0
-299642.0
-299642.0
-299642.0
-299642.0
-299642.0
-299642.0
-299642.0
-299642.0
-299642.0
-299642.0
-299642.0
-299642.0
-299642.0
-298151.3
-298151.3
-299642.0
-298151.3
-298151.3
-298151.3
-298151.3
-298151.3
-298151.3
-298151.3
-298151.3
-298151.3
-298151.3
-298151.3
-298151.3
-298151.3
-298151.3
-298151.3
-298151.3
-298151.3
-298151.3
-298151.3
-298151.3
-298151.3
-298151.3
-298151.3
-298151.3
-298151.3
-298151.3
-298151.3
-298151.3
-298151.3
-298151.3
-298151.3
-298151.3
-298151.3
-298151.3
-298151.3
-298151.3
-298151.3
-298151.3
-298151.3
-298151.3
-298151.3
-298151.3
-298151.3
-298151.3
-298151.3
-298151.3
-298151.3
-298151.3
-298151.3
-296660.5
-298151.3
-298151.3
-296660.5
-298151.3
-298151.3
-298151.3
-296660.5
-298151.3
-296660.5
-296660.5
-296660.5
-298151.3
-296660.5
-296660.5
-296660.5
-296660.5
-296660.5
-296660.5
-296660.5
-296660.5
-296660.5
-296660.5
-296660.5
-296660.5
-296660.5
-296660.5
-296660.5
-296660.5
-296660.5
-296660.5
-296660.5
-296660.5
-296660.5
-296660.5
-296660.5
-296660.5
-295169.8
-296660.5
-295169.8
-296660.5
-296660.5
-295169.8
-295169.8
-296660.5
-296660.5
-295169.8
-295169.8
-296660.5
-295169.8
-295169.8
-295169.8
-295169.8
-295169.8
-295169.8
-295169.8
-295169.8
-295169.8
-295169.8
-295169.8
-295169.8
-295169.8
-295169.8
-295169.8
-295169.8
-295169.8
-295169.8
-295169.8
-295169.8
-295169.8
-295169.8
-295169.8
-295169.8
-295169.8
-295169.8
-295169.8
-295169.8
-295169.8
-295169.8
-295169.8
-295169.8
-295169.8
-295169.8
-295169.8
-293679.0
-295169.8
-295169.8
-295169.8
-295169.8
-295169.8
-295169.8
-293679.0
-295169.8
-295169.8
-293679.0
-293679.0
-293679.0
-293679.0
-293679.0
-293679.0
-293679.0
-293679.0
-293679.0
-293679.0
-293679.0
-293679.0
-293679.0
-293679.0
-293679.0
-293679.0
-293679.0
-293679.0
-293679.0
-293679.0
-293679.0
-293679.0
-293679.0
-293679.0
-293679.0
-293679.0
-293679.0
-293679.0
-293679.0
-293679.0
-293679.0
-293679.0
-293679.0
-293679.0
-293679.0
-293679.0
-293679.0
-293679.0
-293679.0
-293679.0
-293679.0
-293679.0
-293679.0
-293679.0
-293679.0
-293679.0
-293679.0
-293679.0
-293679.0
-293679.0
-293679.0
-293679.0
-293679.0
-292188.3
-292188.3
-293679.0
-292188.3
-292188.3
-292188.3
-292188.3
-292188.3
-292188.3
-292188.3
-292188.3
-292188.3
-292188.3
-292188.3
-292188.3
-292188.3
-292188.3
-292188.3
-292188.3
-292188.3
-292188.3
-292188.3
-292188.3
-292188.3
-292188.3
-290697.5
-292188.3
-290697.5
-290697.5
-292188.3
-292188.3
-290697.5
-290697.5
-290697.5
-290697.5
-290697.5
-290697.5
-290697.5
-290697.5
-290697.5
-290697.5
-290697.5
-290697.5
-290697.5
-290697.5
-290697.5
-290697.5
-290697.5
-290697.5
-290697.5
-290697.5
-290697.5
-290697.5
-290697.5
-290697.5
-290697.5
-290697.5
-290697.5
-290697.5
-290697.5
-290697.5
-290697.5
-290697.5
-290697.5
-290697.5
-290697.5
-290697.5
-289206.7
-290697.5
-290697.5
-290697.5
-290697.5
-289206.7
-289206.7
-290697.5
-289206.7
-289206.7
-289206.7
-289206.7
-289206.7
-289206.7
-289206.7
-289206.7
-289206.7
-289206.7
-289206.7
-289206.7
-289206.7
-289206.7
-289206.7
-289206.7
-289206.7
-289206.7
-289206.7
-289206.7
-289206.7
-289206.7
-289206.7
-289206.7
-289206.7
-289206.7
-289206.7
-289206.7
-289206.7
-289206.7
-289206.7
-289206.7
-289206.7
-289206.7
-289206.7
-289206.7
-289206.7
-289206.7
-289206.7
-289206.7
-289206.7
-289206.7
-287716.0
-287716.0
-289206.7
-289206.7
-289206.7
-287716.0
-287716.0
-287716.0
-287716.0
-287716.0
-289206.7
-287716.0
-289206.7
-287716.0
-289206.7
-287716.0
-289206.7
-287716.0
-287716.0
-287716.0
-287716.0
-287716.0
-287716.0
-287716.0
-287716.0
-287716.0
-287716.0
-287716.0
-287716.0
-287716.0
-287716.0
-287716.0
-286225.2
-287716.0
-287716.0
-287716.0
-286225.2
-286225.2
-287716.0
-286225.2
-287716.0
-287716.0
-287716.0
-286225.2
-286225.2
-286225.2
-286225.2
-286225.2
-287716.0
-286225.2
-286225.2
-286225.2
-286225.2
-286225.2
-286225.2
-286225.2
-286225.2
-286225.2
-286225.2
-286225.2
-286225.2
-286225.2
-286225.2
-286225.2
-286225.2
-286225.2
-286225.2
-286225.2
-286225.2
-286225.2
-286225.2
-286225.2
-286225.2
-286225.2
-286225.2
-284734.5
-286225.2
-286225.2
-286225.2
-286225.2
-286225.2
-286225.2
-286225.2
-284734.5
-284734.5
-286225.2
-286225.2
-284734.5
-286225.2
-284734.5
-284734.5
-284734.5
-286225.2
-286225.2
-286225.2
-286225.2
-284734.5
-284734.5
-284734.5
-284734.5
-284734.5
-284734.5
-284734.5
-284734.5
-284734.5
-284734.5
-284734.5
-284734.5
-284734.5
-284734.5
-284734.5
-284734.5
-284734.5
-284734.5
-284734.5
-284734.5
-284734.5
-284734.5
-284734.5
-284734.5
-284734.5
-284734.5
-284734.5
-284734.5
-284734.5
-284734.5
-284734.5
-284734.5
-284734.5
-284734.5
-284734.5
-284734.5
-284734.5
-284734.5
-284734.5
-284734.5
-284734.5
-284734.5
-284734.5
-284734.5
-284734.5
-284734.5
-284734.5
-284734.5
-284734.5
-284734.5
-284734.5
-284734.5
-284734.5
-284734.5
-283243.7
-284734.5
-284734.5
-284734.5
-284734.5
-284734.5
-283243.7
-283243.7
-283243.7
-284734.5
-284734.5
-283243.7
-283243.7
-283243.7
-283243.7
-284734.5
-283243.7
-283243.7
-283243.7
-283243.7
-283243.7
-283243.7
-283243.7
-284734.5
-283243.7
-283243.7
-283243.7
-283243.7
-283243.7
-283243.7
-283243.7
-283243.7
-283243.7
-283243.7
-283243.7
-283243.7
-283243.7
-283243.7
-283243.7
-283243.7
-283243.7
-283243.7
-283243.7
-283243.7
-283243.7
-281753.0
-283243.7
-283243.7
-283243.7
-283243.7
-283243.7
-283243.7
-281753.0
-281753.0
-283243.7
-281753.0
-281753.0
-281753.0
-281753.0
-281753.0
-281753.0
-281753.0
-281753.0
-281753.0
-281753.0
-281753.0
-281753.0
-281753.0
-281753.0
-281753.0
-281753.0
-281753.0
-281753.0
-281753.0
-281753.0
-281753.0
-281753.0
-281753.0
-281753.0
-281753.0
-281753.0
-281753.0
-281753.0
-281753.0
-281753.0
-281753.0
-281753.0
-281753.0
-281753.0
-281753.0
-281753.0
-281753.0
-281753.0
-281753.0
-281753.0
-281753.0
-281753.0
-281753.0
-281753.0
-281753.0
-281753.0
-281753.0
-281753.0
-281753.0
-281753.0
-280262.2
-281753.0
-280262.2
-281753.0
-280262.2
-280262.2
-280262.2
-280262.2
-281753.0
-280262.2
-280262.2
-280262.2
-280262.2
-280262.2
-280262.2
-280262.2
-280262.2
-280262.2
-280262.2
-280262.2
-280262.2
-280262.2
-280262.2
-280262.2
-280262.2
-280262.2
-280262.2
-280262.2
-280262.2
-280262.2
-280262.2
-280262.2
-280262.2
-280262.2
-280262.2
-280262.2
-280262.2
-280262.2
-280262.2
-280262.2
-280262.2
-280262.2
-280262.2
-280262.2
-280262.2
-280262.2
-280262.2
-280262.2
-280262.2
-280262.2
-280262.2
-280262.2
-280262.2
-280262.2
-278771.4
-278771.4
-278771.4
-278771.4
-278771.4
-278771.4
-278771.4
-278771.4
-278771.4
-278771.4
-280262.2
-278771.4
-278771.4
-278771.4
-278771.4
-278771.4
-278771.4
-278771.4
-278771.4
-278771.4
-278771.4
-278771.4
-278771.4
-278771.4
-278771.4
-278771.4
-278771.4
-278771.4
-278771.4
-278771.4
-278771.4
-278771.4
-278771.4
-278771.4
-278771.4
-277280.7
-278771.4
-277280.7
-277280.7
-277280.7
-277280.7
-277280.7
-277280.7
-277280.7
-277280.7
-277280.7
-277280.7
-277280.7
-277280.7
-277280.7
-277280.7
-277280.7
-277280.7
-277280.7
-277280.7
-277280.7
-277280.7
-277280.7
-277280.7
-277280.7
-277280.7
-277280.7
-277280.7
-277280.7
-277280.7
-277280.7
-277280.7
-277280.7
-277280.7
-277280.7
-277280.7
-277280.7
-277280.7
-277280.7
-277280.7
-277280.7
-275789.9
-277280.7
-275789.9
-277280.7
-277280.7
-277280.7
-277280.7
-277280.7
-277280.7
-275789.9
-275789.9
-275789.9
-275789.9
-275789.9
-275789.9
-275789.9
-275789.9
-275789.9
-275789.9
-275789.9
-275789.9
-275789.9
-275789.9
-275789.9
-275789.9
-275789.9
-275789.9
-275789.9
-275789.9
-275789.9
-275789.9
-275789.9
-275789.9
-275789.9
-275789.9
-275789.9
-275789.9
-275789.9
-275789.9
-275789.9
-275789.9
-275789.9
-275789.9
-275789.9
-275789.9
-275789.9
-275789.9
-275789.9
-275789.9
-275789.9
-275789.9
-275789.9
-275789.9
-274299.2
-275789.9
-275789.9
-275789.9
-275789.9
-275789.9
-275789.9
-275789.9
-275789.9
-274299.2
-274299.2
-275789.9
-274299.2
-274299.2
-274299.2
-275789.9
-274299.2
-274299.2
-274299.2
-274299.2
-274299.2
-274299.2
-274299.2
-274299.2
-274299.2
-274299.2
-274299.2
-274299.2
-274299.2
-274299.2
-274299.2
-274299.2
-274299.2
-272808.4
-272808.4
-274299.2
-272808.4
-274299.2
-272808.4
-272808.4
-274299.2
-274299.2
-272808.4
-272808.4
-272808.4
-272808.4
-274299.2
-272808.4
-272808.4
-272808.4
-272808.4
-272808.4
-272808.4
-272808.4
-272808.4
-272808.4
-272808.4
-272808.4
-272808.4
-272808.4
-272808.4
-272808.4
-272808.4
-272808.4
-272808.4
-272808.4
-272808.4
-272808.4
-272808.4
-272808.4
-272808.4
-272808.4
-272808.4
-272808.4
-272808.4
-272808.4
-272808.4
-272808.4
-272808.4
-272808.4
-272808.4
-272808.4
-272808.4
-272808.4
-272808.4
-271317.7
-272808.4
-272808.4
-271317.7
-272808.4
-271317.7
-272808.4
-272808.4
-271317.7
-271317.7
-272808.4
-271317.7
-271317.7
-271317.7
-271317.7
-271317.7
-271317.7
-271317.7
-271317.7
-271317.7
-271317.7
-271317.7
-271317.7
-271317.7
-271317.7
-271317.7
-271317.7
-271317.7
-271317.7
-271317.7
-271317.7
-271317.7
-271317.7
-271317.7
-271317.7
-271317.7
-271317.7
-271317.7
-271317.7
-271317.7
-271317.7
-271317.7
-271317.7
-271317.7
-271317.7
-271317.7
-271317.7
-271317.7
-271317.7
-271317.7
-271317.7
-271317.7
-271317.7
-271317.7
-269826.9
-271317.7
-271317.7
-271317.7
-271317.7
-271317.7
-269826.9
-271317.7
-271317.7
-269826.9
-271317.7
-269826.9
-269826.9
-269826.9
-269826.9
-269826.9
-269826.9
-269826.9
-269826.9
-269826.9
-269826.9
-269826.9
-269826.9
-269826.9
-269826.9
-269826.9
-269826.9
-269826.9
-269826.9
-269826.9
-269826.9
-269826.9
-269826.9
-269826.9
-269826.9
-269826.9
-269826.9
-269826.9
-269826.9
-269826.9
-269826.9
-269826.9
-269826.9
-269826.9
-269826.9
-269826.9
-268336.2
-269826.9
-269826.9
-269826.9
-269826.9
-269826.9
-269826.9
-269826.9
-269826.9
-268336.2
-269826.9
-268336.2
-268336.2
-269826.9
-268336.2
-269826.9
-268336.2
-268336.2
-268336.2
-268336.2
-268336.2
-268336.2
-268336.2
-268336.2
-268336.2
-268336.2
-268336.2
-268336.2
-268336.2
-268336.2
-268336.2
-268336.2
-268336.2
-268336.2
-268336.2
-268336.2
-268336.2
-268336.2
-268336.2
-268336.2
-268336.2
-268336.2
-268336.2
-268336.2
-268336.2
-268336.2
-268336.2
-268336.2
-268336.2
-268336.2
-268336.2
-268336.2
-268336.2
-268336.2
-268336.2
-268336.2
-268336.2
-268336.2
-268336.2
-266845.4
-268336.2
-268336.2
-268336.2
-268336.2
-266845.4
-266845.4
-268336.2
-266845.4
-266845.4
-266845.4
-266845.4
-266845.4
-268336.2
-266845.4
-266845.4
-268336.2
-266845.4
-266845.4
-266845.4
-266845.4
-266845.4
-266845.4
-266845.4
-266845.4
-266845.4
-266845.4
-266845.4
-266845.4
-266845.4
-266845.4
-266845.4
-266845.4
-266845.4
-266845.4
-266845.4
-266845.4
-266845.4
-266845.4
-266845.4
-266845.4
-266845.4
-266845.4
-266845.4
-266845.4
-266845.4
-266845.4
-266845.4
-266845.4
-266845.4
-266845.4
-266845.4
-266845.4
-266845.4
-266845.4
-266845.4
-266845.4
-266845.4
-266845.4
-266845.4
-266845.4
-266845.4
-266845.4
-266845.4
-266845.4
-266845.4
-266845.4
-266845.4
-266845.4
-266845.4
-266845.4
-266845.4
-266845.4
-266845.4
-266845.4
-266845.4
-266845.4
-266845.4
-265354.6
-265354.6
-265354.6
-265354.6
-265354.6
-266845.4
-265354.6
-265354.6
-265354.6
-266845.4
-265354.6
-265354.6
-265354.6
-265354.6
-265354.6
-265354.6
-265354.6
-265354.6
-265354.6
-265354.6
-265354.6
-265354.6
-265354.6
-265354.6
-265354.6
-265354.6
-265354.6
-265354.6
-265354.6
-265354.6
-265354.6
-265354.6
-265354.6
-265354.6
-265354.6
-265354.6
-265354.6
-265354.6
-265354.6
-265354.6
-265354.6
-265354.6
-263863.9
-263863.9
-263863.9
-263863.9
-263863.9
-263863.9
-263863.9
-263863.9
-263863.9
-263863.9
-263863.9
-263863.9
-263863.9
-263863.9
-263863.9
-263863.9
-263863.9
-263863.9
-263863.9
-263863.9
-263863.9
-263863.9
-263863.9
-263863.9
-263863.9
-263863.9
-263863.9
-263863.9
-263863.9
-263863.9
-263863.9
-263863.9
-263863.9
-263863.9
-263863.9
-263863.9
-263863.9
-263863.9
-263863.9
-263863.9
-263863.9
-263863.9
-263863.9
-263863.9
-263863.9
-263863.9
-263863.9
-262373.1
-263863.9
-263863.9
-263863.9
-263863.9
-262373.1
-262373.1
-263863.9
-263863.9
-263863.9
-262373.1
-262373.1
-262373.1
-262373.1
-262373.1
-262373.1
-262373.1
-262373.1
-262373.1
-262373.1
-262373.1
-262373.1
-262373.1
-262373.1
-262373.1
-262373.1
-262373.1
-262373.1
-262373.1
-262373.1
-262373.1
-262373.1
-262373.1
-262373.1
-262373.1
-262373.1
-262373.1
-262373.1
-262373.1
-262373.1
-262373.1
-262373.1
-262373.1
-262373.1
-262373.1
-262373.1
-260882.4
-262373.1
-262373.1
-262373.1
-260882.4
-262373.1
-262373.1
-262373.1
-262373.1
-262373.1
-262373.1
-262373.1
-260882.4
-262373.1
-262373.1
-260882.4
-262373.1
-262373.1
-262373.1
-262373.1
-260882.4
-260882.4
-260882.4
-260882.4
-260882.4
-260882.4
-260882.4
-260882.4
-260882.4
-260882.4
-260882.4
-260882.4
-260882.4
-260882.4
-260882.4
-260882.4
-260882.4
-260882.4
-260882.4
-260882.4
-260882.4
-260882.4
-260882.4
-260882.4
-260882.4
-260882.4
-260882.4
-260882.4
-260882.4
-260882.4
-260882.4
-260882.4
-260882.4
-260882.4
-260882.4
-260882.4
-260882.4
-260882.4
-260882.4
-260882.4
-260882.4
-260882.4
-260882.4
-260882.4
-259391.6
-259391.6
-260882.4
-259391.6
-259391.6
-259391.6
-260882.4
-260882.4
-259391.6
-259391.6
-260882.4
-260882.4
-259391.6
-259391.6
-259391.6
-259391.6
-259391.6
-259391.6
-259391.6
-259391.6
-259391.6
-259391.6
-259391.6
-259391.6
-259391.6
-259391.6
-259391.6
-257900.9
-257900.9
-257900.9
-259391.6
-259391.6
-257900.9
-257900.9
-257900.9
-259391.6
-259391.6
-257900.9
-257900.9
-257900.9
-259391.6
-257900.9
-259391.6
-257900.9
-257900.9
-257900.9
-257900.9
-257900.9
-257900.9
-257900.9
-257900.9
-257900.9
-257900.9
-257900.9
-257900.9
-257900.9
-257900.9
-257900.9
-257900.9
-257900.9
-257900.9
-257900.9
-257900.9
-257900.9
-257900.9
-257900.9
-257900.9
-257900.9
-257900.9
-257900.9
-257900.9
-257900.9
-257900.9
-257900.9
-257900.9
-257900.9
-257900.9
-257900.9
-257900.9
-257900.9
-257900.9
-257900.9
-257900.9
-257900.9
-256410.1
-257900.9
-257900.9
-257900.9
-256410.1
-256410.1
-256410.1
-256410.1
-257900.9
-257900.9
-257900.9
-256410.1
-256410.1
-256410.1
-256410.1
-256410.1
-256410.1
-256410.1
-256410.1
-256410.1
-256410.1
-256410.1
-256410.1
-256410.1
-256410.1
-256410.1
-256410.1
-256410.1
-256410.1
-256410.1
-256410.1
-256410.1
-256410.1
-256410.1
-256410.1
-256410.1
-256410.1
-256410.1
-256410.1
-256410.1
-256410.1
-256410.1
-256410.1
-256410.1
-256410.1
-256410.1
-256410.1
-256410.1
-254919.3
-256410.1
-256410.1
-256410.1
-256410.1
-256410.1
-256410.1
-256410.1
-256410.1
-256410.1
-256410.1
-254919.3
-254919.3
-256410.1
-254919.3
-254919.3
-254919.3
-254919.3
-256410.1
-254919.3
-256410.1
-254919.3
-256410.1
-254919.3
-254919.3
-254919.3
-254919.3
-254919.3
-254919.3
-254919.3
-254919.3
-254919.3
-254919.3
-254919.3
-254919.3
-254919.3
-254919.3
-254919.3
-254919.3
-254919.3
-254919.3
-254919.3
-254919.3
-254919.3
-254919.3
-254919.3
-254919.3
-254919.3
-254919.3
-254919.3
-254919.3
-253428.6
-254919.3
-253428.6
-253428.6
-254919.3
-253428.6
-254919.3
-253428.6
-253428.6
-253428.6
-253428.6
-253428.6
-253428.6
-253428.6
-253428.6
-253428.6
-253428.6
-253428.6
-253428.6
-254919.3
-253428.6
-253428.6
-253428.6
-253428.6
-253428.6
-253428.6
-253428.6
-253428.6
-253428.6
-253428.6
-253428.6
-253428.6
-253428.6
-253428.6
-253428.6
-253428.6
-253428.6
-253428.6
-253428.6
-253428.6
-253428.6
-253428.6
-253428.6
-253428.6
-253428.6
-253428.6
-253428.6
-253428.6
-253428.6
-253428.6
-253428.6
-253428.6
-253428.6
-253428.6
-253428.6
-253428.6
-253428.6
-253428.6
-253428.6
-253428.6
-253428.6
-253428.6
-253428.6
-253428.6
-251937.8
-253428.6
-253428.6
-253428.6
-253428.6
-253428.6
-253428.6
-253428.6
-253428.6
-251937.8
-253428.6
-253428.6
-253428.6
-251937.8
-253428.6
-251937.8
-251937.8
-251937.8
-251937.8
-251937.8
-251937.8
-251937.8
-251937.8
-253428.6
-251937.8
-251937.8
-251937.8
-251937.8
-251937.8
-251937.8
-251937.8
-251937.8
-251937.8
-251937.8
-251937.8
-251937.8
-251937.8
-251937.8
-251937.8
-251937.8
-251937.8
-251937.8
-251937.8
-251937.8
-251937.8
-251937.8
-251937.8
-251937.8
-251937.8
-251937.8
-251937.8
-251937.8
-251937.8
-251937.8
-251937.8
-251937.8
-251937.8
-251937.8
-251937.8
-251937.8
-251937.8
-251937.8
-251937.8
-251937.8
-251937.8
-251937.8
-251937.8
-251937.8
-251937.8
-251937.8
-251937.8
-251937.8
-251937.8
-251937.8
-251937.8
-251937.8
-251937.8
-251937.8
-251937.8
-251937.8
-250447.1
-250447.1
-250447.1
-250447.1
-250447.1
-250447.1
-250447.1
-250447.1
-250447.1
-250447.1
-250447.1
-250447.1
-250447.1
-250447.1
-250447.1
-250447.1
-250447.1
-250447.1
-250447.1
-250447.1
-250447.1
-250447.1
-250447.1
-250447.1
-250447.1
-250447.1
-250447.1
-250447.1
-250447.1
-250447.1
-250447.1
-250447.1
-250447.1
-250447.1
-250447.1
-250447.1
-248956.3
-250447.1
-250447.1
-250447.1
-250447.1
-248956.3
-250447.1
-250447.1
-250447.1
-248956.3
-248956.3
-248956.3
-248956.3
-248956.3
-248956.3
-248956.3
-248956.3
-248956.3
-248956.3
-248956.3
-248956.3
-248956.3
-248956.3
-248956.3
-248956.3
-248956.3
-248956.3
-248956.3
-248956.3
-248956.3
-248956.3
-248956.3
-248956.3
-248956.3
-248956.3
-248956.3
-248956.3
-248956.3
-248956.3
-248956.3
-248956.3
-248956.3
-248956.3
-248956.3
-248956.3
-248956.3
-248956.3
-248956.3
-248956.3
-248956.3
-248956.3
-248956.3
-248956.3
-248956.3
-248956.3
-248956.3
-248956.3
-248956.3
-248956.3
-248956.3
-248956.3
-248956.3
-248956.3
-248956.3
-248956.3
-247465.6
-248956.3
-247465.6
-247465.6
-248956.3
-248956.3
-248956.3
-247465.6
-247465.6
-247465.6
-247465.6
-247465.6
-247465.6
-247465.6
-247465.6
-247465.6
-247465.6
-247465.6
-247465.6
-247465.6
-247465.6
-247465.6
-247465.6
-247465.6
-247465.6
-247465.6
-247465.6
-247465.6
-247465.6
-247465.6
-247465.6
-247465.6
-247465.6
-247465.6
-247465.6
-247465.6
-247465.6
-247465.6
-247465.6
-247465.6
-247465.6
-247465.6
-247465.6
-247465.6
-247465.6
-247465.6
-247465.6
-247465.6
-247465.6
-247465.6
-247465.6
-247465.6
-247465.6
-247465.6
-247465.6
-247465.6
-247465.6
-247465.6
-247465.6
-247465.6
-247465.6
-247465.6
-247465.6
-247465.6
-245974.8
-245974.8
-247465.6
-245974.8
-245974.8
-245974.8
-245974.8
-245974.8
-245974.8
-245974.8
-245974.8
-245974.8
-245974.8
-245974.8
-245974.8
-245974.8
-245974.8
-245974.8
-245974.8
-245974.8
-245974.8
-245974.8
-245974.8
-245974.8
-245974.8
-245974.8
-245974.8
-245974.8
-245974.8
-245974.8
-245974.8
-244484.0
-245974.8
-244484.0
-245974.8
-244484.0
-245974.8
-244484.0
-245974.8
-244484.0
-244484.0
-244484.0
-244484.0
-244484.0
-244484.0
-244484.0
-244484.0
-244484.0
-244484.0
-244484.0
-244484.0
-244484.0
-244484.0
-244484.0
-244484.0
-244484.0
-244484.0
-244484.0
-244484.0
-244484.0
-244484.0
-244484.0
-244484.0
-244484.0
-244484.0
-244484.0
-244484.0
-244484.0
-244484.0
-244484.0
-244484.0
-244484.0
-244484.0
-244484.0
-244484.0
-244484.0
-244484.0
-244484.0
-244484.0
-244484.0
-244484.0
-244484.0
-244484.0
-244484.0
-244484.0
-244484.0
-244484.0
-244484.0
-244484.0
-242993.3
-242993.3
-242993.3
-244484.0
-242993.3
-244484.0
-242993.3
-242993.3
-244484.0
-242993.3
-242993.3
-242993.3
-242993.3
-244484.0
-242993.3
-242993.3
-242993.3
-242993.3
-242993.3
-242993.3
-242993.3
-242993.3
-242993.3
-242993.3
-242993.3
-242993.3
-242993.3
-242993.3
-242993.3
-242993.3
-242993.3
-242993.3
-242993.3
-242993.3
-242993.3
-242993.3
-242993.3
-242993.3
-242993.3
-242993.3
-242993.3
-242993.3
-242993.3
-242993.3
-242993.3
-242993.3
-242993.3
-242993.3
-242993.3
-242993.3
-242993.3
-242993.3
-242993.3
-242993.3
-242993.3
-242993.3
-242993.3
-242993.3
-242993.3
-242993.3
-242993.3
-242993.3
-242993.3
-241502.5
-242993.3
-242993.3
-241502.5
-242993.3
-242993.3
-241502.5
-241502.5
-241502.5
-241502.5
-241502.5
-241502.5
-241502.5
-241502.5
-241502.5
-241502.5
-241502.5
-242993.3
-241502.5
-241502.5
-241502.5
-241502.5
-241502.5
-241502.5
-241502.5
-240011.8
-241502.5
-241502.5
-241502.5
-241502.5
-241502.5
-241502.5
-241502.5
-241502.5
-240011.8
-240011.8
-241502.5
-241502.5
-241502.5
-241502.5
-240011.8
-241502.5
-240011.8
-240011.8
-240011.8
-240011.8
-240011.8
-240011.8
-240011.8
-240011.8
-240011.8
-240011.8
-240011.8
-240011.8
-240011.8
-240011.8
-240011.8
-240011.8
-240011.8
-240011.8
-240011.8
-240011.8
-240011.8
-240011.8
-240011.8
-240011.8
-240011.8
-240011.8
-240011.8
-240011.8
-240011.8
-240011.8
-240011.8
-240011.8
-240011.8
-240011.8
-240011.8
-240011.8
-240011.8
-240011.8
-240011.8
-240011.8
-240011.8
-240011.8
-240011.8
-240011.8
-240011.8
-240011.8
-240011.8
-240011.8
-240011.8
-240011.8
-240011.8
-240011.8
-240011.8
-240011.8
-240011.8
-240011.8
-240011.8
-240011.8
-240011.8
-240011.8
-240011.8
-238521.0
-240011.8
-240011.8
-238521.0
-238521.0
-240011.8
-240011.8
-240011.8
-238521.0
-238521.0
-238521.0
-238521.0
-238521.0
-240011.8
-238521.0
-238521.0
-240011.8
-238521.0
-238521.0
-238521.0
-238521.0
-238521.0
-238521.0
-238521.0
-240011.8
-238521.0
-238521.0
-238521.0
-238521.0
-238521.0
-238521.0
-238521.0
-238521.0
-238521.0
-238521.0
-238521.0
-238521.0
-238521.0
-238521.0
-238521.0
-238521.0
-238521.0
-238521.0
-238521.0
-238521.0
-238521.0
-238521.0
-238521.0
-238521.0
-237030.3
-238521.0
-238521.0
-238521.0
-238521.0
-238521.0
-238521.0
-238521.0
-238521.0
-238521.0
-238521.0
-237030.3
-238521.0
-238521.0
-238521.0
-237030.3
-237030.3
-237030.3
-238521.0
-237030.3
-238521.0
-237030.3
-238521.0
-237030.3
-237030.3
-237030.3
-237030.3
-237030.3
-237030.3
-237030.3
-237030.3
-237030.3
-237030.3
-237030.3
-237030.3
-237030.3
-237030.3
-237030.3
-237030.3
-237030.3
-237030.3
-237030.3
-237030.3
-237030.3
-237030.3
-235539.5
-237030.3
-237030.3
-237030.3
-237030.3
-237030.3
-237030.3
-237030.3
-237030.3
-237030.3
-237030.3
-235539.5
-235539.5
-235539.5
-235539.5
-237030.3
-237030.3
-235539.5
-237030.3
-235539.5
-237030.3
-235539.5
-235539.5
-235539.5
-235539.5
-235539.5
-235539.5
-235539.5
-235539.5
-235539.5
-235539.5
-237030.3
-235539.5
-235539.5
-235539.5
-235539.5
-235539.5
-235539.5
-235539.5
-235539.5
-235539.5
-235539.5
-235539.5
-235539.5
-235539.5
-235539.5
-235539.5
-235539.5
-235539.5
-235539.5
-235539.5
-235539.5
-235539.5
-235539.5
-235539.5
-235539.5
-235539.5
-235539.5
-235539.5
-235539.5
-235539.5
-235539.5
-235539.5
-235539.5
-235539.5
-235539.5
-235539.5
-235539.5
-235539.5
-235539.5
-235539.5
-235539.5
-235539.5
-235539.5
-235539.5
-235539.5
-235539.5
-235539.5
-235539.5
-235539.5
-235539.5
-235539.5
-235539.5
-235539.5
-235539.5
-235539.5
-235539.5
-235539.5
-235539.5
-234048.8
-235539.5
-235539.5
-234048.8
-234048.8
-235539.5
-234048.8
-234048.8
-234048.8
-234048.8
-234048.8
-234048.8
-234048.8
-234048.8
-234048.8
-234048.8
-234048.8
-234048.8
-234048.8
-234048.8
-234048.8
-234048.8
-234048.8
-234048.8
-234048.8
-234048.8
-234048.8
-234048.8
-234048.8
-234048.8
-234048.8
-234048.8
-234048.8
-234048.8
-234048.8
-234048.8
-234048.8
-234048.8
-234048.8
-234048.8
-234048.8
-234048.8
-234048.8
-234048.8
-234048.8
-234048.8
-234048.8
-234048.8
-234048.8
-234048.8
-234048.8
-234048.8
-234048.8
-234048.8
-234048.8
-234048.8
-234048.8
-232558.0
-232558.0
-232558.0
-234048.8
-232558.0
-232558.0
-232558.0
-232558.0
-234048.8
-232558.0
-232558.0
-232558.0
-232558.0
-232558.0
-232558.0
-232558.0
-232558.0
-232558.0
-232558.0
-232558.0
-232558.0
-232558.0
-232558.0
-232558.0
-232558.0
-232558.0
-232558.0
-232558.0
-232558.0
-232558.0
-232558.0
-232558.0
-232558.0
-232558.0
-232558.0
-232558.0
-232558.0
-231067.2
-232558.0
-232558.0
-232558.0
-231067.2
-231067.2
-232558.0
-232558.0
-231067.2
-231067.2
-231067.2
-231067.2
-231067.2
-232558.0
-231067.2
-231067.2
-231067.2
-231067.2
-232558.0
-231067.2
-231067.2
-231067.2
-231067.2
-231067.2
-231067.2
-231067.2
-231067.2
-231067.2
-231067.2
-231067.2
-231067.2
-231067.2
-231067.2
-231067.2
-231067.2
-231067.2
-231067.2
-231067.2
-231067.2
-231067.2
-231067.2
-231067.2
-231067.2
-231067.2
-231067.2
-231067.2
-231067.2
-231067.2
-231067.2
-231067.2
-231067.2
-231067.2
-231067.2
-231067.2
-231067.2
-231067.2
-231067.2
-231067.2
-231067.2
-231067.2
-231067.2
-231067.2
-231067.2
-231067.2
-231067.2
-231067.2
-231067.2
-231067.2
-231067.2
-231067.2
-231067.2
-231067.2
-231067.2
-231067.2
-231067.2
-231067.2
-229576.5
-231067.2
-231067.2
-229576.5
-231067.2
-229576.5
-229576.5
-231067.2
-229576.5
-231067.2
-229576.5
-229576.5
-229576.5
-229576.5
-231067.2
-229576.5
-229576.5
-229576.5
-229576.5
-229576.5
-229576.5
-229576.5
-229576.5
-229576.5
-229576.5
-229576.5
-229576.5
-229576.5
-229576.5
-229576.5
-229576.5
-229576.5
-229576.5
-229576.5
-229576.5
-229576.5
-229576.5
-229576.5
-229576.5
-229576.5
-229576.5
-229576.5
-229576.5
-229576.5
-229576.5
-229576.5
-229576.5
-229576.5
-229576.5
-229576.5
-229576.5
-229576.5
-229576.5
-229576.5
-229576.5
-229576.5
-229576.5
-229576.5
-229576.5
-229576.5
-229576.5
-229576.5
-229576.5
-229576.5
-229576.5
-229576.5
-228085.7
-229576.5
-229576.5
-229576.5
-228085.7
-229576.5
-228085.7
-229576.5
-229576.5
-228085.7
-229576.5
-229576.5
-228085.7
-228085.7
-228085.7
-228085.7
-229576.5
-229576.5
-229576.5
-228085.7
-228085.7
-228085.7
-228085.7
-228085.7
-228085.7
-228085.7
-228085.7
-228085.7
-228085.7
-228085.7
-228085.7
-228085.7
-228085.7
-228085.7
-228085.7
-228085.7
-228085.7
-228085.7
-228085.7
-228085.7
-228085.7
-228085.7
-228085.7
-228085.7
-228085.7
-228085.7
-228085.7
-226595.0
-226595.0
-228085.7
-228085.7
-226595.0
-228085.7
-226595.0
-226595.0
-226595.0
-226595.0
-226595.0
-226595.0
-226595.0
-226595.0
-226595.0
-226595.0
-226595.0
-226595.0
-226595.0
-226595.0
-226595.0
-226595.0
-226595.0
-226595.0
-226595.0
-226595.0
-226595.0
-226595.0
-226595.0
-226595.0
-226595.0
-226595.0
-226595.0
-226595.0
-226595.0
-226595.0
-226595.0
-226595.0
-226595.0
-226595.0
-226595.0
-226595.0
-226595.0
-226595.0
-226595.0
-226595.0
-226595.0
-226595.0
-226595.0
-226595.0
-226595.0
-226595.0
-226595.0
-226595.0
-226595.0
-226595.0
-226595.0
-226595.0
-226595.0
-226595.0
-226595.0
-226595.0
-226595.0
-226595.0
-226595.0
-226595.0
-226595.0
-226595.0
-226595.0
-226595.0
-226595.0
-226595.0
-226595.0
-226595.0
-225104.2
-225104.2
-225104.2
-225104.2
-226595.0
-225104.2
-225104.2
-225104.2
-225104.2
-226595.0
-225104.2
-225104.2
-225104.2
-225104.2
-225104.2
-225104.2
-225104.2
-225104.2
-225104.2
-225104.2
-225104.2
-225104.2
-225104.2
-225104.2
-225104.2
-225104.2
-225104.2
-225104.2
-225104.2
-225104.2
-225104.2
-225104.2
-225104.2
-225104.2
-225104.2
-225104.2
-225104.2
-225104.2
-225104.2
-225104.2
-225104.2
-225104.2
-225104.2
-225104.2
-225104.2
-225104.2
-225104.2
-225104.2
-225104.2
-225104.2
-225104.2
-225104.2
-225104.2
-225104.2
-225104.2
-225104.2
-225104.2
-225104.2
-225104.2
-225104.2
-225104.2
-225104.2
-223613.5
-225104.2
-225104.2
-223613.5
-223613.5
-225104.2
-223613.5
-225104.2
-223613.5
-225104.2
-223613.5
-223613.5
-223613.5
-225104.2
-223613.5
-223613.5
-223613.5
-223613.5
-223613.5
-223613.5
-223613.5
-223613.5
-223613.5
-223613.5
-223613.5
-223613.5
-223613.5
-223613.5
-223613.5
-223613.5
-223613.5
-222122.7
-223613.5
-223613.5
-223613.5
-223613.5
-223613.5
-223613.5
-222122.7
-222122.7
-223613.5
-222122.7
-222122.7
-222122.7
-222122.7
-222122.7
-222122.7
-222122.7
-222122.7
-222122.7
-222122.7
-222122.7
-222122.7
-222122.7
-222122.7
-222122.7
-222122.7
-222122.7
-222122.7
-222122.7
-222122.7
-222122.7
-222122.7
-222122.7
-222122.7
-222122.7
-222122.7
-222122.7
-222122.7
-222122.7
-222122.7
-222122.7
-222122.7
-222122.7
-222122.7
-222122.7
-222122.7
-222122.7
-222122.7
-222122.7
-222122.7
-222122.7
-222122.7
-222122.7
-222122.7
-222122.7
-222122.7
-222122.7
-222122.7
-222122.7
-222122.7
-222122.7
-222122.7
-222122.7
-222122.7
-222122.7
-222122.7
-222122.7
-222122.7
-222122.7
-222122.7
-222122.7
-222122.7
-220631.9
-220631.9
-222122.7
-222122.7
-220631.9
-222122.7
-222122.7
-220631.9
-220631.9
-220631.9
-222122.7
-220631.9
-220631.9
-220631.9
-222122.7
-220631.9
-220631.9
-220631.9
-220631.9
-220631.9
-220631.9
-220631.9
-220631.9
-220631.9
-220631.9
-220631.9
-220631.9
-220631.9
-220631.9
-220631.9
-220631.9
-220631.9
-220631.9
-220631.9
-220631.9
-220631.9
-220631.9
-220631.9
-220631.9
-220631.9
-220631.9
-220631.9
-220631.9
-220631.9
-220631.9
-220631.9
-220631.9
-220631.9
-220631.9
-220631.9
-220631.9
-220631.9
-220631.9
-220631.9
-220631.9
-220631.9
-220631.9
-220631.9
-219141.2
-220631.9
-220631.9
-220631.9
-219141.2
-220631.9
-219141.2
-219141.2
-219141.2
-219141.2
-219141.2
-220631.9
-219141.2
-219141.2
-219141.2
-219141.2
-219141.2
-219141.2
-219141.2
-219141.2
-219141.2
-219141.2
-219141.2
-219141.2
-219141.2
-219141.2
-219141.2
-219141.2
-219141.2
-219141.2
-219141.2
-219141.2
-219141.2
-219141.2
-219141.2
-219141.2
-219141.2
-219141.2
-219141.2
-219141.2
-219141.2
-219141.2
-219141.2
-219141.2
-219141.2
-219141.2
-219141.2
-219141.2
-217650.4
-219141.2
-219141.2
-219141.2
-219141.2
-217650.4
-217650.4
-219141.2
-217650.4
-217650.4
-217650.4
-217650.4
-217650.4
-217650.4
-217650.4
-217650.4
-217650.4
-217650.4
-217650.4
-217650.4
-217650.4
-217650.4
-217650.4
-217650.4
-217650.4
-217650.4
-217650.4
-217650.4
-217650.4
-217650.4
-217650.4
-217650.4
-217650.4
-217650.4
-217650.4
-217650.4
-217650.4
-217650.4
-217650.4
-217650.4
-217650.4
-217650.4
-217650.4
-217650.4
-217650.4
-217650.4
-217650.4
-217650.4
-217650.4
-217650.4
-217650.4
-217650.4
-217650.4
-217650.4
-217650.4
-217650.4
-217650.4
-217650.4
-217650.4
-217650.4
-217650.4
-217650.4
-217650.4
-217650.4
-217650.4
-217650.4
-217650.4
-217650.4
-217650.4
-217650.4
-217650.4
-217650.4
-217650.4
-216159.7
-217650.4
-217650.4
-217650.4
-216159.7
-217650.4
-217650.4
-217650.4
-217650.4
-217650.4
-216159.7
-217650.4
-216159.7
-216159.7
-217650.4
-216159.7
-216159.7
-217650.4
-216159.7
-216159.7
-216159.7
-216159.7
-216159.7
-216159.7
-216159.7
-216159.7
-216159.7
-217650.4
-216159.7
-216159.7
-216159.7
-216159.7
-216159.7
-216159.7
-216159.7
-216159.7
-216159.7
-216159.7
-216159.7
-216159.7
-216159.7
-216159.7
-216159.7
-216159.7
-216159.7
-216159.7
-216159.7
-216159.7
-216159.7
-216159.7
-216159.7
-216159.7
-216159.7
-216159.7
-216159.7
-216159.7
-216159.7
-216159.7
-216159.7
-216159.7
-216159.7
-216159.7
-216159.7
-216159.7
-216159.7
-216159.7
-216159.7
-216159.7
-216159.7
-216159.7
-216159.7
-216159.7
-216159.7
-216159.7
-216159.7
-216159.7
-216159.7
-216159.7
-216159.7
-216159.7
-214668.9
-216159.7
-216159.7
-216159.7
-216159.7
-216159.7
-216159.7
-214668.9
-214668.9
-216159.7
-214668.9
-216159.7
-216159.7
-216159.7
-214668.9
-214668.9
-214668.9
-214668.9
-214668.9
-214668.9
-214668.9
-214668.9
-214668.9
-214668.9
-214668.9
-214668.9
-214668.9
-216159.7
-214668.9
-214668.9
-214668.9
-214668.9
-214668.9
-214668.9
-214668.9
-214668.9
-214668.9
-214668.9
-214668.9
-214668.9
-214668.9
-214668.9
-214668.9
-214668.9
-214668.9
-214668.9
-214668.9
-214668.9
-214668.9
-214668.9
-213178.2
-214668.9
-213178.2
-213178.2
-214668.9
-214668.9
-214668.9
-214668.9
-214668.9
-214668.9
-213178.2
-214668.9
-213178.2
-214668.9
-213178.2
-213178.2
-214668.9
-213178.2
-213178.2
-213178.2
-213178.2
-213178.2
-213178.2
-213178.2
-213178.2
-213178.2
-213178.2
-213178.2
-213178.2
-213178.2
-213178.2
-213178.2
-213178.2
-213178.2
-213178.2
-213178.2
-213178.2
-213178.2
-213178.2
-213178.2
-213178.2
-213178.2
-213178.2
-213178.2
-213178.2
-213178.2
-213178.2
-213178.2
-213178.2
-213178.2
-213178.2
-213178.2
-213178.2
-213178.2
-213178.2
-213178.2
-213178.2
-213178.2
-213178.2
-213178.2
-213178.2
-213178.2
-213178.2
-213178.2
-213178.2
-213178.2
-213178.2
-213178.2
-213178.2
-213178.2
-213178.2
-213178.2
-213178.2
-213178.2
-213178.2
-213178.2
-213178.2
-213178.2
-213178.2
-211687.4
-211687.4
-213178.2
-213178.2
-213178.2
-213178.2
-213178.2
-211687.4
-213178.2
-211687.4
-213178.2
-211687.4
-211687.4
-213178.2
-211687.4
-211687.4
-213178.2
-211687.4
-213178.2
-211687.4
-211687.4
-211687.4
-211687.4
-211687.4
-211687.4
-211687.4
-213178.2
-211687.4
-211687.4
-211687.4
-211687.4
-211687.4
-211687.4
-211687.4
-211687.4
-211687.4
-211687.4
-211687.4
-211687.4
-211687.4
-211687.4
-211687.4
-211687.4
-211687.4
-211687.4
-211687.4
-211687.4
-211687.4
-211687.4
-211687.4
-211687.4
-211687.4
-211687.4
-211687.4
-211687.4
-211687.4
-211687.4
-211687.4
-211687.4
-211687.4
-211687.4
-211687.4
-211687.4
-211687.4
-211687.4
-211687.4
-211687.4
-211687.4
-211687.4
-211687.4
-211687.4
-211687.4
-211687.4
-211687.4
-211687.4
-211687.4
-210196.7
-211687.4
-211687.4
-210196.7
-211687.4
-211687.4
-211687.4
-210196.7
-210196.7
-211687.4
-210196.7
-211687.4
-210196.7
-210196.7
-210196.7
-210196.7
-210196.7
-210196.7
-210196.7
-210196.7
-210196.7
-210196.7
-210196.7
-210196.7
-210196.7
-210196.7
-210196.7
-210196.7
-210196.7
-210196.7
-210196.7
-210196.7
-210196.7
-210196.7
-210196.7
-208705.9
-210196.7
-210196.7
-210196.7
-210196.7
-210196.7
-210196.7
-210196.7
-210196.7
-210196.7
-208705.9
-208705.9
-208705.9
-208705.9
-208705.9
-208705.9
-208705.9
-210196.7
-208705.9
-208705.9
-208705.9
-208705.9
-208705.9
-208705.9
-208705.9
-208705.9
-208705.9
-208705.9
-208705.9
-208705.9
-208705.9
-208705.9
-208705.9
-208705.9
-208705.9
-208705.9
-208705.9
-208705.9
-208705.9
-208705.9
-208705.9
-208705.9
-208705.9
-208705.9
-208705.9
-208705.9
-208705.9
-208705.9
-208705.9
-208705.9
-208705.9
-208705.9
-208705.9
-208705.9
-208705.9
-208705.9
-208705.9
-208705.9
-208705.9
-208705.9
-208705.9
-208705.9
-208705.9
-208705.9
-208705.9
-208705.9
-208705.9
-208705.9
-208705.9
-208705.9
-208705.9
-208705.9
-208705.9
-208705.9
-208705.9
-208705.9
-208705.9
-208705.9
-207215.1
-207215.1
-208705.9
-208705.9
-207215.1
-207215.1
-207215.1
-207215.1
-207215.1
-207215.1
-207215.1
-208705.9
-207215.1
-207215.1
-207215.1
-207215.1
-207215.1
-207215.1
-207215.1
-207215.1
-207215.1
-207215.1
-207215.1
-207215.1
-207215.1
-207215.1
-207215.1
-207215.1
-207215.1
-207215.1
-207215.1
-207215.1
-207215.1
-207215.1
-207215.1
-207215.1
-207215.1
-207215.1
-207215.1
-207215.1
-207215.1
-207215.1
-207215.1
-207215.1
-207215.1
-207215.1
-207215.1
-207215.1
-207215.1
-207215.1
-207215.1
-207215.1
-207215.1
-207215.1
-207215.1
-207215.1
-207215.1
-207215.1
-207215.1
-207215.1
-207215.1
-207215.1
-207215.1
-207215.1
-207215.1
-207215.1
-205724.4
-207215.1
-207215.1
-207215.1
-205724.4
-205724.4
-205724.4
-205724.4
-205724.4
-205724.4
-205724.4
-207215.1
-205724.4
-205724.4
-205724.4
-205724.4
-205724.4
-205724.4
-205724.4
-205724.4
-205724.4
-205724.4
-205724.4
-205724.4
-205724.4
-205724.4
-205724.4
-205724.4
-205724.4
-205724.4
-205724.4
-205724.4
-205724.4
-205724.4
-205724.4
-205724.4
-204233.6
-205724.4
-205724.4
-205724.4
-204233.6
-205724.4
-204233.6
-205724.4
-205724.4
-204233.6
-204233.6
-205724.4
-204233.6
-205724.4
-204233.6
-204233.6
-204233.6
-205724.4
-204233.6
-204233.6
-204233.6
-204233.6
-204233.6
-204233.6
-204233.6
-204233.6
-204233.6
-204233.6
-204233.6
-204233.6
-204233.6
-204233.6
-204233.6
-204233.6
-204233.6
-204233.6
-204233.6
-204233.6
-204233.6
-204233.6
-204233.6
-204233.6
-204233.6
-204233.6
-204233.6
-204233.6
-204233.6
-204233.6
-204233.6
-204233.6
-204233.6
-204233.6
-204233.6
-204233.6
-204233.6
-204233.6
-204233.6
-204233.6
-204233.6
-204233.6
-204233.6
-204233.6
-204233.6
-204233.6
-204233.6
-204233.6
-204233.6
-204233.6
-204233.6
-204233.6
-204233.6
-204233.6
-204233.6
-204233.6
-204233.6
-204233.6
-202742.9
-204233.6
-204233.6
-204233.6
-204233.6
-204233.6
-204233.6
-204233.6
-204233.6
-202742.9
-202742.9
-204233.6
-202742.9
-202742.9
-202742.9
-202742.9
-202742.9
-202742.9
-202742.9
-202742.9
-202742.9
-202742.9
-202742.9
-202742.9
-202742.9
-204233.6
-202742.9
-204233.6
-202742.9
-202742.9
-202742.9
-204233.6
-202742.9
-202742.9
-202742.9
-202742.9
-202742.9
-202742.9
-202742.9
-202742.9
-202742.9
-202742.9
-202742.9
-202742.9
-202742.9
-202742.9
-202742.9
-202742.9
-202742.9
-202742.9
-202742.9
-202742.9
-202742.9
-202742.9
-202742.9
-202742.9
-202742.9
-202742.9
-202742.9
-202742.9
-202742.9
-202742.9
-202742.9
-202742.9
-202742.9
-202742.9
-202742.9
-202742.9
-202742.9
-202742.9
-202742.9
-202742.9
-202742.9
-202742.9
-202742.9
-202742.9
-202742.9
-201252.1
-201252.1
-202742.9
-202742.9
-201252.1
-201252.1
-202742.9
-201252.1
-201252.1
-201252.1
-202742.9
-201252.1
-201252.1
-202742.9
-202742.9
-201252.1
-201252.1
-201252.1
-201252.1
-201252.1
-201252.1
-201252.1
-201252.1
-201252.1
-201252.1
-201252.1
-201252.1
-201252.1
-201252.1
-201252.1
-201252.1
-201252.1
-201252.1
-201252.1
-201252.1
-201252.1
-201252.1
-201252.1
-201252.1
-201252.1
-201252.1
-201252.1
-201252.1
-201252.1
-201252.1
-199761.4
-201252.1
-201252.1
-201252.1
-201252.1
-201252.1
-199761.4
-201252.1
-201252.1
-201252.1
-199761.4
-199761.4
-201252.1
-201252.1
-201252.1
-199761.4
-201252.1
-199761.4
-199761.4
-199761.4
-199761.4
-199761.4
-199761.4
-199761.4
-199761.4
-199761.4
-199761.4
-199761.4
-199761.4
-199761.4
-199761.4
-199761.4
-199761.4
-199761.4
-199761.4
-199761.4
-199761.4
-199761.4
-199761.4
-199761.4
-199761.4
-199761.4
-199761.4
-199761.4
-199761.4
-199761.4
-199761.4
-199761.4
-199761.4
-199761.4
-199761.4
-199761.4
-199761.4
-199761.4
-199761.4
-199761.4
-199761.4
-199761.4
-199761.4
-199761.4
-199761.4
-199761.4
-199761.4
-199761.4
-199761.4
-199761.4
-199761.4
-199761.4
-199761.4
-199761.4
-199761.4
-199761.4
-199761.4
-199761.4
-199761.4
-199761.4
-199761.4
-199761.4
-199761.4
-199761.4
-199761.4
-199761.4
-198270.6
-198270.6
-199761.4
-199761.4
-198270.6
-199761.4
-199761.4
-198270.6
-199761.4
-199761.4
-198270.6
-198270.6
-198270.6
-198270.6
-198270.6
-199761.4
-199761.4
-198270.6
-198270.6
-198270.6
-198270.6
-199761.4
-198270.6
-199761.4
-198270.6
-198270.6
-198270.6
-198270.6
-198270.6
-198270.6
-198270.6
-198270.6
-198270.6
-198270.6
-198270.6
-198270.6
-198270.6
-198270.6
-198270.6
-198270.6
-198270.6
-198270.6
-198270.6
-198270.6
-198270.6
-198270.6
-198270.6
-198270.6
-198270.6
-198270.6
-198270.6
-198270.6
-198270.6
-198270.6
-198270.6
-198270.6
-198270.6
-198270.6
-198270.6
-198270.6
-198270.6
-198270.6
-198270.6
-198270.6
-198270.6
-198270.6
-198270.6
-198270.6
-198270.6
-198270.6
-198270.6
-198270.6
-198270.6
-198270.6
-198270.6
-198270.6
-198270.6
-198270.6
-198270.6
-198270.6
-198270.6
-198270.6
-198270.6
-196779.8
-196779.8
-198270.6
-196779.8
-196779.8
-198270.6
-198270.6
-196779.8
-196779.8
-196779.8
-196779.8
-196779.8
-198270.6
-196779.8
-196779.8
-196779.8
-196779.8
-196779.8
-196779.8
-196779.8
-196779.8
-196779.8
-196779.8
-196779.8
-196779.8
-196779.8
-196779.8
-196779.8
-196779.8
-196779.8
-196779.8
-196779.8
-196779.8
-196779.8
-196779.8
-196779.8
-196779.8
-196779.8
-196779.8
-196779.8
-196779.8
-196779.8
-196779.8
-196779.8
-196779.8
-196779.8
-196779.8
-196779.8
-196779.8
-196779.8
-196779.8
-196779.8
-196779.8
-196779.8
-196779.8
-196779.8
-196779.8
-196779.8
-196779.8
-196779.8
-196779.8
-196779.8
-196779.8
-196779.8
-196779.8
-196779.8
-196779.8
-196779.8
-196779.8
-196779.8
-196779.8
-196779.8
-196779.8
-196779.8
-196779.8
-196779.8
-196779.8
-196779.8
-196779.8
-196779.8
-195289.1
-196779.8
-196779.8
-196779.8
-196779.8
-196779.8
-196779.8
-196779.8
-196779.8
-196779.8
-196779.8
-196779.8
-196779.8
-196779.8
-196779.8
-195289.1
-196779.8
-196779.8
-195289.1
-196779.8
-195289.1
-195289.1
-195289.1
-195289.1
-196779.8
-196779.8
-195289.1
-195289.1
-195289.1
-195289.1
-195289.1
-195289.1
-196779.8
-195289.1
-195289.1
-195289.1
-195289.1
-195289.1
-195289.1
-195289.1
-195289.1
-195289.1
-195289.1
-195289.1
-195289.1
-195289.1
-195289.1
-195289.1
-195289.1
-195289.1
-195289.1
-195289.1
-195289.1
-195289.1
-195289.1
-195289.1
-193798.3
-195289.1
-195289.1
-193798.3
-195289.1
-193798.3
-195289.1
-193798.3
-195289.1
-193798.3
-193798.3
-195289.1
-193798.3
-195289.1
-193798.3
-195289.1
-193798.3
-193798.3
-195289.1
-193798.3
-195289.1
-193798.3
-193798.3
-193798.3
-193798.3
-193798.3
-193798.3
-193798.3
-193798.3
-193798.3
-193798.3
-193798.3
-193798.3
-193798.3
-193798.3
-193798.3
-193798.3
-193798.3
-193798.3
-193798.3
-193798.3
-193798.3
-193798.3
-193798.3
-193798.3
-193798.3
-193798.3
-193798.3
-193798.3
-193798.3
-193798.3
-193798.3
-193798.3
-193798.3
-193798.3
-193798.3
-193798.3
-193798.3
-193798.3
-193798.3
-193798.3
-193798.3
-193798.3
-193798.3
-193798.3
-193798.3
-193798.3
-193798.3
-193798.3
-193798.3
-193798.3
-193798.3
-193798.3
-193798.3
-193798.3
-193798.3
-193798.3
-193798.3
-193798.3
-193798.3
-193798.3
-193798.3
-193798.3
-193798.3
-193798.3
-193798.3
-193798.3
-193798.3
-193798.3
-192307.6
-192307.6
-192307.6
-193798.3
-192307.6
-193798.3
-192307.6
-192307.6
-192307.6
-192307.6
-192307.6
-193798.3
-192307.6
-192307.6
-192307.6
-192307.6
-192307.6
-192307.6
-192307.6
-192307.6
-192307.6
-192307.6
-192307.6
-192307.6
-192307.6
-192307.6
-192307.6
-192307.6
-192307.6
-192307.6
-192307.6
-192307.6
-192307.6
-192307.6
-192307.6
-192307.6
-192307.6
-192307.6
-192307.6
-192307.6
-192307.6
-192307.6
-192307.6
-192307.6
-192307.6
-192307.6
-192307.6
-192307.6
-192307.6
-192307.6
-192307.6
-192307.6
-192307.6
-192307.6
-192307.6
-192307.6
-192307.6
-192307.6
-192307.6
-192307.6
-192307.6
-192307.6
-192307.6
-192307.6
-192307.6
-192307.6
-190816.8
-192307.6
-192307.6
-192307.6
-190816.8
-192307.6
-192307.6
-192307.6
-190816.8
-192307.6
-190816.8
-192307.6
-192307.6
-192307.6
-192307.6
-190816.8
-192307.6
-192307.6
-190816.8
-190816.8
-192307.6
-190816.8
-190816.8
-190816.8
-190816.8
-190816.8
-190816.8
-190816.8
-190816.8
-190816.8
-190816.8
-190816.8
-190816.8
-190816.8
-190816.8
-190816.8
-190816.8
-190816.8
-190816.8
-190816.8
-190816.8
-190816.8
-190816.8
-190816.8
-190816.8
-190816.8
-190816.8
-190816.8
-190816.8
-190816.8
-190816.8
-190816.8
-189326.1
-190816.8
-190816.8
-190816.8
-189326.1
-190816.8
-190816.8
-190816.8
-190816.8
-189326.1
-190816.8
-190816.8
-190816.8
-190816.8
-190816.8
-189326.1
-189326.1
-190816.8
-189326.1
-190816.8
-189326.1
-189326.1
-189326.1
-189326.1
-189326.1
-189326.1
-189326.1
-190816.8
-189326.1
-189326.1
-189326.1
-189326.1
-189326.1
-189326.1
-189326.1
-189326.1
-189326.1
-189326.1
-189326.1
-189326.1
-189326.1
-189326.1
-189326.1
-189326.1
-189326.1
-189326.1
-189326.1
-189326.1
-189326.1
-189326.1
-189326.1
-189326.1
-189326.1
-189326.1
-189326.1
-189326.1
-189326.1
-189326.1
-189326.1
-189326.1
-189326.1
-189326.1
-189326.1
-189326.1
-189326.1
-189326.1
-189326.1
-189326.1
-189326.1
-189326.1
-189326.1
-189326.1
-189326.1
-189326.1
-189326.1
-189326.1
-189326.1
-189326.1
-189326.1
-189326.1
-189326.1
-187835.3
-189326.1
-187835.3
-189326.1
-189326.1
-187835.3
-187835.3
-189326.1
-189326.1
-187835.3
-187835.3
-187835.3
-187835.3
-189326.1
-187835.3
-187835.3
-189326.1
-187835.3
-187835.3
-187835.3
-189326.1
-187835.3
-187835.3
-187835.3
-187835.3
-187835.3
-187835.3
-187835.3
-187835.3
-187835.3
-187835.3
-187835.3
-187835.3
-187835.3
-187835.3
-187835.3
-187835.3
-187835.3
-187835.3
-187835.3
-187835.3
-187835.3
-187835.3
-187835.3
-187835.3
-187835.3
-187835.3
-187835.3
-187835.3
-187835.3
-187835.3
-187835.3
-187835.3
-187835.3
-187835.3
-187835.3
-187835.3
-187835.3
-187835.3
-187835.3
-187835.3
-187835.3
-187835.3
-187835.3
-187835.3
-187835.3
-187835.3
-187835.3
-187835.3
-186344.5
-186344.5
-187835.3
-187835.3
-186344.5
-187835.3
-186344.5
-187835.3
-186344.5
-186344.5
-186344.5
-186344.5
-186344.5
-186344.5
-186344.5
-186344.5
-187835.3
-186344.5
-186344.5
-186344.5
-186344.5
-186344.5
-186344.5
-186344.5
-186344.5
-186344.5
-186344.5
-186344.5
-186344.5
-186344.5
-186344.5
-186344.5
-186344.5
-186344.5
-186344.5
-186344.5
-186344.5
-186344.5
-186344.5
-186344.5
-186344.5
-186344.5
-186344.5
-186344.5
-186344.5
-186344.5
-186344.5
-186344.5
-186344.5
-186344.5
-186344.5
-186344.5
-186344.5
-186344.5
-186344.5
-186344.5
-186344.5
-186344.5
-186344.5
-186344.5
-186344.5
-186344.5
-186344.5
-186344.5
-186344.5
-186344.5
-184853.8
-186344.5
-184853.8
-186344.5
-184853.8
-186344.5
-186344.5
-184853.8
-184853.8
-186344.5
-184853.8
-184853.8
-186344.5
-184853.8
-184853.8
-184853.8
-184853.8
-184853.8
-184853.8
-184853.8
-184853.8
-184853.8
-184853.8
-184853.8
-184853.8
-184853.8
-184853.8
-184853.8
-184853.8
-184853.8
-184853.8
-184853.8
-184853.8
-184853.8
-184853.8
-184853.8
-184853.8
-184853.8
-184853.8
-184853.8
-184853.8
-184853.8
-184853.8
-184853.8
-184853.8
-184853.8
-184853.8
-184853.8
-184853.8
-184853.8
-184853.8
-184853.8
-184853.8
-184853.8
-183363.0
-184853.8
-184853.8
-184853.8
-184853.8
-184853.8
-184853.8
-184853.8
-184853.8
-184853.8
-184853.8
-184853.8
-183363.0
-183363.0
-183363.0
-184853.8
-183363.0
-183363.0
-183363.0
-184853.8
-183363.0
-183363.0
-183363.0
-184853.8
-183363.0
-183363.0
-183363.0
-183363.0
-183363.0
-183363.0
-183363.0
-183363.0
-183363.0
-183363.0
-183363.0
-183363.0
-183363.0
-183363.0
-183363.0
-183363.0
-183363.0
-183363.0
-183363.0
-183363.0
-183363.0
-183363.0
-183363.0
-183363.0
-183363.0
-183363.0
-183363.0
-183363.0
-183363.0
-183363.0
-183363.0
-183363.0
-183363.0
-183363.0
-183363.0
-183363.0
-183363.0
-183363.0
-183363.0
-183363.0
-183363.0
-183363.0
-183363.0
-183363.0
-183363.0
-183363.0
-183363.0
-183363.0
-183363.0
-183363.0
-183363.0
-183363.0
-183363.0
-183363.0
-183363.0
-183363.0
-183363.0
-183363.0
-183363.0
-183363.0
-183363.0
-183363.0
-183363.0
-183363.0
-183363.0
-183363.0
-183363.0
-183363.0
-183363.0
-183363.0
-183363.0
-183363.0
-183363.0
-183363.0
-183363.0
-183363.0
-183363.0
-183363.0
-181872.3
-183363.0
-183363.0
-183363.0
-183363.0
-183363.0
-181872.3
-183363.0
-183363.0
-183363.0
-183363.0
-183363.0
-181872.3
-181872.3
-181872.3
-183363.0
-181872.3
-183363.0
-181872.3
-181872.3
-181872.3
-181872.3
-181872.3
-181872.3
-181872.3
-181872.3
-181872.3
-181872.3
-181872.3
-181872.3
-181872.3
-181872.3
-181872.3
-181872.3
-181872.3
-181872.3
-181872.3
-181872.3
-181872.3
-181872.3
-181872.3
-181872.3
-181872.3
-181872.3
-181872.3
-181872.3
-181872.3
-181872.3
-181872.3
-181872.3
-181872.3
-181872.3
-181872.3
-181872.3
-181872.3
-181872.3
-181872.3
-181872.3
-181872.3
-180381.5
-180381.5
-181872.3
-180381.5
-180381.5
-181872.3
-181872.3
-181872.3
-181872.3
-180381.5
-181872.3
-181872.3
-181872.3
-181872.3
-180381.5
-180381.5
-180381.5
-180381.5
-180381.5
-181872.3
-181872.3
-180381.5
-180381.5
-181872.3
-180381.5
-180381.5
-180381.5
-180381.5
-180381.5
-180381.5
-180381.5
-180381.5
-180381.5
-180381.5
-180381.5
-180381.5
-180381.5
-180381.5
-180381.5
-180381.5
-180381.5
-180381.5
-180381.5
-180381.5
-180381.5
-180381.5
-180381.5
-180381.5
-180381.5
-180381.5
-180381.5
-180381.5
-180381.5
-180381.5
-180381.5
-180381.5
-180381.5
-180381.5
-180381.5
-180381.5
-180381.5
-180381.5
-180381.5
-180381.5
-180381.5
-180381.5
-180381.5
-180381.5
-180381.5
-180381.5
-180381.5
-180381.5
-180381.5
-180381.5
-180381.5
-178890.8
-180381.5
-180381.5
-180381.5
-180381.5
-180381.5
-180381.5
-178890.8
-180381.5
-180381.5
-178890.8
-180381.5
-180381.5
-180381.5
-180381.5
-180381.5
-178890.8
-180381.5
-180381.5
-178890.8
-180381.5
-180381.5
-180381.5
-178890.8
-180381.5
-180381.5
-178890.8
-180381.5
-180381.5
-178890.8
-178890.8
-180381.5
-178890.8
-178890.8
-178890.8
-178890.8
-178890.8
-178890.8
-180381.5
-178890.8
-178890.8
-178890.8
-178890.8
-178890.8
-178890.8
-178890.8
-178890.8
-178890.8
-178890.8
-178890.8
-178890.8
-178890.8
-178890.8
-178890.8
-178890.8
-178890.8
-178890.8
-178890.8
-178890.8
-178890.8
-178890.8
-178890.8
-178890.8
-178890.8
-178890.8
-178890.8
-178890.8
-178890.8
-178890.8
-178890.8
-178890.8
-178890.8
-178890.8
-178890.8
-178890.8
-178890.8
-178890.8
-178890.8
-178890.8
-178890.8
-178890.8
-178890.8
-178890.8
-178890.8
-178890.8
-178890.8
-178890.8
-178890.8
-178890.8
-178890.8
-178890.8
-178890.8
-178890.8
-178890.8
-178890.8
-178890.8
-178890.8
-178890.8
-178890.8
-178890.8
-178890.8
-178890.8
-178890.8
-178890.8
-178890.8
-178890.8
-178890.8
-178890.8
-177400.0
-178890.8
-178890.8
-178890.8
-178890.8
-178890.8
-178890.8
-178890.8
-177400.0
-177400.0
-178890.8
-178890.8
-177400.0
-178890.8
-178890.8
-178890.8
-178890.8
-177400.0
-178890.8
-177400.0
-177400.0
-178890.8
-177400.0
-177400.0
-177400.0
-177400.0
-177400.0
-177400.0
-177400.0
-177400.0
-177400.0
-178890.8
-177400.0
-177400.0
-177400.0
-177400.0
-177400.0
-177400.0
-177400.0
-177400.0
-177400.0
-177400.0
-177400.0
-177400.0
-177400.0
-177400.0
-177400.0
-177400.0
-177400.0
-177400.0
-177400.0
-177400.0
-175909.3
-177400.0
-177400.0
-175909.3
-177400.0
-177400.0
-177400.0
-177400.0
-177400.0
-177400.0
-177400.0
-177400.0
-175909.3
-175909.3
-175909.3
-177400.0
-175909.3
-177400.0
-175909.3
-175909.3
-175909.3
-175909.3
-175909.3
-175909.3
-175909.3
-175909.3
-175909.3
-175909.3
-175909.3
-175909.3
-175909.3
-175909.3
-175909.3
-175909.3
-175909.3
-175909.3
-175909.3
-175909.3
-175909.3
-175909.3
-175909.3
-175909.3
-175909.3
-175909.3
-175909.3
-175909.3
-175909.3
-175909.3
-175909.3
-175909.3
-175909.3
-175909.3
-175909.3
-175909.3
-175909.3
-175909.3
-175909.3
-175909.3
-175909.3
-175909.3
-175909.3
-175909.3
-175909.3
-175909.3
-175909.3
-175909.3
-175909.3
-175909.3
-175909.3
-175909.3
-175909.3
-175909.3
-175909.3
-175909.3
-175909.3
-175909.3
-175909.3
-175909.3
-175909.3
-175909.3
-174418.5
-175909.3
-175909.3
-175909.3
-174418.5
-175909.3
-175909.3
-175909.3
-175909.3
-175909.3
-175909.3
-175909.3
-174418.5
-175909.3
-174418.5
-175909.3
-174418.5
-175909.3
-174418.5
-174418.5
-175909.3
-175909.3
-174418.5
-174418.5
-175909.3
-174418.5
-174418.5
-174418.5
-175909.3
-174418.5
-174418.5
-174418.5
-174418.5
-174418.5
-174418.5
-174418.5
-174418.5
-174418.5
-174418.5
-174418.5
-174418.5
-174418.5
-174418.5
-174418.5
-174418.5
-174418.5
-174418.5
-174418.5
-174418.5
-174418.5
-174418.5
-174418.5
-174418.5
-174418.5
-174418.5
-174418.5
-174418.5
-174418.5
-174418.5
-174418.5
-174418.5
-174418.5
-174418.5
-174418.5
-174418.5
-174418.5
-174418.5
-174418.5
-174418.5
-174418.5
-174418.5
-174418.5
-174418.5
-174418.5
-174418.5
-174418.5
-174418.5
-174418.5
-174418.5
-174418.5
-174418.5
-174418.5
-174418.5
-174418.5
-174418.5
-174418.5
-174418.5
-174418.5
-174418.5
-174418.5
-174418.5
-174418.5
-174418.5
-174418.5
-174418.5
-174418.5
-174418.5
-174418.5
-174418.5
-174418.5
-174418.5
-174418.5
-174418.5
-174418.5
-174418.5
-174418.5
-172927.7
-174418.5
-174418.5
-172927.7
-174418.5
-172927.7
-172927.7
-172927.7
-172927.7
-172927.7
-172927.7
-172927.7
-172927.7
-172927.7
-172927.7
-172927.7
-172927.7
-174418.5
-172927.7
-172927.7
-172927.7
-172927.7
-172927.7
-172927.7
-172927.7
-172927.7
-172927.7
-172927.7
-172927.7
-172927.7
-172927.7
-172927.7
-172927.7
-172927.7
-172927.7
-172927.7
-172927.7
-172927.7
-171437.0
-172927.7
-172927.7
-172927.7
-171437.0
-172927.7
-171437.0
-172927.7
-171437.0
-172927.7
-172927.7
-172927.7
-171437.0
-172927.7
-171437.0
-172927.7
-171437.0
-172927.7
-172927.7
-172927.7
-171437.0
-171437.0
-171437.0
-171437.0
-171437.0
-171437.0
-171437.0
-172927.7
-171437.0
-171437.0
-171437.0
-171437.0
-171437.0
-171437.0
-171437.0
-171437.0
-171437.0
-171437.0
-171437.0
-171437.0
-171437.0
-171437.0
-171437.0
-171437.0
-171437.0
-171437.0
-171437.0
-171437.0
-171437.0
-171437.0
-171437.0
-171437.0
-171437.0
-171437.0
-171437.0
-171437.0
-171437.0
-171437.0
-171437.0
-171437.0
-171437.0
-171437.0
-171437.0
-171437.0
-171437.0
-171437.0
-171437.0
-171437.0
-171437.0
-171437.0
-171437.0
-171437.0
-171437.0
-171437.0
-171437.0
-171437.0
-171437.0
-171437.0
-171437.0
-171437.0
-171437.0
-171437.0
-171437.0
-171437.0
-171437.0
-171437.0
-171437.0
-171437.0
-171437.0
-169946.2
-171437.0
-171437.0
-171437.0
-171437.0
-171437.0
-171437.0
-169946.2
-171437.0
-171437.0
-171437.0
-169946.2
-169946.2
-169946.2
-171437.0
-169946.2
-171437.0
-169946.2
-171437.0
-171437.0
-171437.0
-169946.2
-169946.2
-169946.2
-171437.0
-169946.2
-169946.2
-169946.2
-169946.2
-169946.2
-169946.2
-169946.2
-169946.2
-169946.2
-169946.2
-169946.2
-171437.0
-169946.2
-169946.2
-169946.2
-169946.2
-169946.2
-169946.2
-169946.2
-169946.2
-169946.2
-169946.2
-169946.2
-169946.2
-169946.2
-169946.2
-169946.2
-169946.2
-169946.2
-169946.2
-169946.2
-169946.2
-169946.2
-169946.2
-169946.2
-169946.2
-169946.2
-169946.2
-169946.2
-169946.2
-169946.2
-169946.2
-169946.2
-169946.2
-169946.2
-169946.2
-169946.2
-169946.2
-169946.2
-169946.2
-169946.2
-169946.2
-169946.2
-169946.2
-168455.5
-169946.2
-169946.2
-169946.2
-169946.2
-169946.2
-168455.5
-169946.2
-169946.2
-169946.2
-168455.5
-169946.2
-168455.5
-169946.2
-168455.5
-168455.5
-168455.5
-168455.5
-168455.5
-168455.5
-168455.5
-168455.5
-168455.5
-168455.5
-168455.5
-168455.5
-168455.5
-168455.5
-168455.5
-168455.5
-168455.5
-168455.5
-168455.5
-168455.5
-168455.5
-168455.5
-168455.5
-168455.5
-168455.5
-168455.5
-168455.5
-168455.5
-168455.5
-168455.5
-168455.5
-168455.5
-168455.5
-168455.5
-168455.5
-168455.5
-168455.5
-168455.5
-168455.5
-168455.5
-168455.5
-168455.5
-168455.5
-168455.5
-168455.5
-168455.5
-168455.5
-168455.5
-168455.5
-168455.5
-168455.5
-168455.5
-168455.5
-168455.5
-168455.5
-166964.7
-166964.7
-166964.7
-168455.5
-168455.5
-168455.5
-168455.5
-166964.7
-168455.5
-168455.5
-166964.7
-166964.7
-168455.5
-166964.7
-166964.7
-166964.7
-166964.7
-166964.7
-166964.7
-166964.7
-166964.7
-166964.7
-166964.7
-166964.7
-166964.7
-166964.7
-166964.7
-166964.7
-166964.7
-166964.7
-166964.7
-166964.7
-166964.7
-166964.7
-166964.7
-166964.7
-166964.7
-166964.7
-166964.7
-166964.7
-166964.7
-166964.7
-166964.7
-166964.7
-166964.7
-166964.7
-166964.7
-166964.7
-166964.7
-166964.7
-166964.7
-166964.7
-166964.7
-166964.7
-166964.7
-166964.7
-166964.7
-166964.7
-166964.7
-166964.7
-166964.7
-166964.7
-166964.7
-166964.7
-166964.7
-166964.7
-166964.7
-166964.7
-166964.7
-166964.7
-166964.7
-166964.7
-166964.7
-166964.7
-166964.7
-166964.7
-166964.7
-166964.7
-166964.7
-166964.7
-166964.7
-165474.0
-166964.7
-165474.0
-166964.7
-165474.0
-165474.0
-166964.7
-166964.7
-165474.0
-165474.0
-165474.0
-166964.7
-165474.0
-165474.0
-165474.0
-165474.0
-165474.0
-165474.0
-165474.0
-165474.0
-165474.0
-165474.0
-165474.0
-165474.0
-165474.0
-165474.0
-165474.0
-165474.0
-165474.0
-166964.7
-165474.0
-165474.0
-165474.0
-165474.0
-165474.0
-165474.0
-165474.0
-165474.0
-165474.0
-165474.0
-165474.0
-165474.0
-165474.0
-165474.0
-165474.0
-165474.0
-165474.0
-165474.0
-165474.0
-165474.0
-165474.0
-165474.0
-165474.0
-165474.0
-165474.0
-165474.0
-165474.0
-165474.0
-165474.0
-165474.0
-165474.0
-165474.0
-165474.0
-165474.0
-165474.0
-165474.0
-165474.0
-165474.0
-165474.0
-165474.0
-165474.0
-165474.0
-165474.0
-165474.0
-165474.0
-165474.0
-165474.0
-165474.0
-165474.0
-165474.0
-165474.0
-165474.0
-165474.0
-165474.0
-165474.0
-165474.0
-165474.0
-165474.0
-165474.0
-165474.0
-165474.0
-165474.0
-165474.0
-165474.0
-165474.0
-165474.0
-165474.0
-165474.0
-165474.0
-165474.0
-165474.0
-165474.0
-165474.0
-165474.0
-163983.2
-163983.2
-163983.2
-163983.2
-165474.0
-163983.2
-165474.0
-163983.2
-165474.0
-163983.2
-163983.2
-165474.0
-163983.2
-165474.0
-163983.2
-165474.0
-163983.2
-163983.2
-163983.2
-163983.2
-163983.2
-163983.2
-163983.2
-163983.2
-163983.2
-165474.0
-163983.2
-163983.2
-163983.2
-163983.2
-163983.2
-163983.2
-163983.2
-163983.2
-163983.2
-163983.2
-163983.2
-163983.2
-163983.2
-163983.2
-163983.2
-163983.2
-163983.2
-163983.2
-163983.2
-163983.2
-163983.2
-163983.2
-163983.2
-163983.2
-163983.2
-163983.2
-163983.2
-163983.2
-163983.2
-163983.2
-163983.2
-163983.2
-163983.2
-163983.2
-162492.4
-163983.2
-163983.2
-163983.2
-163983.2
-163983.2
-163983.2
-163983.2
-162492.4
-163983.2
-162492.4
-163983.2
-163983.2
-163983.2
-162492.4
-163983.2
-162492.4
-162492.4
-162492.4
-162492.4
-162492.4
-162492.4
-162492.4
-162492.4
-162492.4
-162492.4
-162492.4
-162492.4
-162492.4
-162492.4
-162492.4
-162492.4
-162492.4
-162492.4
-162492.4
-162492.4
-162492.4
-162492.4
-162492.4
-162492.4
-162492.4
-162492.4
-162492.4
-162492.4
-162492.4
-162492.4
-162492.4
-162492.4
-162492.4
-162492.4
-162492.4
-162492.4
-162492.4
-162492.4
-162492.4
-162492.4
-162492.4
-162492.4
-162492.4
-162492.4
-162492.4
-162492.4
-162492.4
-162492.4
-162492.4
-162492.4
-162492.4
-162492.4
-162492.4
-162492.4
-162492.4
-162492.4
-162492.4
-162492.4
-162492.4
-162492.4
-162492.4
-162492.4
-162492.4
-162492.4
-162492.4
-162492.4
-162492.4
-162492.4
-162492.4
-162492.4
-162492.4
-162492.4
-162492.4
-162492.4
-162492.4
-162492.4
-161001.7
-162492.4
-162492.4
-162492.4
-162492.4
-161001.7
-162492.4
-161001.7
-162492.4
-161001.7
-161001.7
-162492.4
-162492.4
-162492.4
-161001.7
-161001.7
-161001.7
-162492.4
-161001.7
-161001.7
-161001.7
-162492.4
-161001.7
-161001.7
-161001.7
-162492.4
-161001.7
-162492.4
-161001.7
-161001.7
-161001.7
-161001.7
-161001.7
-161001.7
-161001.7
-161001.7
-161001.7
-161001.7
-161001.7
-161001.7
-161001.7
-161001.7
-161001.7
-161001.7
-161001.7
-161001.7
-161001.7
-161001.7
-161001.7
-161001.7
-161001.7
-161001.7
-161001.7
-161001.7
-161001.7
-161001.7
-161001.7
-161001.7
-161001.7
-161001.7
-161001.7
-161001.7
-161001.7
-161001.7
-161001.7
-161001.7
-161001.7
-161001.7
-161001.7
-161001.7
-161001.7
-161001.7
-161001.7
-161001.7
-161001.7
-161001.7
-161001.7
-161001.7
-161001.7
-161001.7
-161001.7
-161001.7
-161001.7
-161001.7
-161001.7
-161001.7
-161001.7
-161001.7
-161001.7
-161001.7
-161001.7
-161001.7
-161001.7
-161001.7
-161001.7
-161001.7
-161001.7
-161001.7
-161001.7
-161001.7
-161001.7
-161001.7
-161001.7
-161001.7
-161001.7
-161001.7
-161001.7
-161001.7
-159510.9
-161001.7
-159510.9
-161001.7
-161001.7
-161001.7
-161001.7
-161001.7
-159510.9
-161001.7
-161001.7
-159510.9
-161001.7
-161001.7
-159510.9
-159510.9
-161001.7
-159510.9
-159510.9
-161001.7
-161001.7
-161001.7
-161001.7
-161001.7
-159510.9
-159510.9
-159510.9
-159510.9
-159510.9
-159510.9
-159510.9
-159510.9
-159510.9
-159510.9
-159510.9
-159510.9
-159510.9
-159510.9
-159510.9
-159510.9
-159510.9
-159510.9
-159510.9
-159510.9
-159510.9
-159510.9
-159510.9
-159510.9
-158020.2
-159510.9
-159510.9
-159510.9
-159510.9
-159510.9
-159510.9
-159510.9
-159510.9
-159510.9
-159510.9
-159510.9
-158020.2
-159510.9
-158020.2
-159510.9
-158020.2
-158020.2
-158020.2
-159510.9
-159510.9
-158020.2
-159510.9
-159510.9
-158020.2
-159510.9
-158020.2
-158020.2
-158020.2
-158020.2
-158020.2
-159510.9
-158020.2
-159510.9
-158020.2
-159510.9
-158020.2
-159510.9
-158020.2
-158020.2
-158020.2
-158020.2
-158020.2
-158020.2
-158020.2
-158020.2
-158020.2
-158020.2
-158020.2
-158020.2
-158020.2
-158020.2
-158020.2
-158020.2
-158020.2
-158020.2
-158020.2
-158020.2
-158020.2
-158020.2
-158020.2
-158020.2
-158020.2
-158020.2
-158020.2
-158020.2
-158020.2
-158020.2
-158020.2
-158020.2
-158020.2
-158020.2
-158020.2
-158020.2
-158020.2
-158020.2
-158020.2
-158020.2
-158020.2
-158020.2
-158020.2
-158020.2
-158020.2
-158020.2
-158020.2
-158020.2
-158020.2
-158020.2
-158020.2
-158020.2
-158020.2
-158020.2
-158020.2
-158020.2
-158020.2
-158020.2
-158020.2
-158020.2
-158020.2
-158020.2
-158020.2
-158020.2
-158020.2
-158020.2
-158020.2
-158020.2
-158020.2
-156529.4
-158020.2
-158020.2
-156529.4
-158020.2
-158020.2
-158020.2
-158020.2
-156529.4
-158020.2
-158020.2
-158020.2
-156529.4
-158020.2
-156529.4
-158020.2
-158020.2
-156529.4
-156529.4
-156529.4
-158020.2
-156529.4
-156529.4
-156529.4
-156529.4
-156529.4
-156529.4
-156529.4
-156529.4
-156529.4
-156529.4
-156529.4
-156529.4
-156529.4
-156529.4
-156529.4
-156529.4
-156529.4
-158020.2
-156529.4
-156529.4
-156529.4
-156529.4
-156529.4
-156529.4
-156529.4
-156529.4
-156529.4
-156529.4
-156529.4
-156529.4
-156529.4
-156529.4
-156529.4
-156529.4
-156529.4
-156529.4
-156529.4
-156529.4
-156529.4
-156529.4
-156529.4
-156529.4
-156529.4
-156529.4
-156529.4
-156529.4
-156529.4
-156529.4
-156529.4
-156529.4
-156529.4
-156529.4
-156529.4
-156529.4
-156529.4
-156529.4
-156529.4
-156529.4
-156529.4
-156529.4
-156529.4
-156529.4
-156529.4
-156529.4
-156529.4
-156529.4
-156529.4
-156529.4
-156529.4
-156529.4
-156529.4
-156529.4
-156529.4
-156529.4
-155038.7
-156529.4
-156529.4
-156529.4
-155038.7
-156529.4
-155038.7
-156529.4
-156529.4
-156529.4
-156529.4
-156529.4
-155038.7
-155038.7
-155038.7
-156529.4
-155038.7
-156529.4
-156529.4
-156529.4
-155038.7
-155038.7
-155038.7
-155038.7
-155038.7
-155038.7
-155038.7
-155038.7
-156529.4
-155038.7
-156529.4
-155038.7
-155038.7
-155038.7
-155038.7
-155038.7
-155038.7
-155038.7
-155038.7
-155038.7
-155038.7
-155038.7
-155038.7
-155038.7
-155038.7
-155038.7
-155038.7
-155038.7
-155038.7
-155038.7
-155038.7
-155038.7
-155038.7
-155038.7
-155038.7
-155038.7
-155038.7
-155038.7
-155038.7
-155038.7
-155038.7
-155038.7
-155038.7
-155038.7
-155038.7
-155038.7
-155038.7
-155038.7
-155038.7
-155038.7
-155038.7
-155038.7
-155038.7
-153547.9
-153547.9
-155038.7
-153547.9
-153547.9
-153547.9
-153547.9
-153547.9
-153547.9
-153547.9
-155038.7
-153547.9
-153547.9
-153547.9
-153547.9
-153547.9
-153547.9
-153547.9
-155038.7
-153547.9
-155038.7
-153547.9
-153547.9
-153547.9
-153547.9
-153547.9
-155038.7
-153547.9
-153547.9
-153547.9
-153547.9
-153547.9
-153547.9
-153547.9
-153547.9
-153547.9
-153547.9
-153547.9
-153547.9
-153547.9
-153547.9
-153547.9
-153547.9
-153547.9
-153547.9
-153547.9
-153547.9
-153547.9
-153547.9
-153547.9
-153547.9
-153547.9
-153547.9
-153547.9
-153547.9
-153547.9
-153547.9
-153547.9
-153547.9
-153547.9
-153547.9
-153547.9
-153547.9
-153547.9
-153547.9
-153547.9
-153547.9
-153547.9
-153547.9
-153547.9
-153547.9
-153547.9
-153547.9
-153547.9
-153547.9
-153547.9
-153547.9
-153547.9
-153547.9
-153547.9
-153547.9
-153547.9
-153547.9
-153547.9
-153547.9
-153547.9
-153547.9
-153547.9
-153547.9
-153547.9
-153547.9
-152057.2
-153547.9
-153547.9
-153547.9
-153547.9
-153547.9
-153547.9
-153547.9
-153547.9
-153547.9
-153547.9
-152057.2
-152057.2
-153547.9
-153547.9
-153547.9
-152057.2
-153547.9
-152057.2
-153547.9
-152057.2
-152057.2
-152057.2
-152057.2
-153547.9
-152057.2
-152057.2
-153547.9
-152057.2
-152057.2
-152057.2
-153547.9
-152057.2
-152057.2
-152057.2
-153547.9
-152057.2
-152057.2
-152057.2
-152057.2
-152057.2
-152057.2
-152057.2
-152057.2
-152057.2
-152057.2
-152057.2
-152057.2
-152057.2
-152057.2
-152057.2
-152057.2
-152057.2
-152057.2
-152057.2
-152057.2
-152057.2
-152057.2
-152057.2
-152057.2
-152057.2
-152057.2
-152057.2
-152057.2
-152057.2
-152057.2
-152057.2
-152057.2
-152057.2
-152057.2
-152057.2
-152057.2
-152057.2
-152057.2
-152057.2
-152057.2
-150566.4
-152057.2
-152057.2
-152057.2
-152057.2
-152057.2
-152057.2
-152057.2
-150566.4
-152057.2
-150566.4
-152057.2
-150566.4
-152057.2
-152057.2
-152057.2
-152057.2
-150566.4
-150566.4
-152057.2
-152057.2
-152057.2
-150566.4
-152057.2
-150566.4
-150566.4
-150566.4
-150566.4
-150566.4
-150566.4
-150566.4
-150566.4
-150566.4
-150566.4
-150566.4
-150566.4
-150566.4
-150566.4
-150566.4
-150566.4
-150566.4
-150566.4
-150566.4
-150566.4
-150566.4
-150566.4
-150566.4
-150566.4
-150566.4
-150566.4
-150566.4
-150566.4
-150566.4
-150566.4
-150566.4
-150566.4
-150566.4
-150566.4
-150566.4
-150566.4
-150566.4
-150566.4
-150566.4
-150566.4
-150566.4
-150566.4
-150566.4
-150566.4
-150566.4
-150566.4
-150566.4
-150566.4
-150566.4
-150566.4
-150566.4
-150566.4
-150566.4
-150566.4
-150566.4
-150566.4
-150566.4
-150566.4
-150566.4
-150566.4
-150566.4
-149075.6
-149075.6
-149075.6
-150566.4
-150566.4
-149075.6
-150566.4
-150566.4
-149075.6
-150566.4
-150566.4
-149075.6
-150566.4
-149075.6
-149075.6
-149075.6
-149075.6
-149075.6
-150566.4
-149075.6
-150566.4
-149075.6
-150566.4
-149075.6
-149075.6
-149075.6
-149075.6
-149075.6
-149075.6
-149075.6
-149075.6
-149075.6
-149075.6
-149075.6
-149075.6
-149075.6
-149075.6
-149075.6
-149075.6
-149075.6
-149075.6
-149075.6
-149075.6
-149075.6
-149075.6
-149075.6
-149075.6
-149075.6
-149075.6
-149075.6
-149075.6
-149075.6
-149075.6
-149075.6
-149075.6
-149075.6
-149075.6
-149075.6
-149075.6
-149075.6
-149075.6
-149075.6
-149075.6
-149075.6
-149075.6
-149075.6
-149075.6
-149075.6
-149075.6
-149075.6
-149075.6
-149075.6
-149075.6
-149075.6
-149075.6
-149075.6
-149075.6
-149075.6
-149075.6
-149075.6
-149075.6
-149075.6
-149075.6
-149075.6
-149075.6
-149075.6
-149075.6
-149075.6
-149075.6
-149075.6
-149075.6
-149075.6
-149075.6
-147584.9
-149075.6
-149075.6
-149075.6
-149075.6
-149075.6
-149075.6
-149075.6
-149075.6
-147584.9
-147584.9
-149075.6
-147584.9
-147584.9
-147584.9
-149075.6
-147584.9
-147584.9
-147584.9
-147584.9
-147584.9
-149075.6
-147584.9
-147584.9
-147584.9
-147584.9
-147584.9
-147584.9
-147584.9
-147584.9
-147584.9
-147584.9
-147584.9
-147584.9
-147584.9
-147584.9
-147584.9
-147584.9
-147584.9
-147584.9
-147584.9
-147584.9
-147584.9
-147584.9
-147584.9
-147584.9
-147584.9
-147584.9
-147584.9
-147584.9
-147584.9
-147584.9
-147584.9
-147584.9
-147584.9
-147584.9
-147584.9
-147584.9
-147584.9
-147584.9
-147584.9
-147584.9
-147584.9
-147584.9
-147584.9
-147584.9
-147584.9
-147584.9
-147584.9
-147584.9
-147584.9
-147584.9
-147584.9
-147584.9
-147584.9
-147584.9
-147584.9
-147584.9
-147584.9
-147584.9
-147584.9
-147584.9
-147584.9
-147584.9
-147584.9
-147584.9
-147584.9
-147584.9
-147584.9
-147584.9
-147584.9
-147584.9
-147584.9
-147584.9
-147584.9
-147584.9
-147584.9
-147584.9
-147584.9
-147584.9
-147584.9
-147584.9
-147584.9
-147584.9
-147584.9
-147584.9
-147584.9
-147584.9
-147584.9
-147584.9
-147584.9
-147584.9
-147584.9
-147584.9
-147584.9
-147584.9
-147584.9
-147584.9
-147584.9
-147584.9
-147584.9
-146094.1
-146094.1
-146094.1
-146094.1
-147584.9
-147584.9
-147584.9
-146094.1
-146094.1
-147584.9
-147584.9
-146094.1
-146094.1
-146094.1
-147584.9
-146094.1
-146094.1
-146094.1
-146094.1
-146094.1
-146094.1
-146094.1
-146094.1
-146094.1
-146094.1
-146094.1
-146094.1
-146094.1
-146094.1
-146094.1
-146094.1
-146094.1
-146094.1
-146094.1
-146094.1
-146094.1
-146094.1
-146094.1
-146094.1
-146094.1
-146094.1
-146094.1
-146094.1
-146094.1
-146094.1
-146094.1
-146094.1
-146094.1
-146094.1
-146094.1
-146094.1
-146094.1
-146094.1
-146094.1
-146094.1
-146094.1
-146094.1
-146094.1
-146094.1
-146094.1
-146094.1
-146094.1
-146094.1
-146094.1
-146094.1
-146094.1
-146094.1
-146094.1
-146094.1
-144603.4
-146094.1
-146094.1
-144603.4
-144603.4
-144603.4
-146094.1
-146094.1
-144603.4
-144603.4
-144603.4
-144603.4
-144603.4
-144603.4
-144603.4
-146094.1
-144603.4
-144603.4
-144603.4
-144603.4
-144603.4
-144603.4
-144603.4
-144603.4
-144603.4
-144603.4
-144603.4
-144603.4
-144603.4
-144603.4
-144603.4
-144603.4
-144603.4
-144603.4
-144603.4
-144603.4
-144603.4
-144603.4
-144603.4
-144603.4
-144603.4
-144603.4
-144603.4
-144603.4
-144603.4
-144603.4
-144603.4
-144603.4
-144603.4
-144603.4
-144603.4
-144603.4
-144603.4
-144603.4
-144603.4
-144603.4
-144603.4
-144603.4
-144603.4
-144603.4
-144603.4
-144603.4
-144603.4
-144603.4
-144603.4
-144603.4
-144603.4
-144603.4
-144603.4
-144603.4
-144603.4
-144603.4
-144603.4
-144603.4
-144603.4
-144603.4
-144603.4
-144603.4
-144603.4
-144603.4
-144603.4
-144603.4
-144603.4
-144603.4
-144603.4
-144603.4
-144603.4
-144603.4
-144603.4
-144603.4
-144603.4
-144603.4
-144603.4
-144603.4
-144603.4
-144603.4
-144603.4
-144603.4
-144603.4
-144603.4
-143112.6
-144603.4
-143112.6
-143112.6
-144603.4
-144603.4
-144603.4
-144603.4
-144603.4
-144603.4
-143112.6
-144603.4
-143112.6
-144603.4
-143112.6
-144603.4
-143112.6
-143112.6
-143112.6
-143112.6
-143112.6
-143112.6
-143112.6
-143112.6
-144603.4
-144603.4
-143112.6
-143112.6
-143112.6
-143112.6
-143112.6
-143112.6
-143112.6
-143112.6
-143112.6
-143112.6
-143112.6
-143112.6
-143112.6
-143112.6
-143112.6
-143112.6
-143112.6
-143112.6
-143112.6
-143112.6
-143112.6
-143112.6
-143112.6
-143112.6
-143112.6
-143112.6
-143112.6
-143112.6
-143112.6
-143112.6
-143112.6
-143112.6
-143112.6
-143112.6
-143112.6
-143112.6
-143112.6
-143112.6
-143112.6
-143112.6
-143112.6
-143112.6
-143112.6
-143112.6
-143112.6
-143112.6
-143112.6
-143112.6
-143112.6
-143112.6
-143112.6
-143112.6
-143112.6
-143112.6
-143112.6
-143112.6
-143112.6
-143112.6
-143112.6
-143112.6
-143112.6
-143112.6
-143112.6
-143112.6
-143112.6
-143112.6
-143112.6
-143112.6
-143112.6
-143112.6
-143112.6
-143112.6
-143112.6
-143112.6
-143112.6
-143112.6
-143112.6
-143112.6
-143112.6
-143112.6
-143112.6
-143112.6
-143112.6
-143112.6
-143112.6
-143112.6
-143112.6
-143112.6
-143112.6
-143112.6
-143112.6
-143112.6
-143112.6
-143112.6
-143112.6
-143112.6
-143112.6
-143112.6
-143112.6
-143112.6
-143112.6
-143112.6
-143112.6
-143112.6
-141621.9
-143112.6
-143112.6
-143112.6
-141621.9
-143112.6
-143112.6
-143112.6
-141621.9
-143112.6
-141621.9
-141621.9
-141621.9
-143112.6
-143112.6
-143112.6
-141621.9
-143112.6
-141621.9
-141621.9
-141621.9
-143112.6
-141621.9
-141621.9
-141621.9
-141621.9
-141621.9
-141621.9
-141621.9
-141621.9
-141621.9
-141621.9
-141621.9
-141621.9
-141621.9
-141621.9
-141621.9
-141621.9
-141621.9
-141621.9
-141621.9
-141621.9
-141621.9
-141621.9
-141621.9
-141621.9
-141621.9
-141621.9
-140131.1
-141621.9
-141621.9
-141621.9
-141621.9
-141621.9
-141621.9
-141621.9
-141621.9
-141621.9
-141621.9
-141621.9
-141621.9
-141621.9
-141621.9
-141621.9
-141621.9
-141621.9
-140131.1
-141621.9
-141621.9
-141621.9
-141621.9
-141621.9
-140131.1
-141621.9
-140131.1
-140131.1
-140131.1
-141621.9
-140131.1
-141621.9
-140131.1
-140131.1
-140131.1
-140131.1
-140131.1
-140131.1
-140131.1
-141621.9
-140131.1
-140131.1
-140131.1
-140131.1
-140131.1
-140131.1
-140131.1
-140131.1
-140131.1
-140131.1
-140131.1
-140131.1
-140131.1
-140131.1
-140131.1
-140131.1
-140131.1
-140131.1
-140131.1
-140131.1
-140131.1
-140131.1
-140131.1
-140131.1
-140131.1
-140131.1
-140131.1
-140131.1
-140131.1
-140131.1
-140131.1
-140131.1
-140131.1
-140131.1
-140131.1
-140131.1
-140131.1
-140131.1
-140131.1
-140131.1
-140131.1
-140131.1
-140131.1
-140131.1
-140131.1
-140131.1
-140131.1
-140131.1
-140131.1
-140131.1
-140131.1
-140131.1
-140131.1
-140131.1
-140131.1
-140131.1
-140131.1
-140131.1
-140131.1
-140131.1
-140131.1
-140131.1
-140131.1
-140131.1
-140131.1
-140131.1
-140131.1
-140131.1
-140131.1
-140131.1
-140131.1
-140131.1
-140131.1
-140131.1
-138640.3
-140131.1
-140131.1
-140131.1
-140131.1
-140131.1
-140131.1
-140131.1
-138640.3
-140131.1
-138640.3
-140131.1
-138640.3
-140131.1
-138640.3
-140131.1
-138640.3
-140131.1
-138640.3
-138640.3
-138640.3
-140131.1
-138640.3
-140131.1
-138640.3
-140131.1
-138640.3
-140131.1
-138640.3
-140131.1
-138640.3
-140131.1
-138640.3
-138640.3
-138640.3
-138640.3
-138640.3
-138640.3
-138640.3
-138640.3
-138640.3
-138640.3
-138640.3
-138640.3
-138640.3
-138640.3
-138640.3
-138640.3
-138640.3
-138640.3
-138640.3
-138640.3
-138640.3
-138640.3
-138640.3
-138640.3
-138640.3
-138640.3
-138640.3
-138640.3
-138640.3
-138640.3
-138640.3
-138640.3
-138640.3
-138640.3
-138640.3
-138640.3
-138640.3
-138640.3
-138640.3
-138640.3
-138640.3
-138640.3
-138640.3
-138640.3
-138640.3
-138640.3
-138640.3
-138640.3
-138640.3
-138640.3
-138640.3
-138640.3
-138640.3
-138640.3
-138640.3
-138640.3
-138640.3
-138640.3
-138640.3
-138640.3
-138640.3
-138640.3
-138640.3
-138640.3
-138640.3
-138640.3
-138640.3
-138640.3
-138640.3
-138640.3
-138640.3
-138640.3
-138640.3
-138640.3
-138640.3
-138640.3
-138640.3
-138640.3
-138640.3
-138640.3
-138640.3
-138640.3
-138640.3
-138640.3
-138640.3
-138640.3
-137149.6
-138640.3
-137149.6
-137149.6
-137149.6
-137149.6
-137149.6
-137149.6
-137149.6
-138640.3
-137149.6
-137149.6
-137149.6
-137149.6
-137149.6
-137149.6
-137149.6
-138640.3
-137149.6
-137149.6
-137149.6
-137149.6
-137149.6
-137149.6
-137149.6
-137149.6
-137149.6
-137149.6
-137149.6
-137149.6
-137149.6
-137149.6
-137149.6
-137149.6
-137149.6
-137149.6
-137149.6
-137149.6
-137149.6
-137149.6
-137149.6
-137149.6
-137149.6
-137149.6
-137149.6
-137149.6
-137149.6
-137149.6
-137149.6
-137149.6
-137149.6
-137149.6
-137149.6
-137149.6
-137149.6
-137149.6
-137149.6
-137149.6
-137149.6
-137149.6
-137149.6
-137149.6
-137149.6
-137149.6
-137149.6
-137149.6
-135658.8
-135658.8
-135658.8
-137149.6
-135658.8
-137149.6
-137149.6
-137149.6
-135658.8
-137149.6
-135658.8
-137149.6
-137149.6
-137149.6
-135658.8
-137149.6
-137149.6
-135658.8
-135658.8
-137149.6
-137149.6
-137149.6
-135658.8
-135658.8
-135658.8
-135658.8
-135658.8
-135658.8
-135658.8
-135658.8
-135658.8
-135658.8
-135658.8
-135658.8
-135658.8
-135658.8
-135658.8
-135658.8
-135658.8
-135658.8
-135658.8
-135658.8
-135658.8
-135658.8
-135658.8
-135658.8
-135658.8
-135658.8
-135658.8
-135658.8
-135658.8
-135658.8
-135658.8
-135658.8
-135658.8
-135658.8
-135658.8
-135658.8
-135658.8
-135658.8
-135658.8
-135658.8
-135658.8
-135658.8
-135658.8
-135658.8
-135658.8
-135658.8
-135658.8
-135658.8
-135658.8
-135658.8
-135658.8
-135658.8
-135658.8
-135658.8
-135658.8
-135658.8
-135658.8
-135658.8
-135658.8
-135658.8
-135658.8
-135658.8
-135658.8
-135658.8
-135658.8
-135658.8
-135658.8
-135658.8
-135658.8
-135658.8
-135658.8
-135658.8
-135658.8
-135658.8
-135658.8
-135658.8
-135658.8
-135658.8
-135658.8
-135658.8
-135658.8
-135658.8
-135658.8
-135658.8
-135658.8
-135658.8
-135658.8
-135658.8
-135658.8
-135658.8
-134168.1
-135658.8
-134168.1
-135658.8
-134168.1
-135658.8
-135658.8
-135658.8
-135658.8
-134168.1
-134168.1
-135658.8
-134168.1
-134168.1
-134168.1
-135658.8
-134168.1
-134168.1
-134168.1
-135658.8
-134168.1
-134168.1
-134168.1
-134168.1
-134168.1
-134168.1
-134168.1
-134168.1
-134168.1
-134168.1
-134168.1
-134168.1
-134168.1
-134168.1
-134168.1
-134168.1
-134168.1
-134168.1
-134168.1
-134168.1
-134168.1
-134168.1
-134168.1
-134168.1
-134168.1
-134168.1
-134168.1
-134168.1
-134168.1
-134168.1
-134168.1
-134168.1
-134168.1
-134168.1
-134168.1
-134168.1
-134168.1
-134168.1
-134168.1
-134168.1
-134168.1
-134168.1
-134168.1
-134168.1
-134168.1
-134168.1
-134168.1
-134168.1
-134168.1
-134168.1
-134168.1
-134168.1
-134168.1
-134168.1
-134168.1
-134168.1
-134168.1
-134168.1
-134168.1
-134168.1
-134168.1
-134168.1
-134168.1
-134168.1
-134168.1
-134168.1
-134168.1
-134168.1
-134168.1
-134168.1
-134168.1
-134168.1
-134168.1
-134168.1
-132677.3
-134168.1
-134168.1
-134168.1
-134168.1
-134168.1
-132677.3
-132677.3
-132677.3
-134168.1
-132677.3
-132677.3
-132677.3
-132677.3
-132677.3
-134168.1
-132677.3
-134168.1
-134168.1
-132677.3
-134168.1
-132677.3
-132677.3
-132677.3
-132677.3
-132677.3
-132677.3
-132677.3
-132677.3
-132677.3
-132677.3
-132677.3
-132677.3
-132677.3
-132677.3
-132677.3
-132677.3
-132677.3
-132677.3
-132677.3
-132677.3
-132677.3
-132677.3
-132677.3
-132677.3
-132677.3
-132677.3
-132677.3
-132677.3
-132677.3
-132677.3
-132677.3
-132677.3
-132677.3
-132677.3
-132677.3
-132677.3
-132677.3
-132677.3
-132677.3
-132677.3
-132677.3
-132677.3
-132677.3
-132677.3
-132677.3
-132677.3
-132677.3
-132677.3
-132677.3
-132677.3
-132677.3
-132677.3
-132677.3
-132677.3
-132677.3
-132677.3
-132677.3
-132677.3
-132677.3
-132677.3
-132677.3
-132677.3
-132677.3
-132677.3
-132677.3
-131186.6
-132677.3
-132677.3
-132677.3
-132677.3
-132677.3
-132677.3
-132677.3
-131186.6
-132677.3
-132677.3
-132677.3
-132677.3
-132677.3
-132677.3
-132677.3
-132677.3
-132677.3
-132677.3
-132677.3
-131186.6
-131186.6
-131186.6
-132677.3
-132677.3
-132677.3
-132677.3
-132677.3
-132677.3
-132677.3
-132677.3
-132677.3
-131186.6
-132677.3
-131186.6
-132677.3
-131186.6
-132677.3
-131186.6
-132677.3
-131186.6
-131186.6
-131186.6
-132677.3
-131186.6
-132677.3
-131186.6
-131186.6
-131186.6
-131186.6
-131186.6
-131186.6
-131186.6
-131186.6
-131186.6
-131186.6
-131186.6
-131186.6
-131186.6
-131186.6
-131186.6
-131186.6
-131186.6
-131186.6
-131186.6
-131186.6
-131186.6
-131186.6
-131186.6
-131186.6
-131186.6
-131186.6
-131186.6
-131186.6
-131186.6
-131186.6
-131186.6
-131186.6
-131186.6
-131186.6
-131186.6
-131186.6
-131186.6
-131186.6
-131186.6
-131186.6
-131186.6
-131186.6
-131186.6
-131186.6
-131186.6
-131186.6
-131186.6
-131186.6
-129695.8
-131186.6
-129695.8
-131186.6
-131186.6
-131186.6
-131186.6
-131186.6
-131186.6
-131186.6
-131186.6
-131186.6
-131186.6
-131186.6
-129695.8
-129695.8
-129695.8
-129695.8
-129695.8
-131186.6
-131186.6
-131186.6
-129695.8
-129695.8
-129695.8
-131186.6
-131186.6
-129695.8
-129695.8
-129695.8
-129695.8
-129695.8
-129695.8
-131186.6
-129695.8
-129695.8
-129695.8
-129695.8
-129695.8
-129695.8
-129695.8
-129695.8
-129695.8
-129695.8
-129695.8
-129695.8
-129695.8
-129695.8
-129695.8
-129695.8
-129695.8
-129695.8
-129695.8
-129695.8
-129695.8
-129695.8
-129695.8
-129695.8
-129695.8
-129695.8
-129695.8
-129695.8
-129695.8
-129695.8
-129695.8
-129695.8
-129695.8
-129695.8
-129695.8
-129695.8
-129695.8
-129695.8
-129695.8
-129695.8
-129695.8
-129695.8
-129695.8
-129695.8
-129695.8
-129695.8
-129695.8
-129695.8
-129695.8
-129695.8
-129695.8
-129695.8
-129695.8
-129695.8
-129695.8
-129695.8
-129695.8
-129695.8
-129695.8
-129695.8
-129695.8
-129695.8
-129695.8
-129695.8
-129695.8
-129695.8
-129695.8
-129695.8
-129695.8
-129695.8
-129695.8
-129695.8
-129695.8
-129695.8
-129695.8
-129695.8
-129695.8
-129695.8
-129695.8
-129695.8
-129695.8
-129695.8
-129695.8
-129695.8
-129695.8
-129695.8
-129695.8
-129695.8
-129695.8
-129695.8
-129695.8
-129695.8
-129695.8
-129695.8
-129695.8
-129695.8
-129695.8
-129695.8
-129695.8
-129695.8
-128205.0
-129695.8
-129695.8
-129695.8
-128205.0
-129695.8
-129695.8
-129695.8
-129695.8
-128205.0
-129695.8
-129695.8
-128205.0
-129695.8
-128205.0
-129695.8
-128205.0
-128205.0
-128205.0
-129695.8
-128205.0
-129695.8
-128205.0
-129695.8
-128205.0
-128205.0
-128205.0
-128205.0
-128205.0
-128205.0
-128205.0
-128205.0
-129695.8
-128205.0
-129695.8
-128205.0
-128205.0
-128205.0
-128205.0
-129695.8
-128205.0
-128205.0
-128205.0
-128205.0
-128205.0
-128205.0
-128205.0
-129695.8
-128205.0
-128205.0
-128205.0
-128205.0
-128205.0
-128205.0
-128205.0
-128205.0
-128205.0
-128205.0
-128205.0
-128205.0
-128205.0
-128205.0
-128205.0
-128205.0
-128205.0
-128205.0
-128205.0
-128205.0
-128205.0
-128205.0
-128205.0
-128205.0
-128205.0
-128205.0
-128205.0
-128205.0
-128205.0
-128205.0
-128205.0
-128205.0
-128205.0
-128205.0
-128205.0
-128205.0
-128205.0
-128205.0
-128205.0
-128205.0
-128205.0
-128205.0
-128205.0
-128205.0
-128205.0
-128205.0
-128205.0
-128205.0
-128205.0
-128205.0
-128205.0
-128205.0
-128205.0
-128205.0
-128205.0
-128205.0
-128205.0
-128205.0
-128205.0
-128205.0
-126714.3
-128205.0
-128205.0
-128205.0
-128205.0
-128205.0
-128205.0
-128205.0
-126714.3
-128205.0
-128205.0
-128205.0
-126714.3
-128205.0
-128205.0
-128205.0
-126714.3
-126714.3
-126714.3
-128205.0
-128205.0
-126714.3
-126714.3
-128205.0
-126714.3
-128205.0
-128205.0
-128205.0
-126714.3
-128205.0
-126714.3
-128205.0
-126714.3
-128205.0
-126714.3
-128205.0
-126714.3
-126714.3
-126714.3
-126714.3
-126714.3
-126714.3
-126714.3
-126714.3
-128205.0
-126714.3
-126714.3
-126714.3
-126714.3
-126714.3
-126714.3
-126714.3
-126714.3
-126714.3
-128205.0
-126714.3
-126714.3
-126714.3
-126714.3
-126714.3
-126714.3
-126714.3
