IEC 61083-2 TDG Version 2.1.0
Data File Version  2.1.0
54 OLI-M3
16 bits, 10999 samples at 10ns
1.000000e-008
27.8
628.1
529.1
222.8
324.9
529.1
730.2
222.8
628.1
420.8
529.1
628.1
628.1
529.1
529.1
529.1
420.8
222.8
420.8
529.1
420.8
835.4
628.1
420.8
420.8
324.9
730.2
324.9
730.2
420.8
324.9
324.9
628.1
15.5
420.8
420.8
420.8
222.8
222.8
324.9
324.9
420.8
324.9
529.1
324.9
117.6
15.5
420.8
324.9
222.8
420.8
420.8
628.1
324.9
324.9
628.1
628.1
628.1
420.8
628.1
835.4
529.1
529.1
529.1
324.9
835.4
324.9
529.1
420.8
324.9
529.1
420.8
222.8
117.6
420.8
420.8
628.1
628.1
529.1
420.8
628.1
529.1
529.1
420.8
222.8
529.1
324.9
324.9
117.6
324.9
529.1
628.1
420.8
628.1
420.8
324.9
628.1
628.1
628.1
529.1
222.8
420.8
324.9
628.1
730.2
324.9
529.1
117.6
730.2
420.8
420.8
324.9
628.1
15.5
420.8
529.1
222.8
222.8
730.2
529.1
529.1
420.8
420.8
420.8
420.8
628.1
117.6
324.9
529.1
529.1
420.8
628.1
324.9
529.1
324.9
222.8
324.9
628.1
529.1
324.9
420.8
420.8
628.1
324.9
529.1
222.8
420.8
420.8
730.2
420.8
222.8
529.1
15.5
529.1
730.2
324.9
222.8
529.1
420.8
324.9
730.2
420.8
420.8
222.8
628.1
420.8
529.1
628.1
420.8
730.2
117.6
529.1
420.8
628.1
324.9
420.8
835.4
628.1
628.1
529.1
529.1
628.1
529.1
222.8
420.8
529.1
420.8
628.1
324.9
324.9
420.8
628.1
222.8
324.9
324.9
529.1
420.8
529.1
529.1
324.9
529.1
420.8
222.8
324.9
420.8
324.9
628.1
420.8
730.2
324.9
117.6
529.1
529.1
628.1
420.8
420.8
324.9
628.1
324.9
117.6
324.9
529.1
222.8
324.9
420.8
529.1
628.1
529.1
420.8
222.8
324.9
420.8
529.1
324.9
420.8
529.1
628.1
324.9
529.1
324.9
117.6
222.8
730.2
222.8
529.1
324.9
628.1
420.8
529.1
628.1
222.8
529.1
420.8
-80.4
420.8
420.8
934.4
420.8
628.1
324.9
324.9
324.9
529.1
324.9
628.1
730.2
529.1
117.6
628.1
529.1
420.8
324.9
420.8
324.9
324.9
420.8
420.8
324.9
529.1
730.2
628.1
324.9
628.1
420.8
420.8
529.1
420.8
324.9
324.9
420.8
420.8
222.8
529.1
324.9
628.1
529.1
420.8
420.8
628.1
420.8
529.1
324.9
324.9
222.8
628.1
117.6
628.1
730.2
420.8
324.9
835.4
324.9
420.8
529.1
324.9
420.8
420.8
420.8
529.1
324.9
324.9
420.8
222.8
730.2
529.1
628.1
529.1
324.9
420.8
628.1
529.1
420.8
529.1
730.2
529.1
529.1
529.1
529.1
628.1
324.9
324.9
628.1
117.6
529.1
628.1
324.9
324.9
222.8
324.9
222.8
529.1
420.8
420.8
222.8
420.8
117.6
529.1
117.6
730.2
529.1
420.8
324.9
420.8
529.1
730.2
529.1
628.1
420.8
324.9
730.2
529.1
529.1
324.9
529.1
420.8
222.8
529.1
529.1
222.8
324.9
934.4
117.6
529.1
529.1
222.8
420.8
628.1
529.1
222.8
529.1
222.8
529.1
835.4
420.8
420.8
529.1
117.6
730.2
529.1
420.8
117.6
222.8
222.8
222.8
529.1
529.1
222.8
529.1
222.8
420.8
529.1
222.8
324.9
529.1
420.8
628.1
324.9
324.9
628.1
324.9
324.9
529.1
420.8
222.8
628.1
529.1
420.8
529.1
324.9
420.8
222.8
420.8
420.8
420.8
222.8
529.1
628.1
324.9
420.8
420.8
529.1
730.2
222.8
420.8
15.5
222.8
420.8
324.9
324.9
420.8
628.1
529.1
628.1
324.9
324.9
730.2
529.1
420.8
730.2
420.8
934.4
420.8
730.2
420.8
222.8
324.9
529.1
420.8
420.8
529.1
529.1
420.8
529.1
420.8
420.8
420.8
324.9
529.1
420.8
628.1
420.8
324.9
529.1
529.1
628.1
934.4
835.4
628.1
324.9
730.2
222.8
529.1
324.9
117.6
420.8
529.1
628.1
420.8
420.8
628.1
529.1
15.5
324.9
730.2
628.1
117.6
324.9
324.9
222.8
420.8
628.1
529.1
628.1
222.8
324.9
324.9
15.5
529.1
420.8
222.8
324.9
628.1
628.1
730.2
324.9
628.1
529.1
222.8
628.1
730.2
730.2
420.8
420.8
15.5
324.9
420.8
420.8
324.9
420.8
324.9
117.6
324.9
730.2
324.9
222.8
420.8
628.1
529.1
324.9
-80.4
324.9
324.9
420.8
730.2
324.9
324.9
420.8
420.8
934.4
117.6
324.9
324.9
117.6
117.6
529.1
529.1
420.8
117.6
529.1
529.1
324.9
420.8
420.8
529.1
324.9
222.8
420.8
420.8
324.9
628.1
324.9
324.9
420.8
420.8
529.1
420.8
529.1
420.8
222.8
628.1
529.1
420.8
628.1
529.1
628.1
420.8
529.1
324.9
628.1
420.8
420.8
420.8
324.9
835.4
628.1
-80.4
420.8
420.8
420.8
529.1
835.4
529.1
420.8
628.1
835.4
529.1
324.9
420.8
835.4
835.4
628.1
628.1
117.6
420.8
324.9
324.9
420.8
324.9
420.8
529.1
420.8
324.9
222.8
420.8
324.9
420.8
222.8
529.1
324.9
222.8
730.2
420.8
324.9
628.1
222.8
324.9
529.1
420.8
324.9
324.9
529.1
730.2
222.8
324.9
529.1
934.4
420.8
529.1
628.1
1033.4
-80.4
324.9
1240.7
529.1
934.4
2054.5
324.9
1240.7
1646.1
1033.4
934.4
1441.9
1850.3
1033.4
1033.4
222.8
-185.6
117.6
324.9
1033.4
1547.1
1339.7
1033.4
222.8
-185.6
-485.8
117.6
117.6
835.4
1339.7
1240.7
1850.3
1441.9
1441.9
1441.9
1141.7
730.2
1240.7
1547.1
1240.7
1441.9
1141.7
730.2
1141.7
1339.7
1441.9
1646.1
1952.4
1952.4
1745.1
1547.1
1339.7
1441.9
1547.1
1547.1
934.4
934.4
1033.4
1646.1
1441.9
1339.7
1745.1
1441.9
1745.1
1547.1
1646.1
1745.1
1646.1
1646.1
1850.3
1952.4
2255.6
2565.0
2970.3
2565.0
2255.6
2255.6
2054.5
2159.7
2054.5
1952.4
2462.9
2357.7
1952.4
2054.5
2054.5
2054.5
2565.0
2462.9
2868.2
2660.9
2970.3
2660.9
2970.3
2462.9
2660.9
2660.9
2255.6
2769.2
2868.2
2868.2
3069.4
2660.9
2769.2
2970.3
2868.2
3375.7
3174.6
3069.4
3579.9
3480.9
3787.2
3787.2
3985.2
4396.7
4495.7
4699.9
4495.7
4699.9
4291.5
4805.1
4699.9
4901.1
5003.2
4699.9
4901.1
5003.2
5210.5
4901.1
5108.4
5210.5
5309.5
5414.7
5615.8
5513.7
5820.0
5717.9
6027.3
6330.5
6027.3
6126.3
6432.6
6432.6
6735.9
6531.7
6735.9
6432.6
6630.7
6940.1
6838.0
7045.3
6735.9
7045.3
7141.2
7348.5
7654.8
7348.5
7450.6
7753.8
7753.8
7958.0
7753.8
8060.1
8162.3
8261.3
8366.5
8567.6
8672.8
8366.5
8672.8
8567.6
8672.8
8976.0
8976.0
8976.0
8870.8
8976.0
8870.8
9282.3
9690.7
9690.7
9888.8
9888.8
9789.8
9994.0
10195.1
9888.8
10402.4
10195.1
10402.4
10603.5
10402.4
10807.7
10603.5
11110.9
10912.9
11318.2
10912.9
11516.3
11318.2
11723.6
11723.6
11927.8
12029.9
11930.9
12234.1
12435.2
12234.1
12128.9
12128.9
12639.4
12336.2
12435.2
12843.6
13047.8
12945.7
13146.9
13558.4
13146.9
13660.5
13861.6
13660.5
14065.8
14369.0
14167.9
14474.2
14879.6
14675.3
15080.7
15185.9
15288.0
15288.0
15693.3
15798.5
15798.5
15900.6
16101.7
16305.9
16408.0
16408.0
16609.2
16711.3
17119.7
17320.8
17119.7
17221.8
17627.1
18038.6
17933.4
18236.7
18038.6
18338.8
18642.0
18444.0
18444.0
18951.4
19053.5
18546.1
19254.6
18849.3
19359.8
19461.9
19461.9
19359.8
19768.2
19966.3
19867.3
19768.2
20071.5
20173.6
20578.9
20684.1
20882.1
21089.4
20987.3
20987.3
21293.6
21600.0
21900.1
21699.0
21600.0
21900.1
22311.6
22413.7
22512.7
22716.9
23122.3
22924.2
23635.9
23227.5
23527.6
23527.6
23734.9
23837.0
23635.9
24140.2
24551.7
24653.8
24653.8
24858.1
24858.1
25161.3
25362.4
25569.7
25464.5
25569.7
25161.3
25975.0
25975.0
26380.4
26281.3
26584.6
26488.6
26894.0
27299.3
26993.0
27401.4
28007.9
27809.8
28215.2
28521.5
28317.3
28521.5
28722.6
28824.7
29028.9
29332.1
29437.3
29743.6
29638.4
29842.7
30350.1
30149.0
30557.4
30557.4
30761.6
30860.6
31166.9
31269.0
31269.0
31470.2
31470.2
31677.5
32082.8
31977.6
32590.2
32695.4
32896.5
33407.1
33305.0
33608.2
33710.3
33914.5
34019.7
34322.9
34527.1
35034.6
35136.7
35340.9
35340.9
35542.0
35647.2
35848.3
35848.3
36154.6
36355.8
36457.9
36665.2
36665.2
37172.6
37475.8
37070.5
37475.8
37475.8
37274.7
37782.1
37887.3
38190.6
38500.0
38698.0
39004.3
39004.3
38905.3
38905.3
39716.0
39616.9
39514.8
39920.2
40022.3
40022.3
40532.8
40532.8
40532.8
40532.8
41244.4
41343.5
41550.8
41649.8
41956.1
42160.3
42262.4
42565.6
42565.6
43076.2
43280.4
43280.4
43790.9
43790.9
43790.9
44094.1
44706.7
44502.5
44907.9
44601.5
45115.2
45520.5
45619.5
45925.8
45724.7
46031.0
46535.4
46841.7
46841.7
47148.0
47148.0
47553.3
47856.6
48271.2
48271.2
48271.2
48676.5
48775.5
48982.8
49487.1
49595.4
49595.4
49793.5
49793.5
50096.7
50205.0
50508.2
50610.3
50508.2
51114.6
51321.9
51628.3
51931.5
51727.3
52336.8
52240.9
52646.2
52949.4
52949.4
53766.3
53661.1
53868.4
53766.3
54375.8
54171.6
54577.0
54985.4
55189.6
55396.9
55594.9
55697.0
55901.2
56207.5
56411.8
56817.1
56721.2
57222.4
57126.5
57531.8
57630.8
57835.0
58042.3
58141.4
58651.9
58651.9
58348.7
59057.2
59159.3
59564.7
59564.7
59669.8
59871.0
59976.2
60588.8
60786.8
60687.8
61297.4
61606.8
61399.5
61606.8
62417.4
61702.7
62216.3
62417.4
62516.4
62927.9
63333.3
63234.3
63846.9
63942.8
64044.9
64252.2
64450.2
64756.6
64963.9
64861.8
64756.6
65474.4
65573.4
65774.5
66387.2
66182.9
66492.4
66795.6
66897.7
67405.1
67507.2
67708.3
67405.1
67708.3
68119.9
68317.9
68831.5
69236.8
69642.2
70050.6
70050.6
70152.7
70558.0
70867.4
70765.3
71378.0
71272.8
71681.2
71477.0
72089.6
72392.8
72593.9
72798.1
72900.3
73203.5
73410.8
73512.9
73921.3
74329.7
74122.4
74527.8
74633.0
74942.4
74834.1
75551.9
75551.9
75957.2
75957.2
76158.3
76767.9
76873.1
77278.4
77179.4
77587.8
77891.0
77891.0
77891.0
78398.5
78701.7
78500.6
79113.2
79008.0
79314.3
79620.7
79923.9
80131.2
80026.0
80536.5
81146.0
80842.8
81350.3
81455.5
81653.5
81758.7
82371.3
82878.7
82371.3
82776.6
83182.0
83284.1
83488.3
83794.6
84100.9
84203.0
84506.2
84911.6
84809.5
85217.9
85422.1
85524.2
86031.6
85830.5
86235.9
86644.3
86848.5
86746.4
87151.7
87151.7
87458.0
87764.3
87968.6
87968.6
88271.8
88271.8
88779.2
89088.6
89391.8
89497.0
89596.1
90310.8
90409.8
90511.9
90511.9
91019.3
91328.8
91529.9
91836.2
92241.5
92343.6
92343.6
92550.9
92956.3
93259.5
93466.8
93770.0
94076.3
94481.6
94788.0
94890.1
95295.4
95397.5
95904.9
95904.9
95904.9
96517.6
96619.7
97028.1
96823.9
97127.1
97841.8
97637.6
97739.7
98145.1
98247.2
98352.4
98961.9
99064.0
99469.3
99268.2
99469.3
100286.2
100592.5
100592.5
100385.2
101099.9
101403.2
101403.2
101709.5
101607.4
102220.0
102625.3
102526.3
102727.4
102832.6
103337.0
103745.4
103745.4
103847.5
104048.6
104156.9
104562.2
104766.5
105069.7
105270.8
105171.8
105784.4
105784.4
106087.6
106493.0
106288.8
106802.4
106595.1
106898.3
107309.8
107309.8
107510.9
108222.6
108324.7
108528.9
108835.2
109240.5
109345.7
109853.2
110057.4
109955.3
110462.7
110868.0
110769.0
111075.3
111177.4
111177.4
111886.0
111378.6
111886.0
112297.5
112396.5
112702.8
113213.4
112910.1
113417.6
113928.1
114024.0
114024.0
114432.4
114432.4
114943.0
114943.0
115858.8
115555.6
115555.6
116063.0
116063.0
116471.5
117077.9
117077.9
117183.1
117384.2
117588.4
117588.4
117897.8
118303.2
118606.4
118813.7
119011.7
119318.0
119624.4
120035.9
120134.9
119729.6
120846.5
120948.6
121152.8
120948.6
121357.1
121558.2
122068.7
122068.7
122170.8
122681.3
123294.0
123086.7
123188.8
123897.3
123897.3
124203.6
124714.2
124510.0
125023.6
125221.6
125428.9
125428.9
126038.4
125732.1
126137.5
126549.0
126651.1
126852.2
126750.1
127155.4
127669.0
127359.6
127873.2
127873.2
128278.6
128482.8
128584.9
128786.0
128990.2
129089.2
129503.8
129503.8
130005.1
130113.4
130413.5
130719.8
130617.7
131026.1
131131.3
131434.6
131434.6
131635.7
131635.7
132347.3
132245.2
132347.3
132758.8
133263.2
133569.5
133875.8
133674.7
133875.8
134389.4
134182.1
134587.5
134999.0
135098.0
135200.1
135302.2
135404.3
136422.3
136115.9
136422.3
136725.5
136524.4
137232.9
137232.9
137644.4
137743.4
137845.6
138151.9
138560.3
138662.4
138764.5
139067.7
139370.9
139473.1
139779.4
140085.7
139983.6
140392.0
140596.2
140797.3
141205.8
141100.6
141512.1
142019.5
142019.5
142325.8
142530.0
142833.3
142935.4
143445.9
143244.8
143445.9
143851.2
144055.4
144259.6
144358.6
144566.0
144566.0
144770.2
144971.3
145073.4
145580.8
145682.9
145890.2
146091.3
146193.5
146704.0
146499.8
147112.4
147211.4
147616.7
147616.7
147821.0
148433.6
148433.6
148535.7
149145.2
148944.1
149145.2
149550.6
149451.5
149451.5
149856.9
150061.1
150466.4
150571.6
150775.8
151181.2
150775.8
151592.7
151688.6
151895.9
151592.7
151895.9
152301.2
152199.1
152502.3
152502.3
152913.9
153111.9
153523.4
153421.3
153724.5
153421.3
154030.8
154132.9
154337.1
154132.9
154541.4
155352.0
155048.8
155154.0
155559.3
155661.4
155865.6
155559.3
156478.3
156781.5
156676.3
156676.3
156982.6
157394.1
157394.1
157592.1
158105.8
158000.6
158306.9
158511.1
158610.1
158916.4
159222.7
159222.7
159529.1
159631.2
159733.3
160039.6
160240.7
160649.1
160751.2
160952.3
161054.4
161054.4
161459.8
161561.9
161973.4
161973.4
162174.5
162174.5
162685.0
162991.4
163090.4
163396.7
163604.0
163604.0
163907.2
164111.4
163907.2
164414.6
164618.9
164516.8
165126.3
164717.9
165231.5
165231.5
165940.0
165636.8
165940.0
166144.3
166042.1
166552.7
166447.5
166654.8
167060.1
167165.3
167264.3
167471.6
167471.6
168078.1
167877.0
168180.2
168282.3
168588.6
168687.6
168993.9
168894.9
169099.1
169099.1
168997.0
169198.1
169402.3
169705.6
170219.2
170219.2
170318.2
170318.2
170624.5
170825.6
171135.0
171135.0
171642.5
171333.1
171744.6
171945.7
172050.9
172149.9
172252.0
172149.9
172357.2
172660.4
172864.7
172762.5
173375.2
173270.0
173573.2
173573.2
173879.5
173879.5
173984.7
174390.0
174291.0
174591.2
174591.2
174591.2
175104.8
175002.7
175408.0
175305.9
175615.3
175510.1
175813.3
175813.3
176119.7
176327.0
176426.0
176630.2
176732.3
176831.3
177344.9
177242.8
177242.8
177546.0
177648.1
177954.5
177954.5
178458.8
178260.8
178666.1
178458.8
178567.1
179377.7
179176.6
179482.9
179783.1
179888.3
179681.0
180194.6
180395.7
180395.7
180698.9
180698.9
180906.2
180906.2
181212.6
181110.4
181212.6
181515.8
181825.2
181720.0
182326.4
182128.4
182128.4
182023.2
182434.7
182533.7
182635.8
182635.8
182533.7
183347.5
183146.4
183452.7
183551.7
183551.7
183858.0
183858.0
183755.9
184065.3
184263.3
184368.5
184470.6
184368.5
184566.6
184876.0
184975.0
184876.0
185080.2
185485.5
185386.5
185281.3
185386.5
185692.8
185890.8
185791.8
185890.8
185890.8
186197.2
186401.4
186503.5
186605.6
186710.8
186710.8
187014.0
187116.1
187116.1
187419.3
187419.3
187827.8
187725.6
187725.6
187626.6
187933.0
188338.3
188131.0
188437.3
188743.6
188338.3
188641.5
189046.8
188950.9
188950.9
189254.1
189046.8
189254.1
189560.5
189455.3
189659.5
189659.5
189965.8
189860.6
190166.9
190578.4
190473.2
190677.4
190578.4
190578.4
190578.4
190473.2
191287.0
191085.8
191287.0
190983.7
191191.0
191491.2
191794.4
191794.4
191794.4
192100.7
192100.7
192001.7
192205.9
192205.9
192407.0
192407.0
192818.5
192713.3
193016.6
193016.6
193016.6
193326.0
193121.8
193016.6
193836.5
193527.1
194139.7
193935.5
193629.2
193629.2
194241.8
194241.8
194545.1
194139.7
194446.0
194446.0
194647.2
194545.1
195052.5
194749.3
195157.7
195256.7
195157.7
195157.7
195256.7
195464.0
195157.7
195662.0
195767.2
195358.8
195767.2
195767.2
195971.4
195971.4
195869.3
195971.4
196073.5
195869.3
195767.2
195971.4
196172.6
196073.5
196172.6
196073.5
196274.7
196274.7
196680.0
196785.2
196680.0
196680.0
196680.0
196785.2
196986.3
196887.3
196887.3
196887.3
197091.5
197091.5
197704.1
197193.6
197394.7
197496.8
197496.8
198007.4
197598.9
198109.5
197806.2
198109.5
198211.6
198412.7
198412.7
198616.9
198211.6
198412.7
198211.6
198211.6
198514.8
198514.8
198514.8
198920.1
198616.9
198920.1
198920.1
198821.1
198920.1
198920.1
199025.3
199331.6
198920.1
199634.9
199226.4
199433.7
199634.9
199737.0
199737.0
199433.7
199634.9
199737.0
199938.1
200142.3
200244.4
199839.1
199737.0
200244.4
200046.4
200142.3
200349.6
200451.7
200142.3
200142.3
200244.4
200349.6
200142.3
200349.6
200451.7
200754.9
200754.9
200547.6
200652.8
200857.0
200754.9
200959.1
200857.0
201160.3
200754.9
200857.0
200857.0
201061.2
200857.0
200959.1
201160.3
200959.1
200959.1
201061.2
200652.8
201466.6
201265.5
201367.6
201367.6
201367.6
201061.2
200959.1
201160.3
201571.8
201265.5
201265.5
201061.2
201061.2
200959.1
201061.2
201265.5
201265.5
201061.2
200959.1
200959.1
201265.5
201160.3
201061.2
201265.5
200959.1
201466.6
200959.1
201265.5
201466.6
201061.2
200959.1
200857.0
201265.5
201466.6
201571.8
200959.1
201160.3
201367.6
201466.6
201265.5
201571.8
201466.6
201367.6
201673.9
201772.9
201265.5
201367.6
201871.9
201571.8
201673.9
201772.9
201571.8
201977.1
201977.1
201772.9
201871.9
201871.9
202079.2
201871.9
202178.2
201673.9
202079.2
202079.2
201871.9
202178.2
201772.9
202079.2
202079.2
201772.9
201772.9
201673.9
202286.5
201673.9
201871.9
201772.9
201772.9
201673.9
201871.9
201673.9
201673.9
201466.6
201367.6
201367.6
201571.8
201367.6
201871.9
201367.6
201367.6
201265.5
201571.8
201466.6
201367.6
201265.5
201265.5
201265.5
201466.6
201466.6
201367.6
201061.2
201160.3
201160.3
201160.3
200959.1
201466.6
201466.6
201265.5
201265.5
200857.0
201160.3
200451.7
200857.0
200754.9
201061.2
200652.8
200547.6
200857.0
200547.6
200451.7
200547.6
200349.6
200142.3
200142.3
200451.7
200451.7
200451.7
200451.7
200244.4
200046.4
199938.1
200046.4
200046.4
200046.4
199839.1
199839.1
200046.4
199532.8
199839.1
199634.9
199532.8
199737.0
199532.8
199433.7
199433.7
199433.7
199634.9
199226.4
199634.9
198920.1
199532.8
199532.8
198920.1
199433.7
198920.1
199025.3
198821.1
198722.1
199127.4
198920.1
199127.4
198821.1
198821.1
198920.1
198920.1
199025.3
199025.3
198514.8
198307.5
198920.1
198412.7
198412.7
198514.8
198211.6
198722.1
198616.9
198412.7
198307.5
198109.5
198307.5
198109.5
198007.4
197598.9
198007.4
197902.2
197496.8
197806.2
197394.7
197598.9
197193.6
197496.8
197193.6
197091.5
196887.3
197193.6
196986.3
196482.0
197091.5
196680.0
196581.0
196581.0
196073.5
196581.0
196172.6
196073.5
196073.5
195869.3
195971.4
195869.3
195767.2
195358.8
195256.7
195358.8
195358.8
195358.8
195256.7
194851.4
194851.4
194647.2
195052.5
194953.5
194749.3
194446.0
194749.3
194545.1
194446.0
194446.0
194034.5
194241.8
194545.1
194241.8
194034.5
194034.5
194241.8
193629.2
193935.5
193836.5
193629.2
193421.9
193121.8
193421.9
193016.6
192917.6
192818.5
193016.6
192713.3
192818.5
192304.9
192304.9
192512.2
192304.9
191899.6
191794.4
192100.7
192001.7
192001.7
191695.4
190983.7
191695.4
191491.2
190983.7
191085.8
190881.6
190776.4
190881.6
190677.4
190776.4
190473.2
190677.4
190473.2
190272.1
190578.4
189965.8
189965.8
190064.8
189965.8
189761.6
189560.5
189860.6
189455.3
189659.5
189860.6
189254.1
189356.2
189148.9
189046.8
189254.1
188641.5
188641.5
188743.6
188338.3
188743.6
188233.1
187827.8
188032.0
187827.8
187626.6
187419.3
187521.4
187215.1
187320.3
187116.1
186806.7
186710.8
186908.8
186605.6
186503.5
186305.5
186503.5
185996.0
185996.0
185890.8
185890.8
185791.8
185587.6
185080.2
185281.3
184975.0
184876.0
184668.7
184368.5
184566.6
184161.2
184368.5
183755.9
183858.0
183858.0
183347.5
183347.5
183347.5
183146.4
183146.4
182635.8
182939.1
182533.7
182635.8
182533.7
182230.5
182635.8
182434.7
182023.2
181825.2
181825.2
181515.8
181617.9
181110.4
181617.9
181110.4
180807.2
180599.9
180906.2
180500.9
180698.9
180500.9
180599.9
180086.3
180293.6
179681.0
179990.4
179783.1
179585.1
179482.9
179176.6
179275.6
179071.4
178972.4
178765.1
178765.1
178260.8
178458.8
178260.8
178260.8
177954.5
177440.8
177750.2
177546.0
176939.6
177242.8
177137.6
176831.3
176732.3
176732.3
176119.7
176218.7
176119.7
175918.5
175714.3
175305.9
175615.3
175714.3
175002.7
175305.9
175200.7
174897.5
174795.4
174591.2
174591.2
174492.2
174086.8
173984.7
173780.5
174185.8
173573.2
173167.9
173573.2
173375.2
173065.8
172864.7
172459.3
172459.3
172459.3
172357.2
172459.3
172149.9
171945.7
171540.4
171438.3
171234.1
171032.9
170729.7
170420.3
170318.2
170318.2
169810.8
170219.2
169810.8
169504.5
169402.3
169198.1
168588.6
168993.9
168489.6
168384.4
168282.3
167979.1
168384.4
167979.1
168180.2
167366.4
167471.6
167264.3
166958.0
166859.0
166654.8
166447.5
166249.5
166249.5
166249.5
165940.0
165636.8
165534.7
165844.1
165330.5
164925.2
165330.5
164820.0
164820.0
164618.9
164213.5
164414.6
164414.6
163907.2
163699.9
163699.9
163396.7
163090.4
163294.6
162685.0
162685.0
162480.8
162991.4
162279.7
162279.7
162174.5
161871.3
161459.8
161258.7
161363.9
161459.8
161054.4
160547.0
160547.0
160039.6
160240.7
159832.3
159733.3
159426.9
159529.1
159529.1
159426.9
159021.6
158814.3
158718.4
158511.1
158306.9
157901.6
158105.8
157288.9
157394.1
157493.1
157288.9
156781.5
156781.5
156478.3
156574.2
156066.7
155865.6
155661.4
155661.4
155460.3
154946.7
155154.0
154847.7
154643.5
154541.4
154643.5
154337.1
154030.8
153829.7
153625.5
153111.9
153421.3
153319.2
152706.5
152502.3
152913.9
152502.3
152301.2
151691.7
151484.4
151484.4
151385.4
151283.3
150871.7
150268.4
150980.0
150367.4
149856.9
149757.9
149451.5
149244.2
149043.1
149244.2
148739.9
148535.7
148535.7
148331.5
148028.3
147923.1
147415.6
147616.7
147112.4
146704.0
146598.8
146905.1
146704.0
146598.8
145986.1
146091.3
145986.1
145682.9
145580.8
145382.8
145073.4
145277.6
144665.0
144358.6
144259.6
144566.0
143851.2
143953.3
143650.1
143340.7
143142.7
143142.7
143037.5
142632.1
142935.4
142632.1
142325.8
142019.5
141920.5
141713.2
141611.1
141410.0
141410.0
140902.5
141100.6
140596.2
140392.0
140289.9
139983.6
139578.3
139370.9
139473.1
139275.0
138860.4
138860.4
138860.4
138151.9
138049.8
137845.6
137743.4
137232.9
137133.9
136932.8
136827.6
136320.2
136422.3
136016.9
135710.6
135503.3
135911.7
135098.0
135098.0
134794.8
134587.5
134284.2
134389.4
133875.8
133674.7
133674.7
133371.5
133164.2
133062.1
132758.8
132960.0
132347.3
132347.3
132044.1
131942.0
131740.9
131329.4
131434.6
130924.0
130719.8
130314.5
130518.7
130005.1
130005.1
129599.8
129296.5
129296.5
128891.2
128786.0
128683.9
128584.9
128278.6
128074.4
127669.0
127669.0
127566.9
127359.6
126954.3
127056.4
126549.0
126443.8
126443.8
125834.2
125633.1
125732.1
125326.8
125119.5
124921.5
125023.6
124615.2
124410.9
124308.8
123897.3
123699.3
123594.1
123393.0
123393.0
122783.4
122879.4
122576.1
122375.0
121963.5
121459.2
121663.4
121357.1
121357.1
121152.8
120639.2
120744.4
120744.4
120336.0
119930.7
119930.7
120035.9
119729.6
119525.3
119423.2
119116.9
118912.7
118912.7
118813.7
118408.4
118201.1
117795.7
117690.5
117588.4
117489.4
117183.1
116876.8
116672.6
116672.6
116471.5
115753.6
116168.2
115348.3
115144.1
115144.1
114844.0
114432.4
114231.3
114024.0
114024.0
113822.9
113315.5
113417.6
113108.2
112297.5
112603.8
112603.8
112195.4
111991.2
111787.0
111480.7
111177.4
110973.2
110564.8
110769.0
110258.5
109955.3
110057.4
109853.2
109546.9
109652.1
109138.4
108733.1
108937.3
108733.1
107510.9
108024.6
107613.0
107309.8
107000.4
107613.0
106898.3
106898.3
106493.0
106087.6
106087.6
105676.1
105577.1
105676.1
105372.9
105069.7
104766.5
104658.2
104658.2
104252.8
104252.8
104156.9
103745.4
103643.3
103544.3
103238.0
102931.7
103030.7
102625.3
102220.0
102114.8
102012.7
101709.5
101505.3
101505.3
101099.9
100592.5
100790.5
100082.0
100082.0
100181.0
100181.0
99367.2
99676.7
99367.2
99064.0
98859.8
98658.7
98658.7
98352.4
98145.1
97841.8
97535.5
97637.6
97229.2
96922.9
96922.9
96619.7
96721.8
96214.3
95904.9
95904.9
95397.5
95499.6
95196.4
95397.5
94788.0
94481.6
94382.6
94076.3
94076.3
93770.0
93466.8
93466.8
93259.5
92854.1
92649.9
92448.8
92343.6
92241.5
91836.2
91836.2
91632.0
91424.7
90821.3
91328.8
90614.0
90103.5
90511.9
89902.4
89797.2
89497.0
89391.8
89088.6
88779.2
88476.0
88476.0
88271.8
87863.4
87968.6
87563.2
87151.7
87049.6
86746.4
86644.3
86341.1
86341.1
85935.7
85935.7
85524.2
85524.2
84710.5
85118.9
84911.6
84506.2
84404.1
84404.1
84100.9
84404.1
83893.6
83590.4
82878.7
83182.0
83083.0
82776.6
82776.6
82371.3
82371.3
82065.0
81962.9
82065.0
81350.3
81554.5
81050.1
80941.8
80740.7
80536.5
80638.6
80026.0
80131.2
79620.7
79413.3
79518.5
79008.0
78909.0
78810.0
78909.0
78602.7
78197.4
77891.0
77891.0
77485.7
77683.7
77380.5
76767.9
76362.6
76668.9
76263.5
76263.5
76461.6
75855.1
75650.9
75650.9
75650.9
74939.3
74527.8
74633.0
74428.7
74122.4
74122.4
73921.3
73512.9
73311.8
73311.8
73615.0
72798.1
72798.1
72798.1
72290.7
72089.6
72188.6
71681.2
71170.6
71576.0
71378.0
70963.3
70867.4
70360.0
70360.0
70360.0
69948.5
69441.0
69642.2
69642.2
69035.7
69035.7
68729.4
68729.4
68627.3
68317.9
68317.9
68014.7
68014.7
67303.0
67405.1
66996.7
67101.9
66795.6
66690.4
66182.9
66077.7
65879.7
65672.4
65672.4
65369.2
65168.1
65062.9
64963.9
64555.4
64555.4
64351.2
64044.9
64044.9
63942.8
63846.9
63432.3
63234.3
63027.0
63333.3
62723.7
62516.4
62417.4
62216.3
61910.0
61501.6
61501.6
61297.4
61399.5
61096.2
60888.9
60588.8
60588.8
60483.6
60483.6
59976.2
59976.2
59772.0
59772.0
59462.5
59366.6
59159.3
59261.4
58754.0
58651.9
58546.7
58447.7
58243.5
58141.4
58348.7
57630.8
57531.8
57429.7
57324.5
56919.2
57024.4
56721.2
56306.6
56306.6
56207.5
56207.5
55697.0
55594.9
55396.9
54886.4
54985.4
54985.4
54577.0
54375.8
54066.4
54066.4
53967.4
53661.1
53463.1
53463.1
53156.8
53354.8
52850.4
53255.8
52336.8
52336.8
52033.6
52033.6
52033.6
52138.8
51628.3
51421.0
51015.6
51114.6
50508.2
50709.3
50508.2
50304.0
50610.3
50096.7
49898.7
49793.5
49793.5
49595.4
49388.1
49081.8
48676.5
49081.8
48775.5
48370.2
48469.2
48166.0
48166.0
47856.6
47553.3
47451.2
47148.0
46841.7
46946.9
46946.9
46535.4
46640.6
46334.2
46130.0
46031.0
45925.8
45619.5
45823.7
45619.5
45418.4
45211.1
44601.5
45211.1
44907.9
44907.9
45013.1
44400.4
44196.2
43889.9
43889.9
43889.9
43280.4
43583.6
43280.4
43280.4
43280.4
42772.9
42875.0
42772.9
42565.6
42160.3
41956.1
42262.4
41956.1
41550.8
41857.1
41649.8
41448.7
41343.5
41145.4
41145.4
40938.1
40836.0
40427.6
40427.6
40634.9
40634.9
40022.3
40022.3
39716.0
39716.0
39716.0
39310.6
39310.6
39004.3
38698.0
38905.3
38905.3
38698.0
38292.7
37887.3
37986.3
37887.3
37887.3
37376.8
37475.8
37376.8
37070.5
36767.3
36665.2
36457.9
36767.3
36355.8
36154.6
35950.4
36052.5
35950.4
35950.4
35542.0
35439.9
35235.7
34830.4
34935.6
35235.7
34728.3
34629.2
34425.0
34322.9
34217.7
34115.6
34019.7
33710.3
33914.5
33407.1
33407.1
33710.3
33305.0
33001.7
32695.4
32896.5
32794.4
32590.2
32287.0
32695.4
32287.0
32287.0
32287.0
32184.9
31878.6
31878.6
31677.5
31572.3
31470.2
31269.0
31269.0
31064.8
31166.9
31166.9
30761.6
30761.6
30248.0
30557.4
30248.0
30455.3
29944.8
30050.0
29842.7
29539.4
29638.4
29638.4
29332.1
28926.8
29638.4
28926.8
28926.8
28620.5
28824.7
28722.6
28722.6
28620.5
28416.3
28215.2
28007.9
28007.9
27908.8
28317.3
28007.9
27704.6
27704.6
27401.4
27809.8
27092.0
27197.2
27299.3
26894.0
26788.8
26993.0
26788.8
26788.8
26894.0
26584.6
26179.2
26179.2
25975.0
26179.2
25362.4
26179.2
25569.7
25263.4
25876.0
25362.4
25362.4
24957.1
25161.3
24858.1
24752.9
24551.7
24653.8
24446.5
24653.8
24446.5
24344.4
24041.2
24041.2
23837.0
23939.1
23431.7
23329.6
23227.5
23329.6
23227.5
23329.6
23227.5
23023.2
22617.9
22617.9
22924.2
22716.9
22617.9
22413.7
22107.4
22311.6
22206.4
22311.6
22107.4
22008.4
22107.4
22107.4
21801.1
21900.1
22107.4
21699.0
21600.0
21699.0
21494.8
21293.6
21699.0
21494.8
20987.3
21293.6
20987.3
21089.4
21191.5
20786.2
20882.1
20684.1
20684.1
20786.2
20476.8
20476.8
20578.9
20173.6
20476.8
20071.5
20071.5
19966.3
20071.5
20173.6
19966.3
19666.1
19867.3
19867.3
19560.9
19768.2
19560.9
19666.1
19155.6
19359.8
19155.6
19359.8
19254.6
18849.3
19560.9
18747.2
18849.3
18747.2
18951.4
18546.1
18747.2
18546.1
18747.2
18546.1
18338.8
18140.7
18236.7
17933.4
17831.3
18038.6
17729.2
17729.2
18140.7
17933.4
17729.2
17320.8
17627.1
17831.3
17627.1
17627.1
17320.8
17528.1
17627.1
17221.8
17014.5
17320.8
17119.7
17119.7
17014.5
17014.5
16915.5
17014.5
16915.5
17014.5
16813.4
16609.2
16305.9
16305.9
16408.0
16510.2
16408.0
16408.0
15900.6
16203.8
16305.9
16101.7
15798.5
16101.7
15996.5
15591.2
15798.5
16203.8
15798.5
16101.7
15591.2
15591.2
15900.6
15798.5
15798.5
15693.3
15693.3
15489.1
15591.2
15693.3
15693.3
15591.2
15591.2
15591.2
15489.1
15288.0
15387.0
15798.5
15693.3
15489.1
15591.2
15900.6
15288.0
15080.7
15288.0
15080.7
15185.9
15489.1
15185.9
15591.2
15185.9
14879.6
15185.9
15489.1
15080.7
14981.7
14981.7
15387.0
15288.0
14981.7
15080.7
14981.7
14879.6
14879.6
15185.9
14780.5
14879.6
14780.5
14576.3
14780.5
14981.7
14780.5
14675.3
14675.3
14576.3
14474.2
14675.3
14369.0
14576.3
14780.5
14576.3
14879.6
14369.0
14369.0
14675.3
14576.3
14369.0
14369.0
14369.0
14270.0
14270.0
14065.8
14576.3
14270.0
14167.9
14270.0
14270.0
14167.9
14576.3
14369.0
14270.0
14270.0
14474.2
14474.2
14270.0
14474.2
14369.0
14270.0
14270.0
14065.8
14270.0
14167.9
14474.2
14167.9
14369.0
14369.0
14369.0
14167.9
14369.0
14270.0
14369.0
14369.0
14369.0
14065.8
13963.7
14369.0
14270.0
14576.3
14369.0
14167.9
14576.3
14576.3
14576.3
14167.9
14474.2
14369.0
14675.3
14474.2
14576.3
14675.3
14576.3
14369.0
14675.3
14675.3
15080.7
14879.6
14576.3
14780.5
15185.9
14981.7
14576.3
14780.5
14981.7
14780.5
14981.7
14780.5
15080.7
14780.5
15080.7
14879.6
15288.0
15185.9
15185.9
15387.0
15489.1
15387.0
15288.0
15080.7
15387.0
15591.2
15387.0
15591.2
15185.9
15080.7
15693.3
15387.0
15288.0
15387.0
15489.1
15387.0
15693.3
15185.9
15798.5
15693.3
15591.2
15693.3
15798.5
15288.0
15693.3
15591.2
15489.1
15693.3
15693.3
15900.6
15996.5
15900.6
15798.5
15591.2
16305.9
15996.5
15900.6
16203.8
15900.6
16203.8
16203.8
16203.8
16305.9
16408.0
16609.2
16203.8
16203.8
16813.4
16510.2
16609.2
16408.0
16510.2
16711.3
16813.4
17014.5
16609.2
16609.2
17014.5
17014.5
17014.5
17320.8
17119.7
17320.8
17119.7
17320.8
16915.5
17627.1
17426.0
17426.0
17426.0
17426.0
17426.0
17528.1
17627.1
17831.3
17831.3
18038.6
18338.8
18236.7
17933.4
18444.0
18444.0
18444.0
18140.7
18140.7
18546.1
18642.0
18951.4
18849.3
18849.3
18546.1
18951.4
18849.3
18546.1
19053.5
19155.6
19155.6
19254.6
19155.6
19254.6
19155.6
19768.2
19560.9
19359.8
19966.3
19867.3
19666.1
19867.3
20071.5
20377.8
20071.5
20071.5
20173.6
19966.3
20272.6
20272.6
20578.9
20684.1
20684.1
20476.8
20882.1
20476.8
20684.1
20882.1
21191.5
21191.5
20987.3
21191.5
21293.6
21191.5
21600.0
21293.6
21494.8
21699.0
21699.0
21699.0
21699.0
21801.1
21699.0
21801.1
21900.1
21699.0
22107.4
22413.7
22206.4
22311.6
22107.4
22716.9
22206.4
22819.0
22617.9
22617.9
22924.2
22924.2
22924.2
23122.3
23023.2
23227.5
23431.7
23431.7
23227.5
23026.3
23527.6
23939.1
23734.9
23734.9
23837.0
24248.5
24041.2
24653.8
24446.5
24653.8
24858.1
24858.1
25161.3
25464.5
25362.4
25464.5
25569.7
25464.5
25569.7
25569.7
25671.8
25975.0
25975.0
25767.7
25975.0
26281.3
26179.2
26380.4
26380.4
26686.7
26488.6
26584.6
26894.0
26788.8
26788.8
27092.0
27401.4
27401.4
27299.3
27704.6
27602.5
27809.8
27503.5
28007.9
27809.8
28007.9
28317.3
28215.2
27908.8
28116.1
28620.5
28521.5
28416.3
28926.8
29134.1
28926.8
29134.1
29028.9
29134.1
29437.3
29332.1
29332.1
29743.6
29944.8
30050.0
30149.0
29638.4
29842.7
29944.8
30248.0
30455.3
30962.7
30761.6
30656.4
30962.7
30761.6
31064.8
31064.8
31374.2
31374.2
31269.0
31878.6
31878.6
31977.6
31779.6
32184.9
31878.6
32389.1
32488.1
32389.1
32082.8
32590.2
32590.2
32794.4
33202.9
33001.7
33509.2
33509.2
33305.0
33407.1
33608.2
33812.4
34115.6
33812.4
34019.7
34217.7
34217.7
34527.1
34322.9
34830.4
34830.4
35034.6
35235.7
34935.6
35235.7
35542.0
35950.4
35439.9
36052.5
36052.5
36259.8
36355.8
36457.9
36563.1
36767.3
36869.4
36665.2
36968.4
36869.4
37475.8
37680.0
37376.8
37986.3
38088.5
38088.5
37887.3
38698.0
38500.0
38500.0
38698.0
38698.0
38905.3
39103.3
39514.8
39514.8
39103.3
39310.6
39616.9
39616.9
40127.5
40127.5
40022.3
40226.5
40226.5
40427.6
40427.6
40634.9
40532.8
40634.9
41343.5
41040.2
41040.2
41448.7
41448.7
41956.1
41857.1
41956.1
41956.1
42361.4
42361.4
42466.6
42565.6
42772.9
42466.6
42974.0
42772.9
43076.2
43688.8
43583.6
43790.9
43583.6
43889.9
44094.1
43988.9
43988.9
44196.2
44706.7
44907.9
44805.8
45013.1
45418.4
45013.1
45520.5
45115.2
45520.5
45520.5
45925.8
46130.0
46640.6
46130.0
46334.2
46436.4
46436.4
47355.3
46946.9
47045.9
46841.7
47451.2
47451.2
47553.3
47964.8
47964.8
47856.6
48063.9
48370.2
48469.2
48874.5
48676.5
49183.9
49081.8
49487.1
49388.1
49595.4
50000.8
50205.0
50096.7
50205.0
50406.1
50610.3
50610.3
50610.3
50916.6
51421.0
51114.6
51421.0
51727.3
51835.6
51931.5
51835.6
52438.9
52646.2
52544.1
52336.8
53051.6
53156.8
52949.4
53255.8
53661.1
53463.1
53661.1
53766.3
54066.4
53967.4
54171.6
54481.0
54481.0
54784.3
55090.6
55189.6
55396.9
55291.7
55495.9
55594.9
55594.9
55901.2
55802.2
56513.9
56207.5
56306.6
56306.6
56817.1
56817.1
57024.4
57024.4
57222.4
57630.8
57835.0
57835.0
57835.0
57835.0
58141.4
58141.4
58348.7
58447.7
58856.1
58651.9
58961.3
59159.3
59366.6
59462.5
59564.7
59669.8
59669.8
60177.3
60177.3
60483.6
60888.9
60786.8
60786.8
60687.8
61192.2
61297.4
61804.8
61606.8
62111.1
62315.3
62111.1
62417.4
62417.4
62417.4
62723.7
63234.3
63129.1
63333.3
63537.5
63432.3
63846.9
63846.9
64252.2
64450.2
64252.2
64555.4
64756.6
64756.6
65168.1
65062.9
65573.4
65168.1
65879.7
66077.7
66285.1
66285.1
66492.4
66492.4
66492.4
66795.6
66690.4
66996.7
67204.0
67609.3
67507.2
67708.3
67609.3
68317.9
68222.0
68317.9
68525.2
68525.2
68729.4
69137.8
68930.5
69642.2
69236.8
69441.0
69948.5
70254.8
69849.5
70462.1
70462.1
70867.4
70963.3
71272.8
71071.6
71272.8
71272.8
71576.0
71477.0
71987.5
72188.6
72089.6
72798.1
72494.9
72593.9
72702.2
72900.3
72900.3
73107.6
73512.9
73512.9
73717.1
73717.1
73816.1
74023.4
74527.8
74227.6
74329.7
74942.4
74834.1
75551.9
75443.6
75443.6
75443.6
75551.9
75650.9
75957.2
76056.2
76569.9
76362.6
76569.9
76975.2
76767.9
77074.2
77380.5
77485.7
77587.8
77785.8
77993.2
78197.4
78296.4
78701.7
78602.7
78602.7
78810.0
79113.2
79314.3
79824.9
79824.9
79923.9
80026.0
80332.3
80536.5
80437.5
80941.8
80536.5
81350.3
81350.3
81554.5
81455.5
81962.9
81758.7
82164.0
82371.3
82266.1
82677.6
82776.6
82878.7
83182.0
83083.0
83386.2
83893.6
83590.4
83893.6
84305.1
84608.4
84305.1
84506.2
84809.5
84710.5
85118.9
85118.9
85118.9
85217.9
85626.3
85217.9
85830.5
86031.6
86341.1
86443.2
86539.1
86746.4
86746.4
86950.6
87458.0
87355.9
87256.9
87662.2
87662.2
87863.4
88271.8
88271.8
88476.0
88779.2
88884.4
88884.4
89289.7
89497.0
89289.7
89596.1
89797.2
90103.5
90208.7
90409.8
90716.1
90511.9
90821.3
91019.3
91019.3
91529.9
91529.9
91424.7
92037.3
91938.3
91938.3
92037.3
92343.6
92343.6
92448.8
93055.3
92649.9
93259.5
93157.4
93157.4
93361.6
93568.9
93770.0
93568.9
94076.3
94481.6
94481.6
94481.6
94481.6
95094.3
94788.0
95196.4
95196.4
95601.7
95601.7
95601.7
96010.1
96214.3
96112.2
96619.7
96517.6
96721.8
97028.1
97028.1
97334.4
97334.4
97841.8
97739.7
97947.0
98046.1
98352.4
98352.4
98961.9
99064.0
99163.0
99367.2
99367.2
99772.6
99979.9
99979.9
99979.9
99979.9
100592.5
100592.5
100790.5
100790.5
100790.5
101202.0
101505.3
101709.5
101403.2
102012.7
101916.8
101916.8
102322.1
102322.1
102421.1
102931.7
102931.7
102625.3
103238.0
103238.0
103643.3
103643.3
103745.4
103949.6
103949.6
104354.9
104252.8
104354.9
104354.9
104658.2
104766.5
105171.8
105270.8
105069.7
105478.1
105577.1
105577.1
106087.6
105883.4
106189.7
106288.8
106397.1
106595.1
106802.4
106898.3
107105.6
107309.8
107613.0
107510.9
107613.0
108024.6
107916.3
108835.2
108324.7
108324.7
108528.9
108937.3
108937.3
109240.5
109345.7
109138.4
109652.1
109853.2
109853.2
110156.4
110258.5
110258.5
110462.7
110670.0
110769.0
111177.4
111282.6
111282.6
111282.6
111585.9
111991.2
111787.0
112093.3
111787.0
112297.5
112396.5
112297.5
112498.6
112910.1
112804.9
112702.8
113213.4
113516.6
113213.4
113720.8
114024.0
113822.9
113822.9
114231.3
114333.4
114231.3
114844.0
114844.0
115450.4
115249.3
115249.3
115450.4
115960.9
115858.8
115960.9
116063.0
116264.2
116366.3
116672.6
117077.9
116672.6
117077.9
116876.8
117285.2
117489.4
117795.7
117690.5
118099.0
118303.2
118099.0
118504.3
118408.4
118606.4
119011.7
118813.7
119219.0
119219.0
119318.0
119318.0
119525.3
119624.4
119624.4
120134.9
120233.9
120134.9
120336.0
120441.2
120639.2
120336.0
120639.2
120846.5
121053.8
121251.9
121251.9
121357.1
121558.2
121663.4
121963.5
121864.5
121765.5
122068.7
122170.8
122170.8
122375.0
122474.0
122879.4
122984.6
123086.7
123086.7
123492.0
124005.6
123897.3
123699.3
124203.6
124203.6
124308.8
124203.6
124615.2
124410.9
124816.3
125221.6
125023.6
124816.3
125221.6
125326.8
125524.8
125732.1
125939.4
125732.1
125834.2
126137.5
126344.8
126344.8
126443.8
126750.1
126750.1
126549.0
127155.4
126852.2
127263.7
127263.7
127669.0
127359.6
127669.0
127972.3
127972.3
128377.6
128278.6
128278.6
128278.6
128482.8
128786.0
128786.0
128786.0
129599.8
129395.5
129194.4
129807.1
130113.4
129503.8
130005.1
130113.4
130113.4
130314.5
130518.7
130617.7
130719.8
130825.0
130825.0
131230.4
131131.3
131329.4
131131.3
131230.4
131942.0
131635.7
131635.7
131942.0
132149.3
132245.2
132554.6
132554.6
132452.5
132857.9
132857.9
133164.2
132758.8
133263.2
133371.5
133164.2
133164.2
133470.5
133470.5
133974.8
134080.0
133875.8
134080.0
133875.8
133974.8
133875.8
134284.2
134389.4
134587.5
134182.1
134692.7
134999.0
135098.0
134692.7
134692.7
135098.0
135098.0
135911.7
135710.6
135605.4
135605.4
136115.9
136215.0
136320.2
136320.2
136524.4
136215.0
136422.3
136422.3
136725.5
136626.5
136932.8
137133.9
137133.9
137338.1
137133.9
137440.2
137644.4
137743.4
137644.4
137743.4
138049.8
138257.1
138356.1
138662.4
138356.1
138560.3
138764.5
138662.4
138965.6
139067.7
139275.0
139067.7
139169.8
139473.1
139473.1
139884.6
139779.4
139473.1
139680.4
140289.9
139779.4
140085.7
139983.6
140289.9
140491.0
140596.2
140797.3
140797.3
140797.3
140695.2
141100.6
141611.1
141410.0
141205.8
141205.8
141410.0
141611.1
141713.2
141818.4
142019.5
141611.1
141920.5
141818.4
142223.7
142223.7
142632.1
142124.7
142424.8
142833.3
142530.0
142833.3
142731.1
142833.3
143037.5
143037.5
143037.5
143142.7
143548.0
143244.8
143548.0
143445.9
143650.1
143340.7
143752.2
143851.2
143851.2
143953.3
143851.2
144055.4
143953.3
144157.5
144358.6
144566.0
144665.0
144463.8
144872.3
145073.4
144665.0
144971.3
144971.3
145277.6
145175.5
145073.4
145277.6
145382.8
145580.8
145478.7
145682.9
145580.8
145580.8
145382.8
145890.2
145986.1
145788.1
145890.2
145986.1
146295.6
146397.7
146499.8
146295.6
145986.1
146397.7
146704.0
146397.7
146704.0
147010.3
147010.3
147310.4
146905.1
146704.0
147112.4
147211.4
147112.4
147616.7
147211.4
147310.4
147718.8
147616.7
147517.7
148130.4
147923.1
147821.0
148226.3
148433.6
148130.4
148739.9
148637.8
148331.5
148535.7
148739.9
148838.9
149043.1
149043.1
148838.9
148739.9
149145.2
149043.1
149145.2
148838.9
149244.2
149244.2
149352.5
149244.2
149244.2
149352.5
149550.6
149043.1
149451.5
149451.5
149451.5
149655.8
149757.9
149856.9
149655.8
149856.9
149856.9
149959.0
149655.8
149959.0
149959.0
150061.1
150061.1
150061.1
150163.2
150061.1
150268.4
149856.9
150466.4
150367.4
150775.8
150673.7
150775.8
150466.4
150775.8
150571.6
150571.6
150980.0
150673.7
150871.7
150673.7
150673.7
151079.0
151079.0
150871.7
151181.2
151079.0
151079.0
151181.2
151079.0
151079.0
150980.0
151181.2
151484.4
151484.4
151283.3
151484.4
151385.4
151592.7
151688.6
151484.4
151484.4
151385.4
151895.9
151688.6
152097.0
151691.7
151895.9
151691.7
151895.9
152097.0
152301.2
152199.1
152199.1
152301.2
152097.0
152199.1
152097.0
152199.1
152301.2
152403.3
152502.3
152199.1
152502.3
152199.1
152301.2
152607.5
152607.5
152502.3
152607.5
152706.5
152913.9
152706.5
152607.5
152913.9
152808.7
153016.0
152706.5
153111.9
153111.9
153016.0
153016.0
152913.9
152913.9
153220.2
152913.9
153319.2
153220.2
153111.9
153319.2
153016.0
153523.4
153220.2
153220.2
152808.7
153220.2
153319.2
153220.2
153319.2
153421.3
153319.2
153220.2
153421.3
153220.2
153319.2
153421.3
153319.2
152913.9
153319.2
153111.9
153016.0
153220.2
153319.2
153111.9
153220.2
153016.0
153625.5
153220.2
153111.9
153421.3
153111.9
153220.2
153724.5
153016.0
153220.2
153220.2
153319.2
153111.9
153421.3
153319.2
153319.2
153319.2
153319.2
153319.2
153625.5
153625.5
153319.2
153523.4
153829.7
153421.3
153724.5
154030.8
153625.5
153421.3
153724.5
153421.3
153319.2
153421.3
153523.4
153829.7
153220.2
153111.9
153111.9
153319.2
153523.4
153111.9
153421.3
153220.2
153111.9
153421.3
153319.2
153625.5
153319.2
153319.2
153421.3
153523.4
153523.4
153523.4
153319.2
153111.9
153220.2
152808.7
153220.2
153421.3
153111.9
153111.9
153421.3
153319.2
153625.5
153421.3
153111.9
153421.3
153523.4
153220.2
153421.3
153220.2
153220.2
152913.9
153220.2
153111.9
153421.3
153319.2
153220.2
153016.0
153319.2
153016.0
153016.0
153111.9
153016.0
152808.7
153319.2
152913.9
152913.9
153016.0
152808.7
152607.5
152706.5
152706.5
152502.3
152808.7
152502.3
152502.3
152301.2
152403.3
152607.5
152607.5
152502.3
152607.5
152706.5
152502.3
152301.2
152097.0
152097.0
151998.0
152097.0
152097.0
151790.7
152097.0
152301.2
151998.0
151790.7
151895.9
151691.7
151790.7
152097.0
151790.7
151592.7
151998.0
151385.4
151592.7
151592.7
151484.4
151484.4
151790.7
151283.3
151385.4
151283.3
151181.2
151385.4
151385.4
151484.4
151283.3
151283.3
151283.3
151079.0
151181.2
151079.0
151079.0
150980.0
150980.0
150980.0
150871.7
150775.8
150871.7
150775.8
150871.7
150980.0
150871.7
150775.8
150871.7
150571.6
150466.4
150571.6
150571.6
150673.7
150268.4
150775.8
150673.7
150367.4
150061.1
150061.1
150061.1
150163.2
149856.9
149856.9
150268.4
149959.0
149352.5
149757.9
149550.6
149451.5
149352.5
149451.5
149352.5
149145.2
149043.1
149451.5
149244.2
149043.1
148944.1
149244.2
148944.1
149145.2
148838.9
148637.8
148433.6
148739.9
148838.9
148331.5
148838.9
148535.7
148433.6
148637.8
148028.3
148433.6
148331.5
148331.5
148331.5
148130.4
148028.3
147821.0
148130.4
147718.8
147517.7
147718.8
147616.7
147310.4
147211.4
147310.4
147415.6
147211.4
147112.4
146806.1
147211.4
147112.4
146704.0
146905.1
146806.1
146499.8
146499.8
146704.0
146499.8
146499.8
146193.5
146091.3
146193.5
145788.1
145890.2
145986.1
145986.1
145788.1
145890.2
145986.1
145890.2
145682.9
145478.7
145788.1
145682.9
145277.6
145277.6
145580.8
144971.3
144770.2
144971.3
144770.2
145073.4
144872.3
144770.2
144872.3
144566.0
144770.2
144665.0
144259.6
144665.0
144259.6
144566.0
144055.4
143851.2
143851.2
143953.3
143851.2
143851.2
143851.2
143650.1
143650.1
143340.7
143244.8
143142.7
143244.8
143244.8
143142.7
142935.4
143142.7
142731.1
142731.1
142833.3
142935.4
142223.7
142223.7
142424.8
142325.8
141920.5
142019.5
141920.5
142124.7
141818.4
141713.2
141307.9
141920.5
141410.0
141410.0
141307.9
140902.5
141004.6
140695.2
140695.2
140695.2
140797.3
140596.2
140392.0
140392.0
140187.8
140085.7
140187.8
139983.6
140085.7
139779.4
139680.4
139779.4
139779.4
139169.8
139578.3
139370.9
139578.3
139370.9
138764.5
139067.7
138764.5
138764.5
138356.1
138455.1
138151.9
138356.1
138455.1
138151.9
138356.1
137845.6
138049.8
137743.4
137743.4
137440.2
137539.2
137338.1
137539.2
137133.9
137133.9
136827.6
137034.9
136827.6
136524.4
136524.4
136725.5
136422.3
136626.5
136115.9
136016.9
135911.7
135911.7
136016.9
135809.6
135503.3
135809.6
135404.3
135302.2
135605.4
135404.3
134999.0
135098.0
134893.8
134794.8
134587.5
134485.4
134587.5
134389.4
134284.2
133974.8
133875.8
133875.8
133974.8
133875.8
133569.5
133470.5
133062.1
133470.5
133263.2
133062.1
133062.1
132857.9
132758.8
132857.9
132245.2
132452.5
132452.5
132245.2
131942.0
132044.1
131434.6
131839.9
131740.9
131942.0
131536.7
131230.4
131026.1
131329.4
130924.0
130719.8
130518.7
130518.7
130617.7
130113.4
130113.4
130005.1
130212.4
129701.9
129599.8
129503.8
129395.5
129089.2
129296.5
128990.2
128891.2
129296.5
128584.9
128584.9
128179.6
128584.9
128179.6
128377.6
128278.6
128074.4
127873.2
127765.0
127669.0
127461.7
127056.4
127155.4
127056.4
126954.3
126954.3
126852.2
126750.1
126344.8
126443.8
126137.5
126443.8
126137.5
125834.2
125732.1
125633.1
125524.8
125428.9
125326.8
125221.6
125023.6
124816.3
124921.5
124921.5
124615.2
124308.8
124410.9
124203.6
124203.6
124203.6
123798.3
123492.0
123594.1
123594.1
123393.0
123492.0
123086.7
122984.6
122681.3
122879.4
122783.4
122474.0
122269.8
122375.0
122269.8
122068.7
121963.5
121864.5
121663.4
121459.2
121558.2
121459.2
121053.8
121357.1
120846.5
120744.4
121053.8
120543.3
120744.4
120441.2
120035.9
120035.9
120035.9
120233.9
119624.4
119729.6
119525.3
119525.3
119729.6
119116.9
119219.0
119011.7
119011.7
118813.7
118303.2
118408.4
118201.1
117993.8
117795.7
117588.4
117690.5
117384.2
117489.4
117384.2
116876.8
117077.9
116771.6
116573.6
116573.6
115960.9
116471.5
116168.2
115753.6
115657.7
115348.3
115450.4
115249.3
115045.1
114844.0
114738.8
114432.4
114738.8
114844.0
114126.1
114537.6
113928.1
113720.8
114024.0
113720.8
113417.6
113822.9
113417.6
113315.5
113108.2
113108.2
112702.8
112702.8
112603.8
112297.5
112093.3
112195.4
112093.3
112297.5
111787.0
111688.0
111480.7
111378.6
111282.6
111378.6
111075.3
110769.0
110769.0
110564.8
110670.0
110462.7
110258.5
110156.4
109955.3
109751.1
109546.9
109751.1
109345.7
109447.8
109042.5
108631.0
108631.0
108528.9
108835.2
108324.7
108429.9
108324.7
107916.3
108024.6
107613.0
107510.9
107105.6
107309.8
106802.4
106898.3
106802.4
106493.0
106697.2
106288.8
106288.8
105883.4
105676.1
105478.1
105478.1
105270.8
105171.8
105478.1
105069.7
105069.7
104967.6
104766.5
104460.1
104460.1
104048.6
104156.9
103949.6
103544.3
103337.0
103544.3
103439.1
102931.7
103238.0
103030.7
102931.7
102526.3
102322.1
102322.1
102220.0
101916.8
101808.5
101709.5
101403.2
101607.4
101202.0
101202.0
100691.5
100790.5
100790.5
100790.5
100592.5
100487.3
100487.3
99772.6
99676.7
99367.2
99163.0
98859.8
98961.9
98859.8
98961.9
98658.7
98550.4
98046.1
98247.2
98352.4
97947.0
97535.5
97535.5
97535.5
97127.1
97436.5
97127.1
96922.9
96823.9
96517.6
96418.6
96316.5
96418.6
96517.6
96316.5
96010.1
96010.1
95706.9
95499.6
95601.7
95196.4
95094.3
94989.1
94989.1
94788.0
94583.8
94583.8
94382.6
94382.6
93872.1
93770.0
93466.8
93974.2
93568.9
93466.8
93361.6
92956.3
92956.3
92550.9
92550.9
92550.9
92448.8
92241.5
92142.5
91836.2
91529.9
91529.9
91632.0
91328.8
90917.2
91019.3
90409.8
90409.8
90511.9
90310.8
90208.7
90208.7
89902.4
89698.2
89391.8
89088.6
89289.7
89190.7
89190.7
88680.2
88677.1
88476.0
88476.0
88373.9
88070.7
87764.3
88070.7
87458.0
87359.0
87151.7
87355.9
86746.4
86950.6
86848.5
86644.3
86644.3
86341.1
86133.7
85626.3
85935.7
85728.4
85524.2
85524.2
85524.2
85016.8
85016.8
84809.5
84608.4
84305.1
84203.0
84506.2
84100.9
83695.6
83794.6
83590.4
83386.2
83386.2
83182.0
82878.7
83284.1
83182.0
82569.3
82677.6
82371.3
82371.3
82164.0
81653.5
81653.5
81554.5
81350.3
81350.3
81455.5
81050.1
80740.7
80842.8
80740.7
80638.6
80332.3
80233.3
80233.3
79722.8
79620.7
79824.9
79824.9
79413.3
79518.5
79008.0
78701.7
79113.2
78810.0
78701.7
78296.4
78197.4
78197.4
78092.2
77785.8
77587.8
77785.8
77485.7
77485.7
77074.2
77074.2
76767.9
76569.9
76668.9
76362.6
76461.6
76158.3
75855.1
76056.2
75443.6
75753.0
75855.1
75140.4
75038.3
74834.1
74527.8
74834.1
74527.8
74633.0
73816.1
74122.4
73816.1
73717.1
73512.9
73615.0
73512.9
73311.8
73107.6
73005.5
72702.2
72392.8
72188.6
72089.6
71987.5
72290.7
71882.3
71477.0
71783.3
71681.2
71272.8
71272.8
71071.6
70867.4
71071.6
70558.0
70360.0
70254.8
70152.7
69948.5
70152.7
69849.5
69747.4
69335.8
69441.0
69236.8
69035.7
69236.8
69035.7
68525.2
68729.4
68627.3
68423.1
68317.9
68014.7
68119.9
67609.3
67507.2
67303.0
67609.3
67101.9
67303.0
66897.7
66795.6
67101.9
66690.4
66492.4
65981.8
65981.8
65879.7
65474.4
65672.4
65474.4
65573.4
65267.1
65168.1
64963.9
65062.9
64861.8
64756.6
64555.4
64450.2
64044.9
64252.2
63846.9
63846.9
63639.6
63537.5
63333.3
63333.3
63639.6
62822.7
63129.1
62723.7
62723.7
62723.7
62822.7
62216.3
62111.1
61910.0
61804.8
61910.0
61501.6
61702.7
61399.5
61192.2
60994.1
60888.9
60994.1
60888.9
60588.8
60381.5
60381.5
60282.5
59871.0
60075.2
59564.7
59564.7
59159.3
59159.3
59159.3
59057.2
58754.0
58546.7
58651.9
58447.7
58141.4
58348.7
57937.2
57736.0
57531.8
57630.8
57324.5
57531.8
57222.4
57222.4
56919.2
56513.9
56616.0
56411.8
56411.8
56306.6
55901.2
56003.3
55802.2
55802.2
55594.9
55495.9
55594.9
55291.7
55090.6
54985.4
55090.6
54886.4
54784.3
54784.3
54577.0
54273.7
54375.8
54066.4
54481.0
53967.4
54171.6
53967.4
53463.1
53255.8
53354.8
53354.8
52850.4
52850.4
52850.4
53156.8
52544.1
52240.9
52240.9
52033.6
51931.5
52033.6
51931.5
51931.5
51727.3
51727.3
51727.3
51222.9
50916.6
51015.6
50811.4
50811.4
50508.2
50205.0
50304.0
50406.1
50304.0
50000.8
49793.5
49793.5
49898.7
49487.1
49286.0
49183.9
49286.0
49183.9
49180.8
49183.9
48676.5
48775.5
48469.2
48370.2
48370.2
48166.0
48370.2
48063.9
48063.9
47760.6
47760.6
47355.3
47451.2
47148.0
47045.9
46946.9
47045.9
46742.7
47045.9
46229.0
46640.6
46640.6
46130.0
46130.0
45823.7
45925.8
45724.7
45619.5
45619.5
45013.1
45619.5
45316.3
45013.1
45115.2
44907.9
44805.8
44706.7
44400.4
44298.3
44298.3
44196.2
44196.2
43790.9
43889.9
43790.9
43889.9
43280.4
43178.3
43280.4
43178.3
43484.6
42971.0
43076.2
42971.0
42875.0
42466.6
42971.0
42565.6
42361.4
42667.7
42058.2
42058.2
42160.3
41857.1
41956.1
41649.8
41448.7
41448.7
40938.1
41448.7
41343.5
41040.2
40938.1
40733.9
41145.4
40938.1
40325.5
40634.9
40532.8
40427.6
40127.5
40226.5
39716.0
40226.5
39821.2
39920.2
39616.9
39412.7
39208.5
39103.3
39412.7
39103.3
39310.6
39103.3
38698.0
38905.3
38800.1
38698.0
38394.8
38595.9
38500.0
38292.7
38190.6
37887.3
37986.3
38190.6
37581.0
37475.8
37475.8
37475.8
37274.7
36767.3
37172.6
36767.3
36968.4
37070.5
36355.8
36869.4
36767.3
36563.1
36355.8
36457.9
36154.6
36052.5
35950.4
35848.3
35749.3
35647.2
35950.4
35848.3
35542.0
35647.2
35340.9
35235.7
35136.7
35136.7
34728.3
34728.3
34935.6
34830.4
34629.2
34830.4
34115.6
34322.9
34322.9
34322.9
34019.7
33608.2
34019.7
33914.5
33710.3
33509.2
33608.2
33407.1
33407.1
33100.8
33305.0
33001.7
33100.8
33100.8
33001.7
32695.4
33001.7
32590.2
32695.4
32794.4
32590.2
32389.1
32389.1
32184.9
32082.8
32287.0
32287.0
32389.1
31977.6
31977.6
31677.5
31977.6
31875.5
31572.3
31677.5
31374.2
31470.2
31064.8
31374.2
31269.0
31269.0
31064.8
31269.0
31064.8
30962.7
31269.0
30656.4
30557.4
30761.6
30557.4
30557.4
30248.0
30248.0
30455.3
30554.3
30149.0
30350.1
29944.8
30050.0
30050.0
29842.7
29944.8
29743.6
29539.4
29638.4
29539.4
29743.6
29230.0
29134.1
29230.0
29437.3
28620.5
29028.9
28722.6
28926.8
28521.5
28722.6
28521.5
28620.5
28620.5
27809.8
28317.3
28116.1
28215.2
28317.3
27809.8
28116.1
28007.9
28007.9
27809.8
27809.8
27401.4
27602.5
27503.5
27197.2
27809.8
27401.4
27401.4
27197.2
27197.2
26993.0
26894.0
27197.2
26993.0
26894.0
27197.2
26993.0
26894.0
26993.0
26584.6
26686.7
26686.7
26686.7
26894.0
26584.6
26488.6
26584.6
26380.4
26179.2
26281.3
26380.4
26281.3
26179.2
26179.2
26077.1
25975.0
25975.0
25671.8
25876.0
25767.7
25569.7
25876.0
25464.5
25767.7
25569.7
25263.4
25767.7
25569.7
25161.3
25263.4
25362.4
25263.4
25263.4
24858.1
25161.3
25464.5
25161.3
25059.2
24858.1
24752.9
24653.8
25263.4
25161.3
24858.1
24752.9
24858.1
24858.1
24551.7
24344.4
24752.9
24653.8
24446.5
24653.8
24653.8
24858.1
24446.5
24344.4
24248.5
24140.2
24248.5
24041.2
24140.2
24041.2
24041.2
23939.1
23734.9
23734.9
24140.2
23635.9
23635.9
23837.0
23837.0
23734.9
23527.6
23635.9
23431.7
23734.9
23329.6
23527.6
23122.3
23527.6
23122.3
23227.5
23431.7
23431.7
23227.5
23122.3
23431.7
23122.3
23227.5
23023.2
22924.2
22924.2
23527.6
22716.9
22716.9
23122.3
22819.0
23122.3
22512.7
22819.0
23023.2
22924.2
22716.9
22924.2
22617.9
22512.7
22819.0
22819.0
22819.0
22716.9
22512.7
22819.0
22512.7
22819.0
22512.7
22617.9
22924.2
22617.9
22512.7
22206.4
22512.7
22206.4
22311.6
22413.7
22512.7
22206.4
22413.7
22311.6
22206.4
22413.7
22617.9
22512.7
22413.7
22206.4
22107.4
22206.4
22107.4
22413.7
22206.4
22413.7
22107.4
22206.4
22311.6
22008.4
22206.4
22413.7
22311.6
21900.1
22413.7
22107.4
21801.1
22206.4
22008.4
21699.0
22008.4
22107.4
22107.4
21699.0
22107.4
22008.4
22413.7
22206.4
21801.1
22206.4
22008.4
21801.1
22206.4
21600.0
21801.1
22008.4
21900.1
22311.6
22107.4
22008.4
21494.8
22107.4
22008.4
22008.4
21801.1
22206.4
22107.4
22107.4
21801.1
21699.0
22311.6
21600.0
21801.1
21494.8
21699.0
22206.4
21801.1
22311.6
21801.1
21801.1
22008.4
22008.4
21699.0
21699.0
22206.4
21699.0
21801.1
22107.4
21900.1
21801.1
21699.0
21900.1
21801.1
21801.1
21801.1
22008.4
21801.1
22311.6
21900.1
22206.4
22008.4
22107.4
22206.4
22008.4
22008.4
22107.4
22311.6
22206.4
22413.7
22107.4
22617.9
22617.9
22413.7
22311.6
22512.7
22413.7
22311.6
22617.9
22107.4
22311.6
22617.9
22512.7
22512.7
22617.9
22206.4
22617.9
22716.9
22413.7
22924.2
22716.9
22819.0
22617.9
22617.9
22716.9
22819.0
22512.7
22924.2
22413.7
22716.9
22819.0
22819.0
22716.9
22716.9
22819.0
22716.9
23023.2
22819.0
22924.2
22716.9
22924.2
22716.9
23023.2
23023.2
23122.3
23023.2
22716.9
22617.9
22924.2
23122.3
23431.7
22819.0
23329.6
23227.5
23431.7
23431.7
23329.6
23227.5
23227.5
23527.6
23431.7
23122.3
23527.6
23227.5
23431.7
23329.6
23527.6
23635.9
23939.1
23527.6
23734.9
23734.9
23939.1
23734.9
23734.9
24041.2
24041.2
23939.1
24041.2
24041.2
23837.0
23635.9
24140.2
24344.4
23734.9
24446.5
24248.5
24248.5
24041.2
24446.5
24344.4
24140.2
24248.5
24140.2
24347.5
24344.4
24551.7
24653.8
24752.9
24752.9
24752.9
24446.5
24858.1
24752.9
24752.9
25161.3
24752.9
24957.1
25362.4
25161.3
25263.4
25059.2
25161.3
25362.4
25464.5
25569.7
25569.7
25464.5
25671.8
25767.7
25767.7
25876.0
26077.1
26077.1
25975.0
25975.0
26179.2
26077.1
26077.1
26179.2
26077.1
26179.2
26686.7
26488.6
26380.4
26584.6
26584.6
26788.8
26179.2
26584.6
26686.7
26788.8
26788.8
26488.6
27092.0
26894.0
26894.0
27197.2
27092.0
27197.2
26686.7
26894.0
27197.2
27197.2
27197.2
26993.0
27503.5
27299.3
27401.4
26993.0
27299.3
27092.0
27401.4
28007.9
27602.5
27503.5
28007.9
28116.1
28116.1
28116.1
28416.3
27908.8
28215.2
28215.2
28116.1
28521.5
28215.2
28416.3
28521.5
28620.5
28620.5
28824.7
29028.9
28620.5
29134.1
29134.1
28824.7
29230.0
28824.7
29437.3
29332.1
29028.9
29437.3
29743.6
29437.3
29842.7
29539.4
29638.4
29743.6
29944.8
29743.6
30248.0
30050.0
30050.0
30149.0
30149.0
29743.6
30350.1
30557.4
30656.4
31064.8
30761.6
30656.4
30860.6
30962.7
30860.6
31166.9
30962.7
30860.6
31064.8
31374.2
31470.2
31374.2
31572.3
31677.5
31677.5
31878.6
31878.6
31779.6
31977.6
32287.0
32082.8
32287.0
32287.0
32488.1
32488.1
32590.2
32287.0
32287.0
32590.2
32794.4
32590.2
32695.4
32896.5
33100.8
33100.8
33001.7
33407.1
33407.1
33100.8
33509.2
33100.8
33509.2
33305.0
33407.1
33710.3
33608.2
34019.7
34322.9
34019.7
34217.7
34019.7
34019.7
34115.6
34425.0
34629.2
34217.7
34425.0
34728.3
34728.3
34728.3
34935.6
35034.6
35235.7
35034.6
35136.7
35235.7
35235.7
35439.9
35542.0
35439.9
35542.0
36052.5
35647.2
36052.5
36154.6
36052.5
36052.5
36563.1
35950.4
36665.2
36563.1
36665.2
36869.4
36665.2
36968.4
36968.4
37070.5
37274.7
37376.8
37172.6
37376.8
37680.0
37680.0
37986.3
37581.0
38088.5
38088.5
37986.3
38190.6
38394.8
38292.7
38292.7
38800.1
38800.1
38905.3
39004.3
38905.3
39103.3
39103.3
39412.7
39004.3
39208.5
39310.6
39616.9
39412.7
39616.9
39821.2
40022.3
40226.5
39920.2
40427.6
40226.5
40127.5
40427.6
40325.5
40532.8
40532.8
40634.9
40634.9
40836.0
41040.2
41145.4
41145.4
40836.0
41040.2
41343.5
41550.8
41343.5
41755.0
41857.1
41857.1
42262.4
42160.3
42361.4
42262.4
42667.7
42361.4
42565.6
42565.6
42361.4
42971.0
42772.9
42875.0
43280.4
42466.6
43076.2
43178.3
43385.6
43385.6
43385.6
43280.4
43583.6
43385.6
43790.9
44196.2
43988.9
43790.9
44502.5
43988.9
44400.4
44400.4
44502.5
44907.9
45013.1
45115.2
45211.1
45115.2
45619.5
45115.2
45115.2
45316.3
45520.5
45823.7
45520.5
46229.0
45925.8
46130.0
46535.4
46229.0
46436.4
46640.6
46841.7
46640.6
46841.7
46742.7
47148.0
47451.2
47045.9
47355.3
47658.5
47355.3
48063.9
47451.2
48271.2
47964.8
48166.0
48676.5
48574.4
48469.2
48676.5
48676.5
48574.4
49183.9
48982.8
49286.0
48874.5
49183.9
49793.5
49595.4
49595.4
49898.7
50000.8
49691.4
49793.5
50000.8
49898.7
50406.1
50406.1
50304.0
50610.3
50811.4
50709.3
51015.6
51222.9
51222.9
51321.9
51421.0
51222.9
51526.2
51727.3
51727.3
51835.6
51835.6
52138.8
51931.5
51931.5
52240.9
52240.9
52544.1
52646.2
52745.2
52745.2
52745.2
53255.8
53255.8
53255.8
53255.8
53463.1
53463.1
53766.3
53562.1
53868.4
54066.4
54171.6
54375.8
54171.6
54679.1
54784.3
54886.4
54481.0
55090.6
55090.6
54886.4
55396.9
55090.6
55396.9
55396.9
55594.9
55396.9
55594.9
55697.0
56003.3
55697.0
56108.5
56108.5
56411.8
56919.2
56616.0
56513.9
56919.2
57024.4
57222.4
56919.2
57324.5
57531.8
57630.8
57531.8
57835.0
57630.8
58243.5
58042.3
58348.7
58447.7
58447.7
58447.7
59057.2
58754.0
59366.6
58856.1
58961.3
59462.5
59366.6
59366.6
59564.7
59772.0
59871.0
60282.5
59976.2
60177.3
60177.3
60483.6
60786.8
60687.8
60888.9
60994.1
60994.1
61096.2
61192.2
61297.4
61192.2
61702.7
61910.0
61804.8
62216.3
61702.7
61804.8
62315.3
62216.3
62315.3
62417.4
62723.7
62516.4
63027.0
63129.1
62927.9
63333.3
63027.0
63333.3
63129.1
63639.6
63741.7
63537.5
63846.9
63741.7
63942.8
64044.9
63846.9
64555.4
64555.4
64450.2
64657.6
64756.6
64861.8
64963.9
64963.9
65168.1
65267.1
65168.1
65573.4
65774.5
65774.5
65879.7
65879.7
66387.2
66387.2
66492.4
66492.4
66591.4
66591.4
66690.4
66492.4
67101.9
67204.0
67303.0
67609.3
67507.2
67303.0
67912.6
67405.1
67609.3
67912.6
67912.6
68423.1
68423.1
68627.3
68729.4
68831.5
68930.5
69035.7
69035.7
69035.7
69236.8
69543.1
69236.8
69441.0
69849.5
69642.2
69948.5
70152.7
70254.8
70050.6
70053.7
70360.0
70462.1
70765.3
70765.3
70867.4
70963.3
71170.6
71477.0
71576.0
71170.6
71681.2
71783.3
71882.3
71576.0
72188.6
72188.6
72089.6
72089.6
72593.9
72798.1
72798.1
72798.1
72798.1
73311.8
73203.5
73311.8
73311.8
73311.8
73816.1
73717.1
73816.1
74023.4
74227.6
74428.7
74633.0
74428.7
74227.6
74527.8
74527.8
74633.0
75245.6
74942.4
75245.6
75140.4
75347.7
75443.6
75650.9
75551.9
75551.9
75650.9
76158.3
75957.2
75855.1
76158.3
75855.1
76362.6
76873.1
76569.9
76668.9
76873.1
76873.1
77179.4
76975.2
76873.1
77587.8
77683.7
77485.7
77891.0
78296.4
77993.2
77993.2
78398.5
78398.5
78092.2
78500.6
78701.7
78810.0
78909.0
78810.0
79215.3
79215.3
79824.9
79620.7
79215.3
79620.7
79923.9
79923.9
80026.0
80233.3
80332.3
80332.3
80437.5
80740.7
80740.7
80941.8
81050.1
81146.0
81350.3
81455.5
81146.0
81350.3
81554.5
81653.5
81758.7
81962.9
81962.9
82266.1
82065.0
82371.3
82569.3
82677.6
82776.6
82473.4
82776.6
82776.6
83083.0
83182.0
83284.1
83284.1
83386.2
83893.6
83695.6
83893.6
83794.6
84203.0
84305.1
84305.1
84305.1
84305.1
84809.5
84203.0
84809.5
84809.5
85323.1
85217.9
85118.9
85524.2
85524.2
85830.5
85524.2
85728.4
85935.7
85935.7
86235.9
86031.6
86235.9
86341.1
86443.2
86848.5
86746.4
86950.6
86848.5
86848.5
87256.9
86950.6
87151.7
87662.2
87563.2
87359.0
87563.2
87563.2
87458.0
87863.4
88070.7
87968.6
88373.9
88581.2
88169.7
88986.5
88476.0
88779.2
88986.5
88779.2
88986.5
89190.7
89088.6
89190.7
89088.6
89797.2
89391.8
89698.2
89797.2
89797.2
90004.5
90208.7
90208.7
90310.8
90511.9
90409.8
90511.9
90821.3
90917.2
90917.2
90917.2
91019.3
91328.8
91529.9
91226.6
91632.0
91632.0
91734.1
92037.3
92241.5
92241.5
92343.6
92142.5
92343.6
92448.8
92649.9
92550.9
92854.1
92649.9
93157.4
93055.3
92956.3
93565.8
93259.5
93565.8
93466.8
93664.8
93770.0
93770.0
93770.0
94076.3
94076.3
93974.2
94481.6
94277.4
94682.8
94682.8
94583.8
94890.1
94890.1
95196.4
94682.8
95094.3
95295.4
95397.5
95499.6
95499.6
95499.6
95499.6
95904.9
95601.7
96214.3
96010.1
95805.9
95805.9
96214.3
96316.5
96316.5
96721.8
96517.6
96418.6
96517.6
96721.8
96922.9
96823.9
97334.4
97535.5
97229.2
97229.2
97436.5
97535.5
97739.7
97841.8
97739.7
97739.7
97535.5
98145.1
98145.1
98046.1
98451.4
98451.4
98352.4
98658.7
98859.8
98451.4
98658.7
99268.2
98757.7
98757.7
99064.0
99367.2
99676.7
99469.3
99574.5
99574.5
99874.7
99469.3
99874.7
99979.9
100082.0
100082.0
100082.0
100691.5
100487.3
100385.2
100691.5
100385.2
100691.5
100898.8
100487.3
101099.9
101099.9
101403.2
101099.9
101403.2
101808.5
101304.2
101304.2
102012.7
101607.4
101709.5
101916.8
101916.8
102421.1
102220.0
102526.3
102727.4
102322.1
102526.3
102727.4
102832.6
102832.6
102625.3
102832.6
103439.1
103337.0
103238.0
103238.0
102931.7
103544.3
103544.3
103643.3
103544.3
104156.9
103847.5
103643.3
104048.6
103949.6
104252.8
104460.1
104460.1
104252.8
104562.2
104354.9
104354.9
104766.5
104460.1
104766.5
104865.5
104967.6
105171.8
104766.5
104766.5
105069.7
105577.1
105372.9
105478.1
105784.4
105270.8
105478.1
105372.9
105784.4
105478.1
105577.1
105478.1
106189.7
105982.4
106087.6
106189.7
106288.8
106288.8
106493.0
106493.0
106397.1
106397.1
106595.1
107000.4
106697.2
106493.0
107207.7
106898.3
107207.7
107207.7
107309.8
107510.9
107309.8
107510.9
107309.8
107510.9
107718.2
108024.6
107718.2
107817.2
107916.3
107718.2
107718.2
107817.2
108429.9
108324.7
108123.6
108222.6
108631.0
108835.2
108222.6
108937.3
108937.3
108528.9
108733.1
108937.3
108835.2
109042.5
109345.7
109447.8
109546.9
109447.8
109240.5
109345.7
109546.9
109546.9
109447.8
109652.1
109751.1
109240.5
109853.2
109652.1
109955.3
110156.4
110363.7
110363.7
110156.4
110363.7
110156.4
110462.7
110564.8
110769.0
110363.7
110769.0
110564.8
110462.7
110670.0
110769.0
110973.2
111282.6
110868.0
110868.0
111075.3
111177.4
111177.4
111075.3
111585.9
111177.4
111378.6
111177.4
111480.7
111585.9
111282.6
111886.0
111886.0
111688.0
111886.0
111787.0
111886.0
111585.9
111886.0
111991.2
112297.5
112195.4
111886.0
111991.2
112498.6
112396.5
112093.3
112093.3
112195.4
112396.5
112603.8
112195.4
112396.5
112702.8
112702.8
112804.9
112702.8
112603.8
112702.8
112910.1
113009.2
113009.2
113213.4
113009.2
113108.2
113009.2
113213.4
113108.2
113417.6
113618.7
113315.5
113618.7
113417.6
113822.9
113720.8
113720.8
113720.8
114024.0
113720.8
113720.8
113928.1
113928.1
113928.1
114024.0
114231.3
114231.3
114024.0
114537.6
114126.1
114024.0
114126.1
114333.4
114432.4
114738.8
114333.4
114432.4
114333.4
114738.8
114537.6
114537.6
114333.4
114844.0
114537.6
114738.8
114636.7
114738.8
114636.7
114943.0
114943.0
114943.0
115144.1
115249.3
115249.3
115045.1
115249.3
114943.0
115144.1
115249.3
115348.3
115249.3
115045.1
114844.0
115348.3
115450.4
115348.3
115249.3
115450.4
115555.6
115657.7
115657.7
115555.6
115450.4
115858.8
115858.8
115657.7
115753.6
115555.6
115450.4
115960.9
115858.8
115858.8
116063.0
116168.2
115657.7
116063.0
116264.2
115858.8
116168.2
116063.0
116063.0
116063.0
116264.2
115960.9
116168.2
116063.0
116264.2
116264.2
116366.3
116264.2
116366.3
116573.6
116366.3
116471.5
116264.2
116366.3
116471.5
116573.6
116573.6
116366.3
116573.6
116471.5
116471.5
116573.6
116573.6
116876.8
116573.6
116771.6
116573.6
116876.8
116672.6
116978.9
116672.6
116978.9
117183.1
116876.8
116771.6
116876.8
117077.9
116978.9
116978.9
116978.9
117077.9
117183.1
117384.2
116978.9
117285.2
117077.9
117285.2
116876.8
116978.9
116876.8
117077.9
117183.1
116978.9
117077.9
117183.1
117285.2
117183.1
117183.1
116978.9
117384.2
117183.1
117285.2
117183.1
117081.0
117077.9
117077.9
117183.1
117285.2
116876.8
117384.2
116978.9
117588.4
117384.2
117183.1
117384.2
117384.2
116978.9
117183.1
117183.1
117183.1
117588.4
117077.9
117384.2
116978.9
117183.1
117081.0
117077.9
117384.2
117690.5
117489.4
117690.5
117183.1
117285.2
117384.2
117384.2
117183.1
117384.2
117285.2
117384.2
116876.8
117588.4
116876.8
117285.2
117077.9
117384.2
117183.1
117183.1
117183.1
117489.4
116978.9
117285.2
117285.2
116771.6
117489.4
117077.9
117183.1
116978.9
117285.2
117183.1
117384.2
116978.9
116978.9
117285.2
116978.9
117077.9
117183.1
117077.9
117285.2
117081.0
117489.4
117081.0
117285.2
117384.2
117285.2
117285.2
116978.9
116876.8
117285.2
117183.1
116978.9
117285.2
116876.8
116978.9
117384.2
116978.9
117183.1
117384.2
117077.9
117077.9
116876.8
116978.9
116672.6
116876.8
116978.9
116978.9
117077.9
116978.9
117077.9
116672.6
117183.1
116876.8
116573.6
116771.6
116672.6
117384.2
116771.6
116771.6
116876.8
116978.9
116876.8
116771.6
116672.6
116471.5
116771.6
116471.5
116672.6
116672.6
116366.3
116771.6
116471.5
116366.3
116264.2
116471.5
116366.3
116573.6
116366.3
116063.0
116471.5
115960.9
116264.2
116168.2
115858.8
116063.0
115960.9
116168.2
115657.7
116063.0
116168.2
115858.8
116063.0
115753.6
115960.9
115960.9
115753.6
116168.2
115858.8
115753.6
115657.7
115555.6
115753.6
115753.6
115657.7
115960.9
115960.9
115348.3
115657.7
115555.6
115657.7
115555.6
115657.7
115348.3
115348.3
115555.6
115555.6
115249.3
115555.6
115450.4
115249.3
115450.4
115348.3
115045.1
115144.1
115450.4
115144.1
115144.1
115045.1
115348.3
114844.0
114432.4
114943.0
114738.8
114844.0
114943.0
115144.1
114844.0
114738.8
114844.0
114636.7
114738.8
114636.7
114636.7
114126.1
114432.4
114943.0
114636.7
114537.6
114231.3
114537.6
114432.4
114333.4
114333.4
114126.1
113720.8
114537.6
113928.1
114126.1
113928.1
114024.0
113822.9
114126.1
113822.9
113822.9
113417.6
113618.7
113417.6
113720.8
113417.6
113417.6
113618.7
113516.6
113417.6
113315.5
113315.5
113108.2
113417.6
113315.5
113108.2
113108.2
112910.1
112910.1
113009.2
113108.2
112603.8
113213.4
112603.8
112702.8
112498.6
112603.8
112297.5
112297.5
112195.4
112093.3
112195.4
112297.5
112093.3
111991.2
112093.3
112195.4
111688.0
111787.0
111991.2
112396.5
111688.0
111787.0
111787.0
111480.7
112192.3
111585.9
111787.0
111585.9
111480.7
111378.6
111378.6
111378.6
111378.6
110973.2
111177.4
111075.3
111177.4
111075.3
110769.0
110973.2
110670.0
111282.6
110769.0
110670.0
110769.0
110868.0
110564.8
110564.8
110462.7
110564.8
110769.0
110156.4
110156.4
110258.5
109955.3
109853.2
109955.3
109853.2
109853.2
110057.4
109955.3
109853.2
110156.4
109853.2
109546.9
109447.8
109447.8
109447.8
109652.1
109447.8
109138.4
109240.5
109447.8
108733.1
109240.5
108835.2
108937.3
108528.9
108937.3
108324.7
108835.2
108528.9
108631.0
108324.7
108324.7
108222.6
108222.6
108123.6
108222.6
108222.6
108024.6
107916.3
107718.2
107718.2
107817.2
107718.2
107718.2
107510.9
107510.9
107309.8
107613.0
107718.2
107105.6
107105.6
106898.3
107207.7
106802.4
107000.4
106595.1
106697.2
106595.1
106595.1
106397.1
106397.1
106288.8
106189.7
106189.7
105883.4
105883.4
105883.4
105676.1
105985.5
105883.4
105676.1
105577.1
105577.1
105676.1
105171.8
105270.8
105372.9
104865.5
105372.9
105171.8
104865.5
104865.5
104865.5
104967.6
104252.8
104562.2
104460.1
104658.2
104156.9
104460.1
104658.2
104156.9
104252.8
103949.6
104354.9
104048.6
103847.5
103643.3
103949.6
103847.5
103949.6
103544.3
103238.0
103337.0
103439.1
102931.7
103643.3
103238.0
102931.7
103030.7
103030.7
102931.7
102625.3
102832.6
102625.3
102421.1
102526.3
102526.3
102322.1
102322.1
102114.8
102220.0
102114.8
101709.5
101607.4
101607.4
101709.5
101709.5
101505.3
101505.3
101202.0
101099.9
101304.2
100898.8
100691.5
100898.8
100790.5
101099.9
100898.8
100790.5
100487.3
100385.2
100286.2
100181.0
100385.2
100082.0
100487.3
99874.7
99772.6
99979.9
99772.6
99268.2
99874.7
99574.5
99367.2
99163.0
99064.0
98757.7
98859.8
98550.4
98859.8
98757.7
98859.8
98961.9
98451.4
98451.4
98451.4
98247.2
98247.2
98247.2
97947.0
97947.0
98046.1
97841.8
97947.0
97637.6
97535.5
97229.2
97229.2
97229.2
97436.5
96922.9
97229.2
96922.9
96922.9
96922.9
96721.8
96721.8
96619.7
96517.6
96316.5
96010.1
96010.1
96112.2
96010.1
96010.1
95904.9
95706.9
95499.6
95499.6
95499.6
95397.5
95397.5
94890.1
94890.1
94989.1
95196.4
95094.3
94989.1
94887.0
94890.1
94887.0
94682.8
94382.6
94481.6
94382.6
94277.4
94178.4
93664.8
93770.0
94178.4
93361.6
93872.1
93770.0
93872.1
93466.8
93157.4
93055.3
93157.4
92956.3
92956.3
92752.0
92854.1
92550.9
92649.9
92649.9
92448.8
92343.6
92241.5
91938.3
92037.3
91836.2
91938.3
91734.1
91328.8
91529.9
91529.9
91328.8
91424.7
91124.5
91019.3
90716.1
90716.1
90409.8
90716.1
90511.9
90716.1
90409.8
90310.8
90103.5
90103.5
90310.8
90004.5
89698.2
89797.2
89698.2
89902.4
89391.8
89190.7
89289.7
89391.8
88986.5
88986.5
88884.4
89088.6
88476.0
88476.0
88581.2
88271.8
88070.7
88169.7
88070.7
88070.7
87764.3
87662.2
87764.3
87662.2
87863.4
87355.9
87256.9
87355.9
87355.9
87049.6
86950.6
87049.6
87049.6
86950.6
86443.2
86443.2
86235.9
86341.1
86235.9
85830.5
85935.7
85728.4
85728.4
85830.5
85626.3
85626.3
85524.2
85626.3
85323.1
85626.3
85016.8
85016.8
84809.5
85016.8
85016.8
84305.1
84608.4
84506.2
84404.1
84203.0
84203.0
83893.6
83893.6
83590.4
84100.9
83590.4
83695.6
83488.3
83284.1
83284.1
83182.0
82776.6
82776.6
82569.3
82569.3
82677.6
82776.6
82569.3
82371.3
82266.1
82164.0
82164.0
81860.8
81860.8
81758.7
81758.7
81350.3
81350.3
81146.0
80842.8
81050.1
80941.8
80638.6
80842.8
80131.2
80233.3
80437.5
80233.3
80437.5
79923.9
79923.9
79923.9
79923.9
79518.5
79413.3
79518.5
79413.3
79215.3
79113.2
79413.3
78909.0
78810.0
78701.7
78701.7
78810.0
78398.5
78500.6
78296.4
78092.2
78197.4
77993.2
77587.8
77891.0
77785.8
77891.0
77587.8
77074.2
77179.4
77380.5
77485.7
77074.2
76873.1
76668.9
76569.9
76767.9
76668.9
76767.9
76260.5
76056.2
75855.1
75855.1
75855.1
75753.0
75650.9
75551.9
75650.9
75551.9
75443.6
75140.4
75038.3
75245.6
75245.6
74834.1
74834.1
74633.0
74633.0
74633.0
74227.6
74527.8
74122.4
74122.4
73615.0
73615.0
73512.9
73410.8
73410.8
73410.8
73107.6
73410.8
73005.5
73107.6
72702.2
72900.3
72593.9
72702.2
72494.9
72593.9
72089.6
71987.5
72188.6
71681.2
71576.0
71882.3
71477.0
70867.4
71576.0
71170.6
70765.3
70963.3
71378.0
70867.4
70963.3
70867.4
70867.4
70765.3
70663.2
70254.8
70152.7
69948.5
69849.5
70050.6
70152.7
69642.2
69849.5
69441.0
69441.0
69137.8
68930.5
68930.5
68831.5
69035.7
69137.8
68729.4
68525.2
68423.1
68222.0
68423.1
68222.0
68119.9
68423.1
68317.9
67609.3
67912.6
67405.1
67405.1
67813.5
67101.9
67303.0
67101.9
67204.0
66795.6
66591.4
66897.7
66285.1
66285.1
66387.2
66285.1
66285.1
66285.1
66492.4
65573.4
65879.7
65672.4
65573.4
65369.2
65573.4
65573.4
65474.4
65369.2
65165.0
64756.6
64861.8
64963.9
64657.6
64450.2
64555.4
64252.2
64252.2
64351.2
64252.2
64044.9
63846.9
63846.9
63537.5
63843.8
63234.3
63537.5
63537.5
63129.1
62723.7
63129.1
63333.3
62822.7
62822.7
62315.3
62216.3
62723.7
62417.4
62216.3
61910.0
61501.6
61910.0
61606.8
61606.8
61804.8
61606.8
61501.6
61399.5
61096.2
60994.1
60994.1
60888.9
60786.8
60687.8
60588.8
60483.6
60282.5
60177.3
60075.2
59871.0
59976.2
59871.0
59772.0
59871.0
59871.0
59564.7
59462.5
59462.5
59669.8
59057.2
58754.0
58961.3
58651.9
58243.5
58447.7
58141.4
58348.7
58243.5
58042.3
57937.2
58243.5
57937.2
58141.4
57429.7
57429.7
57630.8
57531.8
57429.7
57630.8
57324.5
57324.5
57024.4
57222.4
56817.1
56411.8
56513.9
56616.0
56306.6
56207.5
56207.5
56207.5
56003.3
55901.2
55697.0
55697.0
55697.0
55291.7
55495.9
55594.9
55396.9
55189.6
54985.4
54985.4
54679.1
54985.4
54679.1
54784.3
54577.0
54577.0
54481.0
54069.5
53967.4
54171.6
54066.4
54066.4
53868.4
53766.3
53562.1
53967.4
53661.1
53255.8
53661.1
53255.8
52949.4
53051.6
52949.4
52850.4
52646.2
52745.2
52745.2
52438.9
52240.9
52438.9
52438.9
51931.5
52138.8
51931.5
51628.3
51421.0
51727.3
51526.2
51114.6
51421.0
51421.0
51421.0
51114.6
51015.6
51015.6
50709.3
50610.3
50508.2
50096.7
50406.1
50205.0
50000.8
50205.0
49898.7
49487.1
50096.7
49691.4
49595.4
49595.4
49595.4
49595.4
49183.9
49286.0
49081.8
48874.5
48775.5
49183.9
48874.5
48676.5
48982.8
48676.5
48775.5
48166.0
48271.2
48271.2
48370.2
47964.8
48166.0
48063.9
47658.5
47760.6
47964.8
47355.3
47553.3
47148.0
47247.0
47148.0
46841.7
46946.9
47148.0
46742.7
46841.7
46742.7
46640.6
46535.4
46229.0
46535.4
46436.4
45925.8
46130.0
45925.8
45724.7
45724.7
45619.5
45619.5
45520.5
45724.7
45724.7
45316.3
45316.3
45316.3
45418.4
45211.1
45316.3
45115.2
45013.1
44601.5
44706.7
44502.5
44502.5
44706.7
44298.3
44196.2
44094.1
44094.1
43790.9
44094.1
44094.1
43889.9
43790.9
43790.9
43688.8
43889.9
43076.2
43385.6
43178.3
43280.4
42772.9
42971.0
42875.0
42667.7
42772.9
42466.6
42565.6
42466.6
42262.4
42361.4
42565.6
42361.4
41755.0
41857.1
41956.1
42058.2
41755.0
41755.0
41550.8
41755.0
41649.8
41448.7
41343.5
41448.7
41145.4
41145.4
40634.9
41145.4
41145.4
40938.1
40325.5
40226.5
40427.6
40634.9
40226.5
40325.5
40022.3
40325.5
40127.5
40226.5
39920.2
39716.0
39920.2
39514.8
40022.3
39716.0
39716.0
39716.0
39616.9
39310.6
39514.8
39208.5
39004.3
39514.8
39412.7
39310.6
39208.5
38595.9
38800.1
38500.0
38595.9
38595.9
38292.7
38394.8
38190.6
38698.0
38292.7
38088.5
38190.6
37986.3
37986.3
38088.5
37986.3
38394.8
37986.3
37680.0
37986.3
37475.8
37274.7
37274.7
37274.7
37274.7
36767.3
37070.5
36968.4
36767.3
36869.4
36767.3
37172.6
36869.4
36869.4
36154.6
36457.9
36457.9
36154.6
36767.3
36355.8
36154.6
36355.8
36259.8
36154.6
36052.5
35950.4
36052.5
35950.4
35439.9
35848.3
35542.0
35340.9
35340.9
35439.9
35340.9
35439.9
35340.9
35136.7
35340.9
34629.2
34935.6
34830.4
34527.1
34728.3
34728.3
34830.4
34728.3
34728.3
34629.2
34527.1
34322.9
34527.1
34425.0
34322.9
33812.4
34115.6
34322.9
34019.7
33914.5
33914.5
33914.5
33608.2
33407.1
33407.1
33509.2
33100.8
33407.1
33202.9
33305.0
33202.9
33202.9
33001.7
33305.0
33407.1
33001.7
33202.9
32896.5
33001.7
32794.4
32896.5
32695.4
33202.9
32590.2
32488.1
32389.1
32389.1
32287.0
32695.4
32590.2
32488.1
32287.0
32389.1
32184.9
31977.6
32389.1
32082.8
32082.8
31470.2
31572.3
31779.6
32184.9
31878.6
31779.6
32184.9
31572.3
31572.3
31677.5
31779.6
31470.2
31269.0
31374.2
31269.0
31374.2
31166.9
30656.4
31064.8
31064.8
30761.6
30761.6
30962.7
30962.7
30656.4
30860.6
30557.4
30350.1
30557.4
30761.6
30554.3
30557.4
30050.0
30350.1
29944.8
30761.6
30149.0
30149.0
30149.0
29842.7
29944.8
29842.7
30050.0
29842.7
29842.7
29944.8
29743.6
29743.6
29743.6
29944.8
29743.6
29437.3
29842.7
29437.3
29332.1
29638.4
29437.3
29028.9
29028.9
29230.0
29437.3
29134.1
29028.9
28926.8
29134.1
29028.9
29230.0
28824.7
28926.8
28824.7
28824.7
28620.5
28722.6
28824.7
28620.5
28722.6
28317.3
28824.7
28416.3
28521.5
28620.5
28416.3
28317.3
28521.5
28521.5
28007.9
28521.5
28215.2
28521.5
28116.1
28317.3
28317.3
27908.8
28007.9
28116.1
28116.1
28007.9
28116.1
27809.8
28215.2
27809.8
27809.8
28007.9
27908.8
27908.8
27704.6
27809.8
27704.6
27503.5
27704.6
27401.4
27401.4
27602.5
27704.6
27197.2
27704.6
27503.5
27809.8
27503.5
27602.5
27503.5
27401.4
27299.3
27299.3
27197.2
27197.2
27197.2
27503.5
26993.0
26993.0
27197.2
26993.0
26584.6
26894.0
27197.2
26788.8
27092.0
27092.0
26584.6
26894.0
26788.8
27092.0
26788.8
26993.0
26788.8
26584.6
26584.6
26686.7
26380.4
26380.4
26380.4
26686.7
26584.6
26686.7
26788.8
26993.0
26584.6
26686.7
26584.6
26584.6
26281.3
26380.4
26380.4
26380.4
26281.3
26380.4
26281.3
26380.4
26380.4
26179.2
25975.0
26281.3
26179.2
26281.3
26380.4
26380.4
26179.2
26077.1
26179.2
26281.3
25767.7
25975.0
26077.1
25876.0
26179.2
25975.0
25876.0
25767.7
25876.0
25767.7
25876.0
25876.0
25569.7
25569.7
26179.2
26077.1
25975.0
25876.0
25876.0
26077.1
25876.0
25767.7
26077.1
25876.0
25569.7
25876.0
25876.0
25569.7
25876.0
25671.8
25767.7
25671.8
25671.8
25876.0
25767.7
25975.0
25876.0
25767.7
25975.0
25767.7
25362.4
25569.7
25671.8
25876.0
25569.7
25975.0
25569.7
25975.0
25767.7
25671.8
25767.7
25767.7
25569.7
25767.7
25876.0
25671.8
25464.5
25671.8
25767.7
25569.7
25569.7
25569.7
25569.7
25767.7
25671.8
25569.7
25671.8
25569.7
25671.8
25464.5
25161.3
25671.8
25569.7
25263.4
25464.5
25464.5
25767.7
25569.7
25464.5
25263.4
25767.7
25767.7
25569.7
25569.7
25161.3
25671.8
25263.4
25161.3
25671.8
25569.7
25362.4
25464.5
25161.3
25464.5
25671.8
25362.4
26077.1
25767.7
25059.2
25767.7
25362.4
25569.7
25464.5
25767.7
25569.7
25876.0
25464.5
25767.7
25876.0
25464.5
25569.7
25767.7
25876.0
25876.0
25569.7
25569.7
25671.8
25876.0
25975.0
25975.0
25671.8
25975.0
25876.0
25767.7
25767.7
25876.0
26077.1
25767.7
26380.4
25975.0
25671.8
25671.8
25767.7
25975.0
25876.0
25876.0
26179.2
25767.7
25876.0
25767.7
26077.1
26179.2
26077.1
26281.3
25767.7
26179.2
25876.0
26077.1
26488.6
26077.1
26281.3
26488.6
26179.2
26281.3
25975.0
26281.3
26179.2
26179.2
26281.3
26077.1
26077.1
26281.3
26380.4
26584.6
26488.6
26380.4
26584.6
26488.6
26380.4
26380.4
26380.4
26281.3
26894.0
26788.8
26584.6
26788.8
26488.6
26380.4
27092.0
26584.6
26686.7
26894.0
27092.0
26686.7
26788.8
26686.7
26584.6
26788.8
26993.0
26788.8
26584.6
26894.0
26894.0
26993.0
27092.0
26993.0
26686.7
26894.0
26993.0
27503.5
27092.0
26993.0
26686.7
27197.2
27299.3
27299.3
27197.2
27197.2
27197.2
27503.5
27602.5
27197.2
27401.4
27401.4
27092.0
27299.3
27401.4
28215.2
27503.5
27401.4
27401.4
27602.5
27503.5
27602.5
27809.8
27704.6
27809.8
27908.8
27908.8
28007.9
28215.2
28007.9
27908.8
28116.1
28317.3
28007.9
28317.3
28007.9
28116.1
28317.3
28416.3
28416.3
28007.9
28521.5
28521.5
28317.3
28116.1
28416.3
28824.7
28521.5
28215.2
28722.6
28722.6
28620.5
28926.8
28620.5
29028.9
29028.9
29134.1
29028.9
29028.9
28926.8
29134.1
28722.6
28824.7
29134.1
29134.1
28926.8
29437.3
29028.9
29539.4
29028.9
28824.7
29638.4
29539.4
29230.0
29437.3
29743.6
29437.3
29842.7
29743.6
29743.6
29842.7
29638.4
29743.6
29944.8
29944.8
29944.8
30149.0
30149.0
29944.8
30455.3
30050.0
30149.0
30248.0
29842.7
30149.0
30350.1
30149.0
30455.3
30554.3
30248.0
30455.3
30455.3
30557.4
30557.4
30350.1
30761.6
30656.4
30656.4
30962.7
30962.7
30860.6
30962.7
31064.8
31064.8
31374.2
31064.8
31166.9
31269.0
31064.8
31064.8
31374.2
31470.2
31572.3
31470.2
31470.2
31572.3
31572.3
31470.2
31470.2
31878.6
31677.5
31572.3
31779.6
31878.6
31977.6
31878.6
32287.0
32082.8
32389.1
32389.1
32389.1
32488.1
32590.2
32389.1
32389.1
32488.1
32389.1
32794.4
33001.7
33001.7
33001.7
32896.5
33001.7
32794.4
33001.7
33100.8
32896.5
33100.8
33100.8
33100.8
33202.9
33100.8
33202.9
33305.0
33407.1
33509.2
33407.1
33305.0
33812.4
33509.2
33710.3
33710.3
33710.3
34019.7
33914.5
33812.4
33812.4
34217.7
34115.6
34019.7
34115.6
34425.0
34629.2
34425.0
34728.3
34527.1
34629.2
34629.2
34830.4
34629.2
34830.4
34830.4
34935.6
34935.6
35136.7
35034.6
35340.9
35340.9
35647.2
35136.7
35542.0
35340.9
35848.3
35848.3
35542.0
36052.5
35848.3
35749.3
35749.3
36052.5
36052.5
35848.3
36259.8
36154.6
36154.6
36563.1
36052.5
36052.5
36767.3
36665.2
36457.9
36767.3
36259.8
36665.2
37070.5
36665.2
36968.4
36968.4
36869.4
36968.4
36869.4
37274.7
37475.8
37274.7
37475.8
37172.6
37274.7
37680.0
37475.8
37680.0
37581.0
37782.1
37986.3
37986.3
38190.6
38088.5
38190.6
37887.3
38394.8
38394.8
38595.9
38394.8
38292.7
38800.1
38595.9
38595.9
38698.0
39208.5
38800.1
39208.5
39103.3
39004.3
39004.3
39208.5
39103.3
39208.5
39412.7
39310.6
39716.0
39716.0
39514.8
39514.8
39821.2
39616.9
40127.5
39821.2
40226.5
40325.5
39920.2
40325.5
40127.5
40325.5
40127.5
40634.9
40634.9
40325.5
40532.8
40733.9
40733.9
40634.9
40634.9
40733.9
41040.2
41145.4
41343.5
40733.9
41145.4
41145.4
41244.4
41448.7
41343.5
41550.8
41956.1
41448.7
41652.9
42058.2
41956.1
41857.1
42058.2
42160.3
42160.3
42466.6
42466.6
42565.6
42565.6
42160.3
42565.6
42667.7
42565.6
42667.7
42971.0
42875.0
42875.0
43280.4
42772.9
42875.0
43280.4
43280.4
43385.6
43688.8
43484.6
43385.6
43688.8
43484.6
43889.9
43790.9
43790.9
43988.9
44094.1
44400.4
44298.3
44196.2
44196.2
44502.5
44601.5
44601.5
44601.5
44907.9
44907.9
44502.5
44805.8
45211.1
45418.4
45115.2
45115.2
45211.1
45520.5
45619.5
45520.5
45823.7
45520.5
45724.7
46031.0
45619.5
45925.8
45925.8
45619.5
46334.2
46229.0
46436.4
46031.0
46436.4
46229.0
46334.2
46640.6
46742.7
46841.7
46742.7
47247.0
47045.9
46841.7
47045.9
47355.3
47355.3
47355.3
47355.3
47355.3
46946.9
47658.5
47451.2
47553.3
47760.6
47964.8
47964.8
47964.8
47760.6
48271.2
48370.2
48166.0
48574.4
48271.2
48775.5
48676.5
48469.2
48775.5
48775.5
49081.8
49180.8
48775.5
49081.8
48982.8
49081.8
49286.0
49183.9
49595.4
49691.4
49691.4
49595.4
49793.5
49793.5
50000.8
50205.0
50205.0
50205.0
50096.7
50709.3
50205.0
50508.2
50811.4
50508.2
50811.4
50508.2
50916.6
51321.9
51015.6
51114.6
51015.6
51421.0
51727.3
51321.9
51526.2
51628.3
51526.2
51727.3
52033.6
51835.6
51727.3
51931.5
52240.9
51835.6
52336.8
52544.1
52336.8
52438.9
52544.1
52544.1
52850.4
52745.2
52745.2
53156.8
52850.4
53051.6
53463.1
53463.1
53255.8
53354.8
53661.1
53766.3
53354.8
53661.1
53661.1
53868.4
53562.1
53661.1
53868.4
54066.4
54171.6
53967.4
54375.8
54171.6
54481.0
54375.8
54577.0
54577.0
54784.3
54784.3
54985.4
55189.6
54985.4
55291.7
55291.7
54985.4
55396.9
55090.6
55396.9
55594.9
55495.9
55802.2
56003.3
56003.3
56003.3
56108.5
55697.0
56108.5
56003.3
56411.8
56306.6
56306.6
56616.0
56721.2
56817.1
56919.2
56513.9
56817.1
57222.4
57324.5
57024.4
57531.8
57126.5
57429.7
57429.7
57429.7
57429.7
57835.0
57531.8
57937.2
58042.3
58243.5
58243.5
58348.7
58243.5
58447.7
58447.7
58447.7
58546.7
58754.0
58546.7
59057.2
58856.1
58754.0
59159.3
59159.3
59366.6
59057.2
59261.4
59564.7
59366.6
59564.7
59564.7
59772.0
59772.0
59871.0
59772.0
59772.0
60177.3
59976.2
60588.8
60075.2
60588.8
60282.5
60588.8
60588.8
60786.8
61096.2
61192.2
61096.2
60786.8
60994.1
61297.4
61192.2
61399.5
61399.5
61501.6
61297.4
61501.6
61804.8
61804.8
61702.7
62111.1
62216.3
62315.3
62111.1
62111.1
62315.3
62315.3
62417.4
62417.4
62516.4
62516.4
62516.4
62822.7
62417.4
63027.0
62822.7
63027.0
63027.0
63432.3
63027.0
63129.1
63333.3
63432.3
63432.3
63333.3
63741.7
63537.5
63639.6
63942.8
63846.9
63846.9
63942.8
64450.2
64351.2
64450.2
64450.2
64756.6
64555.4
65062.9
64555.4
65165.0
64861.8
65062.9
64861.8
65168.1
65267.1
65474.4
65474.4
65267.1
65369.2
65474.4
65879.7
65474.4
65474.4
66182.9
65879.7
66285.1
66182.9
66182.9
66387.2
66077.7
66285.1
66182.9
66591.4
66591.4
66387.2
66387.2
66690.4
66897.7
66996.7
66795.6
66897.7
67303.0
67303.0
67405.1
66996.7
67813.5
67708.3
67708.3
67708.3
67813.5
67813.5
67507.2
67912.6
68423.1
68119.9
68014.7
68222.0
68222.0
68317.9
68525.2
68317.9
68729.4
68930.5
68930.5
68627.3
69236.8
69035.7
68732.5
69137.8
69236.8
69335.8
69137.8
69335.8
69236.8
69335.8
70050.6
69849.5
69543.1
70050.6
69849.5
69642.2
69747.4
69948.5
69948.5
70254.8
70462.1
70360.0
70254.8
70765.3
70360.0
70462.1
70462.1
70558.0
70765.3
70963.3
71071.6
71272.8
71071.6
71272.8
71071.6
71378.0
71272.8
71272.8
71378.0
71477.0
71576.0
71378.0
71576.0
71783.3
72089.6
71987.5
71783.3
72188.6
72089.6
72188.6
72290.7
72392.8
72392.8
72702.2
72494.9
72494.9
73005.5
72494.9
72798.1
72900.3
73107.6
72798.1
73107.6
73005.5
73005.5
73512.9
73410.8
73203.5
73512.9
73717.1
73717.1
73512.9
73615.0
73512.9
73717.1
73615.0
74023.4
73921.3
74122.4
74329.7
74329.7
74227.6
74227.6
74023.4
74428.7
74428.7
74633.0
74735.1
74633.0
74942.4
74735.1
74834.1
75038.3
75038.3
75347.7
75347.7
75245.6
75443.6
75443.6
75551.9
75443.6
75443.6
75650.9
75650.9
75551.9
76158.3
75855.1
75855.1
75855.1
75957.2
75753.0
75855.1
76263.5
76263.5
76362.6
76362.6
76461.6
76461.6
76569.9
76569.9
76767.9
76873.1
76873.1
76975.2
76975.2
77074.2
77380.5
77179.4
77683.7
77278.4
77380.5
77380.5
77485.7
77278.4
77485.7
77683.7
77785.8
77380.5
77587.8
78197.4
78092.2
78092.2
77587.8
77993.2
78296.4
78296.4
78398.5
78602.7
78398.5
78500.6
78296.4
78810.0
78398.5
78810.0
78701.7
78602.7
78810.0
79008.0
79008.0
78909.0
78909.0
79215.3
79008.0
79215.3
79413.3
79518.5
79518.5
79413.3
79620.7
79518.5
79620.7
79620.7
79722.8
79620.7
79620.7
80131.2
79923.9
80026.0
79923.9
80026.0
80131.2
80332.3
80233.3
80332.3
80437.5
80026.0
80437.5
80638.6
80536.5
81146.0
80437.5
80638.6
81146.0
80842.8
81050.1
81146.0
81050.1
81350.3
80941.8
81350.3
80941.8
81050.1
81248.2
81554.5
81248.2
81350.3
81758.7
81350.3
81554.5
81455.5
81860.8
81758.7
81860.8
81758.7
81962.9
81758.7
82164.0
82164.0
81962.9
81962.9
82569.3
82266.1
82371.3
82473.4
82065.0
82164.0
82371.3
82878.7
82371.3
82473.4
82569.3
82776.6
82776.6
82776.6
82878.7
82878.7
82569.3
83083.0
82977.8
82977.8
82878.7
83284.1
82776.6
83488.3
83284.1
83182.0
83386.2
83488.3
83488.3
83794.6
83695.6
83590.4
83590.4
83590.4
83590.4
83488.3
83590.4
83998.8
84100.9
83998.8
83893.6
84305.1
83794.6
84404.1
83998.8
84203.0
84608.4
84506.2
84608.4
84506.2
84710.5
84608.4
84305.1
84305.1
84506.2
84608.4
84911.6
84608.4
84809.5
84809.5
84710.5
85217.9
85217.9
85118.9
85016.8
85118.9
85118.9
85118.9
85016.8
85217.9
85323.1
85524.2
85422.1
85217.9
85728.4
85524.2
85524.2
85422.1
85728.4
85422.1
85728.4
85524.2
85323.1
85524.2
85728.4
86031.6
85830.5
86235.9
85626.3
85830.5
85830.5
86443.2
86133.7
86031.6
85935.7
85935.7
86133.7
86133.7
86539.1
86644.3
86443.2
86341.1
86341.1
86133.7
86235.9
86644.3
86644.3
86443.2
86644.3
86848.5
86746.4
86848.5
86644.3
86443.2
86950.6
86539.1
86950.6
86746.4
86848.5
87049.6
86746.4
86644.3
87049.6
87355.9
86746.4
87355.9
86950.6
87151.7
87256.9
86950.6
87151.7
87355.9
86950.6
87151.7
87355.9
87563.2
87151.7
87662.2
87563.2
87359.0
87662.2
87563.2
87458.0
87359.0
87764.3
87458.0
87764.3
87863.4
87968.6
87764.3
87662.2
87662.2
87662.2
87863.4
87968.6
87968.6
88070.7
87863.4
87968.6
88373.9
88070.7
88271.8
88070.7
88169.7
88271.8
88271.8
88169.7
88581.2
88271.8
88581.2
88373.9
88271.8
88476.0
88581.2
88677.1
88476.0
88271.8
88271.8
88373.9
88476.0
88581.2
88884.4
88581.2
88581.2
88581.2
88581.2
88677.1
88680.2
88677.1
88779.2
88779.2
88986.5
88677.1
88986.5
88779.2
89190.7
88779.2
88884.4
88779.2
88779.2
88581.2
89797.2
88884.4
88986.5
89289.7
89190.7
89088.6
88884.4
88884.4
88581.2
88986.5
88884.4
88779.2
88986.5
89088.6
89289.7
89190.7
89088.6
89289.7
89088.6
89289.7
88986.5
89190.7
89190.7
89289.7
89289.7
89190.7
89289.7
89088.6
89088.6
89497.0
89289.7
89289.7
89391.8
89497.0
89289.7
89190.7
89596.1
89391.8
89497.0
89289.7
89391.8
89289.7
89391.8
89391.8
89497.0
89698.2
89596.1
89797.2
89698.2
89596.1
89596.1
89902.4
89902.4
89596.1
89698.2
89902.4
89497.0
89596.1
89797.2
89497.0
89698.2
89698.2
89797.2
89698.2
90004.5
90103.5
90103.5
89902.4
89902.4
89797.2
89902.4
90103.5
90004.5
90004.5
89902.4
90004.5
89596.1
90310.8
89797.2
89596.1
89902.4
90004.5
90004.5
89797.2
89902.4
90103.5
89902.4
89797.2
89902.4
89797.2
89698.2
89902.4
89797.2
90103.5
89497.0
90103.5
89902.4
90004.5
89902.4
90208.7
89698.2
90208.7
90004.5
89797.2
90004.5
90004.5
90103.5
89797.2
89596.1
89797.2
89902.4
90004.5
89902.4
89797.2
90004.5
90004.5
89902.4
90004.5
90208.7
89902.4
89698.2
89902.4
89902.4
89797.2
90409.8
89797.2
89797.2
90004.5
89698.2
89596.1
89797.2
90004.5
89902.4
89797.2
90004.5
90208.7
89797.2
89797.2
89596.1
89596.1
90004.5
89596.1
89698.2
89497.0
89596.1
89596.1
89497.0
89902.4
89698.2
89289.7
89289.7
89497.0
89698.2
89797.2
89797.2
89596.1
89797.2
89497.0
90004.5
89797.2
89497.0
89797.2
90004.5
89698.2
89497.0
89797.2
89497.0
89902.4
89797.2
89797.2
90004.5
89497.0
89497.0
89698.2
89698.2
90004.5
89797.2
89698.2
89698.2
89596.1
89190.7
89289.7
89596.1
89596.1
89596.1
89391.8
89088.6
89190.7
89497.0
89497.0
89596.1
89289.7
89289.7
89497.0
89289.7
89289.7
89289.7
89088.6
89391.8
89497.0
89190.7
89289.7
89289.7
89088.6
89190.7
88884.4
88581.2
88986.5
89088.6
88884.4
89088.6
89088.6
88986.5
88986.5
88779.2
88986.5
88986.5
88581.2
88884.4
88986.5
88884.4
88884.4
88680.2
88680.2
88581.2
88779.2
88779.2
88986.5
88680.2
88779.2
88677.1
88581.2
88677.1
88779.2
88476.0
88476.0
88680.2
88779.2
88476.0
88677.1
88677.1
88581.2
88373.9
88677.1
88070.7
88581.2
88169.7
87968.6
88070.7
88169.7
88070.7
88070.7
88373.9
88373.9
88271.8
88070.7
87863.4
88271.8
87662.2
87863.4
87968.6
88070.7
87863.4
87662.2
88169.7
88271.8
87863.4
87863.4
87764.3
88070.7
87563.2
87662.2
87458.0
87863.4
87662.2
87563.2
87563.2
87563.2
87662.2
87458.0
87458.0
87458.0
87458.0
87359.0
87563.2
87563.2
87049.6
87256.9
87256.9
87256.9
87256.9
87049.6
87764.3
87151.7
87151.7
87049.6
87049.6
87256.9
86950.6
86950.6
86848.5
86950.6
86644.3
86848.5
86950.6
86950.6
86848.5
86539.1
86341.1
86443.2
86746.4
86644.3
86443.2
86235.9
86443.2
86539.1
86443.2
86133.7
86341.1
86133.7
85830.5
86341.1
86133.7
86235.9
85935.7
85935.7
85830.5
85935.7
86031.6
85830.5
85935.7
86133.7
85935.7
85728.4
86031.6
85935.7
85626.3
85422.1
85626.3
85323.1
85524.2
85626.3
85323.1
85422.1
85323.1
85323.1
85422.1
85217.9
85118.9
85323.1
85016.8
85217.9
84911.6
84608.4
85118.9
84608.4
84809.5
85016.8
84809.5
84710.5
84710.5
84506.2
84710.5
84710.5
84506.2
84608.4
84608.4
84608.4
84203.0
84305.1
84608.4
84404.1
84506.2
83893.6
84305.1
84506.2
84100.9
83998.8
84203.0
84305.1
84203.0
83794.6
83998.8
83794.6
83893.6
83893.6
83695.6
83590.4
83590.4
83791.5
83590.4
83488.3
83488.3
82977.8
83590.4
83488.3
83284.1
83083.0
83695.6
83182.0
83083.0
83083.0
83083.0
82776.6
82776.6
83083.0
82776.6
82878.7
82977.8
82977.8
82776.6
82371.3
82569.3
82473.4
82569.3
82371.3
82371.3
82266.1
82473.4
82266.1
82065.0
81962.9
82164.0
82065.0
81962.9
82065.0
81860.8
81554.5
81758.7
81554.5
81554.5
81653.5
81554.5
81653.5
81653.5
81146.0
81248.2
81455.5
81350.3
81149.1
81554.5
81350.3
81248.2
80941.8
81050.1
81146.0
81146.0
80536.5
81248.2
80842.8
80536.5
80941.8
80437.5
80740.7
80536.5
80638.6
80536.5
80233.3
80536.5
80437.5
80638.6
80332.3
80131.2
79824.9
80026.0
80233.3
80026.0
79923.9
79923.9
79923.9
79620.7
79824.9
79413.3
79722.8
79722.8
79722.8
79314.3
79620.7
79314.3
79113.2
79113.2
78909.0
79113.2
79008.0
79008.0
79215.3
78909.0
79008.0
78909.0
78810.0
78810.0
78602.7
78602.7
78398.5
78398.5
78296.4
78398.5
78500.6
77993.2
78602.7
78701.7
78197.4
78092.2
77785.8
77993.2
77683.7
77485.7
77785.8
77785.8
77891.0
77785.8
77380.5
77485.7
77485.7
77485.7
77074.2
76873.1
76767.9
76873.1
76975.2
76975.2
76975.2
77074.2
76873.1
76569.9
76975.2
76362.6
76263.5
76569.9
76569.9
76056.2
76158.3
76260.5
76569.9
76260.5
76362.6
76056.2
75957.2
75855.1
75957.2
75855.1
75855.1
75753.0
75443.6
75855.1
75443.6
75245.6
75140.4
75443.6
75443.6
75347.7
75245.6
75038.3
75038.3
75245.6
74942.4
74834.1
74834.1
74735.1
74633.0
74527.8
74527.8
74633.0
74633.0
74527.8
74227.6
74122.4
74527.8
74122.4
74227.6
74122.4
74023.4
74122.4
74227.6
74122.4
73311.8
73512.9
73816.1
73311.8
73615.0
73816.1
73311.8
73615.0
73107.6
73410.8
73107.6
73107.6
72900.3
72702.2
72798.1
72900.3
72900.3
72798.1
72392.8
72702.2
72593.9
72290.7
72290.7
72188.6
72494.9
72089.6
71987.5
72089.6
72290.7
71987.5
71987.5
71783.3
71681.2
71272.8
71477.0
71477.0
71576.0
71378.0
71374.9
71071.6
71477.0
70963.3
71272.8
70963.3
70462.1
70765.3
70867.4
70867.4
70765.3
70867.4
70765.3
70867.4
70053.7
70152.7
70462.1
70360.0
70053.7
70254.8
69948.5
69948.5
69543.1
69642.2
69849.5
69543.1
69642.2
69747.4
69441.0
69543.1
69642.2
69137.8
69335.8
69236.8
69236.8
69035.7
68831.5
68732.5
68729.4
68729.4
68627.3
68525.2
68627.3
68627.3
68627.3
68525.2
68222.0
68317.9
68119.9
67912.6
68222.0
68317.9
67813.5
67708.3
68014.7
68119.9
67405.1
67609.3
67813.5
67405.1
67609.3
67204.0
67405.1
67303.0
67303.0
66996.7
67303.0
66996.7
66996.7
66996.7
67101.9
67101.9
66387.2
66492.4
66285.1
66285.1
66387.2
66182.9
66492.4
66387.2
66285.1
66182.9
65981.8
66285.1
65774.5
65774.5
65573.4
65774.5
65672.4
65672.4
65474.4
65474.4
65474.4
65573.4
64861.8
65062.9
64861.8
65062.9
64756.6
64861.8
64861.8
64861.8
64861.8
64555.4
64450.2
64450.2
64252.2
64044.9
63942.8
64147.0
63942.8
64147.0
64044.9
64147.0
63537.5
63432.3
63639.6
63432.3
63333.3
63333.3
63333.3
63234.3
63129.1
63129.1
62927.9
62927.9
62927.9
63129.1
62417.4
62723.7
62621.6
62516.4
62516.4
62516.4
62315.3
62417.4
61910.0
62012.1
62111.1
62012.1
62216.3
61804.8
61910.0
62012.1
61501.6
61399.5
61297.4
61399.5
61192.2
61399.5
60994.1
60994.1
61192.2
60888.9
61096.2
60994.1
61096.2
60786.8
60687.8
60687.8
60381.5
60786.8
60483.6
60282.5
60282.5
59976.2
60483.6
59772.0
60075.2
59772.0
59772.0
60075.2
59871.0
59871.0
59462.5
59564.7
59366.6
59261.4
59564.7
59261.4
59366.6
59057.2
58754.0
58961.3
58754.0
58754.0
58651.9
58754.0
58348.7
58754.0
58447.7
58042.3
58141.4
58447.7
58348.7
58141.4
58141.4
57937.2
57937.2
58243.5
