IEC 61083-2 TDG Version 2.1.0
Data File Version  2.1.0
55 OLI-M4
16 bits, 20342 samples at 10ns
1.000000e-008
0.0
-220.0
440.0
604.9
495.0
261.2
261.2
261.2
-563.7
-453.7
1113.6
1058.6
-288.7
-618.7
41.2
-1127.4
0.0
440.0
440.0
-220.0
1113.6
220.0
110.0
440.0
1223.6
-1966.1
220.0
-110.0
220.0
1003.7
-563.7
714.9
-288.7
879.9
1113.6
-563.7
1278.6
714.9
714.9
385.0
549.9
-68.7
-508.7
824.9
604.9
-1127.4
151.2
-68.7
-398.7
-618.7
549.9
-220.0
-343.7
165.0
-55.0
0.0
96.2
0.0
495.0
-178.7
-563.7
-13.7
0.0
824.9
-178.7
1388.6
-398.7
-398.7
769.9
-233.7
261.2
96.2
-343.7
-508.7
275.0
-1691.1
604.9
495.0
-178.7
151.2
824.9
275.0
-728.7
110.0
-110.0
-288.7
385.0
165.0
495.0
275.0
0.0
-165.0
55.0
714.9
-398.7
549.9
-178.7
604.9
-907.4
-673.7
1113.6
-220.0
-783.7
385.0
1058.6
261.2
-453.7
440.0
275.0
151.2
2516.0
-508.7
-165.0
0.0
440.0
0.0
-728.7
165.0
1003.7
659.9
-288.7
-288.7
41.2
385.0
1168.6
-563.7
948.7
728.7
41.2
-618.7
261.2
-673.7
673.7
673.7
-220.0
261.2
-1182.4
165.0
495.0
-618.7
-1402.4
440.0
-453.7
1553.6
2007.3
0.0
220.0
220.0
-453.7
220.0
-1127.4
714.9
495.0
-838.7
275.0
-563.7
-55.0
714.9
714.9
-55.0
-838.7
495.0
-398.7
-563.7
220.0
549.9
-453.7
1113.6
275.0
-55.0
-288.7
-68.7
-508.7
495.0
948.7
-288.7
385.0
-68.7
110.0
-453.7
2516.0
-783.7
-1017.4
165.0
261.2
261.2
55.0
261.2
-68.7
-55.0
-1402.4
0.0
-110.0
-288.7
-55.0
-838.7
-728.7
-508.7
0.0
-563.7
824.9
261.2
165.0
-508.7
714.9
-1127.4
-55.0
165.0
-178.7
-852.4
1113.6
-178.7
261.2
-398.7
-618.7
261.2
-1237.4
-343.7
330.0
-1237.4
824.9
-508.7
604.9
-233.7
-1471.1
1677.3
-673.7
659.9
-673.7
440.0
-838.7
110.0
-13.7
1003.7
-1127.4
1113.6
-178.7
-68.7
110.0
1443.6
-563.7
-1017.4
-233.7
440.0
330.0
1113.6
549.9
440.0
261.2
261.2
549.9
-165.0
-288.7
220.0
220.0
-1127.4
-343.7
0.0
495.0
714.9
0.0
714.9
261.2
604.9
385.0
0.0
948.7
948.7
440.0
549.9
-2254.8
659.9
-907.4
275.0
1732.3
-288.7
-110.0
893.7
549.9
-1127.4
0.0
-1182.4
-398.7
-398.7
151.2
-838.7
1333.6
220.0
220.0
-220.0
824.9
-508.7
275.0
-68.7
-398.7
824.9
-453.7
330.0
165.0
385.0
-1127.4
-1072.4
-852.4
824.9
-55.0
824.9
-797.4
220.0
-288.7
385.0
-563.7
440.0
-453.7
41.2
-962.4
549.9
-508.7
714.9
-288.7
948.7
-563.7
-220.0
0.0
0.0
0.0
0.0
55.0
165.0
1168.6
-508.7
-1127.4
-178.7
165.0
330.0
110.0
549.9
-288.7
-962.4
41.2
1168.6
-838.7
-398.7
-728.7
-220.0
1567.4
-1127.4
261.2
-68.7
-728.7
41.2
-563.7
220.0
-563.7
1113.6
549.9
-563.7
714.9
-962.4
-288.7
261.2
1113.6
-618.7
-68.7
-68.7
-618.7
0.0
549.9
-343.7
495.0
604.9
-838.7
838.7
-398.7
604.9
-852.4
1113.6
-288.7
-68.7
604.9
-55.0
-838.7
-13.7
-907.4
1113.6
453.7
-288.7
-838.7
-508.7
0.0
-673.7
-563.7
-728.7
714.9
-288.7
-2199.8
1677.3
-962.4
495.0
-673.7
440.0
824.9
165.0
385.0
-453.7
-1237.4
549.9
220.0
-1237.4
-728.7
838.7
-1691.1
-453.7
0.0
1003.7
769.9
1677.3
96.2
-233.7
440.0
769.9
-288.7
-178.7
165.0
330.0
-343.7
0.0
275.0
948.7
-68.7
-962.4
1677.3
-110.0
549.9
385.0
-618.7
-838.7
440.0
-110.0
-1292.4
-398.7
1388.6
-55.0
604.9
-233.7
96.2
-1127.4
1113.6
220.0
-618.7
838.7
1113.6
-508.7
824.9
-178.7
948.7
-563.7
-398.7
261.2
604.9
1058.6
-288.7
-288.7
-68.7
440.0
-1017.4
-838.7
659.9
-783.7
41.2
-398.7
0.0
96.2
0.0
0.0
-110.0
-288.7
604.9
-398.7
-68.7
-398.7
1388.6
948.7
604.9
110.0
330.0
-288.7
261.2
495.0
1168.6
1388.6
549.9
165.0
165.0
330.0
-907.4
-563.7
769.9
440.0
769.9
-453.7
549.9
151.2
-288.7
385.0
-508.7
549.9
1058.6
-288.7
-453.7
-783.7
549.9
659.9
220.0
714.9
-1636.1
549.9
714.9
-508.7
0.0
-220.0
1113.6
-220.0
110.0
110.0
-220.0
-1402.4
1058.6
-398.7
604.9
-852.4
1388.6
-288.7
604.9
440.0
330.0
-563.7
55.0
-178.7
-178.7
55.0
0.0
-563.7
220.0
-288.7
838.7
-288.7
110.0
893.7
385.0
-288.7
-838.7
-110.0
220.0
41.2
-618.7
0.0
-110.0
-123.7
-123.7
1897.3
-288.7
261.2
41.2
41.2
-618.7
261.2
-1361.1
549.9
-1127.4
-123.7
824.9
110.0
220.0
220.0
1223.6
261.2
220.0
-110.0
-783.7
220.0
824.9
-1237.4
-13.7
-1017.4
-220.0
824.9
165.0
385.0
-632.4
261.2
-1402.4
-233.7
659.9
0.0
-220.0
-563.7
659.9
0.0
838.7
495.0
-838.7
549.9
-13.7
330.0
-233.7
1388.6
-343.7
-233.7
-233.7
-563.7
-288.7
110.0
220.0
-453.7
330.0
1113.6
-343.7
440.0
-563.7
0.0
0.0
-618.7
41.2
-783.7
-220.0
0.0
261.2
-68.7
440.0
-453.7
-563.7
220.0
659.9
495.0
824.9
-1402.4
1443.6
330.0
330.0
330.0
-838.7
55.0
1058.6
-288.7
275.0
-1402.4
769.9
769.9
948.7
-55.0
549.9
-220.0
330.0
659.9
110.0
1388.6
0.0
1347.4
165.0
-398.7
1388.6
-178.7
-68.7
-220.0
440.0
-288.7
1003.7
440.0
948.7
-618.7
549.9
604.9
55.0
1223.6
110.0
-563.7
604.9
165.0
659.9
330.0
-563.7
-563.7
220.0
728.7
55.0
261.2
55.0
-398.7
-233.7
330.0
-1402.4
-178.7
-398.7
110.0
0.0
1388.6
714.9
-178.7
-343.7
-220.0
0.0
261.2
-178.7
165.0
-55.0
824.9
1443.6
549.9
220.0
893.7
549.9
110.0
1333.6
-343.7
-907.4
0.0
96.2
110.0
440.0
-220.0
261.2
-110.0
-123.7
-123.7
-110.0
261.2
-453.7
-220.0
948.7
604.9
0.0
495.0
-288.7
220.0
220.0
549.9
-1072.4
165.0
-508.7
-165.0
1952.3
-178.7
838.7
-1017.4
-123.7
0.0
275.0
-288.7
220.0
220.0
1952.3
-398.7
1278.6
275.0
385.0
-288.7
-55.0
385.0
549.9
-1127.4
0.0
220.0
440.0
1113.6
0.0
1388.6
-783.7
-453.7
-453.7
330.0
-288.7
-1072.4
165.0
-343.7
-1017.4
824.9
838.7
55.0
55.0
151.2
0.0
-673.7
-453.7
55.0
-508.7
824.9
330.0
1443.6
604.9
-618.7
824.9
-1347.4
-220.0
-220.0
0.0
0.0
-288.7
728.7
-288.7
714.9
824.9
-852.4
604.9
440.0
0.0
824.9
659.9
549.9
220.0
110.0
0.0
110.0
879.9
220.0
-343.7
0.0
-343.7
-123.7
-783.7
549.9
-1402.4
220.0
-563.7
275.0
495.0
0.0
659.9
-110.0
-962.4
838.7
549.9
714.9
-398.7
-68.7
165.0
-838.7
1512.4
824.9
-1182.4
-962.4
1113.6
-220.0
-783.7
-110.0
440.0
1952.3
-453.7
-220.0
-68.7
-178.7
261.2
-233.7
659.9
-1017.4
549.9
-288.7
55.0
948.7
-68.7
385.0
549.9
-165.0
55.0
1058.6
1732.3
261.2
-13.7
-453.7
-123.7
330.0
-288.7
-220.0
-343.7
330.0
-220.0
1113.6
385.0
948.7
948.7
-508.7
261.2
-343.7
-123.7
879.9
879.9
1388.6
440.0
-220.0
783.7
549.9
-2254.8
385.0
-838.7
495.0
-288.7
1113.6
330.0
-233.7
604.9
165.0
549.9
714.9
-178.7
-13.7
330.0
-288.7
-220.0
330.0
824.9
-508.7
-1402.4
-962.4
165.0
-1182.4
-728.7
261.2
-55.0
275.0
-563.7
-563.7
-1691.1
604.9
165.0
-838.7
-398.7
1113.6
-563.7
549.9
714.9
385.0
-563.7
948.7
1058.6
-123.7
-110.0
-1127.4
-55.0
-68.7
948.7
55.0
549.9
-453.7
-453.7
-288.7
-398.7
-563.7
-178.7
261.2
769.9
440.0
-838.7
-453.7
220.0
714.9
-288.7
261.2
-110.0
110.0
-563.7
-783.7
1677.3
-838.7
-838.7
-508.7
604.9
261.2
-508.7
165.0
-1182.4
151.2
261.2
1223.6
-343.7
0.0
-220.0
-1127.4
-618.7
-178.7
824.9
385.0
1388.6
-1127.4
-563.7
1278.6
-288.7
824.9
549.9
-673.7
-178.7
261.2
-838.7
-1127.4
659.9
-673.7
659.9
0.0
-178.7
165.0
-165.0
151.2
-288.7
-453.7
110.0
440.0
-797.4
-288.7
220.0
-907.4
110.0
-563.7
261.2
41.2
-288.7
1567.4
453.7
-1691.1
714.9
261.2
440.0
-110.0
-1127.4
330.0
440.0
769.9
440.0
1388.6
385.0
-68.7
-563.7
-453.7
1113.6
55.0
-398.7
-398.7
-852.4
3079.7
-508.7
-508.7
495.0
275.0
-288.7
-220.0
-453.7
-962.4
1168.6
-1402.4
-178.7
-68.7
-68.7
1168.6
-563.7
220.0
-343.7
-838.7
41.2
0.0
-907.4
440.0
-398.7
385.0
-838.7
330.0
549.9
41.2
-55.0
1113.6
-343.7
-13.7
-13.7
1003.7
-1127.4
714.9
838.7
659.9
0.0
-288.7
769.9
1113.6
440.0
769.9
261.2
220.0
440.0
-398.7
-288.7
1677.3
-123.7
-907.4
769.9
-1581.1
-288.7
-110.0
-783.7
549.9
-563.7
-288.7
41.2
-288.7
220.0
659.9
824.9
-783.7
0.0
0.0
-343.7
549.9
604.9
-165.0
165.0
261.2
-838.7
-453.7
563.7
-123.7
220.0
0.0
-508.7
55.0
-288.7
-165.0
0.0
-838.7
-288.7
-453.7
220.0
261.2
-68.7
-742.4
769.9
-233.7
1952.3
714.9
948.7
769.9
-1127.4
1388.6
-563.7
-907.4
769.9
440.0
261.2
-797.4
879.9
-123.7
-13.7
1952.3
-618.7
-962.4
55.0
-288.7
261.2
495.0
-398.7
769.9
0.0
261.2
330.0
-1017.4
330.0
-110.0
-838.7
-288.7
385.0
1732.3
165.0
0.0
714.9
385.0
-123.7
330.0
261.2
96.2
-233.7
769.9
220.0
-1402.4
-233.7
110.0
-233.7
-343.7
261.2
-508.7
-398.7
440.0
-453.7
-1127.4
1003.7
-123.7
-123.7
549.9
0.0
220.0
0.0
-165.0
385.0
-1691.1
-343.7
0.0
-343.7
-220.0
1952.3
55.0
495.0
-508.7
151.2
0.0
-852.4
385.0
-962.4
41.2
2241.0
261.2
824.9
-178.7
-68.7
824.9
-907.4
330.0
-838.7
495.0
261.2
-233.7
659.9
495.0
385.0
824.9
-55.0
-508.7
-343.7
-673.7
549.9
-673.7
0.0
165.0
55.0
-1402.4
-55.0
-288.7
-783.7
-673.7
824.9
893.7
-453.7
-1292.4
-508.7
261.2
-220.0
-110.0
-288.7
604.9
549.9
261.2
385.0
220.0
1113.6
-288.7
1003.7
659.9
495.0
-1292.4
-288.7
-618.7
165.0
495.0
165.0
549.9
-55.0
165.0
-178.7
948.7
261.2
-288.7
385.0
55.0
-1072.4
261.2
-398.7
838.7
0.0
659.9
1677.3
385.0
604.9
769.9
440.0
1113.6
-618.7
275.0
-563.7
440.0
1388.6
440.0
440.0
275.0
385.0
-563.7
220.0
549.9
-110.0
220.0
824.9
-55.0
55.0
714.9
165.0
261.2
-288.7
-68.7
261.2
495.0
-563.7
-343.7
440.0
-68.7
-508.7
1113.6
604.9
385.0
-288.7
151.2
-1127.4
41.2
-838.7
-178.7
-178.7
-288.7
151.2
-68.7
-68.7
838.7
1113.6
-110.0
110.0
604.9
55.0
-563.7
-110.0
-123.7
549.9
769.9
-563.7
659.9
563.7
1223.6
0.0
261.2
-288.7
165.0
-673.7
96.2
-2254.8
440.0
330.0
165.0
-55.0
0.0
-618.7
1622.3
261.2
714.9
824.9
-110.0
1003.7
330.0
-110.0
549.9
-13.7
-1347.4
0.0
-453.7
1388.6
-838.7
-962.4
-123.7
-110.0
-288.7
1677.3
110.0
-68.7
-178.7
261.2
549.9
330.0
330.0
1223.6
549.9
-343.7
-13.7
165.0
-55.0
-288.7
275.0
-728.7
-68.7
714.9
0.0
659.9
893.7
-783.7
1003.7
-838.7
-673.7
-343.7
1003.7
220.0
-563.7
604.9
-618.7
-618.7
151.2
824.9
-783.7
-907.4
1278.6
-55.0
0.0
-1526.1
55.0
714.9
-852.4
-1127.4
-343.7
-343.7
659.9
-453.7
0.0
110.0
549.9
714.9
385.0
0.0
-68.7
-632.4
-123.7
96.2
-838.7
604.9
-68.7
110.0
1113.6
-838.7
659.9
220.0
-1127.4
220.0
549.9
-1127.4
659.9
495.0
385.0
0.0
495.0
-68.7
275.0
-288.7
549.9
-1072.4
-178.7
-673.7
-563.7
0.0
-110.0
0.0
824.9
604.9
-1691.1
0.0
440.0
-220.0
440.0
-288.7
-398.7
-288.7
220.0
-1127.4
1388.6
-178.7
495.0
-673.7
96.2
824.9
-453.7
110.0
-398.7
-165.0
824.9
-110.0
-233.7
604.9
-962.4
-563.7
220.0
-343.7
165.0
-742.4
-1402.4
1168.6
-68.7
-398.7
-55.0
-2529.8
330.0
-453.7
-783.7
-673.7
0.0
385.0
-1072.4
110.0
-563.7
261.2
-343.7
440.0
-563.7
-13.7
549.9
495.0
-178.7
-13.7
769.9
-1402.4
1003.7
330.0
495.0
385.0
-1691.1
-13.7
-563.7
110.0
-907.4
-838.7
-343.7
-797.4
385.0
261.2
1113.6
-563.7
-797.4
714.9
-288.7
261.2
1223.6
659.9
-1182.4
-288.7
261.2
-563.7
549.9
220.0
659.9
-1402.4
549.9
-453.7
220.0
-563.7
549.9
220.0
-907.4
110.0
-110.0
-1966.1
385.0
41.2
-618.7
838.7
-1127.4
440.0
659.9
-673.7
-453.7
261.2
495.0
-508.7
495.0
165.0
549.9
-453.7
-343.7
-852.4
-398.7
-288.7
714.9
-728.7
275.0
1058.6
824.9
-1072.4
-398.7
-68.7
-55.0
-288.7
1113.6
110.0
-1251.1
-907.4
-288.7
-220.0
220.0
220.0
-220.0
0.0
-838.7
-1072.4
-68.7
-55.0
261.2
41.2
-838.7
-343.7
440.0
-838.7
-110.0
110.0
275.0
-962.4
261.2
-220.0
-673.7
165.0
55.0
-288.7
0.0
110.0
261.2
495.0
-1127.4
55.0
385.0
-453.7
1113.6
-1966.1
261.2
948.7
-233.7
330.0
-838.7
838.7
-838.7
-673.7
-1801.1
261.2
110.0
110.0
110.0
-563.7
-288.7
838.7
-288.7
-618.7
495.0
-563.7
-165.0
-508.7
165.0
55.0
261.2
1223.6
-563.7
-68.7
-398.7
261.2
440.0
-220.0
-220.0
-453.7
2241.0
-165.0
-728.7
-398.7
-962.4
1952.3
-233.7
330.0
165.0
-55.0
261.2
-220.0
-907.4
-728.7
-398.7
1952.3
220.0
110.0
-68.7
604.9
-1402.4
-55.0
41.2
-453.7
220.0
824.9
-178.7
-68.7
-220.0
-220.0
-563.7
-852.4
-178.7
-13.7
110.0
261.2
-110.0
330.0
-673.7
893.7
0.0
110.0
330.0
165.0
55.0
-1691.1
385.0
-398.7
-398.7
-962.4
-563.7
1003.7
659.9
1168.6
714.9
-838.7
-55.0
618.7
783.7
-453.7
549.9
261.2
-288.7
-288.7
948.7
261.2
-618.7
261.2
261.2
495.0
-288.7
330.0
1003.7
-343.7
769.9
0.0
1168.6
-288.7
549.9
-797.4
549.9
-220.0
-453.7
-288.7
495.0
-1691.1
220.0
0.0
1347.4
0.0
549.9
-343.7
-1127.4
-288.7
-508.7
1113.6
151.2
275.0
604.9
-178.7
0.0
330.0
-563.7
-68.7
714.9
549.9
55.0
-288.7
-453.7
220.0
261.2
385.0
165.0
330.0
220.0
-838.7
-1017.4
220.0
-288.7
151.2
-288.7
-563.7
-907.4
-907.4
-563.7
-1127.4
-1292.4
495.0
495.0
-852.4
824.9
714.9
-288.7
-783.7
-110.0
0.0
549.9
0.0
330.0
659.9
-288.7
151.2
275.0
604.9
948.7
0.0
385.0
-165.0
-165.0
-508.7
1113.6
-1402.4
55.0
-123.7
-783.7
1677.3
-55.0
824.9
330.0
440.0
549.9
-1691.1
-233.7
261.2
495.0
1113.6
-220.0
-110.0
220.0
330.0
261.2
55.0
165.0
659.9
879.9
-563.7
495.0
385.0
-962.4
275.0
549.9
220.0
440.0
-728.7
41.2
824.9
-728.7
275.0
769.9
-797.4
1677.3
-563.7
1003.7
165.0
-178.7
-288.7
-55.0
714.9
879.9
-233.7
261.2
275.0
-398.7
440.0
110.0
-838.7
330.0
-123.7
549.9
549.9
824.9
-55.0
-165.0
330.0
-110.0
-838.7
549.9
1113.6
440.0
549.9
-1127.4
948.7
-618.7
1058.6
-508.7
261.2
151.2
-288.7
893.7
-797.4
824.9
151.2
-398.7
604.9
-618.7
261.2
838.7
55.0
1732.3
714.9
0.0
385.0
275.0
604.9
714.9
-838.7
-178.7
948.7
1113.6
549.9
-838.7
-618.7
-288.7
-123.7
1003.7
549.9
-852.4
165.0
-343.7
-563.7
-288.7
604.9
495.0
165.0
495.0
-288.7
769.9
110.0
440.0
-453.7
261.2
-288.7
-632.4
714.9
824.9
1388.6
151.2
-508.7
165.0
-288.7
-1402.4
385.0
-962.4
-288.7
-1636.1
1113.6
604.9
604.9
261.2
55.0
0.0
-563.7
-563.7
1787.3
0.0
-288.7
1058.6
-838.7
-165.0
385.0
261.2
-55.0
385.0
-288.7
-728.7
549.9
440.0
-563.7
-68.7
604.9
549.9
-962.4
165.0
-343.7
893.7
1952.3
-563.7
-123.7
-123.7
-343.7
0.0
220.0
0.0
330.0
110.0
549.9
0.0
440.0
440.0
-673.7
-838.7
893.7
220.0
714.9
165.0
1388.6
-453.7
-1017.4
165.0
-288.7
1113.6
0.0
110.0
-68.7
824.9
-1127.4
96.2
220.0
714.9
-618.7
1113.6
96.2
-563.7
-563.7
769.9
-1127.4
261.2
261.2
110.0
-907.4
261.2
55.0
261.2
-398.7
41.2
549.9
-110.0
330.0
-673.7
-220.0
1388.6
-1746.1
-178.7
-508.7
838.7
261.2
385.0
-165.0
-165.0
151.2
-1402.4
824.9
275.0
-220.0
659.9
1677.3
-220.0
440.0
110.0
-110.0
0.0
-783.7
-343.7
165.0
261.2
0.0
275.0
1388.6
220.0
-563.7
549.9
-288.7
275.0
-68.7
55.0
0.0
330.0
220.0
728.7
-178.7
-838.7
330.0
1223.6
385.0
55.0
261.2
549.9
-563.7
-398.7
604.9
0.0
495.0
604.9
604.9
495.0
-1691.1
549.9
-1017.4
838.7
275.0
-1127.4
714.9
275.0
-1072.4
1402.4
824.9
604.9
824.9
0.0
769.9
-1691.1
330.0
893.7
728.7
-618.7
261.2
-110.0
1113.6
275.0
-618.7
0.0
549.9
1003.7
495.0
1058.6
-2254.8
-110.0
-233.7
-728.7
151.2
824.9
41.2
-398.7
110.0
220.0
824.9
-563.7
-233.7
769.9
659.9
549.9
-55.0
604.9
-68.7
385.0
1113.6
-508.7
55.0
-288.7
275.0
0.0
-907.4
330.0
165.0
824.9
-288.7
1333.6
330.0
659.9
-343.7
261.2
440.0
330.0
-13.7
-563.7
-838.7
-618.7
1168.6
1168.6
55.0
549.9
-728.7
-288.7
893.7
549.9
-838.7
549.9
-123.7
-453.7
440.0
261.2
110.0
440.0
-398.7
-1072.4
261.2
714.9
261.2
604.9
604.9
0.0
220.0
-907.4
-563.7
-563.7
1952.3
-563.7
110.0
948.7
-508.7
824.9
-288.7
55.0
879.9
-453.7
-288.7
220.0
-110.0
-453.7
96.2
0.0
1168.6
261.2
261.2
-178.7
2241.0
-233.7
220.0
-1127.4
-220.0
-563.7
1278.6
-165.0
-165.0
-288.7
824.9
659.9
330.0
659.9
-343.7
261.2
893.7
110.0
604.9
165.0
-288.7
-962.4
41.2
-962.4
41.2
549.9
1058.6
-632.4
549.9
-797.4
-838.7
-1182.4
-165.0
838.7
55.0
824.9
769.9
-797.4
-632.4
604.9
-563.7
1003.7
-453.7
-110.0
893.7
-2254.8
495.0
495.0
165.0
604.9
0.0
-343.7
220.0
41.2
55.0
-838.7
220.0
0.0
330.0
-563.7
824.9
440.0
110.0
110.0
893.7
-1127.4
714.9
275.0
110.0
659.9
-563.7
495.0
385.0
-453.7
-907.4
549.9
0.0
110.0
440.0
549.9
1952.3
-783.7
-453.7
728.7
275.0
-563.7
-110.0
330.0
165.0
55.0
261.2
440.0
440.0
440.0
659.9
0.0
495.0
165.0
1168.6
-288.7
0.0
220.0
879.9
-123.7
-563.7
0.0
385.0
1058.6
-453.7
-343.7
824.9
96.2
-453.7
220.0
769.9
1388.6
440.0
220.0
-288.7
948.7
261.2
-13.7
-673.7
-165.0
385.0
549.9
769.9
-123.7
714.9
-508.7
-563.7
41.2
-398.7
948.7
55.0
-288.7
1333.6
440.0
440.0
0.0
0.0
-55.0
-165.0
838.7
-178.7
261.2
893.7
-673.7
495.0
-1416.1
3079.7
-1182.4
275.0
-907.4
659.9
549.9
769.9
110.0
-233.7
440.0
549.9
330.0
-343.7
495.0
-508.7
0.0
-907.4
-1347.4
659.9
-1361.1
824.9
495.0
495.0
824.9
385.0
261.2
714.9
-288.7
55.0
-288.7
-1402.4
96.2
-123.7
385.0
261.2
-288.7
879.9
659.9
838.7
495.0
-288.7
330.0
783.7
-220.0
440.0
1113.6
-178.7
495.0
165.0
165.0
-563.7
1168.6
-398.7
1443.6
-907.4
1113.6
-398.7
1058.6
220.0
-13.7
-838.7
0.0
110.0
-563.7
893.7
0.0
769.9
-123.7
-453.7
440.0
-563.7
659.9
-453.7
-453.7
220.0
824.9
385.0
-165.0
659.9
-453.7
-838.7
-288.7
41.2
1058.6
275.0
-838.7
0.0
879.9
385.0
-398.7
824.9
-110.0
0.0
-508.7
-288.7
824.9
-728.7
275.0
-220.0
0.0
261.2
-1127.4
659.9
-165.0
-288.7
0.0
-343.7
-563.7
-907.4
220.0
-838.7
330.0
-343.7
1347.4
0.0
1388.6
-110.0
220.0
385.0
151.2
-838.7
385.0
728.7
-453.7
-673.7
-288.7
604.9
-68.7
-398.7
-1072.4
-563.7
41.2
-618.7
385.0
385.0
0.0
-110.0
440.0
-68.7
-1636.1
1113.6
-398.7
165.0
-1856.1
714.9
824.9
-343.7
549.9
549.9
-1017.4
-838.7
385.0
-68.7
440.0
330.0
-1691.1
549.9
1567.4
385.0
-1636.1
824.9
-110.0
-233.7
110.0
220.0
-1691.1
824.9
41.2
41.2
-55.0
-1402.4
96.2
-673.7
-178.7
-178.7
-563.7
-1072.4
-398.7
-398.7
41.2
0.0
-55.0
-68.7
110.0
-673.7
-288.7
-1581.1
-110.0
-962.4
-728.7
1113.6
-962.4
41.2
-618.7
151.2
261.2
55.0
495.0
0.0
-343.7
1113.6
385.0
-68.7
261.2
261.2
-563.7
-220.0
110.0
261.2
-1292.4
1677.3
261.2
165.0
0.0
0.0
261.2
330.0
659.9
165.0
-55.0
-838.7
-110.0
769.9
604.9
-398.7
261.2
96.2
0.0
165.0
-55.0
1113.6
-797.4
659.9
-343.7
0.0
-563.7
549.9
330.0
330.0
-110.0
0.0
-55.0
275.0
-563.7
549.9
-288.7
948.7
604.9
275.0
165.0
-838.7
893.7
0.0
-343.7
-1471.1
1113.6
0.0
879.9
879.9
440.0
-288.7
110.0
330.0
165.0
714.9
-563.7
769.9
1113.6
783.7
440.0
-1127.4
-508.7
-288.7
-783.7
-220.0
-563.7
-123.7
-907.4
110.0
1333.6
-563.7
275.0
-508.7
0.0
659.9
-838.7
-1072.4
41.2
-110.0
-220.0
824.9
-797.4
110.0
-68.7
-852.4
549.9
-288.7
-728.7
-398.7
-618.7
-838.7
220.0
220.0
55.0
151.2
824.9
151.2
-398.7
-728.7
714.9
-288.7
-508.7
-508.7
-508.7
-288.7
1113.6
55.0
385.0
385.0
55.0
824.9
-233.7
659.9
-343.7
549.9
0.0
-508.7
495.0
0.0
-453.7
549.9
-165.0
-288.7
385.0
-178.7
-563.7
1003.7
-453.7
-618.7
275.0
-1127.4
-728.7
165.0
-178.7
-838.7
824.9
-563.7
-563.7
-68.7
-852.4
1952.3
-220.0
-673.7
0.0
-453.7
824.9
-728.7
55.0
220.0
1333.6
-1966.1
604.9
-1072.4
275.0
824.9
1388.6
-453.7
-783.7
-110.0
659.9
-1127.4
440.0
-673.7
165.0
-1292.4
549.9
-398.7
275.0
-233.7
330.0
-563.7
-907.4
659.9
165.0
714.9
-288.7
495.0
1168.6
824.9
-962.4
-288.7
1058.6
275.0
275.0
824.9
0.0
1168.6
-838.7
330.0
-1127.4
-838.7
330.0
0.0
659.9
330.0
0.0
1333.6
-453.7
-288.7
-838.7
-288.7
604.9
-398.7
-220.0
0.0
0.0
-110.0
-563.7
-563.7
96.2
-1402.4
-673.7
769.9
604.9
-55.0
549.9
549.9
330.0
0.0
220.0
-288.7
495.0
714.9
879.9
330.0
824.9
-110.0
330.0
495.0
-288.7
1677.3
-453.7
440.0
-742.4
-178.7
-563.7
-563.7
440.0
261.2
948.7
-1127.4
659.9
-220.0
-563.7
-563.7
0.0
-907.4
659.9
495.0
604.9
261.2
-508.7
165.0
-508.7
385.0
261.2
659.9
-220.0
-68.7
714.9
824.9
-508.7
55.0
55.0
604.9
-1127.4
-508.7
-398.7
440.0
440.0
824.9
-55.0
714.9
-288.7
-838.7
-288.7
-55.0
495.0
165.0
-398.7
1113.6
-1691.1
220.0
-288.7
-728.7
824.9
330.0
110.0
-68.7
495.0
-563.7
-288.7
165.0
-343.7
-220.0
-288.7
-233.7
659.9
-508.7
41.2
261.2
-288.7
495.0
330.0
110.0
1113.6
-563.7
110.0
-68.7
55.0
261.2
-797.4
769.9
948.7
-288.7
824.9
-1526.1
-288.7
549.9
-343.7
824.9
440.0
440.0
110.0
330.0
549.9
769.9
220.0
-1127.4
549.9
0.0
-453.7
110.0
1113.6
769.9
824.9
440.0
220.0
-962.4
-838.7
1388.6
-1237.4
769.9
1113.6
-233.7
-288.7
1168.6
-288.7
-453.7
-220.0
3079.7
220.0
-453.7
-288.7
-165.0
824.9
948.7
-68.7
110.0
330.0
261.2
330.0
330.0
-838.7
-508.7
-563.7
330.0
-673.7
165.0
385.0
-563.7
-797.4
220.0
385.0
385.0
-838.7
-233.7
440.0
-68.7
-618.7
1113.6
-563.7
-233.7
769.9
-673.7
261.2
1223.6
-233.7
110.0
440.0
-1691.1
-453.7
330.0
495.0
-178.7
-1127.4
385.0
495.0
165.0
495.0
261.2
-962.4
-68.7
440.0
549.9
-838.7
604.9
1168.6
-165.0
-728.7
1113.6
-453.7
110.0
261.2
-398.7
824.9
-907.4
-783.7
-288.7
604.9
-288.7
385.0
1168.6
-838.7
604.9
-838.7
-673.7
879.9
879.9
-673.7
261.2
-852.4
495.0
165.0
-288.7
1388.6
-178.7
165.0
-165.0
604.9
549.9
-13.7
-673.7
330.0
549.9
-563.7
55.0
261.2
-398.7
275.0
549.9
-398.7
-398.7
261.2
-178.7
-838.7
495.0
261.2
1113.6
-110.0
-563.7
1512.4
824.9
165.0
-288.7
261.2
330.0
330.0
-508.7
41.2
-563.7
-343.7
-123.7
549.9
-1017.4
824.9
110.0
330.0
0.0
220.0
2516.0
-508.7
-398.7
604.9
948.7
0.0
-398.7
-288.7
-453.7
-453.7
0.0
-110.0
-123.7
385.0
948.7
0.0
-508.7
495.0
495.0
-55.0
824.9
-1127.4
220.0
220.0
0.0
1388.6
-852.4
385.0
714.9
-508.7
-563.7
55.0
-68.7
-563.7
330.0
0.0
549.9
-673.7
-673.7
330.0
-838.7
55.0
-178.7
330.0
-453.7
549.9
55.0
41.2
220.0
1003.7
-1402.4
330.0
330.0
1347.4
220.0
549.9
-165.0
-398.7
-233.7
1003.7
1952.3
-1072.4
-398.7
1113.6
549.9
549.9
55.0
-68.7
-398.7
385.0
549.9
-398.7
838.7
495.0
604.9
261.2
-398.7
165.0
0.0
659.9
-563.7
824.9
824.9
165.0
838.7
824.9
385.0
-632.4
385.0
55.0
1388.6
330.0
-123.7
879.9
-673.7
-288.7
-673.7
-797.4
714.9
-398.7
261.2
-110.0
110.0
1113.6
440.0
-838.7
714.9
1168.6
-13.7
-343.7
0.0
-343.7
220.0
385.0
-55.0
1388.6
-508.7
385.0
-110.0
-453.7
1113.6
-618.7
385.0
-288.7
-398.7
-563.7
714.9
-508.7
-508.7
948.7
-563.7
659.9
563.7
714.9
-618.7
549.9
714.9
604.9
769.9
-343.7
-838.7
41.2
-288.7
879.9
0.0
-563.7
-55.0
604.9
-563.7
-13.7
824.9
-165.0
-728.7
-68.7
948.7
-563.7
-453.7
110.0
-68.7
-288.7
1677.3
-453.7
549.9
728.7
-1072.4
261.2
96.2
-453.7
-110.0
-220.0
261.2
-962.4
-398.7
604.9
-852.4
1388.6
-55.0
-288.7
220.0
330.0
261.2
1388.6
275.0
-1072.4
-398.7
261.2
495.0
728.7
-110.0
659.9
-1691.1
549.9
110.0
-563.7
96.2
-288.7
-618.7
-178.7
-1347.4
96.2
1388.6
0.0
-220.0
-220.0
440.0
-1402.4
440.0
330.0
-178.7
-1072.4
1388.6
440.0
330.0
-508.7
385.0
549.9
385.0
385.0
-288.7
-962.4
1388.6
-55.0
165.0
-178.7
495.0
549.9
385.0
-288.7
1058.6
165.0
0.0
-618.7
385.0
-618.7
-288.7
-838.7
-962.4
1278.6
110.0
440.0
1113.6
110.0
110.0
-907.4
220.0
261.2
879.9
1223.6
-110.0
440.0
824.9
-673.7
110.0
948.7
55.0
-1127.4
1897.3
330.0
165.0
261.2
261.2
659.9
330.0
-343.7
-1127.4
2516.0
-1237.4
330.0
-343.7
-343.7
824.9
-178.7
495.0
495.0
-1072.4
-1127.4
-110.0
-343.7
838.7
-1072.4
-1127.4
769.9
549.9
-618.7
-288.7
0.0
-110.0
659.9
0.0
96.2
549.9
-220.0
-110.0
220.0
1223.6
-1402.4
220.0
-110.0
-783.7
-453.7
824.9
-398.7
-178.7
-1347.4
96.2
824.9
165.0
824.9
165.0
-508.7
1388.6
261.2
824.9
330.0
-563.7
-563.7
-343.7
659.9
-343.7
0.0
-563.7
659.9
-123.7
879.9
-343.7
549.9
-907.4
-110.0
385.0
385.0
-1127.4
0.0
330.0
-508.7
-508.7
261.2
-288.7
-742.4
440.0
330.0
-288.7
-288.7
-288.7
385.0
-55.0
0.0
-110.0
440.0
-68.7
151.2
-288.7
-453.7
-343.7
330.0
220.0
549.9
-1691.1
110.0
-1072.4
604.9
-563.7
948.7
714.9
714.9
-178.7
549.9
838.7
275.0
110.0
96.2
-563.7
-563.7
549.9
-618.7
151.2
-288.7
330.0
330.0
659.9
-453.7
824.9
-728.7
-165.0
-508.7
-618.7
-288.7
769.9
-453.7
-110.0
-907.4
-838.7
220.0
1003.7
330.0
-220.0
0.0
275.0
-508.7
-838.7
-728.7
261.2
-1347.4
-453.7
220.0
-907.4
824.9
151.2
-398.7
-563.7
-110.0
-1402.4
604.9
385.0
41.2
55.0
261.2
769.9
-233.7
-907.4
-343.7
-1127.4
769.9
330.0
-508.7
-165.0
261.2
-178.7
495.0
495.0
495.0
824.9
110.0
769.9
-398.7
604.9
-1127.4
1223.6
783.7
783.7
110.0
261.2
-55.0
-288.7
-110.0
440.0
-1691.1
165.0
1278.6
110.0
-907.4
1113.6
-673.7
330.0
824.9
385.0
0.0
-220.0
110.0
-233.7
-110.0
1113.6
-220.0
220.0
-123.7
-110.0
0.0
-343.7
-233.7
261.2
-178.7
-1127.4
714.9
-618.7
1058.6
165.0
261.2
-907.4
-220.0
440.0
-453.7
824.9
-68.7
-618.7
1058.6
-178.7
1113.6
-220.0
-907.4
275.0
604.9
-1402.4
440.0
-1127.4
-123.7
-1017.4
824.9
-838.7
-508.7
0.0
659.9
1677.3
-728.7
-68.7
110.0
879.9
549.9
261.2
-398.7
-728.7
-288.7
824.9
-563.7
659.9
165.0
-508.7
0.0
-838.7
-288.7
549.9
-1017.4
-1127.4
495.0
-962.4
220.0
0.0
-563.7
604.9
385.0
-288.7
-508.7
-288.7
1333.6
-783.7
549.9
-233.7
-288.7
-453.7
220.0
1223.6
-110.0
824.9
-55.0
-288.7
-453.7
-1017.4
0.0
659.9
-233.7
-68.7
275.0
1388.6
-288.7
165.0
165.0
-508.7
-1691.1
0.0
-220.0
275.0
385.0
0.0
893.7
-123.7
385.0
-288.7
0.0
-728.7
55.0
220.0
893.7
1388.6
-110.0
440.0
-68.7
1058.6
824.9
604.9
604.9
110.0
-453.7
-563.7
495.0
-288.7
-453.7
893.7
-1127.4
440.0
879.9
55.0
838.7
-288.7
-398.7
838.7
0.0
-673.7
824.9
-563.7
110.0
110.0
-110.0
-838.7
-110.0
-233.7
-233.7
96.2
1388.6
-962.4
1388.6
55.0
-288.7
261.2
-1017.4
-343.7
-165.0
1512.4
-838.7
440.0
879.9
220.0
-673.7
-838.7
-1072.4
55.0
55.0
-165.0
261.2
1278.6
275.0
-220.0
893.7
1113.6
-673.7
110.0
-233.7
96.2
824.9
495.0
-398.7
261.2
261.2
824.9
440.0
-220.0
110.0
-1017.4
-288.7
-453.7
220.0
1058.6
-1292.4
-288.7
275.0
165.0
673.7
0.0
549.9
-508.7
948.7
275.0
-962.4
1113.6
-398.7
165.0
1003.7
-1017.4
549.9
-907.4
769.9
440.0
-797.4
549.9
220.0
659.9
165.0
-618.7
261.2
385.0
55.0
220.0
-453.7
-838.7
440.0
-343.7
0.0
96.2
-563.7
1333.6
-673.7
330.0
549.9
-563.7
-852.4
165.0
1003.7
330.0
-838.7
-178.7
165.0
-673.7
1113.6
824.9
495.0
728.7
385.0
-288.7
-1127.4
659.9
-110.0
893.7
-343.7
-1127.4
0.0
0.0
165.0
-618.7
1952.3
-783.7
-453.7
549.9
-453.7
-563.7
151.2
165.0
-852.4
41.2
-288.7
-178.7
41.2
549.9
-673.7
549.9
-618.7
-178.7
495.0
261.2
261.2
-398.7
385.0
385.0
-1292.4
1388.6
-110.0
-343.7
0.0
0.0
261.2
-110.0
220.0
549.9
-907.4
261.2
1058.6
-165.0
165.0
261.2
-563.7
220.0
-343.7
673.7
549.9
-563.7
-288.7
-68.7
-742.4
-728.7
-838.7
838.7
-1072.4
440.0
220.0
-563.7
-508.7
1168.6
824.9
55.0
0.0
110.0
879.9
879.9
-343.7
0.0
275.0
-618.7
-962.4
385.0
1113.6
330.0
220.0
549.9
-907.4
0.0
-673.7
-233.7
-398.7
151.2
-1402.4
55.0
-68.7
275.0
-55.0
-838.7
165.0
165.0
-508.7
-288.7
549.9
-220.0
110.0
-68.7
604.9
-1127.4
-1292.4
-838.7
-13.7
549.9
-838.7
659.9
440.0
110.0
-563.7
-1127.4
55.0
-398.7
-1402.4
151.2
1677.3
714.9
495.0
330.0
0.0
1113.6
330.0
440.0
-398.7
-165.0
-563.7
-508.7
-68.7
618.7
151.2
0.0
549.9
220.0
385.0
-962.4
261.2
-220.0
-673.7
330.0
-563.7
1677.3
-55.0
-288.7
1223.6
1113.6
261.2
-343.7
-563.7
-728.7
275.0
261.2
-783.7
-343.7
0.0
659.9
824.9
659.9
110.0
-68.7
385.0
1388.6
-165.0
-68.7
1113.6
659.9
-1402.4
151.2
-68.7
440.0
330.0
1113.6
-343.7
110.0
-563.7
-123.7
261.2
-907.4
110.0
110.0
-453.7
261.2
110.0
769.9
440.0
220.0
-1127.4
549.9
-343.7
-838.7
604.9
-1127.4
-673.7
-687.4
0.0
893.7
0.0
659.9
-453.7
-123.7
-563.7
1388.6
-1182.4
-288.7
-962.4
604.9
-1127.4
659.9
769.9
110.0
0.0
-563.7
55.0
41.2
-962.4
-68.7
0.0
-797.4
549.9
549.9
-343.7
1388.6
-728.7
948.7
275.0
-55.0
-1127.4
659.9
1223.6
-110.0
-1127.4
824.9
55.0
495.0
659.9
330.0
1677.3
-907.4
1003.7
0.0
330.0
824.9
-618.7
1278.6
110.0
-343.7
2241.0
-508.7
385.0
-453.7
-110.0
549.9
96.2
-453.7
-110.0
-673.7
261.2
151.2
-1072.4
-398.7
-288.7
0.0
-618.7
-398.7
-1581.1
96.2
1113.6
-563.7
440.0
110.0
-220.0
0.0
1003.7
0.0
659.9
549.9
549.9
151.2
-288.7
41.2
-178.7
-838.7
-618.7
-178.7
-13.7
-343.7
-1127.4
385.0
714.9
1058.6
-852.4
0.0
-68.7
-1182.4
-178.7
-398.7
1113.6
893.7
-343.7
-508.7
-508.7
1677.3
-453.7
-233.7
-563.7
-1237.4
-1127.4
714.9
385.0
385.0
495.0
0.0
330.0
330.0
-1347.4
220.0
-563.7
-178.7
165.0
165.0
1388.6
-838.7
-398.7
165.0
-1526.1
-68.7
824.9
-220.0
-673.7
-165.0
151.2
261.2
-110.0
783.7
-1072.4
-728.7
0.0
-508.7
55.0
55.0
151.2
-1127.4
-55.0
275.0
-220.0
893.7
-1966.1
604.9
275.0
-728.7
-398.7
261.2
495.0
495.0
0.0
-563.7
1677.3
0.0
-220.0
-68.7
55.0
-1127.4
-110.0
-453.7
385.0
-508.7
-563.7
440.0
110.0
604.9
385.0
-288.7
769.9
-343.7
330.0
769.9
-1127.4
1677.3
220.0
549.9
440.0
-2818.5
-343.7
-123.7
-1127.4
1567.4
0.0
-563.7
110.0
275.0
165.0
-288.7
-618.7
604.9
-68.7
55.0
261.2
-453.7
549.9
41.2
948.7
549.9
-1237.4
549.9
-632.4
-1182.4
1113.6
-618.7
604.9
-398.7
151.2
261.2
151.2
-68.7
261.2
-398.7
-838.7
165.0
604.9
-233.7
549.9
-1127.4
659.9
-343.7
-178.7
261.2
1388.6
604.9
-165.0
1003.7
-563.7
261.2
-343.7
-123.7
220.0
440.0
549.9
549.9
220.0
-288.7
1278.6
-838.7
330.0
-783.7
385.0
495.0
0.0
-728.7
-962.4
-453.7
96.2
-563.7
-288.7
275.0
110.0
769.9
-1127.4
838.7
165.0
-343.7
-220.0
549.9
261.2
-178.7
495.0
948.7
1388.6
-1966.1
-398.7
110.0
-220.0
261.2
1003.7
659.9
330.0
0.0
549.9
-907.4
1223.6
220.0
-110.0
-1127.4
440.0
-1347.4
495.0
604.9
-1691.1
-178.7
495.0
495.0
261.2
-563.7
275.0
55.0
1388.6
275.0
-1127.4
-343.7
659.9
-178.7
495.0
2241.0
55.0
41.2
220.0
110.0
261.2
879.9
330.0
-508.7
-962.4
824.9
-508.7
-68.7
440.0
-343.7
549.9
-178.7
1388.6
549.9
1567.4
0.0
-178.7
385.0
385.0
-618.7
0.0
0.0
-110.0
220.0
-1017.4
-288.7
-1017.4
-797.4
-123.7
-1237.4
824.9
-1237.4
0.0
495.0
714.9
-1402.4
275.0
-1182.4
-13.7
0.0
549.9
659.9
-783.7
41.2
261.2
-563.7
0.0
-673.7
165.0
55.0
261.2
0.0
220.0
-123.7
769.9
-563.7
549.9
220.0
220.0
1003.7
-563.7
220.0
-220.0
-68.7
495.0
824.9
1443.6
-13.7
-13.7
316.2
0.0
769.9
-1017.4
330.0
549.9
-838.7
714.9
-632.4
-288.7
604.9
-288.7
-13.7
-563.7
261.2
-618.7
-288.7
-398.7
-288.7
-123.7
-563.7
0.0
151.2
-288.7
549.9
440.0
0.0
-962.4
-68.7
261.2
-178.7
0.0
604.9
-742.4
-68.7
385.0
-1127.4
0.0
440.0
948.7
165.0
-288.7
714.9
604.9
-233.7
-1127.4
1113.6
-110.0
-343.7
0.0
-453.7
261.2
440.0
-453.7
-453.7
-673.7
549.9
-1072.4
-508.7
0.0
-673.7
-288.7
55.0
165.0
495.0
165.0
1388.6
-563.7
1223.6
220.0
-220.0
1113.6
-728.7
-618.7
55.0
-288.7
1388.6
151.2
-398.7
110.0
-343.7
824.9
-288.7
-1636.1
-618.7
41.2
1113.6
-1017.4
-907.4
-233.7
330.0
-838.7
1168.6
261.2
-233.7
769.9
-838.7
1168.6
948.7
-68.7
-728.7
-1402.4
604.9
165.0
0.0
1003.7
-563.7
604.9
-618.7
-962.4
-618.7
0.0
220.0
-453.7
549.9
110.0
-1127.4
-838.7
-618.7
220.0
-797.4
261.2
440.0
-233.7
275.0
-508.7
261.2
495.0
275.0
-728.7
604.9
-838.7
1732.3
-398.7
-398.7
-55.0
-838.7
1333.6
220.0
-288.7
495.0
-1127.4
879.9
-13.7
-13.7
0.0
-1127.4
-288.7
-68.7
-563.7
-220.0
-563.7
948.7
41.2
-110.0
-1127.4
1113.6
-110.0
549.9
879.9
-673.7
1113.6
-1182.4
-68.7
440.0
330.0
549.9
-453.7
-220.0
-728.7
-618.7
824.9
-55.0
-68.7
-742.4
-68.7
824.9
220.0
330.0
-687.4
-563.7
-1691.1
824.9
948.7
440.0
0.0
824.9
-343.7
659.9
0.0
-343.7
-1127.4
714.9
-618.7
-618.7
-838.7
-563.7
110.0
893.7
-288.7
-728.7
549.9
110.0
330.0
0.0
659.9
-838.7
1457.4
-783.7
41.2
165.0
-288.7
604.9
55.0
55.0
604.9
-288.7
-962.4
-618.7
714.9
385.0
549.9
-343.7
-1017.4
-852.4
604.9
261.2
-55.0
495.0
-343.7
96.2
-1127.4
-178.7
728.7
-110.0
1333.6
-2529.8
440.0
-907.4
-68.7
55.0
-288.7
-123.7
-1017.4
-165.0
385.0
0.0
1402.4
-398.7
440.0
-110.0
824.9
-55.0
-398.7
110.0
-797.4
0.0
-55.0
165.0
1333.6
549.9
0.0
-110.0
440.0
-68.7
385.0
-288.7
330.0
-343.7
-165.0
-1402.4
0.0
-343.7
110.0
-68.7
714.9
261.2
-453.7
330.0
-1347.4
-123.7
-288.7
151.2
-742.4
110.0
0.0
824.9
-563.7
-687.4
1003.7
0.0
549.9
-398.7
495.0
-178.7
948.7
824.9
-220.0
-343.7
165.0
-55.0
549.9
96.2
0.0
165.0
-55.0
-1127.4
-220.0
-563.7
-68.7
165.0
-563.7
440.0
-343.7
-343.7
220.0
-563.7
220.0
-13.7
-522.5
-1746.1
549.9
-288.7
-742.4
769.9
-233.7
549.9
330.0
220.0
41.2
261.2
-1127.4
1003.7
330.0
-508.7
-838.7
2241.0
55.0
495.0
-673.7
-1471.1
-1127.4
110.0
1113.6
604.9
-508.7
1113.6
495.0
261.2
261.2
-618.7
549.9
-343.7
330.0
330.0
549.9
-563.7
-1416.1
714.9
-453.7
-673.7
1113.6
-618.7
-508.7
-165.0
-55.0
-563.7
385.0
275.0
-728.7
-398.7
-1127.4
714.9
385.0
55.0
838.7
1388.6
-55.0
165.0
-838.7
-618.7
1677.3
-233.7
549.9
-453.7
96.2
261.2
-508.7
714.9
879.9
659.9
549.9
-508.7
714.9
55.0
838.7
1113.6
-55.0
1168.6
-343.7
783.7
0.0
-288.7
-618.7
385.0
1168.6
-1402.4
55.0
495.0
-178.7
714.9
-838.7
-907.4
-110.0
385.0
1058.6
1113.6
55.0
1292.4
-728.7
-165.0
1113.6
-398.7
1292.4
275.0
385.0
-1127.4
-288.7
824.9
330.0
220.0
-288.7
948.7
495.0
-178.7
-398.7
-838.7
-220.0
-343.7
330.0
0.0
1952.3
-728.7
-962.4
-288.7
385.0
824.9
151.2
-838.7
495.0
-1182.4
1952.3
-1691.1
220.0
385.0
838.7
1113.6
-220.0
220.0
-123.7
-343.7
261.2
769.9
-233.7
769.9
-453.7
0.0
-398.7
495.0
-687.4
549.9
0.0
-55.0
495.0
495.0
-55.0
-563.7
824.9
824.9
495.0
495.0
-838.7
275.0
-508.7
-165.0
-508.7
2516.0
-797.4
549.9
-288.7
714.9
-563.7
330.0
-453.7
55.0
41.2
-1691.1
275.0
-728.7
275.0
1058.6
-563.7
-110.0
-233.7
110.0
-453.7
-838.7
220.0
-673.7
-13.7
-907.4
0.0
769.9
-233.7
769.9
-233.7
-838.7
-110.0
110.0
-68.7
55.0
-288.7
604.9
-165.0
-165.0
-508.7
0.0
330.0
-233.7
-233.7
769.9
-563.7
-453.7
1003.7
-178.7
714.9
-1127.4
-55.0
604.9
769.9
-453.7
-563.7
-55.0
-68.7
-563.7
220.0
-563.7
151.2
-728.7
-233.7
769.9
0.0
151.2
-1072.4
-220.0
220.0
261.2
-288.7
495.0
-673.7
-13.7
261.2
-508.7
275.0
275.0
-288.7
-288.7
-563.7
-233.7
-68.7
838.7
0.0
-508.7
495.0
165.0
-618.7
1388.6
-838.7
-1182.4
330.0
-343.7
1388.6
-398.7
838.7
495.0
824.9
549.9
838.7
-398.7
-1237.4
-123.7
0.0
-220.0
-453.7
714.9
165.0
-1402.4
1457.4
-123.7
-123.7
330.0
1388.6
-508.7
-742.4
604.9
-288.7
-563.7
440.0
-220.0
275.0
604.9
-563.7
604.9
-288.7
-453.7
96.2
-288.7
-618.7
1168.6
-852.4
-398.7
549.9
41.2
55.0
-453.7
1003.7
-1127.4
0.0
220.0
-453.7
-907.4
824.9
-1182.4
495.0
165.0
714.9
0.0
110.0
330.0
-673.7
440.0
549.9
-288.7
385.0
-783.7
-453.7
1388.6
-398.7
385.0
-453.7
-13.7
261.2
-1292.4
-178.7
-13.7
110.0
549.9
-907.4
0.0
-508.7
714.9
549.9
220.0
879.9
220.0
-673.7
824.9
151.2
-288.7
-288.7
604.9
261.2
659.9
-453.7
220.0
440.0
549.9
-453.7
220.0
-783.7
-783.7
824.9
-962.4
-1072.4
-220.0
-453.7
1388.6
-1182.4
165.0
824.9
385.0
-1127.4
55.0
261.2
440.0
-563.7
-838.7
1333.6
330.0
-13.7
-343.7
261.2
1003.7
769.9
769.9
110.0
-1127.4
-673.7
1223.6
-288.7
-728.7
1113.6
385.0
-742.4
-398.7
495.0
0.0
385.0
-838.7
-165.0
-55.0
549.9
-1127.4
879.9
220.0
0.0
1113.6
165.0
495.0
-343.7
-343.7
549.9
330.0
-453.7
-453.7
769.9
-288.7
261.2
165.0
165.0
495.0
261.2
-783.7
-343.7
-165.0
151.2
549.9
96.2
-563.7
604.9
-1526.1
-288.7
55.0
275.0
-728.7
151.2
0.0
261.2
41.2
549.9
220.0
549.9
-178.7
165.0
330.0
316.2
-563.7
55.0
275.0
-233.7
-110.0
-563.7
-838.7
-1636.1
-288.7
-165.0
261.2
55.0
495.0
165.0
-55.0
-838.7
1278.6
-838.7
0.0
659.9
824.9
-110.0
-343.7
-508.7
495.0
824.9
1058.6
838.7
-13.7
-343.7
1113.6
330.0
110.0
440.0
0.0
261.2
440.0
1333.6
673.7
220.0
824.9
-508.7
-68.7
948.7
-178.7
1388.6
-618.7
385.0
385.0
-398.7
0.0
55.0
495.0
-1526.1
-398.7
1113.6
440.0
-563.7
-233.7
330.0
-288.7
-398.7
495.0
-178.7
275.0
-563.7
-123.7
-797.4
385.0
-178.7
1677.3
-398.7
385.0
55.0
1732.3
0.0
-673.7
659.9
330.0
-1017.4
-1402.4
-343.7
1003.7
-508.7
495.0
-838.7
-962.4
165.0
-178.7
55.0
-1966.1
275.0
-178.7
330.0
-453.7
0.0
-1127.4
-110.0
549.9
1113.6
-1402.4
0.0
110.0
261.2
495.0
-563.7
-453.7
-110.0
41.2
55.0
-838.7
1113.6
0.0
1347.4
220.0
0.0
-618.7
165.0
1168.6
1058.6
-1691.1
330.0
-343.7
-343.7
-343.7
1677.3
-55.0
-288.7
41.2
55.0
0.0
-220.0
-220.0
-68.7
55.0
549.9
55.0
604.9
-68.7
-398.7
1388.6
-618.7
-398.7
261.2
261.2
-1127.4
-453.7
-220.0
-68.7
948.7
-1127.4
-110.0
110.0
1278.6
1842.3
2804.7
1512.4
1168.6
2681.0
1553.6
824.9
1677.3
2791.0
948.7
-2983.5
1952.3
508.7
2749.7
3244.7
-687.4
-3932.1
-1072.4
-962.4
-783.7
-3258.4
-2254.8
-632.4
-3313.4
-1801.1
-2144.8
-5884.4
-4880.8
-5554.5
-4715.8
-6393.1
-3368.4
-8647.9
-10435.3
-10091.5
-14133.7
-9816.6
-12057.6
-10490.2
-12841.3
-13734.9
-14862.3
-9307.9
-10985.2
-11658.9
-5953.2
-4207.1
-9596.6
-6118.2
-7960.5
-7286.8
-8139.2
-5334.5
-6571.9
-5045.8
-7066.8
-8139.2
-9527.8
-7286.8
-8469.2
-9706.6
-9252.9
-7960.5
-10545.2
-10380.3
-9472.8
-11218.9
-10545.2
-12676.3
-12002.6
-11672.6
-11218.9
-14188.6
-14408.6
-15756.0
-16649.7
-15976.0
-18615.7
-20306.8
-21819.2
-22039.1
-23276.5
-23606.5
-25063.9
-25393.8
-29092.2
-24390.2
-26631.2
-26411.2
-30783.3
-29216.0
-27469.9
-29875.9
-29655.9
-31333.3
-30659.6
-33065.6
-30343.4
-32694.4
-34206.7
-34193.0
-35609.1
-32694.4
-34138.0
-35499.1
-38070.1
-36434.0
-38950.0
-38400.1
-35884.1
-38111.4
-38125.1
-37561.4
-35884.1
-36722.7
-41204.8
-37286.4
-38633.8
-40421.1
-41933.5
-42717.2
-40077.4
-46016.9
-45013.2
-46030.6
-46360.6
-50182.7
-49440.3
-49110.3
-51131.4
-53702.4
-51846.3
-55214.7
-55324.7
-56342.1
-58239.4
-60824.2
-58968.1
-62446.5
-63120.2
-65471.3
-66144.9
-69128.4
-70022.1
-69843.3
-71314.4
-73720.5
-74270.4
-76745.2
-76071.5
-73596.7
-75397.8
-79206.2
-78862.5
-79371.2
-79824.9
-80168.6
-82120.9
-83248.3
-81227.2
-82120.9
-83523.3
-86726.7
-88060.3
-87895.4
-90466.4
-91937.5
-94164.8
-93944.8
-94453.5
-94343.5
-95292.2
-97876.9
-97533.2
-98715.6
-99829.2
-103142.7
-101176.6
-102070.3
-102579.0
-104270.1
-106511.1
-108477.1
-109920.8
-109412.1
-110979.4
-110979.4
-116203.9
-117207.6
-118554.9
-118444.9
-119682.3
-123600.7
-126955.4
-127134.1
-128591.5
-125841.7
-129430.1
-132014.9
-135713.3
-137170.7
-135933.3
-138614.3
-139631.7
-141309.0
-143000.1
-144045.0
-147262.2
-149049.5
-148705.8
-147812.1
-152473.0
-151909.3
-153916.6
-153751.6
-154769.0
-158921.1
-155951.4
-159086.1
-161272.1
-161162.1
-161437.1
-163843.1
-167101.6
-167761.5
-168998.9
-168710.2
-171184.9
-173755.9
-174099.6
-175790.7
-176849.4
-182170.1
-181042.7
-181730.2
-183737.5
-184974.8
-186308.5
-186652.2
-188838.2
-189965.6
-192261.7
-192440.4
-196235.0
-195905.1
-197692.4
-198984.8
-199933.4
-202298.2
-205322.9
-206560.3
-208237.6
-210918.6
-212266.0
-213778.4
-216363.1
-218329.2
-219277.8
-221188.9
-223374.9
-224502.3
-226165.9
-227857.0
-229878.1
-230043.0
-232627.8
-233177.7
-236147.5
-236711.2
-240244.6
-241591.9
-244946.6
-243393.0
-246074.0
-246747.7
-248755.0
-252508.4
-252123.4
-254254.5
-255931.8
-257842.9
-256715.5
-260812.6
-261362.6
-262888.7
-265349.7
-265129.7
-268553.1
-268663.1
-270849.2
-272196.5
-275784.9
-276568.6
-279029.6
-280033.3
-282054.3
-286151.4
-285422.8
-287773.8
-289286.1
-291527.2
-292599.6
-296627.9
-297411.6
-298759.0
-300890.0
-303516.0
-303186.1
-304973.4
-308163.1
-308506.8
-310816.6
-313717.6
-315284.9
-316137.3
-319162.0
-320055.7
-322351.7
-324372.8
-326050.1
-328744.9
-331260.9
-332608.3
-335976.7
-335976.7
-338451.5
-339675.1
-342754.8
-343428.5
-345614.5
-346631.9
-349766.6
-350715.3
-353410.0
-353753.7
-356654.7
-358730.8
-360518.1
-360985.6
-363666.5
-366127.6
-365742.6
-369221.0
-371008.3
-372012.0
-373813.1
-374706.7
-376384.1
-377277.7
-380302.5
-381209.9
-384798.3
-385801.9
-387149.3
-388661.7
-390339.0
-392373.8
-394271.1
-396292.2
-397295.8
-399316.9
-402176.6
-404926.4
-406933.7
-407937.3
-410192.1
-410302.1
-413780.5
-414674.2
-417190.2
-420214.9
-420118.7
-422799.7
-424257.0
-425604.4
-428629.1
-427955.4
-432107.5
-433221.2
-436080.9
-440233.0
-438047.0
-441690.4
-444825.1
-446846.1
-448633.4
-449252.1
-452400.6
-452730.5
-456099.0
-457322.6
-459068.7
-461364.7
-462822.1
-464664.4
-465791.8
-467757.9
-468706.5
-471277.5
-472968.6
-475319.6
-476158.3
-478454.3
-480255.4
-481094.1
-483005.2
-483170.1
-486249.9
-488834.6
-490003.2
-491804.3
-495227.7
-495269.0
-498417.4
-499256.1
-500039.8
-500259.8
-503009.5
-505814.2
-506996.6
-508564.0
-510076.3
-513499.8
-516070.8
-516565.7
-519040.5
-519879.1
-520497.8
-523082.6
-525598.6
-528059.6
-530245.7
-530534.4
-532775.4
-534961.5
-535745.1
-537532.5
-540282.2
-541065.9
-542578.2
-545492.9
-548187.7
-548297.7
-550758.7
-552119.8
-553907.1
-556876.9
-556808.1
-559049.2
-560905.2
-562816.3
-564452.4
-564493.6
-568192.0
-570213.1
-570556.8
-574241.5
-575093.9
-574983.9
-578682.3
-578792.3
-580414.6
-581982.0
-585680.4
-585859.1
-587646.4
-590231.2
-590341.2
-593022.2
-594025.8
-595373.2
-596954.3
-598342.9
-600034.0
-602385.0
-603402.4
-604791.0
-605409.7
-606867.1
-608544.4
-610455.5
-613768.9
-612311.6
-616229.9
-617247.4
-618031.0
-620492.0
-623008.1
-623008.1
-624864.1
-625867.8
-627778.8
-630019.9
-633168.3
-633498.3
-635519.4
-637306.7
-637306.7
-638984.0
-641170.1
-641857.5
-644318.5
-644593.5
-646614.5
-648126.9
-648690.6
-653007.7
-652884.0
-654341.3
-657036.1
-657146.0
-658892.1
-660074.5
-660404.5
-663250.5
-663484.2
-666728.9
-667856.3
-668639.9
-670482.3
-672503.3
-674015.7
-674469.4
-675816.8
-676655.4
-679006.5
-679061.5
-681976.2
-682759.9
-684450.9
-685454.6
-685509.6
-686458.2
-688589.3
-689771.7
-689318.0
-691394.0
-693415.1
-693305.1
-695147.4
-697388.5
-696164.8
-698570.8
-700028.2
-701045.6
-702269.2
-703726.6
-705184.0
-705857.6
-708208.7
-708442.4
-711013.4
-710449.7
-712580.8
-714093.1
-714546.8
-717736.5
-717131.6
-718918.9
-719427.6
-721104.9
-723071.0
-723346.0
-724129.7
-725147.1
-726150.7
-728666.7
-730069.1
-730852.8
-732365.1
-731471.5
-734551.2
-734386.2
-735183.6
-737025.9
-738373.3
-738758.3
-741563.0
-741783.0
-742456.7
-742910.4
-745206.4
-743749.0
-746553.8
-747048.7
-746608.8
-748849.8
-749014.8
-750472.1
-752493.2
-751475.8
-753881.8
-754445.5
-755352.9
-755861.6
-756191.6
-760055.0
-759216.3
-759780.0
-761636.1
-762529.7
-763134.7
-764207.1
-764880.8
-765884.4
-765210.7
-766778.1
-768414.2
-768414.2
-769747.8
-769981.5
-770435.2
-771163.9
-771493.9
-772511.3
-773281.2
-775192.3
-773624.9
-776539.7
-775866.0
-776759.6
-777983.3
-777103.3
-779674.4
-779853.1
-779853.1
-782204.1
-782479.1
-784610.1
-784940.1
-785737.5
-786122.5
-786796.2
-787469.9
-787634.8
-788198.5
-789765.9
-789367.2
-788583.5
-791773.2
-792240.7
-791443.2
-792460.6
-792350.6
-793519.3
-791278.2
-796764.0
-793684.3
-794248.0
-795925.3
-794248.0
-796764.0
-796489.0
-796379.0
-796709.0
-797052.7
-799005.0
-797836.4
-799293.7
-798633.8
-800077.4
-799857.4
-799967.4
-800971.1
-800641.1
-801204.8
-802648.4
-801919.7
-802263.4
-802937.1
-802593.4
-803212.1
-802827.1
-804174.5
-804339.5
-804229.5
-804064.5
-805398.1
-805288.2
-804284.5
-806195.6
-806869.3
-806250.6
-806690.5
-807034.2
-807927.9
-807707.9
-808092.9
-808202.9
-807872.9
-808202.9
-807982.9
-808601.6
-808931.6
-808931.6
-809495.3
-810223.9
-807652.9
-809330.3
-809165.3
-809385.3
-808532.8
-809096.5
-809220.3
-809220.3
-809330.3
-807707.9
-809550.3
-809110.3
-808601.6
-810498.9
-809096.5
-809385.3
-808147.9
-808147.9
-808477.9
-809096.5
-808092.9
-808422.9
-808422.9
-807652.9
-808821.6
-807652.9
-807199.2
-807364.2
-805906.8
-806869.3
-807199.2
-806635.5
-807144.2
-806016.8
-806869.3
-807378.0
-806470.5
-806470.5
-805123.2
-807707.9
-805178.2
-805521.9
-804174.5
-805398.1
-804339.5
-805343.2
-804009.5
-804339.5
-804339.5
-803500.8
-803212.1
-803335.8
-802827.1
-802827.1
-801809.7
-799912.4
-801699.8
-800187.4
-800531.1
-799568.7
-799568.7
-799802.4
-799458.7
-798798.8
-798455.1
-796942.7
-797726.4
-797052.7
-795375.4
-796764.0
-795485.3
-795031.6
-793849.2
-794412.9
-794811.7
-791498.2
-793409.3
-792061.9
-792845.6
-788363.5
-789765.9
-790219.6
-788872.2
-788872.2
-786411.2
-786287.5
-786287.5
-785283.8
-785283.8
-784156.4
-784156.4
-782699.1
-782025.4
-781915.4
-782479.1
-780348.0
-779110.7
-779798.1
-779454.4
-778547.0
-777048.4
-775467.3
-777144.6
-775797.2
-773789.9
-774078.6
-773624.9
-772112.6
-770655.2
-770998.9
-769981.5
-769527.8
-767520.5
-767066.8
-767066.8
-764880.8
-764660.8
-763808.4
-763024.7
-762859.7
-761911.0
-761237.4
-759560.0
-760000.0
-756700.3
-757484.0
-756466.6
-755297.9
-754624.2
-752768.2
-752603.2
-751145.8
-750142.2
-750692.1
-747722.4
-746498.8
-747832.4
-745990.1
-744972.7
-742965.4
-742621.6
-741508.0
-739816.9
-739143.2
-739033.2
-736462.2
-736572.2
-735059.9
-733052.6
-732598.8
-731526.4
-729959.1
-728955.4
-728955.4
-726989.4
-725820.7
-725023.3
-723511.0
-721943.6
-722218.6
-721434.9
-718973.9
-718465.2
-717461.5
-715770.5
-714876.8
-714106.9
-712415.8
-711412.1
-710738.4
-709336.1
-707315.0
-706476.3
-706352.6
-704001.6
-702613.0
-702159.2
-700811.9
-698117.1
-699533.2
-696879.8
-696219.8
-694198.8
-694418.7
-692521.4
-690569.1
-690335.4
-688314.3
-686966.9
-686073.3
-684780.9
-683103.6
-681591.2
-680697.5
-678222.8
-678057.8
-676600.4
-674414.4
-673287.0
-672063.4
-670771.0
-669533.6
-668694.9
-666000.2
-665051.5
-663759.2
-662645.5
-660624.5
-659510.8
-657489.8
-655688.7
-654011.3
-653846.4
-652719.0
-652444.0
-648965.6
-647508.2
-647178.2
-644139.8
-644029.8
-641733.8
-640510.1
-639162.8
-637471.7
-635340.6
-633718.3
-633154.6
-632150.9
-630019.9
-627228.9
-628617.5
-624699.1
-624025.5
-623461.8
-620492.0
-620217.1
-618416.0
-617412.3
-614263.9
-612091.6
-612077.8
-609726.8
-610235.5
-608434.4
-604791.0
-604062.4
-601491.4
-601147.6
-599016.6
-597229.3
-595661.9
-595208.2
-593022.2
-590891.1
-589667.5
-587137.7
-585226.7
-583384.3
-582710.6
-582105.7
-579630.9
-577389.9
-576551.2
-575313.9
-571450.5
-570831.8
-570048.1
-568192.0
-565951.0
-565002.3
-562252.6
-560231.5
-558897.9
-557330.6
-555474.5
-554910.8
-551432.4
-551432.4
-547734.0
-545946.7
-545932.9
-543251.9
-540392.2
-540722.2
-537807.4
-537312.5
-533944.1
-533284.1
-532596.7
-528843.3
-527894.6
-525653.6
-524306.2
-523412.6
-521006.5
-519026.7
-516909.4
-515397.1
-514269.7
-510626.3
-510915.0
-509457.6
-507436.6
-504851.8
-504191.9
-500149.8
-499476.1
-497963.7
-494939.0
-496052.7
-493028.0
-490910.7
-488380.9
-486593.6
-484847.5
-483775.1
-481877.8
-481039.1
-477684.4
-475883.3
-474975.9
-472968.6
-471291.3
-469490.2
-469146.5
-464623.2
-464059.5
-462038.4
-459673.6
-459068.7
-457157.6
-454696.6
-453349.2
-451108.2
-448977.2
-447794.8
-444440.1
-444440.1
-441305.4
-438596.9
-438376.9
-436135.9
-434128.6
-433441.1
-430196.5
-429082.8
-427625.4
-426773.0
-422964.6
-421796.0
-420008.7
-418757.5
-415732.8
-414055.5
-413381.8
-411140.8
-408666.0
-407332.4
-404637.6
-403290.3
-402052.9
-400265.6
-398409.5
-396732.1
-394037.4
-391920.1
-391122.7
-389954.0
-386585.6
-384798.3
-383684.6
-381539.8
-379697.5
-379243.8
-374431.8
-375490.4
-372465.7
-371118.3
-368767.3
-365742.6
-365838.8
-363157.8
-361480.5
-360366.9
-358455.8
-355142.4
-355266.1
-351732.7
-350839.0
-350041.6
-347016.9
-344899.6
-343538.5
-341187.4
-338836.4
-337489.0
-335481.7
-333790.6
-331549.6
-330147.2
-328689.9
-326325.1
-324991.5
-323754.1
-320055.7
-319327.0
-317196.0
-316522.3
-312837.6
-311655.3
-310307.9
-308726.8
-305537.1
-304753.4
-302966.1
-299597.7
-299267.7
-297755.3
-296627.9
-292035.9
-292530.8
-290963.5
-288777.4
-287320.1
-284185.4
-284364.1
-281889.4
-281380.7
-277448.5
-276898.6
-275386.2
-273928.9
-270574.2
-269996.7
-268209.4
-265404.7
-263617.3
-262943.7
-259795.2
-258131.6
-258062.9
-255148.2
-253635.8
-251958.5
-249428.7
-248425.0
-246734.0
-245221.6
-243888.0
-241028.3
-241482.0
-237769.8
-236271.2
-235363.8
-232902.8
-231046.7
-228915.7
-228407.0
-225945.9
-224777.3
-222577.5
-220790.2
-219951.5
-219841.5
-217201.8
-214177.1
-213957.1
-211771.0
-209640.0
-208512.6
-207165.2
-205941.6
-203576.8
-201445.8
-200950.8
-199658.4
-196070.0
-196070.0
-193155.3
-190859.3
-191203.0
-188838.2
-188178.3
-186267.2
-185827.3
-182788.8
-181111.5
-180767.8
-179310.4
-175158.3
-176560.7
-174099.6
-172752.3
-171858.6
-169562.6
-166592.9
-166592.9
-164406.8
-163623.1
-161725.8
-160873.4
-159416.0
-157738.7
-154700.2
-154989.0
-152527.9
-151400.6
-150053.2
-149393.2
-146863.5
-144677.4
-143893.8
-142037.7
-140470.3
-140704.1
-138339.3
-136662.0
-136826.9
-133912.2
-130887.5
-131561.2
-127972.8
-128976.4
-127629.1
-125841.7
-124439.4
-122872.0
-121524.7
-118376.2
-117427.5
-117152.6
-115585.2
-114237.8
-113124.2
-111268.1
-110704.4
-108573.4
-108408.4
-106167.4
-104545.0
-104215.1
-102304.0
-100956.6
-101066.6
-98949.3
-98316.9
-95855.9
-95347.2
-93436.1
-92776.1
-92047.5
-90700.1
-88349.1
-88349.1
-86891.7
-84018.2
-82794.6
-83977.0
-81062.3
-79316.2
-78917.5
-78147.5
-76800.2
-76016.5
-74284.2
-73156.8
-72029.4
-72029.4
-69788.3
-68674.7
-68399.7
-67038.6
-65017.5
-65031.3
-63615.2
-62281.6
-61154.2
-58624.4
-59421.8
-57167.0
-57909.5
-55888.4
-54046.1
-52808.7
-52410.0
-53083.7
-50952.6
-49110.3
-49110.3
-46814.3
-45961.9
-45851.9
-44339.5
-44119.5
-41204.8
-43102.1
-41988.5
-40819.9
-39128.8
-37286.4
-38620.1
-36269.0
-35939.1
-35609.1
-33354.3
-34083.0
-32295.7
-31952.0
-29710.9
-29161.0
-28817.3
-28253.6
-27414.9
-26067.5
-26631.2
-25118.9
-25448.8
-23097.8
-22987.8
-20746.8
-21351.7
-20801.8
-18107.0
-18670.7
-18217.0
-17433.3
-15976.0
-16993.4
-13968.7
-14023.7
-13405.0
-13061.3
-11727.6
-11383.9
-10944.0
-10270.3
-8922.9
-9761.6
-8084.2
-8414.2
-7355.5
-7011.8
-5994.4
-4770.8
-3932.1
-4152.1
-4152.1
-3822.1
-1127.4
-3079.7
-1691.1
-1017.4
165.0
948.7
261.2
1567.4
1223.6
2406.0
2626.0
3918.4
2296.0
3519.7
5032.0
4358.3
5045.8
5100.8
6214.4
6709.4
7273.1
8689.2
6888.1
9129.1
7781.8
8895.4
8689.2
9184.1
9857.8
9514.1
10421.5
10366.5
11315.2
11988.9
11480.2
12937.5
12593.8
11370.2
13061.3
12373.8
13611.2
12057.6
14903.6
13899.9
15068.6
15068.6
15137.3
15398.5
15288.5
15632.3
16869.6
14848.6
15907.2
16127.2
16979.6
18203.3
15398.5
16415.9
17419.6
16759.7
17089.6
17378.3
17983.3
17529.6
17034.6
17378.3
16814.6
17254.6
17254.6
17584.6
18258.3
15687.3
19220.7
17653.3
18327.0
17199.6
18767.0
18107.0
18327.0
17488.3
17378.3
17928.3
17254.6
17694.6
17034.6
16814.6
17378.3
17144.6
17144.6
16635.9
16745.9
15398.5
16580.9
16127.2
15797.2
14009.9
16250.9
15343.5
14683.6
16196.0
14504.9
14573.6
13336.2
14903.6
14738.6
14394.9
12593.8
13157.5
12827.5
12318.8
11878.9
12882.5
11548.9
10751.5
9912.8
10366.5
9802.8
9404.1
9967.8
8799.2
9019.1
6998.1
6764.4
6888.1
6214.4
5664.5
6145.7
4702.1
4812.0
4482.1
3684.6
4757.0
2626.0
3079.7
2227.3
2571.0
2241.0
-55.0
604.9
-563.7
-673.7
-1402.4
-2089.8
-1966.1
-4165.9
-4372.1
-3368.4
-6173.2
-5953.2
-6118.2
-5788.2
-7286.8
-7740.5
-9197.9
-9362.9
-10036.5
-9527.8
-11617.6
-11837.6
-12167.6
-12621.3
-14862.3
-13116.2
-14587.4
-16264.7
-16154.7
-17667.1
-17997.0
-18780.7
-18780.7
-19344.4
-22987.8
-21695.4
-22369.1
-22877.8
-23881.5
-25792.5
-24953.9
-26521.2
-27016.2
-27359.9
-28308.5
-29545.9
-29765.9
-31127.0
-31113.3
-32804.4
-33863.0
-35100.4
-34591.7
-35045.4
-36997.7
-37561.4
-38015.1
-38853.8
-40764.9
-41493.5
-42318.5
-43335.9
-43500.8
-42827.2
-47653.0
-46814.3
-47707.9
-47872.9
-48656.6
-51007.6
-51736.3
-53083.7
-53757.4
-54884.8
-58019.5
-56850.8
-57854.5
-57854.5
-59311.8
-60535.5
-61552.9
-62446.5
-62955.2
-64178.9
-65595.0
-65760.0
-68441.0
-69953.3
-69169.6
-72304.4
-71589.4
-73486.7
-73995.4
-74889.1
-76511.4
-78092.5
-79549.9
-78367.5
-81062.3
-83523.3
-82849.6
-84636.9
-85310.6
-86438.0
-88280.3
-89902.7
-89572.7
-92102.5
-92556.2
-93326.1
-95745.9
-96749.5
-97588.2
-99389.3
-98949.3
-101011.6
-102015.3
-104366.3
-104943.7
-105658.7
-108628.4
-108518.4
-110195.7
-111433.1
-111831.8
-114251.6
-116038.9
-116547.6
-117771.3
-119957.3
-120136.0
-122363.3
-123710.7
-125718.0
-125841.7
-126900.4
-129155.2
-129650.1
-131781.2
-132564.9
-134475.9
-135699.6
-136881.9
-136881.9
-141817.7
-141474.0
-142381.4
-143385.1
-144952.4
-145736.1
-147592.2
-149613.2
-151469.3
-152239.2
-151056.8
-154659.0
-156116.4
-158123.7
-158921.1
-160598.4
-161712.1
-163623.1
-164461.8
-165575.5
-169273.8
-167995.2
-169906.3
-171913.6
-172243.6
-174058.4
-176739.4
-178760.4
-179090.4
-181565.2
-181895.1
-182967.5
-185318.6
-186652.2
-188123.3
-189456.9
-191478.0
-193045.3
-193719.0
-195066.4
-198421.1
-198874.8
-198984.8
-202683.2
-203026.9
-205996.6
-204773.0
-208017.7
-208856.3
-210863.6
-213008.4
-213558.4
-215139.5
-216981.8
-217311.8
-220570.2
-221078.9
-222536.3
-224213.6
-227238.3
-227293.3
-228022.0
-230263.0
-232627.8
-233741.4
-234855.1
-237439.8
-238113.5
-239625.9
-241303.2
-244382.9
-244506.7
-246747.7
-246404.0
-248645.0
-250831.1
-252233.4
-255258.1
-255436.9
-256550.5
-258956.5
-260482.6
-262050.0
-265418.4
-265184.7
-267370.7
-268099.4
-270010.5
-271852.8
-273200.2
-275221.2
-277352.3
-278575.9
-280267.0
-281724.4
-283621.7
-283676.7
-286371.4
-287210.1
-290014.8
-291472.2
-292929.5
-294606.9
-295954.3
-297631.6
-299886.4
-300945.0
-302168.7
-304533.4
-306210.8
-308286.8
-308066.9
-310747.8
-313098.9
-314680.0
-316137.3
-317759.7
-319437.0
-320110.7
-322021.8
-324249.1
-325376.5
-327961.2
-328978.6
-330202.2
-333790.6
-333515.7
-336430.4
-337942.8
-338506.4
-339675.1
-342204.8
-344212.2
-345724.5
-346508.2
-348914.2
-350385.3
-352626.4
-353795.0
-356159.8
-357053.4
-358167.1
-360751.8
-360916.8
-362717.9
-364903.9
-366196.3
-369221.0
-370224.7
-371915.8
-373593.1
-374376.8
-375380.4
-379078.8
-381429.9
-381154.9
-383285.9
-385183.2
-386695.6
-388043.0
-388441.7
-390627.7
-392415.1
-394092.4
-394999.8
-397130.9
-398588.2
-401722.9
-402561.6
-404018.9
-404417.7
-406823.7
-408954.7
-411814.5
-411594.5
-414234.2
-414962.9
-417643.9
-418152.6
-420503.6
-424312.0
-422744.7
-424655.7
-426333.1
-428244.1
-429632.8
-431145.1
-432492.5
-435022.2
-435132.2
-438596.9
-439449.3
-440233.0
-442240.3
-443711.4
-446172.4
-446062.4
-447176.1
-450200.8
-450654.5
-452620.6
-453583.0
-455934.0
-457611.3
-459068.7
-462148.4
-461584.7
-464389.4
-464898.1
-466465.5
-469998.9
-468871.5
-471456.3
-473298.6
-473078.6
-475594.6
-476832.0
-478179.4
-479870.5
-480984.1
-482895.2
-485012.5
-485356.2
-487212.3
-487652.2
-492423.0
-491460.6
-492478.0
-493646.6
-497235.1
-499696.1
-498912.4
-500149.8
-502335.8
-504576.9
-504741.8
-506309.2
-509017.7
-509168.9
-509966.3
-513706.0
-513499.8
-514723.4
-516400.7
-517418.1
-519590.4
-520387.8
-521625.2
-523137.6
-523577.5
-528554.6
-526382.3
-529077.0
-531098.1
-532211.7
-534177.8
-532940.4
-534617.7
-536817.5
-539278.5
-537532.5
-540515.9
-542303.3
-544310.6
-544310.6
-547624.0
-546675.3
-550373.7
-550538.7
-551446.1
-552944.7
-553508.4
-555419.5
-557261.8
-557715.5
-559392.9
-560575.3
-561812.6
-563655.0
-563655.0
-566404.7
-566968.4
-567408.4
-569429.4
-570776.8
-570598.1
-573306.5
-575203.9
-576042.5
-576042.5
-578173.6
-578792.3
-580469.6
-581817.0
-582820.6
-583494.3
-584333.0
-586917.7
-587426.4
-588993.8
-591619.8
-591729.8
-592197.2
-593695.8
-594039.6
-595551.9
-595441.9
-598796.6
-597779.2
-599814.0
-602000.1
-602893.7
-603677.4
-604351.1
-605354.7
-605918.4
-607760.8
-608888.1
-609726.8
-610744.2
-612091.6
-612531.6
-613878.9
-615391.3
-616175.0
-616284.9
-618649.7
-619199.7
-619543.4
-621660.7
-621605.7
-622059.4
-623406.8
-623901.7
-625812.8
-625812.8
-628328.8
-628328.8
-629346.2
-630693.6
-631133.5
-632315.9
-633773.3
-633938.3
-634845.7
-636743.0
-636193.0
-637760.4
-637581.7
-639272.7
-640386.4
-639492.7
-641733.8
-642242.5
-643246.1
-644318.5
-644813.5
-646050.9
-646724.5
-646834.5
-648236.9
-648415.6
-650312.9
-650986.6
-650876.6
-651880.3
-652375.2
-653392.7
-653392.7
-654850.0
-655798.7
-656871.1
-657764.7
-657434.8
-658782.1
-658328.4
-659442.1
-661243.2
-659895.8
-661916.8
-661683.1
-663264.2
-663594.2
-663429.2
-665450.3
-665890.2
-665106.5
-667017.6
-667347.6
-666123.9
-667856.3
-670372.3
-669588.6
-670097.3
-670097.3
-672063.4
-670606.0
-672517.1
-672173.4
-673177.0
-674868.1
-674414.4
-674634.4
-674978.1
-676765.4
-677109.1
-676710.4
-678167.8
-677672.8
-677672.8
-678772.7
-679845.1
-679735.1
-679570.2
-680023.9
-681591.2
-681426.2
-681866.2
-683048.6
-682484.9
-683557.3
-683433.5
-683887.2
-683557.3
-685110.9
-684657.2
-685110.9
-686018.3
-685839.6
-685729.6
-686073.3
-687915.6
-687475.7
-686128.3
-687461.9
-687750.6
-687695.6
-687585.6
-688589.3
-688259.3
-689441.7
-689386.7
-689826.7
-688479.3
-690500.4
-691957.7
-690885.3
-691339.0
-691174.0
-692177.7
-691394.0
-691229.0
-691902.7
-690885.3
-690665.3
-691957.7
-691559.0
-692356.4
-692177.7
-692411.4
-690280.4
-692975.1
-691174.0
-692686.4
-691669.0
-691669.0
-693030.1
-691669.0
-693868.8
-693085.1
-690830.3
-692287.7
-693071.4
-693071.4
-693635.1
-694473.7
-690940.3
-691064.1
-691737.7
-691614.0
-693085.1
-691614.0
-692287.7
-690445.4
-691682.7
-691669.0
-690995.3
-690899.1
-690720.3
-690940.3
-692796.4
-690390.4
-689606.7
-690266.6
-690170.4
-690005.4
-690225.4
-690101.6
-689263.0
-689496.7
-687750.6
-689826.7
-687915.6
-688259.3
-688135.6
-689441.7
-686582.0
-687145.7
-686472.0
-687255.7
-686637.0
-685729.6
-684725.9
-685908.3
-685674.6
-684945.9
-683942.2
-683158.6
-684162.2
-682704.9
-685509.6
-683557.3
-682319.9
-681467.5
-681027.5
-681591.2
-680917.5
-680917.5
-680917.5
-679790.1
-677947.8
-678841.5
-677040.4
-677714.1
-677714.1
-678511.5
-676930.4
-677164.1
-676490.4
-675143.1
-674868.1
-673452.0
-673905.7
-672393.3
-674524.4
-672338.3
-671389.7
-671499.7
-670826.0
-670042.3
-669547.4
-668983.7
-666962.6
-667801.3
-667237.6
-666728.9
-664707.8
-665505.2
-664652.8
-662411.8
-663924.1
-663319.2
-662645.5
-662136.8
-660239.5
-659455.8
-659565.8
-659675.8
-658328.4
-657984.7
-657214.8
-655633.7
-656197.4
-653846.4
-653502.6
-654410.1
-651605.3
-653172.7
-652155.3
-649694.3
-649914.2
-649419.3
-646724.5
-647398.2
-647178.2
-645445.9
-643576.1
-645830.9
-643644.8
-641513.8
-642627.4
-639162.8
-639259.0
-638599.1
-638489.1
-635629.3
-637251.7
-634337.0
-634666.9
-632879.6
-632549.6
-633099.6
-630294.9
-628782.5
-629236.2
-628617.5
-626610.2
-625152.8
-624809.1
-623571.7
-624135.4
-622114.4
-621110.7
-619598.4
-618251.0
-616559.9
-617123.6
-616793.6
-615116.3
-614552.6
-613768.9
-613370.2
-612132.8
-610111.8
-607540.8
-607884.5
-605698.5
-606358.4
-605024.8
-603897.4
-602275.0
-600762.7
-600322.7
-599140.3
-597683.0
-596679.3
-595826.9
-593695.8
-594039.6
-591454.8
-591344.8
-590451.2
-589667.5
-588320.1
-586862.8
-584621.7
-584896.7
-583659.3
-581817.0
-580469.6
-580414.6
-578118.6
-576881.2
-576551.2
-575093.9
-573677.8
-572179.2
-572179.2
-570666.8
-568755.7
-566129.7
-566239.7
-564548.6
-564053.7
-562706.3
-562197.6
-559282.9
-558279.2
-557770.5
-556643.1
-555199.5
-553109.7
-551432.4
-550758.7
-549755.0
-548187.7
-546386.6
-545946.7
-544599.3
-543031.9
-541175.9
-540282.2
-539388.5
-538041.2
-535800.1
-535855.1
-533105.4
-531881.7
-531703.0
-529228.3
-529118.3
-527001.0
-525873.6
-524031.2
-523921.3
-521281.5
-520154.1
-517473.1
-516455.7
-515562.1
-514558.4
-512028.6
-511464.9
-509952.6
-509292.7
-508110.3
-505016.8
-504920.6
-502555.8
-501992.1
-499132.4
-499366.1
-497235.1
-496217.7
-494774.0
-492684.2
-492134.3
-490237.0
-489893.3
-486868.5
-484283.8
-484118.8
-482881.4
-482207.7
-479636.7
-478688.1
-476048.3
-475374.6
-474192.3
-471181.3
-470273.9
-469435.2
-468211.6
-466355.5
-464788.1
-463550.8
-460856.0
-459288.7
-459123.7
-457212.6
-455425.3
-455150.3
-452345.6
-451328.2
-450324.5
-447849.8
-445773.7
-444440.1
-443257.7
-441126.7
-440288.0
-438940.6
-437813.2
-434967.2
-433276.2
-432437.5
-431323.8
-429192.8
-428010.4
-424875.7
-424587.0
-423693.3
-421452.3
-419774.9
-417767.6
-415911.6
-415347.9
-413560.5
-412543.1
-409394.7
-406658.7
-406205.0
-405091.3
-402561.6
-401557.9
-399358.1
-397694.6
-395783.5
-395274.8
-394161.1
-394037.4
-390504.0
-388716.7
-387204.3
-384413.3
-385073.3
-381429.9
-380536.2
-379697.5
-376892.8
-374143.0
-374541.8
-372067.0
-371902.0
-369784.7
-368547.3
-366017.6
-363886.5
-363886.5
-359734.4
-359583.2
-357892.1
-355994.8
-354812.4
-353465.0
-351169.0
-348749.2
-347181.9
-346178.2
-344830.8
-341929.9
-341242.4
-340238.8
-337214.1
-337777.8
-334354.3
-332952.0
-331384.6
-329528.6
-328071.2
-326228.9
-324757.8
-322750.5
-322241.8
-320344.4
-317828.4
-317924.7
-315573.6
-313896.3
-311545.3
-308286.8
-309070.5
-306719.5
-305042.1
-303364.8
-301563.7
-300271.3
-299597.7
-297755.3
-294716.9
-293713.2
-291582.2
-290468.5
-288612.5
-287388.8
-284185.4
-283965.4
-283621.7
-281435.6
-278300.9
-278864.6
-274767.5
-274877.5
-271344.1
-270904.1
-269611.8
-267824.4
-265019.7
-265184.7
-263163.6
-261197.6
-260922.6
-258791.6
-256770.5
-254653.2
-254199.5
-251504.8
-249043.7
-248370.1
-246569.0
-244382.9
-243544.3
-242320.6
-240464.6
-239350.9
-239350.9
-235418.8
-232174.1
-232504.1
-231266.7
-228970.7
-228461.9
-226564.6
-224557.3
-222426.3
-221697.6
-219731.5
-218274.2
-217091.8
-215978.1
-214122.1
-212884.7
-210313.7
-208292.6
-207948.9
-206560.3
-205212.9
-202298.2
-201459.5
-200222.1
-197032.4
-198036.1
-194557.7
-193210.3
-192426.6
-190584.3
-188164.5
-188508.3
-186157.2
-184246.2
-181056.5
-181620.2
-179489.1
-178306.7
-177179.3
-174319.6
-174154.6
-172697.3
-170676.2
-169892.5
-167046.6
-166482.9
-164338.1
-162165.8
-160818.4
-160309.7
-157793.7
-156886.3
-156047.6
-153916.6
-153586.6
-151565.5
-150671.9
-147647.2
-148540.8
-144333.7
-144388.7
-143605.0
-141254.0
-140704.1
-137899.3
-136771.9
-134860.9
-134022.2
-132894.8
-132276.1
-129540.1
-127972.8
-127299.1
-125278.0
-123875.7
-123257.0
-121799.6
-119792.3
-118774.9
-118554.9
-115640.2
-114402.8
-114072.9
-111488.1
-110718.2
-110649.4
-107844.7
-106497.3
-106621.1
-104270.1
-102524.0
-101066.6
-99733.0
-98715.6
-96130.8
-96639.5
-95072.2
-94563.5
-93326.1
-91937.5
-89792.7
-88459.1
-87785.4
-86671.7
-83523.3
-84362.0
-83138.3
-81282.2
-80388.6
-80732.3
-76525.2
-74834.1
-75507.8
-73596.7
-73720.5
-72249.4
-72029.4
-69513.4
-69843.3
-66983.6
-65196.3
-65540.0
-63848.9
-62171.6
-61387.9
-59971.8
-58294.4
-58473.2
-56232.1
-56342.1
-54651.0
-54664.8
-52643.7
-51970.0
-49330.3
-48931.6
-49055.3
-46360.6
-45576.9
-44848.2
-44298.3
-43390.9
-41204.8
-40874.8
-36997.7
-39128.8
-37561.4
-35045.4
-36269.0
-32240.7
-34303.0
-32845.6
-31842.0
-29944.6
-28872.2
-27758.6
-27084.9
-26741.2
-24953.9
-25503.8
-22712.8
-22259.1
-21585.4
-20911.8
-20471.8
-19619.4
-18052.0
-16718.4
-16031.0
-14298.6
-13734.9
-13515.0
-13171.2
-12057.6
-9816.6
-9871.6
-9541.6
-8029.2
-8029.2
-6173.2
-5829.4
-5279.5
-4770.8
-1856.1
-2529.8
-2419.8
-508.7
-673.7
-13.7
261.2
2914.7
3574.7
3409.7
4193.3
5595.7
5087.0
6544.4
8221.7
7671.8
12318.8
8180.5
10985.2
10476.5
10930.2
13446.2
12428.8
13996.2
15178.6
15082.3
15137.3
16745.9
17873.3
18203.3
17763.3
18767.0
18547.0
20348.1
21516.7
21626.7
22135.4
22080.4
23427.8
23427.8
24761.4
24926.4
24321.4
26108.8
25943.8
26507.5
26617.5
27676.1
28349.8
28349.8
30150.9
29147.2
30425.8
29532.2
31883.2
30989.5
31099.5
33395.6
33725.5
33904.3
34344.2
34179.2
34468.0
34468.0
36159.0
36365.3
36420.3
35760.3
38001.4
37149.0
38620.1
36709.0
38276.3
38730.1
39060.0
39500.0
39225.0
40517.4
39060.0
39898.7
39238.8
40916.1
41589.8
41809.8
39967.4
41191.1
40352.4
42153.5
43267.1
42758.4
43088.4
42593.4
42923.4
43707.1
44050.8
43487.1
43143.4
44559.5
44889.5
44215.8
44105.8
44270.8
44160.8
44834.5
44834.5
44834.5
44559.5
44889.5
45673.1
44834.5
45068.2
45123.2
46181.8
45398.2
45398.2
45728.1
44834.5
46003.1
46676.8
45494.4
45618.1
44559.5
46126.8
46016.9
45508.2
45494.4
45123.2
45178.2
45618.1
44270.8
44958.2
46236.8
46003.1
43995.8
45343.2
45343.2
44270.8
44724.5
44380.8
44380.8
44944.5
42304.7
44050.8
44270.8
43940.8
42813.4
43143.4
43707.1
43377.1
40847.4
43775.8
41479.8
42194.7
40627.4
40627.4
41754.8
39500.0
41136.1
39678.7
40682.4
40572.4
39500.0
39678.7
38661.3
38840.0
38386.3
38675.1
37437.7
37877.6
37039.0
36269.0
37822.6
36200.3
36090.3
34742.9
36200.3
33615.5
35306.6
34069.2
33230.6
33010.6
32501.9
32625.6
32061.9
31718.2
31374.5
29710.9
29422.2
30205.9
29023.5
29710.9
30247.1
28074.8
27854.8
26672.5
26562.5
24926.4
25778.8
24321.4
23991.5
23194.0
21571.7
22300.4
22520.4
21351.7
20348.1
19041.9
18822.0
18931.9
18602.0
17364.6
15398.5
16360.9
16017.2
15178.6
13844.9
14284.9
12937.5
13391.2
11713.9
10586.5
11205.2
9637.8
9417.9
7891.7
7328.1
6145.7
5210.8
4977.0
4812.0
3574.7
4193.3
2914.7
1787.3
948.7
-55.0
-288.7
-2021.1
-3368.4
-3533.4
-4770.8
-3932.1
-6228.2
-5100.8
-8125.5
-7685.5
-10091.5
-9816.6
-10820.2
-11658.9
-13460.0
-12896.3
-14422.4
-14972.3
-16649.7
-17213.4
-17103.4
-19633.1
-20416.8
-20911.8
-20911.8
-23551.5
-23276.5
-23826.5
-25173.8
-26851.2
-27181.2
-26411.2
-28762.3
-30274.6
-30494.6
-32240.7
-31677.0
-33918.0
-34248.0
-36269.0
-36722.7
-37272.7
-38853.8
-39527.5
-39967.4
-40929.8
-42552.2
-43445.9
-44284.5
-44628.2
-46525.6
-48326.6
-48106.7
-49275.3
-49619.0
-52410.0
-52973.7
-53647.4
-54816.0
-55613.4
-56630.8
-58239.4
-59476.8
-60480.5
-60136.8
-63340.2
-63120.2
-64123.9
-65650.0
-66543.7
-68674.7
-68331.0
-70572.0
-70915.7
-72703.1
-75109.1
-74449.1
-75452.8
-77968.8
-78422.5
-80732.3
-79549.9
-80333.6
-82519.6
-83193.3
-86053.0
-85255.6
-87716.6
-89077.8
-89971.4
-90521.4
-93614.8
-94054.8
-94398.5
-96639.5
-97533.2
-99210.5
-99884.2
-100901.6
-102689.0
-103706.4
-103871.3
-105438.7
-107129.8
-108243.4
-110429.5
-111598.1
-112725.5
-114746.6
-115420.2
-117427.5
-117276.3
-119847.3
-120342.3
-122377.1
-123312.0
-124040.7
-126515.4
-127697.8
-127807.8
-129760.1
-130887.5
-133238.5
-133912.2
-135135.9
-135644.6
-138119.3
-138903.0
-141089.0
-142436.4
-142945.1
-145406.1
-145516.1
-146354.8
-148829.5
-151056.8
-150836.9
-153201.6
-155044.0
-156391.3
-156391.3
-158577.4
-159581.0
-161437.1
-162330.8
-163114.4
-163953.1
-166867.8
-168215.2
-169108.9
-170126.3
-172697.3
-173590.9
-175103.3
-177014.4
-177963.0
-179200.4
-180107.8
-182953.8
-183077.5
-185538.5
-186198.5
-186872.2
-189401.9
-190405.6
-191148.0
-194227.7
-193774.0
-196963.7
-197761.1
-200387.1
-201170.8
-201404.5
-203246.9
-205157.9
-206560.3
-208003.9
-208911.3
-210080.0
-212884.7
-211881.0
-215070.7
-216748.1
-217091.8
-218769.1
-220570.2
-221697.6
-224378.6
-225382.2
-226509.6
-229823.1
-228915.7
-230606.7
-231610.4
-233727.7
-237109.9
-235363.8
-237824.8
-240189.6
-241976.9
-241866.9
-245001.6
-245565.3
-246239.0
-247916.3
-250267.4
-250831.1
-252178.4
-254199.5
-255313.1
-256715.5
-258406.6
-259754.0
-261761.3
-262888.7
-264566.0
-265693.4
-265803.4
-268663.1
-268883.1
-271852.8
-273983.9
-274093.8
-276444.9
-277008.6
-279703.3
-280267.0
-281380.7
-283401.7
-284982.8
-286151.4
-288172.5
-288832.4
-291527.2
-292420.8
-291472.2
-294826.9
-296518.0
-297191.6
-299556.4
-300161.4
-302856.1
-304753.4
-305427.1
-308011.9
-308011.9
-310362.9
-310362.9
-312713.9
-314281.3
-316137.3
-318213.4
-318873.3
-319725.7
-320509.4
-323424.1
-323080.4
-324881.5
-326063.9
-327961.2
-331824.6
-330875.9
-333007.0
-333680.7
-336485.4
-337997.7
-338616.4
-339840.1
-341187.4
-343552.2
-343593.5
-346618.2
-348199.3
-349202.9
-349876.6
-352571.4
-351952.7
-353630.0
-356998.4
-358455.8
-359019.5
-360696.8
-362264.2
-363446.6
-363776.5
-365742.6
-367694.9
-368822.3
-371008.3
-371792.0
-372465.7
-373593.1
-375380.4
-376384.1
-379312.6
-378350.1
-382213.5
-382667.2
-384179.6
-384963.3
-387589.3
-387658.0
-388221.7
-390229.0
-391700.1
-394326.1
-396017.2
-396127.2
-397804.5
-400375.5
-401901.7
-401392.9
-404197.7
-404018.9
-405586.3
-406370.0
-407277.4
-408954.7
-410302.1
-411979.4
-414234.2
-415347.9
-415801.6
-418647.6
-418757.5
-421232.3
-421342.3
-423583.3
-424587.0
-425714.4
-427391.7
-427625.4
-429192.8
-430540.2
-432547.5
-434692.3
-434293.6
-435750.9
-436768.3
-439105.6
-440013.0
-439889.3
-442240.3
-442584.0
-444715.1
-446461.1
-446571.1
-448248.5
-449760.8
-451548.2
-451493.2
-453459.2
-455590.3
-455425.3
-457446.3
-457377.6
-459412.4
-460292.3
-461474.7
-462478.4
-463550.8
-464169.5
-465846.8
-467867.9
-467977.8
-470562.6
-470383.9
-471951.2
-474137.3
-473587.3
-474467.2
-475993.3
-478688.1
-478509.3
-478619.3
-481767.8
-481534.1
-482771.4
-483953.8
-485754.9
-486799.8
-487872.2
-488325.9
-490511.9
-491515.6
-489893.3
-493192.9
-494664.0
-494815.3
-495489.0
-497180.1
-497963.7
-498857.4
-500534.7
-499641.1
-504453.1
-503518.2
-503628.2
-505140.5
-506707.9
-507546.6
-508784.0
-509911.3
-509732.6
-511190.0
-512028.6
-513101.0
-513774.7
-514448.4
-516015.8
-516785.7
-518366.8
-519040.5
-519879.1
-520442.8
-521281.5
-521900.2
-523233.8
-524251.2
-525364.9
-526602.3
-527509.7
-527619.7
-529805.7
-529572.0
-531098.1
-530245.7
-532376.7
-533559.1
-534012.8
-536130.1
-536198.8
-536858.8
-538879.8
-537766.2
-538934.8
-539773.5
-540777.1
-542138.3
-542468.2
-544544.3
-543870.6
-544654.3
-546496.6
-545836.7
-547624.0
-547899.0
-548682.6
-549535.1
-549315.1
-550992.4
-551102.4
-552669.8
-553673.4
-554347.1
-555749.5
-554580.8
-556588.1
-556588.1
-557041.8
-557715.5
-560066.6
-558952.9
-559791.6
-559901.6
-561358.9
-562582.6
-561688.9
-563215.0
-563325.0
-566404.7
-564218.7
-565002.3
-567188.4
-566514.7
-567793.3
-567917.1
-568810.7
-568467.0
-569594.4
-569484.4
-570446.8
-571450.5
-572289.1
-571615.5
-573127.8
-573966.5
-575093.9
-574750.2
-574530.2
-575093.9
-575767.6
-576661.2
-577334.9
-576661.2
-577609.9
-577334.9
-578572.3
-579081.0
-579740.9
-580125.9
-580923.3
-580139.6
-580813.3
-582050.7
-581817.0
-581198.3
-583329.3
-583838.0
-582724.4
-585185.4
-584786.7
-583783.0
-584621.7
-586189.1
-584058.0
-585570.4
-585790.4
-585790.4
-587825.2
-586862.8
-587756.4
-588196.4
-587701.4
-587591.4
-587701.4
-588760.1
-588430.1
-588430.1
-588980.0
-589942.5
-589777.5
-589337.5
-590671.1
-590451.2
-591069.8
-590506.2
-591509.8
-590341.2
-591674.8
-590231.2
-591234.8
-592238.5
-591564.8
-592128.5
-590794.9
-592458.5
-593475.9
-592293.5
-592513.5
-593022.2
-591234.8
-593805.8
-593805.8
-592128.5
-592747.2
-592912.2
-592912.2
-593929.6
-593255.9
-595263.2
-592747.2
-594094.6
-593585.9
-593022.2
-592458.5
-594328.3
-593874.6
-594369.5
-593132.2
-594438.3
-592967.2
-594644.5
-593310.9
-592293.5
-592747.2
-593874.6
-594094.6
-593077.2
-594204.6
-593310.9
-592692.2
-592912.2
-591894.8
-593255.9
-591358.6
-593819.6
-592582.2
-592238.5
-591454.8
-591619.8
-592472.2
-591344.8
-591179.8
-590849.9
-591069.8
-591069.8
-590946.1
-589942.5
-590959.9
-589378.8
-589722.5
-588375.1
-589213.8
-587990.1
-589942.5
-588608.8
-588828.8
-587137.7
-587811.4
-586299.1
-585859.1
-587302.7
-585790.4
-588031.4
-585735.4
-586519.0
-583714.3
-584223.0
-585350.4
-583783.0
-583783.0
-583329.3
-582325.7
-582105.7
-581253.3
-581872.0
-580744.6
-581088.3
-579521.0
-580125.9
-578393.6
-579850.9
-578008.6
-577101.2
-575932.5
-577334.9
-575767.6
-574076.5
-575657.6
-574805.2
-574131.5
-574365.2
-573017.8
-573017.8
-572014.2
-571326.7
-570886.8
-570708.0
-569484.4
-571161.7
-567972.1
-568192.0
-567862.1
-566294.7
-567243.4
-566514.7
-565387.3
-564218.7
-564768.6
-563888.7
-561647.7
-562527.6
-562197.6
-560850.2
-559392.9
-559049.2
-559392.9
-558389.2
-557385.6
-556876.9
-555474.5
-555474.5
-554470.8
-553783.4
-556024.4
-552064.8
-551941.1
-551611.1
-550593.7
-551267.4
-548806.4
-549590.1
-548077.7
-548077.7
-546235.4
-545891.7
-545328.0
-544833.0
-543925.6
-542578.2
-541340.8
-540117.2
-540777.1
-539773.5
-539223.5
-537807.4
-537477.5
-535800.1
-535910.1
-534466.5
-533889.1
-534342.8
-532486.7
-531703.0
-529970.7
-529517.0
-528623.3
-528128.4
-527111.0
-526602.3
-524594.9
-523797.5
-522628.9
-523522.5
-520442.8
-521391.5
-520497.8
-519315.4
-516964.4
-517913.1
-514723.4
-514833.4
-514324.7
-512991.0
-511464.9
-512427.4
-510970.0
-509801.4
-508893.9
-506432.9
-505360.5
-505704.2
-504686.8
-502335.8
-500823.5
-500878.5
-499201.1
-498692.4
-498472.4
-497180.1
-495049.0
-494045.4
-493536.7
-492423.0
-491570.6
-490388.2
-489618.3
-487088.5
-487542.2
-485974.9
-484448.8
-485466.2
-482427.7
-481424.1
-482042.8
-479018.0
-478468.1
-476268.3
-476048.3
-474467.2
-473917.3
-473023.6
-471497.5
-470053.9
-468032.8
-469270.2
-466905.4
-465063.1
-465736.8
-462698.3
-460911.0
-461144.7
-459797.4
-458450.0
-456538.9
-456538.9
-454641.6
-454297.9
-453294.2
-451781.9
-449925.8
-448688.4
-448358.5
-446227.4
-447024.8
-444055.1
-442364.0
-440686.7
-439889.3
-441140.4
-438596.9
-436589.6
-435242.2
-433674.9
-432712.5
-430760.1
-430650.2
-428972.8
-427281.7
-426553.0
-424312.0
-423088.4
-422236.0
-420888.6
-418138.9
-418936.3
-416571.5
-415732.8
-414619.2
-411690.7
-411360.7
-411140.8
-410645.8
-406933.7
-407497.4
-405311.3
-404527.6
-402685.3
-401338.0
-400210.6
-397969.5
-395962.2
-395962.2
-395054.8
-394326.1
-391975.1
-390957.7
-389280.4
-388276.7
-386764.3
-384179.6
-382722.2
-383230.9
-382323.5
-377236.5
-379422.5
-376494.1
-375325.4
-374541.8
-372190.7
-372067.0
-369496.0
-368657.3
-366196.3
-365178.9
-364340.2
-363776.5
-361934.2
-360806.8
-359294.5
-357548.4
-355307.3
-353973.7
-353973.7
-351444.0
-351952.7
-349601.6
-347924.3
-346453.2
-345009.6
-343208.5
-341421.2
-341586.2
-338327.7
-335756.7
-335756.7
-334739.3
-333405.7
-331494.6
-329872.3
-328854.9
-326847.6
-325500.2
-324372.8
-321733.0
-321856.8
-320853.1
-319327.0
-317993.4
-316976.0
-314281.3
-313731.3
-310871.6
-310197.9
-309139.3
-306939.5
-305825.8
-305152.1
-303131.1
-302402.4
-299212.7
-298539.0
-297026.7
-294661.9
-295390.6
-292764.6
-291087.2
-288722.4
-287718.8
-286701.4
-285477.8
-283236.7
-282384.3
-281614.4
-278026.0
-278245.9
-276444.9
-273763.9
-274203.8
-273255.2
-270230.5
-268443.1
-267260.7
-265569.7
-265129.7
-263548.6
-261321.3
-259809.0
-258791.6
-257842.9
-254818.2
-254598.2
-252742.1
-251958.5
-249428.7
-248865.0
-247187.7
-244836.6
-244272.9
-241866.9
-241701.9
-239007.2
-238677.2
-237109.9
-233741.4
-234415.1
-231046.7
-231046.7
-229245.6
-227582.0
-226674.6
-224103.6
-223086.2
-221862.6
-219442.8
-219607.8
-217820.5
-215125.7
-215139.5
-212719.7
-212994.7
-211097.4
-209255.0
-207440.2
-204305.5
-204415.5
-202971.9
-201624.5
-199039.8
-199548.5
-197637.4
-194736.4
-195740.1
-193265.3
-190584.3
-190185.6
-188384.5
-186377.2
-186597.2
-184136.2
-182568.8
-181551.4
-180382.8
-178815.4
-178251.7
-176615.6
-174484.6
-172972.2
-172078.6
-170126.3
-168833.9
-166922.8
-166757.8
-164736.8
-162550.7
-162550.7
-160199.7
-158522.4
-157505.0
-156666.3
-154535.3
-152637.9
-152308.0
-152418.0
-148265.9
-148595.8
-147812.1
-145791.1
-144787.4
-142381.4
-143220.1
-140415.4
-139741.7
-136483.2
-136497.0
-134420.9
-133293.5
-131107.5
-131891.2
-129196.4
-128591.5
-126680.4
-125003.1
-124659.4
-123037.0
-121414.7
-120851.0
-119008.6
-118101.2
-116877.6
-114059.1
-113962.9
-112615.5
-111378.1
-109027.1
-108683.4
-107129.8
-106112.4
-104998.7
-104270.1
-102853.9
-100172.9
-99499.3
-99059.3
-95855.9
-96350.8
-94453.5
-92432.4
-92102.5
-90810.1
-90026.4
-87565.4
-88060.3
-85709.3
-85764.3
-82629.6
-81832.2
-80319.8
-80333.6
-77075.1
-77748.8
-76071.5
-74889.1
-73775.5
-73995.4
-71080.7
-70063.3
-68386.0
-68715.9
-66419.9
-65361.3
-64921.3
-63560.2
-62680.3
-61662.9
-59366.8
-58693.1
-57015.8
-57235.8
-55778.4
-53977.3
-51970.0
-51282.6
-49949.0
-49619.0
-47433.0
-47653.0
-45136.9
-43445.9
-44573.2
-42827.2
-41699.8
-40531.1
-40201.2
-36997.7
-38963.8
-37066.5
-35045.4
-34028.0
-33354.3
-32955.6
-31058.3
-29889.6
-28308.5
-27181.2
-27634.9
-26851.2
-24843.9
-23386.5
-24665.1
-21365.5
-19908.1
-20581.8
-18437.0
-18217.0
-18107.0
-15756.0
-14422.4
-13405.0
-13460.0
-11947.6
-11273.9
-10270.3
-9142.9
-8702.9
-7410.5
-7520.5
-6338.1
-4770.8
-3932.1
-4152.1
-2694.7
-1017.4
-453.7
549.9
1168.6
2749.7
2749.7
3189.7
3918.4
4358.3
7163.1
7328.1
8015.5
8400.4
9239.1
9912.8
10242.8
12043.9
10366.5
13047.5
15178.6
14518.6
16869.6
15962.2
16800.9
18492.0
17983.3
19110.7
20169.3
20953.0
21626.7
21461.7
22011.6
23262.8
24431.4
25435.1
25613.8
25613.8
26906.2
27112.4
27456.1
28638.5
29092.2
29422.2
31264.5
31154.5
32831.9
32955.6
33340.6
33464.3
35815.3
35815.3
35251.6
36695.2
35581.6
37602.7
38441.3
39225.0
38675.1
39293.8
40627.4
40297.4
42758.4
43707.1
42414.7
43088.4
42923.4
44394.5
44270.8
45838.1
45494.4
46181.8
45618.1
49316.5
47364.2
47020.5
50553.9
50553.9
48752.8
50100.2
51447.6
51103.9
51117.6
49591.5
52011.3
52231.3
52231.3
54472.3
54087.3
54472.3
55146.0
54472.3
55379.7
56603.3
56039.7
56383.4
57222.0
57002.1
56603.3
57167.0
57840.7
58170.7
59078.1
58844.4
58954.4
58170.7
59188.1
59751.8
59696.8
60865.4
60535.5
61030.4
60810.4
61085.4
60686.7
61924.1
61924.1
62267.8
61374.1
62666.5
63326.5
63161.5
63945.1
64165.1
62831.5
63615.2
63945.1
63395.2
64165.1
64398.9
63271.5
64783.8
63106.5
65581.2
63450.2
64563.8
63890.2
65237.5
65292.5
64563.8
64907.6
65237.5
65127.5
64728.8
64838.8
65072.5
65911.2
64893.8
65292.5
67024.9
66144.9
65457.5
65457.5
64453.8
64220.1
64453.8
64962.6
64165.1
64453.8
64618.8
63725.2
64055.1
64508.8
65017.5
64110.1
64013.9
64673.8
63890.2
63051.5
63285.2
63945.1
63271.5
63051.5
63890.2
62034.1
63381.5
62377.8
62377.8
63051.5
62831.5
61594.1
60920.4
60810.4
62212.8
59916.8
60356.7
61195.4
59971.8
60810.4
59298.1
59078.1
58390.7
59518.1
59971.8
58624.4
59078.1
57552.0
57002.1
58844.4
56039.7
56603.3
56603.3
55366.0
55489.7
56603.3
55256.0
54087.3
54183.6
54637.3
53124.9
53688.6
52176.3
53069.9
52959.9
51268.9
51268.9
51777.6
50320.2
49316.5
49880.2
48876.6
48367.9
48354.1
49027.8
46910.5
45233.2
45384.4
45384.4
44834.5
43885.8
45453.2
44270.8
42813.4
43143.4
42469.7
41809.8
41809.8
40462.4
39500.0
41479.8
40008.7
37987.6
38565.1
37822.6
36365.3
36489.0
36819.0
35361.6
34179.2
35031.7
32666.9
33519.3
32391.9
31374.5
31498.2
31374.5
28858.5
29532.2
27167.4
28349.8
27799.8
27126.2
26108.8
24651.4
24651.4
23427.8
23084.0
22080.4
22135.4
20678.0
20568.0
19385.7
18712.0
18478.2
18203.3
16979.6
16305.9
15522.3
14284.9
13501.2
12497.6
12662.5
10641.5
12043.9
9349.1
9239.1
9417.9
6943.1
8400.4
4812.0
5045.8
4193.3
3189.7
4757.0
1897.3
1333.6
165.0
-728.7
261.2
-2474.8
-5279.5
-4262.1
-6173.2
-6173.2
-7410.5
-7740.5
-9761.6
-8757.9
-12057.6
-11108.9
-11672.6
-13171.2
-14972.3
-16828.4
-16264.7
-16938.4
-17942.0
-19289.4
-20471.8
-21035.5
-22369.1
-23551.5
-24321.4
-23840.2
-27071.2
-26191.3
-28198.6
-28872.2
-29161.0
-31278.3
-31512.0
-32845.6
-34193.0
-33065.6
-35829.1
-37506.4
-37506.4
-38963.8
-38950.0
-40421.1
-41424.8
-43115.9
-42552.2
-46250.6
-45466.9
-46800.5
-48656.6
-48546.6
-51007.6
-50457.7
-51681.3
-52533.7
-54541.0
-54376.1
-55613.4
-57620.8
-58473.2
-60150.5
-60535.5
-62116.6
-62336.6
-64522.6
-64178.9
-66419.9
-66213.7
-68111.0
-69953.3
-70860.7
-70063.3
-72703.1
-74284.2
-75287.8
-76181.5
-78752.5
-78367.5
-80154.9
-80498.6
-81612.2
-83248.3
-83977.0
-85310.6
-85819.3
-86836.7
-88294.1
-91140.1
-91373.8
-92212.5
-93889.8
-93326.1
-96914.5
-97478.2
-99155.5
-100172.9
-97821.9
-102469.0
-103596.4
-104435.0
-104545.0
-107913.5
-107734.7
-109865.8
-110044.5
-112285.5
-113234.2
-113619.2
-115530.2
-117372.6
-118280.0
-118843.7
-120851.0
-122088.4
-122927.0
-124494.4
-125566.8
-127244.1
-126336.7
-128357.8
-130832.5
-130612.5
-132729.8
-134077.2
-136263.2
-136607.0
-138449.3
-138903.0
-140594.1
-141254.0
-142711.4
-144608.7
-145791.1
-147592.2
-148430.8
-148087.1
-150781.9
-151675.5
-153146.6
-154315.3
-156336.3
-156666.3
-159141.1
-161038.4
-161368.4
-162385.8
-165355.5
-166194.1
-166317.9
-167321.5
-169452.6
-170964.9
-173755.9
-172422.3
-174608.3
-175172.0
-178251.7
-179200.4
-179654.1
-180149.1
-182293.9
-183283.8
-185648.5
-185524.8
-187889.6
-189786.9
-189168.2
-191931.7
-192481.6
-194337.7
-194791.4
-196468.8
-197651.1
-199328.5
-200332.1
-201789.5
-203480.6
-203975.5
-205542.9
-206546.5
-208567.6
-208801.3
-211372.3
-212829.7
-213682.1
-216129.4
-216926.8
-216541.8
-219332.8
-219841.5
-220281.5
-222811.2
-225217.3
-224653.6
-226165.9
-227293.3
-231775.4
-230373.0
-231830.4
-233686.5
-234580.1
-235143.8
-237274.9
-238952.2
-240285.8
-241083.2
-244946.6
-243819.2
-245290.3
-247476.4
-248150.1
-249703.7
-250047.4
-251958.5
-252467.2
-254928.2
-253635.8
-257004.2
-257677.9
-258351.6
-260138.9
-263163.6
-262778.7
-265239.7
-265913.4
-267700.7
-269611.8
-270450.4
-271234.1
-272581.5
-274038.9
-274657.5
-276733.6
-278081.0
-279249.6
-280940.7
-281944.3
-282948.0
-283965.4
-284804.1
-286371.4
-286990.1
-289794.8
-290578.5
-292090.9
-291857.2
-294263.2
-296064.2
-297081.7
-298924.0
-300271.3
-301563.7
-301275.0
-303296.1
-304987.1
-305880.8
-306320.8
-308341.8
-309469.2
-311146.6
-311820.2
-314735.0
-314460.0
-314790.0
-317484.7
-317594.7
-321458.1
-320000.7
-322241.8
-323589.1
-324702.8
-324812.8
-327177.5
-329652.3
-328291.2
-330765.9
-332677.0
-333062.0
-334519.3
-337049.1
-336375.4
-338561.4
-339785.1
-341586.2
-342094.9
-342204.8
-346961.9
-345064.6
-346398.2
-347580.6
-348584.2
-350894.0
-350041.6
-353520.0
-352681.3
-354922.4
-358167.1
-356668.5
-359239.5
-360243.1
-361700.5
-360408.1
-362882.9
-364340.2
-364505.2
-365852.6
-367419.9
-369001.0
-369097.3
-370788.4
-371352.1
-373868.1
-375325.4
-375105.5
-376274.1
-377511.5
-379752.5
-381154.9
-380811.2
-383175.9
-383065.9
-382832.2
-385801.9
-386709.3
-388043.0
-388043.0
-389844.1
-389899.0
-392923.8
-392250.1
-393253.7
-396842.1
-396182.2
-397405.8
-398753.2
-398643.2
-400210.6
-399811.8
-401612.9
-402616.6
-404197.7
-403579.0
-405311.3
-407676.1
-408336.0
-407786.1
-410865.8
-411305.8
-411305.8
-414165.5
-414509.2
-413945.5
-416351.5
-417808.9
-418152.6
-419156.3
-418991.3
-420173.7
-421617.3
-422469.7
-423349.6
-423748.3
-425315.7
-426786.8
-426786.8
-427790.4
-431598.8
-430650.2
-431323.8
-432162.5
-431818.8
-434403.5
-434073.6
-435187.2
-437043.3
-437607.0
-438047.0
-438940.6
-439504.3
-440686.7
-441580.4
-442804.0
-442185.3
-444220.1
-445388.8
-446172.4
-447574.8
-447849.8
-448977.2
-448812.2
-449815.8
-451493.2
-451328.2
-451218.2
-453748.0
-453954.2
-453459.2
-454572.9
-455260.3
-456937.6
-457377.6
-458793.7
-459412.4
-460526.1
-460347.3
-461144.7
-461873.4
-461818.4
-464059.5
-464898.1
-465241.9
-465503.1
-466685.5
-465791.8
-468307.8
-468431.6
-469710.2
-469765.2
-470328.9
-471841.2
-472294.9
-471676.2
-472459.9
-474934.7
-473752.3
-473862.3
-475594.6
-476887.0
-476997.0
-477835.7
-478509.3
-477560.7
-480145.4
-480819.1
-480475.4
-481369.1
-481479.1
-481822.8
-481479.1
-483665.1
-484118.8
-484008.8
-484902.5
-484572.5
-486579.8
-486689.8
-486524.8
-487088.5
-487542.2
-488050.9
-488600.9
-489054.6
-489453.3
-490333.2
-491185.6
-490841.9
-492423.0
-492684.2
-492918.0
-493247.9
-493028.0
-495489.0
-493481.7
-494939.0
-495447.7
-495667.7
-498018.7
-495942.7
-496726.4
-497400.0
-497743.8
-497743.8
-498857.4
-499201.1
-498857.4
-500094.8
-500823.5
-500438.5
-501222.2
-500369.8
-500383.5
-501112.2
-502500.8
-502610.8
-502610.8
-502734.5
-503916.9
-503683.2
-504233.1
-503573.2
-504796.8
-502500.8
-503916.9
-504686.8
-505525.5
-505085.6
-506996.6
-505085.6
-505635.5
-506322.9
-505305.5
-506996.6
-508275.2
-507147.9
-506652.9
-505869.2
-508385.2
-508055.3
-507491.6
-508674.0
-507546.6
-508110.3
-508550.2
-509003.9
-509512.6
-507835.3
-509512.6
-507601.6
-508729.0
-509237.7
-508893.9
-510076.3
-508110.3
-508893.9
-509402.6
-508055.3
-509512.6
-510846.3
-508948.9
-510461.3
-509113.9
-511190.0
-508784.0
-509347.6
-508838.9
-509732.6
-511190.0
-508674.0
-508674.0
-509003.9
-509237.7
-511464.9
-508550.2
-508893.9
-509237.7
-508893.9
-512592.3
-509113.9
-508784.0
-508784.0
-508674.0
-509801.4
-508495.2
-508055.3
-507890.3
-508440.2
-509801.4
-509237.7
-508220.3
-507546.6
-506762.9
-509237.7
-506996.6
-507766.5
-506089.2
-507766.5
-506996.6
-506707.9
-505814.2
-506144.2
-506144.2
-506432.9
-505525.5
-505305.5
-505979.2
-505071.8
-504191.9
-505030.6
-503916.9
-504081.9
-503738.2
-503628.2
-502555.8
-503463.2
-502789.5
-502102.1
-503353.2
-502280.8
-501827.1
-501332.2
-500314.8
-501662.1
-499256.1
-500259.8
-499929.8
-498252.5
-499421.1
-499022.4
-499036.1
-497015.1
-496781.3
-497180.1
-496781.3
-495887.7
-496066.4
-495049.0
-493536.7
-495324.0
-493646.6
-493990.4
-494100.4
-492973.0
-493137.9
-492464.3
-492464.3
-491116.9
-489893.3
-489728.3
-488944.6
-488779.6
-488999.6
-487927.2
-487487.2
-487143.5
-487143.5
-485232.4
-485974.9
-485521.2
-484957.5
-483610.1
-481712.8
-483720.1
-482840.2
-481039.1
-482551.5
-479966.7
-479251.8
-479416.8
-477945.6
-478619.3
-477835.7
-477835.7
-476337.0
-476103.3
-475264.6
-474261.0
-474755.9
-474137.3
-472349.9
-471167.5
-470837.6
-469998.9
-468926.5
-468926.5
-468252.8
-467139.2
-466905.4
-465901.8
-465338.1
-463495.8
-464389.4
-464389.4
-461928.4
-462258.4
-461584.7
-460127.3
-459357.4
-459728.6
-458725.0
-458051.3
-456593.9
-458505.0
-454132.9
-455824.0
-453802.9
-453225.5
-451781.9
-451891.9
-450104.6
-450764.5
-448303.5
-449252.1
-445553.7
-446901.1
-446062.4
-444385.1
-442804.0
-442982.7
-443092.7
-441745.3
-440741.7
-439160.6
-438830.6
-437483.3
-437992.0
-436754.6
-438885.6
-434348.6
-433784.9
-433441.1
-432451.2
-430760.1
-430650.2
-430306.4
-428959.1
-428862.8
-427391.7
-426718.0
-424820.7
-423308.4
-423088.4
-422071.0
-421342.3
-419774.9
-419445.0
-417203.9
-418138.9
-416021.6
-415127.9
-414454.2
-413780.5
-412254.4
-411415.7
-410975.8
-410467.1
-409009.7
-407497.4
-408102.3
-406988.7
-405655.0
-404307.7
-403015.3
-400719.3
-400829.3
-400994.2
-399206.9
-397405.8
-397405.8
-396072.2
-394051.1
-394051.1
-392923.8
-391466.4
-389679.1
-389679.1
-388098.0
-383959.6
-386365.6
-385472.0
-383615.9
-382612.2
-381704.8
-380426.2
-378968.8
-378295.2
-377965.2
-376384.1
-375820.4
-374143.0
-372465.7
-371682.0
-370788.4
-368822.3
-367364.9
-367873.6
-365852.6
-365742.6
-364738.9
-362374.2
-361370.5
-361700.5
-360146.9
-357562.1
-358895.8
-356036.0
-355252.4
-353698.7
-351773.9
-351334.0
-348818.0
-348928.0
-347814.3
-344157.2
-345064.6
-344885.8
-342534.8
-342754.8
-340857.5
-339840.1
-337489.0
-336265.4
-335193.0
-335083.0
-331604.6
-331604.6
-329927.3
-330422.2
-328359.9
-326338.9
-326173.9
-325156.5
-325101.5
-323149.2
-321114.4
-319945.7
-318268.4
-318103.4
-316137.3
-313786.3
-313442.6
-312878.9
-311091.6
-309854.2
-308740.5
-307228.2
-305990.8
-304643.4
-303241.1
-303694.8
-300670.1
-299776.4
-299034.0
-297576.6
-295899.3
-294881.9
-293438.2
-292874.6
-292310.9
-288832.4
-289684.9
-288337.5
-286701.4
-285092.8
-284515.4
-282673.0
-280871.9
-279703.3
-277847.2
-277407.3
-274712.5
-274492.6
-272141.5
-272141.5
-269790.5
-268608.1
-268608.1
-267645.7
-265913.4
-263548.6
-262723.7
-262036.2
-261197.6
-259066.5
-257842.9
-255491.9
-254034.5
-253924.5
-252068.4
-251051.0
-250377.4
-248026.3
-247751.4
-246239.0
-244671.7
-243489.3
-240904.5
-240739.5
-239804.6
-238113.5
-236436.2
-234745.1
-234291.4
-232737.8
-231156.7
-230153.0
-228352.0
-227857.0
-226399.6
-225162.3
-223814.9
-221917.6
-220845.2
-219951.5
-218040.4
-217545.5
-216198.1
-214685.8
-214850.7
-212486.0
-211152.4
-209915.0
-208512.6
-206505.3
-206381.6
-204374.2
-202009.5
-200675.9
-199713.4
-198599.8
-197596.1
-195575.1
-195066.4
-193320.3
-192756.6
-191079.3
-190529.3
-186940.9
-187999.6
-185318.6
-184466.1
-183242.5
-182733.8
-180657.8
-179200.4
-177523.1
-176519.4
-175447.0
-174663.3
-172532.3
-171693.6
-170566.2
-170126.3
-166194.1
-166757.8
-164736.8
-162825.7
-161725.8
-160763.4
-159636.0
-158962.3
-156721.3
-155552.7
-153751.6
-153751.6
-152582.9
-150671.9
-147413.4
-148540.8
-146863.5
-145846.1
-145062.4
-144333.7
-141474.0
-140140.4
-139466.7
-139466.7
-137060.7
-135204.6
-134077.2
-132221.1
-132564.9
-130323.8
-128536.5
-128646.5
-126625.4
-125168.1
-122762.0
-123092.0
-121070.9
-119737.3
-118609.9
-119957.3
-116973.8
-114966.5
-114457.8
-112106.8
-112106.8
-111213.1
-109412.1
-108078.4
-107858.5
-104545.0
-103651.4
-101520.3
-102015.3
-100227.9
-100337.9
-99059.3
-98151.9
-95965.8
-94288.5
-94728.5
-91937.5
-90480.1
-90480.1
-89242.7
-88844.0
-86438.0
-84746.9
-84746.9
-83523.3
-81282.2
-82175.9
-79371.2
-79206.2
-77858.8
-76800.2
-75562.8
-74669.1
-73156.8
-72593.1
-71479.4
-69059.7
-68276.0
-66598.6
-66708.6
-64178.9
-64013.9
-62556.5
-60879.2
-61209.2
-59710.6
-58693.1
-56905.8
-55379.7
-55723.4
-52698.7
-53537.4
-52423.7
-49729.0
-50402.7
-49330.3
-47433.0
-46415.6
-45411.9
-45741.9
-42318.5
-43390.9
-41149.8
-41314.8
-40531.1
-38400.1
-37451.4
-35100.4
-35100.4
-34303.0
-34481.7
-32185.7
-30714.6
-30384.6
-28707.3
-28597.3
-26507.5
-25627.6
-25448.8
-23771.5
-23840.2
-21750.4
-20966.7
-20636.8
-18285.8
-19619.4
-18052.0
-16031.0
-15357.3
-14243.6
-12332.6
-12621.3
-12841.3
-10655.2
-9417.9
-8702.9
-9087.9
-7410.5
-6228.2
-4880.8
-3368.4
-3932.1
-2474.8
-2474.8
-563.7
824.9
1223.6
1223.6
3079.7
3863.4
4482.1
6489.4
6379.4
8070.5
8400.4
8964.1
9624.1
10751.5
11260.2
12717.5
13446.2
14229.9
14793.6
15976.0
16869.6
17942.0
17763.3
18203.3
19385.7
20843.0
21283.0
20898.0
23702.7
22699.1
23922.7
24651.4
26851.2
26397.5
28253.6
27236.2
29147.2
29023.5
29930.9
31773.2
31883.2
31938.2
34289.2
34069.2
34413.0
34852.9
34742.9
36709.0
37822.6
36819.0
37946.4
40627.4
37437.7
40118.7
40297.4
41301.1
43995.8
41411.0
43088.4
43432.1
43775.8
44559.5
45068.2
45838.1
46690.5
47584.2
46236.8
49261.5
49261.5
49261.5
50155.2
51268.9
49935.2
52066.3
51557.6
53124.9
52959.9
54307.3
53757.4
54087.3
54857.3
54362.3
55764.7
56438.4
56947.1
58170.7
58280.7
59353.1
59133.1
60301.7
60191.8
59696.8
61085.4
62199.1
61374.1
62157.8
62487.8
62157.8
63395.2
63051.5
62941.5
63890.2
63725.2
64962.6
64962.6
65966.2
67244.8
66254.9
67024.9
68207.2
66639.9
69210.9
68152.2
67698.5
67368.6
69609.6
70049.6
69609.6
70847.0
70503.3
70847.0
71740.7
71520.7
70393.3
71740.7
71740.7
71465.7
71177.0
72964.3
72799.3
72909.3
74256.7
73871.7
73418.0
73761.7
74655.4
74545.4
73816.7
75494.0
73981.7
74655.4
75109.1
75425.3
75549.0
75714.0
75714.0
77350.1
75109.1
75989.0
77171.4
76607.7
75109.1
76442.7
76222.7
76057.7
75714.0
77913.8
75604.0
76387.7
77405.1
78408.8
77350.1
77006.4
77116.4
76951.4
77858.8
77061.4
77858.8
76951.4
78120.0
77336.4
75659.0
77790.1
77790.1
77625.1
77515.1
77625.1
77405.1
78408.8
78078.8
77735.1
77061.4
76841.4
77405.1
76896.4
76896.4
75659.0
77350.1
77006.4
76841.4
76607.7
76497.7
76167.7
75824.0
76497.7
75934.0
75659.0
75714.0
76277.7
74930.4
74820.4
75659.0
74490.4
74490.4
73981.7
74091.7
74256.7
74325.4
73418.0
73253.0
74036.7
72290.6
71575.7
72125.6
71286.9
71286.9
70902.0
70283.3
71630.7
70943.2
71177.0
69210.9
70668.3
70228.3
68715.9
69719.6
67533.6
68660.9
67533.6
66859.9
67753.5
66969.9
67024.9
66241.2
65402.5
65402.5
65581.2
64838.8
65182.5
62996.5
64563.8
63326.5
61360.4
60810.4
62322.8
62102.8
61085.4
60136.8
61140.4
60810.4
60246.8
59133.1
59463.1
58225.7
57387.0
57387.0
56892.1
55764.7
56218.4
54527.3
55434.7
54362.3
53977.3
52740.0
52905.0
52451.2
51557.6
51007.6
50897.6
50045.2
48697.9
50718.9
48587.9
48367.9
46511.8
46181.8
47639.2
44325.8
47130.5
45288.2
43707.1
45123.2
42414.7
42428.5
41424.8
41644.8
38386.3
39733.7
39060.0
38895.0
38785.0
37258.9
37822.6
36365.3
35196.6
34069.2
32790.6
34179.2
32721.9
31718.2
32061.9
30810.8
30645.8
29422.2
28404.8
28748.5
27167.4
26507.5
26837.4
24995.1
24101.5
24926.4
23372.8
21448.0
20623.0
20623.0
19605.6
18712.0
18258.3
16924.6
16250.9
17089.6
15577.3
13899.9
13721.2
12593.8
12318.8
11823.9
10820.2
9459.1
8909.1
9514.1
7108.1
6778.1
6104.4
4867.0
3629.7
4647.1
2062.3
1718.6
1622.3
-1966.1
549.9
-687.4
-2708.5
-3932.1
-3932.1
-4770.8
-5994.4
-7355.5
-7231.8
-8964.1
-9527.8
-11108.9
-10944.0
-11947.6
-14862.3
-13405.0
-15082.3
-15921.0
-17048.4
-17103.4
-19234.4
-21241.7
-21750.4
-20980.5
-23840.2
-23441.5
-25572.6
-24060.2
-26961.2
-27469.9
-26919.9
-29490.9
-30659.6
-32240.7
-30549.6
-33629.3
-34316.7
-35815.3
-35939.1
-37561.4
-37616.4
-38400.1
-39912.4
-41259.8
-43170.9
-43610.8
-44298.3
-46470.6
-47034.3
-46814.3
-48436.6
-49784.0
-50279.0
-52190.0
-52135.0
-53427.4
-54431.1
-55104.7
-56782.1
-56905.8
-58583.2
-60150.5
-61497.9
-61717.9
-62515.3
-64302.6
-63628.9
-67162.3
-66584.9
-66983.6
-70572.0
-69238.4
-71575.7
-72923.0
-73720.5
-74105.4
-75562.8
-77583.8
-77693.8
-78188.8
-80787.3
-81667.2
-81158.5
-82849.6
-83812.0
-84087.0
-87001.7
-88005.4
-89132.7
-90521.4
-91030.1
-93161.1
-93834.8
-94618.5
-95017.2
-96199.6
-97423.2
-98096.9
-100681.6
-100337.9
-102235.2
-103472.6
-104655.0
-106222.4
-107349.8
-107858.5
-108972.1
-110305.7
-111213.1
-113234.2
-113069.2
-114966.5
-115983.9
-116547.6
-118554.9
-118774.9
-119792.3
-121799.6
-123257.0
-123037.0
-125223.1
-125676.8
-127697.8
-127697.8
-129485.1
-130612.5
-131726.2
-133073.6
-133747.2
-136771.9
-136771.9
-137775.6
-139288.0
-139741.7
-140704.1
-142711.4
-143838.8
-145859.8
-144732.4
-147138.5
-146643.5
-149888.2
-150561.9
-152019.2
-154425.3
-154769.0
-155662.6
-156845.0
-158756.1
-158921.1
-160089.7
-161657.1
-161835.8
-162839.5
-165630.4
-166359.1
-167940.2
-169108.9
-170580.0
-172078.6
-170456.2
-173824.7
-174828.3
-176175.7
-178251.7
-177963.0
-179874.1
-180547.8
-181551.4
-184136.2
-184136.2
-185923.5
-186432.2
-187889.6
-188907.0
-189855.6
-191203.0
-192715.4
-193265.3
-195341.4
-195795.1
-196468.8
-197802.4
-199383.5
-200112.2
-202463.2
-203480.6
-205487.9
-205597.9
-206835.3
-207385.2
-208966.3
-209310.0
-211317.3
-215249.5
-213063.4
-215304.5
-216143.1
-216926.8
-217765.5
-220281.5
-220501.5
-223196.2
-223196.2
-224502.3
-226165.9
-226729.6
-228585.7
-229933.1
-229534.3
-231555.4
-232792.8
-233122.8
-234800.1
-235418.8
-237659.8
-238113.5
-239460.9
-239914.6
-240464.6
-243255.5
-243819.2
-245675.3
-245909.0
-247476.4
-249263.7
-250267.4
-251119.8
-251573.5
-253635.8
-254089.5
-254543.2
-255711.8
-258062.9
-259520.2
-259973.9
-261431.3
-262270.0
-262490.0
-265129.7
-263892.3
-265913.4
-266765.8
-268883.1
-269336.8
-270175.5
-271522.8
-272691.5
-273928.9
-276609.9
-275949.9
-277063.6
-278245.9
-279249.6
-280267.0
-281889.4
-282453.0
-284474.1
-285917.7
-285862.7
-286646.4
-287883.8
-288887.4
-289451.1
-292310.9
-292654.6
-292984.5
-294675.6
-296133.0
-297081.7
-298484.0
-299721.4
-299542.7
-300216.4
-303516.0
-303406.0
-304423.5
-305427.1
-306430.8
-307159.4
-308506.8
-309854.2
-310197.9
-311091.6
-311091.6
-313167.6
-314515.0
-315353.7
-316811.0
-316976.0
-318103.4
-318667.1
-319327.0
-320798.1
-322860.4
-323149.2
-323369.1
-324881.5
-326558.8
-327906.2
-328524.9
-329088.6
-330092.3
-332223.3
-333240.7
-333172.0
-332278.3
-334808.1
-336471.6
-337434.1
-337544.0
-339125.1
-340128.8
-340115.0
-341929.9
-342424.8
-342644.8
-344487.1
-345504.5
-346686.9
-346398.2
-347855.6
-348034.3
-349147.9
-351444.0
-352117.7
-352447.6
-353630.0
-354523.7
-354812.4
-356489.7
-356613.5
-357617.1
-357493.4
-360146.9
-361136.8
-360573.1
-363102.9
-362209.2
-363776.5
-364450.2
-364670.2
-366182.6
-366512.5
-368258.6
-368492.3
-368932.3
-369606.0
-371627.0
-371352.1
-371737.0
-373194.4
-373359.4
-374486.8
-376109.1
-376947.8
-376054.1
-378405.1
-378625.1
-380027.5
-379862.5
-381099.9
-381264.9
-383065.9
-381704.8
-385018.3
-384908.3
-385746.9
-385746.9
-387039.3
-388551.7
-387768.0
-388771.7
-389789.1
-389005.4
-390339.0
-391700.1
-392703.8
-391356.4
-395728.5
-392648.8
-394216.1
-395219.8
-395673.5
-396842.1
-397859.5
-397639.6
-399646.9
-398299.5
-400210.6
-399151.9
-400155.6
-401338.0
-402231.6
-403290.3
-403909.0
-404142.7
-403964.0
-404761.4
-406095.0
-407277.4
-407497.4
-406150.0
-407731.1
-409174.7
-407786.1
-408226.0
-409573.4
-410700.8
-410865.8
-411539.5
-412763.1
-412763.1
-412199.4
-415347.9
-413560.5
-414344.2
-415856.6
-416076.5
-418138.9
-415059.1
-417313.9
-417313.9
-417313.9
-419266.2
-418427.6
-419101.3
-420269.9
-419486.2
-421507.3
-421287.3
-421177.3
-422359.7
-422799.7
-422359.7
-423858.3
-424092.0
-424092.0
-424765.7
-424587.0
-425205.7
-426223.1
-425893.1
-426003.1
-426553.0
-427391.7
-427735.4
-427556.7
-427790.4
-428807.8
-429577.8
-429247.8
-429921.5
-428464.1
-429632.8
-431832.5
-431035.1
-431378.8
-429467.8
-432162.5
-432602.5
-432492.5
-432492.5
-433729.9
-433001.2
-433839.9
-433729.9
-433564.9
-432891.2
-434692.3
-434293.6
-434403.5
-434733.5
-435077.2
-433564.9
-436355.9
-435695.9
-436369.6
-436589.6
-435517.2
-436534.6
-436424.6
-436424.6
-436754.6
-437483.3
-437208.3
-436974.6
-437318.3
-437538.2
-436355.9
-437538.2
-438555.7
-438720.6
-437827.0
-438047.0
-439504.3
-438376.9
-438225.7
-438335.7
-440013.0
-438555.7
-439449.3
-439270.6
-438940.6
-439160.6
-438335.7
-437772.0
-438266.9
-438266.9
-439160.6
-439779.3
-439105.6
-438775.6
-439669.3
-438596.9
-439504.3
-439050.6
-439229.3
-438885.6
-438596.9
-437827.0
-438500.7
-439339.3
-438555.7
-438047.0
-439105.6
-438665.6
-438486.9
-438390.7
-438596.9
-438541.9
-438225.7
-437717.0
-436135.9
-437772.0
-437662.0
-437098.3
-436768.3
-436864.6
-438335.7
-435737.2
-436534.6
-436190.9
-435421.0
-436644.6
-435132.2
-435022.2
-435187.2
-436534.6
-434128.6
-434857.3
-434513.5
-434857.3
-434073.6
-434128.6
-435008.5
-433221.2
-433386.1
-433276.2
-434967.2
-431268.8
-432052.5
-431213.9
-432093.8
-428807.8
-431090.1
-430306.4
-430815.1
-431268.8
-430196.5
-430196.5
-429302.8
-429137.8
-428574.1
-427955.4
-429591.5
-428464.1
-426443.1
-426443.1
-427116.7
-426498.1
-426388.1
-425879.4
-425659.4
-424875.7
-425439.4
-424312.0
-424477.0
-424820.7
-424875.7
-423129.6
-422016.0
-422016.0
-421108.6
-421232.3
-421796.0
-419884.9
-420049.9
-418702.5
-420118.7
-418592.6
-418702.5
-418042.6
-417039.0
-416186.5
-416351.5
-415224.1
-415567.8
-414234.2
-415911.6
-413051.8
-414729.2
-412199.4
-411319.5
-412543.1
-410082.1
-410522.1
-410192.1
-408844.7
-409463.4
-408281.0
-406493.7
-407841.1
-407387.4
-405806.3
-405930.0
-405036.4
-404362.7
-404816.4
-403015.3
-403125.3
-402107.9
-401447.9
-402011.6
-399358.1
-399536.9
-398423.2
-399096.9
-397295.8
-397405.8
-396058.5
-395164.8
-395494.8
-394381.1
-392373.8
-394381.1
-392250.1
-391067.7
-390847.7
-390682.7
-390572.7
-388441.7
-388606.7
-387933.0
-387589.3
-386530.6
-386860.6
-384344.6
-384344.6
-382832.2
-382103.5
-381429.9
-381938.6
-381388.6
-378625.1
-377676.5
-377126.5
-376439.1
-376109.1
-376672.8
-373923.1
-374033.1
-373524.4
-373084.4
-370224.7
-371957.0
-370389.7
-369716.0
-369949.7
-367694.9
-367529.9
-366526.3
-364848.9
-365412.6
-364340.2
-363226.6
-362662.9
-360971.8
-361755.5
-358455.8
-358964.5
-358277.1
-357438.4
-355761.1
-354523.7
-355087.4
-353863.7
-352337.6
-351004.0
-350605.3
-348859.2
-349422.9
-348254.3
-347360.6
-345834.5
-345958.2
-344390.9
-344212.2
-342094.9
-341929.9
-341366.2
-339785.1
-338946.4
-338836.4
-337709.0
-335646.7
-335743.0
-334230.6
-333556.9
-332388.3
-332498.3
-331384.6
-330367.2
-328799.9
-329308.6
-326792.6
-326228.9
-325376.5
-323135.4
-322585.5
-322406.7
-320619.4
-320454.4
-318983.3
-317264.7
-317869.7
-316192.3
-315683.6
-313662.6
-313332.6
-311710.3
-311490.3
-310816.6
-309015.5
-307448.2
-307901.9
-305757.1
-305097.1
-304299.7
-303804.8
-302512.4
-301838.7
-301000.0
-299102.7
-299597.7
-297466.6
-296902.9
-295225.6
-293768.2
-293149.5
-291032.2
-291925.9
-290743.5
-288612.5
-287553.8
-286880.1
-285409.0
-284914.1
-284914.1
-280542.0
-281559.4
-281325.7
-278974.6
-277847.2
-277462.3
-276609.9
-274602.5
-274093.8
-272870.2
-270725.4
-270395.4
-269048.1
-268553.1
-267989.4
-264277.3
-265074.7
-263617.3
-262599.9
-262270.0
-260936.4
-258791.6
-258021.6
-257512.9
-255038.2
-255588.1
-254543.2
-252068.4
-250391.1
-249703.7
-249140.0
-247297.7
-246294.0
-245290.3
-245634.1
-243255.5
-243214.3
-240973.3
-238113.5
-238677.2
-238498.5
-235418.8
-235088.8
-234071.4
-234855.1
-231486.7
-230991.7
-228970.7
-227967.0
-227073.3
-227018.3
-225616.0
-224268.6
-223251.2
-222357.5
-219442.8
-219167.8
-217710.5
-217201.8
-216528.1
-214122.1
-214177.1
-212609.7
-211771.0
-209640.0
-208512.6
-208182.6
-206835.3
-205487.9
-203466.8
-201789.5
-201115.8
-200675.9
-200002.2
-197981.1
-196743.7
-196413.8
-194956.4
-194282.7
-191478.0
-192536.6
-190185.6
-186817.2
-188343.3
-186652.2
-184974.8
-185263.6
-182678.8
-182513.8
-181166.5
-179379.1
-179255.4
-178031.8
-175845.7
-174278.4
-173206.0
-173261.0
-172023.6
-169507.6
-169273.8
-170126.3
-165245.5
-164008.1
-165025.5
-162880.7
-163114.4
-160708.4
-159251.1
-159086.1
-157065.0
-157505.0
-155208.9
-153311.6
-152802.9
-151675.5
-151909.3
-149558.2
-148320.8
-146134.8
-146794.7
-144608.7
-144388.7
-142711.4
-142037.7
-138779.3
-140415.4
-138669.3
-136771.9
-134242.2
-134022.2
-133692.2
-130488.8
-130832.5
-129320.2
-128192.8
-127519.1
-126735.4
-125621.8
-123092.0
-123655.7
-122762.0
-120067.3
-119063.6
-118719.9
-117716.3
-114059.1
-115695.2
-112326.8
-112670.5
-111323.1
-111831.8
-109865.8
-107624.7
-107294.8
-105053.7
-104833.7
-103981.3
-102084.0
-101066.6
-100282.9
-100337.9
-98275.6
-95800.9
-96130.8
-94109.8
-94453.5
-93834.8
-92047.5
-90535.1
-89077.8
-88280.3
-86933.0
-85145.6
-85310.6
-83633.3
-82959.6
-80938.5
-80952.3
-80443.6
-77858.8
-77927.6
-74614.1
-74050.4
-74559.1
-73665.5
-72029.4
-71685.7
-69568.4
-68564.7
-67093.6
-65870.0
-65650.0
-65196.3
-63848.9
-61827.9
-60260.5
-60535.5
-58528.2
-58363.2
-57359.5
-56905.8
-55269.7
-53592.4
-53248.7
-50004.0
-52410.0
-49055.3
-47817.9
-47817.9
-46580.6
-45123.2
-44903.2
-44573.2
-43555.8
-41878.5
-41204.8
-39912.4
-38908.8
-38235.1
-38125.1
-33918.0
-35485.4
-34371.7
-33189.3
-32625.6
-31677.0
-30494.6
-29271.0
-28418.5
-27978.6
-25228.8
-24445.2
-24898.9
-23551.5
-23097.8
-22712.8
-20966.7
-18945.7
-18945.7
-18505.7
-17103.4
-15192.3
-15536.0
-14188.6
-12951.3
-12332.6
-11328.9
-11562.6
-9197.9
-9417.9
-5059.5
-8634.2
-5829.4
-4825.8
-4262.1
-2818.5
-2969.7
-2419.8
-742.4
948.7
1952.3
2186.0
2516.0
3519.7
4083.4
6998.1
4427.1
6448.1
7108.1
9129.1
6998.1
9857.8
10875.2
11713.9
11260.2
12593.8
14408.6
15068.6
16415.9
16635.9
18478.2
17543.3
18876.9
18876.9
20678.0
20169.3
21516.7
21186.7
24211.4
24101.5
24651.4
25215.1
26232.5
26053.8
26947.4
29147.2
28349.8
29710.9
29875.9
30205.9
31374.5
32281.9
33725.5
33395.6
34866.7
36695.2
35086.7
37547.7
37877.6
36764.0
39225.0
38551.3
39678.7
40861.1
41644.8
41191.1
42084.7
42978.4
44325.8
44105.8
44270.8
44889.5
46676.8
46346.8
47020.5
49027.8
47694.2
49481.5
49660.3
50883.9
50718.9
51887.5
52561.2
51227.6
53248.7
54087.3
54472.3
54032.3
54857.3
55654.7
56328.4
57717.0
57497.0
58005.7
58789.4
58844.4
59243.1
59243.1
60920.4
60466.7
62776.5
61360.4
62707.8
62212.8
62102.8
63890.2
63835.2
64055.1
66076.2
65182.5
65581.2
67024.9
66694.9
66529.9
67643.5
68372.2
68715.9
69719.6
69210.9
69884.6
69774.6
71122.0
71465.7
71960.6
72400.6
70049.6
72524.3
73308.0
72799.3
73473.0
73143.0
74875.4
75439.1
74765.4
75109.1
74545.4
75109.1
76332.7
75824.0
76731.4
77061.4
77006.4
76442.7
76951.4
76951.4
78463.8
78408.8
78408.8
78903.7
79247.4
79027.5
78298.8
79646.2
79976.1
80649.8
79591.2
80429.8
79412.4
81942.2
81268.5
82107.2
81433.5
81763.4
82272.1
81818.4
82107.2
82890.8
82560.9
82725.9
82492.1
83234.6
81818.4
83055.8
83894.5
83674.5
83798.3
84348.2
83564.5
83234.6
83798.3
82670.9
84128.2
83894.5
82560.9
84348.2
82945.8
84183.2
84293.2
85131.9
84018.2
84911.9
84623.2
84293.2
85819.3
84911.9
82382.1
85076.9
83839.5
84678.2
83564.5
85475.6
84623.2
84183.2
84513.2
84513.2
84911.9
84568.2
84238.2
85076.9
84623.2
82945.8
83619.5
84183.2
83839.5
82835.8
85475.6
83509.5
83399.5
83564.5
82890.8
83234.6
82615.9
82052.2
83055.8
82272.1
84073.2
82835.8
83179.6
82162.2
80938.5
82382.1
81433.5
80993.5
81158.5
81942.2
80993.5
80319.8
80539.8
80869.8
79302.4
80154.9
80759.8
78628.7
78972.5
79522.4
75934.0
78353.8
78683.7
77350.1
77680.1
78738.7
76387.7
76951.4
76442.7
75769.0
76222.7
76222.7
75329.1
75659.0
74765.4
73981.7
75329.1
75769.0
73418.0
73418.0
74545.4
72510.6
72854.3
72689.3
72469.3
71740.7
70393.3
71286.9
69939.6
70173.3
70902.0
68770.9
68990.9
67987.3
68207.2
66694.9
68606.0
67918.5
65581.2
66021.2
63601.4
64288.9
64962.6
63601.4
63835.2
61649.1
63161.5
63051.5
61704.1
60466.7
61360.4
59861.8
59518.1
60191.8
59628.1
60246.8
57387.0
57057.1
56727.1
56383.4
54087.3
54307.3
54087.3
54417.3
53977.3
53523.6
51887.5
52231.3
51736.3
51062.6
50443.9
49371.5
48807.8
49316.5
47969.2
48477.9
47639.2
46635.5
45288.2
46058.1
43143.4
43088.4
43652.1
43143.4
42923.4
39788.7
41191.1
41301.1
40118.7
38785.0
38111.4
37094.0
36530.3
36874.0
35196.6
35870.3
33849.3
33065.6
32900.6
31993.2
31938.2
31099.5
30989.5
29477.2
29257.2
28294.8
28583.5
26892.4
26562.5
24651.4
23262.8
25503.8
23592.7
23757.7
21516.7
21846.7
20733.0
19839.4
18492.0
18492.0
17089.6
17378.3
16250.9
15577.3
14463.6
14284.9
13446.2
13212.5
11205.2
12552.6
10641.5
8455.4
8689.2
7836.8
7273.1
6998.1
4922.0
4922.0
3918.4
2117.3
1952.3
769.9
659.9
-838.7
-1072.4
-3079.7
-2144.8
-3258.4
-3932.1
-4825.8
-5884.4
-7410.5
-8194.2
-8029.2
-9362.9
-10380.3
-11163.9
-12167.6
-14009.9
-13350.0
-14862.3
-15536.0
-16759.7
-17433.3
-19124.4
-17392.1
-20361.8
-21131.7
-21640.4
-23881.5
-24390.2
-24390.2
-26301.2
-25627.6
-27978.6
-27469.9
-29380.9
-30150.9
-30494.6
-32185.7
-34193.0
-33244.3
-35141.6
-35141.6
-37052.7
-37286.4
-38908.8
-40132.4
-39967.4
-42208.5
-41493.5
-44174.5
-43500.8
-45865.6
-46759.3
-47089.3
-47762.9
-48326.6
-50347.7
-52698.7
-51282.6
-52863.7
-52753.7
-55283.5
-55723.4
-58019.5
-58294.4
-57964.5
-60150.5
-59023.1
-63903.9
-63848.9
-64302.6
-64302.6
-65196.3
-67272.3
-67657.3
-68441.0
-69953.3
-70407.0
-72029.4
-72648.1
-74435.4
-76126.5
-75232.8
-77927.6
-77528.9
-79549.9
-79714.9
-80718.5
-82395.9
-84142.0
-83358.3
-85544.3
-86218.0
-87166.7
-89627.7
-88734.0
-91593.8
-91030.1
-93326.1
-92611.2
-93834.8
-95182.2
-96185.8
-97258.2
-98440.6
-99444.3
-99609.2
-100282.9
-103417.6
-103417.6
-104545.0
-107569.7
-106676.1
-107349.8
-107569.7
-109810.8
-110319.5
-112670.5
-111543.1
-113962.9
-114512.8
-116533.9
-117097.6
-117427.5
-119173.6
-120067.3
-121070.9
-121070.9
-124439.4
-125223.1
-125786.7
-127642.8
-128082.8
-128371.5
-130323.8
-130997.5
-131671.2
-133472.3
-134255.9
-135190.8
-136662.0
-138160.6
-138394.3
-140415.4
-140030.4
-141377.8
-143385.1
-144732.4
-145461.1
-144897.4
-147248.4
-147578.4
-148595.8
-150781.9
-150396.9
-153187.9
-153366.6
-153806.6
-155552.7
-157560.0
-156886.3
-159759.8
-160309.7
-159746.0
-160983.4
-163444.4
-163458.2
-163458.2
-167610.3
-166537.9
-167995.2
-168998.9
-169342.6
-173206.0
-172188.6
-173879.7
-173714.7
-174608.3
-178526.7
-176395.7
-179434.1
-179434.1
-180437.8
-181895.1
-182238.9
-182225.1
-183751.2
-186088.5
-187490.9
-188453.3
-188673.2
-189690.6
-191478.0
-192261.7
-192151.7
-193609.0
-195795.1
-196688.7
-197032.4
-198531.1
-199768.4
-200112.2
-201115.8
-202064.5
-202009.5
-204154.3
-205157.9
-206161.6
-208237.6
-208567.6
-209585.0
-211427.3
-211427.3
-214685.8
-213558.4
-214685.8
-216198.1
-216748.1
-216088.1
-219112.8
-219662.8
-221010.2
-222027.6
-221133.9
-224667.3
-225217.3
-226743.4
-225836.0
-228407.0
-228310.7
-229878.1
-230716.7
-232614.1
-233466.5
-232902.8
-234360.1
-235198.8
-236326.2
-238498.5
-238278.5
-240299.6
-240464.6
-241248.2
-242719.3
-242595.6
-246294.0
-246129.0
-246129.0
-247751.4
-246912.7
-249717.4
-250391.1
-251174.8
-252508.4
-252962.1
-255093.2
-254433.2
-257004.2
-255313.1
-257897.9
-257677.9
-258681.6
-261142.6
-260936.4
-261046.3
-263727.3
-263906.1
-264676.0
-266257.1
-266752.0
-267989.4
-268319.4
-269336.8
-269611.8
-270629.2
-272856.5
-272526.5
-274327.6
-274382.6
-275619.9
-276513.6
-276664.9
-278589.7
-278026.0
-279758.3
-280871.9
-282549.3
-283676.7
-283058.0
-283346.7
-285367.8
-285367.8
-286715.1
-285862.7
-288117.5
-288901.2
-289231.2
-290908.5
-291472.2
-292530.8
-293328.3
-292819.6
-295968.0
-295390.6
-296188.0
-297865.3
-297700.3
-299267.7
-300436.3
-300615.1
-302182.4
-300835.0
-302636.1
-302691.1
-304244.7
-306155.8
-305647.1
-307668.1
-307159.4
-309194.2
-308726.8
-309414.2
-310747.8
-313043.9
-310582.9
-312040.2
-312713.9
-314625.0
-316137.3
-316357.3
-317374.7
-317539.7
-316412.3
-318928.3
-318598.3
-319835.7
-321348.1
-321348.1
-322585.5
-322860.4
-323314.1
-323149.2
-325266.5
-324812.8
-326558.8
-327782.5
-327452.5
-328236.2
-329597.3
-328909.9
-329033.6
-331893.3
-331205.9
-331260.9
-333007.0
-334354.3
-333336.9
-333556.9
-337709.0
-336306.7
-336306.7
-337489.0
-338052.7
-338836.4
-337709.0
-339620.1
-339785.1
-340458.8
-341366.2
-341751.1
-342424.8
-341916.1
-342479.8
-343593.5
-344280.9
-345064.6
-345380.8
-345504.5
-346123.2
-347360.6
-347470.6
-349312.9
-348639.2
-348914.2
-348804.2
-349711.6
-350385.3
-351718.9
-352846.3
-351499.0
-352392.6
-352392.6
-353520.0
-355651.1
-353135.1
-354812.4
-354647.4
-355761.1
-357328.4
-356269.8
-356929.7
-356764.7
-358222.1
-358730.8
-359803.2
-359913.2
-359239.5
-360243.1
-359858.2
-361370.5
-362044.2
-361700.5
-361480.5
-362374.2
-363377.8
-363391.6
-363047.9
-363721.5
-365178.9
-364505.2
-364725.2
-366072.6
-365632.6
-365742.6
-366581.3
-366911.2
-366072.6
-367200.0
-369936.0
-367763.7
-368547.3
-368368.6
-367694.9
-369936.0
-369276.0
-370733.4
-369386.0
-369716.0
-371352.1
-370499.6
-371173.3
-370664.6
-372122.0
-372190.7
-372740.7
-372410.7
-372410.7
-372520.7
-373579.4
-372355.7
-373029.4
-373029.4
-374376.8
-373868.1
-374033.1
-374266.8
-375270.4
-375270.4
-372740.7
-376164.1
-374486.8
-375834.1
-375724.1
-375270.4
-376672.8
-376439.1
-375270.4
-375380.4
-378625.1
-377346.5
-376782.8
-377126.5
-378570.1
-377511.5
-376727.8
-377181.5
-376494.1
-377181.5
-378075.2
-378171.4
-377511.5
-377855.2
-377855.2
-378625.1
-376892.8
-378460.1
-377621.5
-378185.2
-378350.1
-379078.8
-378185.2
-377676.5
-378680.1
-377236.5
-378295.2
-378405.1
-378240.2
-378240.2
-378350.1
-378735.1
-378295.2
-378638.9
-377965.2
-379477.5
-378061.4
-376727.8
-377745.2
-377965.2
-376672.8
-377456.5
-377676.5
-377511.5
-376947.8
-377236.5
-377346.5
-376439.1
-377621.5
-377291.5
-376109.1
-377676.5
-376892.8
-375545.4
-377896.4
-376109.1
-376164.1
-376274.1
-376274.1
-375930.4
-374706.7
-375435.4
-374995.5
-375160.5
-375490.4
-374995.5
-374088.1
-373868.1
-374033.1
-373469.4
-374143.0
-373579.4
-373359.4
-373029.4
-373469.4
-372740.7
-373359.4
-372245.7
-372575.7
-371915.8
-371915.8
-372355.7
-371462.1
-371462.1
-370554.6
-371063.3
-370499.6
-369716.0
-369386.0
-369262.3
-368547.3
-368547.3
-368093.6
-367763.7
-365742.6
-367983.6
-366402.5
-365742.6
-366237.6
-366141.3
-365467.6
-366182.6
-364161.5
-364161.5
-364161.5
-364051.5
-362717.9
-362937.9
-363267.8
-362827.9
-362662.9
-361480.5
-360806.8
-360971.8
-360408.1
-360146.9
-359349.5
-359129.5
-358964.5
-358840.8
-356214.8
-358277.1
-357053.4
-356379.7
-355596.1
-357603.4
-353918.7
-355266.1
-354262.4
-353575.0
-351444.0
-353808.7
-352791.3
-353465.0
-351567.7
-352846.3
-349821.6
-349821.6
-349477.9
-348804.2
-348089.3
-347305.6
-347415.6
-347759.3
-345834.5
-347250.6
-345009.6
-345105.8
-344280.9
-344280.9
-342479.8
-342534.8
-341861.1
-341366.2
-341022.5
-340513.8
-338561.4
-340458.8
-338451.5
-337434.1
-337434.1
-337544.0
-336086.7
-335921.7
-334794.3
-336031.7
-333240.7
-333240.7
-333240.7
-331879.6
-331549.6
-330820.9
-329817.3
-329308.6
-328854.9
-327906.2
-328579.9
-326448.8
-326613.8
-325500.2
-324812.8
-323987.8
-323644.1
-322131.8
-322351.7
-320344.4
-320674.4
-320454.4
-319450.8
-319437.0
-318364.6
-317141.0
-316811.0
-315298.7
-315064.9
-315284.9
-313222.6
-312658.9
-312988.9
-311545.3
-309400.5
-311490.3
-309579.2
-307558.2
-308121.8
-306045.8
-306210.8
-305770.8
-304588.4
-304698.4
-302691.1
-303461.0
-301783.7
-300945.0
-300051.4
-298484.0
-298649.0
-298429.0
-297920.3
-295335.6
-296243.0
-294716.9
-294166.9
-292654.6
-293548.2
-291472.2
-290798.5
-288777.4
-288612.5
-288062.5
-286990.1
-287993.8
-284969.1
-284130.4
-283910.4
-283058.0
-282164.3
-281380.7
-281215.7
-279648.3
-276334.9
-278191.0
-277517.3
-276334.9
-274877.5
-274093.8
-274657.5
-272966.5
-271632.8
-269955.5
-268484.4
-269171.8
-268388.1
-266023.4
-266133.4
-265129.7
-264071.1
-264167.3
-263672.3
-262325.0
-261197.6
-259864.0
-258846.6
-258502.8
-258186.6
-256151.8
-255766.8
-254309.5
-254488.2
-252673.4
-252508.4
-251119.8
-250212.4
-249208.7
-247861.3
-246349.0
-245799.0
-244781.6
-243943.0
-243049.3
-242705.6
-241138.2
-240684.5
-238168.5
-238278.5
-238223.5
-237384.8
-236381.2
-235033.8
-233122.8
-234030.2
-231995.4
-230318.0
-230153.0
-227912.0
-228695.7
-226509.6
-225492.2
-224997.3
-223869.9
-222247.5
-221807.6
-220790.2
-219951.5
-219497.8
-218040.4
-217091.8
-216418.1
-216088.1
-214067.1
-212719.7
-212046.0
-212046.0
-209695.0
-209255.0
-209365.0
-206945.3
-205831.6
-206340.3
-203975.5
-203191.9
-203026.9
-200662.1
-198819.8
-198586.1
-197871.1
-197472.4
-195671.3
-195671.3
-193210.3
-192261.7
-192646.6
-191313.0
-189965.6
-189291.9
-186940.9
-187669.6
-185978.5
-184809.9
-183682.5
-183572.5
-181730.2
-180822.7
-179654.1
-179090.4
-177688.0
-175557.0
-173879.7
-174553.3
-173096.0
-172367.3
-171459.9
-170016.3
-169342.6
-168325.2
-167046.6
-166537.9
-165300.5
-163953.1
-163623.1
-161162.1
-161835.8
-159814.8
-157285.0
-158068.7
-155841.4
-156886.3
-154315.3
-153641.6
-153091.6
-149393.2
-150781.9
-150108.2
-148087.1
-147413.4
-146024.8
-144223.7
-142312.7
-142326.4
-140195.4
-140979.0
-140649.1
-139068.0
-137720.6
-137280.7
-135369.6
-135424.6
-134420.9
-133073.6
-132729.8
-128935.2
-129320.2
-128192.8
-127354.1
-126336.7
-126680.4
-122817.0
-123600.7
-122762.0
-120961.0
-119393.6
-120067.3
-119159.9
-116478.9
-115585.2
-115475.2
-116093.9
-113179.2
-112161.8
-111268.1
-108463.4
-108738.4
-107748.5
-107239.8
-105438.7
-105095.0
-103527.6
-102524.0
-102345.2
-99884.2
-100049.2
-97766.9
-97876.9
-95512.1
-94962.2
-95292.2
-92432.4
-91648.8
-91483.8
-89242.7
-90246.4
-88844.0
-87496.7
-86328.0
-86878.0
-83523.3
-82904.6
-81557.2
-81722.2
-81392.2
-76511.4
-78257.5
-77253.9
-77075.1
-75507.8
-75109.1
-73995.4
-72084.4
-71245.7
-71245.7
-70063.3
-68331.0
-68111.0
-66089.9
-65856.2
-66144.9
-62501.5
-62501.5
-60989.2
-59765.5
-59146.9
-59256.8
-57689.5
-56837.1
-55613.4
-55214.7
-54376.1
-52698.7
-52355.0
-51351.3
-49619.0
-49440.3
-48656.6
-47982.9
-46305.6
-46250.6
-43789.6
-42992.1
-41658.5
-40641.1
-42043.5
-40586.1
-40256.2
-39403.7
-36502.8
-36722.7
-34303.0
-34083.0
-33423.1
-32295.7
-31113.3
-31388.3
-29710.9
-28707.3
-27923.6
-27181.2
-27414.9
-25173.8
-24500.2
-22479.1
-22712.8
-21970.4
-20513.0
-20348.1
-18780.7
-19055.7
-17048.4
-16031.0
-15027.3
-15137.3
-14298.6
-12951.3
-12951.3
-10765.2
-11328.9
-8964.1
-8799.2
-6791.9
-7465.5
-5898.2
-7575.5
-4372.1
-3698.4
-4207.1
-2309.8
-1966.1
659.9
-220.0
783.7
1677.3
1952.3
2516.0
3533.4
5045.8
4592.1
6709.4
7726.8
8634.2
8634.2
10421.5
11205.2
11768.9
12772.5
12772.5
13556.2
14573.6
15357.3
16017.2
16360.9
16814.6
19330.7
18547.0
19674.4
20169.3
21406.7
21021.7
22864.1
23427.8
23757.7
24101.5
25490.1
26163.8
27181.2
26837.4
27841.1
29422.2
29312.2
30095.9
30755.8
32886.9
31099.5
32391.9
34179.2
34523.0
34976.7
36159.0
35196.6
36984.0
36984.0
37437.7
40627.4
38331.3
40228.7
39733.7
41081.1
42868.4
41589.8
42593.4
43775.8
44669.5
44559.5
44724.5
45948.1
46965.5
45948.1
49316.5
48697.9
49261.5
50443.9
49096.6
50718.9
50333.9
51667.6
52176.3
52506.2
54087.3
52959.9
54981.0
54637.3
55764.7
57442.0
56328.4
57332.0
58005.7
58789.4
58005.7
58734.4
59861.8
60191.8
60865.4
62212.8
60686.7
61484.1
62487.8
63271.5
63326.5
64453.8
64220.1
65237.5
66144.9
64728.8
65856.2
66186.2
66859.9
67189.8
66144.9
68207.2
69664.6
69829.6
69375.9
70338.3
68935.9
70503.3
70668.3
71685.7
72854.3
71286.9
72304.4
72964.3
72400.6
75659.0
73816.7
74380.4
74036.7
74600.4
76497.7
76112.7
76222.7
75370.3
76731.4
76786.4
77515.1
76167.7
78010.1
77460.1
79027.5
77570.1
77570.1
77913.8
79481.2
80429.8
80031.1
80814.8
79976.1
81543.5
80154.9
82272.1
81268.5
81777.2
81103.5
84073.2
81942.2
83055.8
83564.5
84128.2
83234.6
84059.5
83729.5
83729.5
84746.9
85186.9
84348.2
85241.9
85585.6
84678.2
86589.2
84623.2
84966.9
85475.6
85915.6
86314.3
85296.9
85296.9
85805.6
86823.0
88266.6
86314.3
85420.6
87262.9
86933.0
86878.0
86933.0
87042.9
87372.9
87262.9
89682.7
88156.6
86933.0
87427.9
88335.3
87991.6
87771.6
88445.3
88266.6
87702.9
86878.0
88211.6
87991.6
88321.6
89449.0
86878.0
88211.6
89009.0
89009.0
87757.9
88830.3
87936.6
87826.6
88500.3
87042.9
87152.9
87592.9
87262.9
87757.9
87757.9
87991.6
88390.3
86589.2
86768.0
86204.3
85750.6
86823.0
86259.3
86933.0
86589.2
85475.6
86204.3
86314.3
86149.3
85915.6
85475.6
85076.9
84733.2
86094.3
85076.9
85475.6
85296.9
85186.9
85021.9
85475.6
83798.3
85296.9
82615.9
83949.5
83963.2
84623.2
82492.1
82272.1
82780.9
82890.8
80429.8
83454.5
81873.4
82052.2
82162.2
79302.4
80539.8
80429.8
79921.1
79467.4
79591.2
79577.4
78683.7
78683.7
77790.1
78738.7
77913.8
78023.8
77858.8
77405.1
77350.1
75769.0
76786.4
74600.4
75714.0
75934.0
75494.0
74710.4
74201.7
74201.7
74256.7
73638.0
72964.3
73638.0
72744.3
71740.7
71740.7
71177.0
71177.0
70159.6
69485.9
69430.9
68990.9
68990.9
67863.5
68372.2
68935.9
67368.6
67024.9
66571.1
65856.2
65746.2
65402.5
64563.8
64783.8
63890.2
63051.5
63381.5
63051.5
62034.1
59133.1
59971.8
60521.7
60535.5
59064.4
60521.7
58514.4
57277.0
57277.0
58060.7
55764.7
56094.6
55091.0
55421.0
55091.0
53812.4
53069.9
52506.2
52011.3
51323.9
52396.3
50333.9
50333.9
50155.2
49151.6
48189.2
49536.5
47515.5
47694.2
47584.2
43707.1
45563.2
44669.5
43995.8
42868.4
43995.8
41136.1
42359.7
40517.4
40737.4
39788.7
39170.0
38166.4
37313.9
36420.3
35870.3
36475.3
35595.4
34907.9
33780.5
33615.5
33739.3
32611.9
31773.2
30095.9
32226.9
29367.2
27799.8
28459.8
27786.1
27167.4
26342.5
25105.1
24266.4
24940.1
23262.8
21956.7
22520.4
21516.7
19165.7
19894.4
18986.9
18986.9
17983.3
16635.9
14848.6
16415.9
16196.0
14339.9
13336.2
12882.5
11768.9
11658.9
11315.2
9857.8
8964.1
9074.1
7163.1
7328.1
5774.4
4482.1
4702.1
3464.7
2956.0
1842.3
1952.3
1168.6
-178.7
0.0
-1471.1
-3079.7
-3588.4
-3932.1
-4935.8
-4605.8
-5059.5
-6503.1
-8084.2
-8592.9
-9142.9
-11218.9
-10765.2
-12112.6
-12112.6
-12552.6
-14587.4
-15412.3
-16539.7
-16883.4
-17557.1
-17942.0
-19234.4
-20018.1
-20691.8
-21915.4
-22424.1
-22822.8
-24500.2
-25517.6
-24953.9
-27181.2
-28363.5
-28817.3
-28652.3
-30109.6
-30274.6
-31677.0
-33354.3
-33354.3
-33464.3
-35045.4
-36667.8
-36997.7
-37836.4
-39403.7
-38950.0
-39967.4
-42098.5
-41933.5
-42607.2
-42882.2
-44463.3
-45233.2
-47089.3
-47089.3
-49894.0
-48766.6
-49564.0
-51062.6
-52190.0
-54376.1
-53592.4
-54719.8
-55379.7
-57634.5
-56630.8
-57675.7
-59710.6
-61387.9
-62061.6
-62515.3
-63230.2
-63793.9
-66144.9
-66034.9
-68386.0
-65870.0
-69238.4
-70063.3
-71754.4
-72868.0
-72304.4
-73885.4
-74724.1
-74614.1
-76800.2
-77817.6
-77583.8
-79439.9
-79316.2
-80993.5
-81117.3
-82574.6
-82904.6
-84815.7
-84925.6
-87496.7
-87606.6
-87785.4
-88459.1
-88569.0
-92322.4
-92542.4
-94398.5
-94508.5
-95580.9
-96584.5
-96020.8
-97711.9
-98261.9
-98949.3
-100667.9
-102359.0
-101520.3
-104215.1
-104545.0
-105438.7
-107006.0
-107693.5
-107679.7
-109865.8
-110979.4
-111089.4
-111941.8
-113729.1
-114059.1
-114251.6
-116258.9
-117606.3
-116932.6
-118829.9
-118719.9
-121304.7
-121634.6
-123545.7
-123037.0
-124714.3
-124714.3
-127409.1
-128082.8
-127807.8
-129815.1
-130488.8
-131506.2
-131286.2
-133967.2
-134077.2
-134984.6
-136826.9
-136497.0
-136208.3
-139013.0
-139343.0
-140690.3
-141474.0
-142656.4
-144003.8
-144223.7
-144897.4
-144677.4
-147977.1
-147977.1
-148774.6
-149778.2
-151015.6
-150218.2
-152418.0
-154095.3
-154095.3
-154659.0
-158357.4
-156391.3
-158412.4
-158907.3
-159691.0
-161437.1
-161602.1
-162262.0
-163623.1
-163843.1
-167885.2
-166084.2
-167211.5
-168215.2
-169562.6
-170964.9
-170071.3
-172876.0
-173371.0
-174044.6
-174319.6
-175955.7
-175955.7
-177633.1
-178306.7
-178251.7
-179365.4
-180932.7
-181950.1
-182857.6
-183283.8
-185139.8
-185483.6
-185813.5
-186597.2
-188343.3
-189181.9
-190075.6
-190075.6
-190969.3
-193100.3
-193210.3
-195011.4
-195176.4
-195286.4
-197032.4
-196977.5
-198201.1
-198874.8
-199438.5
-203755.6
-201005.8
-203136.9
-204814.2
-206051.6
-205432.9
-206395.3
-208182.6
-208691.3
-209915.0
-209076.3
-210203.7
-211537.3
-212224.7
-213338.4
-213008.4
-216198.1
-216528.1
-217201.8
-217765.5
-218054.2
-218274.2
-219497.8
-221683.8
-221243.9
-223374.9
-223196.2
-223649.9
-225162.3
-226399.6
-227293.3
-227857.0
-227967.0
-229135.6
-230043.0
-230661.7
-232050.4
-231830.4
-233507.7
-234401.4
-234030.2
-234360.1
-236147.5
-238168.5
-237934.8
-239062.2
-240120.8
-239570.9
-241413.2
-241193.2
-242155.6
-243269.3
-243833.0
-244163.0
-244946.6
-245799.0
-246679.0
-247696.4
-248535.0
-248535.0
-250556.1
-249277.5
-251064.8
-252742.1
-251614.7
-253635.8
-253745.8
-255533.1
-255876.8
-256096.8
-258131.6
-257787.9
-258791.6
-259630.2
-260537.6
-260647.6
-261417.6
-261417.6
-262435.0
-262888.7
-263452.4
-265294.7
-265404.7
-265583.4
-266257.1
-267645.7
-267370.7
-268608.1
-269611.8
-269501.8
-271014.1
-270230.5
-271797.8
-270794.2
-271921.6
-273818.9
-273873.9
-273873.9
-275729.9
-276059.9
-279414.6
-276843.6
-277407.3
-278740.9
-279084.6
-280267.0
-280597.0
-280597.0
-281270.7
-282164.3
-283346.7
-282618.0
-284405.4
-283731.7
-285079.0
-285037.8
-285697.7
-286591.4
-287443.8
-286206.4
-288378.7
-289121.2
-289794.8
-289451.1
-289684.9
-291747.2
-291032.2
-292365.9
-293383.3
-292929.5
-293713.2
-293438.2
-294551.9
-294386.9
-294716.9
-295390.6
-296408.0
-296627.9
-297301.6
-297741.6
-297920.3
-299487.7
-299267.7
-300271.3
-299144.0
-299611.4
-301398.7
-301275.0
-301618.7
-302402.4
-301838.7
-303021.1
-304134.7
-304643.4
-306320.8
-304643.4
-305262.1
-307393.2
-306884.5
-306650.7
-308575.6
-307558.2
-306884.5
-308231.8
-309579.2
-309139.3
-310252.9
-309799.2
-310307.9
-310417.9
-311366.5
-310074.2
-310527.9
-312713.9
-313731.3
-314171.3
-312988.9
-313552.6
-314913.7
-314570.0
-314171.3
-314845.0
-314845.0
-315862.4
-315628.6
-316137.3
-316591.0
-315133.7
-317141.0
-317031.0
-318928.3
-316976.0
-318543.4
-318213.4
-317319.7
-319217.0
-318543.4
-319437.0
-320289.4
-319492.0
-320055.7
-319107.1
-319670.7
-320674.4
-320564.4
-320344.4
-321224.3
-320674.4
-321348.1
-321678.1
-320344.4
-322021.8
-322241.8
-322406.7
-321183.1
-323699.1
-321898.0
-322461.7
-323822.9
-322585.5
-322021.8
-323712.9
-323589.1
-324097.8
-324317.8
-323987.8
-324647.8
-324661.5
-324152.8
-324042.8
-325665.2
-324482.8
-324936.5
-324592.8
-325500.2
-324812.8
-324881.5
-325321.5
-325665.2
-324537.8
-326792.6
-325431.4
-325555.2
-326063.9
-326737.6
-327067.5
-325211.5
-326448.8
-326118.9
-325321.5
-325940.1
-324991.5
-326792.6
-326792.6
-326792.6
-326228.9
-325211.5
-326228.9
-326228.9
-325885.2
-327067.5
-325720.2
-326393.9
-326558.8
-325101.5
-326792.6
-326063.9
-326393.9
-325555.2
-325555.2
-325665.2
-325775.2
-324867.8
-326393.9
-326723.8
-325101.5
-325486.4
-326833.8
-325156.5
-323809.1
-326503.8
-324537.8
-324097.8
-324606.5
-324702.8
-324249.1
-325376.5
-325720.2
-323864.1
-324537.8
-324249.1
-323932.8
-322915.4
-323245.4
-324042.8
-323712.9
-323534.1
-323864.1
-322186.8
-322970.4
-323699.1
-321403.1
-321966.8
-321128.1
-321788.0
-321183.1
-320674.4
-320908.1
-320399.4
-320055.7
-321183.1
-320454.4
-319547.0
-320399.4
-318722.1
-319780.7
-317814.7
-319272.0
-317429.7
-317429.7
-316976.0
-317993.4
-318103.4
-318433.4
-316302.3
-315848.6
-317264.7
-315243.7
-315573.6
-314460.0
-315284.9
-314460.0
-314226.3
-315064.9
-312713.9
-314171.3
-312260.2
-312164.0
-312658.9
-312438.9
-312480.2
-310871.6
-310637.9
-309469.2
-309579.2
-310527.9
-309455.5
-309015.5
-308341.8
-307901.9
-307723.1
-307104.4
-306774.5
-305770.8
-304987.1
-306045.8
-305152.1
-305372.1
-304698.4
-304478.4
-302691.1
-303914.8
-302457.4
-301453.7
-302457.4
-302402.4
-301948.7
-300725.1
-300216.4
-299089.0
-300161.4
-297631.6
-298539.0
-297026.7
-298030.3
-297356.6
-297191.6
-296847.9
-296518.0
-295734.3
-295954.3
-294936.9
-293933.2
-293094.5
-291967.1
-292874.6
-290853.5
-289506.1
-290523.5
-288942.4
-290069.8
-289904.8
-287883.8
-287718.8
-286935.1
-286990.1
-286481.4
-286481.4
-284969.1
-285079.0
-283621.7
-284075.4
-282838.0
-283168.0
-281944.3
-281105.7
-280198.3
-281435.6
-279593.3
-278465.9
-276898.6
-278534.7
-276733.6
-275551.2
-276334.9
-274093.8
-275166.2
-274492.6
-272980.2
-273090.2
-271577.8
-272416.5
-271302.9
-269446.8
-269790.5
-269336.8
-266930.8
-268374.4
-267370.7
-266133.4
-265693.4
-264621.0
-264964.7
-262599.9
-263617.3
-262036.2
-262380.0
-260372.7
-260867.6
-259410.2
-259245.3
-259066.5
-258392.8
-256880.5
-255876.8
-255876.8
-254763.2
-254543.2
-252852.1
-252398.4
-253635.8
-251394.8
-250501.1
-249318.7
-249648.7
-248040.1
-247751.4
-246967.7
-245799.0
-246019.0
-243544.3
-243104.3
-243104.3
-242086.9
-242320.6
-242430.6
-239515.9
-240065.8
-238388.5
-238498.5
-236834.9
-236601.2
-235143.8
-234965.1
-234291.4
-232614.1
-232284.1
-231830.4
-231665.4
-231555.4
-228407.0
-228297.0
-227637.0
-226275.9
-225836.0
-225602.2
-224378.6
-223484.9
-222632.5
-221188.9
-221408.9
-220171.5
-220391.5
-218205.4
-218109.2
-217201.8
-216803.1
-216473.1
-215634.4
-214507.0
-213558.4
-211661.1
-211207.3
-209860.0
-209873.7
-209365.0
-208622.6
-207838.9
-205996.6
-205089.2
-203480.6
-202971.9
-202408.2
-202738.2
-202628.2
-198709.8
-200222.1
-198764.8
-198434.8
-196523.7
-197307.4
-195506.3
-194282.7
-192770.4
-192770.4
-191711.7
-190419.3
-189072.0
-189236.9
-187325.9
-188618.3
-185373.6
-186033.5
-184521.1
-183737.5
-183283.8
-181950.1
-181042.7
-179874.1
-179764.1
-178251.7
-177633.1
-176285.7
-176959.4
-174718.3
-173769.7
-173989.6
-172188.6
-170854.9
-170181.3
-169273.8
-170126.3
-168325.2
-167321.5
-165740.4
-166482.9
-163444.4
-162894.5
-161877.1
-161987.0
-161437.1
-159526.0
-158412.4
-158068.7
-156941.3
-156377.6
-155277.7
-154934.0
-153586.6
-152582.9
-149668.2
-151400.6
-148829.5
-149324.5
-147757.2
-146588.5
-146299.8
-144842.4
-144498.7
-142601.4
-140415.4
-142766.4
-140759.1
-140085.4
-139851.7
-137335.6
-136717.0
-135369.6
-134695.9
-134255.9
-133128.5
-132729.8
-130722.5
-130887.5
-129650.1
-128082.8
-128192.8
-126515.4
-126006.7
-125346.8
-122487.1
-123312.0
-121414.7
-121249.7
-120342.3
-120232.3
-118499.9
-117152.6
-116478.9
-114677.8
-114347.8
-113399.2
-112505.5
-112670.5
-111433.1
-110429.5
-109082.1
-108628.4
-107129.8
-105218.7
-106786.1
-104215.1
-103981.3
-102798.9
-101341.6
-101465.3
-99430.5
-99444.3
-96749.5
-97203.2
-96130.8
-96405.8
-94164.8
-92831.1
-93051.1
-92212.5
-88789.0
-90026.4
-88514.1
-87840.4
-84925.6
-85929.3
-84705.7
-84197.0
-83069.6
-83523.3
-81103.5
-80883.5
-78202.5
-79316.2
-76511.4
-77130.1
-76126.5
-74284.2
-74504.1
-72304.4
-72703.1
-71025.7
-70682.0
-69678.4
-68935.9
-66818.6
-67162.3
-65306.3
-64632.6
-65306.3
-62625.3
-62391.5
-61209.2
-59531.8
-60535.5
-59476.8
-57799.5
-55613.4
-54706.0
-54939.8
-54321.1
-54211.1
-52863.7
-51186.4
-49894.0
-49385.3
-47707.9
-47529.2
-47762.9
-45961.9
-46030.6
-44119.5
-43280.9
-43280.9
-41493.5
-41149.8
-40586.1
-38743.8
-37616.4
-38125.1
-36777.7
-35210.4
-34536.7
-33863.0
-34756.7
-33409.3
-31842.0
-30494.6
-30948.3
-29435.9
-28597.3
-27016.2
-25847.5
-25737.5
-25792.5
-23785.2
-22877.8
-21860.4
-20746.8
-20746.8
-20128.1
-19564.4
-18052.0
-18272.0
-17392.1
-16883.4
-15646.0
-14133.7
-14133.7
-12057.6
-12332.6
-12112.6
-10944.0
-10146.5
-9252.9
-8414.2
-7410.5
-7231.8
-6558.1
-5884.4
-4262.1
-4152.1
-2474.8
-4152.1
-288.7
-797.4
1003.7
1677.3
1677.3
1113.6
2571.0
3794.6
3973.4
3519.7
6998.1
6544.4
7891.7
7726.8
9404.1
8964.1
10297.8
10971.5
11988.9
12882.5
12882.5
14683.6
14463.6
15467.3
16814.6
15687.3
17089.6
19330.7
18986.9
20348.1
21283.0
20169.3
21283.0
21791.7
22135.4
23826.5
24156.4
24926.4
26287.5
25270.1
26906.2
28184.8
27511.1
28349.8
28913.5
29985.9
31773.2
31099.5
32281.9
32391.9
32790.6
34234.2
34014.3
35540.4
35416.6
35870.3
37149.0
38166.4
38840.0
38730.1
39500.0
39788.7
40008.7
41686.0
42359.7
40916.1
44325.8
43088.4
44105.8
43995.8
45384.4
44669.5
45796.9
46800.5
47020.5
49316.5
49660.3
49206.6
49880.2
50100.2
50155.2
51777.6
51777.6
52451.2
52231.3
53248.7
54472.3
53578.6
54252.3
55146.0
56328.4
55256.0
57057.1
57222.0
56438.4
59133.1
58569.4
58679.4
59683.1
59573.1
59408.1
61360.4
60920.4
62432.8
61869.1
63051.5
62102.8
64220.1
63560.2
64563.8
65292.5
65911.2
65471.3
65636.2
65526.2
66406.2
67423.6
67643.5
68317.2
69430.9
70049.6
67808.5
69939.6
68592.2
71190.7
70338.3
70338.3
72359.3
71685.7
71905.6
72579.3
72194.4
73638.0
73308.0
73871.7
75370.3
75205.3
73638.0
76332.7
75219.1
76786.4
76112.7
77226.4
76222.7
77350.1
77913.8
77405.1
76951.4
78298.8
78518.8
78188.8
79192.4
78408.8
79082.5
78738.7
80993.5
80814.8
80471.1
81323.5
79976.1
80993.5
81598.5
82492.1
82327.1
81763.4
82945.8
82492.1
82272.1
82945.8
82945.8
82670.9
83963.2
84073.2
83234.6
84568.2
84911.9
83963.2
84513.2
84856.9
85640.6
83798.3
85406.9
85530.6
85021.9
86149.3
84911.9
87427.9
85970.5
86479.2
87152.9
86603.0
87317.9
86314.3
86149.3
86589.2
86603.0
87427.9
86754.2
87592.9
87042.9
86878.0
87647.9
86534.2
87042.9
87152.9
87991.6
89284.0
87716.6
87372.9
88046.6
87991.6
88610.3
88610.3
87936.6
88390.3
87702.9
88101.6
89009.0
88170.3
89174.0
88266.6
89119.0
89325.2
87647.9
88775.3
89957.7
87482.9
87702.9
87537.9
88321.6
89119.0
88555.3
88101.6
88940.3
88830.3
87427.9
87331.7
87317.9
88170.3
86699.2
87991.6
87042.9
87482.9
87482.9
86589.2
86878.0
86933.0
86479.2
86314.3
86424.3
86878.0
86204.3
85750.6
85585.6
85475.6
83798.3
86424.3
86314.3
85296.9
84733.2
85186.9
84788.2
85131.9
84788.2
84911.9
81818.4
84458.2
84458.2
83619.5
83509.5
84073.2
82272.1
83055.8
81543.5
82890.8
81818.4
80649.8
80196.1
81048.5
80938.5
79302.4
80429.8
80209.8
80704.8
79247.4
80141.1
78972.5
78078.8
78573.8
79137.4
76786.4
77570.1
77680.1
77006.4
76676.4
77913.8
76497.7
76277.7
75934.0
75054.1
75370.3
74655.4
74091.7
72744.3
73981.7
73143.0
72015.6
73143.0
72799.3
71905.6
72029.4
71685.7
71232.0
70723.3
70159.6
70613.3
68880.9
69540.9
68715.9
68606.0
69210.9
67478.6
67808.5
66296.2
66296.2
66406.2
65292.5
64838.8
64178.9
65292.5
65292.5
64000.1
62322.8
62996.5
62212.8
61649.1
61539.1
62199.1
60026.8
60810.4
59133.1
58005.7
58005.7
58844.4
58514.4
57167.0
57153.3
55929.7
56108.4
55874.7
54926.0
54527.3
54087.3
53757.4
53303.7
51832.6
51447.6
52561.2
50718.9
51268.9
51007.6
49027.8
48917.8
49426.5
47185.5
47639.2
47309.2
45961.9
46291.8
44270.8
45384.4
43432.1
43885.8
42194.7
41301.1
42304.7
42139.7
40792.4
40462.4
39555.0
38111.4
38441.3
38001.4
36489.0
36159.0
37258.9
34907.9
34358.0
33684.3
33560.5
34468.0
33010.6
32900.6
31223.3
31553.2
30810.8
28583.5
28913.5
28583.5
27786.1
26342.5
26108.8
25888.8
24211.4
23537.8
24101.5
23262.8
21695.4
22355.4
22355.4
19330.7
20059.3
18822.0
18492.0
18602.0
16525.9
16635.9
14738.6
15068.6
14064.9
13446.2
12827.5
11150.2
12153.8
10242.8
11205.2
9404.1
7726.8
7891.7
6544.4
7561.8
6104.4
5320.7
3794.6
4248.3
3354.7
1732.3
1388.6
1897.3
-797.4
-1966.1
-1072.4
-2309.8
-2653.5
-2969.7
-5623.2
-4880.8
-4880.8
-6558.1
-7231.8
-8139.2
-9252.9
-9816.6
-9816.6
-10834.0
-11218.9
-13061.3
-14078.7
-13240.0
-14587.4
-15701.0
-16938.4
-16704.7
-18560.7
-18670.7
-19908.1
-19564.4
-21351.7
-21351.7
-22712.8
-22149.1
-23551.5
-24885.1
-24390.2
-26741.2
-25228.8
-27744.9
-28308.5
-29655.9
-29779.7
-31952.0
-31622.0
-32405.7
-32735.6
-33973.0
-34756.7
-35884.1
-36777.7
-37781.4
-37561.4
-40366.1
-40366.1
-40696.1
-42387.2
-42483.4
-42043.5
-45068.2
-44394.5
-45741.9
-45288.2
-48202.9
-46979.3
-48106.7
-49110.3
-49784.0
-53537.4
-50567.7
-51681.3
-53028.7
-52808.7
-56067.1
-56287.1
-56507.1
-57675.7
-57345.8
-59710.6
-59586.8
-61154.2
-60645.5
-62776.5
-64178.9
-63505.2
-64522.6
-66378.7
-66584.9
-67272.3
-68825.9
-68949.7
-71135.7
-70682.0
-73156.8
-71300.7
-74229.2
-73541.7
-74229.2
-76236.5
-76800.2
-76346.5
-78711.2
-78257.5
-79041.2
-81048.5
-82395.9
-83922.0
-83578.3
-82959.6
-85654.3
-86328.0
-86823.0
-87840.4
-89407.7
-89641.4
-90411.4
-90920.1
-93161.1
-91937.5
-94728.5
-95965.8
-95127.2
-96474.5
-96405.8
-98385.6
-97478.2
-100681.6
-100104.2
-101465.3
-102359.0
-102249.0
-103926.3
-104710.0
-105947.4
-106442.3
-108009.7
-108353.4
-108793.4
-108738.4
-111089.4
-111763.1
-111941.8
-113399.2
-114622.8
-115475.2
-115695.2
-118046.2
-117826.3
-117427.5
-119792.3
-120686.0
-120686.0
-122253.3
-123600.7
-123257.0
-123820.7
-125841.7
-126171.7
-126955.4
-127752.8
-128302.8
-128467.7
-130942.5
-130887.5
-132179.9
-132399.9
-133252.3
-133802.2
-134255.9
-135933.3
-136936.9
-137775.6
-138669.3
-139013.0
-139356.7
-141034.0
-141872.7
-142326.4
-142945.1
-144787.4
-144897.4
-145406.1
-145626.1
-147977.1
-148375.8
-148265.9
-148939.5
-150836.9
-151620.5
-152129.2
-153036.6
-153366.6
-154026.6
-156377.6
-156721.3
-157848.7
-158522.4
-158962.3
-158632.4
-160364.7
-161602.1
-161602.1
-162839.5
-164241.8
-164915.5
-165685.4
-165685.4
-166482.9
-166757.8
-167940.2
-168833.9
-169837.5
-170525.0
-171239.9
-171569.9
-173041.0
-173714.7
-175612.0
-174058.4
-176519.4
-176615.6
-176794.4
-177454.3
-180204.1
-179255.4
-180822.7
-180657.8
-182348.9
-182170.1
-184246.2
-185029.8
-184699.9
-185923.5
-186377.2
-186995.9
-187779.6
-189127.0
-189223.2
-188343.3
-191656.7
-191753.0
-192096.7
-192426.6
-194227.7
-193265.3
-195066.4
-195905.1
-196688.7
-196180.0
-198531.1
-198641.0
-199328.5
-200112.2
-200950.8
-201624.5
-202174.5
-201679.5
-203686.8
-202916.9
-204470.5
-204924.2
-206436.6
-206560.3
-207385.2
-208512.6
-208622.6
-209970.0
-210313.7
-211042.4
-212046.0
-212609.7
-212431.0
-213558.4
-214960.7
-214740.8
-215634.4
-217146.8
-218824.1
-216363.1
-219552.8
-219442.8
-219442.8
-219112.8
-221408.9
-221518.9
-220735.2
-223086.2
-223429.9
-222522.5
-224612.3
-224598.6
-225272.3
-227307.1
-226454.6
-228297.0
-227967.0
-228132.0
-229479.4
-229823.1
-229823.1
-231610.4
-232614.1
-231940.4
-232339.1
-234401.4
-234855.1
-233686.5
-235363.8
-235418.8
-235143.8
-236821.2
-237164.9
-236601.2
-239625.9
-238223.5
-239790.9
-239460.9
-240354.6
-241028.3
-241358.2
-241921.9
-242430.6
-242884.3
-244671.7
-243159.3
-245070.4
-245744.1
-246514.0
-244946.6
-246679.0
-247132.7
-247297.7
-246514.0
-250556.1
-248878.8
-250556.1
-249208.7
-249098.7
-250831.1
-251119.8
-252577.1
-251573.5
-253250.8
-251683.5
-254364.5
-253690.8
-254199.5
-255423.1
-254199.5
-257224.2
-256440.5
-256275.5
-257402.9
-259809.0
-258846.6
-258172.9
-258846.6
-259066.5
-261472.5
-259135.3
-260592.6
-259754.0
-260647.6
-262888.7
-262380.0
-262943.7
-263287.4
-262270.0
-262888.7
-263837.3
-264951.0
-264126.0
-265349.7
-266257.1
-264841.0
-265294.7
-265459.7
-266697.1
-267645.7
-266477.1
-267370.7
-268044.4
-268938.1
-266532.1
-269391.8
-268484.4
-268828.1
-269048.1
-270450.4
-270175.5
-271742.8
-270725.4
-270725.4
-271289.1
-271234.1
-272141.5
-271454.1
-271907.8
-272416.5
-274437.6
-273310.2
-274162.6
-274038.9
-272980.2
-274093.8
-273873.9
-274877.5
-274877.5
-276059.9
-275839.9
-275839.9
-276513.6
-276059.9
-275496.2
-275619.9
-276513.6
-276513.6
-276733.6
-278026.0
-277737.2
-277517.3
-278191.0
-279098.4
-276334.9
-278974.6
-278974.6
-278465.9
-280157.0
-278589.7
-279703.3
-279813.3
-279634.6
-280542.0
-279978.3
-280088.3
-280088.3
-279923.3
-279579.6
-280830.7
-281999.3
-281105.7
-281270.7
-280940.7
-283058.0
-280652.0
-279992.0
-282164.3
-282054.3
-282219.3
-281889.4
-281559.4
-281724.4
-281050.7
-282783.0
-282109.3
-282329.3
-281504.4
-281614.4
-281105.7
-281559.4
-283003.0
-281834.4
-281380.7
-284749.1
-281779.4
-281999.3
-282838.0
-282054.3
-283346.7
-281834.4
-281944.3
-282453.0
-281779.4
-281380.7
-281669.4
-281215.7
-282219.3
-282439.3
-281944.3
-281779.4
-281765.6
-281779.4
-281999.3
-283058.0
-280885.7
-281105.7
-281270.7
-281160.7
-281944.3
-281944.3
-281270.7
-280432.0
-281449.4
-281105.7
-281270.7
-280597.0
-281105.7
-281669.4
-281105.7
-279758.3
-280322.0
-279648.3
-280198.3
-279978.3
-279634.6
-279304.6
-280322.0
-279318.3
-280253.3
-278136.0
-278795.9
-278479.7
-277572.3
-277462.3
-277847.2
-277737.2
-276554.9
-277682.3
-277737.2
-277847.2
-276953.6
-277627.3
-276279.9
-274932.5
-276004.9
-275551.2
-275881.2
-275441.2
-275496.2
-274877.5
-274203.8
-274547.6
-274093.8
-275221.2
-272691.5
-273365.2
-272526.5
-273763.9
-274093.8
-270959.1
-273200.2
-272691.5
-271454.1
-272141.5
-271344.1
-271577.8
-271069.1
-269845.5
-271577.8
-269666.8
-268993.1
-269171.8
-269048.1
-268484.4
-268828.1
-269611.8
-268938.1
-267040.8
-267095.8
-266422.1
-265748.4
-266257.1
-264786.0
-266257.1
-265349.7
-264786.0
-265129.7
-265019.7
-264016.1
-264841.0
-263053.6
-263053.6
-264167.3
-260083.9
-261706.3
-261940.0
-260083.9
-261087.6
-260372.7
-259754.0
-259190.3
-258846.6
-258296.6
-258392.8
-257677.9
-256784.2
-256770.5
-256550.5
-255051.9
-255313.1
-254763.2
-254419.5
-254983.2
-253072.1
-252508.4
-252068.4
-251573.5
-252123.4
-251683.5
-250776.1
-249882.4
-249882.4
-249648.7
-248603.8
-248260.1
-248136.3
-246802.7
-246912.7
-246349.0
-246459.0
-245345.3
-245510.3
-245180.4
-244946.6
-243764.2
-242760.6
-242265.6
-240904.5
-242719.3
-241482.0
-240244.6
-241083.2
-239515.9
-237659.8
-238622.2
-237824.8
-237164.9
-236601.2
-237371.1
-234525.1
-234525.1
-233851.4
-232504.1
-233741.4
-232614.1
-232847.8
-231830.4
-230936.7
-231775.4
-229644.3
-229534.3
-229025.6
-228571.9
-226165.9
-227238.3
-227128.3
-225781.0
-225437.2
-225602.2
-222976.2
-223539.9
-223539.9
-223429.9
-221133.9
-221078.9
-220171.5
-219497.8
-219057.8
-218892.9
-217930.5
-216706.8
-215703.2
-214452.0
-217476.7
-214575.8
-213668.4
-212664.7
-214012.1
-211317.3
-211262.3
-211152.4
-209970.0
-208856.3
-208237.6
-207330.2
-206670.3
-207330.2
-207330.2
-205157.9
-205212.9
-204305.5
-204140.5
-203356.8
-200675.9
-201129.6
-200895.8
-198544.8
-198091.1
-199259.7
-197087.4
-196853.7
-196523.7
-195616.3
-194227.7
-194282.7
-193499.0
-192990.3
-192536.6
-191423.0
-189841.9
-190185.6
-188673.2
-189113.2
-189456.9
-187559.6
-187215.9
-186047.2
-184466.1
-183847.5
-183572.5
-181441.4
-182788.8
-180657.8
-179942.8
-179255.4
-179379.1
-177358.1
-176340.7
-177124.3
-176010.7
-175900.7
-175392.0
-174044.6
-174319.6
-172587.3
-172367.3
-170181.3
-169617.6
-170690.0
-168943.9
-168050.2
-167885.2
-166867.8
-164805.5
-164461.8
-164241.8
-162894.5
-163114.4
-162000.8
-161382.1
-159361.0
-158687.4
-159361.0
-156941.3
-157065.0
-155827.6
-156831.3
-154260.3
-154425.3
-152184.2
-152184.2
-150341.9
-149324.5
-150781.9
-147922.1
-148595.8
-146753.5
-147083.5
-145736.1
-144443.7
-144897.4
-143550.1
-143563.8
-140979.0
-141639.0
-140305.4
-139796.7
-138779.3
-137610.6
-137390.6
-136153.3
-135314.6
-133747.2
-133403.5
-132509.9
-131616.2
-131616.2
-130268.8
-129760.1
-129306.4
-127409.1
-126735.4
-125951.7
-124728.1
-126061.7
-124604.4
-123270.7
-122707.0
-120796.0
-120686.0
-119668.6
-119008.6
-117097.6
-117152.6
-116368.9
-116245.2
-114402.8
-113962.9
-114347.8
-112450.5
-111433.1
-111089.4
-110773.2
-107349.8
-107968.4
-107624.7
-104765.0
-105892.4
-104545.0
-103816.3
-103816.3
-102798.9
-102125.3
-99499.3
-100791.6
-98206.9
-99224.3
-98206.9
-96969.5
-95470.9
-94797.2
-94453.5
-93106.1
-92501.2
-91318.8
-90645.1
-89971.4
-90191.4
-86891.7
-88115.3
-86878.0
-86891.7
-85420.6
-84362.0
-83413.3
-82739.6
-80718.5
-81845.9
-80993.5
-79714.9
-78257.5
-77913.8
-77363.9
-75109.1
-75452.8
-76456.5
-73431.7
-73555.5
-72868.0
-70737.0
-71300.7
-69788.3
-69568.4
-67547.3
-67712.3
-67272.3
-65251.3
-65485.0
-63051.5
-63340.2
-62226.6
-61882.8
-60989.2
-59710.6
-59641.8
-57964.5
-58129.5
-56562.1
-54939.8
-56067.1
-54596.0
-54087.3
-53193.7
-50457.7
-51461.3
-50677.7
-48986.6
-48436.6
-47653.0
-46759.3
-46085.6
-45755.6
-44848.2
-43734.6
-43555.8
-43335.9
-42332.2
-40984.8
-39802.5
-39403.7
-38730.1
-37905.1
-36654.0
-35884.1
-36269.0
-34138.0
-34138.0
-33134.3
-31965.7
-32185.7
-30494.6
-30329.6
-28762.3
-28597.3
-27868.6
-26301.2
-26631.2
-26411.2
-24390.2
-23042.8
-22822.8
-22657.8
-22534.1
-21021.7
-19509.4
-19399.4
-18382.0
-18272.0
-17942.0
-15027.3
-14807.3
-14807.3
-13679.9
-13171.2
-12731.3
-11603.9
-11273.9
-9926.6
-10380.3
-8469.2
-8029.2
-8029.2
-7121.8
-5623.2
-5004.5
-4660.8
-4495.8
-3588.4
-2254.8
-1182.4
-1526.1
-508.7
55.0
1952.3
604.9
1842.3
2681.0
3794.6
4482.1
5595.7
6049.4
6379.4
6833.1
8964.1
8799.2
9912.8
10586.5
9912.8
9802.8
12442.6
13446.2
12772.5
13556.2
14848.6
15357.3
15907.2
16759.7
16072.2
17928.3
17763.3
18986.9
18986.9
20004.3
20169.3
20966.7
22520.4
22699.1
21681.7
24651.4
23826.5
24266.4
25270.1
25490.1
27456.1
27841.1
28184.8
27346.1
29807.2
29985.9
29985.9
31993.2
31993.2
32900.6
32501.9
33739.3
33629.3
33959.3
36310.3
36420.3
36269.0
37039.0
37203.9
37203.9
36984.0
38620.1
39953.7
39280.0
40173.7
42579.7
41479.8
42029.7
42703.4
43267.1
44834.5
43885.8
44105.8
45109.4
45123.2
45123.2
46346.8
47584.2
48587.9
48464.1
49880.2
48862.8
50443.9
50938.9
50608.9
51832.6
51392.6
51942.5
52795.0
53688.6
52685.0
54362.3
54472.3
54981.0
54747.3
56039.7
57552.0
56782.1
57277.0
57057.1
59971.8
58390.7
59078.1
60081.8
59408.1
60521.7
61195.4
60535.5
61539.1
62666.5
63890.2
63546.4
63326.5
64000.1
63546.4
65017.5
65017.5
66241.2
66076.2
66516.2
65856.2
66516.2
67643.5
67148.6
67478.6
69485.9
68715.9
67932.3
68770.9
69210.9
71177.0
70792.0
70778.2
71960.6
71177.0
72579.3
71520.7
72634.3
72964.3
72070.6
74256.7
73528.0
74201.7
75219.1
74765.4
74545.4
75934.0
76387.7
76057.7
76731.4
74820.4
75604.0
76277.7
76442.7
77006.4
78188.8
76731.4
78078.8
78573.8
78903.7
78188.8
80209.8
78642.5
79811.1
79921.1
81254.7
79811.1
79921.1
79756.1
80429.8
80429.8
82437.1
80526.1
81048.5
82162.2
81818.4
81103.5
81873.4
82382.1
82835.8
82945.8
83344.5
82327.1
82835.8
83055.8
84348.2
84059.5
82615.9
83619.5
84183.2
83798.3
85131.9
84004.5
83344.5
84678.2
84911.9
85241.9
84238.2
85076.9
85076.9
84073.2
85076.9
85406.9
84911.9
84911.9
85186.9
85750.6
86204.3
86534.2
86534.2
84623.2
86768.0
86094.3
86094.3
86768.0
85750.6
86658.0
86094.3
86094.3
86424.3
86314.3
87262.9
86479.2
86314.3
86094.3
86878.0
86768.0
86204.3
86039.3
85585.6
86039.3
85585.6
86259.3
86768.0
87771.6
85475.6
86094.3
85860.6
86878.0
85076.9
87427.9
86424.3
85970.5
85640.6
85406.9
86314.3
85695.6
85241.9
85406.9
85970.5
84911.9
84788.2
85475.6
84966.9
85076.9
85186.9
84458.2
84788.2
83963.2
84623.2
84073.2
84788.2
85131.9
83784.5
84348.2
83234.6
84004.5
82890.8
84238.2
83564.5
81254.7
83619.5
82492.1
82670.9
84128.2
82382.1
82107.2
82437.1
81777.2
81433.5
81818.4
80993.5
81213.5
80196.1
80649.8
81818.4
80484.8
80031.1
79357.4
80924.8
78738.7
79027.5
79357.4
79027.5
78023.8
80141.1
77405.1
77405.1
77240.1
78463.8
76786.4
76896.4
76786.4
76442.7
75659.0
75109.1
74311.7
74985.3
74820.4
75370.3
74256.7
74435.4
74201.7
74036.7
73253.0
72579.3
71630.7
71630.7
71960.6
71067.0
72290.6
71286.9
70503.3
70503.3
69485.9
70338.3
69829.6
69045.9
69210.9
68097.3
68372.2
67932.3
67038.6
68042.3
66474.9
65581.2
65017.5
64907.6
65581.2
63450.2
65581.2
64618.8
61814.1
63656.4
63890.2
61924.1
61759.1
62542.8
60865.4
60521.7
61085.4
59463.1
59573.1
59243.1
59133.1
57442.0
57387.0
57620.8
57620.8
55599.7
56328.4
55599.7
55036.0
53867.4
54747.3
52959.9
52630.0
52959.9
51956.3
53853.6
50443.9
51062.6
51612.6
50279.0
49715.3
48189.2
49261.5
48024.2
47694.2
46910.5
47364.2
46401.8
45728.1
45384.4
46058.1
43143.4
42524.7
42978.4
42978.4
41864.8
42579.7
40916.1
40682.4
41026.1
40352.4
39225.0
37712.7
37946.4
36929.0
36695.2
36984.0
37039.0
34687.9
35196.6
34976.7
33065.6
33230.6
32556.9
32213.2
31099.5
32226.9
30425.8
29422.2
29078.5
28528.5
29147.2
26397.5
26273.7
26947.4
25723.8
24926.4
24651.4
23317.8
23482.8
23372.8
22135.4
21626.7
20279.3
20279.3
19839.4
19605.6
18767.0
17543.3
16869.6
16525.9
16525.9
14683.6
15467.3
13102.5
14793.6
15398.5
11548.9
11878.9
10531.5
10875.2
9239.1
9184.1
8634.2
8634.2
6049.4
6709.4
6145.7
4578.3
4757.0
4413.3
3079.7
824.9
2749.7
1732.3
-618.7
549.9
-1402.4
-962.4
-1966.1
-1512.4
-3643.4
-4440.8
-3877.1
-5059.5
-6626.9
-7011.8
-7355.5
-8592.9
-8414.2
-9981.5
-10944.0
-12002.6
-12112.6
-11603.9
-13858.7
-12621.3
-14243.6
-15247.3
-15921.0
-17158.4
-17103.4
-18285.8
-19963.1
-18615.7
-20966.7
-21021.7
-22822.8
-22259.1
-23427.8
-23895.2
-26631.2
-24005.2
-25572.6
-26232.5
-28033.6
-28308.5
-27469.9
-29380.9
-31058.3
-30714.6
-31113.3
-32900.6
-32240.7
-34426.7
-33409.3
-36997.7
-35774.1
-36887.7
-38565.1
-38345.1
-40077.4
-39692.5
-40146.2
-40311.2
-41988.5
-41768.5
-43445.9
-44229.5
-44229.5
-44573.2
-45123.2
-47199.2
-48766.6
-48257.9
-48601.6
-52135.0
-50567.7
-51351.3
-52025.0
-51901.3
-54087.3
-54101.1
-55338.5
-56177.1
-56397.1
-55778.4
-57730.7
-59091.9
-59421.8
-60095.5
-61662.9
-60645.5
-62790.3
-62955.2
-63175.2
-66983.6
-64976.3
-66653.6
-66983.6
-67781.0
-69224.6
-68276.0
-69623.4
-71314.4
-71314.4
-73431.7
-72813.1
-73596.7
-74779.1
-75672.8
-76800.2
-76456.5
-77803.8
-78312.5
-78642.5
-79316.2
-80168.6
-81062.3
-82395.9
-83083.3
-83812.0
-84980.6
-84526.9
-85035.6
-86933.0
-86616.7
-88624.0
-88734.0
-90425.1
-90081.4
-91648.8
-91758.7
-93436.1
-93106.1
-94343.5
-95855.9
-95855.9
-96295.8
-96130.8
-98275.6
-98660.6
-99664.2
-99994.2
-100337.9
-102015.3
-103142.7
-103252.6
-103472.6
-103651.4
-105095.0
-105947.4
-106621.1
-108188.4
-108353.4
-110264.5
-108174.7
-110319.5
-111886.8
-112216.8
-113564.2
-115186.5
-113124.2
-115585.2
-115241.5
-117042.6
-118554.9
-118046.2
-117936.2
-118953.6
-120631.0
-121634.6
-121799.6
-123477.0
-123312.0
-123765.7
-124439.4
-125841.7
-126061.7
-128082.8
-127629.1
-128646.5
-129595.1
-128935.2
-130103.8
-129980.1
-132839.8
-132399.9
-133637.2
-134970.9
-134874.6
-134530.9
-136662.0
-137225.7
-137885.6
-137101.9
-138724.3
-139576.7
-140800.3
-140979.0
-141419.0
-142945.1
-142436.4
-143000.1
-143673.8
-144677.4
-146024.8
-146753.5
-146629.8
-148142.1
-148595.8
-148540.8
-148760.8
-150891.9
-150561.9
-152473.0
-152747.9
-153352.9
-152692.9
-154549.0
-154645.2
-156102.6
-156666.3
-157120.0
-158632.4
-158976.1
-160034.7
-159251.1
-160474.7
-160474.7
-160598.4
-163114.4
-163733.1
-163059.4
-164241.8
-165465.5
-164805.5
-167486.5
-167156.5
-167995.2
-168215.2
-170401.2
-169562.6
-171019.9
-170676.2
-171019.9
-171803.6
-173096.0
-172986.0
-172642.3
-174099.6
-175447.0
-175667.0
-176010.7
-176684.4
-177234.3
-177963.0
-178361.7
-179035.4
-181056.5
-180162.8
-181606.4
-181331.4
-182115.1
-182458.8
-184809.9
-181895.1
-185029.8
-184699.9
-186542.2
-187435.9
-187490.9
-187050.9
-188838.2
-188838.2
-189058.2
-188068.3
-190350.6
-190914.3
-192605.4
-192261.7
-192825.4
-193210.3
-194227.7
-193375.3
-194942.6
-194502.7
-194956.4
-194846.4
-197692.4
-197706.1
-197871.1
-198654.8
-197981.1
-199837.2
-199039.8
-202353.2
-200112.2
-201335.8
-202188.2
-202628.2
-202064.5
-203645.6
-203425.6
-204250.5
-205267.9
-206271.6
-206106.6
-206340.3
-207165.2
-206835.3
-208801.3
-208801.3
-208801.3
-208622.6
-209860.0
-210478.7
-210753.6
-211427.3
-212431.0
-212664.7
-212169.8
-213668.4
-213228.4
-214740.8
-213723.4
-214397.0
-214685.8
-215813.2
-216143.1
-215469.4
-216926.8
-217366.8
-216693.1
-217710.5
-217930.5
-219442.8
-218604.1
-219057.8
-219896.5
-219552.8
-220570.2
-220405.2
-221972.6
-221133.9
-220570.2
-221972.6
-222687.5
-222027.6
-223869.9
-224433.6
-225602.2
-224983.5
-224103.6
-226289.7
-224598.6
-225052.3
-225945.9
-226839.6
-226853.4
-228187.0
-227582.0
-227582.0
-228915.7
-229080.6
-230098.0
-228970.7
-229080.6
-230648.0
-230153.0
-230263.0
-229259.4
-230661.7
-231445.4
-232119.1
-232229.1
-232902.8
-231280.4
-232737.8
-232559.1
-232559.1
-234030.2
-232847.8
-232957.8
-233466.5
-234360.1
-233466.5
-235020.1
-235033.8
-235542.5
-235872.5
-235982.5
-235982.5
-236202.5
-236202.5
-236889.9
-238223.5
-237769.8
-236766.2
-236931.1
-237604.8
-240175.8
-237879.8
-238333.5
-239172.2
-237494.8
-237934.8
-238443.5
-238333.5
-239350.9
-239240.9
-239625.9
-239969.6
-239955.9
-241317.0
-240189.6
-241303.2
-240409.6
-240629.5
-241138.2
-240340.8
-242994.3
-241138.2
-241248.2
-242100.6
-241646.9
-241303.2
-242719.3
-242829.3
-243159.3
-241248.2
-244108.0
-241976.9
-241866.9
-243544.3
-242540.6
-242430.6
-242650.6
-243104.3
-244451.7
-242870.6
-243819.2
-244272.9
-243709.2
-244053.0
-243269.3
-244382.9
-243709.2
-243833.0
-243833.0
-243489.3
-243269.3
-244836.6
-244272.9
-243434.3
-243214.3
-245510.3
-243214.3
-243888.0
-244217.9
-244671.7
-242994.3
-244053.0
-243489.3
-244341.7
-243448.0
-243544.3
-244616.7
-243833.0
-244671.7
-242870.6
-244946.6
-244217.9
-243104.3
-244451.7
-243998.0
-243819.2
-244053.0
-243819.2
-243998.0
-242994.3
-244382.9
-243035.6
-242265.6
-243778.0
-243324.3
-242155.6
-242086.9
-241537.0
-242884.3
-241646.9
-242994.3
-242155.6
-242375.6
-242375.6
-242829.3
-239350.9
-242485.6
-241468.2
-242320.6
-242086.9
-243819.2
-240574.5
-240904.5
-241756.9
-240849.5
-239350.9
-240629.5
-239515.9
-240849.5
-239969.6
-239914.6
-238608.5
-239955.9
-239625.9
-238732.2
-237659.8
-238622.2
-237838.6
-238333.5
-238787.2
-237109.9
-238113.5
-236546.2
-237549.8
-237109.9
-236821.2
-235817.5
-237371.1
-236367.4
-236381.2
-234855.1
-236147.5
-234910.1
-234745.1
-234745.1
-235707.5
-233796.4
-234690.1
-233177.7
-233067.8
-233466.5
-231555.4
-232229.1
-232050.4
-232394.1
-230950.5
-231610.4
-231046.7
-230538.0
-230991.7
-230936.7
-230208.0
-229314.4
-230318.0
-229424.4
-229259.4
-228461.9
-228022.0
-227527.0
-227857.0
-227582.0
-227513.3
-227403.3
-226564.6
-224997.3
-225052.3
-225547.2
-225327.2
-225162.3
-223704.9
-222811.2
-224612.3
-223594.9
-223429.9
-223196.2
-222522.5
-221642.6
-221408.9
-222412.5
-220391.5
-221408.9
-220281.5
-218934.1
-218109.2
-220006.5
-219717.8
-217875.5
-218109.2
-216926.8
-217036.8
-216638.1
-215923.1
-215015.7
-215689.4
-214342.0
-214397.0
-213228.4
-214232.1
-212046.0
-212733.5
-212444.7
-210973.6
-210973.6
-210478.7
-211042.4
-210753.6
-210753.6
-208292.6
-209461.3
-208677.6
-208512.6
-208677.6
-207000.2
-207000.2
-205542.9
-205157.9
-204979.2
-203865.5
-203535.6
-203989.3
-202628.2
-201280.8
-201954.5
-200950.8
-199603.5
-200950.8
-200167.1
-199149.7
-198476.1
-198366.1
-198421.1
-196853.7
-197417.4
-195905.1
-196358.8
-195905.1
-193664.0
-194901.4
-193224.1
-194007.7
-191148.0
-191766.7
-192660.4
-190639.3
-190639.3
-188618.3
-189113.2
-188673.2
-189003.2
-187889.6
-186088.5
-186652.2
-186775.9
-184919.9
-184026.2
-184699.9
-183338.8
-182898.8
-181551.4
-181785.2
-180204.1
-181331.4
-181661.4
-178471.7
-178471.7
-178526.7
-178086.8
-176065.7
-176230.7
-175667.0
-175722.0
-174539.6
-174553.3
-174388.4
-171803.6
-174044.6
-171913.6
-171459.9
-169603.8
-170841.2
-167885.2
-168160.2
-167926.5
-166427.9
-166304.1
-166194.1
-164750.5
-163953.1
-163623.1
-162825.7
-163953.1
-161382.1
-160928.4
-161602.1
-160928.4
-160598.4
-157560.0
-158247.4
-157903.7
-156776.3
-155841.4
-156446.3
-154205.3
-153696.6
-153586.6
-153297.9
-152239.2
-151001.8
-152184.2
-150836.9
-150218.2
-149448.2
-148210.9
-147537.2
-146533.5
-147702.2
-146079.8
-144608.7
-144952.4
-144168.7
-142092.7
-143275.1
-142491.4
-141487.7
-140470.3
-138160.6
-138160.6
-138064.3
-137555.6
-136428.2
-137610.6
-135135.9
-133348.5
-133527.3
-134310.9
-131451.2
-133018.6
-130777.5
-131946.2
-129595.1
-130887.5
-127642.8
-127519.1
-127697.8
-126130.5
-127244.1
-123325.7
-124893.1
-124040.7
-121909.6
-124150.7
-121689.6
-120012.3
-120177.3
-118156.2
-117991.2
-118953.6
-117042.6
-116368.9
-116712.6
-114059.1
-114856.5
-113852.9
-112835.5
-112271.8
-110429.5
-110924.4
-109480.8
-108972.1
-109645.8
-106786.1
-107913.5
-107239.8
-105878.6
-105438.7
-104270.1
-103032.7
-103596.4
-102579.0
-101121.6
-101176.6
-99664.2
-97766.9
-98261.9
-97588.2
-96969.5
-95965.8
-96969.5
-94439.7
-93546.1
-93889.8
-92267.4
-92157.5
-90810.1
-90466.4
-88005.4
-89187.7
-88404.1
-87056.7
-86053.0
-85489.3
-85379.4
-85035.6
-83523.3
-83523.3
-81832.2
-81612.2
-79714.9
-79371.2
-78367.5
-79041.2
-77913.8
-76566.4
-76745.2
-75727.8
-74847.9
-74655.4
-72758.1
-73101.8
-72978.0
-71190.7
-71080.7
-70627.0
-68949.7
-69623.4
-66708.6
-66254.9
-66474.9
-65980.0
-63848.9
-64178.9
-62391.5
-61044.2
-60879.2
-62116.6
-58583.2
-58693.1
-59133.1
-58473.2
-57345.8
-56617.1
-54884.8
-55668.4
-53991.1
-53647.4
-53826.1
-51791.3
-51131.4
-50952.6
-49275.3
-49619.0
-48656.6
-47762.9
-47598.0
-47034.3
-43445.9
-45741.9
-42937.2
-44449.5
-43102.1
-42882.2
-41493.5
-41039.8
-39692.5
-39458.7
-37836.4
-37162.7
-37616.4
-36599.0
-35485.4
-34481.7
-34371.7
-34371.7
-33189.3
-32405.7
-31402.0
-31952.0
-30948.3
-28927.2
-28597.3
-28308.5
-26246.2
-27579.9
-25558.8
-26452.5
-23840.2
-23716.5
-23826.5
-21970.4
-23097.8
-19908.1
-20746.8
-19743.1
-18890.7
-19344.4
-18217.0
-17557.1
-17777.1
-16264.7
-14807.3
-15412.3
-14133.7
-14133.7
-12291.3
-12167.6
-11782.6
-10435.3
-10545.2
-9871.6
-9527.8
-7575.5
-7465.5
-8139.2
-6118.2
-5884.4
-6159.4
-3423.4
-3533.4
-3189.7
-2419.8
-2254.8
-55.0
714.9
1223.6
1443.6
1113.6
1787.3
2681.0
3024.7
3464.7
5045.8
5430.7
6764.4
6434.4
6888.1
8964.1
9184.1
9074.1
9404.1
9967.8
10930.2
11933.9
11713.9
12717.5
12717.5
16250.9
13954.9
14848.6
14518.6
16086.0
16525.9
17034.6
18272.0
18767.0
19440.6
21283.0
21461.7
21681.7
21681.7
21901.7
22974.1
23592.7
24596.4
24431.4
24871.4
25778.8
27057.4
26397.5
27566.1
28129.8
29147.2
28968.5
28748.5
30604.6
30700.8
32226.9
31374.5
31828.2
32006.9
33450.6
34179.2
34523.0
34523.0
35526.6
35526.6
37258.9
36035.3
37492.7
38166.4
38276.3
40063.7
39115.0
38675.1
41026.1
41026.1
40352.4
42029.7
41919.7
43432.1
42524.7
43143.4
42868.4
44889.5
44889.5
45109.4
47639.2
45783.1
47020.5
46346.8
48244.1
47927.9
48697.9
49371.5
49715.3
49935.2
50718.9
51777.6
51777.6
51282.6
51392.6
52121.3
52685.0
54142.3
54307.3
53633.6
53812.4
54637.3
55091.0
55929.7
54692.3
57717.0
57387.0
57730.7
58390.7
57387.0
58844.4
59463.1
58899.4
59916.8
60466.7
61085.4
61484.1
60700.5
61869.1
61195.4
62487.8
62666.5
62542.8
62886.5
63436.4
62776.5
65182.5
64728.8
64563.8
65347.5
64728.8
66254.9
66571.1
67079.8
67987.3
68097.3
67987.3
68880.9
68372.2
68496.0
68660.9
69320.9
68880.9
71232.0
71012.0
69485.9
70847.0
70723.3
71067.0
71410.7
72290.6
71850.6
72964.3
73129.3
71232.0
73143.0
72909.3
73019.3
73706.7
72689.3
74545.4
74545.4
74325.4
73816.7
75040.3
75370.3
76621.4
74036.7
76566.4
76112.7
73981.7
77171.4
76731.4
78065.1
77405.1
77350.1
78065.1
76951.4
78298.8
79192.4
78738.7
78408.8
79412.4
78903.7
79137.4
78738.7
78628.7
79192.4
79357.4
80031.1
80993.5
80374.8
81158.5
79976.1
79976.1
81543.5
79866.1
80539.8
81048.5
81144.8
81254.7
80539.8
82107.2
81598.5
81942.2
81254.7
82670.9
81997.2
83165.8
81708.5
80718.5
82560.9
81997.2
82327.1
81543.5
81818.4
81433.5
82327.1
82492.1
82835.8
82670.9
81488.5
81818.4
83179.6
83743.3
82382.1
82890.8
81887.2
83055.8
83509.5
84348.2
83289.6
82725.9
82382.1
84059.5
82107.2
83000.8
83344.5
83344.5
82327.1
84623.2
82945.8
82725.9
83564.5
83000.8
82945.8
82052.2
83289.6
83124.6
82437.1
83509.5
83509.5
83509.5
83344.5
83000.8
82945.8
82162.2
82615.9
82437.1
82107.2
83509.5
82052.2
81488.5
81667.2
81873.4
81543.5
82107.2
83000.8
81488.5
82052.2
78738.7
81488.5
80374.8
81887.2
80429.8
81543.5
79811.1
81158.5
80306.1
79756.1
80993.5
79701.1
79247.4
80264.8
80704.8
78463.8
79302.4
79082.5
78917.5
77913.8
77913.8
78683.7
77116.4
77625.1
77968.8
77350.1
77625.1
77515.1
77171.4
77515.1
76222.7
76951.4
75934.0
75934.0
76057.7
76222.7
74944.1
74600.4
74765.4
75879.0
75370.3
74944.1
73583.0
73761.7
73638.0
73693.0
71850.6
73198.0
72854.3
71520.7
70338.3
71795.6
72125.6
71451.9
71122.0
70338.3
70393.3
71616.9
69430.9
70104.6
68660.9
68825.9
69375.9
67877.3
68551.0
68097.3
67478.6
67258.6
67753.5
66309.9
67533.6
65402.5
65966.2
64618.8
65182.5
64453.8
63285.2
65292.5
63780.2
63436.4
63890.2
62487.8
62831.5
61305.4
60191.8
62776.5
60191.8
60301.7
60136.8
60136.8
57717.0
59133.1
58679.4
58335.7
59023.1
58280.7
56658.3
56438.4
55929.7
55599.7
57717.0
55476.0
54252.3
53757.4
53977.3
54912.3
52795.0
53798.6
52630.0
52630.0
50443.9
50828.9
50828.9
50155.2
50155.2
49880.2
49426.5
48532.9
47694.2
48477.9
48189.2
47529.2
46401.8
45728.1
45288.2
45948.1
44050.8
43707.1
43198.4
43212.1
42304.7
42414.7
42194.7
41521.0
41301.1
38675.1
40063.7
38840.0
38675.1
37547.7
37822.6
37203.9
36310.3
35980.3
35760.3
35595.4
33670.5
33904.3
34413.0
33409.3
33340.6
32900.6
32116.9
30604.6
30824.6
30247.1
30040.9
29807.2
28459.8
28459.8
27731.1
27071.2
26947.4
25105.1
25325.1
26342.5
23592.7
24940.1
23084.0
23881.5
22699.1
22135.4
21681.7
20843.0
21406.7
17942.0
18986.9
17983.3
17983.3
17433.3
17089.6
16250.9
15467.3
16305.9
15192.3
14284.9
14394.9
13501.2
12827.5
11026.4
11205.2
10476.5
10366.5
9184.1
9404.1
7836.8
7781.8
6214.4
7231.8
6544.4
4193.3
4867.0
4427.1
3753.4
3299.7
2516.0
1443.6
769.9
604.9
-1979.8
824.9
-962.4
-1636.1
-1127.4
-3932.1
-3932.1
-3698.4
-4385.8
-5898.2
-7121.8
-5334.5
-8194.2
-7974.2
-7286.8
-10215.3
-10380.3
-10710.2
-11493.9
-11658.9
-11452.7
-14862.3
-13515.0
-14642.4
-15137.3
-15247.3
-16539.7
-17543.3
-16429.7
-18285.8
-18382.0
-20183.1
-19798.1
-20801.8
-20293.1
-22094.1
-22149.1
-23991.5
-24225.2
-25572.6
-24445.2
-26067.5
-26686.2
-26906.2
-27414.9
-28872.2
-29985.9
-29037.2
-30604.6
-31622.0
-31622.0
-33918.0
-32859.4
-32845.6
-34866.7
-35540.4
-36722.7
-37052.7
-39183.8
-39018.8
-38345.1
-39238.8
-40077.4
-40311.2
-40819.9
-42950.9
-41493.5
-43610.8
-44518.3
-44848.2
-44628.2
-46814.3
-45686.9
-47707.9
-48037.9
-48491.6
-49330.3
-49839.0
-50732.7
-50567.7
-52025.0
-54376.1
-53028.7
-53812.4
-55324.7
-55324.7
-54939.8
-57510.8
-57730.7
-57909.5
-59146.9
-58583.2
-60480.5
-59696.8
-62226.6
-62446.5
-62790.3
-63285.2
-63738.9
-64577.6
-65595.0
-66419.9
-66254.9
-67492.3
-69169.6
-67946.0
-70352.0
-68564.7
-70242.0
-72084.4
-71864.4
-73156.8
-72593.1
-74504.1
-74325.4
-75452.8
-75947.8
-76401.5
-76965.2
-78147.5
-78807.5
-78188.8
-80663.6
-80099.9
-81777.2
-81007.3
-81832.2
-83083.3
-84980.6
-83647.0
-85090.6
-84925.6
-86671.7
-87221.7
-87895.4
-88899.0
-89696.4
-89971.4
-90081.4
-90755.1
-92446.2
-93326.1
-92776.1
-93999.8
-93834.8
-95415.9
-94742.2
-96914.5
-97588.2
-98096.9
-97313.2
-100612.9
-99059.3
-100956.6
-101465.3
-101011.6
-102579.0
-101960.3
-103307.6
-104490.0
-104600.0
-103981.3
-106896.0
-106222.4
-107569.7
-108683.4
-109027.1
-109192.1
-109192.1
-110044.5
-110594.4
-111268.1
-112326.8
-113344.2
-115530.2
-114402.8
-116038.9
-114567.8
-116712.6
-117042.6
-117152.6
-117991.2
-119173.6
-119847.3
-120686.0
-121016.0
-121070.9
-121689.6
-123710.7
-123202.0
-124439.4
-124728.1
-124728.1
-125511.8
-125841.7
-127079.1
-126680.4
-128247.8
-129938.9
-129265.2
-129361.4
-129760.1
-130832.5
-132056.1
-131726.2
-132729.8
-133128.5
-135314.6
-136208.3
-136043.3
-136373.2
-135080.9
-136881.9
-137899.3
-138394.3
-138160.6
-140704.1
-139521.7
-139288.0
-140470.3
-142147.7
-143220.1
-142766.4
-143550.1
-144388.7
-144842.4
-144608.7
-146024.8
-145791.1
-146629.8
-146299.8
-146024.8
-148829.5
-148485.8
-148829.5
-149833.2
-148829.5
-152129.2
-151689.3
-152363.0
-151675.5
-155277.7
-153242.9
-153476.6
-155497.7
-155497.7
-155552.7
-156322.6
-157120.0
-157120.0
-158357.4
-157505.0
-158742.4
-158068.7
-160419.7
-160419.7
-160873.4
-163114.4
-161890.8
-162715.7
-162949.5
-163678.1
-164351.8
-165025.5
-164846.8
-165864.2
-166194.1
-166249.1
-166482.9
-166139.1
-166592.9
-168710.2
-168380.2
-168833.9
-169342.6
-169672.6
-170690.0
-171253.7
-171693.6
-171858.6
-171074.9
-172931.0
-171363.6
-174154.6
-174484.6
-174828.3
-174058.4
-174828.3
-175722.0
-176560.7
-176684.4
-177688.0
-178018.0
-177688.0
-177688.0
-179379.1
-177963.0
-179434.1
-180891.5
-179874.1
-180877.7
-181042.7
-181331.4
-182788.8
-182445.1
-182802.6
-183022.5
-182967.5
-183627.5
-184301.2
-183627.5
-185538.5
-185648.5
-184644.9
-185813.5
-186047.2
-187490.9
-187105.9
-187325.9
-188178.3
-187614.6
-191423.0
-189346.9
-189017.0
-188838.2
-189745.6
-190020.6
-191024.3
-190694.3
-190859.3
-190639.3
-192536.6
-192096.7
-193444.0
-193100.3
-193774.0
-193389.0
-194282.7
-194736.4
-195066.4
-195066.4
-196180.0
-195905.1
-196578.7
-196743.7
-196633.7
-196180.0
-197142.4
-198036.1
-197197.4
-197541.2
-197032.4
-198654.8
-198984.8
-199493.5
-199259.7
-200112.2
-199328.5
-199768.4
-200112.2
-200332.1
-199837.2
-201005.8
-201445.8
-201789.5
-202009.5
-202628.2
-201280.8
-201170.8
-202683.2
-203590.6
-202353.2
-202573.2
-204374.2
-203700.6
-203480.6
-204305.5
-204869.2
-204209.3
-204869.2
-205089.2
-205157.9
-204539.2
-205652.9
-205487.9
-205597.9
-207110.2
-206835.3
-206945.3
-207783.9
-205996.6
-206271.6
-206725.3
-206615.3
-208457.6
-207783.9
-207385.2
-208512.6
-208512.6
-208512.6
-208292.6
-205432.9
-208567.6
-208237.6
-208072.6
-208746.3
-209365.0
-208746.3
-210080.0
-209915.0
-210038.7
-208801.3
-209255.0
-209585.0
-209750.0
-209076.3
-210189.9
-210423.7
-210533.7
-210533.7
-209983.7
-210478.7
-211207.3
-210643.7
-210148.7
-211042.4
-210478.7
-210258.7
-210932.4
-210932.4
-210698.6
-209640.0
-211097.4
-210533.7
-211207.3
-211537.3
-211881.0
-211482.3
-211936.0
-211097.4
-210533.7
-210478.7
-211427.3
-210189.9
-210203.7
-210533.7
-210753.6
-210203.7
-210973.6
-210987.4
-210643.7
-210478.7
-211317.3
-210753.6
-211262.3
-211482.3
-211042.4
-210753.6
-211097.4
-210767.4
-210203.7
-210189.9
-211936.0
-209475.0
-211152.4
-210698.6
-209640.0
-210313.7
-209640.0
-210134.9
-208911.3
-210478.7
-209420.0
-210987.4
-209805.0
-210588.7
-209076.3
-211097.4
-209076.3
-208911.3
-210588.7
-209365.0
-209131.3
-209365.0
-209186.3
-209076.3
-206849.0
-210025.0
-208801.3
-208801.3
-208003.9
-208512.6
-208567.6
-207907.7
-207399.0
-207948.9
-206835.3
-206890.3
-207110.2
-206615.3
-205831.6
-207110.2
-206395.3
-206615.3
-206271.6
-205831.6
-205996.6
-205721.6
-205487.9
-204649.2
-204979.2
-204869.2
-204594.2
-204140.5
-203301.9
-203425.6
-204305.5
-203535.6
-202738.2
-202408.2
-202064.5
-203755.6
-201734.5
-201734.5
-201734.5
-201954.5
-201789.5
-201280.8
-200277.1
-200950.8
-200620.9
-199837.2
-201170.8
-199713.4
-198544.8
-198764.8
-199548.5
-198764.8
-197651.1
-198311.1
-197197.4
-198696.0
-195850.1
-196743.7
-196578.7
-196922.5
-194791.4
-196070.0
-195066.4
-194901.4
-193994.0
-193664.0
-194392.7
-193375.3
-193884.0
-193884.0
-191423.0
-192591.6
-192701.6
-191189.3
-191203.0
-192536.6
-190859.3
-191313.0
-189621.9
-190075.6
-188618.3
-189127.0
-188673.2
-188164.5
-188288.3
-187490.9
-186198.5
-185868.5
-187050.9
-186157.2
-184974.8
-186377.2
-184699.9
-184699.9
-184136.2
-183283.8
-183022.5
-183352.5
-182678.8
-182348.9
-180492.8
-183118.8
-182115.1
-181606.4
-180712.8
-179942.8
-180259.0
-178815.4
-179654.1
-178526.7
-177688.0
-177963.0
-177413.1
-176739.4
-177069.4
-176010.7
-176574.4
-176904.4
-174209.6
-173879.7
-173206.0
-174828.3
-172367.3
-173041.0
-171239.9
-173769.7
-171624.9
-171404.9
-170071.3
-169617.6
-171803.6
-167926.5
-167706.5
-168050.2
-167156.5
-168146.5
-166482.9
-166249.1
-165575.5
-165575.5
-163953.1
-164351.8
-164351.8
-164351.8
-161890.8
-160598.4
-161725.8
-161492.1
-160309.7
-159292.3
-160598.4
-158632.4
-158288.6
-158632.4
-158756.1
-156102.6
-158068.7
-156391.3
-155882.6
-155882.6
-154150.3
-153861.6
-154315.3
-153297.9
-153971.6
-153586.6
-151744.3
-151620.5
-150108.2
-149668.2
-149943.2
-148829.5
-148265.9
-147413.4
-147647.2
-147977.1
-147303.4
-145296.1
-145117.4
-145007.4
-142945.1
-144058.8
-142257.7
-142436.4
-143000.1
-140979.0
-139686.7
-140360.4
-139686.7
-138559.3
-137899.3
-138229.3
-138449.3
-136771.9
-135644.6
-136497.0
-135135.9
-134022.2
-134022.2
-134255.9
-131739.9
-132729.8
-131946.2
-131107.5
-130887.5
-131162.5
-128866.5
-128866.5
-127697.8
-127574.1
-126955.4
-126006.7
-125566.8
-125566.8
-124893.1
-123037.0
-122817.0
-122817.0
-122652.0
-122542.1
-120507.3
-121758.4
-119627.3
-119462.4
-117881.3
-117152.6
-117661.3
-115983.9
-116313.9
-115983.9
-115186.5
-114292.8
-112945.5
-111763.1
-111433.1
-112106.8
-110484.5
-110484.5
-109975.8
-109865.8
-106222.4
-108119.7
-107239.8
-107239.8
-105658.7
-104833.7
-103816.3
-104930.0
-102757.7
-102634.0
-101740.3
-101795.3
-100557.9
-100063.0
-98261.9
-100901.6
-98825.6
-97711.9
-96873.3
-96295.8
-96130.8
-94563.5
-94673.5
-94508.5
-93161.1
-94164.8
-91428.8
-91195.0
-91538.8
-89971.4
-89971.4
-88844.0
-87716.6
-88734.0
-87400.4
-86328.0
-85090.6
-84980.6
-84801.9
-82794.6
-84362.0
-81557.2
-81227.2
-80732.3
-80278.6
-80732.3
-80044.9
-79934.9
-78092.5
-77418.9
-75947.8
-76236.5
-76016.5
-75177.8
-73720.5
-73431.7
-72194.4
-71974.4
-72648.1
-70847.0
-70063.3
-69169.6
-69403.4
-67203.6
-67781.0
-66708.6
-65870.0
-65306.3
-65815.0
-64907.6
-63615.2
-63175.2
-62611.5
-62116.6
-60755.5
-59421.8
-59985.5
-60095.5
-58074.5
-57070.8
-56067.1
-57125.8
-56342.1
-53826.1
-54939.8
-51846.3
-52355.0
-52698.7
-51516.3
-51736.3
-50457.7
-49564.0
-49440.3
-48092.9
-47543.0
-45123.2
-46415.6
-45411.9
-45068.2
-44518.3
-45686.9
-42717.2
-42153.5
-42318.5
-42318.5
-41493.5
-40476.1
-40036.2
-38853.8
-38510.1
-37836.4
-35939.1
-36159.0
-35485.4
-35485.4
-33918.0
-34248.0
-33134.3
-32804.4
-32584.4
-33065.6
-31003.3
-29765.9
-30274.6
-28473.5
-26906.2
-27414.9
-27071.2
-26576.2
-25008.9
-26356.2
-25173.8
-23840.2
-22987.8
-22657.8
-21585.4
-21585.4
-20691.8
-20018.1
-20471.8
-19069.4
-18272.0
-17048.4
-17213.4
-15426.0
-15701.0
-14298.6
-15082.3
-12910.0
-13570.0
-12057.6
-11892.6
-11548.9
-10545.2
-10889.0
-8414.2
-10270.3
-9142.9
-8139.2
-8139.2
-7575.5
-5059.5
-4715.8
-5210.8
-5004.5
-3079.7
-4330.8
-2419.8
-2089.8
-1746.1
-1127.4
-1416.1
1058.6
1388.6
1622.3
2804.7
2241.0
2007.3
3698.4
3684.6
4193.3
6214.4
6324.4
6668.1
6764.4
6159.4
8689.2
7781.8
9802.8
10242.8
10930.2
9857.8
11095.2
10930.2
10696.5
12057.6
12992.5
13556.2
15563.5
15013.6
14848.6
16869.6
16196.0
17529.6
17763.3
17089.6
18272.0
18945.7
19619.4
20513.0
19330.7
20898.0
22245.4
22066.6
22864.1
24362.7
23139.0
25160.1
24651.4
24321.4
27731.1
25833.8
26837.4
28363.5
27456.1
28019.8
28239.8
28913.5
30247.1
31154.5
30535.8
32336.9
31319.5
31319.5
32336.9
33340.6
34179.2
34523.0
34687.9
35141.6
34468.0
36764.0
36310.3
36310.3
36984.0
37822.6
38730.1
39403.7
40737.4
40063.7
40063.7
40792.4
40352.4
41191.1
42194.7
40916.1
43033.4
44160.8
43322.1
43212.1
44270.8
45728.1
45288.2
45453.2
45329.4
45948.1
46346.8
46910.5
47914.2
48917.8
48189.2
47982.9
49426.5
49426.5
50663.9
51268.9
50388.9
51392.6
52231.3
51117.6
52959.9
51942.5
52959.9
52959.9
54197.3
54637.3
55036.0
54472.3
55984.7
54651.0
56603.3
55709.7
56273.4
56768.3
56768.3
58280.7
57455.8
58335.7
59023.1
60356.7
58569.4
60246.8
60576.7
59573.1
59243.1
62212.8
60370.5
61704.1
61195.4
60865.4
61374.1
63491.4
62267.8
62941.5
63051.5
65292.5
63450.2
64453.8
65127.5
64330.1
65856.2
63945.1
65966.2
66131.2
66461.2
65856.2
66969.9
67313.6
67643.5
67313.6
66969.9
68441.0
67987.3
68317.2
69430.9
68372.2
69320.9
69884.6
69884.6
69320.9
69774.6
69334.6
70902.0
71232.0
71465.7
70613.3
71232.0
71905.6
73253.0
71232.0
73693.0
71685.7
72689.3
72510.6
72744.3
73981.7
71630.7
73198.0
74036.7
73926.7
73418.0
73638.0
74435.4
74765.4
74655.4
72854.3
75260.3
74710.4
75714.0
74710.4
75659.0
75370.3
75494.0
74985.3
74091.7
77061.4
75769.0
76332.7
76497.7
76277.7
74545.4
76222.7
77006.4
77171.4
76731.4
77913.8
76731.4
76951.4
77116.4
77240.1
79027.5
77570.1
76566.4
77900.1
77350.1
80704.8
77735.1
78408.8
77900.1
78463.8
79027.5
79027.5
77913.8
78408.8
78958.7
78188.8
78738.7
78862.5
78683.7
78683.7
79591.2
79467.4
78573.8
78917.5
79811.1
77625.1
80086.1
78738.7
79082.5
79522.4
79302.4
77350.1
78683.7
78353.8
79247.4
77061.4
78573.8
78133.8
78793.7
78793.7
78188.8
77405.1
77955.1
78972.5
78188.8
79866.1
78078.8
78078.8
78738.7
78958.7
77625.1
78230.0
77680.1
77515.1
78408.8
76222.7
77790.1
76552.7
78752.5
77845.1
76497.7
76841.4
76841.4
77515.1
77295.1
75370.3
76951.4
76841.4
76332.7
77460.1
75934.0
76497.7
77625.1
76951.4
75604.0
76222.7
75549.0
75219.1
75714.0
74600.4
75109.1
75659.0
74091.7
75274.1
74256.7
73143.0
74820.4
74146.7
73473.0
73253.0
73693.0
72634.3
73418.0
73074.3
72510.6
72854.3
73308.0
71850.6
72359.3
70558.3
71177.0
71410.7
70957.0
71122.0
71685.7
69774.6
71465.7
69884.6
70049.6
69939.6
70049.6
69609.6
68825.9
68825.9
69155.9
68372.2
68551.0
67533.6
68372.2
67698.5
69774.6
66859.9
65526.2
66529.9
65856.2
66144.9
65746.2
65966.2
65966.2
65512.5
65856.2
65292.5
63835.2
64000.1
63326.5
63051.5
63285.2
63835.2
62487.8
62611.5
61649.1
60810.4
61827.9
60466.7
61484.1
60521.7
60411.7
59628.1
60301.7
59751.8
60521.7
56892.1
58445.7
57772.0
58005.7
57717.0
57002.1
57442.0
55929.7
55599.7
56892.1
55036.0
55036.0
55201.0
54197.3
54087.3
54087.3
53413.7
52905.0
52795.0
51268.9
52905.0
50883.9
50718.9
51502.6
51557.6
49151.6
50718.9
49536.5
47859.2
48752.8
48354.1
47240.5
46566.8
45673.1
46800.5
46800.5
45219.4
44724.5
45948.1
42304.7
44834.5
44614.5
43432.1
42208.5
42579.7
41644.8
42194.7
41026.1
40792.4
40916.1
38840.0
39280.0
38950.0
38276.3
38950.0
38276.3
37039.0
36544.0
37217.7
34468.0
36090.3
34523.0
34523.0
32501.9
33065.6
33739.3
32735.6
32735.6
31938.2
29985.9
32226.9
30659.6
31154.5
29257.2
29147.2
29312.2
27731.1
27236.2
28019.8
26617.5
26906.2
26232.5
24871.4
24651.4
22974.1
23647.7
23084.0
21571.7
22245.4
22135.4
21131.7
21448.0
20953.0
19385.7
20458.0
17364.6
18258.3
17763.3
16979.6
17089.6
16924.6
15247.3
14903.6
15233.5
12593.8
13446.2
13102.5
12772.5
12662.5
11205.2
11260.2
10586.5
9912.8
8565.4
8400.4
8634.2
7506.8
7328.1
6544.4
6998.1
5664.5
4977.0
5485.7
4028.4
3629.7
2296.0
1842.3
2516.0
1388.6
549.9
206.2
-907.4
-1237.4
-1691.1
-1402.4
-1471.1
-2708.5
-2708.5
-4385.8
-4207.1
-5279.5
-5609.5
-6448.1
-6668.1
-8139.2
-7575.5
-8029.2
-7850.5
-9087.9
-12057.6
-11053.9
-10710.2
-12731.3
-13061.3
-13171.2
-13460.0
-14587.4
-14422.4
-15426.0
-16539.7
-16993.4
-17323.3
-17323.3
-19014.4
-17392.1
-19344.4
-19454.4
-20458.0
-21695.4
-22149.1
-21296.7
-22877.8
-24225.2
-24211.4
-23551.5
-26686.2
-24678.9
-26521.2
-26411.2
-29161.0
-27978.6
-29545.9
-29889.6
-29669.7
-30274.6
-30150.9
-31278.3
-32295.7
-33643.0
-33065.6
-34536.7
-34536.7
-35045.4
-35609.1
-35320.4
-37341.4
-36887.7
-38070.1
-38840.0
-38950.0
-39018.8
-41603.5
-40929.8
-41259.8
-43170.9
-41823.5
-43610.8
-44119.5
-44903.2
-44298.3
-47199.2
-45961.9
-46979.3
-47762.9
-47653.0
-48821.6
-49619.0
-49440.3
-50114.0
-51571.3
-52465.0
-52245.0
-53592.4
-53152.4
-54651.0
-54706.0
-55379.7
-57070.8
-57070.8
-56905.8
-57744.5
-57964.5
-58459.4
-59036.9
-61662.9
-60714.2
-61607.9
-62116.6
-62006.6
-62226.6
-64522.6
-64302.6
-65141.3
-66144.9
-65870.0
-67327.3
-68001.0
-69004.7
-69004.7
-69788.3
-69568.4
-70915.7
-71575.7
-71809.4
-70915.7
-73321.8
-73101.8
-73775.5
-74889.1
-74284.2
-76910.2
-76016.5
-77528.9
-76745.2
-78477.5
-79096.2
-78986.2
-81172.3
-80718.5
-80168.6
-81845.9
-82519.6
-82684.6
-83248.3
-82684.6
-85709.3
-84691.9
-85379.4
-85709.3
-87441.7
-87785.4
-87565.4
-88404.1
-89187.7
-88294.1
-89971.4
-90191.4
-91538.8
-90865.1
-91937.5
-93161.1
-90920.1
-94618.5
-94618.5
-95292.2
-96749.5
-96199.6
-96515.8
-96405.8
-98385.6
-97986.9
-99774.2
-100282.9
-100846.6
-100901.6
-100956.6
-101740.3
-102579.0
-103032.7
-106222.4
-102743.9
-105218.7
-104545.0
-105658.7
-106786.1
-106442.3
-107913.5
-106717.3
-108518.4
-107913.5
-109755.8
-110429.5
-110924.4
-111034.4
-112106.8
-111598.1
-112271.8
-113454.2
-113797.9
-113509.2
-114512.8
-115076.5
-116093.9
-115296.5
-117152.6
-116822.6
-117152.6
-119173.6
-119283.6
-118280.0
-121125.9
-120562.2
-120906.0
-120562.2
-122487.1
-122033.4
-122143.3
-124494.4
-123930.7
-125003.1
-125401.8
-126515.4
-126515.4
-125621.8
-128935.2
-126790.4
-128247.8
-127904.0
-129375.2
-129760.1
-129045.2
-130158.8
-130488.8
-131616.2
-130612.5
-131781.2
-132894.8
-132729.8
-133967.2
-133967.2
-133802.2
-135479.6
-134984.6
-135644.6
-136771.9
-137335.6
-137555.6
-138229.3
-138669.3
-138449.3
-139288.0
-139068.0
-139068.0
-139521.7
-140704.1
-140580.3
-141254.0
-141584.0
-142257.7
-142945.1
-143330.1
-143563.8
-143385.1
-144168.7
-144897.4
-145626.1
-145172.4
-145516.1
-147303.4
-145461.1
-146354.8
-148939.5
-147083.5
-147977.1
-150493.1
-149668.2
-148994.5
-149668.2
-150328.2
-150493.1
-151854.3
-151964.2
-151455.5
-152129.2
-153036.6
-153297.9
-154095.3
-155099.0
-153861.6
-154989.0
-155497.7
-155277.7
-155277.7
-157065.0
-156941.3
-157175.0
-156391.3
-156226.3
-157340.0
-157793.7
-159471.0
-158687.4
-158343.6
-160034.7
-161162.1
-159361.0
-161038.4
-162220.8
-160873.4
-162262.0
-161382.1
-162509.5
-163169.4
-162495.7
-162550.7
-163678.1
-164571.8
-163568.1
-164901.8
-163953.1
-165919.2
-164461.8
-164626.8
-165974.2
-165630.4
-166647.8
-166867.8
-165864.2
-166537.9
-166757.8
-168270.2
-166812.8
-168998.9
-168545.2
-168160.2
-169617.6
-170071.3
-167885.2
-169796.3
-170126.3
-168723.9
-170964.9
-170291.3
-172312.3
-171803.6
-170909.9
-172023.6
-172711.0
-173371.0
-172642.3
-172477.3
-171583.6
-173769.7
-172972.2
-173769.7
-174058.4
-174058.4
-174058.4
-174718.3
-174319.6
-176285.7
-174498.3
-175845.7
-175612.0
-176574.4
-175557.0
-176450.7
-176120.7
-176340.7
-177688.0
-176464.4
-176354.4
-177523.1
-177069.4
-176574.4
-177083.1
-178086.8
-177743.0
-177193.1
-178526.7
-177454.3
-178691.7
-178526.7
-177853.0
-178526.7
-178925.4
-180039.1
-179709.1
-179255.4
-177963.0
-178815.4
-180039.1
-179874.1
-180767.8
-178251.7
-180492.8
-180712.8
-180217.8
-180547.8
-180204.1
-181386.4
-182623.8
-180602.8
-180946.5
-180767.8
-181111.5
-181331.4
-179819.1
-181950.1
-181056.5
-182005.1
-181785.2
-181785.2
-182898.8
-181895.1
-181730.2
-181950.1
-182458.8
-181661.4
-183022.5
-182458.8
-182788.8
-181771.4
-181895.1
-181620.2
-183627.5
-181840.1
-183352.5
-183242.5
-182170.1
-182733.8
-183627.5
-182280.1
-182293.9
-183022.5
-181730.2
-182293.9
-183627.5
-181716.4
-182170.1
-182733.8
-181730.2
-183063.8
-183393.8
-181606.4
-182843.8
-182500.1
-182678.8
-182678.8
-183022.5
-182898.8
-181895.1
-183242.5
-181771.4
-181056.5
-182348.9
-181785.2
-181606.4
-181386.4
-182458.8
-181606.4
-181276.5
-181111.5
-181551.4
-181042.7
-181056.5
-181840.1
-180987.7
-180107.8
-181331.4
-180259.0
-180382.8
-180877.7
-181331.4
-180492.8
-182005.1
-180204.1
-180204.1
-180424.0
-179379.1
-180712.8
-179709.1
-179530.4
-179764.1
-179942.8
-178306.7
-179090.4
-179269.1
-179035.4
-177963.0
-178705.4
-179145.4
-178128.0
-177454.3
-179379.1
-177138.1
-178141.8
-176959.4
-178540.5
-175735.7
-177578.1
-176904.4
-177234.3
-177014.4
-175172.0
-176574.4
-175103.3
-176285.7
-176285.7
-176010.7
-175955.7
-175502.0
-174993.3
-175103.3
-174319.6
-174718.3
-174608.3
-174443.4
-173769.7
-173769.7
-174099.6
-172752.3
-172422.3
-174883.3
-173206.0
-172697.3
-172697.3
-172532.3
-172876.0
-170126.3
-172697.3
-171913.6
-170401.2
-170181.3
-172078.6
-169562.6
-170236.3
-169397.6
-168833.9
-167885.2
-168490.2
-168160.2
-168668.9
-167541.5
-169562.6
-167610.3
-167266.5
-165919.2
-166702.8
-167321.5
-167046.6
-165809.2
-165300.5
-165520.5
-165066.7
-164736.8
-164063.1
-164406.8
-164640.5
-162000.8
-164296.8
-162949.5
-162619.5
-162385.8
-161437.1
-161492.1
-161492.1
-159979.7
-160763.4
-160598.4
-160199.7
-159072.3
-158907.3
-159237.3
-158068.7
-157903.7
-157450.0
-157285.0
-157395.0
-156102.6
-155827.6
-156611.3
-156611.3
-155607.7
-154989.0
-154425.3
-154879.0
-153696.6
-154260.3
-151909.3
-152926.7
-152363.0
-151854.3
-152074.2
-150493.1
-150891.9
-149214.5
-149393.2
-149393.2
-149668.2
-148994.5
-148210.9
-147702.2
-147482.2
-145172.4
-147523.4
-146409.8
-147248.4
-146244.8
-144608.7
-145117.4
-144333.7
-143838.8
-144045.0
-142381.4
-142546.4
-142092.7
-141584.0
-140814.1
-140979.0
-141309.0
-140305.4
-140305.4
-138848.0
-139013.0
-138050.6
-137500.6
-137170.7
-137060.7
-137046.9
-136043.3
-137046.9
-136043.3
-134805.9
-135369.6
-134077.2
-133637.2
-132633.6
-132166.1
-133403.5
-131561.2
-131341.2
-130488.8
-129705.1
-129196.4
-129993.8
-128192.8
-128522.7
-128302.8
-127519.1
-126900.4
-125786.7
-126116.7
-125223.1
-124164.4
-124783.1
-123985.7
-124659.4
-123875.7
-123875.7
-121359.7
-120796.0
-121813.4
-120356.0
-119118.6
-118609.9
-119063.6
-118211.2
-117427.5
-117152.6
-117042.6
-116712.6
-116877.6
-116203.9
-115750.2
-114251.6
-114691.6
-112161.8
-112271.8
-112670.5
-112051.8
-112161.8
-111501.9
-109810.8
-112670.5
-109192.1
-108862.1
-108518.4
-107968.4
-107349.8
-107679.7
-106002.4
-106332.4
-105548.7
-104270.1
-105438.7
-104215.1
-102524.0
-102634.0
-102853.9
-101960.3
-100392.9
-101066.6
-100172.9
-96969.5
-99884.2
-98206.9
-98041.9
-98041.9
-96130.8
-97258.2
-95580.9
-94728.5
-94508.5
-95017.2
-94398.5
-92817.4
-92157.5
-92377.4
-91373.8
-91208.8
-90535.1
-90865.1
-88404.1
-88294.1
-89022.8
-87111.7
-86438.0
-85874.3
-85489.3
-84925.6
-84581.9
-83578.3
-83014.6
-82395.9
-82519.6
-82395.9
-81722.2
-81612.2
-79604.9
-80319.8
-78202.5
-77858.8
-78202.5
-77363.9
-77363.9
-75672.8
-75177.8
-76071.5
-73156.8
-73775.5
-73651.7
-72648.1
-72084.4
-72304.4
-70407.0
-70737.0
-70063.3
-69953.3
-68111.0
-67836.0
-67602.3
-66928.6
-66474.9
-66144.9
-65196.3
-64632.6
-64288.9
-63051.5
-63615.2
-60934.2
-61264.2
-60934.2
-61497.9
-58583.2
-59806.8
-58693.1
-58349.4
-57235.8
-57455.8
-56562.1
-56232.1
-54541.0
-53977.3
-55503.5
-53207.4
-53207.4
-53372.4
-51241.4
-51846.3
-51516.3
-49165.3
-50677.7
-49550.3
-48766.6
-47872.9
-47872.9
-46016.9
-45906.9
-44573.2
-45081.9
-44958.2
-43610.8
-43047.1
-40929.8
-42153.5
-42153.5
-40311.2
-40641.1
-40077.4
-40146.2
-38345.1
-38180.1
-37850.1
-35609.1
-36599.0
-35595.4
-35100.4
-35320.4
-34481.7
-33753.0
-32405.7
-32061.9
-32075.7
-32515.6
-30659.6
-30549.6
-28542.3
-29326.0
-27744.9
-27854.8
-27414.9
-27236.2
-26906.2
-25228.8
-25173.8
-24843.9
-23991.5
-24445.2
-22987.8
-22149.1
-21695.4
-21351.7
-21131.7
-19344.4
-19743.1
-19619.4
-17777.1
-18450.7
-15701.0
-16773.4
-16319.7
-16649.7
-15756.0
-15701.0
-13679.9
-13679.9
-13171.2
-13061.3
-10655.2
-11878.9
-10201.5
-9706.6
-10380.3
-7300.6
-8909.1
-7919.2
-8922.9
-7451.8
-7850.5
-6613.1
-5279.5
-5279.5
-4825.8
-4770.8
-4605.8
-2694.7
-2859.7
-1072.4
-2254.8
-1072.4
728.7
-783.7
440.0
3354.7
1278.6
2186.0
3354.7
2791.0
3918.4
3684.6
5045.8
6214.4
6324.4
6434.4
6283.2
7506.8
8510.4
8180.5
9514.1
9129.1
9926.6
10586.5
10476.5
13446.2
10930.2
10806.5
13336.2
13102.5
13446.2
14958.6
14628.6
14463.6
15343.5
18203.3
16072.2
17873.3
17708.3
18712.0
17378.3
19949.3
19729.4
19385.7
20513.0
21571.7
21228.0
