IEC 61083-2 TDG Version 2.1.0
Data File Version  2.1.0
04 LI-A4
16 bits, 10997 samples at 10ns
1.000000e-008
0.0
0.0
0.0
0.0
0.0
0.0
0.0
0.0
0.0
0.0
0.0
0.0
0.0
0.0
0.0
0.0
0.0
0.0
0.0
0.0
0.0
0.0
0.0
0.0
0.0
0.0
0.0
0.0
0.0
0.0
0.0
0.0
0.0
0.0
0.0
0.0
0.0
0.0
0.0
0.0
0.0
0.0
0.0
0.0
0.0
0.0
0.0
0.0
0.0
0.0
0.0
0.0
0.0
0.0
0.0
0.0
0.0
0.0
0.0
0.0
0.0
0.0
0.0
0.0
0.0
0.0
0.0
0.0
0.0
0.0
0.0
0.0
0.0
0.0
0.0
0.0
0.0
0.0
0.0
0.0
0.0
0.0
0.0
0.0
0.0
0.0
0.0
0.0
0.0
0.0
0.0
0.0
0.0
0.0
0.0
0.0
0.0
0.0
0.0
0.0
0.0
0.0
0.0
0.0
0.0
0.0
0.0
0.0
0.0
0.0
0.0
0.0
0.0
0.0
0.0
0.0
0.0
0.0
0.0
0.0
0.0
0.0
0.0
0.0
0.0
0.0
0.0
0.0
0.0
0.0
0.0
0.0
0.0
0.0
0.0
0.0
0.0
0.0
0.0
0.0
0.0
0.0
0.0
0.0
0.0
0.0
0.0
0.0
0.0
0.0
0.0
0.0
0.0
0.0
0.0
0.0
0.0
0.0
0.0
0.0
0.0
0.0
0.0
0.0
0.0
0.0
0.0
0.0
0.0
0.0
0.0
0.0
0.0
0.0
0.0
0.0
0.0
0.0
0.0
0.0
0.0
0.0
0.0
0.0
0.0
0.0
0.0
0.0
0.0
0.0
0.0
0.0
0.0
0.0
0.0
0.0
0.0
0.0
0.0
0.0
0.0
0.0
0.0
0.0
0.0
0.0
0.0
0.0
0.0
0.0
0.0
0.0
0.0
0.0
0.0
0.0
0.0
0.0
0.0
0.0
0.0
0.0
0.0
0.0
0.0
0.0
0.0
0.0
0.0
0.0
0.0
0.0
0.0
0.0
0.0
0.0
0.0
0.0
0.0
0.0
0.0
0.0
0.0
0.0
0.0
0.0
0.0
0.0
0.0
0.0
0.0
0.0
0.0
0.0
0.0
0.0
0.0
0.0
0.0
0.0
0.0
0.0
0.0
0.0
0.0
0.0
0.0
0.0
0.0
0.0
0.0
0.0
0.0
0.0
0.0
0.0
0.0
0.0
0.0
0.0
0.0
0.0
0.0
0.0
0.0
0.0
0.0
0.0
0.0
0.0
0.0
0.0
0.0
0.0
0.0
0.0
0.0
0.0
0.0
0.0
0.0
0.0
0.0
0.0
0.0
0.0
0.0
0.0
0.0
0.0
0.0
0.0
0.0
0.0
0.0
0.0
0.0
0.0
0.0
0.0
0.0
0.0
0.0
0.0
0.0
0.0
0.0
0.0
0.0
0.0
0.0
0.0
0.0
0.0
0.0
0.0
0.0
0.0
0.0
0.0
0.0
0.0
0.0
0.0
0.0
0.0
0.0
0.0
0.0
0.0
0.0
0.0
0.0
0.0
0.0
0.0
0.0
0.0
0.0
0.0
0.0
0.0
0.0
0.0
0.0
0.0
0.0
0.0
0.0
0.0
0.0
0.0
0.0
0.0
0.0
0.0
0.0
0.0
0.0
0.0
0.0
0.0
0.0
0.0
0.0
0.0
0.0
0.0
0.0
0.0
0.0
0.0
0.0
0.0
0.0
0.0
0.0
0.0
0.0
0.0
0.0
0.0
0.0
0.0
0.0
0.0
0.0
0.0
0.0
0.0
0.0
0.0
0.0
0.0
0.0
0.0
0.0
0.0
0.0
0.0
0.0
0.0
0.0
0.0
0.0
0.0
0.0
0.0
0.0
0.0
0.0
0.0
0.0
0.0
0.0
0.0
0.0
0.0
0.0
0.0
0.0
0.0
0.0
0.0
0.0
0.0
0.0
0.0
0.0
0.0
0.0
0.0
0.0
0.0
0.0
0.0
0.0
0.0
0.0
0.0
0.0
0.0
0.0
0.0
0.0
0.0
0.0
0.0
0.0
0.0
0.0
0.0
0.0
0.0
0.0
0.0
0.0
0.0
0.0
0.0
0.0
0.0
0.0
0.0
0.0
0.0
0.0
0.0
0.0
0.0
0.0
0.0
0.0
0.0
0.0
0.0
0.0
0.0
0.0
0.0
0.0
0.0
0.0
0.0
0.0
0.0
0.0
0.0
0.0
0.0
0.0
0.0
0.0
0.0
0.0
0.0
0.0
0.0
0.0
0.0
0.0
0.0
0.0
0.0
0.0
0.0
0.0
0.0
0.0
0.0
0.0
0.0
0.0
0.0
0.0
0.0
0.0
0.0
0.0
0.0
0.0
0.0
0.0
0.0
0.0
0.0
0.0
0.0
0.0
0.0
0.0
0.0
0.0
0.0
0.0
0.0
0.0
0.0
0.0
0.0
0.0
0.0
0.0
0.0
0.0
0.0
0.0
0.0
0.0
0.0
0.0
0.0
0.0
0.0
0.0
0.0
0.0
0.0
0.0
0.0
0.0
0.0
0.0
0.0
0.0
0.0
0.0
0.0
0.0
0.0
0.0
0.0
0.0
0.0
0.0
0.0
0.0
0.0
0.0
0.0
0.0
0.0
0.0
0.0
0.0
0.0
0.0
0.0
0.0
0.0
0.0
0.0
0.0
0.0
0.0
0.0
0.0
0.0
0.0
0.0
0.0
0.0
0.0
0.0
0.0
0.0
0.0
0.0
0.0
0.0
0.0
0.0
0.0
0.0
0.0
0.0
0.0
0.0
0.0
0.0
0.0
0.0
0.0
0.0
0.0
0.0
0.0
0.0
0.0
0.0
0.0
0.0
0.0
0.0
0.0
0.0
0.0
0.0
0.0
0.0
0.0
0.0
0.0
0.0
0.0
0.0
0.0
0.0
0.0
0.0
0.0
0.0
0.0
0.0
0.0
0.0
0.0
0.0
0.0
0.0
0.0
0.0
0.0
0.0
0.0
0.0
0.0
0.0
0.0
0.0
0.0
0.0
0.0
0.0
0.0
0.0
0.0
0.0
0.0
0.0
0.0
0.0
0.0
0.0
0.0
0.0
0.0
0.0
0.0
0.0
0.0
0.0
0.0
0.0
0.0
0.0
0.0
0.0
0.0
0.0
0.0
0.0
0.0
0.0
0.0
0.0
0.0
0.0
0.0
0.0
0.0
0.0
0.0
0.0
0.0
0.0
0.0
0.0
0.0
0.0
0.0
0.0
0.0
0.0
0.0
0.0
0.0
0.0
0.0
0.0
0.0
0.0
0.0
0.0
0.0
0.0
0.0
0.0
0.0
0.0
0.0
0.0
0.0
0.0
0.0
0.0
0.0
0.0
0.0
0.0
0.0
0.0
0.0
0.0
0.0
0.0
0.0
0.0
0.0
0.0
0.0
0.0
0.0
0.0
0.0
0.0
0.0
0.0
0.0
0.0
0.0
0.0
0.0
0.0
0.0
0.0
0.0
0.0
0.0
0.0
0.0
0.0
0.0
0.0
0.0
0.0
0.0
0.0
0.0
0.0
0.0
0.0
0.0
0.0
0.0
0.0
0.0
0.0
0.0
0.0
0.0
0.0
0.0
0.0
0.0
0.0
0.0
0.0
0.0
0.0
0.0
0.0
0.0
0.0
0.0
0.0
0.0
0.0
0.0
0.0
0.0
0.0
0.0
0.0
0.0
0.0
0.0
0.0
0.0
0.0
0.0
0.0
0.0
0.0
0.0
0.0
0.0
0.0
0.0
0.0
0.0
0.0
0.0
0.0
0.0
0.0
0.0
0.0
0.0
0.0
0.0
0.0
0.0
0.0
0.0
0.0
0.0
0.0
0.0
0.0
0.0
0.0
0.0
0.0
0.0
0.0
0.0
0.0
0.0
0.0
0.0
0.0
0.0
0.0
0.0
0.0
0.0
0.0
0.0
0.0
0.0
0.0
0.0
0.0
0.0
0.0
0.0
0.0
0.0
0.0
0.0
0.0
0.0
0.0
0.0
0.0
0.0
0.0
0.0
0.0
0.0
0.0
0.0
0.0
0.0
0.0
0.0
0.0
0.0
0.0
0.0
0.0
0.0
0.0
0.0
0.0
0.0
0.0
0.0
0.0
0.0
0.0
0.0
0.0
0.0
0.0
0.0
0.0
0.0
0.0
0.0
0.0
0.0
0.0
0.0
0.0
0.0
0.0
0.0
0.0
0.0
0.0
0.0
0.0
0.0
0.0
0.0
0.0
0.0
0.0
0.0
0.0
0.0
0.0
0.0
0.0
0.0
0.0
0.0
0.0
0.0
0.0
0.0
0.0
0.0
0.0
0.0
0.0
0.0
0.0
0.0
0.0
0.0
0.0
0.0
0.0
0.0
0.0
0.0
0.0
0.0
413.6
1654.2
3681.9
6470.1
9978.6
14167.5
19010.0
24479.5
30562.7
37179.6
44356.7
52027.4
60191.7
68796.2
77827.6
87245.9
97051.1
107203.1
117688.6
128454.3
139513.4
150812.7
162352.1
174104.9
186057.9
198157.6
210417.4
222823.9
235337.2
247943.8
260643.8
273397.2
286203.9
299037.3
311910.8
324757.5
337631.0
350451.1
363257.8
375997.8
388697.9
401331.2
413871.1
426344.3
438697.5
450957.3
463097.0
475116.7
487002.9
498755.8
510348.5
521794.5
533107.2
544246.4
555212.1
566004.5
576623.4
587068.9
597314.3
607372.9
617271.4
626943.2
636428.2
645726.4
654811.2
663695.9
672393.8
680864.9
689149.3
697233.5
705104.3
712761.7
720232.3
727476.1
734533.1
741390.1
748033.6
754490.3
760733.6
766763.4
772633.2
778276.2
783745.7
789015.1
794084.5
798980.4
803689.5
808225.3
812574.2
816736.4
820725.2
824540.5
828195.8
831677.6
834999.3
838174.3
841162.6
844017.4
846712.2
849260.2
851661.4
853916.0
856037.1
858038.1
859892.4
861600.0
863214.2
864681.6
866042.3
867283.0
868403.6
869430.8
870337.9
871138.4
871845.4
872459.1
872966.0
873392.9
873726.4
873966.5
874139.9
874233.3
874260.0
874193.3
874073.2
873859.8
873606.3
873272.8
872899.3
872459.1
871965.5
871418.5
870818.2
870177.9
869497.5
868763.8
867990.0
867203.0
866349.2
865482.0
864574.9
863641.1
862693.9
861693.4
860679.5
859652.3
858611.8
857544.5
856450.6
855370.1
854249.5
853128.9
851995.0
850861.0
849713.8
848566.5
847405.9
846245.3
845084.6
843924.0
842763.4
841602.8
840442.2
839294.9
838134.3
836987.1
835853.1
834719.2
833598.6
832478.0
831370.8
830276.9
829182.9
828115.7
827048.5
825994.6
824954.1
823926.9
822913.0
821912.5
820925.3
819964.8
819004.3
818057.1
817136.6
816229.5
815335.7
814455.2
813588.1
812747.6
811933.9
811106.8
810319.7
809532.6
808772.2
808025.1
807291.4
806584.4
805890.7
805210.3
804543.3
803903.0
803262.6
802649.0
802048.7
801475.0
800914.7
800354.4
799820.8
799300.6
798780.3
798313.4
797833.1
797379.5
796926.0
796485.7
796072.2
795672.0
795271.8
794898.2
794538.1
794177.9
793844.4
793510.8
793204.0
792897.2
792603.7
792310.2
792043.4
791776.6
791536.5
791283.0
791069.6
790842.8
790616.0
790429.2
790229.1
790042.4
789868.9
789695.5
789535.4
789388.7
789241.9
789081.8
788961.8
788828.4
788721.7
788614.9
788481.5
788388.2
788294.8
788201.4
788121.3
788041.3
787947.9
787867.9
787801.2
787747.8
787681.1
787627.8
787561.0
787521.0
787467.7
787414.3
787360.9
787334.3
787294.2
787254.2
787214.2
787187.5
787147.5
787120.8
787094.1
787067.5
787040.8
787014.1
786987.4
786960.7
786934.1
786920.7
786894.0
786880.7
786854.0
786814.0
786800.6
786774.0
786747.3
786733.9
786707.3
786693.9
786653.9
786640.6
786613.9
786587.2
786560.5
786533.8
786520.5
786480.5
786453.8
786427.1
786400.4
786360.4
786333.7
786293.7
786240.4
786213.7
786173.7
786133.6
786093.6
786053.6
786013.6
785973.5
785920.2
785880.2
785826.8
785786.8
785733.4
785666.7
785613.4
785560.0
785506.6
785453.3
785399.9
785333.2
785279.8
785213.1
785146.4
785079.7
785013.0
784946.3
784866.3
784799.6
784732.9
784666.2
784586.2
784506.1
784426.1
784346.0
784279.3
784199.3
784119.2
784039.2
783945.8
783865.8
783785.7
783692.3
783599.0
783518.9
783425.5
783332.2
783238.8
783158.7
783065.4
782972.0
782878.6
782771.9
782678.5
782585.1
782491.7
782385.0
782291.6
782184.9
782078.2
781984.8
781891.4
781784.7
781678.0
781571.2
781477.8
781371.1
781264.4
781157.7
781051.0
780944.2
780837.5
780730.8
780624.1
780504.0
780397.3
780290.6
780183.8
780077.1
779957.0
779850.3
779743.6
779636.9
779530.2
779410.1
779303.4
779196.6
779089.9
778969.9
778849.8
778743.1
778636.4
778529.6
778409.6
778302.8
778182.8
778076.1
777956.0
777849.3
777742.5
777622.5
777502.4
777395.7
777289.0
777182.3
777048.9
776942.1
776835.4
776715.3
776608.6
776488.6
776381.8
776261.8
776155.0
776048.3
775928.3
775821.5
775701.5
775594.8
775488.0
775368.0
775261.2
775141.2
775034.5
774927.7
774807.7
774700.9
774594.2
774487.5
774380.8
774260.7
774140.7
774033.9
773927.2
773820.5
773700.4
773593.7
773487.0
773380.3
773273.5
773153.5
773033.4
772940.0
772833.3
772726.6
772619.9
772499.8
772393.1
772286.3
772179.6
772072.9
771952.8
771846.1
771739.4
771632.7
771539.3
771419.2
771312.5
771205.8
771099.1
770992.3
770872.3
770765.5
770672.2
770565.4
770458.7
770365.3
770231.9
770125.2
770031.8
769925.1
769831.7
769711.7
769604.9
769498.2
769391.5
769298.1
769191.4
769084.7
768977.9
768857.9
768764.5
768657.8
768551.0
768444.3
768337.6
768230.9
768137.5
768017.4
767924.1
767817.3
767710.6
767617.2
767510.5
767403.8
767297.1
767190.3
767083.6
766990.2
766870.2
766763.4
766670.1
766563.3
766470.0
766363.2
766243.2
766149.8
766043.1
765949.7
765843.0
765722.9
765629.5
765522.8
765429.4
765322.7
765216.0
765109.2
765002.5
764909.1
764802.4
764695.7
764589.0
764495.6
764375.5
764282.1
764188.8
764082.0
763962.0
763868.6
763761.9
763668.5
763561.8
763441.7
763348.3
763241.6
763148.2
763041.5
762934.8
762828.0
762734.7
762627.9
762521.2
762427.8
762307.8
762214.4
762107.7
762000.9
761907.6
761814.2
761694.1
761587.4
761494.0
761400.6
761293.9
761173.8
761080.4
760973.7
760880.3
760773.6
760666.9
760560.2
760466.8
760346.7
760253.3
760160.0
760039.9
759933.2
759839.8
759733.1
759639.7
759533.0
759412.9
759319.5
759226.1
759119.4
759012.7
758906.0
758812.6
758705.9
758599.1
758505.8
758399.0
758292.3
758185.6
758078.9
757985.5
757892.1
757772.0
757665.3
757571.9
757478.6
757371.8
757265.1
757158.4
757051.7
756958.3
756851.6
756758.2
756638.1
756544.7
756438.0
756331.3
756237.9
756144.5
756024.5
755917.7
755824.4
755731.0
755610.9
755517.5
755410.8
755304.1
755197.4
755104.0
755010.6
754890.5
754783.8
754690.4
754597.0
754490.3
754383.6
754276.9
754170.1
754076.8
753970.0
753876.7
753756.6
753663.2
753556.5
753463.1
753356.4
753263.0
753142.9
753049.6
752942.8
752849.5
752742.7
752636.0
752529.3
752435.9
752329.2
752235.8
752129.1
752022.4
751915.6
751822.2
751715.5
751622.1
751502.1
751408.7
751302.0
751208.6
751101.9
751008.5
750888.4
750795.0
750688.3
750594.9
750501.6
750394.8
750274.8
750181.4
750088.0
749981.3
749874.6
749767.8
749674.4
749567.7
749461.0
749367.6
749274.2
749154.2
749060.8
748954.1
748860.7
748754.0
748647.2
748553.9
748447.1
748340.4
748247.0
748153.6
748033.6
747926.9
747833.5
747740.1
747633.4
747526.7
747419.9
747326.5
747219.8
747126.4
747033.1
746913.0
746806.3
746712.9
746619.5
746512.8
746419.4
746312.7
746206.0
746099.2
746005.9
745912.5
745792.4
745699.0
745592.3
745498.9
745392.2
745298.8
745192.1
745085.4
744992.0
744885.3
744791.9
744671.8
744578.4
744485.1
744378.3
744284.9
744178.2
744071.5
743964.8
743871.4
743778.0
743671.3
743577.9
743457.8
743364.5
743257.7
743164.4
743071.0
742950.9
742857.5
742764.1
742657.4
742550.7
742457.3
742350.6
742243.9
742150.5
742057.1
741963.7
741857.0
741750.3
741643.6
741536.8
741443.5
741350.1
741243.3
741136.6
741043.2
740949.9
740843.1
740749.8
740643.0
740536.3
740429.6
740336.2
740242.8
740122.8
740029.4
739936.0
739829.3
739735.9
739642.5
739522.4
739429.1
739335.7
739229.0
739122.2
739028.8
738922.1
738815.4
738722.0
738628.6
738521.9
738415.2
738321.8
738215.1
738121.7
738028.3
737921.6
737814.9
737721.5
737628.1
737521.4
737428.0
737334.6
737214.6
737107.8
737014.5
736921.1
736814.3
736721.0
736614.2
736507.5
736414.1
736320.8
736214.0
736107.3
736013.9
735907.2
735813.8
735720.4
735613.7
735507.0
735413.6
735306.9
735213.5
735120.1
735013.4
734906.7
734813.3
734719.9
734613.2
734519.8
734413.1
734306.4
734213.0
734119.6
734012.9
733919.5
733812.8
733706.0
733612.7
733519.3
733412.6
733319.2
733212.5
733105.7
733012.3
732919.0
732812.2
732705.5
732612.1
732505.4
732412.0
732318.6
732211.9
732105.2
732011.8
731918.4
731811.7
731718.3
731625.0
731504.9
731424.8
731318.1
731224.7
731131.4
731011.3
730917.9
730824.5
730717.8
730624.4
730531.0
730411.0
730317.6
730224.2
730117.5
730024.1
729930.7
729824.0
729717.3
729623.9
729530.5
729437.1
729343.8
729223.7
729130.3
729036.9
728930.2
728836.8
728730.1
728623.4
728530.0
728436.6
728329.9
728249.8
728143.1
728036.4
727943.0
727849.6
727742.9
727649.5
727542.8
727436.1
727342.7
727249.3
727155.9
727062.6
726942.5
726849.1
726755.7
726649.0
726555.6
726448.9
726355.5
726248.8
726168.7
726062.0
725968.6
725861.9
725755.2
725661.8
725568.4
725461.7
725368.3
725261.6
725168.2
725074.8
724968.1
724874.7
724781.4
724674.6
724581.2
724487.9
724381.1
724287.8
724194.4
724074.3
723980.9
723887.5
723794.2
723700.8
723580.7
723487.3
723394.0
723300.6
723207.2
723113.8
722993.7
722900.4
722807.0
722700.3
722606.9
722513.5
722406.8
722313.4
722206.7
722113.3
722019.9
721926.5
721819.8
721726.4
721619.7
721526.3
721432.9
721326.2
721232.8
721126.1
721032.7
720939.3
720845.9
720739.2
720645.8
720539.1
720445.7
720352.4
720259.0
720152.2
720045.5
719952.1
719858.8
719765.4
719672.0
719551.9
719458.5
719365.2
719271.8
719178.4
719085.0
718965.0
718884.9
718778.2
718684.8
718591.4
718471.4
718391.3
718284.6
718191.2
718097.8
718004.5
717897.7
717804.3
717697.6
717604.2
717510.9
717417.5
717310.8
717204.0
717124.0
717030.6
716923.9
716830.5
716723.8
716630.4
716537.0
716430.3
716336.9
716243.5
716136.8
716043.4
715936.7
715856.7
715763.3
715656.5
715549.8
715456.4
715363.1
715269.7
715163.0
715082.9
714962.9
714869.5
714789.4
714682.7
714589.3
714482.6
714389.2
714295.8
714189.1
714095.7
714002.3
713895.6
713802.2
713708.9
713615.5
713522.1
713415.4
713322.0
713215.3
713121.9
713028.5
712935.1
712841.7
712721.7
712641.6
712548.2
712441.5
712361.5
712254.8
712148.0
712054.7
711961.3
711867.9
711761.2
711681.1
711574.4
711467.7
711387.6
711280.9
711187.5
711094.1
710987.4
710894.0
710800.7
710707.3
710613.9
710507.2
710413.8
710307.1
710227.0
710120.3
710026.9
709920.2
709826.8
709733.4
709640.1
709546.7
709453.3
709346.6
709253.2
709146.5
709066.4
708959.7
708866.3
708772.9
708666.2
708572.8
708479.4
708386.1
708292.7
708186.0
708092.6
707985.8
707905.8
707812.4
707719.0
707612.3
707505.6
707425.6
707318.8
707225.4
707145.4
707025.3
706932.0
706838.6
706745.2
706651.8
706558.4
706451.7
706358.3
706264.9
706171.6
706078.2
705984.8
705878.1
705784.7
705678.0
705597.9
705491.2
705411.2
705304.4
705197.7
705117.7
705010.9
704930.9
704810.8
704717.5
704637.4
704530.7
704450.7
704343.9
704237.2
704143.8
704050.4
703957.1
703863.7
703783.6
703663.6
703570.2
703476.8
703383.4
703290.0
703196.7
703089.9
702996.6
702903.2
702809.8
702716.4
702623.0
702516.3
702422.9
702329.5
702236.2
702142.8
702049.4
701942.7
701849.3
701755.9
701662.5
701569.1
701475.8
701369.0
701275.6
701182.3
701088.9
700995.5
700902.1
700795.4
700715.4
700608.6
700515.2
700421.9
700328.5
700221.8
700128.4
700035.0
699941.6
699861.6
699754.8
699661.5
699554.7
699474.7
699368.0
699287.9
699194.6
699074.5
698994.4
698887.7
698807.7
698701.0
698620.9
698500.9
698420.8
698327.4
698234.0
698140.7
698047.3
697940.6
697847.2
697753.8
697660.4
697567.0
697473.6
697366.9
697273.5
697180.2
697100.1
696993.4
696913.4
696793.3
696713.2
696606.5
696526.5
696419.8
696339.7
696233.0
696139.6
696046.2
695952.8
695872.8
695766.1
695672.7
695566.0
695485.9
695379.2
695299.2
695192.4
695099.1
695005.7
694912.3
694818.9
694725.5
694632.2
694525.4
694445.4
694338.7
694258.6
694151.9
694071.9
693951.8
693871.8
693778.4
693685.0
693591.6
693498.2
693391.5
693298.1
693218.1
693111.4
693031.3
692924.6
692831.2
692737.8
692644.4
692551.1
692457.7
692364.3
692257.6
692164.2
692084.1
691977.4
691897.4
691804.0
691697.3
691603.9
691510.5
691417.1
691323.7
691243.7
691123.6
691043.6
690950.2
690856.8
690763.5
690670.1
690563.3
690483.3
690376.6
690296.5
690189.8
690109.8
690003.1
689909.7
689816.3
689722.9
689629.5
689549.5
689456.1
689349.4
689256.0
689162.6
689069.2
688975.8
688895.8
688789.1
688695.7
688602.3
688508.9
688415.5
688335.5
688215.4
688135.4
688042.0
687948.6
687855.3
687761.9
687655.1
687575.1
687468.4
687388.3
687295.0
687201.6
687094.9
687014.8
686908.1
686828.0
686721.3
686641.3
686534.6
686441.2
686347.8
686267.8
686161.0
686081.0
685974.3
685880.9
685787.5
685707.5
685600.7
685520.7
685414.0
685320.6
685227.2
685147.2
685040.4
684960.4
684853.7
684760.3
684666.9
684586.9
684480.1
684400.1
684293.4
684200.0
684106.6
684026.6
683933.2
683839.8
683733.1
683653.0
683546.3
683466.3
683372.9
683279.5
683186.1
683092.7
682986.0
682906.0
682812.6
682732.6
682625.8
682532.5
682439.1
682345.7
682252.3
682172.3
682078.9
681972.2
681878.8
681798.7
681692.0
681612.0
681518.6
681411.9
681318.5
681238.4
681145.1
681051.7
680958.3
680851.6
680771.5
680678.1
680584.8
680491.4
680411.3
680291.3
680211.2
680117.9
680024.5
679931.1
679851.0
679744.3
679650.9
679557.6
679477.5
679384.1
679290.7
679197.4
679104.0
679010.6
678917.2
678823.8
678743.8
678650.4
678543.7
678450.3
678356.9
678276.9
678183.5
678090.1
677983.4
677903.4
677810.0
677716.6
677623.2
677543.2
677436.4
677343.1
677249.7
677169.6
677076.2
676982.9
676876.1
676782.8
676702.7
676609.3
676529.3
676422.6
676329.2
676235.8
676155.8
676049.0
675969.0
675875.6
675795.6
675688.9
675595.5
675502.1
675408.7
675328.7
675235.3
675128.6
675035.2
674955.1
674861.8
674781.7
674688.3
674581.6
674488.2
674408.2
674314.8
674221.4
674128.0
674021.3
673941.3
673847.9
673767.8
673674.5
673581.1
673474.4
673394.3
673300.9
673207.5
673127.5
673034.1
672940.7
672834.0
672754.0
672660.6
672580.6
672473.8
672393.8
672287.1
672193.7
672113.6
672020.3
671926.9
671833.5
671740.1
671646.7
671566.7
671473.3
671379.9
671286.5
671193.2
671099.8
671006.4
670926.3
670833.0
670752.9
670632.9
670552.8
670459.4
670379.4
670286.0
670192.6
670112.6
670005.9
669912.5
669819.1
669739.1
669645.7
669552.3
669458.9
669365.5
669285.5
669192.1
669098.7
669005.3
668912.0
668818.6
668725.2
668645.1
668551.8
668471.7
668378.3
668271.6
668178.2
668098.2
668004.8
667911.4
667831.4
667724.7
667644.6
667551.2
667457.9
667377.8
667284.4
667177.7
667084.3
667004.3
666910.9
666830.9
666737.5
666630.8
666550.7
666457.3
666377.3
666283.9
666203.9
666097.1
666003.8
665910.4
665817.0
665737.0
665643.6
665563.5
665456.8
665363.4
665283.4
665190.0
665110.0
665016.6
664923.2
664829.8
664736.4
664643.0
664549.7
664469.6
664362.9
664282.9
664189.5
664109.4
664016.0
663922.7
663842.6
663735.9
663655.9
663562.5
663469.1
663389.0
663295.7
663202.3
663108.9
663015.5
662935.5
662842.1
662762.1
662655.3
662575.3
662481.9
662388.5
662308.5
662215.1
662135.1
662028.3
661934.9
661841.6
661748.2
661668.1
661574.8
661481.4
661388.0
661308.0
661214.6
661121.2
661041.1
660934.4
660854.4
660761.0
660667.6
660587.6
660494.2
660414.1
660307.4
660214.0
660134.0
660040.6
659960.6
659880.5
659773.8
659693.8
659600.4
659520.3
659427.0
659333.6
659240.2
659146.8
659066.8
658973.4
658880.0
658800.0
658706.6
658613.2
658519.8
658426.4
658346.4
658253.0
658173.0
658066.2
657986.2
657892.8
657799.4
657719.4
657626.0
657532.6
657439.3
657345.9
657265.8
657172.4
657092.4
657012.4
656905.6
656825.6
656732.2
656638.8
656558.8
656465.4
656372.0
656278.6
656185.3
656105.2
656011.8
655931.8
655825.1
655745.0
655665.0
655571.6
655478.2
655398.2
655304.8
655211.4
655118.0
655038.0
654944.6
654851.2
654771.2
654664.5
654584.4
654504.4
654411.0
654330.9
654237.6
654144.2
654050.8
653957.4
653877.4
653784.0
653690.6
653623.9
653517.2
653423.8
653343.8
653250.4
653170.3
653077.0
652970.2
652890.2
652796.8
652716.8
652636.7
652543.3
652463.3
652356.6
652276.5
652183.2
652089.8
652009.7
651929.7
651823.0
651742.9
651649.5
651569.5
651476.1
651382.7
651302.7
651209.3
651115.9
651035.9
650942.5
650862.5
650769.1
650662.4
650595.7
650502.3
650408.9
650328.8
650235.5
650155.4
650048.7
649968.7
649888.6
649795.2
649701.8
649621.8
649515.1
649435.0
649355.0
649261.6
649181.6
649088.2
648981.5
648901.4
648821.4
648728.0
648648.0
648554.6
648474.5
648381.2
648287.8
648207.7
648114.3
648021.0
647940.9
647847.5
647754.2
647674.1
647580.7
647500.7
647407.3
647327.3
647233.9
647140.5
647047.1
646967.1
646887.0
646793.6
646700.3
646606.9
646526.8
646446.8
646353.4
646273.4
646180.0
646073.3
646006.6
645913.2
645819.8
645739.8
645646.4
645553.0
645473.0
645379.6
645299.5
645206.1
645126.1
645046.1
644939.3
644846.0
644765.9
644685.9
644592.5
644512.4
644405.7
644325.7
644245.6
644152.3
644058.9
643992.2
643898.8
643792.1
643712.0
643618.6
643538.6
643458.6
643365.2
643271.8
643191.8
643098.4
643018.3
642924.9
642844.9
642764.9
642658.1
642564.8
642498.1
642404.7
642311.3
642231.2
642137.9
642044.5
641964.4
641871.1
641791.0
641711.0
641617.6
641524.2
641444.2
641350.8
641270.7
641190.7
641097.3
640990.6
640910.6
640830.5
640737.1
640657.1
640563.7
640483.7
640390.3
640296.9
640216.9
640136.8
640043.4
639963.4
639870.0
639776.6
639696.6
639616.5
639523.2
639443.1
639349.7
639256.4
639176.3
639082.9
639002.9
638909.5
638829.5
638736.1
638642.7
638562.7
638469.3
638389.2
638309.2
638215.8
638122.4
638042.4
637949.0
637869.0
637788.9
637695.5
637602.1
637522.1
637428.7
637348.7
637268.6
637175.3
637095.2
637001.8
636908.4
636815.1
636748.4
636655.0
636561.6
636494.9
636388.2
636294.8
636228.1
636134.7
636041.3
635974.6
635867.9
635787.9
635707.8
635614.4
635534.4
635441.0
635361.0
635267.6
635174.2
635094.2
635014.1
634920.7
634840.7
634747.3
634653.9
634573.9
634493.8
634400.5
634320.4
634240.4
634133.7
634053.6
633973.6
633880.2
633800.1
633720.1
633613.4
633533.3
633453.3
633373.3
633279.9
633199.8
633119.8
633013.1
632933.0
632853.0
632759.6
632679.6
632599.5
632506.1
632412.7
632332.7
632252.7
632159.3
632079.2
631999.2
631892.5
631812.4
631732.4
631639.0
631559.0
631478.9
631385.5
631292.2
631212.1
631132.1
631038.7
630972.0
630878.6
630785.2
630691.8
630611.8
630531.8
630438.4
630358.3
630278.3
630171.6
630104.9
630011.5
629931.4
629851.4
629758.0
629678.0
629571.3
629504.6
629411.2
629317.8
629251.1
629157.7
629077.7
628984.3
628904.2
628810.9
628730.8
628650.8
628557.4
628464.0
628384.0
628303.9
628210.5
628130.5
628050.5
627970.4
627863.7
627783.6
627703.6
627610.2
627530.2
627450.1
627370.1
627263.4
627196.7
627103.3
627023.2
626929.9
626849.8
626756.4
626663.1
626596.4
626503.0
626422.9
626342.9
626262.8
626156.1
626076.1
625996.0
625916.0
625822.6
625742.6
625662.5
625569.1
625475.8
625395.7
625315.7
625222.3
625142.3
625048.9
624968.8
624875.5
624808.7
624715.4
624635.3
624555.3
624461.9
624368.5
624288.5
624208.4
624128.4
624035.0
623955.0
623861.6
623781.5
623688.2
623608.1
623528.1
623448.0
623341.3
623274.6
623181.2
623101.2
623021.1
622941.1
622861.1
622754.3
622674.3
622594.3
622514.2
622420.8
622340.8
622260.7
622167.4
622074.0
622007.3
621913.9
621833.9
621753.8
621673.8
621567.0
621487.0
621407.0
621326.9
621246.9
621153.5
621073.5
620980.1
620900.0
620806.6
620739.9
620646.6
620566.5
620473.1
620393.1
620313.1
620219.7
620139.6
620059.6
619979.5
619872.8
619806.1
619726.1
619632.7
619552.7
619472.6
619379.2
619285.8
619205.8
619125.8
619045.7
618965.7
618872.3
618792.2
618698.9
618618.8
618538.8
618458.7
618378.7
618285.3
618191.9
618111.9
618031.8
617951.8
617871.8
617791.7
617698.3
617605.0
617524.9
617444.9
617364.8
617271.4
617191.4
617098.0
617018.0
616937.9
616857.9
616777.9
616684.5
616604.4
616511.0
616431.0
616351.0
616270.9
616190.9
616110.8
616017.5
615924.1
615844.0
615764.0
615683.9
615590.6
615523.9
615443.8
615337.1
615257.1
615177.0
615097.0
615016.9
614923.5
614843.5
614763.5
614670.1
614590.0
614510.0
614430.0
614349.9
614243.2
614163.1
614096.4
614003.1
613923.0
613843.0
613762.9
613669.6
613589.5
613496.1
613429.4
613336.0
613256.0
613176.0
613082.6
613002.5
612922.5
612829.1
612749.1
612682.4
612589.0
612495.6
612415.6
612335.5
612255.5
612175.4
612082.1
612015.4
611922.0
611828.6
611748.5
611668.5
611588.5
611508.4
611428.4
611335.0
611255.0
611174.9
611081.5
611001.5
610921.4
610828.1
610748.0
610668.0
610587.9
610507.9
610427.8
610347.8
610241.1
610174.4
610094.3
610001.0
609920.9
609840.9
609760.8
609667.4
609587.4
609507.4
609427.3
609347.3
609267.2
609173.9
609093.8
609013.8
608920.4
608840.3
608760.3
608693.6
608600.2
608506.8
608426.8
608346.8
608266.7
608186.7
608106.6
608013.2
607933.2
607853.2
607759.8
607679.7
607599.7
607533.0
607439.6
607346.2
607266.2
607186.1
607106.1
607026.1
606946.0
606866.0
606772.6
606692.6
606612.5
606519.1
606452.4
606372.4
606279.0
606185.6
606105.6
606038.9
605958.8
605865.4
605785.4
605692.0
605625.3
605531.9
605451.9
605371.9
605291.8
605211.8
605118.4
605038.3
604958.3
604878.3
604798.2
604718.2
604638.1
604544.8
604464.7
604384.7
604304.6
604224.6
604131.2
604064.5
603971.1
603891.1
603811.0
603717.7
603650.9
603570.9
603490.9
603384.1
603304.1
603237.4
603157.4
603077.3
602983.9
602903.9
602823.8
602743.8
602663.8
602570.4
602490.3
602423.6
602343.6
602236.9
602156.8
602076.8
602010.1
601930.0
601836.7
601756.6
601663.2
601583.2
601516.5
601436.5
601343.1
601263.0
601183.0
601102.9
601022.9
600929.5
600849.5
600769.4
600702.7
600622.7
600529.3
600435.9
600355.9
600289.2
600209.1
600129.1
600035.7
599942.3
599875.6
599795.6
599715.5
599635.5
599542.1
599475.4
599382.0
599302.0
599222.0
599141.9
599061.9
598981.8
598901.8
598808.4
598728.4
598648.3
598568.3
598488.2
598408.2
598328.1
598234.8
598154.7
598088.0
598008.0
597914.6
597834.6
597754.5
597674.5
597594.4
597514.4
597434.3
597341.0
597274.3
597194.2
597100.8
597020.8
596940.8
596860.7
596780.7
596700.6
596620.6
596527.2
596447.2
596367.1
596300.4
596220.4
596140.3
596046.9
595953.6
595873.5
595806.8
595726.8
595646.7
595566.7
595486.7
595393.3
595313.2
595233.2
595153.1
595073.1
594993.1
594913.0
594833.0
594752.9
594672.9
594592.9
594499.5
594432.8
594352.7
594259.3
594179.3
594099.3
594019.2
593939.2
593872.5
593792.4
593699.0
593605.7
593525.6
593458.9
593378.9
593298.8
593218.8
593125.4
593045.4
592965.3
592898.6
592818.6
592738.5
592658.5
592551.8
592485.1
592405.0
592325.0
592244.9
592164.9
592084.9
591991.5
591924.8
591844.7
591764.7
591684.7
591604.6
591524.6
591431.2
591364.5
591271.1
591191.1
591111.0
591031.0
590964.3
590870.9
590790.9
590710.8
590630.8
590550.7
590470.7
590404.0
590310.6
590230.6
590150.5
590070.5
589990.4
589910.4
589843.7
589750.3
589670.3
589590.2
589510.2
589430.1
589350.1
589283.4
589190.0
589096.6
589016.6
588936.5
588869.8
588789.8
588709.8
588616.4
588536.3
588456.3
588376.2
588309.5
588229.5
588149.5
588069.4
587976.0
587896.0
587816.0
587749.2
587669.2
587589.2
587509.1
587415.7
587335.7
587255.7
587189.0
587108.9
587028.9
586948.8
586855.4
586775.4
586695.4
586628.7
586548.6
586468.6
586388.5
586295.2
586215.1
586135.1
586068.4
585988.3
585908.3
585828.2
585748.2
585668.2
585588.1
585508.1
585441.4
585361.3
585281.3
585187.9
585107.9
585027.8
584947.8
584881.1
584801.0
584721.0
584627.6
584547.6
584467.5
584387.5
584320.8
584240.7
584160.7
584067.3
583987.3
583907.2
583827.2
583760.5
583680.4
583613.7
583533.7
583440.3
583360.3
583280.2
583200.2
583120.1
583053.4
582973.4
582880.0
582800.0
582719.9
582639.9
582559.9
582493.2
582413.1
582333.1
582253.0
582173.0
582092.9
582012.9
581932.9
581852.8
581772.8
581692.7
581612.7
581532.6
581452.6
581372.6
581305.9
581212.5
581132.4
581065.7
580985.7
580905.6
580825.6
580745.6
580665.5
580572.1
580505.4
580425.4
580358.7
580278.7
580198.6
580118.6
580025.2
579945.1
579865.1
579798.4
579718.4
579651.7
579571.6
579478.2
579398.2
579318.1
579238.1
579171.4
579091.4
579011.3
578931.3
578851.2
578771.2
578691.2
578611.1
578531.1
578464.4
578371.0
578304.3
578224.2
578144.2
578064.2
577984.1
577904.1
577824.0
577744.0
577663.9
577597.2
577517.2
577437.2
577357.1
577277.1
577183.7
577117.0
577036.9
576956.9
576890.2
576810.2
576730.1
576636.7
576570.0
576490.0
576410.0
576329.9
576249.9
576183.2
576089.8
576023.1
575943.0
575863.0
575783.0
575702.9
575622.9
575556.2
575462.8
575396.1
575316.0
575236.0
575156.0
575089.3
575009.2
574915.8
574835.8
574755.7
574689.0
574609.0
574542.3
574462.3
574368.9
574288.8
574208.8
574142.1
574062.0
573982.0
573902.0
573835.3
573741.9
573675.2
573595.1
573515.1
573435.1
573368.3
573288.3
573194.9
573114.9
573034.8
572968.1
572901.4
572821.4
572741.4
572648.0
572581.3
572501.2
572421.2
572341.1
572261.1
572194.4
572101.0
572034.3
571954.3
571874.2
571807.5
571727.5
571647.4
571567.4
571474.0
571407.3
571327.3
571247.2
571180.5
571100.5
571033.8
570940.4
570860.4
570780.3
570713.6
570633.6
570553.5
570473.5
570393.5
570313.4
570246.7
570166.7
570100.0
570019.9
569939.9
569859.8
569779.8
569699.8
569619.7
569539.7
569459.6
569392.9
569312.9
569232.8
569152.8
569086.1
569006.1
568926.0
568846.0
568779.3
568685.9
568605.8
568539.1
568459.1
568379.1
568312.4
568232.3
568165.6
568072.2
567992.2
567925.5
567845.4
567765.4
567685.4
567618.7
567525.3
567445.2
567378.5
567298.5
567218.4
567151.7
567071.7
567005.0
566911.6
566831.6
566764.9
566684.8
566604.8
566538.1
566458.0
566364.7
566284.6
566217.9
566137.9
566071.2
565991.1
565924.4
565831.1
565751.0
565684.3
565604.3
565524.2
565457.5
565377.5
565297.4
565217.4
565137.4
565057.3
564990.6
564910.6
564830.5
564763.8
564683.8
564603.7
564523.7
564457.0
564377.0
564296.9
564230.2
564150.2
564056.8
563990.1
563910.0
563830.0
563763.3
563683.3
563603.2
563523.2
563443.1
563376.4
563296.4
563229.7
563149.6
563069.6
562989.6
562909.5
562829.5
562762.8
562682.7
562616.0
562536.0
562455.9
562375.9
562295.9
562215.8
562149.1
562069.1
562002.4
561922.3
561842.3
561762.2
561695.5
561615.5
561535.5
561468.8
561388.7
561308.7
561228.6
561148.6
561068.5
561001.8
560921.8
560855.1
560775.1
560681.7
560615.0
560534.9
560468.2
560388.2
560321.5
560241.4
560174.7
560081.4
560014.7
559934.6
559854.6
559787.9
559707.8
559641.1
559547.7
559467.7
559401.0
559321.0
559240.9
559174.2
559094.2
559027.5
558934.1
558854.0
558787.3
558707.3
558640.6
558560.6
558493.9
558413.8
558333.8
558267.1
558187.0
558107.0
558040.3
557960.2
557893.5
557800.2
557720.1
557653.4
557573.4
557506.7
557426.6
557346.6
557266.5
557186.5
557119.8
557039.8
556959.7
556893.0
556813.0
556746.3
556652.9
556586.2
556506.1
556439.4
556359.4
556292.7
556212.7
556132.6
556052.6
555985.9
555905.8
555839.1
555759.1
555692.4
555612.3
555532.3
555452.3
555372.2
555305.5
555225.5
555158.8
555078.7
554998.7
554918.6
554838.6
554771.9
554691.9
554625.2
554545.1
554478.4
554385.0
554318.3
554238.3
554171.6
554091.5
554011.5
553944.8
553851.4
553784.7
553704.7
553638.0
553557.9
553491.2
553411.2
553344.5
553264.4
553184.4
553117.7
553037.7
552971.0
552890.9
552824.2
552730.8
552664.1
552584.1
552517.4
552437.3
552370.6
552290.6
552223.9
552130.5
552063.8
551983.8
551917.1
551837.0
551770.3
551690.3
551623.6
551530.2
551463.5
551383.4
551316.7
551236.7
551156.7
551090.0
550996.6
550929.9
550849.8
550783.1
550703.1
550636.4
550556.3
550489.6
550396.3
550329.6
550262.9
550182.8
550116.1
550036.1
549969.4
549876.0
549809.3
549729.2
549662.5
549582.5
549515.8
549435.8
549369.1
549275.7
549209.0
549128.9
549062.2
548982.2
548915.5
548835.4
548768.7
548675.4
548608.7
548528.6
548461.9
548381.9
548315.2
548248.5
548155.1
548088.4
548008.3
547941.6
547861.6
547794.9
547714.9
547648.2
547554.8
547488.1
547421.4
547341.3
547274.6
547194.6
547127.9
547034.5
546967.8
546887.8
546821.0
546741.0
546674.3
546607.6
546527.6
546447.5
546367.5
546300.8
546220.7
546154.0
546074.0
546007.3
545940.6
545847.2
545780.5
545700.5
545633.8
545553.7
545487.0
545420.3
545326.9
545260.2
545180.2
545113.5
545033.4
544966.7
544900.0
544820.0
544740.0
544659.9
544593.2
544526.5
544446.5
544379.8
544299.7
544233.0
544139.6
544072.9
544006.2
543926.2
543859.5
543779.4
543712.7
543646.0
543552.7
543486.0
543405.9
543339.2
543259.2
543192.5
543112.4
543032.4
542952.3
542885.6
542818.9
542738.9
542672.2
542592.2
542525.5
542432.1
542365.4
542298.7
542218.6
542151.9
542071.9
542005.2
541938.5
541845.1
541778.4
541711.7
541631.7
541564.9
541484.9
541418.2
541338.2
541258.1
541191.4
541124.7
541044.7
540978.0
540897.9
540831.2
540751.2
540671.1
540604.4
540537.7
540457.7
540391.0
540324.3
540244.3
540164.2
540084.2
540017.5
539937.4
539870.7
539790.7
539724.0
539630.6
539563.9
539497.2
539417.2
539350.5
539283.7
539203.7
539137.0
539057.0
538976.9
538910.2
538843.5
538763.5
538696.8
538630.1
538550.0
538470.0
538403.3
538323.2
538256.5
538189.8
538109.8
538043.1
537963.1
537883.0
537803.0
537736.3
537669.6
537589.5
537522.8
537442.8
537362.7
537296.0
537216.0
537149.3
537082.6
537002.5
536935.8
536869.1
536789.1
536709.1
536642.4
536575.7
536495.6
536428.9
536362.2
536282.2
536202.1
536135.4
536055.4
535988.7
535908.6
535841.9
535761.9
535695.2
535615.2
535535.1
535468.4
535401.7
535335.0
535255.0
535188.3
535121.6
535028.2
534961.5
534894.8
534828.1
534748.0
534681.3
534614.6
534534.6
534454.5
534374.5
534307.8
534227.8
534161.1
534094.4
534027.7
533934.3
533867.6
533800.9
533720.8
533654.1
533587.4
533520.7
533440.7
533360.6
533293.9
533213.9
533147.2
533067.1
533000.4
532933.7
532853.7
532773.7
532707.0
532640.3
532560.2
532493.5
532426.8
532360.1
532280.1
532200.0
532133.3
532066.6
531986.6
531919.9
531839.8
531773.1
531693.1
531613.0
531546.3
531479.6
531399.6
531332.9
531266.2
531199.5
531119.5
531039.4
530972.7
530906.0
530826.0
530759.3
530692.6
530612.5
530545.8
530452.4
530385.7
530319.0
530252.3
530172.3
530105.6
530038.9
529958.8
529892.1
529812.1
529745.4
529678.7
529598.7
529532.0
529451.9
529371.9
529305.2
529238.5
529171.8
529091.7
529025.0
528958.3
528891.6
528798.2
528731.5
528664.8
528598.1
528518.1
528451.4
528371.3
528304.6
528224.6
528157.9
528091.2
528011.2
527944.4
527877.7
527811.0
527744.3
527651.0
527584.3
527504.2
527437.5
527370.8
527290.8
527224.1
527157.4
527077.3
527010.6
526943.9
526863.9
526797.2
526730.5
526663.8
526583.7
526503.7
526423.6
526356.9
526290.2
526223.5
526156.8
526090.1
526010.1
525930.1
525863.4
525796.7
525716.6
525649.9
525569.9
525503.2
525436.5
525356.4
525289.7
525223.0
525156.3
525076.3
525009.6
524942.9
524862.8
524782.8
524716.1
524636.0
524569.3
524502.6
524435.9
524369.2
524302.5
524222.5
524142.4
524075.7
524009.0
523929.0
523862.3
523795.6
523728.9
523648.9
523568.8
523502.1
523435.4
523368.7
523302.0
523222.0
523155.3
523075.2
522995.2
522928.5
522861.8
522795.1
522728.4
522661.7
522595.0
522501.6
522434.9
522354.8
522288.1
522221.4
522154.7
522088.0
522021.3
521941.3
521874.6
521794.5
521727.8
521661.1
521581.1
521514.4
521447.7
521367.7
521301.0
521234.3
521167.6
521087.5
521020.8
520954.1
520874.1
520794.0
520727.3
520660.6
520593.9
520527.2
520460.5
520393.8
520313.8
520233.7
520153.7
520087.0
520020.3
519953.6
519886.9
519820.2
519753.5
519673.4
519593.4
519526.7
519460.0
519379.9
519313.2
519246.5
519179.8
519099.8
519033.1
518966.4
518886.4
518819.6
518752.9
518686.2
518619.5
518539.5
518472.8
518406.1
518326.1
518259.4
518179.3
518112.6
518045.9
517965.9
517899.2
517832.5
517765.8
517699.1
517619.0
517552.3
517485.6
517405.6
517338.9
517272.2
517205.5
517138.8
517058.7
516992.0
516925.3
516831.9
516765.2
516698.5
516631.8
516565.1
516498.4
516431.7
516365.0
516271.6
516204.9
516138.2
516071.5
516004.8
515938.1
515871.4
515804.7
515711.3
515644.6
515577.9
515511.2
515444.5
515377.8
515311.1
515244.4
515151.1
515084.3
515017.6
514950.9
514884.2
514817.5
514750.8
514684.1
514604.1
514524.1
514457.4
514390.7
514323.9
514257.2
514190.5
514123.8
514043.8
513963.8
513897.1
513830.4
513763.7
513697.0
513630.3
513563.5
513483.5
513403.5
513336.8
513270.1
513203.4
513136.7
513070.0
513003.3
512923.2
512843.2
512776.5
512709.8
512643.1
512576.4
512509.7
512443.0
512362.9
512282.9
512216.2
512149.5
512082.8
512016.1
511949.4
511882.7
511802.6
511722.6
511655.9
511589.2
511522.5
511455.8
511389.1
511322.4
511242.3
511189.0
511108.9
511042.2
510975.5
510908.8
510828.8
510762.1
510695.4
510628.7
510548.6
510481.9
510415.2
510348.5
510268.5
510201.8
510135.1
510068.4
509988.3
509921.6
509854.9
509788.2
509721.5
509654.8
509588.1
509521.4
509441.4
509374.7
509294.6
509227.9
509161.2
509094.5
509027.8
508961.1
508881.1
508814.4
508734.3
508681.0
508614.3
508547.6
508480.9
508414.2
508334.1
508254.1
508187.4
508120.7
508054.0
507987.3
507920.6
507853.9
507787.2
507707.1
507640.4
507573.7
507507.0
507440.3
507360.3
507293.6
507226.9
507146.8
507080.1
507026.8
506946.7
506880.0
506813.3
506746.6
506679.9
506599.9
506533.2
506466.5
506386.4
506333.1
506266.4
506199.7
506133.0
506066.3
505972.9
505906.2
505839.5
505772.8
505719.4
505639.4
505572.7
505506.0
505425.9
505359.2
505292.5
505225.8
505159.1
505092.4
505025.7
504959.0
504879.0
504812.3
504745.6
504665.5
504612.2
504545.5
504478.8
504412.1
504345.4
504252.0
504185.3
504118.6
504065.2
503998.5
503931.8
503851.8
503785.1
503705.0
503638.3
503585.0
503518.3
503438.2
503371.5
503304.8
503238.1
503158.1
503104.7
503024.7
502958.0
502891.3
502824.6
502757.9
502691.2
502611.1
502544.4
502477.7
502411.0
502344.3
502277.6
502210.9
502144.2
502077.5
501997.5
501930.8
501864.1
501797.4
501730.7
501664.0
501597.3
501530.6
501450.5
501383.8
501317.1
501250.4
501183.7
501117.0
501050.3
500983.6
500903.6
500836.9
500770.2
500703.4
500636.7
500570.0
500503.3
500436.6
500369.9
500289.9
500223.2
500156.5
500089.8
500023.1
499956.4
499903.0
499823.0
499742.9
499676.2
499609.5
499556.2
499489.5
499409.4
499342.7
499276.0
499222.7
499142.6
499075.9
498995.9
498929.2
498875.8
498809.1
498742.4
498675.7
498582.3
498529.0
498462.3
498395.6
498328.9
498262.2
498195.5
498128.8
498048.7
497982.0
497915.3
497848.6
497781.9
497715.2
497648.5
497581.8
497515.1
497435.1
497368.4
497315.0
497248.3
497168.3
497101.6
497048.2
496981.5
496901.4
496834.7
496754.7
496701.3
496634.6
496567.9
496501.2
496434.5
496354.5
496287.8
496221.1
496167.7
496087.7
496021.0
495954.3
495900.9
495834.2
495740.8
495674.1
495620.8
495554.1
495487.4
495420.7
495354.0
495287.3
495207.2
495140.5
495073.8
495007.1
494940.4
494873.7
494820.4
494753.7
494673.6
494593.6
494540.2
494473.5
494406.8
494340.1
494273.4
494206.7
494140.0
494073.3
493993.3
493926.6
493859.8
493806.5
493739.8
493659.7
493606.4
493539.7
493459.6
493392.9
493326.2
493259.5
493192.8
493139.5
493072.8
492992.7
492912.7
492859.3
492792.6
492725.9
492659.2
492592.5
492525.8
492459.1
492405.8
492312.4
492245.7
492192.3
492125.6
492058.9
491992.2
491925.5
491858.8
491778.8
491712.1
491645.4
491578.6
491525.3
491458.6
491391.9
491325.2
491258.5
491178.4
491111.7
491045.0
490978.3
490911.6
490858.3
490791.6
490724.9
490644.8
490578.1
490511.4
490458.1
490378.0
490311.3
490258.0
490191.3
490124.6
490044.5
489977.8
489911.1
489857.7
489777.7
489711.0
489657.6
489590.9
489510.9
489444.2
489377.5
489310.8
489257.4
489190.7
489110.7
489057.3
488990.6
488910.6
488843.9
488777.2
488710.5
488657.1
488590.4
488510.4
488457.0
488377.0
488310.3
488243.6
488176.9
488110.2
488056.8
487990.1
487923.4
487856.7
487776.6
487723.3
487656.6
487576.5
487523.2
487456.5
487389.8
487323.1
487243.0
487176.3
487123.0
487056.3
486989.6
486922.9
486856.2
486802.8
486722.8
486642.7
486589.4
486522.7
486456.0
486389.3
486322.5
486269.2
486202.5
486135.8
486055.7
485989.0
485935.7
485869.0
485788.9
485735.6
485668.9
485602.2
485522.1
485455.4
485402.1
485335.4
485268.7
485202.0
485135.3
485081.9
485015.2
484921.8
484868.5
484801.7
484748.4
484668.3
484601.6
484548.3
484481.6
484414.9
484334.8
484268.1
484214.8
484148.1
484081.4
484014.7
483948.0
483894.6
483801.2
483747.9
483681.2
483627.8
483547.8
483481.1
483427.7
483361.0
483294.3
483214.2
483147.5
483094.2
483027.5
482960.8
482894.1
482840.7
482774.0
482680.6
482627.3
482560.6
482507.2
482427.2
482373.8
482307.1
482240.4
482173.7
482093.7
482040.3
481973.6
481906.9
481840.2
481786.8
481720.1
481653.4
481586.7
481506.7
481453.3
481386.6
481319.9
481253.2
481199.9
481133.2
481053.1
480999.7
480919.7
480853.0
480786.3
480732.9
480666.2
480599.5
480532.8
480466.1
480399.4
480332.7
480266.0
480199.3
480146.0
480079.3
480012.6
479945.9
479892.5
479812.5
479745.8
479679.1
479625.7
479559.0
479478.9
479425.6
479358.9
479305.5
479212.1
479158.8
479092.1
479038.7
478958.7
478905.3
478838.6
478771.9
478691.9
478638.5
478571.8
478505.1
478438.4
478385.0
478318.3
478251.6
478184.9
478118.2
478051.5
477984.8
477918.1
477851.4
477798.1
477731.4
477664.7
477598.0
477531.3
477464.6
477397.9
477331.2
477277.8
477211.1
477144.4
477077.7
477024.3
476944.3
476877.6
476810.9
476757.5
476690.8
476624.1
476570.8
476504.1
476437.3
476357.3
476303.9
476237.2
476170.5
476103.8
476050.5
475983.8
475917.1
475837.0
475783.7
475703.6
475650.3
475583.6
475530.2
475450.2
475396.8
475330.1
475263.4
475183.4
475130.0
475076.6
474996.6
474943.2
474876.5
474823.2
474743.1
474676.4
474609.7
474556.4
474476.3
474423.0
474356.3
474302.9
474222.9
474169.5
474102.8
474022.7
473969.4
473902.7
473849.3
473769.3
473715.9
473649.2
473595.9
473515.8
473449.1
473395.7
473329.0
473262.3
473195.6
473142.3
473062.2
472995.5
472942.2
472875.5
472808.8
472742.1
472688.7
472622.0
472555.3
472488.6
472421.9
472355.2
472288.5
472235.1
472168.4
472101.7
472035.0
471981.7
471915.0
471834.9
471781.6
471714.9
471648.2
471581.5
471528.1
471461.4
471394.7
471341.3
471261.3
471194.6
471141.2
471074.5
471007.8
470941.1
470887.8
470821.1
470754.4
470687.7
470621.0
470554.3
470487.6
470434.2
470380.8
470300.8
470247.4
470180.7
470114.0
470047.3
469980.6
469927.3
469847.2
469793.9
469740.5
469673.8
469607.1
469527.0
469473.7
469407.0
469340.3
469286.9
469220.2
469153.5
469100.2
469033.5
468953.4
468900.0
468833.3
468766.6
468699.9
468646.6
468593.2
468513.2
468446.5
468379.8
468313.1
468259.7
468193.0
468139.6
468072.9
468006.2
467952.9
467872.8
467806.1
467752.8
467686.1
467619.4
467566.0
467499.3
467432.6
467379.2
467299.2
467232.5
467165.8
467112.4
467059.1
466979.0
466925.7
466872.3
466792.3
466725.6
466672.2
466605.5
466538.8
466485.4
466418.7
466352.0
466285.3
466232.0
466151.9
466085.2
466031.9
465965.2
465898.5
465845.1
465791.7
465711.7
465658.3
465591.6
465524.9
465458.2
465404.9
465338.2
465271.5
465218.1
465151.4
465084.7
465018.0
464951.3
464884.6
464831.2
464764.5
464697.8
464644.5
464577.8
464524.4
464444.4
464377.7
464324.3
464257.6
464190.9
464137.5
464070.8
464004.1
463950.8
463870.7
463804.0
463750.7
463697.3
463630.6
463563.9
463510.5
463443.8
463377.1
463310.4
463243.7
463177.0
463123.7
463057.0
462990.3
462936.9
462883.6
462816.8
462736.8
462683.4
462616.7
462550.0
462496.7
462430.0
462363.3
462309.9
462243.2
462176.5
462109.8
462043.1
461989.7
461923.0
461869.7
461803.0
461749.6
461682.9
461602.9
461549.5
461482.8
461416.1
461362.8
461309.4
461229.3
461176.0
461122.6
461042.6
460975.9
460922.5
460855.8
460789.1
460735.8
460669.1
460602.4
460549.0
460495.6
460415.6
460348.9
460295.5
460228.8
460175.5
460108.8
460042.1
459988.7
459935.3
459842.0
459788.6
459735.2
459668.5
459601.8
459548.5
459481.8
459415.1
459361.7
459281.7
459228.3
459161.6
459108.2
459041.5
458988.2
458921.5
458854.8
458801.4
458721.4
458654.7
458601.3
458547.9
458481.2
458414.5
458361.2
458294.5
458241.1
458161.1
458094.4
458041.0
457987.6
457920.9
457854.2
457800.9
457734.2
457680.8
457600.8
457534.1
457480.7
457427.3
457347.3
457293.9
457240.6
457173.9
457120.5
457040.5
456973.8
456920.4
456867.1
456787.0
456733.6
456680.3
456613.6
456560.2
456480.2
456413.5
456360.1
456306.8
456240.1
456173.4
456120.0
456053.3
455999.9
455933.2
455853.2
455799.8
455746.5
455679.8
455613.1
455559.7
455493.0
455439.6
455372.9
455292.9
455239.5
455186.2
455119.5
455066.1
454999.4
454932.7
454879.3
454812.6
454745.9
454679.2
454625.9
454559.2
454505.8
454439.1
454385.7
454319.0
454252.3
454185.6
454132.3
454065.6
453998.9
453945.5
453878.8
453825.5
453772.1
453705.4
453625.3
453572.0
453505.3
453451.9
453398.6
453318.5
453265.2
453211.8
453145.1
453091.7
453011.7
452945.0
452891.6
452838.3
452771.6
452718.2
452651.5
452584.8
452531.4
452451.4
452398.0
452344.7
452278.0
452211.3
452157.9
452091.2
452037.8
451984.5
451904.4
451851.1
451784.4
451717.7
451664.3
451611.0
451544.3
451490.9
451424.2
451344.1
451290.8
451224.1
451170.7
451117.4
451050.7
450984.0
450930.6
450863.9
450810.5
450743.8
450677.1
450623.8
450557.1
450490.4
450437.0
450370.3
450316.9
450263.6
450183.5
450130.2
450063.5
449996.8
449943.4
449890.0
449823.3
449770.0
449703.3
449636.6
449569.9
449516.5
449449.8
449396.5
449329.8
449276.4
449223.0
449156.3
449103.0
449022.9
448956.2
448902.9
448836.2
448782.8
448729.4
448662.7
448609.4
448542.7
448462.6
448409.3
448355.9
448289.2
448235.8
448169.1
448115.8
448062.4
447995.7
447915.7
447862.3
447795.6
447742.3
447688.9
447622.2
447568.8
447502.1
447448.8
447395.4
447315.4
447248.7
447195.3
447128.6
447075.2
447008.5
446955.2
446901.8
446835.1
446768.4
446715.0
446648.3
446581.6
446528.3
446461.6
446408.2
446341.5
446288.2
446221.5
446154.7
446101.4
446034.7
445981.3
445928.0
445861.3
445794.6
445741.2
445661.2
445607.8
445554.4
445487.7
445434.4
445367.7
445314.3
445260.9
445194.2
445140.9
445060.8
445007.5
444954.1
444887.4
444820.7
444767.4
444700.7
444647.3
444593.9
444513.9
444460.5
444393.8
444340.5
444287.1
444220.4
444167.0
444100.3
444047.0
443993.6
443913.6
443860.2
443806.8
443740.1
443686.8
443620.1
443553.4
443500.0
443433.3
443366.6
443313.3
443246.6
443193.2
443126.5
443073.1
443019.8
442953.1
442899.7
442846.3
442766.3
442712.9
442646.2
442592.9
442539.5
442472.8
442419.4
442352.7
442299.4
442232.7
442166.0
442112.6
442045.9
441992.6
441939.2
441872.5
441819.1
441752.4
441699.1
441632.4
441565.7
441512.3
441445.6
441392.2
441338.9
441272.2
441218.8
441165.5
441072.1
441018.7
440965.4
440898.6
440845.3
440778.6
440725.2
440671.9
440605.2
440538.5
440471.8
440418.4
440365.0
440298.3
440245.0
440191.6
440138.2
440071.5
440018.2
439951.5
439884.8
439831.4
439764.7
439711.4
439658.0
439591.3
439537.9
439484.6
439417.9
439351.2
439284.5
439231.1
439177.7
439111.0
439057.7
438991.0
438937.6
438884.3
438804.2
438750.9
438684.2
438630.8
438577.4
438510.7
438457.4
438390.7
438337.3
438283.9
438203.9
438150.5
438097.2
438030.5
437977.1
437910.4
437857.0
437803.7
437737.0
437670.3
437616.9
437563.6
437496.9
437443.5
437390.1
437323.4
437270.1
437203.4
437150.0
437083.3
437016.6
436963.2
436896.5
436843.2
436789.8
436723.1
436669.8
436603.1
436536.4
436483.0
436416.3
436376.3
436309.6
436256.2
436189.5
436136.1
436082.8
436016.1
435949.4
435882.7
435829.3
435776.0
435709.3
435655.9
435589.2
435535.8
435482.5
435429.1
435362.4
435295.7
435242.3
435175.6
435122.3
435068.9
435002.2
434948.9
434895.5
434815.4
434762.1
434695.4
434655.4
434588.7
434535.3
434481.9
434415.2
434361.9
434295.2
434228.5
434175.1
434108.4
434055.0
433988.3
433948.3
433881.6
433828.3
433774.9
433694.9
433641.5
433574.8
433521.4
433468.1
433401.4
433361.4
433294.6
433241.3
433174.6
433107.9
433054.5
432987.8
432934.5
432867.8
432814.4
432761.0
432707.7
432654.3
432587.6
432520.9
432454.2
432400.8
432347.5
432280.8
432240.8
432174.1
432120.7
432054.0
431987.3
431933.9
431867.2
431813.9
431760.5
431707.1
431640.4
431587.1
431533.7
431467.0
431400.3
431333.6
431280.3
431226.9
431173.5
431120.2
431053.5
431000.1
430933.4
430880.0
430813.3
430760.0
430706.6
430639.9
430586.6
430519.9
430466.5
430413.1
430359.8
430306.4
430226.4
430173.0
430106.3
430052.9
429999.6
429946.2
429879.5
429826.2
429772.8
429692.8
429639.4
429586.0
429532.7
429466.0
429412.6
429359.2
429292.5
429239.2
429185.8
429119.1
429052.4
428999.1
428945.7
428879.0
428839.0
428772.3
428718.9
428652.2
428598.8
428532.1
428478.8
428425.4
428358.7
428305.4
428238.7
428185.3
428131.9
428078.6
428025.2
427945.2
427891.8
427825.1
427785.1
427718.4
427665.0
427611.7
427545.0
427491.6
427424.9
427371.5
427304.8
427251.5
427198.1
427144.7
427091.4
427024.7
426971.3
426904.6
426837.9
426784.6
426731.2
426677.8
426611.1
426557.8
426504.4
426451.0
426384.3
426331.0
426250.9
426210.9
426144.2
426090.9
426037.5
425970.8
425930.8
425864.1
425810.7
425730.7
425677.3
425623.9
425570.6
425517.2
425450.5
425397.2
425343.8
425290.4
425223.7
425157.0
425103.7
425050.3
424996.9
424930.2
424876.9
424823.5
424770.2
424703.5
424650.1
424583.4
424530.0
424463.3
424410.0
424356.6
424289.9
424249.9
424183.2
424129.8
424063.1
424009.8
423943.1
423889.7
423836.3
423783.0
423729.6
423662.9
423609.6
423542.9
423502.8
423422.8
423369.4
423316.1
423262.7
423196.0
423142.6
423089.3
423035.9
422982.6
422915.9
422849.2
422795.8
422742.4
422675.7
422622.4
422569.0
422515.6
422462.3
422395.6
422342.2
422275.5
422222.2
422155.5
422102.1
422048.7
421995.4
421942.0
421875.3
421821.9
421768.6
421701.9
421648.5
421595.2
421528.5
421475.1
421421.7
421368.4
421301.7
421248.3
421194.9
421128.2
421074.9
421008.2
420968.2
420901.5
420848.1
420781.4
420741.4
420674.7
420621.3
420554.6
420501.3
420434.5
420381.2
420327.8
420274.5
420221.1
420167.7
420114.4
420034.3
419981.0
419927.6
419874.3
419807.6
419754.2
419700.8
419647.5
419580.8
419540.7
419460.7
419407.3
419354.0
419300.6
419247.3
419180.6
419140.5
419073.8
419020.5
418967.1
418913.7
418833.7
418780.3
418727.0
418673.6
418606.9
418566.9
418500.2
418446.8
418393.5
418326.8
418273.4
418206.7
418166.7
418100.0
418046.6
417993.3
417939.9
417873.2
417833.2
417753.1
417699.8
417646.4
417593.1
417526.4
417473.0
417419.6
417366.3
417312.9
417259.5
417206.2
417126.1
417072.8
417019.4
416966.1
416912.7
416859.3
416792.6
416752.6
416685.9
416619.2
416565.8
416512.5
416445.8
416405.8
416339.1
416285.7
416232.3
416179.0
416112.3
416072.3
415992.2
415938.9
415885.5
415832.1
415778.8
415725.4
415672.0
415605.3
415552.0
415498.6
415431.9
415378.6
415325.2
415258.5
415218.5
415151.8
415098.4
415045.0
414991.7
414925.0
414871.6
414804.9
414751.6
414698.2
414644.8
414591.5
414538.1
414471.4
414431.4
414364.7
414298.0
414244.6
414191.3
414137.9
414084.5
414017.8
413964.5
413911.1
413857.8
413804.4
413737.7
413684.3
413631.0
413577.6
413510.9
413457.5
413404.2
413350.8
413297.5
413244.1
413177.4
413124.0
413057.3
413017.3
412950.6
412897.2
412843.9
412790.5
412737.2
412683.8
412603.8
412563.7
412497.0
412457.0
412390.3
412337.0
412283.6
412230.2
412163.5
412123.5
412043.5
412003.4
411936.7
411883.4
411830.0
411776.7
411723.3
411669.9
411603.2
411563.2
411483.2
411443.2
411376.4
411323.1
411269.7
411216.4
411163.0
411109.6
411042.9
411002.9
410922.9
410882.9
410816.2
410762.8
410709.4
410656.1
410602.7
410549.3
410482.6
410442.6
410375.9
410322.6
410255.9
410215.8
410149.1
410095.8
410042.4
409989.1
409935.7
409882.3
409815.6
409762.3
409695.6
409655.5
409588.8
409548.8
409482.1
409428.8
409375.4
409322.0
409268.7
409202.0
409148.6
409095.2
409028.5
408988.5
408921.8
408868.5
408815.1
408761.7
408708.4
408641.7
408588.3
408535.0
408481.6
408428.2
408374.9
408308.2
408254.8
408201.4
408148.1
408094.7
408028.0
407974.7
407921.3
407867.9
407814.6
407747.9
407707.9
407641.2
407601.1
407534.4
407481.1
407414.4
407374.3
407307.6
407267.6
407200.9
407147.6
407094.2
407040.8
406987.5
406920.8
406867.4
406814.0
406760.7
406707.3
406654.0
406600.6
406533.9
406493.9
406427.2
406360.5
406307.1
406253.8
406200.4
406147.0
406093.7
406040.3
405986.9
405933.6
405880.2
405826.9
405760.2
405706.8
405653.4
405586.7
405546.7
405480.0
405440.0
405373.3
405333.3
405266.6
405213.2
405146.5
405093.1
405039.8
404986.4
404933.1
404879.7
404826.3
404773.0
404719.6
404652.9
404599.6
404546.2
404492.8
404439.5
404386.1
404332.7
404279.4
404226.0
404172.7
404119.3
404052.6
403999.2
403945.9
403892.5
403839.2
403785.8
403719.1
403679.1
403612.4
403572.3
403492.3
403452.3
403385.6
403345.6
403278.9
403238.8
403172.1
403132.1
403065.4
403012.0
402945.3
402892.0
402838.6
402785.3
402731.9
402678.5
402625.2
402571.8
402518.5
402465.1
402411.7
402345.0
402291.7
402238.3
402184.9
402131.6
402078.2
402024.9
401971.5
401918.1
401864.8
401798.1
401744.7
401691.4
401638.0
401584.6
401531.3
401477.9
401424.5
401371.2
401317.8
401264.5
401197.8
401144.4
401091.0
401037.7
400984.3
400931.0
400877.6
400824.2
400770.9
400717.5
400650.8
400597.4
400544.1
400490.7
400437.4
400384.0
400330.6
400277.3
400223.9
400170.6
400117.2
400050.5
399997.1
399943.8
399890.4
399837.0
399783.7
399730.3
399677.0
399623.6
399570.2
399503.5
399463.5
399396.8
399356.8
399290.1
399250.1
399183.4
399130.0
399090.0
399023.3
398983.3
398903.2
398863.2
398796.5
398756.5
398703.1
398649.8
398596.4
398543.0
398489.7
398423.0
398369.6
398316.2
398262.9
398209.5
398156.2
398102.8
398049.4
397996.1
397942.7
397889.4
397822.7
397769.3
397715.9
397662.6
397609.2
397569.2
397502.5
397449.1
397395.8
397342.4
397302.4
397222.3
397182.3
397115.6
397075.6
397022.2
396968.9
396915.5
396862.1
396808.8
396755.4
396702.1
396635.4
396582.0
396528.6
396475.3
396421.9
396368.6
396315.2
396261.8
396221.8
396155.1
396101.7
396035.0
395995.0
395941.7
395888.3
395834.9
395768.2
395728.2
395674.9
395621.5
395568.1
395501.4
395448.1
395394.7
395341.3
395288.0
395248.0
395181.3
395141.2
395074.5
395034.5
394967.8
394914.5
394861.1
394807.7
394754.4
394701.0
394647.6
394594.3
394540.9
394487.6
394434.2
394380.8
394314.1
394274.1
394207.4
394167.4
394114.0
394060.7
394007.3
393953.9
393900.6
393833.9
393793.9
393727.2
393673.8
393620.4
393567.1
393527.1
393460.4
393420.3
393367.0
393313.6
393246.9
393193.5
393140.2
393086.8
393046.8
392980.1
392940.1
392873.4
392833.4
392780.0
392713.3
392659.9
392606.6
392553.2
392499.9
392446.5
392393.1
392339.8
392299.7
392233.0
392193.0
392126.3
392073.0
392019.6
391966.2
391912.9
391859.5
391819.5
391752.8
391712.8
391659.4
391592.7
391539.3
391486.0
391432.6
391379.3
391325.9
391272.5
391219.2
391179.2
391112.5
391072.4
391019.1
390952.4
390899.0
390845.6
390792.3
390738.9
390698.9
390632.2
390592.2
390538.8
390472.1
390418.8
390365.4
390325.4
390258.7
390205.3
390165.3
390098.6
390058.6
390005.2
389951.8
389898.5
389831.8
389778.4
389725.1
389685.0
389618.3
389578.3
389525.0
389471.6
389418.2
389364.9
389324.8
389244.8
389204.8
389151.4
389084.7
389044.7
388991.3
388938.0
388884.6
388831.3
388791.2
388711.2
388671.2
388617.8
388564.4
388511.1
388457.7
388417.7
388351.0
388311.0
388257.6
388204.3
388137.6
388084.2
388044.2
387977.5
387937.5
387884.1
387830.7
387777.4
387724.0
387684.0
387617.3
387550.6
387510.6
387457.2
387403.8
387350.5
387297.1
387243.8
387190.4
387150.4
387097.0
387043.6
386976.9
386923.6
386883.6
386816.9
386776.8
386723.5
386670.1
386616.8
386563.4
386523.4
386456.7
386403.3
386349.9
386296.6
386243.2
386189.9
386149.8
386096.5
386029.8
385989.8
385936.4
385883.0
385816.3
385763.0
385723.0
385669.6
385616.2
385562.9
385509.5
385469.5
385402.8
385362.8
385309.4
385242.7
385189.3
385136.0
385096.0
385042.6
384989.2
384935.9
384882.5
384842.5
384775.8
384722.4
384669.1
384615.7
384562.3
384509.0
384469.0
384415.6
384348.9
384308.9
384255.5
384215.5
384148.8
384082.1
384042.1
383988.7
383935.3
383882.0
383828.6
383788.6
383735.2
383681.9
383628.5
383561.8
383521.8
383468.4
383415.1
383361.7
383308.3
383268.3
383215.0
383161.6
383108.2
383054.9
383001.5
382934.8
382894.8
382841.4
382788.1
382748.1
382681.4
382641.3
382588.0
382534.6
382494.6
382414.5
382374.5
382321.2
382267.8
382227.8
382161.1
382121.1
382067.7
382014.3
381961.0
381907.6
381840.9
381800.9
381747.5
381694.2
381640.8
381587.4
381547.4
381494.1
381440.7
381387.3
381334.0
381280.6
381227.3
381173.9
381120.5
381067.2
381027.1
380973.8
380920.4
380867.1
380813.7
380773.7
380707.0
380653.6
380600.3
380546.9
380506.9
380453.5
380400.2
380360.1
380293.4
380253.4
380200.0
380133.3
380093.3
380040.0
379986.6
379933.2
379879.9
379839.9
379786.5
379733.1
379679.8
379626.4
379573.0
379519.7
379466.3
379413.0
379359.6
379319.6
379266.2
379212.9
379172.8
379106.1
379066.1
378999.4
378946.1
378906.0
378852.7
378799.3
378745.9
378692.6
378639.2
378599.2
378545.8
378505.8
378425.8
378372.4
378332.4
378279.0
378225.7
378185.7
378132.3
378078.9
378025.6
377972.2
377932.2
377865.5
377812.1
377772.1
377705.4
377665.4
377612.0
377558.7
377518.6
377465.3
377411.9
377358.6
377291.8
377251.8
377198.5
377145.1
377105.1
377051.7
376998.4
376945.0
376891.6
376851.6
376798.3
376731.6
376691.5
376638.2
376584.8
376531.4
376478.1
376438.1
376384.7
376331.3
376291.3
376224.6
376171.3
376117.9
376064.5
376024.5
375971.2
375917.8
375877.8
375824.4
375771.0
375717.7
375664.3
375611.0
375557.6
375504.2
375464.2
375410.9
375357.5
375304.1
375250.8
375210.8
375157.4
375104.0
375064.0
374997.3
374943.9
374903.9
374837.2
374797.2
374743.8
374690.5
374650.5
374597.1
374543.7
374503.7
374437.0
374383.7
374330.3
374276.9
374236.9
374183.5
374130.2
374090.2
374036.8
373983.4
373943.4
373876.7
373823.4
373770.0
373716.6
373676.6
373623.3
373569.9
373529.9
373476.5
373423.1
373383.1
373316.4
373263.1
373209.7
373156.3
373116.3
373063.0
373009.6
372969.6
372916.2
372862.9
372822.8
372756.1
372702.8
372662.7
372609.4
372556.0
372502.7
372449.3
372409.3
372355.9
372302.6
372262.5
372209.2
372142.5
372102.5
372049.1
371995.7
371955.7
371902.3
371849.0
371795.6
371742.3
371702.2
371648.9
371582.2
371542.2
371488.8
371435.4
371395.4
371342.1
371288.7
371248.7
371195.3
371141.9
371101.9
371035.2
370981.9
370928.5
370875.1
370835.1
370781.8
370728.4
370688.4
370635.0
370581.7
370541.6
370474.9
370421.6
370381.5
370328.2
370274.8
370234.8
370181.4
370141.4
370088.1
370034.7
369994.7
369941.3
369874.6
369821.3
369767.9
369714.5
369674.5
369621.1
369581.1
369527.8
369474.4
369434.4
369381.0
369314.3
369274.3
369220.9
369167.6
369127.6
369074.2
369020.8
368980.8
368927.4
368874.1
368834.1
368767.4
368714.0
368674.0
368620.6
368567.3
368527.2
368473.9
368420.5
368380.5
368327.1
368273.8
368233.7
368167.0
368113.7
368073.7
368020.3
367966.9
367926.9
367873.6
367820.2
367780.2
367726.8
367673.5
367620.1
367566.7
367513.4
367473.3
367420.0
367366.6
367326.6
367273.2
367219.9
367179.9
367126.5
367086.5
367019.8
366966.4
366926.4
366873.0
366819.7
366779.7
366726.3
366672.9
366632.9
366579.5
366526.2
366472.8
366419.5
366366.1
366326.1
366272.7
366219.4
366179.3
366126.0
366072.6
366032.6
365979.2
365912.5
365872.5
365819.1
365765.8
365725.8
365672.4
365619.0
365579.0
365525.7
365472.3
365432.3
365378.9
365312.2
365272.2
365218.8
365165.5
365125.4
365072.1
365018.7
364978.7
364925.3
364872.0
364832.0
364765.3
364711.9
364671.9
364618.5
364565.2
364525.1
364485.1
364431.7
364391.7
364338.4
364285.0
364245.0
364178.3
364124.9
364084.9
364031.5
363978.2
363938.2
363884.8
363831.4
363791.4
363738.1
363684.7
363631.3
363578.0
363524.6
363484.6
363431.2
363391.2
363337.8
363297.8
363244.5
363191.1
363151.1
363097.7
363031.0
362991.0
362937.6
362897.6
362844.2
362790.9
362750.9
362697.5
362644.1
362604.1
362550.8
362497.4
362444.0
362404.0
362350.7
362297.3
362257.3
362203.9
362150.5
362110.5
362057.2
362003.8
361963.8
361897.1
361843.7
361803.7
361763.7
361710.3
361657.0
361616.9
361563.6
361510.2
361470.2
361416.8
361363.5
361310.1
361256.7
361216.7
361176.7
361123.3
361070.0
361030.0
360976.6
360923.2
360883.2
360829.9
360763.2
360723.1
360669.8
360616.4
360576.4
360536.4
360483.0
360429.6
360389.6
360336.3
360282.9
360229.5
360176.2
360122.8
360082.8
360042.8
359989.4
359949.4
359896.0
359842.7
359802.6
359749.3
359695.9
359642.6
359589.2
359549.2
359495.8
359455.8
359402.4
359349.1
359309.1
359255.7
359202.3
359162.3
359122.3
359055.6
359002.2
358962.2
358908.8
358855.5
358815.5
358762.1
358722.1
358682.1
358628.7
358575.3
358522.0
358468.6
358415.3
358375.2
358321.9
358281.8
358228.5
358188.5
358135.1
358081.7
358041.7
357988.4
357921.7
357881.6
357841.6
357788.3
357748.2
357694.9
357641.5
357601.5
357548.1
357508.1
357454.7
357414.7
357348.0
357294.7
357254.6
357201.3
357147.9
357107.9
357067.9
357014.5
356961.2
356921.1
356867.8
356801.1
356761.0
356721.0
356667.7
356627.6
356574.3
356520.9
356480.9
356440.9
356387.5
356334.2
356294.1
356227.4
356174.1
356134.0
356094.0
356040.7
355987.3
355947.3
355893.9
355840.6
355800.5
355760.5
355707.2
355653.8
355600.4
355547.1
355507.1
355467.0
355413.7
355360.3
355320.3
355266.9
355213.6
355173.5
355133.5
355066.8
355013.5
354973.4
354920.1
354880.1
354826.7
354786.7
354733.3
354693.3
354639.9
354599.9
354533.2
354493.2
354439.8
354386.5
354346.4
354306.4
354253.1
354199.7
354159.7
354106.3
354066.3
354012.9
353959.6
353906.2
353852.8
353812.8
353772.8
353719.4
353679.4
353626.1
353572.7
353532.7
353492.7
353439.3
353372.6
353332.6
353292.6
353239.2
353185.8
353145.8
353092.4
353039.1
353012.4
352959.0
352905.7
352865.7
352799.0
352758.9
352705.6
352665.6
352612.2
352558.8
352518.8
352478.8
352425.4
352372.1
352332.0
352292.0
352225.3
352172.0
352131.9
352078.6
352038.6
351998.5
351945.2
351891.8
351851.8
351811.8
351758.4
351705.1
351651.7
351611.7
351558.3
351504.9
351464.9
351411.6
351371.5
351331.5
351278.2
351224.8
351184.8
351144.8
351078.1
351024.7
350984.7
350944.7
350891.3
350837.9
350797.9
350744.5
350704.5
350651.2
350611.1
350544.4
350504.4
350464.4
350411.0
350357.7
350317.7
350277.6
350224.3
350170.9
350130.9
350090.9
350037.5
349970.8
349930.8
349890.8
349837.4
349797.4
349744.0
349704.0
349650.6
349610.6
349557.3
349503.9
349463.9
349410.5
349357.2
349303.8
349263.8
349223.7
349170.4
349117.0
349090.3
349037.0
348983.6
348943.6
348903.6
348836.9
348783.5
348743.5
348703.5
348650.1
348596.8
348556.7
348516.7
348463.3
348423.3
348370.0
348329.9
348263.2
348223.2
348169.9
348129.8
348076.5
348036.5
347996.4
347943.1
347889.7
347849.7
347809.7
347756.3
347702.9
347649.6
347609.6
347556.2
347516.2
347462.8
347422.8
347369.4
347329.4
347289.4
347236.0
347182.7
347129.3
347089.3
347035.9
346995.9
346942.5
346902.5
346849.2
346809.1
346769.1
346715.8
346662.4
346622.4
346582.4
346515.7
346462.3
346422.3
346382.3
346328.9
346288.9
346248.8
346195.5
346142.1
346102.1
346062.1
346008.7
345942.0
345902.0
345862.0
345808.6
345768.6
345728.6
345675.2
345621.9
345581.8
345541.8
345488.4
345448.4
345381.7
345341.7
345288.3
345248.3
345208.3
345154.9
345114.9
345061.6
345021.5
344981.5
344928.2
344874.8
344821.4
344781.4
344728.0
344674.7
344648.0
344594.6
344541.3
344501.3
344461.2
344407.9
344367.9
344314.5
344261.1
344207.8
344167.8
344114.4
344074.4
344034.4
343981.0
343941.0
343900.9
343847.6
343794.2
343754.2
343700.8
343647.5
343607.5
343554.1
343514.1
343474.1
343420.7
343380.7
343340.7
343287.3
343233.9
343193.9
343140.5
343087.2
343033.8
342993.8
342953.8
342900.4
342860.4
342820.4
342767.0
342727.0
342673.6
342633.6
342593.6
342526.9
342473.5
342433.5
342393.5
342340.1
342300.1
342260.1
342220.1
342166.7
342113.3
342073.3
342033.3
341966.6
341926.6
341873.2
341833.2
341793.2
341739.8
341699.8
341659.8
341606.4
341553.0
341513.0
341473.0
341406.3
341366.3
341312.9
341272.9
341232.9
341179.5
341139.5
341099.5
341046.1
341006.1
340952.7
340912.7
340859.3
340806.0
340752.6
340725.9
340672.6
340619.2
340579.2
340539.2
340499.2
340445.8
340392.4
340352.4
340299.1
340245.7
340205.7
340165.6
340112.3
340072.3
340018.9
339978.9
339938.9
339885.5
339845.5
339792.1
339752.1
339698.7
339645.4
339605.4
339565.3
339512.0
339471.9
339418.6
339378.6
339338.5
339285.2
339245.2
339205.1
339138.4
339098.4
339045.1
339005.0
338965.0
338911.7
338871.6
338818.3
338778.3
338738.2
338684.9
338644.8
338604.8
338538.1
338498.1
338444.7
338404.7
338364.7
338311.3
338271.3
338231.3
338177.9
338137.9
338084.6
338044.5
337991.2
337937.8
337897.8
337844.4
337817.7
337764.4
337711.0
337671.0
337631.0
337591.0
337537.6
337484.2
337430.9
337390.9
337350.8
337297.5
337257.5
337217.4
337164.1
337124.0
337070.7
337030.7
336990.6
336937.3
336897.3
336843.9
336803.9
336750.5
336697.2
336657.1
336617.1
336577.1
336523.7
336483.7
336443.7
336390.3
336350.3
336283.6
336243.6
336203.6
336150.2
336110.2
336056.8
336016.8
335976.8
335936.8
335883.4
335843.4
335803.4
335736.7
335696.6
335643.3
335603.2
335563.2
335509.9
335469.8
335429.8
335389.8
335336.4
335296.4
335243.1
335203.0
335149.7
335096.3
335056.3
335016.3
334976.3
334922.9
334882.9
334829.5
334789.5
334749.5
334696.1
334656.1
334602.7
334562.7
334509.3
334469.3
334416.0
334375.9
334335.9
334282.6
334242.5
334202.5
334162.5
334109.1
334069.1
334002.4
333962.4
333922.4
333869.0
333829.0
333789.0
333748.9
333695.6
333655.6
333602.2
333562.2
333522.2
333455.5
333415.4
333375.4
333335.4
333282.0
333242.0
333188.6
333148.6
333108.6
333068.6
333015.2
332975.2
332935.2
332881.8
332828.5
332775.1
332735.1
332695.1
332655.0
332601.7
332561.6
332521.6
332481.6
332428.2
332388.2
332321.5
332281.5
332241.5
332201.5
332148.1
332108.1
332068.1
332014.7
331974.7
331921.3
331881.3
331841.3
331801.2
331734.5
331694.5
331654.5
331614.5
331561.1
331521.1
331467.7
331427.7
331387.7
331347.7
331294.3
331254.3
331214.3
331160.9
331107.5
331067.5
331014.2
330987.5
330934.1
330894.1
330840.7
330800.7
330760.7
330720.7
330667.3
330614.0
330573.9
330533.9
330480.6
330440.5
330387.2
330347.1
330307.1
330267.1
330213.7
330173.7
330133.7
330093.7
330027.0
329987.0
329933.6
329893.6
329853.6
329813.5
329760.2
329720.2
329680.1
329640.1
329586.7
329546.7
329493.4
329453.3
329400.0
329360.0
329306.6
329266.6
329226.6
329186.5
329133.2
329093.2
329053.1
329013.1
328959.8
328906.4
328866.4
328813.0
328773.0
328733.0
328692.9
328639.6
328599.6
328559.5
328519.5
328466.2
328426.1
328372.8
328332.8
328279.4
328239.4
328186.0
328146.0
328106.0
328065.9
328025.9
327972.6
327932.5
327892.5
327852.5
327799.1
327745.8
327692.4
327665.7
327612.4
327572.4
327519.0
327479.0
327439.0
327398.9
327358.9
327305.5
327265.5
327225.5
327172.1
327118.8
327078.8
327025.4
326985.4
326958.7
326905.3
326865.3
326812.0
326771.9
326731.9
326691.9
326625.2
326585.2
326545.1
326505.1
326465.1
326411.7
326371.7
326318.4
326278.3
326238.3
326198.3
326144.9
326104.9
326051.6
326011.5
325971.5
325918.2
325878.1
325838.1
325798.1
325758.1
325704.7
325664.7
325611.3
325584.6
325531.3
325477.9
325424.6
325384.5
325344.5
325304.5
325264.5
325211.1
325171.1
325131.1
325091.0
325051.0
324997.7
324957.6
324890.9
324864.3
324824.2
324770.9
324730.9
324677.5
324637.5
324597.5
324557.4
324517.4
324464.1
324424.0
324384.0
324330.6
324277.3
324237.3
324197.2
324157.2
324117.2
324063.8
324023.8
323983.8
323930.4
323903.8
323850.4
323810.4
323757.0
323703.7
323663.6
323623.6
323583.6
323530.2
323490.2
323450.2
323410.2
323370.1
323316.8
323276.8
323236.7
323183.4
323143.4
323090.0
323050.0
323010.0
322956.6
322929.9
322876.6
322836.5
322796.5
322743.1
322703.1
322663.1
322609.7
322569.7
322516.4
322476.3
322436.3
322396.3
322356.3
322302.9
322262.9
322222.9
322182.9
322142.8
322089.5
322036.1
321996.1
321956.1
321916.0
321862.7
321822.7
321782.6
321729.3
321689.3
321662.6
321609.2
321569.2
321502.5
321462.5
321422.5
321382.4
321342.4
321302.4
321249.0
321209.0
321169.0
321129.0
321088.9
321035.6
320995.6
320955.5
320902.2
320862.2
320808.8
320768.8
320728.8
320688.7
320648.7
320608.7
320555.3
320515.3
320475.3
320435.3
320395.2
320328.5
320288.5
320248.5
320195.1
320155.1
320128.4
320075.1
320035.1
319995.0
319941.7
319901.7
319875.0
319821.6
319768.2
319714.9
319674.9
319634.8
319594.8
319554.8
319514.8
319461.4
319421.4
319381.4
319341.4
319301.3
319261.3
319194.6
319154.6
319114.6
319074.6
319034.5
318994.5
318941.1
318901.1
318861.1
318821.1
318781.1
318727.7
318687.7
318634.3
318594.3
318554.3
318514.3
318460.9
318420.9
318380.9
318340.8
318300.8
318260.8
318207.4
318167.4
318127.4
318060.7
318034.0
317994.0
317940.6
317900.6
317860.6
317807.2
317780.5
317740.5
317687.2
317647.1
317607.1
317553.8
317500.4
317473.7
317433.7
317380.3
317340.3
317300.3
317246.9
317220.2
317180.2
317126.9
317086.8
317046.8
316993.5
316940.1
316913.4
316860.1
316820.0
316780.0
316726.6
316686.6
316659.9
316619.9
316566.6
316526.5
316486.5
316433.2
316393.1
316353.1
316299.8
316259.7
316219.7
316166.4
316126.3
316099.7
316059.6
316006.3
315966.2
315926.2
315872.9
315832.8
315792.8
315739.5
315699.4
315659.4
315619.4
315566.0
315539.4
315499.3
315446.0
315406.0
315365.9
315312.6
315285.9
315232.5
315192.5
315139.1
315099.1
315059.1
315005.7
314979.1
314939.0
314899.0
314845.7
314805.6
314765.6
314725.6
314685.6
314632.2
314592.2
314538.8
314498.8
314458.8
314418.8
314378.7
314338.7
314298.7
314245.3
314205.3
314165.3
314125.3
314071.9
314031.9
313991.9
313938.5
313898.5
313858.5
313818.5
313778.4
313738.4
313698.4
313645.0
313605.0
313565.0
313511.6
313471.6
313431.6
313391.6
313351.5
313298.2
313258.2
313218.1
313178.1
313138.1
313098.1
313058.1
313004.7
312951.3
312911.3
312884.6
312831.3
312791.2
312751.2
312711.2
312657.8
312631.2
312591.1
312551.1
312497.8
312457.7
312417.7
312364.4
312324.3
312284.3
312244.3
312204.3
312150.9
312110.9
312070.9
312030.8
311990.8
311950.8
311910.8
311870.8
311804.1
311764.0
311724.0
311684.0
311644.0
311604.0
311563.9
311523.9
311470.5
311430.5
311390.5
311363.8
311310.5
311270.4
311217.1
311177.1
311123.7
311097.0
311057.0
311017.0
310963.6
310923.6
310883.6
310843.6
310803.5
310763.5
310723.5
310670.1
310630.1
310576.7
310536.7
310496.7
310456.7
310416.7
310376.6
310336.6
310296.6
310256.6
310203.2
310163.2
310109.8
310083.2
310029.8
309989.8
309949.7
309909.7
309869.7
309829.7
309789.7
309749.6
309709.6
309656.3
309616.2
309576.2
309522.9
309482.8
309442.8
309402.8
309362.8
309322.8
309282.7
309229.4
309189.3
309149.3
309122.6
309082.6
309029.3
308989.2
308935.9
308895.9
308855.8
308815.8
308775.8
308735.8
308695.8
308642.4
308602.4
308562.4
308522.3
308482.3
308442.3
308388.9
308348.9
308308.9
308268.9
308215.5
308175.5
308148.8
308108.8
308068.8
308015.4
307975.4
307935.4
307895.3
307855.3
307802.0
307761.9
307721.9
307681.9
307641.9
307601.8
307548.5
307508.5
307481.8
307441.8
307401.7
307348.4
307308.4
307255.0
307215.0
307175.0
307134.9
307094.9
307054.9
307014.9
306974.9
306934.8
306881.5
306841.4
306801.4
306774.7
306734.7
306681.4
306628.0
306588.0
306548.0
306507.9
306467.9
306427.9
306387.9
306347.9
306307.8
306267.8
306227.8
306174.4
306121.1
306081.0
306054.4
306014.3
305974.3
305921.0
305880.9
305840.9
305800.9
305760.9
305720.9
305680.8
305640.8
305600.8
305547.4
305507.4
305467.4
305427.4
305387.3
305347.3
305307.3
305267.3
305227.3
305187.2
305133.9
305093.9
305053.8
305013.8
304960.5
304933.8
304893.8
304840.4
304800.4
304760.4
304720.3
304680.3
304640.3
304600.3
304560.2
304520.2
304480.2
304440.2
304386.8
304346.8
304293.4
304266.8
304226.7
304186.7
304146.7
304106.7
304066.7
304013.3
303973.3
303933.3
303893.2
303866.5
303813.2
303773.2
303719.8
303679.8
303639.8
303599.7
303559.7
303519.7
303479.7
303439.7
303399.6
303359.6
303319.6
303266.2
303226.2
303186.2
303146.2
303106.1
303066.1
303026.1
302986.1
302946.1
302906.0
302866.0
302826.0
302786.0
302746.0
302692.6
302652.6
302612.6
302572.5
302532.5
302492.5
302452.5
302399.1
302359.1
302319.1
302292.4
302252.4
302212.3
302172.3
302119.0
302065.6
302025.6
301985.6
301945.5
301905.5
301878.8
301838.8
301798.8
301758.8
301705.4
301665.4
301625.4
301585.3
301532.0
301492.0
301465.3
301425.3
301385.2
301345.2
301291.9
301251.8
301211.8
301171.8
301131.8
301091.8
301065.1
301025.1
300971.7
300931.7
300878.3
300838.3
300798.3
300758.2
300718.2
300678.2
300651.5
300611.5
300571.5
300531.5
300478.1
300424.7
300384.7
300344.7
300304.7
300264.7
300238.0
300198.0
300157.9
300117.9
300077.9
300037.9
299984.5
299944.5
299904.5
299851.1
299811.1
299784.4
299744.4
299704.4
299664.3
299624.3
299584.3
299544.3
299490.9
299450.9
299410.9
299384.2
299344.2
299290.8
299250.8
299210.8
299170.7
299130.7
299090.7
299050.7
299010.7
298970.6
298930.6
298890.6
298850.6
298810.6
298770.5
298717.2
298677.2
298637.1
298597.1
298557.1
298517.1
298477.0
298437.0
298410.3
298357.0
298317.0
298276.9
298236.9
298196.9
298143.5
298103.5
298063.5
298023.5
297996.8
297956.8
297916.8
297876.7
297836.7
297796.7
297756.7
297716.6
297663.3
297623.3
297583.2
297543.2
297503.2
297463.2
297423.2
297383.1
297343.1
297303.1
297263.1
297223.1
297183.0
297143.0
297103.0
297063.0
297036.3
296982.9
296942.9
296902.9
296862.9
296809.5
296769.5
296729.5
296689.4
296649.4
296609.4
296582.7
296542.7
296502.7
296462.7
296409.3
296369.3
296329.2
296289.2
296249.2
296209.2
296169.2
296129.1
296089.1
296062.4
296022.4
295982.4
295942.4
295902.4
295849.0
295809.0
295769.0
295728.9
295688.9
295648.9
295608.9
295568.8
295528.8
295488.8
295448.8
295408.8
295368.7
295328.7
295275.4
295235.3
295195.3
295155.3
295115.3
295075.3
295048.6
295008.6
294968.5
294928.5
294888.5
294848.5
294808.4
294768.4
294715.1
294675.0
294635.0
294595.0
294555.0
294528.3
294488.3
294448.3
294408.2
294368.2
294328.2
294288.2
294248.2
294208.1
294154.8
294114.8
294074.7
294034.7
293994.7
293968.0
293928.0
293888.0
293847.9
293807.9
293767.9
293727.9
293687.9
293647.8
293594.5
293554.5
293514.4
293474.4
293434.4
293407.7
293367.7
293327.7
293287.6
293247.6
293207.6
293167.6
293127.6
293087.5
293047.5
292994.2
292954.1
292914.1
292874.1
292847.4
292807.4
292767.4
292727.4
292687.3
292647.3
292607.3
292567.3
292527.2
292487.2
292433.9
292393.8
292353.8
292313.8
292287.1
292247.1
292207.1
292167.1
292127.0
292087.0
292047.0
292007.0
291967.0
291926.9
291873.6
291846.9
291806.9
291766.8
291726.8
291686.8
291646.8
291606.8
291580.1
291540.1
291500.0
291460.0
291420.0
291380.0
291340.0
291286.6
291246.6
291206.6
291166.5
291126.5
291086.5
291046.5
291019.8
290979.8
290939.7
290899.7
290859.7
290819.7
290779.7
290726.3
290686.3
290659.6
290619.6
290579.6
290539.5
290499.5
290459.5
290419.5
290379.5
290352.8
290312.8
290272.7
290232.7
290179.3
290139.3
290099.3
290059.3
290019.3
289979.2
289939.2
289899.2
289859.2
289832.5
289792.5
289752.5
289712.4
289672.4
289645.7
289592.4
289552.4
289512.3
289472.3
289432.3
289392.3
289352.2
289312.2
289272.2
289232.2
289192.2
289165.5
289125.5
289085.4
289032.1
288992.1
288952.0
288925.4
288885.3
288845.3
288805.3
288765.3
288725.2
288685.2
288645.2
288605.2
288578.5
288538.5
288498.5
288445.1
288405.1
288365.1
288325.0
288285.0
288258.3
288218.3
288178.3
288138.3
288098.3
288058.2
288031.6
287991.5
287951.5
287898.1
287858.1
287818.1
287778.1
287738.1
287698.0
287658.0
287618.0
287578.0
287551.3
287511.3
287471.3
287431.2
287404.6
287364.5
287311.2
287271.2
287231.1
287191.1
287151.1
287111.1
287084.4
287044.4
287004.3
286964.3
286924.3
286884.3
286844.3
286804.2
286750.9
286724.2
286684.2
286644.2
286604.1
286577.5
286537.4
286497.4
286457.4
286417.4
286377.3
286337.3
286297.3
286270.6
286230.6
286177.2
286137.2
286097.2
286057.2
286017.2
285977.1
285937.1
285910.4
285870.4
285830.4
285790.4
285750.4
285723.7
285683.6
285643.6
285590.3
285563.6
285523.6
285483.5
285443.5
285403.5
285363.5
285323.5
285283.4
285243.4
285216.7
285176.7
285136.7
285096.7
285043.3
285003.3
284963.3
284923.2
284896.6
284856.5
284816.5
284776.5
284749.8
284709.8
284669.8
284629.8
284589.7
284563.1
284523.0
284469.7
284429.7
284389.6
284349.6
284309.6
284269.6
284242.9
284202.9
284162.8
284122.8
284082.8
284042.8
284002.8
283976.1
283936.1
283882.7
283842.7
283802.7
283776.0
283736.0
283695.9
283655.9
283629.2
283589.2
283549.2
283509.2
283469.1
283429.1
283402.4
283362.4
283309.1
283269.0
283229.0
283189.0
283149.0
283122.3
283082.3
283042.3
283002.2
282962.2
282922.2
282882.2
282855.5
282815.5
282762.1
282722.1
282682.1
282655.4
282615.4
282575.3
282548.7
282508.6
282468.6
282428.6
282388.6
282361.9
282321.9
282281.9
282241.8
282188.5
282148.5
282121.8
282081.8
282041.7
282001.7
281961.7
281921.7
281881.6
281855.0
281814.9
281774.9
281734.9
281694.9
281654.9
281614.8
281574.8
281534.8
281494.8
281454.8
281428.1
281388.1
281348.0
281308.0
281281.3
281241.3
281201.3
281161.3
281134.6
281094.6
281041.2
281001.2
280974.5
280934.5
280894.5
280854.4
280814.4
280774.4
280747.7
280707.7
280667.7
280627.7
280587.6
280547.6
280520.9
280467.6
280427.5
280387.5
280347.5
280320.8
280280.8
280240.8
280200.8
280160.7
280120.7
280094.0
280054.0
280014.0
279974.0
279920.6
279893.9
279853.9
279813.9
279773.9
279747.2
279707.2
279667.1
279627.1
279600.4
279560.4
279520.4
279493.7
279453.7
279413.7
279373.7
279320.3
279293.6
279253.6
279213.6
279173.6
279133.5
279106.9
279066.8
279026.8
278986.8
278946.8
278920.1
278880.1
278840.0
278786.7
278746.7
278720.0
278680.0
278639.9
278599.9
278559.9
278533.2
278493.2
278453.2
278413.2
278386.5
278346.5
278306.4
278266.4
278213.1
278186.4
278146.3
278106.3
278066.3
278026.3
277999.6
277959.6
277919.6
277879.5
277852.9
277812.8
277772.8
277732.8
277692.8
277666.1
277612.7
277572.7
277532.7
277506.0
277466.0
277426.0
277399.3
277359.3
277319.2
277279.2
277252.5
277212.5
277172.5
277132.5
277105.8
277052.4
277012.4
276972.4
276945.7
276905.7
276865.7
276839.0
276799.0
276759.0
276718.9
276678.9
276652.2
276612.2
276572.2
276532.2
276492.1
276452.1
276412.1
276372.1
276345.4
276305.4
276265.4
276225.3
276198.7
276158.6
276118.6
276078.6
276038.6
276011.9
275971.9
275918.5
275878.5
275851.8
275811.8
275771.8
275731.7
275705.1
275665.0
275625.0
275585.0
275558.3
275518.3
275478.3
275438.3
275411.6
275358.2
275318.2
275278.2
275251.5
275211.5
275171.5
275131.4
275104.7
275064.7
275024.7
274984.7
274958.0
274918.0
274878.0
274837.9
274797.9
274757.9
274717.9
274691.2
274651.2
274611.2
274571.1
274544.5
274504.4
274464.4
274424.4
274397.7
274357.7
274317.7
274277.6
274251.0
274197.6
274157.6
274117.6
274090.9
274050.9
274010.8
273984.2
273944.1
273904.1
273864.1
273837.4
273797.4
273757.4
273717.4
273690.7
273637.3
273597.3
273570.6
273530.6
273490.6
273450.5
273423.9
273383.8
273343.8
273303.8
273277.1
273237.1
273197.1
273170.4
273130.4
273077.0
273037.0
273010.3
272970.3
272930.3
272903.6
272863.6
272823.5
272783.5
272756.8
272716.8
272676.8
272650.1
272610.1
272570.1
272516.7
272490.0
272450.0
272410.0
272383.3
272343.3
272303.3
272263.3
272236.6
272196.6
272156.5
272129.9
272089.8
272049.8
272023.1
271983.1
271929.7
271889.7
271863.0
271823.0
271783.0
271756.3
271716.3
271676.3
271636.3
271609.6
271569.6
271529.5
271502.9
271462.8
271422.8
271382.8
271342.8
271302.7
271262.7
271236.0
271196.0
271156.0
271129.3
271089.3
271049.3
271009.3
270982.6
270942.6
270902.5
270862.5
270835.8
270782.5
270742.5
270702.4
270675.8
270635.7
270595.7
270569.0
270529.0
270489.0
270449.0
270422.3
270382.3
270342.2
270315.6
270275.5
270222.2
270195.5
270155.5
270115.5
270088.8
270048.8
270008.7
269982.1
269942.0
269902.0
269875.3
269835.3
269795.3
269755.3
269728.6
269675.2
269635.2
269608.5
269568.5
269528.5
269501.8
269461.8
269421.8
269395.1
269355.1
269315.0
269288.4
269248.3
269208.3
269181.6
269141.6
269088.2
269061.6
269021.5
268981.5
268954.8
268914.8
268874.8
268848.1
268808.1
268768.1
268741.4
268701.4
268661.4
268621.3
268594.7
268554.6
268501.3
268474.6
268434.6
268394.6
268354.5
268327.8
268287.8
268247.8
268221.1
268181.1
268141.1
268114.4
268074.4
268034.4
268007.7
267954.3
267914.3
267887.6
267847.6
267820.9
267780.9
267740.9
267714.2
267674.2
267634.2
267607.5
267567.4
267527.4
267500.7
267460.7
267420.7
267380.7
267340.7
267300.6
267274.0
267233.9
267207.3
267167.2
267127.2
267087.2
267060.5
267020.5
266980.5
266953.8
266913.8
266873.8
266820.4
266793.7
266753.7
266713.7
266687.0
266647.0
266606.9
266580.3
266540.2
266513.6
266473.5
266433.5
266406.8
266366.8
266326.8
266300.1
266246.8
266220.1
266180.1
266140.0
266113.4
266073.3
266033.3
266006.6
265966.6
265939.9
265899.9
265859.9
265833.2
265793.2
265753.2
265713.1
265673.1
265633.1
265593.1
265553.1
265526.4
265486.4
265446.3
265419.7
265379.6
265353.0
265312.9
265272.9
265246.2
265206.2
265179.5
265139.5
265086.1
265059.5
265019.4
264992.8
264952.7
264912.7
264886.0
264846.0
264819.3
264779.3
264739.3
264712.6
264672.6
264632.6
264592.6
264565.9
264512.5
264472.5
264445.8
264405.8
264365.8
264339.1
264299.1
264259.0
264232.4
264192.3
264165.7
264125.6
264085.6
264058.9
264018.9
263978.9
263938.9
263912.2
263872.2
263832.2
263805.5
263765.4
263738.8
263698.7
263658.7
263618.7
263592.0
263552.0
263512.0
263472.0
263445.3
263391.9
263365.2
263325.2
263285.2
263258.5
263218.5
263191.8
263151.8
263125.1
263085.1
263045.1
263018.4
262978.4
262951.7
262911.7
262885.0
262831.6
262791.6
262764.9
262724.9
262684.9
262644.9
262618.2
262578.2
262538.1
262511.5
262471.4
262444.8
262404.7
262364.7
262338.0
262298.0
262258.0
262218.0
262191.3
262151.3
262111.2
262084.6
262044.5
262017.9
261977.8
261937.8
261911.1
261871.1
261831.1
261804.4
261764.4
261724.4
261684.4
261644.3
261617.7
261577.6
261537.6
261510.9
261470.9
261444.2
261404.2
261377.5
261337.5
261297.5
261270.8
261230.8
261204.1
261164.1
261110.7
261084.0
261044.0
261004.0
260964.0
260937.3
260897.3
260870.6
260830.6
260803.9
260763.9
260737.2
260697.2
260670.5
260630.5
260590.4
260550.4
260510.4
260483.7
260443.7
260403.7
260377.0
260337.0
260297.0
260270.3
260230.3
260190.2
260163.6
260123.5
260096.9
260056.8
260030.2
259976.8
259950.1
259910.1
259883.4
259843.4
259803.4
259776.7
259736.7
259710.0
259670.0
259629.9
259589.9
259563.2
259523.2
259496.5
259456.5
259416.5
259376.5
259349.8
259309.8
259269.8
259243.1
259203.0
259176.4
259136.3
259109.7
259069.6
259029.6
259002.9
258962.9
258922.9
258896.2
258842.9
258816.2
258776.2
258749.5
258709.5
258669.4
258642.8
258602.7
258576.1
258536.0
258509.4
258469.3
258442.6
258402.6
258362.6
258322.6
258282.6
258242.5
258215.9
258175.8
258149.2
258109.1
258082.5
258042.4
258015.8
257975.7
257949.1
257909.0
257882.4
257842.3
257802.3
257762.3
257735.6
257682.2
257655.6
257615.5
257588.9
257548.8
257522.2
257482.1
257442.1
257415.4
257375.4
257348.7
257308.7
257282.0
257242.0
257202.0
257175.3
257122.0
257081.9
257055.3
257015.2
256988.6
256948.5
256921.8
256881.8
256855.1
256815.1
256788.4
256748.4
256721.7
256681.7
256655.0
256615.0
256561.7
256535.0
256495.0
256468.3
256428.3
256401.6
256361.6
256334.9
256294.9
256268.2
256228.2
256201.5
256161.4
256121.4
256094.7
256054.7
256001.4
255974.7
255934.7
255908.0
255868.0
255841.3
255801.3
255774.6
255734.6
255707.9
255667.9
255641.2
255601.2
255561.1
255534.5
255494.4
255454.4
255414.4
255374.4
255347.7
255321.0
255281.0
255254.3
255214.3
255187.6
255147.6
255120.9
255080.9
255040.9
255000.8
254974.2
254934.1
254907.5
254854.1
254827.4
254787.4
254760.7
254720.7
254694.0
254667.3
254627.3
254587.3
254560.6
254520.6
254480.6
254453.9
254413.9
254387.2
254347.2
254320.5
254267.1
254240.4
254213.8
254173.7
254133.7
254107.0
254067.0
254027.0
254000.3
253960.3
253933.6
253893.6
253866.9
253826.9
253800.2
253773.5
253720.2
253693.5
253653.5
253613.4
253573.4
253546.7
253506.7
253480.0
253440.0
253413.3
253386.7
253346.6
253320.0
253279.9
253253.3
253213.2
253173.2
253133.2
253093.2
253066.5
253026.5
252999.8
252959.8
252933.1
252893.1
252866.4
252826.4
252799.7
252759.7
252733.0
252693.0
252652.9
252626.3
252572.9
252546.2
252506.2
252479.5
252452.8
252412.8
252386.1
252346.1
252319.4
252279.4
252239.4
252212.7
252172.7
252146.0
252106.0
252079.3
252039.3
251999.3
251972.6
251932.6
251905.9
251865.9
251825.8
251785.8
251759.1
251719.1
251692.4
251665.7
251625.7
251599.0
251559.0
251532.3
251492.3
251465.6
251412.3
251372.3
251345.6
251305.6
251278.9
251252.2
251212.2
251185.5
251145.5
251118.8
251078.8
251052.1
251012.1
250972.1
250945.4
250905.3
250865.3
250838.6
250798.6
250771.9
250731.9
250705.2
250665.2
250638.5
250598.5
250558.5
250531.8
250491.8
250465.1
250438.4
250398.4
250371.7
250331.7
250291.7
250251.7
250225.0
250185.0
250144.9
250118.3
250078.2
250051.6
250024.9
249984.9
249958.2
249918.2
249891.5
249851.5
249824.8
249784.8
249731.4
249704.7
249678.0
249638.0
249611.3
249571.3
249544.6
249518.0
249477.9
249437.9
249411.2
249371.2
249344.5
249304.5
249277.8
249237.8
249211.1
249171.1
249131.1
249104.4
249064.4
249024.4
248997.7
248957.7
248931.0
248904.3
248864.3
248837.6
248797.6
248770.9
248730.9
248704.2
248664.2
248624.1
248584.1
248557.4
248517.4
248490.7
248464.1
248424.0
248397.4
248357.3
248317.3
248290.6
248250.6
248223.9
248197.3
248157.2
248130.6
248090.5
248063.9
248010.5
247983.8
247943.8
247903.8
247877.1
247850.4
247810.4
247783.7
247757.0
247717.0
247690.3
247650.3
247610.3
247583.6
247543.6
247516.9
247490.2
247436.9
247410.2
247383.5
247343.5
247316.8
247276.8
247236.8
247210.1
247170.1
247143.4
247116.7
247076.7
247050.0
247023.3
246983.3
246943.3
246889.9
246863.2
246836.5
246796.5
246769.8
246743.2
246703.1
246676.5
246636.4
246609.8
246569.7
246529.7
246503.0
246476.4
246436.3
246409.7
246383.0
246342.9
246302.9
246262.9
246222.9
246196.2
246169.5
246129.5
246102.8
246062.8
246036.1
246009.4
245969.4
245929.4
245902.7
245862.7
245836.0
245809.3
245769.3
245729.3
245702.6
245662.6
245635.9
245595.9
245555.9
245529.2
245502.5
245462.5
245435.8
245409.1
245369.1
245342.4
245302.4
245262.4
245235.7
245209.0
245155.7
245129.0
245102.3
245062.3
245035.6
244995.6
244955.6
244928.9
244902.2
244862.2
244835.5
244795.5
244768.8
244742.1
244702.1
244675.4
244635.4
244595.4
244555.3
244528.7
244502.0
244462.0
244435.3
244395.3
244368.6
244328.6
244301.9
244261.9
244235.2
244208.5
244168.5
244141.8
244115.1
244075.1
244021.7
243995.0
243955.0
243928.3
243901.7
243861.6
243835.0
243808.3
243768.3
243728.2
243701.6
243661.5
243634.9
243608.2
243568.2
243541.5
243514.8
243461.4
243421.4
243394.7
243368.1
243328.0
243301.3
243274.7
243234.6
243208.0
243167.9
243141.3
243101.2
243074.6
243034.5
243007.9
242981.2
242954.5
242901.1
242861.1
242834.4
242794.4
242767.7
242741.1
242701.0
242674.4
242647.7
242607.7
242581.0
242540.9
242514.3
242474.2
242447.6
242420.9
242380.9
242354.2
242300.8
242274.1
242234.1
242207.4
242180.8
242140.7
242114.1
242087.4
242047.4
242020.7
241980.7
241940.6
241914.0
241887.3
241860.6
241820.6
241793.9
241740.5
241713.8
241673.8
241647.1
241620.5
241580.4
241553.8
241527.1
241487.1
241460.4
241420.4
241393.7
241353.7
241327.0
241300.3
241260.3
241233.6
241180.2
241153.6
241113.5
241086.9
241060.2
241020.1
240993.5
240966.8
240926.8
240900.1
240860.1
240833.4
240793.4
240766.7
240740.0
240713.3
240673.3
240619.9
240593.3
240566.6
240526.6
240499.9
240473.2
240433.2
240406.5
240366.5
240339.8
240299.8
240273.1
240246.4
240206.4
240179.7
240153.0
240113.0
240086.3
240033.0
240006.3
239979.6
239939.6
239912.9
239886.2
239846.2
239806.2
239779.5
239752.8
239712.8
239686.1
239659.4
239632.8
239592.7
239552.7
239526.0
239486.0
239446.0
239419.3
239392.6
239365.9
239325.9
239285.9
239259.2
239232.5
239192.5
239165.8
239139.2
239099.1
239072.5
239032.4
239005.8
238979.1
238939.1
238899.0
238872.4
238832.3
238805.6
238765.6
238738.9
238712.3
238672.2
238645.6
238618.9
238578.9
238538.8
238512.2
238485.5
238458.8
238418.8
238392.1
238365.4
238312.1
238272.0
238245.4
238218.7
238192.0
238152.0
238125.3
238098.6
238058.6
238018.6
237991.9
237965.2
237938.5
237898.5
237871.8
237845.1
237805.1
237751.8
237725.1
237698.4
237671.7
237631.7
237605.0
237565.0
237538.3
237511.6
237471.6
237444.9
237418.3
237391.6
237351.6
237311.5
237284.8
237258.2
237204.8
237178.1
237151.4
237124.8
237084.7
237044.7
237018.0
236991.4
236964.7
236924.7
236898.0
236871.3
236831.3
236791.3
236764.6
236737.9
236711.2
236684.5
236631.2
236591.2
236564.5
236537.8
236497.8
236471.1
236444.4
236417.7
236377.7
236337.7
236311.0
236284.3
236257.6
236231.0
236190.9
236164.3
236124.2
236097.6
236044.2
236017.5
235990.8
235964.2
235924.1
235897.5
235857.4
235830.8
235804.1
235777.4
235737.4
235710.7
235670.7
235644.0
235604.0
235577.3
235550.6
235523.9
235470.6
235443.9
235403.9
235377.2
235350.5
235323.8
235283.8
235257.1
235217.1
235190.4
235163.7
235123.7
235097.0
235070.4
235043.7
235003.6
234963.6
234923.6
234896.9
234870.2
234843.6
234803.5
234776.9
234736.8
234710.2
234683.5
234643.5
234616.8
234590.1
234550.1
234523.4
234483.4
234456.7
234430.0
234403.3
234363.3
234323.3
234283.3
234256.6
234229.9
234203.2
234176.5
234136.5
234096.5
234069.8
234043.1
234016.5
233976.4
233949.8
233923.1
233883.1
233856.4
233816.4
233776.3
233749.7
233723.0
233683.0
233656.3
233616.3
233589.6
233562.9
233536.2
233509.5
233469.5
233429.5
233402.8
233376.1
233349.4
233322.8
233282.7
233256.1
233202.7
233176.0
233149.3
233122.7
233082.6
233056.0
233015.9
232989.3
232962.6
232935.9
232895.9
232869.2
232829.2
232802.5
232775.8
232735.8
232709.1
232682.4
232642.4
232602.4
232575.7
232535.7
232509.0
232482.3
232455.6
232415.6
232388.9
232348.9
232322.2
232295.6
232268.9
232242.2
232202.2
232175.5
232135.5
232108.8
232068.8
232042.1
232002.1
231975.4
231935.4
231908.7
231882.0
231855.3
231828.6
231788.6
231748.6
231721.9
231695.2
231668.6
231641.9
231601.9
231575.2
231535.2
231495.1
231468.5
231441.8
231415.1
231375.1
231335.1
231308.4
231281.7
231255.0
231228.3
231188.3
231161.6
231121.6
231094.9
231068.2
231041.6
231014.9
230974.9
230934.8
230894.8
230868.1
230841.5
230814.8
230774.8
230748.1
230721.4
230681.4
230654.7
230628.0
230601.3
230561.3
230534.6
230508.0
230467.9
230441.2
230414.6
230361.2
230334.5
230307.8
230281.2
230241.1
230214.5
230187.8
230147.8
230121.1
230094.4
230067.7
230041.0
230001.0
229961.0
229934.3
229907.6
229881.0
229854.3
229800.9
229760.9
229734.2
229707.5
229680.8
229654.2
229627.5
229587.5
229560.8
229520.8
229494.1
229467.4
229440.7
229400.7
229374.0
229347.3
229320.7
229280.6
229254.0
229200.6
229173.9
229147.2
229120.6
229093.9
229067.2
229027.2
228987.2
228960.5
228933.8
228907.1
228880.4
228840.4
228813.7
228787.0
228747.0
228720.3
228693.7
228653.6
228613.6
228586.9
228560.3
228533.6
228506.9
228466.9
228426.9
228400.2
228373.5
228346.8
228320.1
228280.1
228253.4
228226.8
228186.7
228160.0
228133.4
228093.3
228053.3
228026.6
228000.0
227973.3
227946.6
227906.6
227866.6
227839.9
227813.2
227786.5
227759.8
227719.8
227693.1
227666.5
227639.8
227599.8
227573.1
227546.4
227493.0
227466.4
227439.7
227413.0
227386.3
227346.3
227319.6
227292.9
227252.9
227226.2
227199.5
227159.5
227132.8
227106.2
227079.5
227052.8
227012.8
226986.1
226932.7
226906.1
226879.4
226852.7
226826.0
226786.0
226759.3
226732.6
226706.0
226679.3
226639.2
226612.6
226572.5
226545.9
226519.2
226492.5
226452.5
226425.8
226385.8
226359.1
226332.4
226292.4
226265.7
226239.0
226199.0
226172.3
226145.7
226119.0
226079.0
226052.3
226025.6
225998.9
225972.2
225932.2
225905.5
225878.8
225852.2
225798.8
225772.1
225732.1
225705.4
225678.7
225652.1
225625.4
225585.4
225558.7
225532.0
225505.3
225478.6
225452.0
225411.9
225371.9
225345.2
225318.6
225291.9
225265.2
225211.8
225185.1
225158.5
225131.8
225105.1
225065.1
225038.4
225011.7
224985.0
224958.4
224918.3
224891.7
224851.6
224825.0
224798.3
224771.6
224744.9
224704.9
224664.9
224638.2
224611.5
224584.8
224544.8
224518.1
224491.5
224464.8
224424.7
224398.1
224358.0
224331.4
224304.7
224278.0
224251.3
224211.3
224184.6
224157.9
224131.3
224091.2
224051.2
224024.5
223997.9
223971.2
223944.5
223917.8
223877.8
223837.8
223811.1
223784.4
223757.7
223731.1
223691.0
223664.3
223637.7
223611.0
223584.3
223530.9
223504.3
223477.6
223450.9
223424.2
223384.2
223357.5
223330.8
223304.2
223277.5
223237.5
223210.8
223184.1
223144.1
223117.4
223090.7
223064.0
223024.0
222997.3
222957.3
222930.6
222903.9
222863.9
222837.2
222810.6
222783.9
222757.2
222717.2
222690.5
222663.8
222637.1
222610.5
222570.4
222543.8
222517.1
222490.4
222463.7
222423.7
222383.7
222357.0
222330.3
222303.6
222263.6
222236.9
222196.9
222170.2
222143.5
222116.9
222090.2
222050.2
222023.5
221996.8
221970.1
221943.4
221903.4
221876.7
221850.1
221810.0
221783.4
221743.3
221716.7
221690.0
221663.3
221636.6
221596.6
221569.9
221543.2
221516.6
221489.9
221449.9
221423.2
221396.5
221369.8
221343.1
221303.1
221263.1
221236.4
221209.7
221183.0
221143.0
221116.3
221089.7
221063.0
221036.3
220996.3
220969.6
220942.9
220916.2
220889.6
220862.9
220822.9
220796.2
220769.5
220742.8
220716.1
220662.8
220636.1
220609.4
220582.7
220556.0
220516.0
220489.3
220462.7
220436.0
220409.3
220369.3
220342.6
220315.9
220289.2
220262.6
220222.5
220195.9
220169.2
220142.5
220102.5
220062.5
220035.8
220009.1
219982.4
219955.7
219915.7
219889.0
219862.3
219835.7
219809.0
219769.0
219742.3
219715.6
219688.9
219662.2
219622.2
219595.5
219568.9
219528.8
219502.2
219462.1
219435.5
219408.8
219382.1
219355.4
219328.7
219288.7
219262.0
219235.4
219208.7
219182.0
219142.0
219115.3
219088.6
219061.9
219035.2
218981.9
218955.2
218928.5
218901.8
218875.2
218835.1
218808.5
218781.8
218755.1
218728.4
218688.4
218661.7
218635.0
218608.4
218581.7
218541.7
218515.0
218488.3
218461.6
218434.9
218394.9
218368.2
218341.5
218314.9
218274.8
218248.2
218221.5
218194.8
218168.1
218128.1
218101.4
218074.7
218048.1
218021.4
217981.4
217954.7
217928.0
217901.3
217874.6
217821.3
217794.6
217767.9
217741.2
217714.6
217674.5
217647.9
217621.2
217594.5
217567.8
217527.8
217501.1
217487.8
217461.1
217421.1
217394.4
217367.7
217341.0
217314.3
217261.0
217234.3
217207.6
217180.9
217154.3
217114.2
217087.6
217060.9
217034.2
217007.5
216967.5
216940.8
216914.1
216887.5
216860.8
216820.7
216807.4
216780.7
216754.0
216700.7
216674.0
216647.3
216620.6
216594.0
216553.9
216527.3
216500.6
216473.9
216447.2
216407.2
216380.5
216353.8
216327.2
216300.5
216260.5
216233.8
216220.4
216193.8
216153.7
216113.7
216087.0
216060.3
216033.7
215993.6
215967.0
215940.3
215913.6
215886.9
215846.9
215820.2
215793.5
215766.9
215740.2
215713.5
215686.8
215660.1
215633.5
215593.4
215553.4
215526.7
215500.1
215473.4
215433.4
215406.7
215380.0
215353.3
215326.6
215286.6
215273.3
215246.6
215219.9
215179.9
215153.2
215126.5
215099.8
215073.2
215033.1
214993.1
214966.4
214939.8
214913.1
214873.1
214859.7
214833.0
214806.4
214766.3
214739.7
214713.0
214686.3
214659.6
214619.6
214592.9
214566.2
214539.5
214512.9
214486.2
214459.5
214419.5
214392.8
214352.8
214326.1
214299.4
214272.7
214246.1
214206.0
214179.4
214152.7
214139.3
214099.3
214072.6
214046.0
214019.3
213992.6
213952.6
213925.9
213899.2
213859.2
213832.5
213792.5
213779.1
213752.5
213725.8
213685.8
213659.1
213632.4
213605.7
213579.0
213539.0
213512.3
213485.7
213472.3
213432.3
213405.6
213378.9
213352.3
213325.6
213272.2
213245.5
213218.9
213192.2
213165.5
213138.8
213112.1
213085.5
213058.8
213018.7
212992.1
212965.4
212938.7
212912.0
212872.0
212858.7
212832.0
212792.0
212765.3
212738.6
212698.6
212671.9
212631.9
212605.2
212591.9
212565.2
212525.2
212498.5
212471.8
212445.1
212418.4
212378.4
212351.7
212325.1
212311.7
212271.7
212245.0
212218.3
212191.6
212165.0
212111.6
212084.9
212058.2
212044.9
212004.9
211978.2
211951.5
211924.8
211898.2
211858.1
211831.5
211818.1
211791.4
211751.4
211724.7
211698.1
211671.4
211644.7
211604.7
211564.7
211551.3
211524.6
211484.6
211457.9
211431.2
211404.6
211377.9
211337.9
211324.5
211297.8
211257.8
211231.1
211204.5
211177.8
211151.1
211111.1
211097.7
211071.1
211044.4
210991.0
210964.3
210937.7
210911.0
210884.3
210857.6
210830.9
210804.2
210777.6
210737.5
210710.9
210684.2
210657.5
210630.8
210604.1
210577.5
210550.8
