IEC 61083-2 TDG Version 2.1.0
Data File Version  2.1.0
11 LI-A11
16 bits, 10995 samples at 10ns
1.000000e-008
0.00
0.00
0.00
0.00
0.00
0.00
0.00
0.00
0.00
0.00
0.00
0.00
0.00
0.00
0.00
0.00
0.00
0.00
0.00
0.00
0.00
0.00
0.00
0.00
0.00
0.00
0.00
0.00
0.00
0.00
0.00
0.00
0.00
0.00
0.00
0.00
0.00
0.00
0.00
0.00
0.00
0.00
0.00
0.00
0.00
0.00
0.00
0.00
0.00
0.00
0.00
0.00
0.00
0.00
0.00
0.00
0.00
0.00
0.00
0.00
0.00
0.00
0.00
0.00
0.00
0.00
0.00
0.00
0.00
0.00
0.00
0.00
0.00
0.00
0.00
0.00
0.00
0.00
0.00
0.00
0.00
0.00
0.00
0.00
0.00
0.00
0.00
0.00
0.00
0.00
0.00
0.00
0.00
0.00
0.00
0.00
0.00
0.00
0.00
0.00
0.00
0.00
0.00
0.00
0.00
0.00
0.00
0.00
0.00
0.00
0.00
0.00
0.00
0.00
0.00
0.00
0.00
0.00
0.00
0.00
0.00
0.00
0.00
0.00
0.00
0.00
0.00
0.00
0.00
0.00
0.00
0.00
0.00
0.00
0.00
0.00
0.00
0.00
0.00
0.00
0.00
0.00
0.00
0.00
0.00
0.00
0.00
0.00
0.00
0.00
0.00
0.00
0.00
0.00
0.00
0.00
0.00
0.00
0.00
0.00
0.00
0.00
0.00
0.00
0.00
0.00
0.00
0.00
0.00
0.00
0.00
0.00
0.00
0.00
0.00
0.00
0.00
0.00
0.00
0.00
0.00
0.00
0.00
0.00
0.00
0.00
0.00
0.00
0.00
0.00
0.00
0.00
0.00
0.00
0.00
0.00
0.00
0.00
0.00
0.00
0.00
0.00
0.00
0.00
0.00
0.00
0.00
0.00
0.00
0.00
0.00
0.00
0.00
0.00
0.00
0.00
0.00
0.00
0.00
0.00
0.00
0.00
0.00
0.00
0.00
0.00
0.00
0.00
0.00
0.00
0.00
0.00
0.00
0.00
0.00
0.00
0.00
0.00
0.00
0.00
0.00
0.00
0.00
0.00
0.00
0.00
0.00
0.00
0.00
0.00
0.00
0.00
0.00
0.00
0.00
0.00
0.00
0.00
0.00
0.00
0.00
0.00
0.00
0.00
0.00
0.00
0.00
0.00
0.00
0.00
0.00
0.00
0.00
0.00
0.00
0.00
0.00
0.00
0.00
0.00
0.00
0.00
0.00
0.00
0.00
0.00
0.00
0.00
0.00
0.00
0.00
0.00
0.00
0.00
0.00
0.00
0.00
0.00
0.00
0.00
0.00
0.00
0.00
0.00
0.00
0.00
0.00
0.00
0.00
0.00
0.00
0.00
0.00
0.00
0.00
0.00
0.00
0.00
0.00
0.00
0.00
0.00
0.00
0.00
0.00
0.00
0.00
0.00
0.00
0.00
0.00
0.00
0.00
0.00
0.00
0.00
0.00
0.00
0.00
0.00
0.00
0.00
0.00
0.00
0.00
0.00
0.00
0.00
0.00
0.00
0.00
0.00
0.00
0.00
0.00
0.00
0.00
0.00
0.00
0.00
0.00
0.00
0.00
0.00
0.00
0.00
0.00
0.00
0.00
0.00
0.00
0.00
0.00
0.00
0.00
0.00
0.00
0.00
0.00
0.00
0.00
0.00
0.00
0.00
0.00
0.00
0.00
0.00
0.00
0.00
0.00
0.00
0.00
0.00
0.00
0.00
0.00
0.00
0.00
0.00
0.00
0.00
0.00
0.00
0.00
0.00
0.00
0.00
0.00
0.00
0.00
0.00
0.00
0.00
0.00
0.00
0.00
0.00
0.00
0.00
0.00
0.00
0.00
0.00
0.00
0.00
0.00
0.00
0.00
0.00
0.00
0.00
0.00
0.00
0.00
0.00
0.00
0.00
0.00
0.00
0.00
0.00
0.00
0.00
0.00
0.00
0.00
0.00
0.00
0.00
0.00
0.00
0.00
0.00
0.00
0.00
0.00
0.00
0.00
0.00
0.00
0.00
0.00
0.00
0.00
0.00
0.00
0.00
0.00
0.00
0.00
0.00
0.00
0.00
0.00
0.00
0.00
0.00
0.00
0.00
0.00
0.00
0.00
0.00
0.00
0.00
0.00
0.00
0.00
0.00
0.00
0.00
0.00
0.00
0.00
0.00
0.00
0.00
0.00
0.00
0.00
0.00
0.00
0.00
0.00
0.00
0.00
0.00
0.00
0.00
0.00
0.00
0.00
0.00
0.00
0.00
0.00
0.00
0.00
0.00
0.00
0.00
0.00
0.00
0.00
0.00
0.00
0.00
0.00
0.00
0.00
0.00
0.00
0.00
0.00
0.00
0.00
0.00
0.00
0.00
0.00
0.00
0.00
0.00
0.00
0.00
0.00
0.00
0.00
0.00
0.00
0.00
0.00
0.00
0.00
0.00
0.00
0.00
0.00
0.00
0.00
0.00
0.00
0.00
0.00
0.00
0.00
0.00
0.00
0.00
0.00
0.00
0.00
0.00
0.00
0.00
0.00
0.00
0.00
0.00
0.00
0.00
0.00
0.00
0.00
0.00
0.00
0.00
0.00
0.00
0.00
0.00
0.00
0.00
0.00
0.00
0.00
0.00
0.00
0.00
0.00
0.00
0.00
0.00
0.00
0.00
0.00
0.00
0.00
0.00
0.00
0.00
0.00
0.00
0.00
0.00
0.00
0.00
0.00
0.00
0.00
0.00
0.00
0.00
0.00
0.00
0.00
0.00
0.00
0.00
0.00
0.00
0.00
0.00
0.00
0.00
0.00
0.00
0.00
0.00
0.00
0.00
0.00
0.00
0.00
0.00
0.00
0.00
0.00
0.00
0.00
0.00
0.00
0.00
0.00
0.00
0.00
0.00
0.00
0.00
0.00
0.00
0.00
0.00
0.00
0.00
0.00
0.00
0.00
0.00
0.00
0.00
0.00
0.00
0.00
0.00
0.00
0.00
0.00
0.00
0.00
0.00
0.00
0.00
0.00
0.00
0.00
0.00
0.00
0.00
0.00
0.00
0.00
0.00
0.00
0.00
0.00
0.00
0.00
0.00
0.00
0.00
0.00
0.00
0.00
0.00
0.00
0.00
0.00
0.00
0.00
0.00
0.00
0.00
0.00
0.00
0.00
0.00
0.00
0.00
0.00
0.00
0.00
0.00
0.00
0.00
0.00
0.00
0.00
0.00
0.00
0.00
0.00
0.00
0.00
0.00
0.00
0.00
0.00
0.00
0.00
0.00
0.00
0.00
0.00
0.00
0.00
0.00
0.00
0.00
0.00
0.00
0.00
0.00
0.00
0.00
0.00
0.00
0.00
0.00
0.00
0.00
0.00
0.00
0.00
0.00
0.00
0.00
0.00
0.00
0.00
0.00
0.00
0.00
0.00
0.00
0.00
0.00
0.00
0.00
0.00
0.00
0.00
0.00
0.00
0.00
0.00
0.00
0.00
0.00
0.00
0.00
0.00
0.00
0.00
0.00
0.00
0.00
0.00
0.00
0.00
0.00
0.00
0.00
0.00
0.00
0.00
0.00
0.00
0.00
0.00
0.00
0.00
0.00
0.00
0.00
0.00
0.00
0.00
0.00
0.00
0.00
0.00
0.00
0.00
0.00
0.00
0.00
0.00
0.00
0.00
0.00
0.00
0.00
0.00
0.00
0.00
0.00
0.00
0.00
0.00
0.00
0.00
0.00
0.00
0.00
0.00
0.00
0.00
0.00
0.00
0.00
0.00
0.00
0.00
0.00
0.00
0.00
0.00
0.00
0.00
0.00
0.00
0.00
0.00
0.00
0.00
0.00
0.00
0.00
0.00
0.00
0.00
0.00
0.00
0.00
0.00
0.00
0.00
0.00
0.00
0.00
0.00
0.00
0.00
0.00
0.00
0.00
0.00
0.00
0.00
0.00
0.00
0.00
0.00
0.00
0.00
0.00
0.00
0.00
0.00
0.00
0.00
0.00
0.00
0.00
0.00
0.00
0.00
0.00
0.00
0.00
0.00
0.00
0.00
0.00
0.00
0.00
0.00
0.00
0.00
0.00
0.00
0.00
0.00
0.00
0.00
0.00
0.00
0.00
0.00
0.00
0.00
0.00
0.00
0.00
0.00
0.00
0.00
0.00
0.00
0.00
0.00
0.00
0.00
0.00
0.00
0.00
0.00
0.00
0.00
0.00
0.00
0.00
0.00
0.00
0.00
0.00
0.00
0.00
0.00
0.00
0.00
0.00
0.00
0.00
0.00
0.00
0.00
0.00
0.00
0.00
0.00
0.00
0.00
0.00
0.00
0.00
0.00
0.00
0.00
0.00
0.00
0.00
0.00
0.00
0.00
0.00
0.00
0.00
0.00
0.00
0.00
0.00
0.00
0.00
0.00
0.00
0.00
0.00
0.00
111.33
434.59
953.68
1651.18
2514.99
3530.38
4682.58
5959.53
7347.80
8838.02
10418.10
12075.99
13803.62
15588.93
17426.55
19305.75
21219.83
23159.39
25120.41
27093.51
29074.65
31057.13
33035.59
35006.01
36963.00
38902.57
40822.01
42717.31
44584.44
46422.06
48224.80
49994.02
51724.33
53417.09
55069.61
56679.20
58244.53
59768.28
61245.08
62676.28
64063.22
65401.86
66696.25
67942.34
69142.83
70299.06
71406.99
72469.33
73488.74
74463.88
75396.11
76282.73
77129.10
77933.90
78698.46
79422.78
80109.54
80757.40
81370.39
81947.16
82489.05
82997.42
83474.93
83920.25
84336.06
84721.03
85079.16
85409.13
85714.95
85995.29
86251.48
86486.22
86698.15
86888.61
87060.30
87213.22
87347.35
87465.39
87568.67
87654.51
87726.94
87785.96
87831.57
87865.10
87889.25
87899.98
87902.66
87895.95
87881.20
87858.39
87828.89
87791.33
87748.41
87700.12
87645.12
87587.45
87524.40
87458.68
87390.27
87319.18
87242.72
87164.93
87087.13
87005.31
86924.83
86840.33
86758.50
86675.34
86589.50
86506.34
86421.83
86337.33
86254.17
86171.00
86089.18
86008.70
85929.56
85849.08
85772.63
85694.83
85619.72
85547.28
85476.19
85403.76
85336.70
85269.63
85203.90
85139.52
85077.82
85017.46
84958.44
84902.11
84847.11
84793.46
84741.15
84691.52
84643.23
84596.28
84550.68
84507.75
84464.83
84424.59
84387.04
84348.14
84311.92
84278.39
84244.85
84214.00
84181.81
84152.30
84124.13
84097.31
84071.82
84046.34
84023.54
84000.73
83977.93
83957.81
83937.69
83917.57
83898.79
83882.70
83865.26
83849.16
83833.07
83818.31
83803.56
83790.14
83776.73
83764.66
83751.25
83740.51
83729.78
83719.05
83708.32
83697.59
83686.86
83677.47
83668.08
83660.03
83650.65
83641.26
83633.21
83625.16
83615.77
83607.72
83601.02
83594.31
83586.26
83576.87
83570.17
83562.12
83555.41
83547.36
83540.66
83533.95
83525.90
83517.85
83511.15
83503.10
83496.39
83488.34
83481.64
83474.93
83466.88
83457.49
83450.79
83442.74
83436.03
83427.98
83421.28
83413.23
83403.84
83395.79
83387.75
83379.70
83372.99
83364.94
83356.89
83346.16
83339.46
83330.07
83322.02
83313.97
83304.58
83296.53
83287.15
83277.76
83269.71
83260.32
83252.27
83242.88
83232.15
83224.10
83214.71
83206.67
83195.93
83187.89
83177.16
83167.77
83159.72
83148.99
83140.94
83130.21
83119.48
83111.43
83100.70
83091.31
83081.92
83072.53
83061.80
83052.41
83041.68
83033.63
83024.24
83013.51
83002.78
82993.39
82982.66
82973.27
82963.89
82954.50
82942.42
82933.03
82923.65
82912.91
82903.53
82894.14
82883.41
82872.67
82863.29
82852.55
82843.17
82831.09
82821.70
82812.31
82802.93
82792.19
82782.81
82772.08
82762.69
82750.61
82741.22
82731.84
82722.45
82710.37
82700.98
82691.60
82682.21
82671.48
82660.74
82650.01
82640.62
82629.89
82620.50
82611.12
82600.38
82589.65
82580.26
82570.88
82560.15
82550.76
82540.03
82530.64
82519.91
82510.52
82499.79
82489.05
82478.32
82468.93
82459.55
82450.16
82439.43
82428.69
82419.31
82408.57
82399.19
82389.80
82380.41
82368.33
82358.95
82349.56
82340.17
82329.44
82318.71
82309.32
82298.59
82289.20
82279.81
82270.42
82259.69
82250.30
82239.57
82230.18
82220.79
82211.40
82199.33
82189.94
82180.55
82169.82
82160.43
82151.04
82140.31
82129.58
82120.19
82110.80
82101.41
82089.34
82081.29
82070.56
82061.17
82051.78
82042.39
82030.32
82020.93
82011.54
82000.81
81991.42
81982.03
81971.30
81961.91
81952.52
81941.79
81932.40
81923.01
81912.28
81901.55
81892.16
81882.77
81873.38
81864.00
81853.26
81842.53
81833.14
81823.76
81814.37
81802.29
81792.90
81783.52
81774.13
81764.74
81755.35
81743.28
81733.89
81724.50
81713.77
81704.38
81696.33
81684.26
81674.87
81665.48
81656.09
81645.36
81635.97
81625.24
81615.85
81606.46
81597.07
81586.34
81576.95
81566.22
81555.49
81547.44
81538.05
81527.32
81516.59
81507.20
81497.81
81487.08
81479.03
81468.30
81457.57
81448.18
81438.79
81428.06
81420.02
81409.28
81398.55
81389.16
81379.78
81369.04
81359.66
81350.27
81339.54
81330.15
81320.76
81310.03
81300.64
81292.59
81280.52
81271.13
81261.74
81251.01
81242.96
81233.57
81221.50
81212.11
81202.72
81191.99
81183.94
81173.21
81162.48
81153.09
81143.70
81134.31
81124.92
81114.19
81103.46
81094.07
81086.02
81075.29
81065.90
81055.17
81044.44
81036.40
81027.01
81016.28
81006.89
80996.16
80986.77
80977.38
80967.99
80957.26
80947.87
80938.48
80927.75
80918.36
80908.97
80898.24
80890.19
80879.46
80868.73
80859.34
80849.95
80840.56
80829.83
80820.44
80811.05
80801.66
80790.93
80781.54
80770.81
80761.42
80752.03
80742.64
80733.25
80723.87
80713.13
80702.40
80693.01
80684.97
80674.24
80664.85
80654.12
80644.73
80635.34
80625.95
80615.22
80607.17
80596.44
80585.71
80576.32
80566.93
80557.54
80548.15
80537.42
80528.03
80518.64
80507.91
80498.52
80490.47
80478.40
80469.01
80459.62
80450.23
80440.85
80431.46
80420.73
80411.34
80401.95
80391.22
80383.17
80371.10
80361.71
80353.66
80342.93
80333.54
80324.15
80313.42
80304.03
80294.64
80285.25
80275.86
80266.47
80255.74
80246.35
80235.62
80226.23
80218.18
80207.45
80196.72
80187.33
80177.94
80168.56
80159.17
80149.78
80139.05
80129.66
80120.27
80110.88
80100.15
80092.10
80081.37
80070.64
80062.59
80051.86
80042.47
80034.42
80022.35
80012.96
80003.57
79994.18
79984.79
79975.40
79964.67
79955.28
79945.89
79936.51
79927.12
79917.73
79907.00
79897.61
79888.22
79878.83
79868.10
79860.05
79849.32
79838.59
79830.54
79821.15
79810.42
79802.37
79790.30
79780.91
79772.86
79762.13
79754.08
79742.01
79732.62
79724.58
79713.84
79704.46
79696.41
79684.34
79674.95
79665.56
79656.17
79648.12
79637.39
79626.66
79617.27
79607.88
79598.49
79589.10
79579.71
79570.32
79559.59
79550.20
79540.81
79531.42
79522.03
79511.30
79501.91
79492.53
79483.14
79473.75
79464.36
79453.63
79445.58
79434.85
79425.46
79416.07
79406.68
79397.29
79386.56
79377.17
79367.78
79358.39
79350.34
79338.27
79328.88
79320.84
79310.10
79302.06
79291.33
79281.94
79272.55
79261.82
79253.77
79243.04
79234.99
79224.26
79213.53
79205.48
79194.75
79186.70
79177.31
79166.58
79157.19
79147.80
79138.41
79129.03
79119.64
79108.91
79099.52
79090.13
79080.74
79071.35
79061.96
79051.23
79041.84
79033.79
79023.06
79015.01
79004.28
78993.55
78985.50
78974.77
78966.72
78955.99
78947.95
78937.22
78927.83
78918.44
78909.05
78899.66
78890.27
78879.54
78870.15
78860.76
78851.37
78841.98
78832.59
78823.20
78812.47
78804.42
78795.03
78785.65
78776.26
78765.53
78756.14
78746.75
78737.36
78727.97
78718.58
78707.85
78698.46
78689.07
78681.02
78670.29
78662.24
78650.17
78642.12
78632.73
78623.34
78613.95
78604.57
78593.83
78584.45
78575.06
78567.01
78556.28
78548.23
78536.16
78528.11
78518.72
78509.33
78499.94
78490.55
78479.82
78470.43
78461.04
78453.00
78442.26
78434.22
78423.49
78414.10
78404.71
78395.32
78385.93
78376.54
78367.15
78356.42
78348.37
78338.98
78329.59
78320.20
78309.47
78300.08
78290.69
78281.31
78271.92
78263.87
78253.14
78243.75
78234.36
78224.97
78215.58
78206.19
78195.46
78187.41
78176.68
78168.63
78157.90
78149.86
78139.12
78129.74
78121.69
78110.96
78102.91
78092.18
78084.13
78073.40
78064.01
78054.62
78045.23
78037.18
78026.45
78017.06
78007.67
77998.28
77988.90
77979.51
77971.46
77959.39
77951.34
77940.61
77932.56
77923.17
77913.78
77904.39
77893.66
77885.61
77876.22
77866.83
77857.45
77846.71
77838.67
77827.94
77819.89
77810.50
77801.11
77790.38
77780.99
77771.60
77763.55
77754.16
77744.77
77734.04
77724.65
77716.61
77705.88
77697.83
77688.44
77677.71
77668.32
77658.93
77650.88
77641.49
77632.10
77621.37
77611.98
77602.59
77594.54
77585.16
77575.77
77565.04
77555.65
77547.60
77536.87
77528.82
77519.43
77508.70
77499.31
77489.92
77481.87
77472.48
77463.09
77453.71
77444.32
77433.59
77425.54
77416.15
77406.76
77397.37
77386.64
77378.59
77369.20
77359.81
77350.42
77342.37
77330.30
77322.26
77312.87
77303.48
77294.09
77286.04
77275.31
77265.92
77256.53
77247.14
77239.09
77229.70
77218.97
77209.58
77201.54
77190.80
77182.76
77173.37
77162.64
77154.59
77145.20
77135.81
77126.42
77118.37
77106.30
77098.25
77088.86
77079.47
77070.09
77062.04
77051.31
77041.92
77032.53
77023.14
77015.09
77005.70
76996.31
76985.58
76977.53
76968.14
76958.75
76949.37
76941.32
76929.25
76921.20
76911.81
76902.42
76893.03
76884.98
76874.25
76864.86
76856.81
76847.42
76838.04
76828.65
76819.26
76809.87
76800.48
76791.09
76783.04
76772.31
76762.92
76753.53
76745.48
76734.75
76726.70
76717.32
76706.59
76698.54
76689.15
76679.76
76670.37
76662.32
76652.93
76642.20
76632.81
76624.76
76615.37
76607.33
76596.60
76587.21
76577.82
76569.77
76559.04
76550.99
76541.60
76530.87
76521.48
76513.43
76504.04
76494.66
76485.27
76475.88
76466.49
76458.44
76447.71
76439.66
76430.27
76420.88
76411.49
76402.10
76392.71
76384.67
76375.28
76365.89
76356.50
76347.11
76337.72
76328.33
76320.28
76310.89
76300.16
76290.77
76282.73
76273.34
76265.29
76254.56
76245.17
76235.78
76227.73
76218.34
76208.95
76199.56
76190.17
76180.78
76171.39
76162.01
76153.96
76144.57
76136.52
76124.45
76116.40
76107.01
76098.96
76089.57
76080.18
76069.45
76061.41
76052.02
76043.97
76033.24
76025.19
76014.46
76006.41
75997.02
75988.97
75978.24
75970.20
75959.46
75951.42
75942.03
75932.64
75923.25
75915.20
75904.47
75896.42
75887.03
75877.64
75868.25
75860.21
75850.82
75841.43
75832.04
75822.65
75813.26
75805.21
75795.82
75786.43
75777.04
75767.65
75758.27
75750.22
75740.83
75730.10
75722.05
75712.66
75703.27
75695.22
75685.83
75675.10
75667.05
75657.67
75648.28
75638.89
75630.84
75621.45
75612.06
75602.67
75594.62
75583.89
75575.84
75566.46
75557.07
75547.68
75539.63
75530.24
75520.85
75511.46
75502.07
75492.68
75484.63
75475.24
75467.20
75457.81
75447.08
75437.69
75429.64
75420.25
75410.86
75402.81
75393.42
75384.03
75374.65
75365.26
75355.87
75347.82
75338.43
75329.04
75319.65
75311.60
75302.21
75294.17
75283.43
75274.05
75264.66
75256.61
75247.22
75239.17
75229.78
75220.39
75211.00
75201.61
75192.22
75182.84
75174.79
75165.40
75156.01
75146.62
75138.57
75129.18
75121.13
75111.74
75102.36
75092.97
75083.58
75074.19
75066.14
75056.75
75046.02
75037.97
75028.58
75020.53
75011.15
75003.10
74993.71
74984.32
74974.93
74965.54
74956.15
74948.10
74938.71
74929.32
74919.93
74910.55
74902.50
74893.11
74885.06
74874.33
74866.28
74856.89
74848.84
74839.45
74830.07
74822.02
74811.29
74803.24
74793.85
74784.46
74775.07
74767.02
74756.29
74748.24
74738.86
74730.81
74721.42
74713.37
74702.64
74693.25
74685.20
74675.81
74667.76
74658.38
74650.33
74639.60
74631.55
74622.16
74612.77
74604.72
74595.33
74585.94
74576.55
74568.51
74559.12
74551.07
74541.68
74533.63
74522.90
74513.51
74505.46
74496.07
74488.03
74478.64
74469.25
74459.86
74451.81
74442.42
74433.03
74424.98
74414.25
74406.21
74396.82
74388.77
74379.38
74371.33
74361.94
74351.21
74343.16
74333.77
74325.73
74316.34
74308.29
74297.56
74289.51
74280.12
74270.73
74262.68
74253.29
74243.90
74234.52
74226.47
74217.08
74209.03
74199.64
74191.59
74180.86
74171.47
74163.43
74154.04
74145.99
74136.60
74127.21
74117.82
74109.77
74101.72
74092.33
74084.29
74074.90
74065.51
74056.12
74046.73
74038.68
74029.29
74021.24
74010.51
74002.47
73993.08
73985.03
73975.64
73966.25
73956.86
73947.47
73939.42
73930.03
73921.99
73913.94
73904.55
73895.16
73885.77
73877.72
73868.33
73860.28
73850.90
73840.16
73832.12
73822.73
73814.68
73805.29
73797.24
73789.19
73778.46
73770.42
73761.03
73752.98
73743.59
73735.54
73724.81
73715.42
73707.37
73697.98
73689.94
73681.89
73671.16
73663.11
73653.72
73645.67
73636.28
73628.23
73618.85
73609.46
73601.41
73592.02
73583.97
73574.58
73565.19
73555.80
73546.41
73538.37
73528.98
73520.93
73512.88
73503.49
73494.10
73484.71
73476.66
73467.28
73459.23
73449.84
73440.45
73432.40
73423.01
73414.96
73405.57
73396.18
73388.14
73377.41
73370.70
73361.31
73351.92
73343.87
73334.48
73325.09
73315.71
73307.66
73299.61
73290.22
73282.17
73271.44
73263.39
73254.00
73244.61
73237.91
73228.52
73220.47
73209.74
73200.35
73192.30
73182.91
73176.21
73166.82
73156.09
73148.04
73138.65
73130.60
73122.55
73113.16
73105.12
73094.39
73086.34
73076.95
73068.90
73060.85
73051.46
73042.07
73032.68
73024.64
73016.59
73007.20
72999.15
72989.76
72980.37
72970.98
72962.94
72954.89
72945.50
72937.45
72926.72
72918.67
72910.62
72901.23
72891.85
72883.80
72874.41
72866.36
72856.97
72847.58
72839.53
72830.14
72823.44
72812.71
72803.32
72795.27
72785.88
72777.83
72769.78
72760.39
72751.01
72741.62
72733.57
72725.52
72716.13
72708.08
72697.35
72689.30
72681.26
72671.87
72663.82
72655.77
72646.38
72636.99
72627.60
72619.56
72611.51
72602.12
72594.07
72583.34
72575.29
72567.24
72557.85
72549.81
72540.42
72532.37
72522.98
72513.59
72505.54
72497.49
72488.11
72480.06
72469.33
72461.28
72453.23
72443.84
72435.79
72427.75
72418.36
72408.97
72399.58
72391.53
72383.48
72374.09
72366.04
72355.31
72347.27
72339.22
72329.83
72321.78
72313.73
72304.34
72294.95
72286.91
72277.52
72269.47
72260.08
72253.37
72243.98
72233.25
72225.20
72217.16
72207.77
72199.72
72190.33
72182.28
72172.89
72163.50
72156.80
72147.41
72139.36
72129.97
72120.58
72112.53
72103.14
72095.10
72087.05
72077.66
72068.27
72060.22
72050.83
72042.78
72034.74
72025.35
72017.30
72006.57
71998.52
71990.47
71981.08
71973.03
71964.99
71954.26
71946.21
71938.16
71928.77
71920.72
71912.67
71903.29
71893.90
71885.85
71876.46
71868.41
71860.36
71852.32
71842.93
71833.54
71825.49
71816.10
71808.05
71800.00
71790.61
71781.22
71773.18
71763.79
71755.74
71747.69
71738.30
71730.25
71720.86
71711.48
71703.43
71695.38
71685.99
71677.94
71669.89
71660.51
71651.12
71643.07
71635.02
71625.63
71617.58
71608.19
71598.80
71590.76
71582.71
71573.32
71565.27
71557.22
71546.49
71538.44
71530.40
71522.35
71512.96
71504.91
71495.52
71487.47
71478.08
71470.04
71461.99
71452.60
71444.55
71435.16
71427.11
71417.72
71409.68
71401.63
71392.24
71384.19
71374.80
71365.41
71357.36
71349.32
71341.27
71333.22
71322.49
71314.44
71306.39
71297.00
71288.96
71280.91
71271.52
71262.13
71254.08
71244.69
71237.99
71228.60
71220.55
71212.50
71201.77
71193.72
71185.67
71177.63
71168.24
71160.19
71150.80
71141.41
71133.36
71125.31
71115.93
71109.22
71099.83
71090.44
71082.39
71073.00
71064.95
71056.91
71048.86
71038.13
71030.08
71022.03
71012.64
71005.94
70996.55
70988.50
70979.11
70969.72
70961.67
70953.62
70945.58
70936.19
70928.14
70918.75
70909.36
70902.65
70893.26
70885.22
70877.17
70866.44
70858.39
70850.34
70842.29
70832.91
70826.20
70816.81
70806.08
70799.37
70789.98
70781.93
70773.89
70765.84
70756.45
70748.40
70739.01
70729.62
70722.92
70713.53
70705.48
70697.43
70688.04
70678.65
70670.60
70662.56
70654.51
70646.46
70635.73
70627.68
70619.63
70611.59
70602.20
70594.15
70586.10
70576.71
70567.32
70560.62
70551.23
70543.18
70535.13
70527.08
70516.35
70508.30
70500.26
70490.87
70484.16
70474.77
70465.38
70457.33
70449.28
70439.90
70431.85
70423.80
70415.75
70406.36
70398.31
70388.93
70380.88
70372.83
70364.78
70355.39
70347.34
70337.95
70329.91
70321.86
70313.81
70304.42
70296.37
70286.98
70278.94
70269.55
70262.84
70253.45
70245.40
70236.01
70227.97
70218.58
70211.87
70202.48
70194.43
70186.38
70177.00
70167.61
70159.56
70151.51
70143.46
70134.07
70127.37
70116.64
70108.59
70100.54
70092.49
70084.44
70076.40
70068.35
70057.62
70049.57
70041.52
70033.47
70024.08
70017.38
70006.65
69998.60
69990.55
69982.50
69973.11
69965.07
69958.36
69947.63
69939.58
69931.53
69923.48
69914.09
69906.05
69898.00
69888.61
69880.56
69872.51
69864.47
69855.08
69848.37
69838.98
69829.59
69821.54
69813.49
69804.11
69796.06
69789.35
69779.96
69770.57
69762.52
69754.48
69745.09
69737.04
69730.33
69719.60
69711.55
69703.51
69695.46
69686.07
69678.02
69671.31
69660.58
69652.54
69644.49
69636.44
69627.05
69620.34
69612.30
69601.56
69593.52
69585.47
69577.42
69569.37
69561.33
69553.28
69542.55
69534.50
69527.79
69518.40
69510.35
69502.31
69494.26
69484.87
69475.48
69468.77
69459.38
69451.34
69443.29
69433.90
69425.85
69416.46
69409.75
69401.71
69392.32
69384.27
69374.88
69366.83
69358.78
69350.74
69342.69
69333.30
69325.25
69317.20
69307.81
69299.77
69291.72
69283.67
69275.62
69267.57
69258.18
69250.14
69240.75
69232.70
69225.99
69216.60
69208.56
69199.17
69191.12
69183.07
69175.02
69166.97
69158.93
69148.20
69141.49
69133.44
69124.05
69116.00
69107.96
69099.91
69090.52
69082.47
69074.42
69066.37
69056.99
69050.28
69042.23
69031.50
69023.45
69015.40
69007.36
68999.31
68991.26
68983.21
68973.82
68965.77
68957.73
68949.68
68941.63
68932.24
68925.54
68916.15
68906.76
68898.71
68890.66
68882.61
68874.56
68866.52
68857.13
68849.08
68841.03
68832.98
68824.94
68816.89
68807.50
68799.45
68791.40
68782.01
68773.96
68765.92
68757.87
68749.82
68740.43
68732.38
68724.34
68716.29
68708.24
68700.19
68692.14
68682.75
68673.37
68666.66
68658.61
68650.56
68641.17
68633.13
68625.08
68615.69
68607.64
68600.93
68591.54
68583.50
68574.11
68567.40
68558.01
68549.96
68541.92
68533.87
68525.82
68516.43
68508.38
68500.33
68492.29
68484.24
68476.19
68468.14
68458.75
68450.70
68442.66
68434.61
68426.56
68418.51
68410.46
68401.08
68393.03
68383.64
68376.93
68368.88
68360.84
68351.45
68343.40
68335.35
68327.30
68317.91
68309.87
68303.16
68295.11
68284.38
68276.33
68269.63
68261.58
68252.19
68244.14
68237.43
68228.04
68218.65
68210.61
68203.90
68195.85
68186.46
68178.41
68170.37
68162.32
68152.93
68144.88
68138.17
68130.13
68120.74
68111.35
68104.64
68096.59
68087.20
68079.16
68071.11
68064.40
68055.01
68045.62
68037.58
68030.87
68022.82
68013.43
68005.38
67997.34
67989.29
67981.24
67971.85
67965.14
67957.10
67949.05
67938.32
67931.61
67923.56
67915.51
67907.47
67899.42
67891.37
67881.98
67873.93
67865.89
67857.84
67849.79
67841.74
67833.69
67824.30
67816.26
67808.21
67800.16
67792.11
67785.41
67776.02
67766.63
67758.58
67750.53
67743.82
67734.43
67726.39
67718.34
67710.29
67702.24
67692.85
67684.81
67678.10
67670.05
67662.00
67652.61
67644.57
67636.52
67628.47
67620.42
67612.37
67604.33
67594.94
67586.89
67578.84
67570.79
67564.09
67554.70
67546.65
67537.26
67530.55
67522.50
67514.46
67505.07
67498.36
67490.31
67480.92
67472.88
67464.83
67456.78
67448.73
67440.68
67432.64
67423.25
67416.54
67408.49
67399.10
67391.05
67384.35
67376.30
67366.91
67358.86
67350.81
67342.77
67334.72
67326.67
67318.62
67309.23
67302.53
67294.48
67285.09
67277.04
67270.34
67262.29
67252.90
67244.85
67236.80
67228.75
67220.71
67212.66
67204.61
67195.22
67188.51
67180.47
67172.42
67164.37
67156.32
67148.27
67138.88
67130.84
67122.79
67114.74
67108.03
67099.99
67091.94
67081.21
67074.50
67066.45
67058.41
67050.36
67042.31
67034.26
67026.21
67018.17
67008.78
67000.73
66994.02
66985.97
66977.93
66968.54
66960.49
66952.44
66945.73
66937.69
66929.64
66920.25
66912.20
66904.15
66896.10
66888.06
66880.01
66873.30
66865.25
66855.86
66847.82
66839.77
66831.72
66823.67
66815.62
66807.58
66798.19
66791.48
66783.43
66775.38
66767.34
66759.29
66751.24
66743.19
66735.14
66727.10
66717.71
66711.00
66702.95
66694.90
66685.52
66677.47
66669.42
66662.71
66654.67
66646.62
66638.57
66630.52
66622.47
66614.43
66606.38
66598.33
66590.28
66582.23
66574.19
66564.80
66556.75
66548.70
66541.99
66533.95
66525.90
66517.85
66508.46
66500.41
66493.71
66485.66
66477.61
66469.56
66461.51
66452.12
66445.42
66437.37
66429.32
66421.27
66413.23
66406.52
66397.13
66389.08
66381.03
66372.99
66364.94
66356.89
66348.84
66339.45
66331.40
66324.70
66316.65
66308.60
66300.55
66292.51
66283.12
66276.41
66268.36
66260.31
66252.27
66244.22
66236.17
66229.46
66220.07
66212.03
66203.98
66195.93
66189.22
66181.18
66173.13
66163.74
66155.69
66147.64
66140.94
66132.89
66124.84
66116.79
66107.40
66099.35
66092.65
66084.60
66076.55
66068.50
66060.46
66052.41
66044.36
66036.31
66028.26
66020.22
66012.17
66005.46
65996.07
65988.02
65979.98
65973.27
65965.22
65957.17
65950.47
65941.08
65933.03
65924.98
65916.93
65908.89
65902.18
65894.13
65886.08
65876.69
65868.65
65860.60
65853.89
65845.84
65837.80
65829.75
65820.36
65813.65
65805.60
65797.56
65789.51
65781.46
65773.41
65765.36
65757.32
65750.61
65742.56
65734.51
65726.47
65718.42
65710.37
65702.32
65694.27
65686.23
65678.18
65670.13
65663.42
65654.03
65645.99
65637.94
65629.89
65621.84
65615.13
65608.43
65600.38
65590.99
65582.94
65574.90
65566.85
65560.14
65552.09
65544.04
65534.66
65526.61
65518.56
65511.85
65505.15
65497.10
65489.05
65479.66
65471.61
65463.56
65456.86
65448.81
65440.76
65432.71
65423.32
65416.62
65408.57
65401.86
65393.82
65385.77
65377.72
65368.33
65360.28
65353.58
65345.53
65338.82
65330.77
65322.73
65314.68
65305.29
65298.58
65290.53
65282.49
65274.44
65266.39
65259.68
65250.29
65243.59
65235.54
65227.49
65219.44
65211.39
65203.35
65195.30
65187.25
65180.54
65172.50
65164.45
65156.40
65148.35
65141.65
65132.26
65125.55
65117.50
65109.45
65101.41
65093.36
65085.31
65077.26
65069.21
65062.51
65054.46
65046.41
65038.36
65030.32
65022.27
65014.22
65007.51
64999.46
64991.42
64983.37
64975.32
64967.27
64959.23
64952.52
64944.47
64936.42
64928.37
64920.33
64913.62
64904.23
64897.52
64889.48
64881.43
64873.38
64865.33
64857.28
64849.24
64842.53
64834.48
64826.43
64818.39
64810.34
64803.63
64794.24
64787.53
64779.49
64771.44
64763.39
64756.68
64748.64
64740.59
64731.20
64724.49
64716.44
64709.74
64701.69
64693.64
64685.59
64676.20
64669.50
64661.45
64654.74
64646.70
64638.65
64630.60
64622.55
64614.50
64606.46
64599.75
64591.70
64584.99
64576.95
64568.90
64559.51
64551.46
64544.75
64536.71
64530.00
64521.95
64513.90
64505.86
64497.81
64489.76
64481.71
64475.01
64468.30
64460.25
64450.86
64442.81
64434.77
64428.06
64420.01
64411.96
64405.26
64397.21
64389.16
64381.11
64373.06
64365.02
64358.31
64350.26
64343.56
64334.17
64326.12
64319.41
64311.36
64303.32
64295.27
64288.56
64279.17
64272.46
64264.42
64256.37
64249.66
64241.61
64233.57
64225.52
64217.47
64209.42
64202.72
64194.67
64187.96
64179.91
64171.86
64162.48
64155.77
64147.72
64139.67
64132.97
64126.26
64118.21
64108.82
64100.77
64094.07
64086.02
64077.97
64069.92
64063.22
64056.51
64047.12
64039.07
64032.37
64024.32
64016.27
64008.22
64001.52
63992.13
63985.42
63977.37
63970.67
63962.62
63954.57
63946.52
63939.81
63930.43
63922.38
63915.67
63908.96
63900.92
63892.87
63886.16
63876.77
63868.72
63860.68
63853.97
63845.92
63839.22
63831.17
63824.46
63815.07
63807.02
63800.32
63792.27
63784.22
63777.51
63769.47
63761.42
63753.37
63746.66
63738.62
63730.57
63723.86
63715.81
63706.42
63699.72
63691.67
63683.62
63676.91
63670.21
63662.16
63654.11
63646.06
63638.02
63629.97
63623.26
63615.21
63607.17
63600.46
63591.07
63584.36
63576.31
63569.61
63561.56
63553.51
63546.81
63538.76
63529.37
63522.66
63514.61
63507.91
63499.86
63493.15
63485.10
63477.06
63469.01
63460.96
63454.25
63446.21
63438.16
63431.45
63423.40
63415.36
63407.31
63400.60
63392.55
63385.85
63377.80
63369.75
63361.70
63353.65
63345.61
63338.90
63330.85
63324.14
63317.44
63309.39
63300.00
63293.29
63285.25
63277.20
63270.49
63262.44
63254.40
63246.35
63238.30
63231.59
63224.89
63216.84
63210.13
63202.08
63192.69
63185.99
63177.94
63169.89
63163.19
63155.14
63147.09
63140.38
63132.33
63124.29
63117.58
63109.53
63102.83
63094.78
63086.73
63080.02
63070.63
63063.93
63055.88
63047.83
63041.12
63033.08
63026.37
63018.32
63010.27
63003.57
62995.52
62987.47
62980.76
62972.72
62963.33
62956.62
62948.57
62941.87
62933.82
62927.11
62919.06
62912.36
62904.31
62896.26
62888.21
62881.51
62873.46
62866.75
62858.70
62850.66
62842.61
62834.56
62827.85
62819.81
62813.10
62805.05
62798.34
62790.30
62782.25
62774.20
62767.49
62759.45
62752.74
62744.69
62737.98
62728.59
62720.55
62713.84
62705.79
62699.09
62691.04
62684.33
62676.28
62668.24
62661.53
62653.48
62646.77
62638.73
62630.68
62623.97
62614.58
62607.88
62599.83
62593.12
62585.07
62577.02
62570.32
62562.27
62554.22
62547.52
62540.81
62532.76
62526.05
62518.01
62509.96
62501.91
62493.86
62487.16
62479.11
62472.40
62464.35
62457.65
62448.26
62440.21
62433.50
62426.80
62418.75
62412.04
62405.33
62397.29
62389.24
62381.19
62374.48
62366.44
62358.39
62351.68
62343.63
62336.93
62327.54
62320.83
62312.78
62306.08
62298.03
62291.32
62283.27
62275.23
62268.52
62260.47
62253.76
62245.72
62239.01
62230.96
62224.26
62214.87
62208.16
62200.11
62193.40
62185.36
62178.65
62170.60
62163.90
62154.51
62147.80
62139.75
62133.04
62125.00
62118.29
62110.24
62102.19
62095.49
62087.44
62080.73
62074.03
62065.98
62059.27
62051.22
62043.18
62035.13
62028.42
62020.37
62013.67
62005.62
61998.91
61989.52
61982.82
61974.77
61968.06
61960.01
61953.31
61945.26
61938.55
61929.16
61922.46
61914.41
61907.70
61900.99
61892.95
61886.24
61879.53
61870.14
61863.44
61855.39
61848.68
61840.64
61833.93
61825.88
61817.83
61811.13
61803.08
61796.37
61788.32
61781.62
61773.57
61766.86
61757.47
61750.77
61742.72
61736.01
61727.96
61721.26
61713.21
61706.50
61698.45
61690.41
61683.70
61675.65
61668.94
61662.24
61654.19
61646.14
61639.44
61631.39
61624.68
61617.97
61609.93
61603.22
61595.17
61587.12
61579.08
61572.37
61564.32
61557.61
61550.91
61542.86
61536.15
61526.76
61520.06
61512.01
61505.30
61497.25
61490.55
61483.84
61474.45
61467.75
61459.70
61452.99
61444.94
61438.24
61431.53
61423.48
61415.43
61407.39
61400.68
61392.63
61385.92
61379.22
61371.17
61364.46
61356.42
61348.37
61341.66
61333.61
61326.91
61320.20
61312.15
61305.44
61297.40
61289.35
61282.64
61275.94
61267.89
61261.18
61254.47
61245.08
61238.38
61230.33
61223.62
61216.92
61208.87
61202.16
61194.11
61186.07
61179.36
61171.31
61164.61
61156.56
61149.85
61143.14
61135.10
61127.05
61119.00
61112.29
61105.59
61097.54
61090.83
61082.78
61076.08
61068.03
61059.98
61053.27
61046.57
61038.52
61031.81
61023.77
61015.72
61009.01
61000.96
60994.26
60987.55
60979.50
60972.80
60964.75
60956.70
60949.99
60941.94
60935.24
60928.53
60920.48
60913.78
60907.07
60897.68
60890.97
60882.93
60876.22
60869.51
60861.46
60854.76
60848.05
60838.66
60831.96
60825.25
60817.20
60810.49
60803.79
60795.74
60789.03
60779.64
60772.94
60766.23
60758.18
60751.48
60744.77
60736.72
60728.67
60721.97
60713.92
60707.21
60700.51
60692.46
60685.75
60679.04
60669.65
60662.95
60656.24
60648.19
60641.49
60634.78
60626.73
60620.03
60611.98
60603.93
60597.22
60590.52
60582.47
60575.76
60569.06
60561.01
60552.96
60546.25
60538.20
60531.50
60524.79
60516.74
60510.04
60503.33
60495.28
60487.23
60480.53
60473.82
60465.77
60459.07
60452.36
60442.97
60436.26
60429.56
60421.51
60414.80
60408.10
60400.05
60393.34
60385.29
60377.25
60370.54
60363.83
60355.78
60349.08
60342.37
60334.32
60326.27
60319.57
60311.52
60304.81
60296.77
60290.06
60283.35
60276.65
60267.26
60260.55
60253.84
60245.79
60239.09
60232.38
60225.67
60217.63
60209.58
60202.87
60194.82
60188.12
60181.41
60174.70
60166.66
60159.95
60151.90
60145.20
60137.15
60130.44
60123.73
60115.69
60108.98
60102.27
60094.22
60086.18
60079.47
60072.76
60066.06
60058.01
60051.30
60044.60
60035.21
60028.50
60021.79
60013.74
60007.04
60000.33
59992.28
59984.24
59977.53
59969.48
59962.77
59956.07
59948.02
59941.31
59934.61
59926.56
59919.85
59911.80
59905.10
59898.39
59891.68
59883.64
59876.93
59868.88
59862.17
59854.13
59847.42
59840.71
59834.01
59825.96
59819.25
59811.20
59804.50
59796.45
59789.74
59783.04
59774.99
59768.28
59761.57
59752.19
59745.48
59738.77
59730.72
59724.02
59717.31
59710.60
59703.90
59694.51
59687.80
59681.10
59674.39
59667.68
59659.63
59652.93
59646.22
59638.17
59630.12
59623.42
59616.71
59610.00
59601.96
59595.25
59588.54
59579.15
59572.45
59565.74
59557.69
59550.99
59544.28
59537.57
59530.87
59521.48
59514.77
59508.06
59501.36
59494.65
59486.60
59479.90
59473.19
59465.14
59458.43
59450.39
59443.68
59436.97
59430.27
59422.22
59415.51
59407.46
59399.42
59392.71
59386.00
59379.30
59371.25
59364.54
59357.83
59349.79
59343.08
59336.37
59328.33
59321.62
59314.91
59308.21
59301.50
59293.45
59285.40
59278.70
59270.65
59263.94
59257.24
59250.53
59241.14
59234.43
59227.73
59221.02
59214.31
59207.61
59199.56
59192.85
59186.14
59178.10
59171.39
59164.68
59156.64
59149.93
59143.22
59135.17
59128.47
59120.42
59113.71
59105.67
59098.96
59092.25
59085.55
59078.84
59072.13
59064.08
59056.04
59049.33
59042.62
59035.92
59029.21
59021.16
59014.45
59006.41
58998.36
58991.65
58984.95
58978.24
58971.53
58964.83
58958.12
58948.73
58942.02
58935.32
58928.61
58921.90
58915.20
58907.15
58900.44
58892.39
58884.35
58877.64
58870.93
58864.23
58857.52
58850.81
58844.11
58836.06
58828.01
58821.30
58814.60
58807.89
58801.18
58793.14
58786.43
58778.38
58771.67
58763.63
58756.92
58750.21
58743.51
58736.80
58730.09
58722.04
58715.34
58708.63
58700.58
58693.88
58687.17
58679.12
58672.42
58664.37
58657.66
58650.95
58644.25
58637.54
58630.83
58624.13
58616.08
58608.03
58601.33
58594.62
58586.57
58579.86
58573.16
58566.45
58559.74
58551.70
58544.99
58538.28
58530.23
58523.53
58516.82
58510.11
58503.41
58495.36
58487.31
58480.61
58473.90
58467.19
58460.49
58453.78
58447.07
58439.02
58432.32
58424.27
58417.56
58410.86
58404.15
58396.10
58389.40
58381.35
58374.64
58367.93
58361.23
58354.52
58347.81
58341.11
58334.40
58325.01
58318.30
58311.60
58303.55
58296.84
58290.14
58283.43
58276.72
58270.02
58261.97
58255.26
58248.56
58241.85
58233.80
58227.09
58220.39
58213.68
58205.63
58198.93
58192.22
58185.51
58178.81
58172.10
58165.39
58157.35
58149.30
58142.59
58135.88
58129.18
58121.13
58114.42
58107.72
58101.01
58092.96
58086.25
58079.55
58072.84
58064.79
58058.09
58051.38
58044.67
58036.63
58029.92
58023.21
58016.51
58009.80
58003.09
57995.04
57988.34
57980.29
57973.58
57966.88
57960.17
57953.46
57946.76
57940.05
57933.34
57926.64
57917.25
57910.54
57903.83
57897.13
57890.42
57883.71
57877.01
57870.30
57862.25
57855.55
57847.50
57840.79
57834.09
57827.38
57820.67
57813.97
57805.92
57799.21
57792.50
57785.80
57777.75
57771.04
57764.34
57757.63
57749.58
57742.87
57736.17
57729.46
57722.75
57716.05
57709.34
57701.29
57693.25
57686.54
57679.83
57674.47
57667.76
57661.05
57653.01
57646.30
57639.59
57631.54
57624.84
57618.13
57611.42
57604.72
57598.01
57591.30
57584.60
57575.21
57568.50
57561.80
57555.09
57548.38
57541.68
57534.97
57528.26
57520.21
57513.51
57505.46
57498.75
57493.39
57486.68
57479.97
57473.27
57465.22
57458.51
57450.47
57443.76
57437.05
57430.35
57423.64
57416.93
57408.88
57402.18
57395.47
57388.76
57380.72
57374.01
57368.64
57361.94
57355.23
57347.18
57340.48
57332.43
57325.72
57319.01
57312.31
57305.60
57298.89
57290.85
57284.14
57277.43
57270.73
57264.02
57257.31
57250.61
57243.90
57235.85
57229.15
57222.44
57215.73
57207.68
57200.98
57194.27
57187.56
57182.20
57174.15
57167.44
57160.74
57152.69
57145.98
57139.28
57132.57
57125.86
57117.82
57111.11
57104.40
57097.70
57090.99
57084.28
57077.58
57070.87
57062.82
57056.11
57049.41
57042.70
57035.99
57029.29
57022.58
57015.87
57007.83
57001.12
56994.41
56987.71
56979.66
56974.29
56967.59
56960.88
56954.17
56946.13
56939.42
56932.71
56924.66
56917.96
56912.59
56905.89
56899.18
56891.13
56884.42
56876.38
56869.67
56862.96
56857.60
56850.89
56844.18
56836.14
56829.43
56821.38
56814.68
56807.97
56802.60
56795.90
56789.19
56782.48
56774.44
56766.39
56759.68
56754.32
56747.61
56740.90
56734.20
56727.49
56718.10
56711.39
56706.03
56699.32
56692.61
56685.91
56679.20
56672.49
56663.10
56657.74
56651.03
56644.33
56637.62
56630.91
56624.21
56616.16
56610.79
56602.75
56596.04
56589.33
56582.63
56575.92
56569.21
56562.51
56555.80
56547.75
56541.04
56534.34
56527.63
56520.92
56514.22
56507.51
56500.80
56494.10
56487.39
56479.34
56472.64
56465.93
56459.22
56452.52
56447.15
56440.44
56432.40
56424.35
56417.64
56412.28
56405.57
56398.86
56392.16
56385.45
56376.06
56370.70
56363.99
56357.28
56350.58
56343.87
56337.16
56330.46
56323.75
56315.70
56308.99
56303.63
56295.58
56288.87
56282.17
56275.46
56268.75
56262.05
56255.34
56248.63
56240.59
56233.88
56228.51
56221.81
56215.10
56208.39
56200.35
56193.64
56186.93
56180.23
56173.52
56168.15
56160.11
56153.40
56145.35
56138.65
56133.28
56126.57
56119.87
56113.16
56105.11
56099.75
56091.70
56084.99
56078.29
56071.58
56064.87
56058.17
56051.46
56044.75
56039.39
56031.34
56023.29
56016.58
56011.22
56004.51
55997.81
55991.10
55984.39
55976.34
55969.64
55962.93
55956.22
55950.86
55942.81
55936.10
55929.40
55924.03
55915.98
55909.28
55902.57
55895.86
55889.16
55882.45
55875.74
55870.38
55862.33
55854.28
55847.58
55842.21
55835.50
55828.80
55822.09
55815.38
55808.68
55800.63
55793.92
55788.56
55781.85
55773.80
55767.10
55761.73
55755.03
55746.98
55740.27
55733.56
55726.86
55720.15
55713.44
55708.08
55701.37
55693.32
55685.28
55679.91
55673.20
55666.50
55659.79
55653.08
55646.38
55639.67
55632.96
55626.26
55619.55
55611.50
55606.14
55599.43
55592.72
55587.36
55579.31
55571.26
55564.56
55559.19
55552.48
55545.78
55539.07
55532.36
55525.66
55517.61
55512.24
55505.54
55497.49
55492.12
55485.42
55478.71
55472.00
55465.30
55457.25
55450.54
55445.18
55438.47
55431.76
55425.06
55418.35
55411.64
55403.60
55398.23
55391.52
55383.48
55378.11
55371.40
55364.70
55359.33
55351.29
55343.24
55336.53
55331.17
55324.46
55317.75
55311.05
55304.34
55297.63
55292.27
55284.22
55277.51
55270.81
55264.10
55257.39
55252.03
55245.32
55237.27
55230.57
55223.86
55217.15
55211.79
55203.74
55197.03
55190.33
55184.96
55178.25
55170.21
55163.50
55156.79
55150.09
55144.72
55138.01
55131.31
55124.60
55116.55
55109.85
55104.48
55097.77
55089.73
55084.36
55077.65
55072.29
55065.58
55056.19
55050.83
55044.12
55037.41
55030.71
55024.00
55017.29
55011.93
55005.22
54997.17
54990.47
54983.76
54977.05
54971.69
54964.98
54958.28
54951.57
54943.52
54938.16
54931.45
54924.74
54918.04
54911.33
54904.62
54899.26
54892.55
54883.16
54877.80
54871.09
54864.38
54859.02
54850.97
54845.60
54838.90
54830.85
54825.48
54817.44
54810.73
54805.36
54798.66
54791.95
54785.24
54778.54
54771.83
54765.12
54758.42
54751.71
54745.00
54739.64
54732.93
54726.23
54719.52
54711.47
54706.11
54699.40
54692.69
54685.99
54679.28
54672.57
54667.21
54659.16
54652.45
54645.75
54639.04
54633.67
54626.97
54620.26
54613.55
54606.85
54600.14
54593.43
54586.73
54580.02
54573.31
54567.95
54561.24
54554.54
54547.83
54539.78
54534.42
54527.71
54521.00
54514.30
54507.59
54502.22
54495.52
54487.47
54480.76
54475.40
54468.69
54460.64
54455.28
54448.57
54443.21
54436.50
54427.11
54421.74
54415.04
54409.67
54402.97
54396.26
54389.55
54382.85
54377.48
54369.43
54362.73
54356.02
54350.65
54343.95
54335.90
54330.53
54323.83
54318.46
54310.41
54303.71
54297.00
54290.29
54284.93
54278.22
54271.52
54264.81
54258.10
54251.40
54244.69
54237.98
54231.28
54225.91
54219.20
54212.50
54205.79
54199.08
54192.38
54185.67
54178.96
54172.26
54166.89
54160.18
54153.48
54146.77
54140.06
54133.36
54126.65
54119.94
54114.58
54107.87
54101.17
54094.46
54086.41
54081.05
54074.34
54067.63
54060.93
54055.56
54048.85
54042.15
54035.44
54028.73
54022.03
54015.32
54008.61
54001.91
53996.54
53989.84
53983.13
53976.42
53969.72
53963.01
53957.64
53949.60
53944.23
53937.52
53932.16
53925.45
53918.75
53910.70
53905.33
53898.63
53891.92
53885.21
53878.51
53873.14
53866.43
53858.39
53851.68
53846.31
53839.61
53832.90
53826.19
53820.83
53814.12
53807.42
53799.37
53794.00
53787.30
53780.59
53773.88
53768.52
53761.81
53755.10
53748.40
53741.69
53734.98
53729.62
53721.57
53716.20
53709.50
53704.13
53697.43
53690.72
53682.67
53677.31
53670.60
53663.89
53657.19
53651.82
53645.11
53638.41
53633.04
53624.99
53618.29
53611.58
53606.22
53599.51
53594.14
53586.10
53580.73
53574.02
53567.32
53559.27
53553.90
53547.20
53541.83
53535.13
53528.42
53521.71
53516.35
53508.30
53501.59
53496.23
53489.52
53482.81
53476.11
53470.74
53464.04
53457.33
53449.28
53443.92
53437.21
53431.84
53423.80
53418.43
53413.06
53406.36
53398.31
53391.60
53386.24
53379.53
53372.82
53366.12
53360.75
53354.05
53347.34
53340.63
53333.93
53328.56
53320.51
53315.15
53308.44
53303.08
53296.37
53289.66
53282.96
53276.25
53269.54
53262.84
53257.47
53250.76
53244.06
53237.35
53231.99
53225.28
53217.23
53211.87
53205.16
53199.79
53193.09
53186.38
53181.01
53174.31
53166.26
53159.55
53154.19
53147.48
53140.77
53135.41
53128.70
53123.34
53116.63
53108.58
53101.88
53096.51
53089.80
53083.10
53077.73
53071.03
53064.32
53058.95
53050.91
53045.54
53037.49
53032.13
53025.42
53020.06
53013.35
53006.64
53001.28
52993.23
52986.52
52981.16
52974.45
52967.74
52961.04
52955.67
52950.31
52943.60
52935.55
52928.84
52923.48
52916.77
52910.07
52904.70
52897.99
52891.29
52884.58
52877.87
52872.51
52864.46
52859.10
52853.73
52847.02
52840.32
52834.95
52826.90
52820.20
52813.49
52808.13
52802.76
52796.05
52789.35
52782.64
52777.27
52769.23
52762.52
52757.15
52750.45
52743.74
52738.38
52731.67
52726.30
52719.60
52711.55
52706.18
52699.48
52692.77
52687.41
52680.70
52673.99
52668.63
52661.92
52655.21
52648.51
52641.80
52636.44
52629.73
52623.02
52617.66
52610.95
52604.24
52597.54
52590.83
52585.46
52578.76
52572.05
52566.69
52559.98
52553.27
52547.91
52541.20
52533.15
52527.79
52521.08
52515.72
52509.01
52502.30
52496.94
52490.23
52482.18
52476.82
52471.45
52464.74
52458.04
52452.67
52445.97
52439.26
52433.89
52425.85
52419.14
52413.77
52407.07
52401.70
52395.00
52388.29
52382.92
52376.22
52368.17
52362.80
52357.44
52350.73
52344.03
52338.66
52331.95
52325.25
52319.88
52311.83
52305.13
52299.76
52293.05
52287.69
52280.98
52274.28
52268.91
52262.20
52254.16
52248.79
52243.43
52236.72
52230.01
52224.65
52217.94
52211.23
52205.87
52200.50
52191.11
52185.75
52180.38
52173.68
52166.97
52161.60
52154.90
52148.19
52142.83
52136.12
52129.41
52122.71
52117.34
52110.63
52103.93
52098.56
52091.86
52086.49
52078.44
52073.08
52066.37
52059.66
52054.30
52047.59
52042.23
52035.52
52028.81
52022.11
52015.40
52010.03
52003.33
51997.96
51991.26
51984.55
51979.18
51972.48
51965.77
51959.06
51952.36
51946.99
51941.63
51934.92
51928.21
51922.85
51916.14
51908.09
51902.73
51897.36
51890.66
51883.95
51878.58
51871.88
51865.17
51859.81
51853.10
51846.39
51839.69
51834.32
51827.61
51820.91
51815.54
51810.18
51803.47
51795.42
51790.06
51783.35
51776.64
51771.28
51765.91
51759.21
51752.50
51747.13
51739.09
51733.72
51727.01
51721.65
51714.94
51709.58
51702.87
51696.16
51690.80
51685.43
51677.38
51670.68
51665.31
51658.61
51651.90
51646.53
51641.17
51634.46
51627.76
51621.05
51614.34
51608.98
51603.61
51596.90
51590.20
51584.83
51578.13
51571.42
51564.71
51559.35
51552.64
51545.93
51540.57
51533.86
51528.50
51521.79
51516.43
51508.38
51503.01
51496.31
51489.60
51484.23
51478.87
51472.16
51465.45
51460.09
51452.04
51446.68
51441.31
51434.60
51427.90
51422.53
51417.17
51409.12
51403.75
51398.39
51390.34
51384.97
51378.27
51371.56
51366.20
51360.83
51354.12
51347.42
51342.05
51335.35
51328.64
51323.27
51316.57
51309.86
51304.50
51299.13
51292.42
51285.72
51279.01
51272.30
51266.94
51261.57
51254.87
51248.16
51242.79
51236.09
51230.72
51222.67
51217.31
51210.60
51205.24
51199.87
51191.82
51186.46
51181.09
51174.39
51169.02
51160.97
51154.27
51148.90
51143.54
51136.83
51131.46
51124.76
51119.39
51112.69
51105.98
51099.27
51092.57
51087.20
51081.83
51075.13
51069.76
51064.40
51056.35
51049.64
51044.28
51037.57
51032.21
51026.84
51018.79
51013.43
51008.06
51001.35
50994.65
50989.28
50982.58
50975.87
50970.50
50963.80
50958.43
50953.07
50946.36
50939.65
50932.95
50926.24
50920.88
50915.51
50908.80
50902.10
50896.73
50891.37
50884.66
50877.95
50871.25
50864.54
50859.17
50853.81
50847.10
50841.74
50836.37
50829.66
50821.62
50816.25
50809.54
50804.18
50798.81
50792.11
50786.74
50780.04
50773.33
50767.96
50761.26
50754.55
50749.19
50743.82
50735.77
50730.41
50725.04
50718.33
50712.97
50706.26
50699.56
50694.19
50687.48
50680.78
50675.41
50670.05
50663.34
50657.97
50651.27
50644.56
50637.85
50632.49
50625.78
50620.42
50615.05
50608.35
50602.98
50597.61
50588.23
50582.86
50577.49
50570.79
50565.42
50560.06
50553.35
50547.99
50541.28
50533.23
50527.87
50522.50
50515.79
50510.43
50505.06
50498.36
50492.99
50486.28
50478.24
50472.87
50467.51
50460.80
50455.43
50448.73
50443.36
50438.00
50431.29
50425.92
50417.88
50412.51
50405.80
50400.44
50393.73
50388.37
50383.00
50376.30
50370.93
50364.22
50357.52
50350.81
50345.44
50338.74
50333.37
50328.01
50321.30
50315.94
50310.57
50302.52
50297.16
50290.45
50285.09
50278.38
50273.01
50266.31
50260.94
50255.58
50247.53
50242.16
50235.46
50230.09
50224.73
50218.02
50212.65
50207.29
50200.58
50192.53
50187.17
50180.46
50175.10
50169.73
50163.02
50157.66
50152.29
50145.59
50140.22
50132.17
50126.81
50121.44
50114.74
50109.37
50102.66
50095.96
50090.59
50085.23
50077.18
50071.81
50066.45
50059.74
50054.38
50049.01
50042.30
50036.94
50030.23
50024.87
50018.16
50011.45
50006.09
50000.72
49994.02
49988.65
49981.94
49975.24
49969.87
49963.17
49956.46
49951.09
49945.73
49939.02
49933.66
49926.95
49921.58
49916.22
49909.51
49902.81
49897.44
49890.73
49885.37
49878.66
49873.30
49867.93
49861.23
49855.86
49849.15
49842.45
49837.08
49831.72
49825.01
49819.64
49812.94
49807.57
49802.21
49795.50
49787.45
49782.09
49775.38
49770.01
49764.65
49757.94
49752.58
49747.21
49740.51
49733.80
49728.43
49721.73
49716.36
49709.65
49704.29
49698.92
49692.22
49686.85
49681.49
49673.44
49668.07
49661.37
49656.00
49650.64
49643.93
49638.56
49633.20
49626.49
49619.79
49614.42
49607.71
49602.35
49595.64
49590.28
49584.91
49578.20
49572.84
49567.47
49559.43
49554.06
49547.35
49541.99
49536.62
49529.92
49524.55
49519.19
49512.48
49505.77
49500.41
49493.70
49488.34
49481.63
49476.26
49470.90
49465.53
49460.17
49453.46
49446.75
49441.39
49434.68
49429.32
49422.61
49417.25
49411.88
49405.17
49399.81
49394.44
49386.39
49381.03
49375.66
49368.96
49363.59
49356.89
49351.52
49346.15
49339.45
49332.74
49327.38
49320.67
49315.30
49308.60
49303.23
49297.87
49291.16
49285.80
49280.43
49273.72
49268.36
49261.65
49256.29
49250.92
49244.21
49238.85
49232.14
49226.78
49221.41
49213.36
49208.00
49202.63
49195.93
49190.56
49183.85
49178.49
49173.12
49166.42
49159.71
49154.34
49148.98
49143.61
49136.91
49131.54
49126.18
49119.47
49114.10
49107.40
49100.69
49095.33
49088.62
49083.25
49077.89
49071.18
49065.82
49060.45
49055.09
49047.04
49041.67
49036.31
49029.60
49024.24
49018.87
49012.16
49006.80
49001.43
48994.73
48988.02
48981.31
48977.29
48970.58
48965.22
48959.85
48953.15
48947.78
48942.41
48935.71
48929.00
48922.29
48916.93
48911.56
48906.20
48900.83
48894.13
48888.76
48883.40
48875.35
48869.98
48863.28
48857.91
48852.55
48845.84
48841.82
48835.11
48829.74
48824.38
48816.33
48810.96
48805.60
48798.89
48793.53
48786.82
48782.80
48776.09
48770.72
48765.36
48757.31
48751.95
48746.58
48739.87
48734.51
48727.80
48723.78
48717.07
48711.71
48706.34
48698.29
48692.93
48687.56
48680.86
48675.49
48670.12
48664.76
48659.39
48652.69
48645.98
48639.27
48633.91
48628.54
48623.18
48617.81
48611.11
48605.74
48600.38
48593.67
48586.96
48580.26
48576.23
48569.53
48564.16
48558.79
48552.09
48546.72
48541.36
48534.65
48529.29
48522.58
48517.21
48510.51
48505.14
48499.78
48493.07
48489.05
48482.34
48476.97
48470.27
48463.56
48458.19
48452.83
48447.46
48442.10
48435.39
48430.03
48423.32
48416.61
48411.25
48405.88
48400.52
48393.81
48388.45
48383.08
48376.37
48371.01
48365.64
48358.94
48352.23
48346.86
48341.50
48334.79
48330.77
48324.06
48318.70
48313.33
48306.62
48299.92
48293.21
48289.19
48282.48
48277.12
48271.75
48265.04
48259.68
48254.31
48248.95
48242.24
48235.53
48230.17
48224.80
48219.44
48214.07
48207.37
48202.00
48195.29
48188.59
48183.22
48177.86
48172.49
48165.79
48160.42
48155.05
48149.69
48144.32
48137.62
48130.91
48124.20
48120.18
48113.47
48108.11
48102.74
48096.04
48092.01
48085.31
48079.94
48073.23
48066.53
48061.16
48055.80
48050.43
48043.72
48038.36
48032.99
48027.63
48022.26
48014.22
48008.85
48003.48
47998.12
47992.75
47986.05
47980.68
47975.32
47969.95
47964.59
47956.54
47951.17
47944.47
47940.44
47933.74
47928.37
47923.00
47916.30
47912.27
47905.57
47898.86
47893.50
47886.79
47882.76
47876.06
47870.69
47863.99
47859.96
47853.26
47847.89
47841.18
47834.48
47830.45
47823.75
47818.38
47813.02
47806.31
47802.29
47795.58
47790.21
47782.17
47778.14
47771.43
47766.07
47760.70
47755.34
47749.97
47743.27
47737.90
47732.54
47725.83
47720.46
47713.76
47708.39
47703.03
47697.66
47690.95
47685.59
47680.22
47673.52
47668.15
47661.45
47656.08
47650.71
47645.35
47639.98
47633.28
47629.25
47622.55
47615.84
47609.13
47605.11
47598.40
47593.04
47587.67
47582.31
47576.94
47570.24
47564.87
47558.16
47552.80
47547.43
47540.73
47536.70
47530.00
47524.63
47519.26
47513.90
47508.53
47500.49
47495.12
47489.76
47484.39
47477.68
47472.32
47466.95
47461.59
47456.22
47449.52
47444.15
47437.44
47432.08
47426.71
47421.35
47415.98
47409.28
47405.25
47398.55
47393.18
47385.13
47381.11
47374.40
47369.04
47363.67
47358.31
47352.94
47346.23
47342.21
47335.50
47328.80
47323.43
47318.07
47312.70
47305.99
47301.97
47295.26
47289.90
47283.19
47279.17
47271.12
47265.75
47260.39
47255.02
47249.66
47242.95
47238.93
47232.22
47226.85
47221.49
47214.78
47209.42
47202.71
47198.69
47191.98
47186.62
47181.25
47175.88
47169.18
47165.15
47157.11
47151.74
47146.38
47141.01
47135.64
47128.94
47124.91
47118.21
47112.84
47107.48
47100.77
47095.40
47088.70
47084.67
47077.97
47072.60
47067.24
47061.87
47055.16
47051.14
47043.09
47037.73
47032.36
47027.00
47021.63
47014.92
47010.90
47004.19
46998.83
46993.46
46988.10
46981.39
46976.03
46970.66
46963.95
46959.93
46953.22
46947.86
46942.49
46937.13
46929.08
46925.06
46918.35
46912.98
46907.62
46902.25
46896.89
46891.52
46886.16
46879.45
46875.43
46867.38
46862.01
46856.65
46851.28
46845.92
46840.55
46835.19
46828.48
46824.46
46817.75
46811.04
46805.68
46800.31
46793.61
46789.58
46782.87
46777.51
46772.14
46766.78
46761.41
46754.71
46749.34
46742.64
46738.61
46731.90
46726.54
46721.17
46715.81
46710.44
46705.08
46697.03
46693.01
46686.30
46680.93
46675.57
46670.20
46664.84
46659.47
46654.11
46647.40
46642.04
46635.33
46631.30
46624.60
46619.23
46613.87
46608.50
46603.14
46597.77
46592.41
46584.36
46580.33
46573.63
46569.60
46562.90
46557.53
46552.17
46546.80
46540.09
46536.07
46528.02
46524.00
46517.29
46511.93
46506.56
46501.20
46495.83
46490.47
46485.10
46479.73
46474.37
46466.32
46462.30
46455.59
46451.57
46444.86
46439.49
46434.13
46428.76
46423.40
46418.03
46411.33
46405.96
46400.60
46393.89
46389.87
46383.16
46379.13
46372.43
46367.06
46361.70
46354.99
46349.63
46344.26
46337.55
46333.53
46326.82
46322.80
46316.09
46310.73
46305.36
46298.66
46293.29
46287.92
46282.56
46277.19
46271.83
46266.46
46261.10
46254.39
46250.37
46243.66
46238.30
46231.59
46226.22
46220.86
46215.49
46210.13
46204.76
46198.06
46194.03
46187.32
46181.96
46175.25
46171.23
46164.52
46159.16
46153.79
46148.43
46143.06
46137.70
46132.33
46125.62
46120.26
46114.89
46109.53
46104.16
46098.80
46092.09
46088.07
46081.36
46077.34
46069.29
46065.26
46058.56
46053.19
46047.83
46042.46
46037.10
46031.73
46026.37
46021.00
46015.63
46008.93
46002.22
45998.20
45991.49
45987.47
45980.76
45976.74
45970.03
45964.66
45959.30
45952.59
45947.23
45941.86
45936.50
45931.13
45925.77
45920.40
45915.04
45909.67
45904.30
45897.60
45892.23
45886.87
45881.50
45876.14
45870.77
45865.41
45860.04
45853.33
45849.31
45842.60
45837.24
45830.53
45826.51
45819.80
45815.78
45809.07
45805.05
45798.34
45794.32
45787.61
45780.90
45775.54
45770.17
45764.81
45759.44
45754.08
45748.71
45743.34
45737.98
45732.61
45725.91
45720.54
45715.18
45709.81
45704.45
45699.08
45693.72
45687.01
45682.99
45676.28
45672.25
45664.21
45660.18
45653.48
45649.45
45642.75
45638.72
45632.01
45627.99
45621.28
45617.26
45609.21
45605.19
45598.48
45594.46
45587.75
45583.73
45577.02
45573.00
45566.29
45562.27
45554.22
45550.19
45543.49
45539.46
45532.76
45528.73
45522.03
45518.00
45511.30
45507.27
45500.56
45495.20
45488.49
45484.47
45477.76
45473.74
45467.03
45463.01
45456.30
45452.28
45445.57
45440.20
45433.50
45429.47
45422.77
45418.74
45412.04
45408.01
45401.31
45397.28
45390.58
45386.55
45378.50
45374.48
45367.77
45363.75
45357.04
45353.02
45346.31
45342.29
45335.58
45331.56
45323.51
45318.14
45312.78
45307.41
45302.05
45296.68
45291.32
45285.95
45281.93
45275.22
45271.20
45263.15
45259.13
45252.42
45248.39
45241.69
45237.66
45230.96
45226.93
45220.23
45216.20
45208.15
45204.13
45197.42
45193.40
45188.03
45182.67
45177.30
45171.94
45166.57
45161.21
45155.84
45149.14
45143.77
45138.41
45133.04
45127.67
45122.31
45116.94
45111.58
45106.21
45100.85
45094.14
45088.78
45083.41
45078.05
45072.68
45068.66
45061.95
45057.93
45051.22
45047.20
45039.15
45035.12
45028.42
45024.39
45019.03
45013.66
45008.30
45002.93
44997.57
44992.20
44986.84
44980.13
44974.76
44969.40
44964.03
44958.67
44953.30
44947.94
44942.57
44937.21
44933.18
44926.48
44921.11
44914.40
44910.38
44903.67
44899.65
44894.28
44888.92
44883.55
44878.19
44872.82
44866.12
44860.75
44855.39
44850.02
44844.65
44839.29
44833.92
44828.56
44823.19
44819.17
44812.46
44807.10
44800.39
44796.37
44791.00
44785.64
44780.27
44774.91
44769.54
44764.17
44758.81
44752.10
44746.74
44741.37
44736.01
44730.64
44726.62
44719.91
44715.89
44709.18
44705.16
44699.79
44693.08
44687.72
44682.35
44676.99
44671.62
44666.26
44660.89
44655.53
44650.16
44646.14
44638.09
44634.07
44627.36
44623.34
44617.97
44612.60
44607.24
44601.87
44596.51
44591.14
44585.78
44579.07
44573.71
44568.34
44564.32
44557.61
44553.59
44546.88
44542.86
44537.49
44532.12
44526.76
44520.05
44514.69
44509.32
44503.96
44498.59
44494.57
44487.86
44483.84
44478.47
44473.11
44466.40
44461.03
44455.67
44451.65
44444.94
44440.91
44435.55
44430.18
44424.82
44419.45
44414.09
44407.38
44402.02
44396.65
44392.63
44385.92
44381.90
44375.19
44371.17
44365.80
44360.43
44355.07
44348.36
44343.00
44337.63
44333.61
44326.90
44322.88
44317.51
44312.15
44306.78
44301.42
44294.71
44289.34
44283.98
44278.61
44274.59
44267.88
44263.86
44258.49
44253.13
44247.76
44242.40
44235.69
44230.33
44226.30
44219.60
44215.57
44208.86
44204.84
44199.48
44194.11
44188.74
44183.38
44176.67
44171.31
44167.28
44160.58
44156.55
44151.19
44145.82
44140.46
44135.09
44129.73
44123.02
44119.00
44112.29
44108.26
44102.90
44097.53
44092.17
44088.14
44081.44
44077.41
44072.05
44064.00
44059.98
44054.61
44049.25
44043.88
44039.86
44033.15
44029.13
44023.76
44018.40
44013.03
44006.32
44002.30
43995.59
43991.57
43986.20
43980.84
43975.47
43970.11
43964.74
43959.38
43955.35
43947.31
43943.28
43937.92
43932.55
43927.19
43921.82
43916.45
43911.09
43907.07
43901.70
43896.33
43889.63
43884.26
43878.90
43873.53
43869.51
43862.80
43858.78
43853.41
43849.39
43842.68
43838.66
43831.95
43825.24
43821.22
43815.86
43810.49
43805.12
43801.10
43795.74
43790.37
43785.00
43778.30
43772.93
43767.57
43763.54
43756.84
43752.81
43747.45
43742.08
43736.72
43731.35
43727.33
43719.28
43715.26
43709.89
43704.52
43699.16
43693.79
43689.77
43683.06
43679.04
43673.67
43668.31
43661.60
43656.24
43652.21
43646.85
43641.48
43636.12
43632.09
43625.39
43621.36
43616.00
43610.63
43603.93
43598.56
43594.54
43589.17
43583.81
43578.44
43573.07
43567.71
43562.34
43558.32
43552.95
43546.25
43540.88
43535.52
43531.49
43524.79
43520.76
43515.40
43510.03
43504.67
43499.30
43495.28
43488.57
43483.21
43477.84
43472.47
43467.11
43461.74
43457.72
43452.35
43446.99
43441.62
43437.60
43430.89
43425.53
43420.16
43414.80
43410.77
43404.07
43400.04
43394.68
43389.31
43383.95
43377.24
43373.22
43367.85
43362.49
43357.12
43351.76
43347.73
43342.37
43337.00
43331.64
43326.27
43320.90
43314.20
43310.17
43304.81
43300.78
43294.08
43290.05
43284.69
43279.32
43273.96
43268.59
43263.23
43257.86
43252.50
43247.13
43241.77
43237.74
43232.38
43227.01
43221.65
43216.28
43212.26
43205.55
43200.19
43194.82
43189.45
43185.43
43178.72
43174.70
43169.33
43165.31
43159.95
43154.58
43147.87
43142.51
43138.48
43131.78
43127.75
43122.39
43117.02
43113.00
43106.29
43102.27
43096.90
43090.20
43086.17
43079.47
43075.44
43070.08
43064.71
43060.69
43053.98
43049.96
43044.59
43040.57
43032.52
43027.15
43023.13
43017.76
43013.74
43007.03
43003.01
42997.64
42992.28
42988.26
42981.55
42976.18
42970.82
42965.45
42961.43
42956.06
42950.70
42945.33
42939.97
42935.94
42930.58
42925.21
42918.51
42913.14
42909.12
42903.75
42898.39
42893.02
42889.00
42883.63
42878.27
42872.90
42867.54
42862.17
42856.80
42851.44
42847.42
42840.71
42836.68
42831.32
42825.95
42821.93
42816.56
42811.20
42804.49
42799.13
42795.10
42789.74
42784.37
42779.01
42774.98
42769.62
42764.25
42760.23
42753.52
42748.16
42742.79
42737.43
42733.40
42728.04
42722.67
42717.31
42711.94
42707.92
42702.55
42698.53
42690.48
42685.11
42681.09
42675.73
42671.70
42666.34
42660.97
42655.61
42650.24
42646.22
42640.85
42634.14
42630.12
42623.41
42619.39
42614.02
42608.66
42604.63
42599.27
42595.25
42588.54
42584.52
42579.15
42572.44
42568.42
42563.05
42557.69
42552.32
42546.96
42542.93
42537.57
42532.20
42528.18
42521.47
42516.11
42510.74
42505.38
42501.35
42495.99
42491.96
42486.60
42481.23
42475.87
42470.50
42466.48
42459.77
42454.41
42450.38
42443.68
42439.65
42434.29
42428.92
42424.90
42419.53
42414.17
42410.14
42402.09
42398.07
42392.70
42388.68
42383.32
42377.95
42373.93
42368.56
42363.20
42357.83
42352.47
42347.10
42341.73
42336.37
42332.35
42326.98
42321.61
42316.25
42310.88
42306.86
42301.49
42297.47
42292.11
42285.40
42281.37
42274.67
42270.64
42265.28
42259.91
42255.89
42250.52
42245.16
42241.13
42235.77
42229.06
42223.70
42218.33
42214.31
42208.94
42204.92
42199.55
42194.19
42190.16
42184.80
42179.43
42172.73
42167.36
42163.34
42157.97
42152.61
42148.58
42143.22
42139.19
42133.83
42128.46
42123.10
42116.39
42112.37
42107.00
42101.64
42097.61
42092.25
42086.88
42082.86
42077.49
42072.13
42066.76
42060.06
42056.03
42050.67
42046.64
42041.28
42035.91
42031.89
42026.52
42021.16
42017.13
42010.43
42006.40
41999.70
41994.33
41990.31
41984.94
41979.58
41975.55
41970.19
41966.16
41960.80
41955.43
41951.41
41944.70
41939.34
41933.97
41928.61
41924.58
41919.22
41913.85
41909.83
41904.46
41900.44
41895.07
41888.37
41884.34
41878.98
41873.61
41869.59
41862.88
41858.86
41853.49
41848.13
41844.10
41838.74
41832.03
41828.01
41822.64
41818.62
41813.25
41807.89
41803.86
41798.50
41793.13
41789.11
41783.74
41778.38
41771.67
41766.30
41762.28
41756.91
41751.55
41747.53
41742.16
41738.14
41732.77
41727.41
41723.38
41716.68
41711.31
41707.29
41701.92
41696.56
41692.53
41687.17
41683.14
41677.78
41672.41
41668.39
41660.34
41656.32
41650.95
41645.58
41641.56
41636.20
41630.83
41626.81
41621.44
41616.08
41612.05
41606.69
41601.32
41595.96
41590.59
41586.57
41581.20
41575.84
41571.81
41566.45
41561.08
41557.06
41551.69
41544.99
41540.96
41535.60
41531.57
41526.21
41520.84
41516.82
41511.45
41506.09
41502.06
41496.70
41491.33
41485.97
41480.60
41476.58
41471.21
41465.85
41460.48
41455.12
41451.09
41445.73
41440.36
41436.34
41429.63
41424.27
41420.24
41414.88
41409.51
41405.49
41400.12
41396.10
41390.73
41385.37
41381.34
41375.98
41369.27
41365.25
41359.88
41354.52
41350.49
41345.13
41341.10
41335.74
41330.37
41326.35
41320.98
41314.28
41310.25
41304.89
41299.52
41295.50
41290.13
41284.77
41280.74
41275.38
41271.35
41265.99
41259.28
41255.26
41251.23
41245.87
41240.50
41236.48
41231.11
41227.09
41221.72
41216.36
41212.34
41206.97
41200.26
41196.24
41190.87
41185.51
41181.48
41176.12
41170.75
41166.73
41161.36
41157.34
41151.98
41145.27
41141.24
41135.88
41130.51
41126.49
41121.13
41115.76
41111.74
41106.37
41102.35
41096.98
41091.62
41086.25
41080.89
41075.52
41071.50
41066.13
41060.77
41056.74
41051.38
41047.35
41043.33
41037.96
41032.60
41027.23
41021.87
41016.50
41012.48
41007.11
41001.75
40997.72
40992.36
40988.33
40982.97
40977.60
40972.24
40966.87
40961.51
40957.48
40952.12
40946.75
40942.73
40938.70
40933.34
40929.31
40923.95
40918.58
40913.22
40907.85
40902.49
40898.46
40893.10
40887.73
40883.71
40878.34
40874.32
40868.96
40863.59
40858.22
40852.86
40848.84
40843.47
40839.45
40834.08
40828.72
40824.69
40819.33
40815.30
40809.94
40804.57
40799.21
40793.84
40788.48
40784.45
40779.09
40773.72
40771.04
40765.67
40760.31
40756.28
40750.92
40744.21
40740.19
40734.82
40729.46
40725.43
40720.07
40714.70
40710.68
40706.65
40701.29
40697.27
40691.90
40685.19
40681.17
40675.80
40670.44
40666.41
40661.05
40657.03
40651.66
40647.64
40642.27
40638.25
40632.88
40626.17
40622.15
40616.79
40611.42
40607.40
40602.03
40598.01
40593.98
40588.62
40583.25
40579.23
40572.52
40567.16
40563.13
40557.77
40553.74
40548.38
40543.01
40538.99
40534.96
40529.60
40524.23
40520.21
40513.50
40508.14
40504.11
40498.75
40494.72
40490.70
40485.34
40479.97
40475.95
40470.58
40465.22
40461.19
40454.48
40450.46
40446.44
40441.07
40435.71
40431.68
40426.32
40420.95
40416.93
40411.56
40407.54
40403.51
40396.81
40391.44
40387.42
40382.05
40376.69
40372.66
40367.30
40363.27
40359.25
40353.88
40348.52
40343.15
40337.79
40332.42
40328.40
40323.03
40319.01
40314.99
40309.62
40304.26
40300.23
40294.87
40289.50
40284.14
40280.11
40274.75
40269.38
40265.36
40259.99
40255.97
40250.60
40246.58
40241.21
40237.19
40231.82
40225.12
40221.09
40215.73
40211.70
40207.68
40202.31
40196.95
40192.93
40187.56
40182.19
40178.17
40174.15
40167.44
40163.42
40158.05
40152.69
40148.66
40144.64
40139.27
40133.91
40129.88
40124.52
40120.49
40113.79
40109.76
40104.40
40100.37
40095.01
40089.64
40085.62
40080.25
40076.23
40072.21
40066.84
40061.48
40056.11
40050.74
40046.72
40041.36
40037.33
40031.97
40027.94
40022.58
40018.55
40013.19
40009.16
40003.80
39997.09
39993.07
39987.70
39983.68
39979.65
39974.29
39968.92
39964.90
39960.88
39955.51
39951.49
39946.12
39939.41
39935.39
39931.37
39926.00
39920.64
39916.61
39911.25
39905.88
39903.20
39897.83
39892.47
39888.44
39881.74
39876.37
39872.35
39868.32
39862.96
39858.93
39853.57
39849.55
39844.18
39840.16
39834.79
39828.08
39824.06
39820.04
39814.67
39810.65
39805.28
39799.92
39795.89
39791.87
39786.50
39781.14
39777.11
39773.09
39766.38
39762.36
39756.99
39751.63
39747.60
39743.58
39738.21
39734.19
39728.83
39723.46
39719.44
39715.41
39708.71
39703.34
39699.32
39695.29
39689.93
39685.90
39680.54
39675.17
39671.15
39667.12
39661.76
39655.05
39652.37
39647.00
39641.64
39637.62
39632.25
39628.23
39622.86
39618.84
39613.47
39609.45
39605.42
39598.72
39593.35
39589.33
39583.96
39579.94
39574.57
39570.55
39565.18
39561.16
39557.14
39551.77
39546.40
39541.04
39537.02
39531.65
39527.63
39522.26
39518.24
39512.87
39508.85
39503.48
39498.12
39495.43
39490.07
39483.36
39479.34
39475.31
39469.95
39464.58
39460.56
39455.19
39451.17
39447.15
39441.78
39436.42
39432.39
39427.03
39421.66
39416.30
39413.61
39408.25
39402.88
39398.86
39393.49
39389.47
39384.10
39380.08
39374.71
39369.35
39365.33
39359.96
39354.59
39350.57
39346.55
39341.18
39335.82
39333.13
39327.77
39322.40
39318.38
39314.35
39307.65
39302.28
39298.26
39294.23
39288.87
39284.85
39279.48
39275.46
39270.09
39266.07
39260.70
39255.34
39251.31
39245.95
39240.58
39236.56
39232.53
39227.17
39221.80
39219.12
39213.76
39208.39
39204.37
39200.34
39193.64
39188.27
39184.25
39180.22
39174.86
39170.83
39166.81
39161.44
39156.08
39152.05
39148.03
39142.66
39137.30
39131.93
39127.91
39122.54
39118.52
39113.16
39109.13
39105.11
39099.74
39095.72
39090.35
39086.33
39079.62
39075.60
39071.57
39066.21
39060.84
39056.82
39052.80
39047.43
39043.41
39039.38
39034.02
39028.65
39023.29
39019.26
39013.90
39009.87
39004.51
39000.48
38995.12
38991.09
38987.07
38981.71
38977.68
38972.32
38966.95
38961.59
38957.56
38953.54
38948.17
38944.15
38938.78
38934.76
38929.39
38925.37
38921.35
38915.98
38910.61
38905.25
38901.23
38897.20
38891.84
38887.81
38882.45
38878.42
38873.06
38869.03
38865.01
38859.64
38854.28
38850.25
38844.89
38839.52
38835.50
38831.48
38826.11
38822.09
38818.06
38812.70
38807.33
38803.31
38799.28
38792.58
38788.55
38784.53
38779.16
38773.80
38769.78
38765.75
38760.39
38756.36
38752.34
38746.97
38742.95
38736.24
38732.22
38728.19
38722.83
38718.80
38714.78
38709.42
38704.05
38700.03
38696.00
38690.64
38686.61
38681.25
38675.88
38670.52
38666.49
38662.47
38657.10
38653.08
38649.06
38643.69
38639.67
38634.30
38630.28
38624.91
38619.55
38615.52
38611.50
38606.13
38600.77
38596.74
38592.72
38587.35
38583.33
38579.31
38573.94
38569.92
38563.21
38559.19
38555.16
38549.80
38545.77
38541.75
38536.38
38531.02
38526.99
38522.97
38518.95
38513.58
38508.22
38504.19
38498.83
38493.46
38490.78
38485.41
38480.05
38476.02
38472.00
38466.63
38462.61
38457.25
38451.88
38447.86
38442.49
38438.47
38434.44
38429.08
38423.71
38421.03
38415.66
38411.64
38406.27
38402.25
38398.23
38391.52
38387.50
38383.47
38378.11
38372.74
38368.72
38364.69
38359.33
38355.30
38351.28
38347.26
38341.89
38335.18
38331.16
38327.14
38321.77
38317.75
38313.72
38309.70
38304.33
38298.97
38296.29
38290.92
38285.56
38280.19
38276.17
38270.80
38266.78
38262.75
38258.73
38253.36
38248.00
38243.97
38239.95
38234.58
38230.56
38226.54
38221.17
38215.81
38210.44
38206.42
38202.39
38198.37
38193.00
38188.98
38184.96
38179.59
38174.23
38171.54
38164.84
38160.81
38155.45
38151.42
38147.40
38142.03
38138.01
38133.99
38128.62
38124.60
38119.23
38115.21
38109.84
38104.48
38100.45
38096.43
38091.06
38087.04
38081.67
38078.99
38073.63
38068.26
38064.24
38060.21
38056.19
38049.48
38045.46
38041.43
38036.07
38032.04
38026.68
38022.65
38018.63
38013.27
38009.24
38005.22
37999.85
37994.49
37989.12
37986.44
37981.07
37975.71
37971.68
37967.66
37963.64
37958.27
37954.25
37950.22
37944.86
37940.83
37934.13
37931.44
37926.08
37920.71
37916.69
37912.67
37908.64
37903.28
37899.25
37895.23
37889.86
37885.84
37879.13
37875.11
37871.08
37865.72
37861.70
37857.67
37853.65
37848.28
37844.26
37840.23
37834.87
37830.84
37825.48
37820.11
37816.09
37812.07
37806.70
37802.68
37798.65
37793.29
37789.26
37785.24
37781.22
37775.85
37770.49
37765.12
37761.10
37757.07
37751.71
37747.68
37743.66
37738.29
37734.27
37728.90
37726.22
37720.86
37716.83
37711.47
37706.10
37702.08
37696.71
37692.69
37688.66
37684.64
37679.27
37675.25
37671.23
37667.20
37661.84
37656.47
37651.11
37647.08
37643.06
37637.69
37633.67
37629.65
37625.62
37620.26
37614.89
37612.21
37606.84
37602.82
37597.45
37592.09
37588.06
37584.04
37578.67
37574.65
37570.63
37566.60
37561.24
37557.21
37553.19
37547.82
37543.80
37537.09
37533.07
37529.05
37525.02
37519.66
37515.63
37511.61
37507.58
37502.22
37498.20
37494.17
37488.81
37484.78
37478.08
37475.39
37470.03
37466.00
37460.64
37456.61
37452.59
37448.57
37443.20
37439.18
37435.15
37431.13
37425.76
37419.06
37416.37
37411.01
37406.98
37401.62
37397.60
37393.57
37389.55
37384.18
37380.16
37376.13
37372.11
37365.40
37361.38
37357.36
37353.33
37347.97
37343.94
37339.92
37335.89
37330.53
37326.51
37321.14
37318.46
37313.09
37307.73
37302.36
37298.34
37294.31
37288.95
37284.92
37280.90
37276.88
37271.51
37267.49
37262.12
37259.44
37254.07
37248.71
37243.34
37239.32
37235.29
37231.27
37225.91
37221.88
37217.86
37213.83
37208.47
37204.44
37200.42
37196.40
37189.69
37185.67
37180.30
37177.62
37172.25
37168.23
37162.86
37158.84
37154.81
37150.79
37145.43
37141.40
37136.04
37132.01
37127.99
37122.62
37118.60
37114.58
37110.55
37105.19
37101.16
37097.14
37093.11
37087.75
37083.72
37077.02
37074.34
37068.97
37064.95
37059.58
37055.56
37051.53
37047.51
37042.14
37038.12
37034.10
37030.07
37024.71
37019.34
37015.32
37011.29
37007.27
37001.90
36997.88
36993.86
36989.83
36984.47
36980.44
36976.42
36972.39
36967.03
36961.66
36956.30
36952.27
36948.25
36944.23
36938.86
36934.84
36930.81
36926.79
36922.77
36917.40
36913.38
36909.35
36903.99
36898.62
36894.60
36890.57
36886.55
36881.18
36877.16
36873.14
36869.11
36865.09
36859.72
36855.70
36848.99
36846.31
36840.94
36836.92
36831.55
36827.53
36824.85
36819.48
36815.46
36810.09
36806.07
36802.05
36798.02
36791.31
36787.29
36783.27
36779.24
36775.22
36769.85
36765.83
36761.81
36757.78
36752.42
36748.39
36744.37
36740.34
36734.98
36729.61
36725.59
36721.57
36717.54
36712.18
36708.15
36704.13
36700.10
36696.08
36690.72
36686.69
36681.33
36677.30
36671.94
36667.91
36663.89
36658.52
36655.84
36650.48
36646.45
36641.09
36637.06
36634.38
36629.01
36624.99
36618.28
36614.26
36610.24
36606.21
36602.19
36596.82
36592.80
36588.77
36584.75
36580.73
36575.36
36571.34
36567.31
36561.95
36556.58
36552.56
36548.53
36544.51
36540.49
36535.12
36531.10
36527.07
36523.05
36519.03
36513.66
36509.64
36504.27
36500.25
36496.22
36490.86
36486.83
36482.81
36478.79
36474.76
36469.40
36465.37
36461.35
36457.32
36451.96
36446.59
36442.57
36438.55
36434.52
36429.16
36425.13
36421.11
36417.08
36413.06
36407.69
36403.67
36399.65
36394.28
36390.26
36384.89
36380.87
36376.84
36371.48
36368.80
36363.43
36359.41
36355.38
36350.02
36347.33
36341.97
36337.95
36332.58
36327.21
36324.53
36320.51
36315.14
36311.12
36305.75
36303.07
36299.05
36293.68
36289.66
36284.29
36280.27
36276.24
36270.88
36266.86
36261.49
36257.47
36254.78
36249.42
36245.39
36241.37
36236.00
36233.32
36227.96
36223.93
36218.57
36213.20
36210.52
36206.50
36201.13
36197.11
36191.74
36189.06
36185.03
36179.67
36175.64
36171.62
36166.26
36162.23
36156.87
36152.84
36148.82
36143.45
36140.77
36136.75
36131.38
36127.36
36121.99
36119.31
36115.28
36109.92
36104.55
36100.53
36096.51
36092.48
36088.46
36083.09
36079.07
36075.05
36071.02
36067.00
36061.63
36057.61
36053.58
36048.22
36044.19
36040.17
36034.81
36030.78
36026.76
36022.73
36018.71
36013.34
36009.32
36005.30
36001.27
35997.25
35993.22
35986.52
35982.49
35978.47
35974.45
35970.42
35966.40
35961.03
35957.01
35952.98
35948.96
35944.94
35939.57
35935.55
35930.18
35926.16
35922.13
35918.11
35912.74
35908.72
35904.70
35900.67
35896.65
35892.62
35887.26
35883.24
35880.55
35873.85
35869.82
35865.80
35860.43
35857.75
35853.73
35848.36
35844.34
35840.31
35836.29
35832.26
35828.24
35822.88
35817.51
35813.49
35809.46
35805.44
35801.41
35796.05
35792.02
35788.00
35783.98
35779.95
35775.93
35770.56
35766.54
35761.17
35757.15
35753.13
35749.10
35743.74
35739.71
35735.69
35733.01
35727.64
35723.62
35719.59
35714.23
35710.20
35707.52
35700.81
35696.79
35692.77
35687.40
35684.72
35680.69
35675.33
35671.31
35667.28
35663.26
35659.23
35655.21
35651.19
35644.48
35640.45
35636.43
35632.41
35628.38
35624.36
35618.99
35614.97
35610.95
35606.92
35602.90
35598.87
35594.85
35588.14
35584.12
35581.44
35576.07
35572.05
35568.02
35562.66
35559.97
35555.95
35551.93
35546.56
35542.54
35538.51
35533.15
35529.12
35525.10
35519.73
35515.71
35511.69
35507.66
35503.64
35499.61
35495.59
35490.23
35486.20
35483.52
35479.49
35472.79
35468.76
35464.74
35459.38
35456.69
35452.67
35448.64
35443.28
35439.26
35435.23
35431.21
35427.18
35423.16
35417.79
35412.43
35408.40
35404.38
35400.36
35396.33
35392.31
35388.28
35382.92
35380.24
35376.21
35370.85
35366.82
35362.80
35357.43
35353.41
35349.39
35345.36
35341.34
35335.97
35331.95
35327.92
35323.90
35319.88
35315.85
35311.83
35306.46
35301.10
35298.42
35294.39
35289.03
35285.00
35280.98
35276.95
35272.93
35268.91
35264.88
35259.52
35255.49
35251.47
35246.10
35242.08
35238.06
35234.03
35230.01
35224.64
35220.62
35217.94
35213.91
35208.55
35204.52
35200.50
35196.47
35192.45
35187.09
35183.06
35179.04
35173.67
35169.65
35165.62
35162.94
35157.58
35153.55
35149.53
35145.50
35141.48
35137.46
35132.09
35128.07
35122.70
35118.68
35114.65
35110.63
35106.61
35102.58
35098.56
35094.53
35089.17
35085.14
35082.46
35078.44
35071.73
35067.71
35063.68
35059.66
35055.64
35051.61
35047.59
35043.56
35038.20
35034.17
35030.15
35027.47
35023.44
35016.74
35012.71
35008.69
35004.66
35000.64
34996.62
34992.59
34988.57
34983.20
34979.18
34975.16
34971.13
34968.45
34963.08
34957.72
34953.69
34949.67
34945.65
34941.62
34937.60
34933.57
34929.55
34924.18
34920.16
34916.14
34913.45
34908.09
34902.72
34898.70
34894.68
34890.65
34886.63
34882.60
34878.58
34874.56
34869.19
34865.17
34861.14
34857.12
34854.44
34849.07
34843.71
34839.68
34835.66
34831.63
34827.61
34823.59
34819.56
34815.54
34810.17
34806.15
34802.12
34799.44
34795.42
34790.05
34784.69
34780.66
34776.64
34772.61
34768.59
34764.57
34760.54
34756.52
34752.49
34747.13
34743.11
34740.42
34736.40
34731.03
34725.67
34721.64
34717.62
34713.60
34709.57
34705.55
34701.52
34697.50
34693.48
34689.45
34685.43
34681.40
34677.38
34672.01
34667.99
34662.63
34658.60
34654.58
34650.55
34647.87
34643.85
34638.48
34634.46
34630.43
34626.41
34622.39
34618.36
34613.00
34608.97
34604.95
34600.92
34596.90
34592.88
34588.85
34584.83
34580.80
34576.78
34571.42
34567.39
34563.37
34558.00
34555.32
34551.30
34545.93
34541.91
34537.88
34533.86
34529.83
34525.81
34521.79
34517.76
34513.74
34509.71
34505.69
34500.32
34496.30
34492.28
34488.25
34484.23
34480.20
34474.84
34470.82
34468.13
34464.11
34460.08
34456.06
34450.70
34446.67
34441.31
34437.28
34433.26
34430.58
34425.21
34421.19
34417.16
34413.14
34409.11
34405.09
34401.07
34397.04
34393.02
34387.65
34383.63
34379.61
34375.58
34371.56
34367.53
34363.51
34359.49
34355.46
34351.44
34346.07
34343.39
34339.37
34335.34
34329.98
34325.95
34321.93
34316.56
34312.54
34308.51
34305.83
34301.81
34297.78
34293.76
34288.39
34284.37
34280.35
34276.32
34272.30
34268.27
34264.25
34258.89
34254.86
34250.84
34246.81
34242.79
34240.11
34236.08
34230.72
34226.69
34222.67
34218.65
34213.28
34209.26
34205.23
34201.21
34197.18
34193.16
34189.14
34185.11
34181.09
34177.06
34173.04
34169.02
34164.99
34160.97
34155.60
34151.58
34147.56
34143.53
34139.51
34135.48
34131.46
34127.44
34123.41
34119.39
34115.36
34111.34
34107.32
34103.29
34097.93
34093.90
34089.88
34085.85
34081.83
34077.81
34073.78
34069.76
34065.73
34061.71
34057.69
34053.66
34049.64
34045.61
34040.25
34036.22
34032.20
34028.18
34024.15
34020.13
34016.10
34012.08
34008.06
34004.03
34000.01
33995.99
33991.96
33986.60
33982.57
33978.55
33974.52
33970.50
33966.48
33962.45
33958.43
33954.40
33950.38
33946.36
33942.33
33938.31
33934.28
33931.60
33924.89
33920.87
33916.85
33912.82
33908.80
33904.77
33900.75
33898.07
33894.04
33890.02
33886.00
33880.63
33876.61
33871.24
33867.22
33863.19
33860.51
33856.49
33852.46
33848.44
33844.41
33839.05
33835.03
33831.00
33828.32
33824.29
33820.27
33814.91
33810.88
33806.86
33802.83
33798.81
33794.79
33790.76
33786.74
33782.71
33778.69
33774.67
33770.64
33766.62
33762.59
33757.23
33753.20
33749.18
33746.50
33741.13
33737.11
33733.08
33729.06
33725.04
33721.01
33716.99
33714.31
33710.28
33706.26
33702.23
33696.87
33692.84
33687.48
33683.46
33680.77
33676.75
33672.72
33668.70
33664.68
33660.65
33656.63
33652.60
33648.58
33643.22
33639.19
33635.17
33631.14
33627.12
33623.10
33619.07
33615.05
33611.02
33607.00
33602.98
33600.29
33596.27
33592.24
33588.22
33582.86
33578.83
33574.81
33570.78
33566.76
33562.74
33558.71
33554.69
33550.66
33546.64
33542.62
33538.59
33534.57
33530.54
33525.18
33521.15
33518.47
33514.45
33510.42
33506.40
33502.38
33498.35
33492.99
33488.96
33486.28
33482.26
33478.23
33474.21
33468.84
33464.82
33460.79
33456.77
33452.75
33448.72
33444.70
33442.02
33437.99
33433.97
33429.94
33425.92
33421.90
33417.87
33412.51
33408.48
33404.46
33400.43
33396.41
33392.39
33388.36
33384.34
33380.32
33376.29
33372.27
33368.24
33364.22
33361.54
33356.17
33352.15
33348.12
33344.10
33340.08
33336.05
33332.03
33328.00
33323.98
33319.96
33317.27
33313.25
33309.22
33305.20
33301.18
33295.81
33291.79
33287.76
33283.74
33279.72
33275.69
33271.67
33267.64
33263.62
33259.60
33255.57
33251.55
33247.52
33242.16
33238.13
33235.45
33231.43
33227.40
33223.38
33219.36
33215.33
33211.31
33207.28
33203.26
33199.24
33195.21
33191.19
33188.50
33183.14
33179.12
33175.09
33171.07
33167.04
33163.02
33159.00
33154.97
33150.95
33146.92
33144.24
33140.22
33136.19
33132.17
33126.80
33122.78
33118.76
33114.73
33110.71
33106.68
33102.66
33099.98
33095.95
33091.93
33087.91
33083.88
33079.86
33075.83
33070.47
33066.44
33062.42
33058.40
33054.37
33051.69
33047.67
33043.64
33039.62
33035.59
33031.57
33027.55
33023.52
33019.50
33015.47
33010.11
33007.43
33003.40
32999.38
32995.35
32991.33
32987.31
32983.28
32979.26
32975.23
32971.21
32967.19
32963.16
32960.48
32955.11
32951.09
32947.07
32943.04
32939.02
32934.99
32930.97
32926.95
32922.92
32918.90
32916.22
32912.19
32908.17
32904.14
32901.46
32896.10
32892.07
32888.05
32884.02
32880.00
32875.98
32871.95
32867.93
32863.90
32861.22
32857.20
32853.17
32849.15
32845.12
32839.76
32835.74
32831.71
32827.69
32823.66
32819.64
32815.62
32812.93
32808.91
32804.88
32800.86
32796.84
32792.81
32788.79
32783.42
32779.40
32775.38
32771.35
32768.67
32764.64
32760.62
32757.94
32753.91
32749.89
32745.87
32741.84
32737.82
32733.79
32729.77
32724.41
32720.38
32716.36
32712.33
32709.65
32705.63
32701.60
32697.58
32693.55
32689.53
32685.51
32681.48
32678.80
32674.78
32669.41
32665.39
32661.36
32657.34
32654.66
32650.63
32646.61
32642.58
32638.56
32634.54
32630.51
32626.49
32622.46
32618.44
32614.42
32609.05
32606.37
32602.34
32598.32
32595.64
32591.61
32587.59
32583.57
32579.54
32575.52
32571.49
32567.47
32563.45
32559.42
32554.06
32551.37
32547.35
32543.33
32540.64
32536.62
32532.60
32528.57
32524.55
32520.52
32516.50
32512.48
32508.45
32504.43
32500.40
32495.04
32492.36
32488.33
32484.31
32481.62
32477.60
32473.58
32469.55
32465.53
32461.50
32457.48
32453.46
32449.43
32445.41
32440.04
32437.36
32433.34
32429.31
32426.63
32422.61
32418.58
32414.56
32410.53
32406.51
32402.49
32398.46
32394.44
32390.41
32386.39
32382.37
32378.34
32374.32
32370.29
32367.61
32363.59
32359.56
32355.54
32351.52
32347.49
32343.47
32340.78
32336.76
32332.74
32328.71
32323.35
32319.32
32315.30
32312.62
32308.59
32304.57
32300.55
32297.86
32293.84
32289.81
32285.79
32281.77
32277.74
32273.72
32268.35
32264.33
32260.31
32257.62
32253.60
32249.57
32245.55
32242.87
32238.84
32234.82
32230.80
32226.77
32222.75
32220.07
32216.04
32210.68
32206.65
32202.63
32198.60
32194.58
32190.56
32187.87
32183.85
32179.83
32177.14
32173.12
32169.09
32165.07
32161.05
32157.02
32151.66
32148.97
32144.95
32140.93
32136.90
32132.88
32128.85
32124.83
32120.81
32118.12
32114.10
32110.08
32107.39
32103.37
32099.35
32093.98
32089.96
32085.93
32081.91
32079.23
32075.20
32071.18
32067.15
32063.13
32059.11
32055.08
32052.40
32048.38
32044.35
32038.99
32036.30
32032.28
32028.26
32024.23
32020.21
32017.52
32013.50
32009.48
32005.45
32001.43
31997.40
31993.38
31990.70
31986.67
31981.31
31977.28
31973.26
31970.58
31966.55
31962.53
31959.85
31955.82
31951.80
31947.78
31943.75
31939.73
31935.70
31933.02
31929.00
31923.63
31919.61
31915.58
31911.56
31907.54
31904.85
31900.83
31896.81
31892.78
31890.10
31886.07
31882.05
31879.37
31875.34
31871.32
31865.95
31861.93
31857.91
31853.88
31851.20
31847.18
31843.15
31839.13
31835.10
31831.08
31828.40
31824.37
31820.35
31816.33
31812.30
31808.28
31804.25
31800.23
31797.55
31793.52
31789.50
31785.47
31781.45
31778.77
31774.74
31770.72
31766.70
31762.67
31758.65
31753.28
31750.60
31746.58
31742.55
31738.53
31734.50
31731.82
31727.80
31723.77
31721.09
31717.07
31713.04
31709.02
31706.34
31702.31
31698.29
31692.92
31688.90
31684.88
31682.19
31678.17
31674.14
31670.12
31666.10
31662.07
31659.39
31655.37
31651.34
31647.32
31643.29
31640.61
31635.25
31631.22
31628.54
31624.52
31620.49
31617.81
31613.78
31609.76
31605.74
31601.71
31597.69
31595.01
31590.98
31586.96
31581.59
31577.57
31574.89
31570.86
31566.84
31562.81
31558.79
31554.77
31552.08
31548.06
31544.04
31540.01
31537.33
31533.30
31529.28
31526.60
31521.23
31517.21
31514.53
31510.50
31506.48
31502.45
31498.43
31494.41
31491.72
31487.70
31483.68
31479.65
31475.63
31472.95
31468.92
31463.56
31459.53
31455.51
31452.83
31448.80
31444.78
31440.75
31436.73
31434.05
31430.02
31426.00
31423.32
31419.29
31415.27
31412.59
31407.22
31403.20
31399.17
31396.49
31392.47
31388.44
31384.42
31380.39
31377.71
31373.69
31369.66
31365.64
31362.96
31358.93
31354.91
31349.54
31345.52
31342.84
31338.81
31334.79
31330.76
31326.74
31324.06
31320.03
31316.01
31311.99
31309.30
31305.28
31301.25
31298.57
31293.21
31289.18
31286.50
31282.48
31278.45
31274.43
31271.75
31267.72
31263.70
31259.67
31256.99
31252.97
31248.94
31244.92
31240.90
31236.87
31232.85
31228.82
31224.80
31222.12
31218.09
31214.07
31210.04
31206.02
31203.34
31199.31
31195.29
31191.27
31188.58
31184.56
31179.19
31175.17
31172.49
31168.46
31164.44
31161.76
31157.73
31153.71
31151.03
31147.00
31142.98
31140.30
31136.27
31132.25
31128.22
31125.54
31120.18
31116.15
31112.13
31108.10
31105.42
31101.40
31097.37
31093.35
31090.67
31086.64
31082.62
31078.59
31075.91
31071.89
31067.86
31062.50
31059.82
31055.79
31051.77
31047.74
31045.06
31041.04
31037.01
31032.99
31030.31
31026.28
31022.26
31018.23
31015.55
31011.53
31006.16
31002.14
30999.46
30995.43
30991.41
30988.73
30984.70
30980.68
30977.99
30973.97
30969.95
30967.26
30963.24
30959.22
30956.53
30951.17
30947.14
30943.12
30940.44
30936.41
30932.39
30928.37
30925.68
30921.66
30917.63
30914.95
30910.93
30906.90
30902.88
30900.20
30896.17
30890.81
30886.78
30884.10
30880.08
30876.05
30872.03
30869.35
30865.32
30861.30
30858.62
30854.59
30850.57
30846.54
30843.86
30839.84
30834.47
30830.45
30827.77
30823.74
30819.72
30817.04
30813.01
30808.99
30804.96
30802.28
30798.26
30794.23
30790.21
30787.53
30783.50
30778.14
30775.45
30771.43
30767.41
30763.38
30760.70
30756.68
30752.65
30749.97
30745.94
30741.92
30739.24
30735.21
30731.19
30728.51
30724.48
30719.12
30716.44
30712.41
30708.39
30705.70
30701.68
30697.66
30694.97
30690.95
30686.93
30684.24
30680.22
30676.20
30672.17
30669.49
30664.12
30660.10
30657.42
30653.39
30649.37
30646.69
30642.66
30638.64
30634.61
30631.93
30627.91
30623.88
30621.20
30617.18
30613.15
30610.47
30605.11
30601.08
30597.06
30594.37
30590.35
30586.33
30583.64
30579.62
30575.60
30572.91
30568.89
30564.87
30560.84
30558.16
30554.13
30548.77
30546.09
30542.06
30538.04
30535.36
30531.33
30527.31
30524.63
30520.60
30516.58
30513.89
30509.87
30505.85
30501.82
30499.14
30495.12
30489.75
30487.07
30483.04
30479.02
30476.34
30472.31
30468.29
30465.61
30461.58
30457.56
30454.88
30450.85
30446.83
30442.80
30440.12
30434.76
30430.73
30428.05
30424.03
30420.00
30417.32
30413.30
30409.27
30406.59
30402.56
30398.54
30395.86
30391.83
30387.81
30385.13
30381.10
30375.74
30373.06
30369.03
30365.01
30362.32
30358.30
30354.28
30351.59
30347.57
30343.55
30340.86
30336.84
30332.82
30330.13
30326.11
30320.74
30318.06
30314.04
30310.01
30307.33
30303.31
30299.28
30296.60
30292.58
30288.55
30285.87
30281.84
30277.82
30275.14
30271.11
30267.09
30263.07
30259.04
30255.02
30252.34
30248.31
30244.29
30241.61
30237.58
30233.56
30230.87
30226.85
30222.83
30220.14
30216.12
30212.10
30209.41
30204.05
30201.37
30197.34
30193.32
30190.63
30186.61
30182.59
30179.90
30175.88
30171.86
30169.17
30165.15
30161.13
30158.44
30154.42
30149.05
30146.37
30142.35
30138.32
30135.64
30131.62
30127.59
30124.91
30120.89
30116.86
30114.18
30110.15
30106.13
30103.45
30099.42
30095.40
30090.03
30087.35
30083.33
30079.30
30076.62
30072.60
30068.57
30065.89
30061.87
30057.84
30055.16
30051.14
30048.45
30044.43
30040.41
30037.72
30032.36
30028.33
30025.65
30021.63
30018.94
30014.92
30010.90
30008.21
30004.19
30000.17
29997.48
29993.46
29990.78
29986.75
29982.73
29980.05
29974.68
29970.66
29967.97
29963.95
29961.27
29957.24
29953.22
29950.54
29946.51
29942.49
29939.81
29935.78
29933.10
29929.08
29925.05
29921.03
29917.00
29912.98
29910.30
29906.27
29903.59
29899.57
29895.54
29892.86
29888.84
29886.15
29882.13
29878.10
29875.42
29871.40
29867.37
29862.01
29859.33
29855.30
29851.28
29848.60
29844.57
29840.55
29837.86
29833.84
29829.82
29827.13
29823.11
29820.43
29816.40
29812.38
29809.70
29804.33
29801.65
29797.63
29793.60
29790.92
29786.89
29784.21
29780.19
29776.16
29773.48
29769.46
29766.77
29762.75
29758.73
29756.04
29752.02
29748.00
29743.97
29739.95
29737.27
29733.24
29730.56
29726.53
29722.51
29719.83
29715.80
29713.12
29709.10
29705.07
29702.39
29698.37
29694.34
29690.32
29686.29
29682.27
29679.59
29675.56
29671.54
29668.86
29664.83
29660.81
29658.13
29654.10
29651.42
29647.40
29643.37
29640.69
29636.67
29632.64
29628.62
29625.93
29621.91
29617.89
29615.20
29611.18
29608.50
29604.47
29600.45
29597.77
29593.74
29591.06
29587.04
29584.35
29580.33
29574.96
29572.28
29568.26
29565.58
29561.55
29557.53
29554.84
29550.82
29546.80
29544.11
29540.09
29536.07
29533.38
29529.36
29525.34
29522.65
29517.29
29514.60
29510.58
29507.90
29503.87
29499.85
29497.17
29493.14
29490.46
29486.44
29483.75
29479.73
29475.71
29473.02
29469.00
29466.32
29460.95
29458.27
29454.24
29451.56
29447.54
29443.51
29440.83
29436.81
29432.78
29430.10
29426.08
29422.05
29419.37
29415.35
29411.32
29408.64
29403.27
29400.59
29396.57
29393.89
29389.86
29387.18
29383.15
29379.13
29376.45
29372.42
29369.74
29365.72
29363.03
29359.01
29356.33
29352.30
29346.94
29344.26
29340.23
29337.55
29333.53
29329.50
29326.82
29322.79
29318.77
29316.09
29312.06
29308.04
29305.36
29301.33
29298.65
29294.63
29290.60
29286.58
29283.90
29279.87
29277.19
29273.17
29270.48
29266.46
29262.43
29259.75
29255.73
29253.05
29249.02
29246.34
29242.31
29238.29
29235.61
29230.24
29226.22
29223.54
29219.51
29215.49
29212.81
29208.78
29206.10
29202.07
29199.39
29195.37
29192.69
29188.66
29185.98
29181.96
29179.27
29173.91
29171.22
29167.20
29164.52
29160.49
29156.47
29153.79
29149.76
29145.74
29143.06
29139.03
29135.01
29132.33
29128.30
29125.62
29121.60
29117.57
29113.55
29110.86
29106.84
29104.16
29100.13
29097.45
29093.43
29090.74
29086.72
29084.04
29080.01
29077.33
29073.31
29069.28
29065.26
29061.24
29057.21
29053.19
29050.50
29046.48
29043.80
29039.77
29037.09
29033.07
29030.38
29026.36
29023.68
29019.65
29016.97
29012.95
29010.26
29006.24
29002.22
28998.19
28995.51
28991.49
28987.46
28984.78
28980.76
28976.73
28974.05
28970.03
28967.34
28963.32
28960.64
28956.61
28953.93
28949.91
28945.88
28941.86
28939.17
28935.15
28932.47
28928.44
28925.76
28921.74
28917.71
28915.03
28911.01
28906.98
28904.30
28900.28
28897.59
28893.57
28889.55
28885.52
28882.84
28878.81
28876.13
28872.11
28869.43
28865.40
28862.72
28858.69
28856.01
28851.99
28849.31
28845.28
28841.26
28837.23
28834.55
28829.19
28826.50
28823.82
28819.80
28817.11
28813.09
28810.41
28806.38
28803.70
28799.68
28796.99
28792.97
28790.29
28786.26
28782.24
28779.56
28774.19
28770.17
28767.48
28763.46
28760.78
28756.75
28754.07
28750.05
28747.36
28743.34
28740.66
28737.98
28733.95
28731.27
28727.24
28723.22
28720.54
28715.17
28711.15
28708.47
28704.44
28701.76
28697.74
28695.05
28691.03
28688.35
28684.32
28681.64
28678.96
28674.93
28672.25
28668.23
28665.54
28660.18
28656.15
28653.47
28649.45
28645.42
28642.74
28638.72
28636.03
28632.01
28629.33
28626.64
28622.62
28619.94
28615.91
28613.23
28609.21
28606.52
28601.16
28597.14
28594.45
28590.43
28587.75
28583.72
28581.04
28577.02
28574.33
28570.31
28567.63
28563.60
28560.92
28556.90
28554.21
28551.53
28546.17
28542.14
28539.46
28535.43
28531.41
28528.73
28524.70
28522.02
28518.00
28515.31
28512.63
28508.61
28505.93
28501.90
28499.22
28495.19
28492.51
28487.15
28483.12
28480.44
28476.42
28473.73
28469.71
28467.03
28463.00
28460.32
28456.30
28453.61
28450.93
28446.91
28444.22
28440.20
28437.52
28433.49
28428.13
28425.45
28421.42
28418.74
28414.71
28412.03
28408.01
28405.33
28401.30
28398.62
28395.94
28391.91
28389.23
28385.21
28381.18
28378.50
28373.13
28370.45
28366.43
28363.74
28359.72
28357.04
28353.01
28350.33
28347.65
28343.62
28340.94
28336.92
28334.24
28330.21
28326.19
28323.50
28319.48
28315.46
28311.43
28308.75
28306.07
28302.04
28299.36
28295.34
28292.65
28288.63
28285.95
28281.92
28279.24
28275.22
28271.19
28268.51
28264.49
28261.80
28257.78
28253.76
28251.07
28247.05
28244.37
28241.68
28237.66
28233.64
28230.95
28226.93
28222.90
28220.22
28217.54
28213.52
28210.83
28206.81
28202.78
28200.10
28196.08
28193.40
28189.37
28186.69
28182.66
28178.64
28175.96
28171.93
28169.25
28166.57
28162.54
28159.86
28155.84
28153.16
28150.47
28145.11
28141.08
28138.40
28134.38
28131.69
28127.67
28124.99
28120.96
28118.28
28115.60
28111.57
28108.89
28104.87
28102.19
28098.16
28095.48
28091.45
28086.09
28083.41
28080.72
28076.70
28074.02
28069.99
28067.31
28064.63
28060.60
28057.92
28053.90
28051.21
28047.19
28043.17
28040.48
28036.46
28033.78
28029.75
28025.73
28023.05
28020.36
28016.34
28013.66
28009.63
28005.61
28002.93
27998.90
27996.22
27992.20
27989.51
27986.83
27982.81
27980.12
27976.10
27972.08
27969.39
27965.37
27961.35
27958.66
27954.64
27951.96
27947.93
27945.25
27942.57
27938.54
27935.86
27933.18
27929.15
27925.13
27922.45
27918.42
27914.40
27910.38
27907.69
27905.01
27900.99
27898.30
27894.28
27891.60
27888.91
27884.89
27880.87
27878.18
27874.16
27871.48
27867.45
27864.77
27862.09
27856.72
27854.04
27851.36
27847.33
27844.65
27840.63
27836.60
27833.92
27829.90
27827.21
27824.53
27820.51
27817.82
27815.14
27811.12
27808.43
27804.41
27799.04
27796.36
27792.34
27789.66
27786.97
27782.95
27780.27
27777.58
27773.56
27770.88
27766.85
27764.17
27760.15
27757.46
27753.44
27750.76
27746.73
27742.71
27740.03
27736.00
27733.32
27730.64
27726.61
27722.59
27719.91
27715.88
27713.20
27710.52
27706.49
27703.81
27701.13
27697.10
27694.42
27690.40
27685.03
27682.35
27678.33
27675.64
27672.96
27668.94
27666.25
27663.57
27659.55
27656.86
27652.84
27650.16
27646.13
27643.45
27639.43
27636.74
27634.06
27628.70
27626.01
27623.33
27619.31
27616.62
27612.60
27608.58
27605.89
27603.21
27599.19
27596.50
27593.82
27589.80
27587.11
27583.09
27580.41
27576.38
27572.36
27568.34
27565.65
27562.97
27558.95
27556.26
27553.58
27549.56
27546.87
27542.85
27538.83
27536.14
27533.46
27529.44
27526.75
27524.07
27520.05
27517.37
27513.34
27509.32
27505.29
27502.61
27498.59
27495.90
27493.22
27489.20
27486.52
27483.83
27479.81
27477.13
27473.10
27469.08
27466.40
27463.71
27458.35
27455.66
27452.98
27448.96
27446.28
27443.59
27439.57
27435.54
27432.86
27430.18
27426.16
27423.47
27420.79
27416.77
27414.08
27411.40
27407.38
27403.35
27399.33
27395.30
27392.62
27389.94
27387.26
27383.23
27380.55
27377.87
27373.84
27369.82
27367.14
27363.11
27360.43
27357.75
27353.72
27351.04
27348.36
27342.99
27340.31
27336.29
27333.60
27329.58
27326.90
27324.21
27320.19
27317.51
27314.82
27310.80
27308.12
27304.09
27301.41
27297.39
27294.71
27292.02
27286.66
27283.97
27281.29
27277.27
27274.59
27270.56
27267.88
27263.85
27261.17
27258.49
27254.47
27251.78
27249.10
27245.08
27242.39
27238.37
27235.69
27231.66
27227.64
27224.96
27220.93
27218.25
27215.57
27211.54
27207.52
27204.84
27202.15
27198.13
27195.45
27192.76
27190.08
27186.06
27183.37
27179.35
27175.33
27171.30
27168.62
27165.94
27161.91
27159.23
27156.55
27152.52
27149.84
27145.82
27143.13
27139.11
27136.43
27133.75
27129.72
27127.04
27124.36
27120.33
27114.97
27112.28
27109.60
27106.92
27102.90
27100.21
27097.53
27093.51
27090.82
27086.80
27084.12
27080.09
27077.41
27074.73
27070.70
27068.02
27065.34
27061.31
27057.29
27053.27
27050.58
27047.90
27043.88
27041.19
27038.51
27035.83
27031.80
27027.78
27025.10
27021.07
27018.39
27015.71
27013.03
27009.00
27006.32
27002.30
26998.27
26994.25
26991.56
26988.88
26986.20
26982.18
26979.49
26976.81
26972.79
26968.76
26966.08
26963.40
26959.37
26956.69
26954.01
26951.32
26947.30
26944.62
26939.25
26936.57
26932.55
26929.86
26927.18
26924.50
26920.47
26917.79
26913.77
26911.08
26907.06
26904.38
26901.70
26899.01
26894.99
26892.31
26888.28
26884.26
26880.23
26877.55
26874.87
26872.19
26868.16
26865.48
26862.80
26858.77
26854.75
26852.07
26849.38
26846.70
26842.68
26839.99
26837.31
26833.29
26830.61
26825.24
26822.56
26819.87
26815.85
26813.17
26810.49
26807.80
26803.78
26799.75
26797.07
26794.39
26790.37
26787.68
26785.00
26782.32
26778.29
26774.27
26770.25
26767.56
26764.88
26760.86
26758.17
26755.49
26751.47
26748.78
26744.76
26742.08
26739.39
26735.37
26732.69
26730.01
26727.32
26723.30
26719.27
26716.59
26712.57
26709.89
26705.86
26703.18
26700.50
26696.47
26693.79
26689.77
26687.08
26684.40
26681.72
26677.69
26675.01
26672.33
26668.30
26664.28
26661.60
26658.92
26654.89
26652.21
26648.18
26645.50
26641.48
26638.80
26634.77
26632.09
26629.41
26626.72
26624.04
26620.02
26615.99
26613.31
26610.63
26606.60
26603.92
26601.24
26597.21
26593.19
26590.51
26586.48
26583.80
26581.12
26578.44
26574.41
26571.73
26569.05
26565.02
26561.00
26558.32
26555.63
26552.95
26550.27
26546.24
26542.22
26538.20
26535.51
26532.83
26528.81
26526.12
26523.44
26520.76
26516.73
26512.71
26510.03
26507.34
26504.66
26501.98
26497.96
26495.27
26491.25
26488.57
26484.54
26480.52
26477.84
26475.15
26472.47
26468.45
26465.76
26461.74
26459.06
26456.37
26453.69
26449.67
26446.99
26444.30
26440.28
26437.60
26433.57
26430.89
26426.87
26424.18
26420.16
26417.48
26413.45
26410.77
26408.09
26405.40
26401.38
26398.70
26396.01
26391.99
26389.31
26385.28
26382.60
26379.92
26377.24
26374.55
26369.19
26365.16
26362.48
26359.80
26357.12
26354.43
26350.41
26347.73
26343.70
26341.02
26338.34
26334.31
26331.63
26328.95
26326.27
26322.24
26319.56
26315.53
26311.51
26308.83
26306.15
26303.46
26299.44
26295.41
26292.73
26290.05
26287.37
26284.68
26280.66
26277.98
26273.95
26271.27
26268.59
26265.91
26261.88
26259.20
26255.18
26251.15
26248.47
26244.44
26241.76
26239.08
26236.40
26233.71
26229.69
26227.01
26222.98
26220.30
26217.62
26214.94
26212.25
26208.23
26204.20
26201.52
26197.50
26194.82
26192.13
26188.11
26185.43
26181.40
26178.72
26176.04
26173.35
26169.33
26166.65
26163.96
26159.94
26157.26
26154.58
26150.55
26147.87
26145.19
26141.16
26137.14
26134.46
26130.43
26127.75
26125.07
26122.38
26119.70
26115.68
26112.99
26108.97
26106.29
26103.60
26100.92
26098.24
26094.22
26090.19
26087.51
26083.48
26080.80
26078.12
26075.44
26071.41
26067.39
26064.71
26062.02
26059.34
26056.66
26053.98
26049.95
26045.93
26043.25
26040.56
26037.88
26035.20
26032.51
26028.49
26023.13
26020.44
26017.76
26015.08
26012.39
26009.71
26005.69
26001.66
25998.98
25996.30
25993.62
25990.93
25988.25
25984.23
25980.20
25977.52
25974.84
25972.15
25968.13
25964.11
25961.42
25957.40
25954.72
25952.03
25949.35
25946.67
25942.65
25939.96
25935.94
25933.26
25930.57
25927.89
25925.21
25921.18
25918.50
25914.48
25910.45
25907.77
25905.09
25902.41
25898.38
25895.70
25891.67
25888.99
25886.31
25883.63
25880.94
25876.92
25874.24
25871.55
25867.53
25864.85
25862.17
25859.48
25854.12
25851.43
25848.75
25846.07
25842.05
25839.36
25836.68
25832.66
25829.97
25827.29
25824.61
25821.93
25817.90
25815.22
25811.20
25808.51
25805.83
25803.15
25800.46
25795.10
25792.42
25788.39
25785.71
25783.03
25780.34
25777.66
25773.64
25770.96
25768.27
25764.25
25761.57
25758.88
25756.20
25752.18
25749.49
25746.81
25744.13
25740.10
25736.08
25733.40
25729.37
25726.69
25724.01
25721.33
25718.64
25714.62
25711.94
25707.91
25705.23
25702.55
25699.86
25697.18
25693.16
25690.48
25687.79
25685.11
25679.74
25677.06
25674.38
25670.36
25667.67
25664.99
25662.31
25659.62
25656.94
25652.92
25648.89
25646.21
25643.53
25640.85
25638.16
25634.14
25631.46
25628.77
25624.75
25622.07
25618.04
25615.36
25611.34
25608.65
25605.97
25603.29
25600.61
25597.92
25593.90
25591.22
25587.19
25584.51
25581.83
25579.15
25576.46
