IEC 61083-2 TDG Version 2.1.0
Data File Version  2.1.0
06 LI-A6
16 bits, 25995 samples at 10ns
1.000000e-008
0.0
0.0
0.0
0.0
0.0
0.0
0.0
0.0
0.0
0.0
0.0
0.0
0.0
0.0
0.0
0.0
0.0
0.0
0.0
0.0
0.0
0.0
0.0
0.0
0.0
0.0
0.0
0.0
0.0
0.0
0.0
0.0
0.0
0.0
0.0
0.0
0.0
0.0
0.0
0.0
0.0
0.0
0.0
0.0
0.0
0.0
0.0
0.0
0.0
0.0
0.0
0.0
0.0
0.0
0.0
0.0
0.0
0.0
0.0
0.0
0.0
0.0
0.0
0.0
0.0
0.0
0.0
0.0
0.0
0.0
0.0
0.0
0.0
0.0
0.0
0.0
0.0
0.0
0.0
0.0
0.0
0.0
0.0
0.0
0.0
0.0
0.0
0.0
0.0
0.0
0.0
0.0
0.0
0.0
0.0
0.0
0.0
0.0
0.0
0.0
0.0
0.0
0.0
0.0
0.0
0.0
0.0
0.0
0.0
0.0
0.0
0.0
0.0
0.0
0.0
0.0
0.0
0.0
0.0
0.0
0.0
0.0
0.0
0.0
0.0
0.0
0.0
0.0
0.0
0.0
0.0
0.0
0.0
0.0
0.0
0.0
0.0
0.0
0.0
0.0
0.0
0.0
0.0
0.0
0.0
0.0
0.0
0.0
0.0
0.0
0.0
0.0
0.0
0.0
0.0
0.0
0.0
0.0
0.0
0.0
0.0
0.0
0.0
0.0
0.0
0.0
0.0
0.0
0.0
0.0
0.0
0.0
0.0
0.0
0.0
0.0
0.0
0.0
0.0
0.0
0.0
0.0
0.0
0.0
0.0
0.0
0.0
0.0
0.0
0.0
0.0
0.0
0.0
0.0
0.0
0.0
0.0
0.0
0.0
0.0
0.0
0.0
0.0
0.0
0.0
0.0
0.0
0.0
0.0
0.0
0.0
0.0
0.0
0.0
0.0
0.0
0.0
0.0
0.0
0.0
0.0
0.0
0.0
0.0
0.0
0.0
0.0
0.0
0.0
0.0
0.0
0.0
0.0
0.0
0.0
0.0
0.0
0.0
0.0
0.0
0.0
0.0
0.0
0.0
0.0
0.0
0.0
0.0
0.0
0.0
0.0
0.0
0.0
0.0
0.0
0.0
0.0
0.0
0.0
0.0
0.0
0.0
0.0
0.0
0.0
0.0
0.0
0.0
0.0
0.0
0.0
0.0
0.0
0.0
0.0
0.0
0.0
0.0
0.0
0.0
0.0
0.0
0.0
0.0
0.0
0.0
0.0
0.0
0.0
0.0
0.0
0.0
0.0
0.0
0.0
0.0
0.0
0.0
0.0
0.0
0.0
0.0
0.0
0.0
0.0
0.0
0.0
0.0
0.0
0.0
0.0
0.0
0.0
0.0
0.0
0.0
0.0
0.0
0.0
0.0
0.0
0.0
0.0
0.0
0.0
0.0
0.0
0.0
0.0
0.0
0.0
0.0
0.0
0.0
0.0
0.0
0.0
0.0
0.0
0.0
0.0
0.0
0.0
0.0
0.0
0.0
0.0
0.0
0.0
0.0
0.0
0.0
0.0
0.0
0.0
0.0
0.0
0.0
0.0
0.0
0.0
0.0
0.0
0.0
0.0
0.0
0.0
0.0
0.0
0.0
0.0
0.0
0.0
0.0
0.0
0.0
0.0
0.0
0.0
0.0
0.0
0.0
0.0
0.0
0.0
0.0
0.0
0.0
0.0
0.0
0.0
0.0
0.0
0.0
0.0
0.0
0.0
0.0
0.0
0.0
0.0
0.0
0.0
0.0
0.0
0.0
0.0
0.0
0.0
0.0
0.0
0.0
0.0
0.0
0.0
0.0
0.0
0.0
0.0
0.0
0.0
0.0
0.0
0.0
0.0
0.0
0.0
0.0
0.0
0.0
0.0
0.0
0.0
0.0
0.0
0.0
0.0
0.0
0.0
0.0
0.0
0.0
0.0
0.0
0.0
0.0
0.0
0.0
0.0
0.0
0.0
0.0
0.0
0.0
0.0
0.0
0.0
0.0
0.0
0.0
0.0
0.0
0.0
0.0
0.0
0.0
0.0
0.0
0.0
0.0
0.0
0.0
0.0
0.0
0.0
0.0
0.0
0.0
0.0
0.0
0.0
0.0
0.0
0.0
0.0
0.0
0.0
0.0
0.0
0.0
0.0
0.0
0.0
0.0
0.0
0.0
0.0
0.0
0.0
0.0
0.0
0.0
0.0
0.0
0.0
0.0
0.0
0.0
0.0
0.0
0.0
0.0
0.0
0.0
0.0
0.0
0.0
0.0
0.0
0.0
0.0
0.0
0.0
0.0
0.0
0.0
0.0
0.0
0.0
0.0
0.0
0.0
0.0
0.0
0.0
0.0
0.0
0.0
0.0
0.0
0.0
0.0
0.0
0.0
0.0
0.0
0.0
0.0
0.0
0.0
0.0
0.0
0.0
0.0
0.0
0.0
0.0
0.0
0.0
0.0
0.0
0.0
0.0
0.0
0.0
0.0
0.0
0.0
0.0
0.0
0.0
0.0
0.0
0.0
0.0
0.0
0.0
0.0
0.0
0.0
0.0
0.0
0.0
0.0
0.0
0.0
0.0
0.0
0.0
0.0
0.0
0.0
0.0
0.0
0.0
0.0
0.0
0.0
0.0
0.0
0.0
0.0
0.0
0.0
0.0
0.0
0.0
0.0
0.0
0.0
0.0
0.0
0.0
0.0
0.0
0.0
0.0
0.0
0.0
0.0
0.0
0.0
0.0
0.0
0.0
0.0
0.0
0.0
0.0
0.0
0.0
0.0
0.0
0.0
0.0
0.0
0.0
0.0
0.0
0.0
0.0
0.0
0.0
0.0
0.0
0.0
0.0
0.0
0.0
0.0
0.0
0.0
0.0
0.0
0.0
0.0
0.0
0.0
0.0
0.0
0.0
0.0
0.0
0.0
0.0
0.0
0.0
0.0
0.0
0.0
0.0
0.0
0.0
0.0
0.0
0.0
0.0
0.0
0.0
0.0
0.0
0.0
0.0
0.0
0.0
0.0
0.0
0.0
0.0
0.0
0.0
0.0
0.0
0.0
0.0
0.0
0.0
0.0
0.0
0.0
0.0
0.0
0.0
0.0
0.0
0.0
0.0
0.0
0.0
0.0
0.0
0.0
0.0
0.0
0.0
0.0
0.0
0.0
0.0
0.0
0.0
0.0
0.0
0.0
0.0
0.0
0.0
0.0
0.0
0.0
0.0
0.0
0.0
0.0
0.0
0.0
0.0
0.0
0.0
0.0
0.0
0.0
0.0
0.0
0.0
0.0
0.0
0.0
0.0
0.0
0.0
0.0
0.0
0.0
0.0
0.0
0.0
0.0
0.0
0.0
0.0
0.0
0.0
0.0
0.0
0.0
0.0
0.0
0.0
0.0
0.0
0.0
0.0
0.0
0.0
0.0
0.0
0.0
0.0
0.0
0.0
0.0
0.0
0.0
0.0
0.0
0.0
0.0
0.0
0.0
0.0
0.0
0.0
0.0
0.0
0.0
0.0
0.0
0.0
0.0
0.0
0.0
0.0
0.0
0.0
0.0
0.0
0.0
0.0
0.0
0.0
0.0
0.0
0.0
0.0
0.0
0.0
0.0
0.0
0.0
0.0
0.0
0.0
0.0
0.0
0.0
0.0
0.0
0.0
0.0
0.0
0.0
0.0
0.0
0.0
0.0
0.0
0.0
0.0
0.0
0.0
0.0
0.0
0.0
0.0
0.0
0.0
0.0
0.0
0.0
0.0
0.0
0.0
0.0
0.0
0.0
0.0
0.0
0.0
0.0
0.0
0.0
0.0
0.0
0.0
0.0
0.0
0.0
0.0
0.0
0.0
0.0
0.0
0.0
0.0
0.0
0.0
0.0
0.0
0.0
0.0
0.0
0.0
0.0
0.0
0.0
0.0
0.0
0.0
0.0
0.0
0.0
0.0
0.0
0.0
0.0
0.0
0.0
0.0
0.0
0.0
0.0
0.0
0.0
0.0
0.0
0.0
0.0
0.0
0.0
0.0
0.0
0.0
0.0
0.0
0.0
0.0
0.0
0.0
0.0
0.0
0.0
0.0
0.0
0.0
0.0
0.0
0.0
0.0
0.0
0.0
0.0
0.0
0.0
0.0
0.0
0.0
0.0
0.0
0.0
0.0
0.0
0.0
0.0
0.0
0.0
0.0
0.0
0.0
0.0
0.0
0.0
0.0
0.0
0.0
0.0
0.0
0.0
0.0
0.0
0.0
0.0
0.0
0.0
0.0
0.0
0.0
0.0
0.0
0.0
0.0
0.0
0.0
0.0
0.0
0.0
0.0
0.0
0.0
0.0
0.0
0.0
0.0
0.0
0.0
0.0
0.0
0.0
0.0
0.0
0.0
0.0
0.0
0.0
0.0
0.0
0.0
0.0
0.0
0.0
0.0
7.8
34.2
74.7
132.2
206.9
295.5
402.8
524.2
661.0
811.9
979.9
1158.7
1354.7
1566.2
1788.7
2026.6
2277.0
2541.4
2819.9
3110.7
3414.0
3729.7
4057.9
4397.0
4751.6
5114.0
5488.8
5874.6
6271.2
6681.8
7100.2
7527.9
7968.1
8417.6
8876.4
9344.6
9822.0
10308.9
10805.0
11309.0
11822.2
12344.8
12873.6
13410.2
13954.6
14506.8
15066.7
15632.8
16206.8
16788.5
17374.8
17967.4
18566.2
19171.3
19782.5
20398.4
21020.6
21645.8
22275.8
22913.4
23554.3
24198.2
24848.3
25501.6
26159.5
26820.5
27484.6
28151.9
28822.2
29495.7
30172.3
30852.0
31533.2
32216.0
32901.9
33590.9
34278.4
34970.5
35662.7
36357.9
37051.6
37746.8
38443.6
39142.0
39840.3
40537.1
41237.1
41935.4
42633.8
43333.7
44030.5
44728.8
45425.6
46122.4
46817.7
47509.8
48205.0
48897.2
49587.7
50276.8
50965.8
51650.1
52332.9
53014.2
53695.4
54373.6
55048.6
55720.5
56390.8
57058.1
57722.2
58384.8
59044.3
59700.6
60353.9
61004.0
61647.9
62291.9
62931.1
63567.2
64200.3
64827.1
65452.3
66072.9
66687.3
67301.6
67909.8
68513.3
69112.1
69707.8
70298.8
70883.6
71465.3
72043.9
72616.3
73182.4
73745.5
74303.8
74854.4
75403.5
75946.3
76482.9
77016.4
77543.6
78066.2
78581.1
79092.8
79599.8
80099.1
80595.2
81083.6
81567.3
82047.9
82520.8
82987.4
83449.3
83906.6
84354.5
84800.9
85239.5
85671.9
86099.6
86521.1
86936.4
87345.5
87749.9
88148.0
88540.0
88927.3
89308.3
89683.2
90051.8
90414.2
90770.3
91120.3
91465.6
91806.2
92140.6
92465.7
92786.1
93101.8
93412.9
93714.6
94013.3
94305.7
94590.3
94871.8
95145.6
95413.1
95675.9
95934.1
96183.0
96428.7
96668.2
96901.5
97130.2
97352.6
97567.2
97778.8
97985.6
98184.7
98379.1
98565.8
98749.3
98928.2
99099.3
99265.7
99425.9
99583.0
99732.3
99876.9
100018.5
100149.1
100278.2
100408.9
100519.3
100640.6
100749.5
100849.0
100948.6
101040.3
101129.0
101208.3
101289.2
101370.1
101440.1
101500.7
101558.3
101618.9
101668.7
101709.1
101748.0
101790.0
101818.0
101849.1
101878.7
101900.4
101909.8
101919.1
101930.0
101930.0
101930.0
101930.0
101919.1
101900.4
101888.0
101869.3
101839.8
101808.7
101779.1
101738.7
101699.8
101659.4
101618.9
101569.2
101510.1
101458.7
101399.6
101329.6
101269.0
101199.0
101119.7
101049.7
100970.3
100889.5
100799.3
100719.9
100628.2
100528.6
100440.0
100338.9
100239.3
100128.9
100029.4
99918.9
99806.9
99693.4
99578.3
99460.1
99340.3
99217.5
99093.0
98967.1
98838.0
98707.3
98575.1
98439.8
98304.5
98166.0
98027.6
97886.1
97743.0
97599.9
97452.1
97304.4
97156.6
97005.8
96853.3
96699.4
96545.4
96389.8
96231.2
96074.1
95913.9
95755.3
95593.5
95431.7
95268.4
95103.6
94940.2
94772.3
94607.4
94439.4
94271.4
94101.9
93933.9
93762.8
93591.8
93420.7
93249.6
93078.5
92905.8
92731.6
92562.1
92386.4
92215.3
92039.5
91866.9
91694.2
91518.5
91345.8
91171.6
90995.9
90823.2
90647.5
90476.4
90300.6
90126.4
89955.3
89781.1
89606.9
89435.9
89263.2
89092.1
88919.5
88746.8
88577.3
88406.2
88236.7
88067.1
87899.2
87729.6
87563.2
87395.2
87228.8
87062.4
86897.5
86732.7
86569.3
86406.0
86244.3
86081.0
85922.3
85763.7
85603.5
85444.8
85286.2
85130.6
84976.7
84821.1
84668.7
84516.3
84363.9
84213.0
84063.7
83915.9
83769.7
83620.4
83475.7
83332.7
83189.6
83048.0
82906.5
82765.0
82628.1
82491.2
82354.3
82220.6
82085.3
81953.1
81822.4
81691.8
81562.7
81435.1
81309.1
81186.3
81061.8
80939.0
80817.7
80697.9
80578.1
80463.0
80346.4
80231.3
80119.3
80007.3
79895.3
79788.0
79679.1
79571.8
79467.6
79363.4
79262.3
79159.6
79060.1
78962.1
78865.7
78769.3
78675.9
78582.6
78490.8
78402.2
78312.0
78224.9
78139.3
78053.8
77971.4
77888.9
77809.6
77730.3
77651.0
77574.7
77500.1
77427.0
77353.9
77283.9
77213.9
77145.5
77078.6
77013.3
76947.9
76884.2
76822.0
76762.8
76703.7
76644.6
76587.1
76534.2
76479.8
76426.9
76375.6
76324.2
76276.0
76227.8
76181.1
76137.6
76092.5
76048.9
76008.5
75966.5
75926.1
75888.7
75851.4
75817.2
75781.4
75748.8
75716.1
75685.0
75655.4
75625.9
75597.9
75571.4
75545.0
75520.1
75496.8
75476.6
75453.2
75433.0
75414.4
75394.1
75377.0
75361.5
75345.9
75330.4
75316.4
75305.5
75293.0
75282.2
75274.4
75263.5
75255.7
75247.9
75241.7
75237.0
75232.4
75229.3
75226.2
75224.6
75223.0
75223.0
75223.0
75223.0
75226.2
75227.7
75230.8
75235.5
75240.2
75244.8
75251.0
75257.3
75265.0
75274.4
75282.2
75293.0
75302.4
75311.7
75324.1
75336.6
75349.0
75361.5
75373.9
75387.9
75403.5
75419.0
75433.0
75450.1
75465.7
75484.3
75501.5
75518.6
75537.2
75555.9
75574.6
75594.8
75615.0
75635.2
75655.4
75677.2
75699.0
75720.8
75744.1
75765.9
75789.2
75812.5
75835.9
75859.2
75884.1
75907.4
75930.7
75957.2
75982.1
76008.5
76031.8
76058.3
76084.7
76109.6
76137.6
76162.5
76188.9
76215.4
76241.8
76269.8
76296.2
76322.7
76352.2
76377.1
76406.7
76433.1
76461.1
76489.1
76515.5
76545.1
76571.5
76599.5
76627.5
76654.0
76683.5
76711.5
76739.5
76766.0
76794.0
76822.0
76849.9
76877.9
76904.4
76933.9
76960.4
76986.8
77014.8
77041.3
77069.3
77095.7
77122.1
77150.1
77176.6
77204.6
77229.5
77255.9
77283.9
77308.8
77335.2
77360.1
77385.0
77411.4
77436.3
77462.8
77486.1
77511.0
77537.4
77560.7
77584.1
77609.0
77632.3
77654.1
77679.0
77700.7
77724.1
77747.4
77769.2
77790.9
77814.3
77834.5
77854.7
77878.0
77898.3
77918.5
77940.2
77958.9
77979.1
77999.4
78018.0
78036.7
78055.3
78074.0
78092.7
78109.8
78128.4
78145.6
78162.7
78178.2
78195.3
78210.9
78226.4
78242.0
78259.1
78273.1
78288.6
78302.6
78315.1
78330.6
78343.1
78355.5
78369.5
78380.4
78394.4
78406.9
78417.7
78428.6
78439.5
78448.8
78461.3
78470.6
78480.0
78489.3
78498.6
78506.4
78514.2
78523.5
78531.3
78539.1
78546.8
78553.1
78559.3
78565.5
78570.2
78576.4
78581.1
78585.7
78593.5
78596.6
78601.3
78604.4
78607.5
78612.2
78613.7
78616.8
78618.4
78619.9
78621.5
78623.0
78624.6
78624.6
78624.6
78624.6
78624.6
78624.6
78624.6
78623.0
78621.5
78619.9
78618.4
78616.8
78613.7
78612.2
78609.1
78605.9
78601.3
78598.2
78593.5
78590.4
78584.2
78579.5
78574.8
78568.6
78563.9
78557.7
78553.1
78545.3
78539.1
78532.8
78526.6
78517.3
78509.5
78501.7
78494.0
78486.2
78478.4
78469.1
78461.3
78450.4
78441.1
78431.7
78422.4
78413.1
78402.2
78392.9
78380.4
78371.1
78360.2
78347.8
78338.4
78327.5
78313.5
78302.6
78290.2
78277.8
78265.3
78252.9
78240.4
78226.4
78214.0
78200.0
78186.0
78173.6
78159.6
78147.1
78133.1
78117.6
78103.6
78089.6
78074.0
78060.0
78044.5
78030.5
78014.9
77999.4
77983.8
77968.2
77952.7
77937.1
77920.0
77904.5
77888.9
77873.4
77856.3
77839.2
77823.6
77808.0
77790.9
77773.8
77756.7
77741.2
77722.5
77705.4
77689.8
77672.7
77654.1
77637.0
77619.8
77602.7
77584.1
77567.0
77549.9
77532.7
77514.1
77495.4
77478.3
77461.2
77442.5
77425.4
77408.3
77388.1
77369.4
77352.3
77335.2
77315.0
77297.9
77279.2
77262.1
77243.5
77224.8
77206.1
77187.5
77168.8
77151.7
77134.6
77114.4
77095.7
77077.0
77058.4
77041.3
77022.6
77005.5
76985.3
76966.6
76949.5
76930.8
76912.2
76893.5
76876.4
76856.2
76839.1
76820.4
76803.3
76783.1
76766.0
76747.3
76728.6
76711.5
76692.9
76675.7
76657.1
76638.4
76621.3
76604.2
76584.0
76566.9
76549.8
76532.7
76514.0
76496.9
76478.2
76461.1
76442.4
76426.9
76408.2
76391.1
76374.0
76356.9
76339.8
76321.1
76305.6
76288.5
76271.4
76254.2
76237.1
76220.0
76204.5
76185.8
76168.7
76153.1
76137.6
76118.9
76103.4
76087.8
76072.3
76053.6
76038.1
76022.5
76006.9
75989.8
75974.3
75958.7
75943.2
75926.1
75910.5
75896.5
75881.0
75863.9
75848.3
75834.3
75820.3
75804.8
75789.2
75773.6
75759.6
75744.1
75728.5
75714.5
75700.5
75685.0
75672.5
75655.4
75641.4
75629.0
75615.0
75599.4
75585.4
75571.4
75559.0
75545.0
75529.5
75515.5
75503.0
75489.0
75476.6
75462.6
75448.6
75436.1
75423.7
75411.2
75397.2
75383.3
75370.8
75358.4
75345.9
75331.9
75319.5
75308.6
75294.6
75283.7
75271.3
75258.8
75246.4
75233.9
75223.0
75210.6
75198.2
75187.3
75174.8
75163.9
75153.1
75140.6
75128.2
75117.3
75106.4
75095.5
75084.6
75073.7
75061.3
75050.4
75039.5
75028.6
75019.3
75008.4
74996.0
74985.1
74975.7
74964.9
74954.0
74944.6
74933.8
74922.9
74913.5
74902.6
74893.3
74884.0
74874.7
74862.2
74852.9
74843.5
74832.7
74824.9
74814.0
74803.1
74795.3
74784.4
74776.7
74767.3
74758.0
74748.7
74739.3
74728.4
74719.1
74711.3
74702.0
74694.2
74684.9
74675.6
74666.2
74656.9
74647.6
74639.8
74632.0
74622.7
74613.4
74605.6
74596.2
74588.5
74579.1
74571.4
74562.0
74554.2
74546.5
74537.1
74529.4
74521.6
74512.3
74504.5
74496.7
74488.9
74481.1
74473.4
74464.0
74454.7
74446.9
74439.2
74432.9
74425.2
74417.4
74409.6
74400.3
74392.5
74383.2
74375.4
74369.2
74361.4
74353.6
74345.8
74338.1
74330.3
74322.5
74314.7
74306.9
74300.7
74292.9
74285.2
74277.4
74268.1
74261.8
74254.1
74246.3
74238.5
74232.3
74224.5
74218.3
74210.5
74201.2
74193.4
74187.2
74179.4
74171.6
74165.4
74157.6
74151.4
74143.6
74134.3
74128.1
74120.3
74112.5
74106.3
74098.5
74092.3
74084.5
74076.8
74069.0
74061.2
74053.4
74047.2
74039.4
74031.6
74025.4
74017.7
74011.4
74002.1
73994.3
73988.1
73980.3
73972.5
73966.3
73958.5
73952.3
73944.5
73935.2
73929.0
73921.2
73913.4
73905.7
73899.4
73893.2
73885.4
73877.7
73868.3
73862.1
73854.3
73846.6
73838.8
73832.6
73824.8
73817.0
73809.2
73801.5
73793.7
73787.5
73779.7
73771.9
73764.1
73756.4
73750.1
73742.4
73733.0
73725.2
73717.5
73709.7
73703.5
73695.7
73687.9
73680.1
73670.8
73663.0
73655.3
73647.5
73641.3
73633.5
73625.7
73617.9
73610.1
73600.8
73593.0
73585.3
73577.5
73569.7
73561.9
73554.2
73546.4
73537.0
73529.3
73521.5
73513.7
73505.9
73498.2
73490.4
73482.6
73471.7
73463.9
73456.2
73448.4
73440.6
73432.8
73425.1
73417.3
73408.0
73400.2
73390.8
73383.1
73375.3
73367.5
73358.2
73350.4
73341.1
73333.3
73325.5
73316.2
73308.4
73299.1
73291.3
73283.5
73274.2
73266.4
73257.1
73249.3
73240.0
73232.2
73224.4
73215.1
73205.8
73196.4
73188.6
73180.9
73171.5
73162.2
73154.4
73146.7
73135.8
73126.4
73118.7
73110.9
73101.5
73092.2
73084.4
73075.1
73065.8
73056.4
73048.7
73039.3
73030.0
73022.2
73014.4
73003.6
72994.2
72986.5
72977.1
72967.8
72960.0
72950.7
72939.8
72932.0
72922.7
72914.9
72905.6
72896.2
72886.9
72876.0
72868.2
72858.9
72849.6
72841.8
72832.5
72823.1
72813.8
72802.9
72795.1
72785.8
72776.5
72767.1
72759.4
72750.0
72739.2
72729.8
72720.5
72712.7
72703.4
72694.0
72684.7
72673.8
72664.5
72656.7
72647.4
72638.1
72628.7
72619.4
72608.5
72599.2
72589.8
72580.5
72572.7
72561.8
72554.1
72543.2
72533.8
72524.5
72515.2
72505.8
72496.5
72487.2
72476.3
72467.0
72457.6
72449.9
72439.0
72431.2
72421.9
72411.0
72401.6
72392.3
72383.0
72373.6
72364.3
72355.0
72344.1
72334.8
72325.4
72316.1
72306.8
72297.4
72288.1
72277.2
72267.9
72258.5
72249.2
72239.9
72230.6
72221.2
72210.3
72201.0
72191.7
72182.3
72173.0
72163.7
72154.3
72143.5
72134.1
72124.8
72115.5
72106.1
72096.8
72087.5
72076.6
72067.2
72057.9
72048.6
72039.2
72029.9
72020.6
72009.7
72000.4
71991.0
71981.7
71972.4
71963.0
71953.7
71942.8
71933.5
71924.1
71914.8
71905.5
71896.2
71886.8
71875.9
71866.6
71857.3
71847.9
71838.6
71829.3
71819.9
71809.1
71799.7
71790.4
71781.1
71771.7
71762.4
71753.1
71742.2
71732.8
71723.5
71714.2
71704.8
71695.5
71686.2
71675.3
71667.5
71658.2
71648.8
71639.5
71630.2
71620.9
71610.0
71600.6
71591.3
71582.0
71572.6
71563.3
71554.0
71543.1
71535.3
71524.4
71516.6
71505.8
71498.0
71488.6
71477.8
71468.4
71459.1
71449.8
71442.0
71431.1
71423.3
71410.9
71403.1
71393.8
71384.4
71375.1
71367.3
71356.4
71347.1
71337.8
71328.4
71319.1
71309.8
71300.5
71291.1
71281.8
71272.5
71263.1
71253.8
71246.0
71235.1
71227.3
71216.5
71207.1
71197.8
71188.5
71180.7
71169.8
71162.0
71152.7
71143.4
71132.5
71124.7
71115.4
71106.0
71098.3
71087.4
71078.0
71068.7
71059.4
71051.6
71042.3
71032.9
71023.6
71014.3
71004.9
70995.6
70987.8
70976.9
70969.2
70959.8
70948.9
70941.2
70931.8
70922.5
70914.7
70903.8
70896.1
70885.2
70877.4
70868.1
70858.7
70851.0
70841.6
70832.3
70824.5
70813.6
70804.3
70796.5
70787.2
70777.9
70770.1
70759.2
70749.9
70740.5
70731.2
70723.4
70714.1
70706.3
70697.0
70686.1
70678.3
70669.0
70659.6
70651.9
70644.1
70634.8
70625.4
70616.1
70606.8
70597.4
70589.7
70580.3
70571.0
70563.2
70552.3
70543.0
70535.2
70525.9
70516.6
70508.8
70501.0
70491.7
70480.8
70473.0
70463.7
70455.9
70446.6
70437.2
70429.5
70420.1
70410.8
70401.5
70393.7
70384.3
70375.0
70367.2
70357.9
70348.6
70339.2
70331.5
70322.1
70312.8
70305.0
70297.2
70286.4
70277.0
70269.3
70259.9
70250.6
70242.8
70235.0
70225.7
70214.8
70207.0
70199.3
70189.9
70182.2
70172.8
70163.5
70154.2
70146.4
70137.0
70127.7
70119.9
70112.2
70102.8
70093.5
70084.2
70076.4
70067.1
70057.7
70049.9
70042.2
70032.8
70022.0
70014.2
70006.4
69997.1
69987.7
69980.0
69972.2
69962.8
69952.0
69944.2
69936.4
69927.1
69917.7
69910.0
69902.2
69892.9
69882.0
69874.2
69866.4
69857.1
69847.8
69840.0
69832.2
69821.3
69812.0
69804.2
69796.4
69787.1
69779.3
69770.0
69762.2
69751.3
69743.5
69734.2
69726.4
69718.7
69709.3
69700.0
69692.2
69682.9
69673.6
69665.8
69656.4
69648.7
69639.3
69631.6
69622.2
69612.9
69603.6
69595.8
69588.0
69578.7
69570.9
69561.6
69552.2
69544.5
69535.1
69525.8
69518.0
69510.2
69500.9
69493.1
69482.2
69474.5
69465.1
69457.4
69448.0
69440.2
69432.5
69421.6
69412.3
69404.5
69396.7
69387.4
69379.6
69370.3
69362.5
69353.2
69343.8
69334.5
69326.7
69318.9
69309.6
69301.8
69290.9
69283.2
69275.4
69266.1
69256.7
69248.9
69241.2
69231.8
69222.5
69213.2
69205.4
69197.6
69188.3
69179.0
69171.2
69163.4
69152.5
69144.7
69135.4
69127.6
69119.8
69110.5
69101.2
69091.9
69084.1
69074.7
69067.0
69057.6
69049.9
69042.1
69032.7
69021.9
69014.1
69006.3
68997.0
68989.2
68979.9
68972.1
68964.3
68953.4
68944.1
68936.3
68928.5
68919.2
68911.4
68902.1
68892.8
68885.0
68875.7
68866.3
68858.5
68850.8
68841.4
68833.7
68822.8
68815.0
68807.2
68797.9
68788.6
68780.8
68773.0
68763.7
68754.3
68745.0
68737.2
68729.5
68720.1
68712.3
68703.0
68693.7
68684.3
68676.6
68668.8
68659.5
68651.7
68642.4
68634.6
68625.2
68615.9
68608.1
68598.8
68591.0
68583.3
68573.9
68564.6
68555.3
68547.5
68538.1
68530.4
68521.0
68513.3
68505.5
68494.6
68485.3
68477.5
68469.7
68460.4
68452.6
68443.3
68435.5
68426.2
68416.8
68409.1
68399.7
68391.9
68384.2
68374.8
68365.5
68356.2
68348.4
68339.1
68331.3
68322.0
68314.2
68306.4
68295.5
68287.7
68278.4
68270.6
68262.8
68253.5
68244.2
68236.4
68227.1
68219.3
68210.0
68200.6
68192.9
68185.1
68175.7
68168.0
68157.1
68149.3
68141.5
68132.2
68124.4
68115.1
68107.3
68099.5
68088.6
68080.9
68071.5
68063.8
68056.0
68046.7
68037.3
68028.0
68020.2
68012.4
68003.1
67993.8
67986.0
67978.2
67970.4
67959.6
67950.2
67942.4
67934.7
67925.3
67917.6
67908.2
67900.5
67891.1
67881.8
67874.0
67864.7
67856.9
67849.1
67839.8
67830.5
67821.1
67813.4
67805.6
67796.2
67788.5
67779.1
67771.4
67762.0
67754.2
67744.9
67735.6
67727.8
67720.0
67712.3
67702.9
67692.0
67684.3
67676.5
67668.7
67659.4
67651.6
67642.3
67634.5
67625.2
67615.8
67608.0
67598.7
67590.9
67583.2
67573.8
67564.5
67555.2
67547.4
67539.6
67531.8
67522.5
67513.2
67505.4
67496.1
67488.3
67479.0
67471.2
67461.8
67454.1
67446.3
67438.5
67427.6
67418.3
67410.5
67402.7
67395.0
67385.6
67377.9
67368.5
67359.2
67351.4
67343.6
67334.3
67326.5
67317.2
67309.4
67301.6
67290.8
67283.0
67273.6
67265.9
67258.1
67250.3
67241.0
67231.6
67222.3
67214.5
67206.8
67199.0
67189.7
67181.9
67172.5
67163.2
67155.4
67147.7
67138.3
67130.6
67121.2
67113.4
67105.7
67094.8
67087.0
67079.2
67069.9
67062.1
67052.8
67045.0
67037.2
67027.9
67018.6
67010.8
67001.5
66993.7
66985.9
66978.1
66967.2
66959.5
66950.1
66942.4
66934.6
66926.8
66917.5
66909.7
66898.8
66891.0
66883.3
66875.5
66867.7
66858.4
66850.6
66841.3
66831.9
66824.1
66816.4
66807.0
66799.3
66791.5
66782.2
66774.4
66765.0
66757.3
66747.9
66740.2
66730.8
66723.0
66715.3
66707.5
66698.2
66688.8
66681.1
66671.7
66663.9
66656.2
66648.4
66640.6
66629.7
66622.0
66612.6
66604.8
66597.1
66589.3
66581.5
66572.2
66562.8
66553.5
66545.7
66538.0
66528.6
66520.9
66513.1
66505.3
66494.4
66486.6
66478.9
66469.5
66461.8
66454.0
66446.2
66438.4
66427.5
66419.8
66410.4
66402.6
66394.9
66387.1
66379.3
66368.4
66360.7
66352.9
66343.5
66335.8
66328.0
66320.2
66312.4
66301.5
66293.8
66286.0
66276.7
66268.9
66261.1
66253.3
66245.6
66234.7
66226.9
66219.1
66209.8
66202.0
66194.2
66184.9
66177.1
66167.8
66160.0
66152.2
66142.9
66135.1
66127.3
66118.0
66110.2
66100.9
66093.1
66085.4
66077.6
66068.2
66060.5
66052.7
66043.4
66034.0
66026.3
66018.5
66010.7
66001.4
65993.6
65985.8
65976.5
65967.1
65959.4
65951.6
65943.8
65936.0
65926.7
65918.9
65911.2
65901.8
65892.5
65884.7
65876.9
65867.6
65859.8
65852.1
65844.3
65834.9
65827.2
65817.8
65810.1
65802.3
65792.9
65785.2
65777.4
65768.1
65760.3
65752.5
65744.7
65735.4
65727.6
65719.8
65710.5
65701.2
65693.4
65685.6
65677.9
65670.1
65660.7
65653.0
65645.2
65635.9
65626.5
65618.7
65611.0
65603.2
65593.9
65586.1
65578.3
65569.0
65561.2
65553.4
65545.6
65536.3
65528.5
65520.8
65511.4
65502.1
65494.3
65486.5
65478.8
65471.0
65463.2
65455.4
65446.1
65436.8
65429.0
65419.7
65411.9
65404.1
65396.3
65387.0
65379.2
65369.9
65362.1
65354.3
65346.6
65338.8
65331.0
65321.7
65313.9
65304.6
65296.8
65287.5
65279.7
65271.9
65264.1
65256.4
65248.6
65239.2
65229.9
65222.1
65214.4
65206.6
65198.8
65191.0
65181.7
65172.4
65164.6
65156.8
65147.5
65139.7
65131.9
65124.1
65116.4
65107.0
65099.3
65091.5
65083.7
65074.4
65066.6
65058.8
65051.0
65040.2
65032.4
65024.6
65016.8
65009.1
64999.7
64991.9
64984.2
64974.8
64967.1
64959.3
64951.5
64943.7
64936.0
64928.2
64918.8
64911.1
64901.7
64894.0
64886.2
64876.8
64869.1
64861.3
64853.5
64845.7
64834.9
64827.1
64819.3
64811.5
64803.7
64796.0
64788.2
64780.4
64771.1
64763.3
64754.0
64746.2
64738.4
64730.6
64722.9
64715.1
64704.2
64696.4
64688.6
64680.9
64673.1
64665.3
64656.0
64648.2
64638.9
64631.1
64623.3
64615.5
64607.8
64600.0
64592.2
64584.4
64575.1
64567.3
64558.0
64550.2
64542.4
64534.7
64526.9
64519.1
64508.2
64500.5
64492.7
64484.9
64477.1
64469.3
64461.6
64452.2
64442.9
64435.1
64427.4
64419.6
64411.8
64404.0
64396.2
64388.5
64380.7
64371.4
64362.0
64354.2
64346.5
64338.7
64330.9
64323.1
64315.4
64306.0
64298.3
64290.5
64282.7
64273.4
64265.6
64257.8
64250.0
64240.7
64232.9
64225.2
64217.4
64208.0
64200.3
64192.5
64184.7
64175.4
64167.6
64159.8
64152.1
64144.3
64134.9
64127.2
64119.4
64110.1
64102.3
64094.5
64086.7
64079.0
64071.2
64063.4
64054.1
64044.7
64037.0
64029.2
64021.4
64013.6
64005.8
63998.1
63990.3
63982.5
63973.2
63965.4
63957.6
63949.9
63942.1
63934.3
63925.0
63917.2
63907.9
63900.1
63892.3
63884.5
63876.8
63869.0
63861.2
63853.4
63844.1
63836.3
63828.5
63820.8
63813.0
63805.2
63795.9
63788.1
63778.8
63771.0
63763.2
63755.4
63747.7
63739.9
63732.1
63724.3
63716.6
63707.2
63699.4
63691.7
63683.9
63676.1
63666.8
63659.0
63651.2
63641.9
63634.1
63626.3
63618.6
63610.8
63603.0
63595.2
63587.5
63578.1
63570.4
63562.6
63554.8
63547.0
63537.7
63529.9
63522.1
63512.8
63505.0
63497.2
63489.5
63481.7
63473.9
63466.1
63458.4
63450.6
63441.3
63433.5
63425.7
63417.9
63410.1
63402.4
63394.6
63386.8
63377.5
63369.7
63361.9
63354.2
63346.4
63338.6
63330.8
63323.1
63313.7
63305.9
63298.2
63290.4
63282.6
63274.8
63267.1
63259.3
63251.5
63242.2
63234.4
63226.6
63218.8
63211.1
63203.3
63194.0
63186.2
63176.8
63169.1
63161.3
63153.5
63145.7
63138.0
63130.2
63122.4
63113.1
63105.3
63097.5
63089.7
63082.0
63074.2
63066.4
63058.6
63049.3
63041.5
63033.8
63026.0
63018.2
63010.4
63004.2
62996.4
62988.6
62979.3
62970.0
62962.2
62954.4
62946.7
62938.9
62931.1
62923.3
62914.0
62906.2
62898.4
62890.7
62882.9
62875.1
62867.3
62859.6
62850.2
62842.4
62834.7
62828.4
62820.7
62812.9
62805.1
62797.3
62789.6
62780.2
62772.5
62764.7
62755.3
62747.6
62739.8
62732.0
62724.2
62714.9
62708.7
62700.9
62693.1
62685.4
62677.6
62669.8
62662.0
62654.2
62644.9
62637.1
62629.4
62621.6
62613.8
62606.0
62598.3
62590.5
62581.1
62573.4
62565.6
62557.8
62550.0
62542.3
62534.5
62528.3
62520.5
62511.2
62503.4
62495.6
62487.8
62480.0
62472.3
62464.5
62455.2
62447.4
62439.6
62431.8
62424.1
62416.3
62408.5
62400.7
62392.9
62383.6
62377.4
62368.1
62360.3
62352.5
62344.7
62337.0
62329.2
62321.4
62312.1
62305.8
62298.1
62290.3
62282.5
62274.7
62267.0
62259.2
62249.9
62242.1
62234.3
62226.5
62218.8
62211.0
62203.2
62195.4
62189.2
62179.9
62172.1
62164.3
62156.5
62148.8
62141.0
62133.2
62125.4
62116.1
62108.3
62100.5
62092.8
62086.5
62078.8
62071.0
62063.2
62055.4
62046.1
62038.3
62030.6
62022.8
62015.0
62007.2
61999.4
61991.7
61983.9
61976.1
61968.3
61960.6
61952.8
61945.0
61937.2
61929.5
61920.1
61912.3
61904.6
61896.8
61890.6
61882.8
61875.0
61867.2
61859.5
61850.1
61842.4
61834.6
61826.8
61819.0
61811.2
61805.0
61797.2
61787.9
61780.1
61772.4
61764.6
61756.8
61749.0
61741.3
61733.5
61727.3
61717.9
61710.1
61702.4
61694.6
61686.8
61679.0
61671.3
61663.5
61654.2
61647.9
61640.2
61632.4
61624.6
61616.8
61609.1
61601.3
61593.5
61584.2
61577.9
61570.2
61562.4
61554.6
61546.8
61539.1
61531.3
61522.0
61514.2
61508.0
61500.2
61492.4
61484.6
61476.8
61469.1
61461.3
61452.0
61444.2
61438.0
61430.2
61422.4
61414.6
61406.9
61399.1
61391.3
61382.0
61375.7
61368.0
61360.2
61352.4
61346.2
61338.4
61329.1
61319.8
61313.5
61305.8
61298.0
61290.2
61284.0
61276.2
61268.4
61260.7
61251.3
61243.5
61235.8
61228.0
61221.8
61214.0
61206.2
61198.4
61189.1
61181.3
61173.6
61165.8
61159.6
61151.8
61144.0
61136.2
61128.4
61119.1
61111.3
61105.1
61097.3
61089.6
61081.8
61074.0
61066.2
61056.9
61050.7
61042.9
61035.1
61027.4
61019.6
61011.8
61004.0
60997.8
60988.5
60980.7
60972.9
60966.7
60958.9
60951.1
60943.4
60935.6
60927.8
60920.0
60912.3
60904.5
60896.7
60888.9
60881.1
60873.4
60867.1
60857.8
60850.0
60842.3
60834.5
60826.7
60820.5
60812.7
60804.9
60797.2
60787.8
60780.0
60772.3
60766.1
60758.3
60750.5
60744.3
60736.5
60728.7
60719.4
60711.6
60703.8
60697.6
60689.8
60682.1
60674.3
60666.5
60657.2
60651.0
60643.2
60635.4
60627.6
60619.8
60612.1
60605.9
60598.1
60588.7
60581.0
60573.2
60565.4
60559.2
60551.4
60543.6
60537.4
60529.6
60520.3
60512.5
60504.8
60498.5
60490.8
60483.0
60475.2
60467.4
60458.1
60451.9
60444.1
60436.3
60428.5
60420.8
60414.5
60406.8
60399.0
60391.2
60383.4
60374.1
60367.9
60360.1
60352.3
60346.1
60338.3
60330.6
60321.2
60313.4
60307.2
60299.4
60291.7
60283.9
60276.1
60269.9
60260.6
60252.8
60245.0
60237.2
60231.0
60223.2
60215.5
60209.2
60201.5
60192.1
60184.3
60176.6
60170.4
60162.6
60154.8
60147.0
60139.2
60133.0
60123.7
60115.9
60108.1
60100.4
60094.1
60086.4
60078.6
60072.4
60064.6
60055.3
60047.5
60041.3
60033.5
60025.7
60017.9
60010.2
60003.9
59994.6
59986.8
59979.0
59971.3
59965.0
59957.3
59951.0
59943.3
59935.5
59926.2
59918.4
59912.2
59904.4
59896.6
59888.8
59881.1
59874.8
59867.1
59859.3
59849.9
59843.7
59836.0
59828.2
59822.0
59814.2
59806.4
59798.6
59790.8
59783.1
59775.3
59767.5
59759.7
59753.5
59745.7
59739.5
59731.7
59722.4
59714.6
59708.4
59700.6
59692.9
59685.1
59677.3
59671.1
59661.8
59654.0
59646.2
59640.0
59632.2
59626.0
59618.2
59610.4
59602.6
59593.3
59587.1
59579.3
59571.5
59563.8
59557.5
59549.8
59542.0
59534.2
59526.4
59518.7
59512.4
59504.7
59496.9
59489.1
59482.9
59475.1
59467.3
59458.0
59451.8
59444.0
59436.2
59430.0
59420.7
59414.5
59406.7
59400.5
59391.1
59383.3
59375.6
59369.3
59361.6
59353.8
59346.0
59339.8
59330.5
59324.2
59316.5
59308.7
59300.9
59294.7
59286.9
59279.1
59271.4
59263.6
59255.8
59249.6
59240.3
59234.0
59227.8
59220.0
59212.3
59204.5
59196.7
59188.9
59181.1
59173.4
59167.1
59159.4
59153.2
59145.4
59137.6
59128.3
59122.0
59114.3
59106.5
59098.7
59092.5
59084.7
59078.5
59070.7
59061.4
59055.2
59047.4
59039.6
59031.8
59025.6
59017.8
59010.1
59002.3
58994.5
58986.7
58980.5
58972.7
58965.0
58958.7
58951.0
58943.2
58935.4
58927.6
58919.8
58913.6
58905.9
58898.1
58891.9
58884.1
58876.3
58868.5
58860.7
58853.0
58845.2
58839.0
58831.2
58825.0
58817.2
58809.4
58801.6
58793.9
58786.1
58778.3
58772.1
58764.3
58758.1
58750.3
58742.5
58736.3
58727.0
58719.2
58711.4
58705.2
58697.4
58691.2
58683.4
58675.7
58669.4
58660.1
58652.3
58644.6
58638.3
58630.6
58622.8
58616.6
58608.8
58602.6
58593.2
58585.4
58579.2
58571.4
58563.7
58557.5
58549.7
58543.5
58534.1
58526.3
58520.1
58512.3
58504.6
58496.8
58490.6
58484.3
58476.6
58467.2
58459.5
58453.2
58445.5
58437.7
58431.5
58423.7
58415.9
58409.7
58400.4
58394.1
58386.4
58378.6
58372.4
58364.6
58356.8
58350.6
58342.8
58335.0
58327.3
58319.5
58313.3
58305.5
58297.7
58291.5
58283.7
58277.5
58268.2
58260.4
58254.2
58246.4
58238.6
58232.4
58226.2
58218.4
58210.6
58201.3
58195.1
58187.3
58179.5
58173.3
58167.1
58157.7
58151.5
58145.3
58137.5
58128.2
58122.0
58114.2
58106.4
58100.2
58092.4
58086.2
58078.4
58069.1
58062.8
58055.1
58047.3
58041.1
58033.3
58027.1
58019.3
58011.5
58005.3
57996.0
57989.7
57982.0
57975.7
57968.0
57960.2
57954.0
57946.2
57938.4
57930.6
57924.4
57916.6
57908.9
57902.6
57894.9
57887.1
57880.9
57873.1
57865.3
57857.5
57849.8
57843.5
57835.8
57828.0
57821.8
57814.0
57807.8
57798.4
57792.2
57784.4
57776.7
57770.4
57762.7
57754.9
57748.7
57742.4
57733.1
57725.3
57719.1
57711.3
57703.6
57697.3
57691.1
57683.3
57675.6
57667.8
57660.0
57652.2
57646.0
57639.8
57632.0
57624.2
57618.0
57610.2
57600.9
57594.7
57588.5
57580.7
57572.9
57566.7
57558.9
57551.1
57544.9
57537.1
57529.4
57521.6
57515.4
57507.6
57501.4
57493.6
57487.4
57479.6
57470.3
57464.0
57456.3
57450.0
57442.3
57436.0
57428.3
57422.0
57414.3
57404.9
57398.7
57392.5
57384.7
57376.9
57370.7
57362.9
57355.2
57348.9
57342.7
57333.4
57325.6
57319.4
57311.6
57305.4
57297.6
57289.8
57283.6
57277.4
57268.1
57260.3
57254.1
57246.3
57238.5
57232.3
57226.1
57218.3
57212.1
57202.7
57195.0
57188.7
57182.5
57174.7
57167.0
57160.7
57153.0
57145.2
57137.4
57131.2
57123.4
57117.2
57109.4
57101.6
57095.4
57089.2
57081.4
57072.1
57065.9
57058.1
57051.9
57044.1
57037.9
57030.1
57023.9
57016.1
57006.8
57000.5
56994.3
56986.5
56980.3
56972.5
56964.8
56958.5
56952.3
56944.6
56935.2
56929.0
56921.2
56915.0
56908.8
56901.0
56893.2
56887.0
56879.2
56871.4
56865.2
56857.5
56849.7
56843.5
56835.7
56829.5
56821.7
56815.5
56806.1
56799.9
56792.1
56785.9
56778.1
56771.9
56764.1
56757.9
56750.1
56740.8
56734.6
56728.4
56720.6
56714.4
56706.6
56698.8
56692.6
56686.4
56678.6
56670.8
56663.0
56655.3
56649.0
56642.8
56635.0
56628.8
56621.0
56614.8
56605.5
56599.3
56591.5
56585.3
56577.5
56571.3
56563.5
56557.3
56549.5
56541.7
56533.9
56527.7
56521.5
56513.7
56505.9
56499.7
56491.9
56485.7
56479.5
56470.2
56462.4
56456.2
56448.4
56442.2
56436.0
56428.2
56422.0
56414.2
56404.8
56398.6
56392.4
56384.6
56378.4
56370.6
56364.4
56358.2
56350.4
56341.1
56334.9
56327.1
56320.9
56314.6
56306.9
56300.6
56292.9
56285.1
56278.9
56271.1
56263.3
56257.1
56249.3
56243.1
56236.9
56229.1
56221.3
56215.1
56205.8
56199.5
56193.3
56185.5
56179.3
56173.1
56165.3
56157.5
56151.3
56142.0
56135.8
56129.5
56121.8
56115.5
56107.8
56101.6
56095.3
56087.6
56079.8
56072.0
56064.2
56058.0
56051.8
56044.0
56037.8
56030.0
56023.8
56017.6
56008.2
56000.5
55994.2
55986.5
55980.2
55974.0
55966.2
55960.0
55952.2
55944.5
55938.2
55930.5
55924.2
55916.5
55910.2
55902.5
55896.2
55888.5
55882.2
55872.9
55866.7
55860.5
55852.7
55846.5
55838.7
55832.5
55826.3
55818.5
55810.7
55802.9
55796.7
55790.5
55782.7
55774.9
55768.7
55760.9
55754.7
55748.5
55739.2
55732.9
55725.2
55718.9
55712.7
55704.9
55698.7
55690.9
55684.7
55676.9
55669.2
55662.9
55656.7
55648.9
55642.7
55634.9
55628.7
55622.5
55614.7
55606.9
55599.2
55591.4
55585.2
55579.0
55571.2
55565.0
55557.2
55551.0
55543.2
55535.4
55529.2
55521.4
55515.2
55509.0
55501.2
55495.0
55487.2
55479.4
55473.2
55465.4
55459.2
55451.4
55445.2
55439.0
55431.2
55425.0
55417.2
55409.4
55403.2
55395.4
55389.2
55381.4
55375.2
55369.0
55361.2
55355.0
55348.8
55339.4
55333.2
55325.4
55319.2
55313.0
55305.2
55299.0
55291.2
55285.0
55277.2
55269.4
55263.2
55255.4
55249.2
55243.0
55235.2
55229.0
55221.2
55213.4
55207.2
55199.4
55193.2
55185.4
55179.2
55173.0
55165.2
55159.0
55152.8
55145.0
55137.2
55131.0
55123.2
55117.0
55110.8
55103.0
55096.8
55090.6
55081.2
55075.0
55067.2
55061.0
55054.8
55047.0
55040.8
55033.0
55026.8
55020.6
55011.2
55005.0
54997.3
54991.0
54984.8
54978.6
54970.8
54964.6
54958.4
54950.6
54942.8
54935.0
54928.8
54922.6
54914.8
54908.6
54900.8
54894.6
54888.4
54879.0
54872.8
54865.0
54860.4
54852.6
54846.4
54840.2
54832.4
54826.2
54818.4
54810.6
54804.4
54796.6
54790.4
54782.6
54776.4
54770.2
54763.9
54756.2
54748.4
54742.2
54734.4
54728.2
54720.4
54714.2
54708.0
54700.2
54694.0
54686.2
54680.0
54672.2
54666.0
54659.7
54652.0
54645.7
54638.0
54631.7
54625.5
54616.2
54610.0
54603.7
54597.5
54589.7
54583.5
54575.7
54569.5
54563.3
54555.5
54547.8
54541.5
54535.3
54527.5
54521.3
54513.5
54507.3
54501.1
54493.3
54487.1
54479.3
54473.1
54465.3
54459.1
54452.9
54445.1
54438.9
54431.1
54424.9
54417.1
54410.9
54403.1
54396.9
54390.7
54382.9
54376.7
54368.9
54364.2
54356.4
54348.7
54340.9
54334.7
54328.4
54320.7
54316.0
54308.2
54302.0
54294.2
54288.0
54280.2
54272.5
54266.2
54260.0
54253.8
54246.0
54239.8
54232.0
54225.8
54218.0
54211.8
54204.0
54197.8
54191.6
54183.8
54177.6
54171.4
54165.1
54157.4
54149.6
54143.4
54135.6
54129.4
54123.1
54116.9
54109.1
54102.9
54095.1
54088.9
54081.1
54074.9
54067.1
54060.9
54054.7
54046.9
54040.7
54034.5
54028.3
54020.5
54012.7
54006.5
54000.3
53992.5
53986.3
53980.1
53972.3
53966.1
53959.8
53952.1
53944.3
53938.1
53930.3
53925.6
53917.8
53911.6
53903.8
53897.6
53891.4
53883.6
53877.4
53869.6
53863.4
53857.2
53851.0
53843.2
53837.0
53829.2
53823.0
53815.2
53809.0
53801.2
53795.0
53788.7
53782.5
53774.7
53768.5
53762.3
53753.0
53748.3
53740.5
53734.3
53726.5
53721.9
53714.1
53707.9
53700.1
53693.9
53686.1
53679.9
53672.1
53665.9
53659.6
53653.4
53645.6
53639.4
53633.2
53627.0
53619.2
53611.4
53605.2
53597.4
53592.8
53585.0
53578.8
53571.0
53566.3
53558.5
53550.8
53543.0
53538.3
53530.6
53524.3
53516.6
53510.3
53504.1
53497.9
53491.7
53482.3
53476.1
53469.9
53463.7
53455.9
53449.7
53443.5
53437.2
53429.5
53423.2
53415.5
53409.2
53401.5
53396.8
53389.0
53382.8
53375.0
53370.4
53362.6
53356.4
53347.0
53342.4
53334.6
53328.4
53320.6
53315.9
53308.1
53301.9
53294.1
53287.9
53280.1
53273.9
53267.7
53261.5
53253.7
53247.5
53241.3
53235.0
53227.3
53219.5
53213.3
53207.0
53199.3
53194.6
53186.8
53180.6
53172.8
53168.2
53160.4
53152.6
53146.4
53140.2
53132.4
53126.2
53119.9
53113.7
53105.9
53099.7
53093.5
53085.7
53077.9
53073.3
53065.5
53059.3
53053.1
53046.8
53039.1
53032.8
53026.6
53018.8
53011.1
53006.4
52998.6
52992.4
52986.2
52980.0
52972.2
52966.0
52959.7
52952.0
52944.2
52939.5
52931.7
52925.5
52919.3
52913.1
52905.3
52899.1
52892.9
52885.1
52877.3
52871.1
52864.9
52858.6
52852.4
52846.2
52838.4
52832.2
52826.0
52818.2
52812.0
52804.2
52798.0
52791.8
52785.5
52777.8
52773.1
52765.3
52759.1
52751.3
52745.1
52737.3
52732.7
52724.9
52718.7
52712.4
52706.2
52698.4
52690.7
52684.4
52678.2
52672.0
52665.8
52658.0
52651.8
52645.6
52639.3
52633.1
52623.8
52617.6
52611.3
52605.1
52598.9
52592.7
52584.9
52580.2
52572.5
52566.2
52560.0
52552.2
52544.5
52538.2
52532.0
52525.8
52519.6
52511.8
52507.1
52499.4
52493.1
52485.4
52479.1
52471.4
52466.7
52458.9
52452.7
52446.5
52440.3
52434.0
52424.7
52418.5
52412.3
52406.0
52399.8
52393.6
52385.8
52381.1
52373.4
52367.1
52360.9
52353.2
52346.9
52339.2
52332.9
52326.7
52320.5
52314.3
52308.0
52300.3
52295.6
52286.3
52280.1
52273.8
52267.6
52261.4
52253.6
52247.4
52241.2
52234.9
52228.7
52220.9
52213.2
52208.5
52200.7
52194.5
52188.3
52182.1
52175.8
52168.1
52163.4
52154.1
52147.8
52141.6
52135.4
52129.2
52123.0
52115.2
52109.0
52102.7
52096.5
52088.7
52082.5
52076.3
52068.5
52063.9
52056.1
52049.9
52043.6
52037.4
52031.2
52021.9
52017.2
52009.4
52003.2
51997.0
51990.8
51984.5
51978.3
51972.1
51964.3
51958.1
51950.3
51944.1
51937.9
51931.7
51925.4
51917.7
51913.0
51905.2
51900.5
51891.2
51885.0
51878.8
51872.5
51866.3
51858.5
51853.9
51846.1
51841.4
51833.7
51825.9
51819.7
51813.4
51807.2
51799.4
51794.8
51787.0
51780.8
51774.6
51768.3
51760.6
51754.3
51748.1
51740.3
51735.7
51727.9
51721.7
51715.5
51709.2
51703.0
51696.8
51689.0
51682.8
51676.6
51668.8
51662.6
51656.4
51650.1
51643.9
51637.7
51631.5
51623.7
51617.5
51611.2
51603.5
51598.8
51591.0
51584.8
51578.6
51572.4
51566.1
51558.4
51552.1
51545.9
51539.7
51531.9
51525.7
51519.5
51513.3
51507.0
51500.8
51493.0
51486.8
51479.0
51474.4
51466.6
51461.9
51454.2
51447.9
51441.7
51435.5
51427.7
51421.5
51415.3
51409.1
51402.8
51396.6
51388.8
51384.2
51376.4
51370.2
51362.4
51356.2
51349.9
51343.7
51337.5
51331.3
51325.1
51318.8
51312.6
51306.4
51300.2
51290.8
51286.2
51278.4
51273.7
51266.0
51259.7
51253.5
51247.3
51241.1
51234.9
51227.1
51220.9
51213.1
51208.4
51200.6
51196.0
51188.2
51182.0
51177.3
51169.5
51161.8
51155.5
51149.3
51143.1
51136.9
51130.6
51124.4
51118.2
51112.0
51104.2
51099.5
51090.2
51084.0
51079.3
51071.5
51066.9
51059.1
51052.9
51046.7
51040.4
51034.2
51026.4
51020.2
51014.0
51007.8
51001.6
50995.3
50989.1
50982.9
50975.1
50970.4
50962.7
50954.9
50950.2
50942.4
50937.8
50930.0
50923.8
50917.6
50911.3
50905.1
50897.3
50891.1
50884.9
50878.7
50872.5
50866.2
50860.0
50853.8
50847.6
50841.3
50835.1
50825.8
50821.1
50814.9
50808.7
50802.5
50794.7
50790.0
50782.2
50776.0
50771.4
50762.0
50757.4
50749.6
50743.4
50738.7
50730.9
50724.7
50718.5
50712.3
50707.6
50698.3
50692.0
50685.8
50679.6
50673.4
50667.2
50660.9
50654.7
50648.5
50642.3
50636.0
50628.3
50622.0
50615.8
50609.6
50603.4
50597.2
50590.9
50584.7
50578.5
50572.3
50564.5
50558.3
50552.1
50545.8
50539.6
50533.4
50525.6
50520.9
50514.7
50508.5
50502.3
50493.0
50488.3
50482.1
50474.3
50469.6
50463.4
50457.2
50451.0
50443.2
50438.5
50430.7
50423.0
50418.3
50412.1
50405.9
50399.6
50391.9
50387.2
50381.0
50373.2
50368.5
50360.7
50353.0
50348.3
50342.1
50335.9
50329.6
50321.9
50317.2
50311.0
50303.2
50297.0
50290.8
50284.5
50278.3
50272.1
50265.9
50259.6
50253.4
50247.2
50241.0
50233.2
50227.0
50220.8
50214.5
50208.3
50202.1
50195.9
50189.7
50183.4
50177.2
50171.0
50163.2
50157.0
50150.8
50144.6
50138.3
50132.1
50125.9
50119.7
50113.4
50107.2
50099.4
50093.2
50087.0
50080.8
50074.6
50069.9
50062.1
50055.9
50051.2
50043.5
50037.2
50031.0
50023.2
50018.6
50012.3
50004.6
49999.9
49993.7
49985.9
49981.2
49975.0
49967.2
49961.0
49954.8
49948.6
49942.4
49936.1
49929.9
49923.7
49917.5
49911.2
49905.0
49897.3
49891.0
49884.8
49878.6
49872.4
49867.7
49859.9
49855.3
49849.0
49841.3
49835.0
49828.8
49821.0
49816.4
49810.2
49803.9
49797.7
49791.5
49785.3
49779.0
49772.8
49765.0
49760.4
49752.6
49746.4
49741.7
49733.9
49727.7
49723.1
49716.8
49710.6
49704.4
49696.6
49690.4
49684.2
49677.9
49671.7
49665.5
49659.3
49653.1
49646.8
49640.6
49632.8
49628.2
49620.4
49614.2
49609.5
49603.3
49597.1
49590.8
49584.6
49578.4
49572.2
49564.4
49558.2
49552.0
49545.7
49539.5
49534.9
49527.1
49520.9
49516.2
49510.0
49502.2
49496.0
49489.7
49483.5
49477.3
49471.1
49464.9
49460.2
49452.4
49446.2
49441.5
49433.8
49426.0
49421.3
49415.1
49408.9
49402.6
49396.4
49390.2
49384.0
49377.8
49370.0
49365.3
49359.1
49351.3
49346.7
49340.4
49334.2
49328.0
49321.8
49315.5
49309.3
49303.1
49295.3
49289.1
49284.4
49278.2
49270.4
49265.8
49259.6
49253.3
49247.1
49240.9
49233.1
49226.9
49222.2
49214.5
49209.8
49203.6
49197.3
49191.1
49184.9
49178.7
49170.9
49166.2
49158.5
49152.2
49147.6
49141.3
49135.1
49128.9
49122.7
49116.5
49110.2
49104.0
49096.2
49090.0
49085.4
49079.1
49072.9
49066.7
49060.5
49054.2
49048.0
49043.4
49034.0
49029.4
49023.1
49016.9
49010.7
49004.5
48998.3
48992.0
48987.4
48981.1
48971.8
48967.2
48960.9
48954.7
48948.5
48942.3
48936.0
48929.8
48925.2
48918.9
48912.7
48904.9
48898.7
48892.5
48886.3
48881.6
48873.8
48867.6
48862.9
48856.7
48850.5
48844.3
48836.5
48830.3
48824.1
48819.4
48813.2
48806.9
48800.7
48794.5
48788.3
48782.1
48777.4
48769.6
48763.4
48757.2
48751.0
48744.7
48738.5
48733.8
48726.1
48721.4
48715.2
48709.0
48701.2
48695.0
48688.7
48682.5
48677.9
48671.6
48665.4
48659.2
48653.0
48646.7
48639.0
48634.3
48628.1
48621.9
48615.6
48609.4
48603.2
48597.0
48592.3
48586.1
48579.9
48572.1
48565.9
48559.6
48553.4
48548.8
48542.5
48536.3
48530.1
48523.9
48517.7
48511.4
48505.2
48499.0
48492.8
48486.5
48480.3
48475.7
48467.9
48463.2
48457.0
48450.8
48444.6
48436.8
48432.1
48425.9
48419.7
48413.4
48407.2
48401.0
48394.8
48390.1
48383.9
48377.7
48369.9
48363.7
48357.5
48351.2
48346.6
48340.3
48334.1
48327.9
48323.2
48317.0
48307.7
48303.0
48296.8
48290.6
48284.4
48279.7
48273.5
48267.2
48261.0
48254.8
48248.6
48240.8
48236.1
48229.9
48223.7
48217.5
48212.8
48206.6
48200.4
48194.1
48187.9
48181.7
48173.9
48169.3
48163.0
48156.8
48150.6
48145.9
48139.7
48133.5
48127.3
48121.0
48114.8
48107.0
48102.4
48096.2
48089.9
48083.7
48077.5
48072.8
48066.6
48060.4
48054.2
48049.5
48041.7
48033.9
48029.3
48023.1
48016.8
48010.6
48005.9
47999.7
47993.5
47987.3
47982.6
47974.8
47968.6
47962.4
47956.2
47951.5
47943.7
47939.1
47932.8
47926.6
47920.4
47914.2
47908.0
47901.7
47895.5
47889.3
47884.6
47878.4
47872.2
47866.0
47861.3
47855.1
47848.9
47841.1
47834.9
47828.6
47822.4
47817.7
47811.5
47805.3
47799.1
47792.9
47788.2
47782.0
47774.2
47768.0
47763.3
47757.1
47750.9
47744.6
47740.0
47733.8
47727.5
47721.3
47716.6
47708.9
47702.6
47696.4
47690.2
47685.5
47679.3
47673.1
47666.9
47660.7
47654.4
47648.2
47642.0
47635.8
47629.5
47623.3
47618.7
47612.4
47606.2
47600.0
47595.3
47589.1
47582.9
47575.1
47568.9
47564.2
47558.0
47551.8
47545.6
47540.9
47534.7
47528.4
47522.2
47517.6
47509.8
47503.6
47497.3
47491.1
47486.5
47480.2
47474.0
47467.8
47463.1
47456.9
47450.7
47442.9
47438.2
47432.0
47425.8
47419.6
47414.9
47408.7
47402.5
47396.2
47390.0
47385.4
47377.6
47371.4
47365.1
47360.5
47354.3
47348.0
47341.8
47337.1
47330.9
47324.7
47318.5
47310.7
47306.0
47299.8
47293.6
47287.4
47282.7
47276.5
47271.8
47265.6
47259.4
47253.2
47248.5
47240.7
47234.5
47228.3
47223.6
47217.4
47211.2
47204.9
47200.3
47194.0
47187.8
47181.6
47173.8
47169.2
47162.9
47156.7
47150.5
47145.8
47139.6
47133.4
47127.2
47122.5
47116.3
47108.5
47103.8
47097.6
47091.4
47086.7
47080.5
47074.3
47068.1
47063.4
47057.2
47051.0
47043.2
47037.0
47032.3
47026.1
47019.8
47013.6
47009.0
47002.7
46998.1
46991.9
46985.6
46977.9
46973.2
46967.0
46960.7
46954.5
46949.9
46943.6
46937.4
46931.2
46925.0
46920.3
46912.5
46906.3
46901.6
46895.4
46890.8
46884.5
46878.3
46872.1
46865.9
46861.2
46855.0
46848.8
46841.0
46836.3
46830.1
46825.4
46819.2
46813.0
46806.8
46802.1
46795.9
46789.7
46783.4
46777.2
46771.0
46764.8
46760.1
46753.9
46747.7
46743.0
46736.8
46730.6
46724.3
46719.7
46711.9
46705.7
46699.4
46694.8
46688.6
46683.9
46677.7
46671.5
46665.2
46659.0
46654.3
46646.6
46640.3
46635.7
46629.5
46623.2
46618.6
46612.3
46606.1
46599.9
46595.2
46589.0
46584.4
46576.6
46570.4
46564.1
46559.5
46553.2
46547.0
46540.8
46536.1
46529.9
46525.2
46519.0
46511.2
46505.0
46500.4
46494.1
46487.9
46483.3
46477.0
46470.8
46466.1
46459.9
46453.7
46445.9
46441.3
46435.0
46430.4
46424.1
46417.9
46411.7
46407.0
46400.8
46396.2
46389.9
46382.2
46375.9
46371.3
46365.0
46358.8
46352.6
46347.9
46341.7
46337.0
46330.8
46324.6
46318.4
46312.2
46305.9
46301.3
46295.1
46288.8
46282.6
46277.9
46271.7
46267.1
46260.8
46254.6
46246.8
46242.2
46236.0
46231.3
46225.1
46218.8
46212.6
46208.0
46201.7
46197.1
46190.8
46183.1
46176.8
46172.2
46166.0
46161.3
46155.1
46148.9
46142.6
46138.0
46131.7
46127.1
46120.9
46113.1
46108.4
46102.2
46096.0
46091.3
46085.1
46078.9
46074.2
46068.0
46061.8
46057.1
46049.3
46043.1
46038.4
46032.2
46027.5
46021.3
46015.1
46008.9
46004.2
45998.0
45993.3
45987.1
45979.3
45973.1
45968.4
45962.2
45957.5
45951.3
45945.1
45938.9
45934.2
45928.0
45923.3
45915.5
45909.3
45904.7
45898.4
45893.8
45887.6
45881.3
45876.7
45870.4
45864.2
45859.6
45853.3
45847.1
45840.9
45834.7
45828.4
45823.8
45817.6
45812.9
45806.7
45800.5
45794.2
45789.6
45781.8
45777.1
45770.9
45766.2
45760.0
45753.8
45747.6
45742.9
45738.2
45732.0
45725.8
45718.0
45711.8
45707.1
45702.5
45696.2
45690.0
45685.4
45679.1
45672.9
45668.2
45662.0
45657.4
45649.6
45643.4
45637.1
45632.5
45626.3
45621.6
45615.4
45610.7
45604.5
45598.3
45593.6
45587.4
45581.1
45574.9
45568.7
45564.0
45557.8
45551.6
45546.9
45540.7
45536.0
45529.8
45523.6
45515.8
45511.2
45506.5
45500.3
45494.0
45489.4
45483.2
45476.9
45472.3
45466.1
45461.4
45455.2
45447.4
45442.7
45436.5
45430.3
45425.6
45420.9
45414.7
45408.5
45403.8
45397.6
45391.4
45385.2
45379.0
45374.3
45368.1
45361.8
45357.2
45351.0
45344.7
45340.1
45335.4
45329.2
45323.0
45316.7
45310.5
45304.3
45299.6
45293.4
45288.7
45282.5
45276.3
45271.6
45265.4
45259.2
45253.0
45248.3
45242.1
45235.9
45231.2
45225.0
45218.8
45214.1
45207.9
45203.2
45197.0
45192.3
45184.5
45178.3
45173.6
45167.4
45162.8
45156.5
45151.9
45145.7
45139.4
45134.8
45128.5
45122.3
45116.1
45111.4
45105.2
45099.0
45094.3
45088.1
45081.9
45077.2
45071.0
45066.3
45060.1
45053.9
45047.7
45041.4
45036.8
45030.6
45025.9
45019.7
45015.0
45008.8
45004.1
44997.9
44991.7
44985.4
44979.2
44973.0
44968.3
44963.7
44957.5
44951.2
44946.6
44940.3
44934.1
44929.5
44923.2
44917.0
44912.3
44906.1
44899.9
44895.2
44889.0
44882.8
44878.1
44871.9
44867.2
44862.6
44854.8
44848.6
44843.9
44837.7
44831.5
44826.8
44820.6
44815.9
44811.2
44805.0
44798.8
44794.1
44786.4
44780.1
44775.5
44769.3
44764.6
44758.4
44753.7
44747.5
44742.8
44736.6
44730.4
44725.7
44717.9
44713.3
44707.0
44702.4
44697.7
44691.5
44685.3
44680.6
44674.4
44668.2
44663.5
44655.7
44651.0
44646.4
44640.2
44633.9
44629.3
44623.1
44616.8
44612.2
44605.9
44601.3
44596.6
44588.8
44584.2
44577.9
44571.7
44567.1
44560.8
44556.2
44550.0
44543.7
44539.1
44534.4
44528.2
44522.0
44515.7
44509.5
44504.8
44498.6
44494.0
44487.7
44483.1
44476.8
44472.2
44466.0
44461.3
44453.5
44448.9
44442.6
44436.4
44431.7
44425.5
44420.9
44416.2
44410.0
44405.3
44399.1
44392.9
44386.6
44380.4
44375.8
44369.5
44363.3
44358.6
44354.0
44347.8
44343.1
44336.9
44332.2
44326.0
44319.8
44313.5
44307.3
44302.6
44296.4
44291.8
44287.1
44280.9
44276.2
44270.0
44265.3
44259.1
44251.3
44246.7
44240.4
44235.8
44229.5
44224.9
44218.7
44214.0
44209.3
44203.1
44198.4
44190.7
44184.4
44179.8
44173.6
44168.9
44162.7
44158.0
44151.8
44147.1
44140.9
44136.2
44131.6
44123.8
44117.6
44112.9
44106.7
44102.0
44095.8
44091.1
44084.9
44080.2
44074.0
44069.3
44063.1
44056.9
44052.2
44046.0
44039.8
44035.1
44028.9
44024.2
44018.0
44013.4
44007.1
44002.5
43996.2
43990.0
43985.4
43979.1
43974.5
43968.2
43963.6
43957.4
43951.1
43946.5
43940.3
43935.6
43929.4
43923.1
43916.9
43912.3
43907.6
43901.4
43896.7
43890.5
43885.8
43879.6
43874.9
43868.7
43864.0
43856.3
43851.6
43845.4
43839.2
43834.5
43829.8
43823.6
43818.9
43814.3
43808.0
43803.4
43797.2
43790.9
43784.7
43780.1
43773.8
43769.2
43762.9
43756.7
43752.1
43745.8
43741.2
43736.5
43730.3
43724.1
43717.8
43713.2
43708.5
43702.3
43697.6
43691.4
43686.7
43680.5
43675.8
43669.6
43665.0
43657.2
43651.0
43646.3
43641.6
43635.4
43630.7
43624.5
43619.8
43615.2
43609.0
43604.3
43598.1
43591.9
43585.6
43581.0
43574.7
43570.1
43563.9
43559.2
43553.0
43548.3
43542.1
43537.4
43531.2
43525.0
43520.3
43514.1
43509.4
43504.8
43498.5
43493.9
43487.6
43483.0
43476.8
43472.1
43465.9
43459.6
43453.4
43448.8
43442.5
43437.9
43431.7
43427.0
43420.8
43416.1
43409.9
43405.2
43400.5
43392.8
43388.1
43383.4
43377.2
43372.5
43366.3
43361.7
43357.0
43350.8
43346.1
43339.9
43335.2
43327.4
43322.8
43316.6
43311.9
43305.7
43301.0
43294.8
43290.1
43283.9
43279.2
43273.0
43268.3
43263.7
43255.9
43251.2
43246.6
43240.3
43235.7
43229.5
43224.8
43220.1
43213.9
43209.2
43203.0
43198.3
43190.6
43185.9
43181.2
43175.0
43170.4
43164.1
43159.5
43153.2
43148.6
43142.4
43137.7
43131.5
43125.2
43120.6
43114.4
43109.7
43103.5
43098.8
43092.6
43087.9
43083.3
43077.0
43072.4
43066.1
43059.9
43055.3
43049.0
43044.4
43039.7
43033.5
43028.8
43022.6
43017.9
43013.3
43007.0
43002.4
42994.6
42989.9
42985.3
42979.0
42974.4
42968.2
42963.5
42957.3
42952.6
42947.9
42941.7
42937.1
42929.3
42924.6
42918.4
42913.7
42909.1
42902.8
42898.2
42891.9
42887.3
42881.1
42876.4
42871.7
42865.5
42859.3
42853.1
42848.4
42843.7
42837.5
42832.8
42826.6
42822.0
42817.3
42811.1
42806.4
42800.2
42794.0
42789.3
42783.1
42778.4
42773.7
42767.5
42762.9
42756.6
42752.0
42747.3
42741.1
42736.4
42731.7
42724.0
42719.3
42713.1
42708.4
42703.7
42697.5
42692.9
42688.2
42682.0
42677.3
42671.1
42666.4
42660.2
42654.0
42649.3
42644.6
42638.4
42633.8
42627.5
42622.9
42618.2
42612.0
42607.3
42602.6
42594.9
42590.2
42584.0
42579.3
42574.7
42568.4
42563.8
42557.5
42552.9
42548.2
42542.0
42537.3
42532.7
42524.9
42520.2
42514.0
42509.3
42504.7
42498.4
42493.8
42489.1
42482.9
42478.2
42473.6
42467.3
42461.1
42454.9
42450.2
42445.6
42439.3
42434.7
42430.0
42423.8
42419.1
42412.9
42408.2
42403.6
42395.8
42391.1
42386.5
42380.2
42375.6
42369.3
42364.7
42360.0
42353.8
42349.1
42344.5
42338.2
42333.6
42325.8
42321.1
42316.5
42310.2
42305.6
42300.9
42294.7
42290.0
42283.8
42279.1
42274.5
42268.2
42262.0
42257.4
42251.1
42246.5
42240.3
42235.6
42230.9
42224.7
42220.0
42215.4
42209.1
42204.5
42198.3
42192.0
42187.4
42182.7
42176.5
42171.8
42167.2
42160.9
42156.3
42151.6
42145.4
42140.7
42136.0
42128.3
42123.6
42118.9
42112.7
42108.0
42103.4
42097.2
42092.5
42087.8
42081.6
42076.9
42072.3
42064.5
42059.8
42055.2
42050.5
42044.3
42039.6
42034.9
42028.7
42024.1
42017.8
42013.2
42008.5
42002.3
41996.1
41991.4
41985.2
41980.5
41974.3
41969.6
41965.0
41958.7
41954.1
41949.4
41943.2
41938.5
41932.3
41926.1
41921.4
41916.7
41912.1
41905.9
41901.2
41896.5
41890.3
41885.6
41881.0
41876.3
41870.1
41863.9
41859.2
41853.0
41848.3
41843.6
41837.4
41832.8
41828.1
41821.9
41817.2
41811.0
41806.3
41800.1
41793.9
41789.2
41784.5
41778.3
41773.6
41769.0
41764.3
41758.1
41753.4
41748.8
41742.5
41737.9
41731.7
41727.0
41720.8
41716.1
41711.4
41705.2
41700.5
41695.9
41691.2
41685.0
41680.3
41674.1
41669.4
41663.2
41657.0
41652.3
41647.7
41641.4
41636.8
41632.1
41627.4
41621.2
41616.6
41611.9
41605.7
41599.4
41594.8
41590.1
41583.9
41579.2
41574.6
41569.9
41563.7
41559.0
41554.3
41548.1
41543.5
41537.2
41531.0
41526.3
41520.1
41515.5
41510.8
41506.1
41499.9
41495.2
41490.6
41485.9
41479.7
41475.0
41470.4
41464.1
41457.9
41453.2
41448.6
41442.4
41437.7
41433.0
41426.8
41422.1
41417.5
41411.2
41406.6
41400.4
41395.7
41389.5
41384.8
41380.1
41375.5
41369.3
41364.6
41359.9
41355.3
41349.0
41344.4
41339.7
41331.9
41327.3
41321.0
41316.4
41311.7
41307.0
41302.4
41296.2
41291.5
41286.8
41282.2
41275.9
41271.3
41265.0
41260.4
41254.2
41249.5
41243.3
41238.6
41233.9
41229.3
41223.1
41218.4
41213.7
41209.1
41202.8
41196.6
41191.9
41187.3
41182.6
41176.4
41171.7
41167.1
41160.8
41156.2
41150.0
41145.3
41140.6
41134.4
41129.7
41123.5
41118.8
41114.2
41109.5
41104.8
41098.6
41094.0
41089.3
41083.1
41078.4
41073.7
41066.0
41061.3
41056.6
41052.0
41047.3
41041.1
41036.4
41031.7
41027.1
41020.9
41016.2
41011.5
41005.3
40999.1
40994.4
40989.7
40983.5
40978.9
40974.2
40969.5
40964.9
40958.6
40954.0
40949.3
40943.1
40936.9
40932.2
40926.0
40921.3
40916.6
40912.0
40907.3
40902.6
40896.4
40891.8
40887.1
40882.4
40876.2
40870.0
40865.3
40859.1
40854.4
40849.8
40845.1
40840.4
40834.2
40829.5
40824.9
40820.2
40814.0
40809.3
40803.1
40796.9
40792.2
40787.6
40782.9
40778.2
40773.6
40767.3
40762.7
40758.0
40753.3
40747.1
40742.4
40736.2
40730.0
40725.3
40720.7
40716.0
40711.3
40706.7
40700.5
40695.8
40691.1
40686.5
40680.2
40675.6
40669.3
40663.1
40658.5
40653.8
40649.1
40644.5
40639.8
40633.6
40628.9
40624.2
40618.0
40613.4
40608.7
40602.5
40597.8
40593.1
40586.9
40582.2
40577.6
40572.9
40566.7
40562.0
40557.4
40552.7
40546.5
40541.8
40535.6
40530.9
40526.3
40521.6
40515.4
40510.7
40504.5
40499.8
40495.1
40490.5
40485.8
40481.1
40476.5
40470.3
40464.0
40459.4
40453.2
40448.5
40443.8
40439.2
40434.5
40429.8
40425.2
40418.9
40414.3
40409.6
40401.8
40397.2
40392.5
40387.8
40383.2
40378.5
40373.8
40367.6
40362.9
40358.3
40352.1
40347.4
40342.7
40336.5
40331.8
40327.2
40322.5
40316.3
40311.6
40306.9
40300.7
40296.1
40291.4
40286.7
40282.1
40277.4
40271.2
40265.0
40260.3
40255.6
40249.4
40244.7
40240.1
40235.4
40230.7
40226.1
40221.4
40215.2
40210.5
40204.3
40198.1
40193.4
40188.7
40184.1
40179.4
40174.7
40170.1
40163.9
40159.2
40154.5
40149.9
40145.2
40139.0
40132.8
40128.1
40123.4
40117.2
40112.5
40107.9
40103.2
40098.5
40093.9
40089.2
40084.5
40078.3
40072.1
40067.4
40061.2
40056.5
40051.9
40047.2
40042.5
40037.9
40031.7
40027.0
40022.3
40017.7
40013.0
40006.8
40002.1
39997.4
39991.2
39986.5
39981.9
39975.7
39971.0
39966.3
39961.7
39957.0
39952.3
39946.1
39939.9
39935.2
39930.6
39925.9
39921.2
39916.6
39911.9
39905.7
39901.0
39896.3
39891.7
39887.0
39882.3
39877.7
39869.9
39865.2
39859.0
39854.3
39849.7
39845.0
39840.3
39835.7
39831.0
39826.3
39820.1
39815.5
39810.8
39804.6
39799.9
39795.2
39790.6
39784.4
39779.7
39775.0
39770.4
39765.7
39761.0
39756.4
39750.1
39745.5
39739.2
39734.6
39729.9
39725.2
39720.6
39714.4
39709.7
39705.0
39700.4
39695.7
39691.0
39686.4
39680.1
39673.9
39669.3
39663.0
39658.4
39653.7
39649.0
39644.4
39639.7
39635.0
39628.8
39624.2
39619.5
39614.8
39608.6
39603.9
39599.3
39593.0
39588.4
39583.7
39579.0
39574.4
39569.7
39565.0
39560.4
39554.2
39549.5
39544.8
39538.6
39533.9
39529.3
39524.6
39518.4
39513.7
39509.1
39504.4
39499.7
39495.1
39490.4
39484.2
39479.5
39473.3
39468.6
39463.9
39459.3
39454.6
39448.4
39443.7
39439.1
39436.0
39431.3
39425.1
39420.4
39415.7
39409.5
39404.8
39400.2
39395.5
39389.3
39384.6
39380.0
39375.3
39370.6
39366.0
39361.3
39355.1
39350.4
39345.7
39339.5
39334.9
39330.2
39325.5
39319.3
39314.6
39310.0
39305.3
39300.6
39296.0
39291.3
39285.1
39280.4
39274.2
39269.5
39264.9
39260.2
39255.5
39250.9
39246.2
39241.5
39236.9
39232.2
39226.0
39221.3
39216.6
39210.4
39205.8
39201.1
39196.4
39190.2
39185.5
39180.9
39176.2
39171.5
39166.9
39162.2
39156.0
39151.3
39146.7
39142.0
39137.3
39131.1
39126.4
39121.8
39117.1
39112.4
39107.8
39103.1
39096.9
39092.2
39087.6
39082.9
39076.7
39072.0
39067.3
39061.1
39058.0
39053.3
39048.7
39044.0
39037.8
39033.1
39028.5
39023.8
39019.1
39014.5
39008.2
39002.0
38997.3
38992.7
38988.0
38983.3
38978.7
38974.0
38969.3
38964.7
38960.0
38955.3
38949.1
38942.9
38938.2
38933.6
38928.9
38924.2
38919.6
38914.9
38910.2
38905.6
38900.9
38896.2
38890.0
38885.4
38880.7
38874.5
38869.8
38865.1
38860.5
38855.8
38851.1
38846.5
38841.8
38837.1
38830.9
38826.3
38821.6
38816.9
38810.7
38806.0
38801.4
38796.7
38792.0
38787.4
38782.7
38778.0
38771.8
38767.2
38762.5
38759.4
38753.2
38748.5
38742.3
38737.6
38732.9
38728.3
38723.6
38717.4
38712.7
38709.6
38704.9
38700.3
38694.0
38689.4
38684.7
38678.5
38673.8
38669.2
38664.5
38659.8
38655.2
38650.5
38645.8
38639.6
38634.9
38630.3
38627.2
38622.5
38616.3
38610.1
38605.4
38600.7
38596.1
38591.4
38586.7
38582.1
38577.4
38572.7
38568.1
38563.4
38557.2
38552.5
38546.3
38543.2
38537.0
38532.3
38527.6
38523.0
38518.3
38513.6
38509.0
38504.3
38499.6
38495.0
38490.3
38485.6
38477.9
38473.2
38470.1
38465.4
38459.2
38454.5
38449.9
38445.2
38440.5
38435.9
38431.2
38426.5
38421.9
38417.2
38411.0
38406.3
38401.6
38397.0
38392.3
38387.6
38381.4
38376.8
38372.1
38369.0
38364.3
38358.1
38353.4
38347.2
38342.5
38337.9
38333.2
38328.5
38323.9
38319.2
38314.5
38309.9
38305.2
38300.5
38295.9
38291.2
38286.5
38278.8
38275.7
38271.0
38266.3
38261.7
38255.4
38250.8
38247.7
38243.0
38236.8
38232.1
38227.4
38222.8
38219.7
38211.9
38207.2
38202.6
38197.9
38193.2
38188.6
38183.9
38179.2
38174.6
38169.9
38165.2
38160.6
38155.9
38151.2
38145.0
38140.3
38135.7
38131.0
38126.3
38121.7
38115.5
38110.8
38107.7
38103.0
38098.3
38092.1
38087.5
38084.4
38078.1
38071.9
38067.2
38062.6
38059.5
38054.8
38048.6
38043.9
38039.2
38034.6
38029.9
38025.2
38020.6
38014.4
38009.7
38005.0
38000.4
37995.7
37991.0
37986.4
37981.7
37977.0
37972.4
37967.7
37963.0
37958.4
37953.7
37947.5
37942.8
37938.1
37933.5
37928.8
37924.2
37919.5
37914.8
37910.2
37905.5
37900.8
37896.2
37891.5
37886.8
37880.6
37875.9
37871.3
37866.6
37861.9
37857.3
37852.6
37847.9
37843.3
37838.6
37833.9
37829.3
37824.6
37819.9
37813.7
37809.1
37804.4
37799.7
37795.1
37790.4
37785.7
37781.1
37776.4
37771.7
37767.1
37762.4
37757.7
37753.1
37746.8
37742.2
37737.5
37732.8
37728.2
37723.5
37718.8
37714.2
37709.5
37704.8
37700.2
37695.5
37690.8
37686.2
37680.0
37675.3
37670.6
37666.0
37661.3
37656.6
37652.0
37647.3
37642.6
37638.0
37633.3
37628.6
37624.0
37619.3
37613.1
37608.4
37603.7
37599.1
37594.4
37589.7
37585.1
37582.0
37575.8
37571.1
37566.4
37563.3
37557.1
37552.4
37546.2
37543.1
37538.4
37532.2
37527.5
37524.4
37519.8
37513.5
37508.9
37505.8
37501.1
37496.4
37490.2
37487.1
37480.9
37476.2
37470.0
37466.9
37462.2
37457.5
37452.9
37448.2
37443.5
37438.9
37434.2
37429.5
37424.9
37420.2
37414.0
37409.3
37404.7
37400.0
37395.3
37390.7
37386.0
37382.9
37376.7
37372.0
37367.3
37364.2
37359.6
37353.3
37347.1
37344.0
37339.3
37333.1
37330.0
37325.3
37320.7
37316.0
37311.3
37306.7
37302.0
37297.3
37292.7
37288.0
37281.8
37277.1
37272.5
37267.8
37264.7
37258.5
37253.8
37249.1
37246.0
37239.8
37235.1
37232.0
37227.4
37222.7
37216.5
37211.8
37207.1
37202.5
37197.8
37193.1
37188.5
37183.8
37179.1
37174.5
37169.8
37165.1
37160.5
37155.8
37151.1
37144.9
37140.3
37137.1
37132.5
37126.3
37123.1
37118.5
37113.8
37109.1
37104.5
37099.8
37095.1
37090.5
37084.3
37079.6
37074.9
37070.3
37065.6
37062.5
37057.8
37051.6
37048.5
37043.8
37039.2
37034.5
37029.8
37025.2
37018.9
37014.3
37009.6
37004.9
37000.3
36995.6
36990.9
36987.8
36981.6
36976.9
36973.8
36969.2
36964.5
36959.8
36955.2
36948.9
36944.3
36939.6
36934.9
36930.3
36925.6
36920.9
36917.8
36913.2
36907.0
36903.8
36899.2
36894.5
36889.8
36883.6
36879.0
36874.3
36869.6
36865.0
36860.3
36855.6
36851.0
36847.8
36843.2
36837.0
36833.8
36829.2
36824.5
36818.3
36813.6
36809.0
36804.3
36799.6
36796.5
36791.9
36785.6
36782.5
36777.9
36773.2
36768.5
36763.9
36759.2
36753.0
36748.3
36743.6
36740.5
36734.3
36731.2
36726.5
36721.9
36717.2
36712.5
36707.9
36703.2
36698.5
36693.9
36689.2
36683.0
36679.9
36675.2
36670.5
36665.9
36661.2
36656.5
36651.9
36647.2
36642.5
36637.9
36633.2
36630.1
36625.4
36619.2
36614.5
36609.9
36605.2
36600.5
36595.9
36592.8
36586.5
36581.9
36578.8
36574.1
36569.4
36564.8
36560.1
36553.9
36549.2
36544.6
36541.4
36535.2
36530.6
36527.4
36522.8
36518.1
36513.4
36508.8
36504.1
36499.4
36496.3
36491.7
36483.9
36480.8
36476.1
36471.5
36466.8
36462.1
36457.5
36452.8
36448.1
36445.0
36440.3
36435.7
36431.0
36426.3
36420.1
36415.5
36412.3
36406.1
36401.5
36398.3
36393.7
36389.0
36384.4
36379.7
36375.0
36370.4
36367.2
36362.6
36354.8
36351.7
36347.0
36342.4
36337.7
36333.0
36328.4
36323.7
36320.6
36315.9
36311.3
36306.6
36301.9
36297.3
36292.6
36287.9
36283.3
36277.0
36273.9
36269.3
36264.6
36259.9
36255.3
36250.6
36245.9
36242.8
36238.1
36233.5
36228.8
36224.2
36217.9
36213.3
36210.2
36205.5
36200.8
36196.2
36191.5
36186.8
36182.2
36179.0
36172.8
36169.7
36165.0
36160.4
36154.2
36149.5
36146.4
36140.2
36137.1
36132.4
36127.7
36123.1
36118.4
36113.7
36109.1
36105.9
36101.3
36096.6
36091.9
36085.7
36081.1
36076.4
36073.3
36068.6
36063.9
36059.3
36054.6
36050.0
36045.3
36042.2
36036.0
36032.8
36028.2
36022.0
36017.3
36012.6
36009.5
36003.3
36000.2
35995.5
35990.8
35986.2
35983.1
35976.8
35972.2
35969.1
35964.4
35959.7
35953.5
35948.9
35944.2
35941.1
35936.4
35931.7
35927.1
35922.4
35917.7
35913.1
35910.0
35905.3
35900.6
35896.0
35889.7
35885.1
35882.0
35877.3
35872.6
35868.0
35863.3
35858.6
35854.0
35850.9
35846.2
35841.5
35836.9
35832.2
35827.5
35822.9
35818.2
35813.5
35808.9
35804.2
35799.5
35796.4
35791.8
35787.1
35782.4
35777.8
35773.1
35768.4
35765.3
35760.7
35754.4
35749.8
35745.1
35740.4
35737.3
35732.7
35728.0
35723.3
35718.7
35714.0
35710.9
35706.2
35701.6
35696.9
35690.7
35686.0
35682.9
35678.2
35673.6
35668.9
35665.8
35659.6
35656.4
35651.8
35647.1
35642.4
35639.3
35633.1
35630.0
35623.8
35619.1
35614.5
35611.3
35605.1
35602.0
35597.3
35592.7
35588.0
35584.9
35580.2
35575.6
35570.9
35566.2
35561.6
35556.9
35552.2
35547.6
35542.9
35538.2
35533.6
35530.5
35525.8
35521.1
35516.5
35511.8
35507.1
35504.0
35499.4
35494.7
35488.5
35485.4
35479.1
35476.0
35471.4
35466.7
35462.0
35458.9
35452.7
35449.6
35444.9
35440.3
35435.6
35432.5
35427.8
35421.6
35416.9
35412.3
35409.1
35404.5
35399.8
35395.1
35390.5
35385.8
35382.7
35378.0
35373.4
35368.7
35365.6
35357.8
35354.7
35350.0
35345.4
35342.3
35337.6
35332.9
35328.3
35323.6
35318.9
35315.8
35311.2
35306.5
35301.8
35297.2
35290.9
35287.8
35283.2
35278.5
35275.4
35270.7
35266.1
35261.4
35256.7
35252.1
35248.9
35244.3
35239.6
35234.9
35230.3
35225.6
35220.9
35216.3
35211.6
35208.5
35202.3
35199.2
35194.5
35189.8
35186.7
35182.1
35177.4
35172.7
35168.1
35163.4
35158.7
35154.1
35149.4
35146.3
35141.6
35137.0
35132.3
35127.6
35123.0
35119.9
35115.2
35110.5
35107.4
35101.2
35098.1
35091.9
35087.2
35082.5
35079.4
35074.7
35070.1
35065.4
35060.7
35057.6
35053.0
35048.3
35045.2
35039.0
35035.9
35031.2
35025.0
35020.3
35017.2
35012.5
35007.9
35004.8
34998.5
34995.4
34990.8
34986.1
34983.0
34978.3
34973.6
34969.0
34964.3
34958.1
34955.0
34950.3
34945.7
34942.5
34936.3
34933.2
34928.5
34923.9
34920.8
34916.1
34911.4
34906.8
34902.1
34899.0
34892.8
34888.1
34883.4
34880.3
34875.7
34871.0
34866.3
34861.7
34858.6
34853.9
34849.2
34846.1
34841.4
34836.8
34833.7
34825.9
34822.8
34818.1
34813.4
34810.3
34805.7
34801.0
34796.3
34791.7
34788.6
34783.9
34779.2
34774.6
34771.5
34766.8
34760.6
34755.9
34751.2
34748.1
34743.5
34738.8
34735.7
34729.5
34726.3
34721.7
34717.0
34713.9
34709.2
34704.6
34701.5
34693.7
34690.6
34685.9
34681.2
34678.1
34673.5
34668.8
34665.7
34661.0
34656.4
34651.7
34647.0
34643.9
34639.2
34634.6
34631.5
34625.2
34620.6
34617.5
34611.3
34608.1
34603.5
34598.8
34595.7
34591.0
34586.4
34583.3
34577.0
34573.9
34569.3
34564.6
34559.9
34555.3
34550.6
34547.5
34541.3
34538.1
34533.5
34528.8
34525.7
34521.0
34516.4
34513.3
34507.0
34503.9
34499.3
34493.0
34489.9
34485.3
34480.6
34477.5
34471.3
34468.2
34463.5
34458.8
34455.7
34451.0
34446.4
34443.3
34438.6
34433.9
34427.7
34424.6
34419.9
34415.3
34410.6
34407.5
34402.8
34398.2
34393.5
34390.4
34385.7
34381.1
34377.9
34373.3
34368.6
34365.5
34359.3
34354.6
34350.0
34345.3
34342.2
34337.5
34332.8
34329.7
34325.1
34320.4
34317.3
34312.6
34308.0
34303.3
34300.2
34294.0
34289.3
34286.2
34281.5
34276.8
34273.7
34267.5
34264.4
34259.7
34255.1
34252.0
34247.3
34242.6
34239.5
34234.9
34228.6
34224.0
34220.9
34216.2
34211.5
34208.4
34203.7
34199.1
34196.0
34189.7
34186.6
34182.0
34177.3
34174.2
34169.5
34163.3
34160.2
34155.5
34152.4
34146.2
34143.1
34138.4
34133.8
34130.6
34126.0
34121.3
34118.2
34113.5
34108.9
34104.2
34101.1
34094.9
34090.2
34087.1
34082.4
34077.8
34074.7
34070.0
34065.3
34060.7
34057.5
34052.9
34048.2
34045.1
34040.4
34035.8
34031.1
34026.4
34021.8
34017.1
34014.0
34009.3
34004.7
34001.6
33996.9
33992.2
33989.1
33984.4
33979.8
33975.1
33972.0
33967.3
33961.1
33958.0
33953.3
33948.7
33945.6
33940.9
33936.2
33931.6
33928.5
33923.8
33919.1
33916.0
33911.3
33906.7
33903.6
33897.3
33892.7
33888.0
33884.9
33880.2
33875.6
33872.5
33867.8
33864.7
33860.0
33855.3
33852.2
33846.0
33842.9
33838.2
33835.1
33828.9
33824.2
33821.1
33816.5
33811.8
33808.7
33804.0
33799.4
33794.7
33791.6
33786.9
33782.2
33779.1
33774.5
33769.8
33765.1
33760.5
33757.4
33751.1
33748.0
33743.4
33740.3
33735.6
33730.9
33727.8
33723.1
33718.5
33715.4
33710.7
33707.6
33701.4
33696.7
33692.0
33687.4
33684.3
33679.6
33676.5
33671.8
33667.2
33664.0
33659.4
33654.7
33650.0
33646.9
33642.3
33637.6
33634.5
33628.3
33625.2
33620.5
33615.8
33611.2
33608.0
33603.4
33598.7
33595.6
33590.9
33586.3
33583.2
33578.5
33575.4
33569.2
33564.5
33559.8
33556.7
33552.1
33547.4
33544.3
33539.6
33536.5
33531.8
33527.2
33524.1
33519.4
33514.7
33510.1
33507.0
33502.3
33496.1
33493.0
33488.3
33485.2
33480.5
33475.8
33472.7
33468.1
33465.0
33458.7
33455.6
33451.0
33447.8
33443.2
33438.5
33435.4
33429.2
33426.1
33421.4
33416.7
33413.6
33409.0
33404.3
33399.6
33396.5
33391.9
33388.7
33384.1
33379.4
33376.3
33371.6
33365.4
33362.3
33357.6
33354.5
33349.9
33345.2
33340.5
33337.4
33332.8
33328.1
33325.0
33320.3
33317.2
33312.5
33307.9
33303.2
33298.5
33293.9
33290.8
33286.1
33281.4
33278.3
33273.6
33270.5
33265.9
33261.2
33258.1
33253.4
33250.3
33244.1
33241.0
33236.3
33231.7
33227.0
33222.3
33219.2
33214.5
33211.4
33206.8
33202.1
33199.0
33194.3
33191.2
33186.5
33181.9
33177.2
33174.1
33167.9
33164.8
33160.1
33155.4
33152.3
33147.7
33144.6
33139.9
33135.2
33130.6
33127.4
33122.8
33119.7
33115.0
33110.3
33107.2
33101.0
33097.9
33093.2
33088.6
33085.4
33080.8
33077.7
33073.0
33068.3
33063.7
33060.6
33055.9
33052.8
33048.1
33043.5
33040.3
33034.1
33031.0
33026.3
33021.7
33018.6
33013.9
33010.8
33006.1
33001.5
32996.8
32993.7
32989.0
32985.9
32981.2
32978.1
32973.5
32967.2
32964.1
32959.5
32956.4
32951.7
32947.0
32942.4
32939.2
32934.6
32931.5
32926.8
32922.1
32919.0
32914.4
32911.3
32906.6
32901.9
32897.3
32892.6
32889.5
32884.8
32881.7
32877.0
32872.4
32867.7
32864.6
32859.9
32856.8
32852.1
32849.0
32844.4
32839.7
32835.0
32830.4
32827.3
32822.6
32819.5
32813.3
32810.2
32805.5
32802.4
32797.7
32794.6
32789.9
32785.3
32782.2
32777.5
32774.4
32768.2
32765.0
32760.4
32755.7
32752.6
32747.9
32743.3
32740.2
32735.5
32732.4
32727.7
32723.1
32719.9
32715.3
32712.2
32707.5
32702.8
32698.2
32693.5
32690.4
32685.7
32682.6
32677.9
32674.8
32670.2
32665.5
32660.8
32657.7
32653.1
32650.0
32645.3
32642.2
32636.0
32631.3
32628.2
32623.5
32620.4
32615.7
32612.6
32608.0
32604.8
32598.6
32595.5
32590.8
32587.7
32583.1
32580.0
32575.3
32572.2
32566.0
32561.3
32558.2
32553.5
32550.4
32545.7
32542.6
32538.0
32534.9
32528.6
32525.5
32520.9
32517.7
32513.1
32510.0
32503.7
32500.6
32496.0
32491.3
32488.2
32483.5
32480.4
32475.8
32472.6
32468.0
32464.9
32460.2
32457.1
32452.4
32447.8
32443.1
32440.0
32433.8
32430.6
32426.0
32422.9
32418.2
32415.1
32410.4
32405.8
32402.7
32398.0
32394.9
32390.2
32387.1
32382.4
32379.3
32374.7
32368.4
32365.3
32360.7
32357.5
32352.9
32348.2
32345.1
32340.4
32337.3
32332.7
32329.5
32324.9
32320.2
32317.1
32312.4
32309.3
32303.1
32300.0
32295.3
32292.2
32287.6
32284.4
32279.8
32276.7
32272.0
32267.3
32262.7
32259.6
32254.9
32251.8
32247.1
32244.0
32237.8
32234.7
32230.0
32226.9
32222.2
32217.6
32214.5
32209.8
32206.7
32202.0
32198.9
32194.2
32191.1
32186.5
32183.3
32178.7
32175.6
32169.3
32166.2
32161.6
32156.9
32152.2
32149.1
32144.5
32141.4
32136.7
32133.6
32128.9
32125.8
32121.1
32118.0
32113.4
32110.2
32104.0
32100.9
32096.2
32091.6
32088.5
32083.8
32080.7
32076.0
32072.9
32068.2
32065.1
32060.5
32057.4
32052.7
32048.0
32044.9
32038.7
32035.6
32030.9
32027.8
32023.1
32020.0
32015.4
32010.7
32007.6
32002.9
31999.8
31995.1
31992.0
31987.4
31984.3
31979.6
31976.5
31970.3
31967.2
31962.5
31959.4
31954.7
31951.6
31946.9
31943.8
31939.2
31936.0
31931.4
31928.3
31923.6
31918.9
31914.3
31911.2
31904.9
31901.8
31897.2
31894.1
31889.4
31886.3
31881.6
31878.5
31873.8
31870.7
31866.1
31862.9
31858.3
31855.2
31850.5
31847.4
31842.7
31838.1
31833.4
31830.3
31825.6
31822.5
31817.8
31814.7
31810.1
31807.0
31802.3
31799.2
31794.5
31789.8
31786.7
31782.1
31779.0
31772.7
31769.6
31765.0
31761.8
31757.2
31754.1
31749.4
31746.3
31741.6
31737.0
31733.8
31729.2
31726.1
31721.4
31718.3
31713.6
31710.5
31704.3
31701.2
31696.5
31693.4
31688.7
31685.6
31681.0
31677.9
31673.2
31670.1
31665.4
31660.7
31657.6
31653.0
31649.9
31645.2
31640.5
31635.9
31632.8
31628.1
31625.0
31620.3
31617.2
31612.5
31609.4
31604.8
31601.6
31597.0
31593.9
31589.2
31586.1
31581.4
31578.3
31572.1
31569.0
31564.3
31561.2
31556.5
31553.4
31550.3
31545.7
31542.5
31537.9
31534.8
31530.1
31527.0
31522.3
31519.2
31514.5
31511.4
31505.2
31502.1
31497.4
31494.3
31489.7
31486.5
31481.9
31478.8
31474.1
31471.0
31466.3
31463.2
31458.6
31455.4
31450.8
31447.7
31441.4
31436.8
31433.7
31429.0
31425.9
31421.2
31418.1
31413.4
31410.3
31405.7
31402.6
31397.9
31394.8
31390.1
31387.0
31382.3
31379.2
31374.6
31369.9
31366.8
31362.1
31359.0
31354.3
31351.2
31346.6
31343.5
31338.8
31335.7
31331.0
31327.9
31323.2
31320.1
31315.5
31312.3
31306.1
31303.0
31298.4
31295.2
31290.6
31287.5
31282.8
31279.7
31276.6
31271.9
31268.8
31264.1
31261.0
31256.4
31253.2
31248.6
31245.5
31239.2
31236.1
31231.5
31228.4
31223.7
31220.6
31215.9
31212.8
31208.1
31205.0
31201.9
31197.3
31194.1
31189.5
31186.4
31181.7
31178.6
31172.4
31169.3
31164.6
31161.5
31156.8
31153.7
31149.0
31145.9
31141.3
31138.1
31135.0
31130.4
31127.3
31122.6
31119.5
31114.8
31111.7
31105.5
31102.4
31097.7
31093.0
31089.9
31085.3
31082.2
31079.0
31075.9
31071.3
31068.2
31063.5
31060.4
31055.7
31051.0
31047.9
31041.7
31038.6
31033.9
31030.8
31027.7
31024.6
31019.9
31016.8
31012.2
31007.5
31004.4
30999.7
30996.6
30991.9
30988.8
30984.2
30981.1
30976.4
30973.3
30968.6
30963.9
30960.8
30956.2
30953.1
30948.4
30945.3
30940.6
30937.5
30934.4
30931.3
30926.6
30922.0
30918.8
30914.2
30909.5
30904.8
30901.7
30897.1
30894.0
30890.8
30887.7
30883.1
30878.4
30875.3
30870.6
30867.5
30862.9
30859.7
30855.1
30853.5
30848.9
30845.7
30839.5
30834.9
30831.7
30827.1
30824.0
30819.3
30816.2
30813.1
30810.0
30805.3
30802.2
30797.5
30792.9
30789.8
30785.1
30782.0
30777.3
30774.2
30769.5
30766.4
30761.8
30758.6
30754.0
30749.3
30746.2
30743.1
30740.0
30735.3
30732.2
30727.5
30724.4
30719.8
30716.6
30710.4
30707.3
30704.2
30699.5
30696.4
30691.8
30688.7
30684.0
30680.9
30677.8
30673.1
30670.0
30665.3
30662.2
30657.5
30654.4
30649.8
30646.7
30642.0
30637.3
30634.2
30629.5
30626.4
30621.8
30618.7
30615.6
30610.9
30607.8
30603.1
30600.0
30595.3
30592.2
30589.1
30584.4
30581.3
30575.1
30572.0
30567.3
30564.2
30559.6
30556.4
30553.3
30548.7
30545.6
30540.9
30537.8
30533.1
30530.0
30526.9
30522.2
30519.1
30514.5
30509.8
30505.1
30502.0
30498.9
30494.2
30491.1
30486.5
30483.3
30478.7
30475.6
30472.5
30467.8
30464.7
30460.0
30456.9
30453.8
30450.7
30444.5
30439.8
30436.7
30432.0
30428.9
30425.8
30422.7
30418.0
30414.9
30410.2
30407.1
30404.0
30399.4
30396.2
30391.6
30388.5
30383.8
30380.7
30376.0
30371.4
30368.2
30363.6
30360.5
30355.8
30352.7
30349.6
30344.9
30341.8
30337.1
30334.0
30330.9
30326.3
30323.1
30318.5
30315.4
30309.1
30306.0
30302.9
30298.3
30295.1
30290.5
30287.4
30284.3
30279.6
30276.5
30271.8
30268.7
30264.0
30260.9
30257.8
30253.2
30250.0
30243.8
30242.3
30237.6
30234.5
30229.8
30225.2
30222.0
30218.9
30215.8
30211.2
30208.0
30203.4
30200.3
30197.2
30192.5
30189.4
30184.7
30181.6
30176.9
30172.3
30169.2
30164.5
30161.4
30158.3
30153.6
30150.5
30145.8
30142.7
30139.6
30134.9
30131.8
30127.2
30124.1
30119.4
30116.3
30111.6
30107.0
30103.8
30099.2
30096.1
30093.0
30088.3
30085.2
30080.5
30079.0
30074.3
30071.2
30066.5
30063.4
30060.3
30055.6
30052.5
30046.3
30043.2
30040.1
30035.4
30032.3
30027.6
30024.5
30021.4
30016.7
30013.6
30009.0
30005.9
30002.7
29998.1
29995.0
29990.3
29987.2
29984.1
29977.9
29974.7
29970.1
29967.0
29963.9
29959.2
29956.1
29951.4
29949.9
29945.2
29942.1
29937.4
29934.3
29931.2
29926.5
29923.4
29918.8
29914.1
29911.0
29906.3
29903.2
29898.5
29895.4
29892.3
29887.6
29884.5
29881.4
29876.8
29873.6
29869.0
29865.9
29862.8
29858.1
29855.0
29850.3
29847.2
29842.5
29837.9
29834.8
29831.7
29828.5
29823.9
29820.8
29816.1
29813.0
29809.9
29805.2
29802.1
29799.0
29794.3
29791.2
29786.5
29783.4
29778.8
29774.1
29771.0
29767.9
29763.2
29760.1
29755.4
29752.3
29749.2
29744.6
29741.4
29736.8
29735.2
29730.6
29727.4
29722.8
29719.7
29716.6
29710.3
29707.2
29704.1
29699.4
29696.3
29691.7
29688.6
29685.5
29680.8
29677.7
29674.6
29669.9
29666.8
29662.1
29659.0
29655.9
29651.2
29646.6
29643.5
29640.3
29635.7
29632.6
29629.5
29624.8
29621.7
29617.0
29613.9
29610.8
29606.1
29603.0
29599.9
29595.2
29592.1
29587.5
29584.4
29579.7
29575.0
29571.9
29568.8
29564.1
29561.0
29557.9
29554.8
29550.1
29547.0
29543.9
29539.2
29536.1
29531.5
29528.4
29525.2
29520.6
29517.5
29512.8
29508.1
29505.0
29501.9
29497.3
29494.1
29489.5
29486.4
29483.3
29478.6
29475.5
29472.4
29469.3
29464.6
29461.5
29458.4
29453.7
29449.0
29445.9
29441.3
29438.1
29435.0
29430.4
29427.3
29422.6
29419.5
29416.4
29411.7
29410.2
29405.5
29400.8
29397.7
29394.6
29391.5
29386.8
29382.2
29379.0
29374.4
29371.3
29368.2
29363.5
29360.4
29357.3
29352.6
29349.5
29344.8
29341.7
29338.6
29333.9
29332.4
29327.7
29324.6
29319.9
29315.3
29312.2
29307.5
29304.4
29301.3
29296.6
29293.5
29290.4
29285.7
29282.6
29279.5
29274.8
29271.7
29268.6
29263.9
29260.8
29256.2
29254.6
29248.4
29245.3
29242.2
29237.5
29234.4
29231.3
29226.6
29223.5
29220.4
29215.7
29212.6
29208.0
29204.8
29201.7
29197.1
29195.5
29190.8
29186.2
29183.1
29178.4
29175.3
29172.2
29167.5
29164.4
29161.3
29156.6
29153.5
29148.9
29145.7
29142.6
29138.0
29134.9
29131.7
29127.1
29125.5
29120.9
29116.2
29113.1
29108.4
29105.3
29102.2
29097.5
29094.4
29091.3
29086.6
29083.5
29080.4
29075.8
29072.6
29069.5
29066.4
29061.8
29057.1
29055.5
29049.3
29046.2
29043.1
29038.4
29035.3
29032.2
29027.5
29024.4
29021.3
29016.6
29013.5
29010.4
29005.8
29002.7
28999.5
28996.4
28991.8
28988.7
28984.0
28979.3
28976.2
28973.1
28968.4
28965.3
28962.2
28959.1
28954.4
28951.3
28948.2
28945.1
28940.4
28937.3
28934.2
28929.5
28926.4
28923.3
28917.1
28914.0
28910.9
28906.2
28903.1
28900.0
28895.3
28893.8
28889.1
28884.4
28882.9
28878.2
28875.1
28872.0
28867.3
28864.2
28861.1
28856.4
28853.3
28848.7
28844.0
28840.9
28837.8
28833.1
28831.6
28826.9
28823.8
28820.7
28816.0
28812.9
28809.8
28805.1
28802.0
28798.9
28794.2
28791.1
28788.0
28781.8
28780.2
28775.6
28772.5
28769.3
28764.7
28761.6
28758.5
28753.8
28750.7
28747.6
28742.9
28739.8
28736.7
28732.0
28730.5
28725.8
28722.7
28718.0
28713.4
28710.2
28707.1
28702.5
28699.4
28696.2
28693.1
28688.5
28685.4
28682.2
28679.1
28674.5
28671.4
28668.2
28665.1
28660.5
28657.4
28654.3
28648.0
28644.9
28641.8
28637.1
28635.6
28630.9
28627.8
28624.7
28620.0
28616.9
28613.8
28609.1
28606.0
28602.9
28598.3
28595.1
28592.0
28588.9
28584.3
28579.6
28576.5
28573.4
28570.3
28565.6
28562.5
28559.4
28554.7
28551.6
28548.5
28543.8
28542.3
28537.6
28532.9
28531.4
28526.7
28523.6
28518.9
28514.3
28511.2
28508.0
28504.9
28500.3
28497.2
28494.1
28489.4
28487.8
28483.2
28480.1
28476.9
28472.3
28469.2
28466.1
28461.4
28458.3
28455.2
28450.5
28445.8
28442.7
28439.6
28436.5
28433.4
28428.7
28425.6
28422.5
28417.8
28414.7
28411.6
28407.0
28403.8
28400.7
28397.6
28394.5
28391.4
28385.2
28382.1
28379.0
28374.3
28371.2
28368.1
28363.4
28360.3
28357.2
28354.1
28351.0
28346.3
28343.2
28340.1
28337.0
28332.3
28329.2
28326.1
28319.9
28316.7
28313.6
28310.5
28307.4
28304.3
28299.6
28296.5
28293.4
28288.7
28285.6
28282.5
28279.4
28274.7
28271.6
28268.5
28265.4
28262.3
28257.6
28253.0
28249.9
28245.2
28242.1
28239.0
28235.9
28231.2
28229.6
28225.0
28221.9
28218.8
28214.1
28211.0
28207.9
28204.8
28200.1
28197.0
28193.9
28187.6
28186.1
28181.4
28178.3
28175.2
28170.5
28167.4
28164.3
28161.2
28156.5
28155.0
28150.3
28147.2
28144.1
28139.4
28136.3
28133.2
28130.1
28125.4
28120.8
28117.7
28114.5
28111.4
28106.8
28103.7
28100.5
28097.4
28092.8
28089.7
28086.5
28083.4
28078.8
28077.2
28072.6
28069.4
28066.3
28061.7
28058.6
28053.9
28050.8
28046.1
28043.0
28039.9
28035.2
28033.7
28029.0
28025.9
28022.8
28019.7
28015.0
28011.9
28008.8
28005.7
28001.0
27999.4
27994.8
27991.7
27987.0
27982.3
27979.2
27976.1
27973.0
27968.3
27965.2
27962.1
27959.0
27955.9
27952.8
27948.1
27945.0
27941.9
27937.2
27934.1
27931.0
27927.9
27921.7
27920.1
27915.5
27912.3
27909.2
27906.1
27901.5
27898.4
27895.2
27892.1
27887.5
27885.9
27881.2
27878.1
27875.0
27870.4
27867.2
27864.1
27861.0
27854.8
27853.2
27848.6
27845.5
27842.4
27839.2
27834.6
27831.5
27828.4
27825.2
27820.6
27819.0
27814.4
27811.3
27808.1
27805.0
27800.4
27797.3
27794.1
27791.0
27784.8
27783.3
27778.6
27775.5
27772.4
27767.7
27764.6
27761.5
27758.4
27753.7
27750.6
27747.5
27744.4
27741.3
27738.1
27733.5
27730.4
27727.3
27722.6
27717.9
27716.4
27711.7
27708.6
27705.5
27702.4
27697.7
27694.6
27691.5
27688.4
27683.7
27682.2
27677.5
27674.4
27671.3
27668.2
27663.5
27660.4
27655.7
27652.6
27647.9
27646.4
27641.7
27638.6
27635.5
27632.4
27627.7
27624.6
27621.5
27618.4
27613.7
27612.2
27607.5
27604.4
27601.3
27598.2
27595.1
27588.8
27587.3
27582.6
27579.5
27576.4
27573.3
27568.6
27565.5
27562.4
27559.3
27554.6
27553.1
27548.4
27545.3
27542.2
27539.1
27534.4
27531.3
27528.2
27523.5
27518.8
27517.3
27512.6
27509.5
27506.4
27503.3
27500.2
27495.5
27492.4
27489.3
27486.2
27483.1
27480.0
27475.3
27472.2
27469.1
27466.0
27461.3
27459.7
27453.5
27450.4
27447.3
27444.2
27441.1
27436.4
27433.3
27430.2
27427.1
27424.0
27420.9
27416.2
27413.1
27410.0
27406.9
27402.2
27399.1
27396.0
27392.9
27388.2
27385.1
27382.0
27377.3
27374.2
27371.1
27368.0
27363.3
27361.8
27357.1
27354.0
27350.9
27347.8
27344.6
27340.0
27338.4
27333.8
27330.6
27327.5
27322.9
27318.2
27315.1
27312.0
27308.9
27305.8
27302.7
27299.5
27294.9
27291.8
27288.7
27285.5
27280.9
27277.8
27276.2
27271.5
27268.4
27265.3
27262.2
27256.0
27252.9
27249.8
27246.7
27243.5
27240.4
27237.3
27232.7
27229.5
27226.4
27223.3
27218.7
27217.1
27214.0
27209.3
27206.2
27203.1
27200.0
27195.3
27190.7
27187.6
27184.4
27181.3
27178.2
27175.1
27170.4
27167.3
27164.2
27161.1
27158.0
27154.9
27151.8
27147.1
27144.0
27140.9
27137.8
27134.7
27131.6
27128.5
27122.2
27119.1
27116.0
27112.9
27109.8
27105.1
27103.6
27098.9
27095.8
27092.7
27089.6
27086.5
27081.8
27080.2
27075.6
27072.5
27069.3
27066.2
27063.1
27056.9
27053.8
27050.7
27047.6
27044.5
27041.4
27038.2
27033.6
27030.5
27027.4
27024.2
27021.1
27018.0
27014.9
27010.2
27007.1
27004.0
27000.9
26997.8
26994.7
26990.0
26985.4
26982.2
26979.1
26976.0
26972.9
26968.3
26966.7
26963.6
26958.9
26955.8
26952.7
26949.6
26946.5
26943.4
26940.3
26935.6
26932.5
26929.4
26924.7
26921.6
26916.9
26915.4
26912.3
26907.6
26904.5
26901.4
26898.3
26895.1
26890.5
26888.9
26884.3
26881.2
26878.0
26874.9
26871.8
26867.2
26865.6
26862.5
26856.3
26853.2
26850.0
26846.9
26843.8
26839.2
26837.6
26832.9
26829.8
26826.7
26823.6
26820.5
26815.8
26814.3
26811.2
26806.5
26803.4
26800.3
26797.2
26792.5
26787.8
26786.3
26783.2
26778.5
26775.4
26772.3
26769.2
26766.1
26762.9
26759.8
26756.7
26752.1
26748.9
26745.8
26742.7
26739.6
26736.5
26733.4
26728.7
26724.1
26720.9
26717.8
26714.7
26711.6
26708.5
26705.4
26700.7
26697.6
26694.5
26691.4
26688.3
26685.2
26682.1
26679.0
26675.8
26671.2
26668.1
26665.0
26660.3
26657.2
26654.1
26651.0
26647.8
26643.2
26641.6
26637.0
26633.8
26630.7
26627.6
26624.5
26621.4
26616.7
26615.2
26612.1
26607.4
26604.3
26601.2
26598.1
26593.4
26590.3
26587.2
26584.1
26579.4
26576.3
26573.2
26570.1
26567.0
26563.9
26560.7
26557.6
26553.0
26549.9
26548.3
26543.6
26540.5
26537.4
26534.3
26531.2
26526.5
26521.9
26520.3
26517.2
26512.5
26509.4
26506.3
26503.2
26500.1
26495.4
26493.9
26490.8
26486.1
26483.0
26479.9
26476.8
26473.6
26470.5
26467.4
26464.3
26459.6
26455.0
26451.9
26450.3
26445.7
26442.5
26439.4
26436.3
26433.2
26430.1
26427.0
26423.9
26419.2
26416.1
26413.0
26409.9
26406.8
26403.7
26400.5
26397.4
26392.8
26388.1
26385.0
26383.4
26378.8
26375.7
26372.6
26369.4
26366.3
26363.2
26358.6
26357.0
26353.9
26349.2
26346.1
26343.0
26339.9
26336.8
26333.7
26330.6
26325.9
26322.8
26319.7
26315.0
26313.4
26310.3
26305.7
26302.6
26299.4
26296.3
26293.2
26290.1
26287.0
26283.9
26280.8
26276.1
26273.0
26271.5
26266.8
26263.7
26259.0
26255.9
26252.8
26249.7
26246.6
26243.5
26240.3
26235.7
26232.6
26229.5
26227.9
26223.2
26220.1
26217.0
26213.9
26210.8
26207.7
26204.6
26201.5
26198.4
26192.1
26189.0
26185.9
26182.8
26179.7
26176.6
26173.5
26170.4
26167.2
26164.1
26161.0
26157.9
26154.8
26150.1
26147.0
26143.9
26140.8
26137.7
26134.6
26131.5
26126.8
26123.7
26120.6
26117.5
26114.4
26111.3
26106.6
26103.5
26100.4
26098.8
26094.1
26091.0
26087.9
26084.8
26081.7
26078.6
26075.5
26072.4
26069.3
26066.1
26059.9
26056.8
26055.3
26050.6
26047.5
26044.4
26041.3
26038.1
26035.0
26031.9
26028.8
26025.7
26022.6
26019.5
26014.8
26013.3
26010.2
26005.5
26002.4
25999.3
25996.2
25991.5
25988.4
25985.3
25982.2
25979.0
25975.9
25972.8
25969.7
25966.6
25963.5
25958.8
25955.7
25954.2
25951.0
25946.4
25943.3
25940.2
25937.1
25933.9
25929.3
25926.2
25923.1
25919.9
25916.8
25912.2
25910.6
25907.5
25904.4
25899.7
25896.6
25895.1
25891.9
25887.3
25884.2
25881.1
25877.9
25874.8
25871.7
25868.6
25865.5
25860.8
25857.7
25854.6
25851.5
25848.4
25845.3
25842.2
25837.5
25834.4
25832.8
25828.2
25825.1
25822.0
25818.8
25815.7
25812.6
25809.5
25806.4
25803.3
25800.2
25795.5
25792.4
25789.3
25786.2
25783.1
25780.0
25775.3
25773.7
25770.6
25767.5
25762.9
25759.7
25756.6
25755.1
25750.4
25747.3
25744.2
25741.1
25738.0
25734.9
25730.2
25727.1
25724.0
25720.9
25717.7
25713.1
25711.5
25708.4
25705.3
25700.6
25697.5
25696.0
25692.9
25688.2
25685.1
25682.0
25680.4
25675.8
25672.6
25669.5
25666.4
25661.8
25658.6
25655.5
25652.4
25649.3
25646.2
25643.1
25640.0
25636.9
25633.8
25630.6
25627.5
25624.4
25619.8
25618.2
25615.1
25612.0
25607.3
25604.2
25602.7
25599.5
25593.3
25590.2
25587.1
25584.0
25582.4
25577.8
25574.7
25571.5
25568.4
25565.3
25562.2
25559.1
25556.0
25552.9
25549.8
25546.7
25543.5
25540.4
25537.3
25534.2
25529.5
25526.4
25523.3
25520.2
25517.1
25514.0
25510.9
25507.8
25504.7
25501.6
25498.4
25493.8
25490.7
25489.1
25486.0
25482.9
25478.2
25475.1
25473.6
25470.4
25464.2
25461.1
25458.0
25454.9
25453.3
25448.7
25445.6
25442.4
25439.3
25436.2
25433.1
25430.0
25426.9
25423.8
25420.7
25417.6
25414.5
25411.3
25408.2
25405.1
25402.0
25397.3
25394.2
25391.1
25388.0
25384.9
25381.8
25378.7
25375.6
25372.5
25369.3
25366.2
25363.1
25360.0
25356.9
25353.8
25350.7
25347.6
25344.5
25341.4
25338.2
25335.1
25330.5
25325.8
25324.2
25321.1
25318.0
25314.9
25310.2
25308.7
25305.6
25302.5
25299.4
25294.7
25293.1
25290.0
25286.9
25283.8
25279.1
25276.0
25274.5
25271.4
25268.3
25262.0
25258.9
25257.4
25254.3
25251.1
25246.5
25243.4
25240.3
25238.7
25235.6
25232.5
25227.8
25224.7
25223.1
25220.0
25216.9
25212.3
25209.1
25207.6
25204.5
25201.4
25195.1
25192.0
25188.9
25187.4
25184.3
25181.2
25176.5
25173.4
25171.8
25168.7
25165.6
25160.9
25157.8
25154.7
25153.2
25150.0
25146.9
25142.3
25139.2
25137.6
25132.9
25129.8
25126.7
25122.0
25120.5
25117.4
25114.3
25111.2
25106.5
25103.4
25101.8
25098.7
25095.6
25092.5
25087.8
25086.3
25083.2
25080.1
25076.9
25073.8
25069.2
25066.1
25062.9
25059.8
25056.7
25053.6
25050.5
25047.4
25044.3
25041.2
25038.1
25034.9
25031.8
25028.7
25025.6
25022.5
25019.4
25016.3
25013.2
25010.1
25007.0
25003.8
24999.2
24996.1
24993.0
24989.8
24986.7
24983.6
24980.5
24977.4
24974.3
24971.2
24968.1
24965.0
24961.8
24958.7
24957.2
24952.5
24949.4
24946.3
24943.2
24941.6
24938.5
24933.8
24929.2
24926.1
24923.0
24921.4
24918.3
24915.2
24910.5
24907.4
24905.9
24902.7
24899.6
24896.5
24893.4
24888.7
24887.2
24884.1
24881.0
24877.9
24874.7
24871.6
24867.0
24863.9
24860.7
24857.6
24854.5
24851.4
24848.3
24845.2
24842.1
24839.0
24835.9
24832.8
24829.6
24828.1
24823.4
24820.3
24817.2
24814.1
24812.5
24809.4
24806.3
24803.2
24797.0
24793.9
24792.3
24789.2
24786.1
24783.0
24779.9
24776.8
24773.6
24770.5
24767.4
24764.3
24761.2
24758.1
24755.0
24751.9
24748.8
24745.7
24742.5
24739.4
24736.3
24733.2
24730.1
24725.4
24722.3
24719.2
24716.1
24714.5
24711.4
24708.3
24705.2
24700.5
24699.0
24695.9
24692.8
24689.7
24686.5
24683.4
24680.3
24677.2
24674.1
24671.0
24666.3
24663.2
24660.1
24657.0
24655.4
24652.3
24647.7
24644.6
24641.4
24639.9
24636.8
24633.7
24630.6
24627.4
24622.8
24621.2
24618.1
24615.0
24611.9
24608.8
24605.7
24601.0
24597.9
24594.8
24591.7
24588.6
24585.5
24582.3
24579.2
24577.7
24574.6
24571.5
24568.3
24563.7
24562.1
24559.0
24555.9
24552.8
24549.7
24546.6
24543.5
24540.3
24537.2
24532.6
24529.5
24526.3
24523.2
24520.1
24518.6
24515.5
24512.3
24509.2
24506.1
24501.5
24499.9
24496.8
24493.7
24490.6
24487.5
24484.4
24481.2
24478.1
24476.6
24471.9
24467.2
24464.1
24461.0
24457.9
24456.4
24453.2
24450.1
24447.0
24443.9
24440.8
24437.7
24434.6
24431.5
24428.4
24425.2
24422.1
24419.0
24415.9
24414.4
24411.3
24408.1
24405.0
24398.8
24397.3
24394.1
24391.0
24387.9
24384.8
24381.7
24378.6
24375.5
24372.4
24370.8
24367.7
24363.0
24359.9
24356.8
24355.3
24352.1
24349.0
24345.9
24342.8
24339.7
24335.0
24331.9
24328.8
24327.3
24322.6
24319.5
24316.4
24313.3
24311.7
24308.6
24305.5
24302.4
24299.3
24296.2
24293.0
24289.9
24286.8
24285.3
24280.6
24277.5
24274.4
24269.7
24268.2
24265.0
24261.9
24258.8
24255.7
24252.6
24249.5
24246.4
24243.3
24241.7
24238.6
24233.9
24230.8
24227.7
24226.2
24223.1
24219.9
24216.8
24213.7
24210.6
24207.5
24202.8
24199.7
24198.2
24195.1
24191.9
24188.8
24184.2
24182.6
24179.5
24176.4
24173.3
24170.2
24167.1
24164.0
24160.8
24157.7
24156.2
24153.1
24150.0
24146.8
24143.7
24140.6
24136.0
24132.8
24131.3
24126.6
24123.5
24120.4
24117.3
24114.2
24112.6
24109.5
24106.4
24103.3
24100.2
24097.1
24094.0
24090.8
24089.3
24086.2
24083.1
24080.0
24076.9
24073.7
24069.1
24066.0
24062.9
24059.7
24056.6
24053.5
24050.4
24047.3
24045.7
24042.6
24039.5
24036.4
24033.3
24030.2
24027.1
24024.0
24020.9
24019.3
24016.2
24013.1
24010.0
24006.9
24002.2
23999.1
23996.0
23994.4
23991.3
23988.2
23985.1
23982.0
23978.9
23975.8
23972.6
23969.5
23966.4
23963.3
23960.2
23957.1
23954.0
23952.4
23949.3
23946.2
23943.1
23940.0
23935.3
23932.2
23929.1
23926.0
23924.4
23921.3
23918.2
23915.1
23912.0
23908.9
23905.8
23902.7
23901.1
23898.0
23894.9
23891.8
23888.7
23885.5
23882.4
23879.3
23876.2
23874.7
23870.0
23866.9
23863.8
23860.7
23857.5
23854.4
23851.3
23848.2
23846.7
23843.5
23838.9
23835.8
23832.7
23831.1
23828.0
23824.9
23821.8
23818.7
23815.6
23812.4
23809.3
23804.7
23803.1
23800.0
23796.9
23793.8
23790.7
23787.6
23784.4
23781.3
23779.8
23776.7
23773.6
23770.4
23767.3
23764.2
23761.1
23758.0
23754.9
23753.3
23750.2
23747.1
23744.0
23740.9
23736.2
23733.1
23730.0
23728.5
23725.3
23722.2
23719.1
23716.0
23712.9
23709.8
23706.7
23703.6
23702.0
23698.9
23695.8
23692.7
23689.6
23686.5
23683.3
23680.2
23677.1
23675.6
23670.9
23667.8
23664.7
23661.6
23658.5
23655.4
23652.2
23650.7
23647.6
23644.5
23641.4
23638.2
23635.1
23632.0
23630.5
23627.4
23624.2
23621.1
23618.0
23616.5
23613.4
23610.2
23605.6
23602.5
23599.4
23596.2
23593.1
23590.0
23588.5
23585.4
23582.2
23579.1
23576.0
23572.9
23569.8
23566.7
23565.1
23562.0
23558.9
23555.8
23552.7
23549.6
23546.5
23543.4
23538.7
23537.1
23534.0
23530.9
23527.8
23524.7
23521.6
23518.5
23515.4
23513.8
23510.7
23507.6
23504.5
23501.4
23498.3
23495.1
23493.6
23490.5
23487.4
23484.3
23481.2
23479.6
23476.5
23471.8
23468.7
23465.6
23462.5
23459.4
23456.3
23453.2
23451.6
23448.5
23445.4
23442.3
23439.2
23436.0
23432.9
23429.8
23428.3
23425.2
23422.0
23418.9
23415.8
23412.7
23411.2
23406.5
23403.4
23400.3
23397.2
23394.1
23392.5
23389.4
23386.3
23383.2
23380.1
23376.9
23373.8
23370.7
23367.6
23366.1
23362.9
23359.8
23356.7
23353.6
23350.5
23347.4
23345.8
23342.7
23338.1
23334.9
23331.8
23330.3
23327.2
23324.1
23320.9
23317.8
23314.7
23311.6
23308.5
23307.0
23303.8
23300.7
23297.6
23294.5
23291.4
23289.8
23286.7
23283.6
23280.5
23277.4
23272.7
23271.2
23268.1
23265.0
23261.8
23258.7
23255.6
23252.5
23249.4
23246.3
23244.7
23241.6
23238.5
23237.0
23233.8
23230.7
23227.6
23224.5
23221.4
23218.3
23215.2
23213.6
23210.5
23205.9
23202.7
23199.6
23196.5
23195.0
23191.9
23188.7
23185.6
23182.5
23179.4
23177.9
23174.7
23171.6
23168.5
23165.4
23162.3
23159.2
23156.1
23154.5
23151.4
23148.3
23145.2
23143.6
23139.0
23135.9
23132.8
23129.6
23126.5
23123.4
23120.3
23118.8
23115.6
23112.5
23109.4
23107.9
23104.8
23101.6
23098.5
23095.4
23092.3
23089.2
23086.1
23084.5
23081.4
23078.3
23076.8
23072.1
23069.0
23065.9
23062.8
23059.7
23056.5
23053.4
23050.3
23048.8
23045.7
23042.5
23041.0
23037.9
23034.8
23031.7
23028.5
23025.4
23022.3
23019.2
23016.1
23014.5
23011.4
23006.8
23005.2
23002.1
22999.0
22995.9
22992.8
22989.7
22986.5
22983.4
22980.3
22978.8
22975.7
22972.6
22971.0
22967.9
22964.8
22961.7
22958.6
22955.4
22952.3
22950.8
22947.7
22944.6
22939.9
22936.8
22935.2
22932.1
22929.0
22925.9
22922.8
22921.2
22918.1
22915.0
22911.9
22908.8
22905.7
22904.1
22901.0
22897.9
22894.8
22893.2
22890.1
22887.0
22883.9
22880.8
22877.7
22873.0
22869.9
22868.3
22865.2
22862.1
22860.6
22857.5
22854.3
22851.2
22848.1
22845.0
22841.9
22840.3
22837.2
22834.1
22831.0
22827.9
22826.3
22823.2
22820.1
22818.6
22815.5
22812.3
22807.7
22804.6
22801.5
22798.4
22795.2
22792.1
22790.6
22787.5
22784.4
22782.8
22779.7
22776.6
22773.5
22770.4
22768.8
22765.7
22762.6
22759.5
22756.4
22753.2
22750.1
22748.6
22745.5
22740.8
22739.2
22736.1
22733.0
22729.9
22726.8
22723.7
22722.1
22719.0
22715.9
22712.8
22709.7
22706.6
22705.0
22701.9
22698.8
22697.3
22694.1
22691.0
22687.9
22684.8
22681.7
22680.1
22675.5
22672.4
22669.3
22666.1
22663.0
22661.5
22658.4
22655.3
22653.7
22650.6
22647.5
22644.4
22641.3
22638.1
22636.6
22633.5
22630.4
22627.3
22624.2
22621.0
22619.5
22616.4
22613.3
22611.7
22607.0
22603.9
22600.8
22597.7
22596.2
22593.0
22589.9
22586.8
22583.7
22580.6
22577.5
22575.9
22572.8
22569.7
22568.2
22565.0
22561.9
22558.8
22557.3
22554.2
22551.1
22547.9
22543.3
22540.2
22537.1
22535.5
22532.4
22529.3
22526.2
22524.6
22521.5
22518.4
22516.8
22513.7
22510.6
22507.5
22504.4
22501.3
22499.7
22496.6
22493.5
22490.4
22487.3
22484.2
22482.6
22479.5
22474.8
22473.3
22470.2
22467.1
22464.0
22462.4
22459.3
22456.2
22453.1
22450.0
22448.4
22445.3
22442.2
22439.1
22436.0
22432.8
22431.3
22428.2
22425.1
22422.0
22420.4
22417.3
22414.2
22412.6
22408.0
22404.8
22401.7
22398.6
22397.1
22394.0
22390.8
22387.7
22384.6
22381.5
22380.0
22376.9
22373.7
22370.6
22369.1
22366.0
22362.9
22361.3
22358.2
22355.1
22352.0
22348.9
22347.3
22342.6
22339.5
22336.4
22333.3
22330.2
22328.6
22325.5
22322.4
22319.3
22317.7
22314.6
22311.5
22310.0
22306.9
22303.7
22300.6
22299.1
22296.0
22292.9
22289.8
22286.6
22285.1
22282.0
22277.3
22274.2
22271.1
22268.0
22266.4
22263.3
22260.2
22258.6
22255.5
22252.4
22249.3
22247.8
22244.6
22241.5
22240.0
22236.9
22233.8
22230.6
22227.5
22224.4
22222.9
22219.8
22216.6
22213.5
22208.9
22207.3
22204.2
22201.1
22198.0
22196.4
22193.3
22190.2
22188.7
22185.5
22182.4
22180.9
22177.8
22174.7
22171.5
22168.4
22166.9
22163.8
22160.7
22157.5
22154.4
22152.9
22149.8
22146.7
22142.0
22138.9
22137.3
22134.2
22131.1
22129.5
22126.4
22123.3
22121.8
22118.7
22115.6
22112.4
22110.9
22107.8
22104.7
22101.6
22098.4
22096.9
22093.8
22090.7
22087.6
22084.4
22082.9
22078.2
22075.1
22072.0
22070.4
22067.3
22064.2
22061.1
22059.6
22056.4
22053.3
22051.8
22048.7
22045.6
22044.0
22040.9
22037.8
22034.7
22033.1
22030.0
22026.9
22023.8
22020.7
22019.1
22016.0
22011.3
22008.2
22005.1
22003.6
22000.5
21997.3
21994.2
21992.7
21989.6
21986.5
21983.3
21981.8
21978.7
21975.6
21974.0
21970.9
21967.8
21966.2
21963.1
21960.0
21956.9
21955.4
21952.2
21949.1
21944.5
21942.9
21939.8
21936.7
21933.6
21930.5
21928.9
21925.8
21922.7
21919.6
21918.0
21914.9
21911.8
21908.7
21907.1
21904.0
21900.9
21897.8
21896.2
21893.1
21890.0
21888.5
21885.4
21882.2
21879.1
21876.0
21872.9
21871.4
21868.3
21865.1
21862.0
21860.5
21857.4
21854.3
21851.1
21848.0
21846.5
21843.4
21840.3
21837.1
21835.6
21832.5
21829.4
21826.3
21824.7
21821.6
21818.5
21815.4
21812.3
21809.1
21806.0
21802.9
21801.4
21798.3
21795.1
21793.6
21790.5
21787.4
21785.8
21782.7
21779.6
21778.0
21774.9
21771.8
21768.7
21767.2
21764.0
21760.9
21759.4
21756.3
21753.2
21750.0
21748.5
21743.8
21740.7
21737.6
21736.0
21732.9
21729.8
21726.7
21725.2
21722.0
21718.9
21715.8
21714.3
21711.2
21708.0
21704.9
21703.4
21700.3
21697.2
21694.1
21692.5
21689.4
21686.3
21683.2
21680.1
21676.9
21673.8
21672.3
21669.2
21666.1
21664.5
21661.4
21658.3
21656.7
21653.6
21650.5
21648.9
21645.8
21642.7
21639.6
21638.1
21634.9
21631.8
21630.3
21627.2
21624.1
21620.9
21619.4
21616.3
21611.6
21610.1
21607.0
21603.8
21600.7
21599.2
21596.1
21593.0
21589.8
21588.3
21585.2
21582.1
21580.5
21577.4
21574.3
21571.2
21569.6
21566.5
21563.4
21560.3
21558.7
21555.6
21552.5
21551.0
21546.3
21543.2
21540.1
21538.5
21535.4
21532.3
21529.2
21527.6
21524.5
21521.4
21519.9
21516.7
21513.6
21510.5
21509.0
21505.9
21502.7
21501.2
21498.1
21495.0
21493.4
21490.3
21487.2
21485.6
21482.5
21477.9
21476.3
21473.2
21470.1
21467.0
21465.4
21462.3
21459.2
21457.6
21454.5
21451.4
21449.9
21446.8
21443.6
21442.1
21439.0
21435.9
21434.3
21431.2
21428.1
21425.0
21423.4
21420.3
21417.2
21414.1
21411.0
21407.9
21406.3
21403.2
21400.1
21398.5
21395.4
21392.3
21389.2
21387.6
21384.5
21381.4
21379.9
21376.8
21373.6
21372.1
21369.0
21365.9
21362.8
21361.2
21358.1
21355.0
21353.4
21350.3
21345.7
21344.1
21341.0
21337.9
21334.8
21333.2
21330.1
21327.0
21325.4
21322.3
21319.2
21317.7
21314.5
21311.4
21308.3
21306.8
21303.7
21300.5
21299.0
21295.9
21292.8
21291.2
21288.1
21285.0
21283.4
21278.8
21275.7
21274.1
21271.0
21267.9
21264.8
21263.2
21260.1
21257.0
21255.4
21252.3
21249.2
21247.7
21244.6
21241.4
21239.9
21236.8
21233.7
21232.1
21229.0
21225.9
21222.8
21221.2
21218.1
21213.4
21211.9
21208.8
21205.7
21204.1
21201.0
21197.9
21196.3
21193.2
21190.1
21188.6
21185.5
21182.3
21180.8
21177.7
21174.6
21173.0
21169.9
21166.8
21165.2
21162.1
21159.0
21157.5
21154.3
21151.2
21148.1
21145.0
21141.9
21138.8
21137.2
21134.1
21131.0
21129.5
21126.3
21123.2
21121.7
21118.6
21115.5
21113.9
21110.8
21107.7
21106.1
21103.0
21099.9
21098.4
21095.2
21092.1
21090.6
21087.5
21084.4
21081.2
21078.1
21075.0
21071.9
21070.4
21067.2
21064.1
21062.6
21059.5
21056.4
21054.8
21051.7
21048.6
21047.0
21043.9
21040.8
21039.2
21036.1
21033.0
21029.9
21028.4
21025.2
21022.1
21020.6
21015.9
21012.8
21011.3
21008.1
21005.0
21003.5
21000.4
20997.3
20995.7
20992.6
20989.5
20987.9
20984.8
20981.7
20980.1
20977.0
20973.9
20972.4
20969.3
20967.7
20964.6
20961.5
20959.9
20956.8
20953.7
20952.1
20947.5
20944.4
20942.8
20939.7
20936.6
20935.0
20931.9
20928.8
20927.3
20924.2
20922.6
20919.5
20916.4
20914.8
20911.7
20908.6
20907.0
20903.9
20900.8
20899.3
20896.2
20893.0
20891.5
20888.4
20885.3
20882.2
20879.0
20875.9
20874.4
20871.3
20868.2
20866.6
20863.5
20860.4
20857.3
20855.7
20852.6
20849.5
20847.9
20844.8
20841.7
20840.2
20837.1
20833.9
20832.4
20829.3
20827.7
20824.6
20821.5
20819.9
20815.3
20812.2
20810.6
20807.5
20804.4
20802.8
20799.7
20798.2
20795.1
20791.9
20790.4
20787.3
20784.2
20782.6
20779.5
20777.9
20774.8
20771.7
20770.2
20767.1
20764.0
20762.4
20759.3
20756.2
20754.6
20750.0
20746.8
20745.3
20742.2
20739.1
20737.5
20734.4
20731.3
20728.2
20726.6
20723.5
20722.0
20718.8
20715.7
20714.2
20711.1
20708.0
20706.4
20703.3
20701.7
20698.6
20695.5
20694.0
20690.8
20687.7
20686.2
20681.5
20680.0
20676.9
20673.7
20672.2
20669.1
20667.5
20664.4
20661.3
20659.7
20656.6
20653.5
20652.0
20648.9
20645.7
20642.6
20641.1
20638.0
20634.9
20633.3
20630.2
20627.1
20625.5
20622.4
20620.9
20616.2
20613.1
20611.5
20608.4
20606.9
20603.7
20600.6
20599.1
20596.0
20594.4
20591.3
20588.2
20586.6
20583.5
20582.0
20578.9
20575.8
20574.2
20571.1
20568.0
20566.4
20563.3
20560.2
20557.1
20555.5
20550.9
20547.8
20546.2
20543.1
20541.5
20538.4
20535.3
20533.8
20530.6
20529.1
20526.0
20522.9
20521.3
20518.2
20516.6
20513.5
20510.4
20508.9
20505.8
20504.2
20501.1
20498.0
20496.4
20493.3
20490.2
20488.7
20484.0
20480.9
20479.3
20476.2
20473.1
20471.5
20468.4
20465.3
20463.8
20460.7
20459.1
20456.0
20452.9
20451.3
20448.2
20446.7
20443.5
20442.0
20438.9
20435.8
20434.2
20431.1
20428.0
20426.4
20423.3
20420.2
20417.1
20414.0
20410.9
20409.3
20406.2
20403.1
20401.6
20398.4
20396.9
20393.8
20392.2
20389.1
20386.0
20384.4
20381.3
20379.8
20376.7
20375.1
20372.0
20368.9
20367.3
20364.2
20361.1
20359.6
20356.4
20351.8
20350.2
20347.1
20344.0
20342.5
20339.3
20336.2
20334.7
20331.6
20330.0
20326.9
20325.3
20322.2
20319.1
20317.6
20314.5
20312.9
20309.8
20308.2
20305.1
20302.0
20300.5
20297.3
20294.2
20291.1
20289.6
20284.9
20283.3
20280.2
20277.1
20275.6
20272.5
20270.9
20267.8
20266.2
20263.1
20261.6
20258.5
20255.4
20253.8
20250.7
20247.6
20246.0
20242.9
20239.8
20238.2
20235.1
20232.0
20230.5
20227.4
20225.8
20222.7
20221.1
20216.5
20213.4
20211.8
20208.7
20207.1
20204.0
20202.5
20199.4
20196.2
20194.7
20191.6
20188.5
20186.9
20183.8
20180.7
20179.1
20176.0
20174.5
20171.4
20169.8
20166.7
20163.6
20162.0
20158.9
20157.4
20152.7
20151.1
20148.0
20144.9
20143.4
20140.3
20137.1
20135.6
20132.5
20129.4
20127.8
20124.7
20123.1
20120.0
20118.5
20115.4
20113.8
20110.7
20107.6
20106.0
20102.9
20101.4
20098.3
20095.1
20093.6
20090.5
20085.8
20084.3
20081.2
20079.6
20076.5
20073.4
20071.8
20068.7
20067.2
20064.0
20062.5
20059.4
20057.8
20054.7
20051.6
20050.0
20046.9
20043.8
20042.3
20039.2
20036.0
20034.5
20031.4
20029.8
20026.7
20025.2
20022.0
20018.9
20015.8
20014.3
20011.2
20008.0
20006.5
20003.4
20000.3
19998.7
19995.6
19992.5
19990.9
19987.8
19986.3
19983.2
19981.6
19978.5
19976.9
19973.8
19972.3
19969.2
19966.1
19964.5
19961.4
19958.3
19956.7
19952.1
19948.9
19947.4
19944.3
19942.7
19939.6
19938.1
19934.9
19933.4
19930.3
19928.7
19925.6
19922.5
19920.9
19917.8
19914.7
19913.2
19910.1
19908.5
19905.4
19903.8
19900.7
19899.2
19896.1
19894.5
19891.4
19886.7
19885.2
19882.1
19879.0
19877.4
19874.3
19871.2
19869.6
19866.5
19865.0
19861.8
19860.3
19857.2
19855.6
19852.5
19851.0
19847.8
19844.7
19843.2
19840.1
19837.0
19835.4
19832.3
19830.7
19827.6
19826.1
19823.0
19819.9
19816.7
19815.2
19812.1
19809.0
19807.4
19804.3
19801.2
19799.6
19796.5
19795.0
19791.9
19790.3
19787.2
19785.6
19782.5
19781.0
19777.9
19774.7
19773.2
19770.1
19767.0
19765.4
19762.3
19760.7
19757.6
19756.1
19751.4
19749.9
19746.8
19745.2
19742.1
19740.5
19737.4
19734.3
19731.2
19729.6
19726.5
19725.0
19721.9
19720.3
19717.2
19715.6
19712.5
19711.0
19707.9
19706.3
19703.2
19700.1
19698.5
19695.4
19692.3
19690.8
19686.1
19684.5
19681.4
19679.9
19678.3
19675.2
19672.1
19670.5
19667.4
19664.3
19662.8
19659.7
19658.1
19655.0
19653.4
19650.3
19648.8
19645.7
19644.1
19641.0
19637.9
19636.3
19633.2
19630.1
19628.5
19625.4
19623.9
19619.2
19617.7
19614.5
19613.0
19609.9
19608.3
19605.2
19602.1
19600.5
19597.4
19595.9
19592.8
19591.2
19588.1
19586.5
19583.4
19581.9
19578.8
19577.2
19574.1
19571.0
19569.4
19566.3
19563.2
19561.7
19558.6
19557.0
19553.9
19550.8
19549.2
19546.1
19543.0
19541.4
19538.3
19535.2
19533.7
19530.6
19529.0
19525.9
19524.3
19521.2
19519.7
19516.6
19515.0
19511.9
19508.8
19507.2
19504.1
19502.6
19499.4
19497.9
19494.8
19493.2
19488.6
19487.0
19483.9
19482.3
19479.2
19476.1
19474.6
19471.5
19469.9
19466.8
19465.2
19462.1
19460.6
19457.5
19455.9
19452.8
19449.7
19448.1
19445.0
19443.5
19440.3
19438.8
19435.7
19434.1
19431.0
19429.5
19426.3
19421.7
19420.1
19417.0
19415.5
19412.3
19410.8
19407.7
19406.1
19403.0
19401.5
19398.4
19396.8
19393.7
19390.6
19389.0
19385.9
19384.4
19381.2
19379.7
19376.6
19375.0
19371.9
19370.4
19367.2
19364.1
19362.6
19359.5
19357.9
19353.2
19351.7
19348.6
19347.0
19345.5
19342.4
19339.2
19336.1
19334.6
19331.5
19329.9
19326.8
19325.2
19323.7
19320.6
19319.0
19315.9
19312.8
19311.3
19308.1
19306.6
19303.5
19301.9
19298.8
19297.3
19294.1
19292.6
19287.9
19284.8
19283.3
19280.1
19278.6
19275.5
19273.9
19270.8
19269.3
19267.7
19264.6
19261.5
19259.9
19256.8
19253.7
19252.1
19249.0
19247.5
19245.9
19242.8
19241.3
19238.2
19235.0
19233.5
19230.4
19228.8
19225.7
19222.6
19219.5
19217.9
19214.8
19213.3
19210.2
19207.0
19205.5
19202.4
19200.8
19197.7
19196.2
19194.6
19191.5
19189.9
19186.8
19183.7
19182.2
19179.0
19177.5
19174.4
19172.8
19169.7
19168.2
19165.0
19163.5
19160.4
19155.7
19154.2
19151.1
19149.5
19147.9
19144.8
19143.3
19140.2
19138.6
19135.5
19132.4
19130.8
19127.7
19126.2
19123.1
19121.5
19119.9
19116.8
19113.7
19112.2
19109.1
19105.9
19104.4
19102.8
19099.7
19098.2
19095.1
19093.5
19088.8
19087.3
19084.2
19081.1
19079.5
19077.9
19074.8
19073.3
19070.2
19068.6
19065.5
19062.4
19060.8
19057.7
19056.2
19053.1
19051.5
19050.0
19046.8
19045.3
19042.2
19039.1
19037.5
19034.4
19032.8
19029.7
19028.2
19026.6
19022.0
19018.8
19017.3
19014.2
19012.6
19009.5
19008.0
19004.8
19003.3
19000.2
18998.6
18995.5
18992.4
18990.8
18987.7
18986.2
18984.6
18981.5
18980.0
18976.9
18975.3
18972.2
18969.1
18967.5
18966.0
18962.9
18961.3
18956.6
18955.1
18952.0
18948.9
18947.3
18944.2
18942.6
18941.1
18938.0
18936.4
18933.3
18931.7
18928.6
18925.5
18924.0
18920.9
18919.3
18917.7
18914.6
18913.1
18910.0
18906.9
18905.3
18902.2
18900.6
18899.1
18896.0
18894.4
18889.8
18888.2
18885.1
18882.0
18880.4
18877.3
18875.8
18874.2
18871.1
18869.5
18866.4
18863.3
18861.8
18858.6
18857.1
18855.5
18852.4
18850.9
18847.8
18846.2
18843.1
18840.0
18838.4
18836.9
18833.8
18832.2
18829.1
18827.5
18822.9
18819.8
18818.2
18815.1
18813.5
18812.0
18808.9
18807.3
18804.2
18802.7
18799.5
18796.4
18794.9
18793.3
18790.2
18788.7
18787.1
18784.0
18780.9
18777.8
18776.2
18774.7
18771.5
18770.0
18768.4
18765.3
18762.2
18760.7
18756.0
18754.4
18751.3
18749.8
18748.2
18745.1
18743.5
18740.4
18737.3
18735.8
18732.7
18731.1
18729.6
18726.4
18724.9
18721.8
18718.7
18717.1
18714.0
18712.4
18710.9
18707.8
18706.2
18703.1
18701.6
18698.4
18696.9
18693.8
18690.7
18687.6
18686.0
18682.9
18681.3
18678.2
18676.7
18673.6
18672.0
18670.4
18667.3
18665.8
18662.7
18659.6
18658.0
18654.9
18653.3
18651.8
18648.7
18647.1
18644.0
18640.9
18639.3
18637.8
18634.7
18633.1
18631.6
18628.5
18623.8
18622.2
18619.1
18617.6
18614.5
18612.9
18611.3
18608.2
18605.1
18603.6
18600.5
18598.9
18597.3
18594.2
18592.7
18589.6
18588.0
18584.9
18581.8
18580.2
18578.7
18575.6
18574.0
18572.5
18569.3
18566.2
18564.7
18561.6
18558.5
18556.9
18553.8
18552.2
18549.1
18546.0
18544.5
18542.9
18539.8
18538.2
18536.7
18533.6
18530.5
18528.9
18525.8
18524.2
18522.7
18519.6
18518.0
18514.9
18511.8
18510.2
18507.1
18505.6
18504.0
18500.9
18499.4
18496.2
18494.7
18490.0
18488.5
18485.4
18483.8
18482.2
18479.1
18477.6
18474.5
18471.4
18469.8
18468.3
18465.1
18463.6
18460.5
18458.9
18455.8
18454.3
18451.1
18449.6
18448.0
18444.9
18443.4
18440.3
18437.1
18435.6
18434.0
18430.9
18429.4
18424.7
18423.1
18420.0
18418.5
18415.4
18413.8
18412.3
18409.1
18407.6
18404.5
18402.9
18399.8
18398.3
18396.7
18393.6
18392.0
18388.9
18385.8
18384.3
18382.7
18379.6
18378.0
18374.9
18373.4
18370.3
18368.7
18365.6
18364.0
18362.5
18357.8
18356.3
18353.2
18350.0
18348.5
18346.9
18343.8
18342.3
18339.2
18337.6
18334.5
18332.9
18331.4
18328.3
18326.7
18323.6
18322.0
18318.9
18317.4
18314.3
18312.7
18311.2
18308.0
18306.5
18303.4
18300.3
18298.7
18297.2
18295.6
18290.9
18287.8
18286.3
18283.2
18281.6
18280.1
18276.9
18275.4
18272.3
18270.7
18267.6
18266.1
18262.9
18261.4
18259.8
18256.7
18253.6
18252.1
18250.5
18247.4
18245.8
18244.3
18241.2
18238.1
18236.5
18233.4
18231.8
18230.3
18228.7
18224.1
18220.9
18219.4
18216.3
18214.7
18213.2
18210.1
18208.5
18205.4
18203.8
18200.7
18199.2
18197.6
18194.5
18193.0
18189.8
18186.7
18185.2
18183.6
18182.1
18179.0
18177.4
18174.3
18171.2
18169.6
18168.1
18165.0
18163.4
18158.7
18157.2
18154.1
18152.5
18151.0
18147.8
18146.3
18143.2
18141.6
18138.5
18137.0
18135.4
18132.3
18130.7
18127.6
18124.5
18123.0
18121.4
18119.9
18116.7
18115.2
18112.1
18109.0
18107.4
18105.9
18104.3
18101.2
18099.6
18096.5
18091.9
18090.3
18088.7
18087.2
18084.1
18081.0
18079.4
18076.3
18074.7
18073.2
18071.6
18068.5
18065.4
18063.9
18060.7
18059.2
18057.6
18056.1
18053.0
18049.9
18048.3
18045.2
18043.6
18042.1
18039.0
18037.4
18034.3
18032.8
18031.2
18026.5
18025.0
18021.9
18020.3
18017.2
18015.6
18014.1
18011.0
18009.4
18006.3
18004.8
18001.6
18000.1
17998.5
17995.4
17993.9
17990.8
17989.2
17986.1
17984.5
17983.0
17979.9
17978.3
17975.2
17973.6
17970.5
17969.0
17967.4
17964.3
17961.2
17958.1
17956.5
17953.4
17951.9
17950.3
17947.2
17944.1
17942.5
17941.0
17939.4
17936.3
17934.8
17931.7
17930.1
17927.0
17925.4
17923.9
17920.8
17919.2
17916.1
17914.5
17911.4
17909.9
17908.3
17905.2
17902.1
17900.5
17899.0
17897.4
17892.8
17891.2
17888.1
17886.5
17883.4
17881.9
17880.3
17877.2
17875.7
17872.6
17871.0
17867.9
17866.3
17864.8
17861.7
17858.6
17857.0
17855.4
17853.9
17850.8
17849.2
17846.1
17844.6
17841.4
17839.9
17838.3
17835.2
17833.7
17830.6
17827.4
17825.9
17822.8
17821.2
17818.1
17816.6
17813.4
17811.9
17810.3
17807.2
17805.7
17802.6
17801.0
17799.4
17796.3
17794.8
17791.7
17790.1
17787.0
17785.5
17783.9
17780.8
17779.2
17776.1
17774.6
17773.0
17769.9
17768.3
17765.2
17762.1
17759.0
17757.5
17755.9
17754.3
17751.2
17748.1
17746.6
17745.0
17741.9
17740.3
17737.2
17735.7
17732.6
17731.0
17729.5
17727.9
17724.8
17721.7
17720.1
17718.6
17717.0
17713.9
17712.3
17709.2
17707.7
17704.6
17703.0
17701.5
17698.4
17693.7
17692.1
17690.6
17689.0
17685.9
17684.4
17681.2
17679.7
17678.1
17675.0
17673.5
17670.4
17668.8
17665.7
17664.1
17662.6
17661.0
17657.9
17654.8
17653.2
17651.7
17648.6
17647.0
17643.9
17642.4
17640.8
17637.7
17636.1
17634.6
17631.5
17626.8
17625.3
17623.7
17622.1
17619.0
17617.5
17614.4
17612.8
17611.3
17608.1
17606.6
17603.5
17601.9
17598.8
17597.3
17595.7
17592.6
17591.0
17587.9
17586.4
17584.8
17583.3
17580.1
17577.0
17575.5
17573.9
17572.4
17569.3
17567.7
17563.0
17561.5
17558.4
17556.8
17555.3
17552.1
17550.6
17547.5
17545.9
17544.4
17541.3
17539.7
17536.6
17535.0
17533.5
17531.9
17528.8
17525.7
17524.2
17522.6
17521.0
17517.9
17514.8
17513.3
17511.7
17510.2
17507.0
17505.5
17502.4
17500.8
17496.2
17494.6
17493.0
17489.9
17488.4
17485.3
17483.7
17482.2
17480.6
17477.5
17474.4
17472.8
17471.3
17469.7
17466.6
17463.5
17461.9
17460.4
17458.8
17455.7
17454.2
17451.1
17449.5
17447.9
17444.8
17443.3
17440.2
17438.6
17437.1
17433.9
17432.4
17427.7
17426.2
17424.6
17421.5
17419.9
17418.4
17415.3
17413.7
17410.6
17409.1
17407.5
17404.4
17402.8
17399.7
17398.2
17396.6
17395.1
17391.9
17388.8
17387.3
17385.7
17384.2
17381.1
17377.9
17376.4
17374.8
17373.3
17370.2
17368.6
17365.5
17362.4
17360.8
17359.3
17356.2
17353.1
17351.5
17350.0
17348.4
17345.3
17342.2
17340.6
17339.1
17337.5
17334.4
17332.8
17329.7
17328.2
17326.6
17325.1
17322.0
17318.8
17317.3
17315.7
17314.2
17311.1
17309.5
17306.4
17304.8
17303.3
17300.2
17297.1
17294.0
17292.4
17290.8
17289.3
17286.2
17283.1
17281.5
17280.0
17278.4
17275.3
17273.7
17270.6
17269.1
17267.5
17266.0
17262.9
17259.7
17258.2
17256.6
17255.1
17252.0
17248.9
17247.3
17245.7
17244.2
17241.1
17239.5
17236.4
17234.9
17233.3
17230.2
17227.1
17224.0
17222.4
17220.9
17219.3
17216.2
17213.1
17211.5
17210.0
17208.4
17205.3
17203.7
17200.6
17199.1
17197.5
17196.0
17192.9
17191.3
17188.2
17186.6
17185.1
17182.0
17180.4
17178.9
17175.8
17174.2
17171.1
17169.5
17168.0
17163.3
17161.8
17160.2
17157.1
17155.5
17154.0
17150.9
17149.3
17146.2
17144.6
17143.1
17141.5
17138.4
17136.9
17133.8
17132.2
17130.6
17127.5
17126.0
17122.9
17121.3
17119.8
17118.2
17115.1
17112.0
17110.4
17108.9
17107.3
17104.2
17102.7
17101.1
17096.4
17094.9
17093.3
17090.2
17088.7
17087.1
17084.0
17082.4
17079.3
17077.8
17076.2
17074.7
17071.5
17068.4
17066.9
17065.3
17063.8
17060.7
17059.1
17056.0
17054.4
17052.9
17051.3
17048.2
17046.7
17043.5
17042.0
17040.4
17037.3
17035.8
17034.2
17031.1
17028.0
17024.9
17023.3
17021.8
17020.2
17017.1
17015.6
17012.4
17010.9
17009.3
17007.8
17004.7
17003.1
17000.0
16998.4
16996.9
16993.8
16992.2
16990.7
16989.1
16986.0
16982.9
16981.3
16979.8
16978.2
16975.1
16973.6
16970.4
16968.9
16967.3
16964.2
16961.1
16959.6
16956.4
16954.9
16953.3
16950.2
16948.7
16947.1
16945.6
16942.5
16939.3
16937.8
16936.2
16934.7
16931.6
16930.0
16926.9
16925.3
16923.8
16922.2
16919.1
16917.6
16916.0
16912.9
16911.3
16908.2
16906.7
16905.1
16903.6
16898.9
16897.3
16894.2
16892.7
16891.1
16888.0
16886.5
16884.9
16883.3
16880.2
16878.7
16875.6
16874.0
16872.5
16869.3
16867.8
16866.2
16863.1
16861.6
16860.0
16856.9
16855.4
16853.8
16852.2
16849.1
16846.0
16844.5
16842.9
16841.4
16838.2
16836.7
16835.1
16830.5
16828.9
16825.8
16824.2
16822.7
16821.1
16818.0
16816.5
16813.4
16811.8
16810.2
16808.7
16805.6
16804.0
16802.5
16800.9
16797.8
16794.7
16793.1
16791.6
16790.0
16786.9
16785.4
16783.8
16782.2
16779.1
16776.0
16774.5
16772.9
16771.4
16768.3
16765.1
16763.6
16760.5
16758.9
16757.4
16754.3
16752.7
16751.1
16749.6
16746.5
16743.4
16741.8
16740.3
16738.7
16735.6
16734.0
16732.5
16730.9
16727.8
16724.7
16723.1
16721.6
16720.0
16716.9
16715.4
16713.8
16712.3
16709.1
16707.6
16704.5
16702.9
16699.8
16696.7
16695.1
16693.6
16692.0
16688.9
16687.4
16684.3
16682.7
16681.2
16679.6
16676.5
16674.9
16673.4
16671.8
16668.7
16665.6
16664.0
16662.5
16660.9
16657.8
16656.3
16654.7
16653.2
16650.0
16646.9
16645.4
16643.8
16642.3
16639.2
16637.6
16636.0
16632.9
16629.8
16628.3
16625.2
16623.6
16622.0
16620.5
16617.4
16615.8
16614.3
16612.7
16609.6
16606.5
16604.9
16603.4
16601.8
16598.7
16597.2
16595.6
16594.1
16590.9
16589.4
16587.8
16584.7
16583.2
16580.1
16578.5
16576.9
16575.4
16572.3
16570.7
16569.2
16566.1
16562.9
16559.8
16558.3
16556.7
16555.2
16552.1
16550.5
16548.9
16547.4
16544.3
16542.7
16539.6
16538.1
16536.5
16534.9
16531.8
16530.3
16528.7
16527.2
16524.1
16522.5
16521.0
16517.8
16516.3
16513.2
16511.6
16510.1
16508.5
16505.4
16503.8
16502.3
16499.2
16496.1
16494.5
16491.4
16489.8
16488.3
16485.2
16483.6
16482.1
16480.5
16477.4
16475.8
16474.3
16472.7
16469.6
16466.5
16465.0
16463.4
16461.8
16458.7
16457.2
16455.6
16454.1
16451.0
16449.4
16447.8
16446.3
16443.2
16441.6
16438.5
16437.0
16433.9
16430.7
16429.2
16427.6
16426.1
16423.0
16421.4
16419.9
16418.3
16415.2
16413.6
16410.5
16409.0
16407.4
16405.9
16402.7
16401.2
16399.6
16398.1
16395.0
16393.4
16391.9
16388.7
16387.2
16384.1
16382.5
16381.0
16379.4
16376.3
16374.7
16373.2
16371.6
16367.0
16365.4
16363.9
16362.3
16359.2
16356.1
16354.5
16353.0
16351.4
16348.3
16346.8
16345.2
16343.6
16340.5
16339.0
16337.4
16335.9
16332.8
16331.2
16329.6
16328.1
16325.0
16321.9
16320.3
16318.8
16317.2
16314.1
16312.5
16311.0
16309.4
16306.3
16304.8
16303.2
16300.1
16297.0
16295.4
16293.9
16290.8
16289.2
16286.1
16284.5
16283.0
16281.4
16278.3
16276.8
16275.2
16273.6
16270.5
16269.0
16267.4
16265.9
16262.8
16261.2
16259.7
16256.5
16255.0
16251.9
16250.3
16248.8
16247.2
16244.1
16242.5
16241.0
16239.4
16234.8
16233.2
16231.7
16230.1
16227.0
16225.4
16223.9
16222.3
16219.2
16216.1
16214.5
16213.0
16211.4
16208.3
16206.8
16205.2
16203.7
16200.5
16199.0
16197.4
16195.9
16192.8
16191.2
16189.7
16188.1
16185.0
16183.4
16181.9
16180.3
16177.2
16175.7
16172.6
16171.0
16167.9
16164.8
16163.2
16161.7
16160.1
16157.0
16155.4
16153.9
16152.3
16149.2
16147.7
16146.1
16144.6
16141.4
16139.9
16138.3
16136.8
16133.7
16132.1
16130.6
16129.0
16125.9
16122.8
16121.2
16119.7
16118.1
16115.0
16113.4
16111.9
16110.3
16107.2
16105.7
16104.1
16101.0
16097.9
16096.3
16094.8
16093.2
16090.1
16088.6
16087.0
16085.5
16082.3
16080.8
16079.2
16077.7
16074.6
16073.0
16071.5
16069.9
16066.8
16063.7
16062.1
16060.6
16059.0
16055.9
16054.3
16052.8
16051.2
16048.1
16046.6
16045.0
16043.5
16040.3
16038.8
16035.7
16034.1
16031.0
16029.5
16027.9
16026.3
16023.2
16021.7
16020.1
16018.6
16015.5
16013.9
16012.3
16010.8
16007.7
16006.1
16004.6
16001.5
15999.9
15998.4
15996.8
15993.7
15992.1
15990.6
15989.0
15985.9
15984.4
15981.2
15979.7
15978.1
15976.6
15973.5
15971.9
15968.8
15967.2
15964.1
15962.6
15961.0
15957.9
15956.4
15954.8
15953.2
15950.1
15948.6
15947.0
15945.5
15942.4
15940.8
15939.2
15937.7
15934.6
15933.0
15931.5
15929.9
15926.8
15925.3
15923.7
15922.1
15919.0
15917.5
15915.9
15914.4
15911.3
15909.7
15908.1
15906.6
15901.9
15900.4
15898.8
15897.3
15894.1
15892.6
15891.0
15889.5
15886.4
15884.8
15883.3
15881.7
15878.6
15877.0
15875.5
15872.4
15870.8
15869.3
15867.7
15864.6
15863.0
15861.5
15859.9
15856.8
15855.3
15853.7
15852.1
15849.0
15847.5
15845.9
15844.4
15841.3
15839.7
15838.2
15835.0
15831.9
15830.4
15828.8
15827.3
15824.2
15822.6
15821.0
15819.5
15816.4
15814.8
15813.3
15811.7
15808.6
15807.0
15805.5
15803.9
15800.8
15799.3
15797.7
15796.2
15793.0
15791.5
15789.9
15786.8
15785.3
15783.7
15782.2
15779.0
15777.5
15775.9
15774.4
15769.7
15768.2
15766.6
15765.0
15761.9
15760.4
15758.8
15757.3
15754.2
15752.6
15751.1
15749.5
15746.4
15744.8
15743.3
15741.7
15738.6
15737.1
15735.5
15733.9
15730.8
15729.3
15727.7
15726.2
15723.1
15721.5
15719.9
15718.4
15715.3
15713.7
15712.2
15710.6
15707.5
15705.9
15702.8
15701.3
15698.2
15696.6
15695.1
15691.9
15690.4
15688.8
15687.3
15684.2
15682.6
15681.1
15679.5
15676.4
15674.8
15673.3
15671.7
15668.6
15667.1
15665.5
15664.0
15660.8
15660.8
15659.3
15656.2
15654.6
15653.1
15650.0
15648.4
15646.8
15645.3
15642.2
15640.6
15639.1
15636.0
15632.8
15631.3
15629.7
15628.2
15625.1
15623.5
15622.0
15620.4
15617.3
15615.7
15614.2
15612.6
15609.5
15608.0
15606.4
15604.8
15601.7
15600.2
15598.6
15597.1
15594.0
15592.4
15590.8
15589.3
15586.2
15584.6
15583.1
15581.5
15580.0
15578.4
15575.3
15573.7
15570.6
15569.1
15566.0
15564.4
15562.9
15561.3
15558.2
15556.6
15555.1
15553.5
15550.4
15548.9
15547.3
15545.7
15542.6
15541.1
15539.5
15538.0
15534.9
15533.3
15531.7
15530.2
15527.1
15525.5
15524.0
15522.4
15520.9
15519.3
15516.2
15514.6
15513.1
15511.5
15508.4
15506.9
15503.7
15502.2
15499.1
15497.5
15496.0
15494.4
15491.3
15489.8
15488.2
15486.6
15483.5
15482.0
15480.4
15477.3
15477.3
15475.8
15472.6
15471.1
15469.5
15468.0
15464.9
15463.3
15461.8
15460.2
15457.1
15455.5
15454.0
15452.4
15449.3
15447.8
15446.2
15444.6
15441.5
15440.0
15436.9
15433.8
15433.8
15432.2
15429.1
15427.5
15426.0
15424.4
15421.3
15419.8
15418.2
15416.7
15413.5
15412.0
15410.4
15408.9
15405.8
15404.2
15402.7
15401.1
15398.0
15398.0
15394.9
15393.3
15391.8
15390.2
15387.1
15385.5
15384.0
15382.4
15379.3
15377.8
15376.2
15374.7
15370.0
15368.4
15366.9
15365.3
15362.2
15362.2
15359.1
15357.5
15356.0
15354.4
15351.3
15349.8
15348.2
15346.7
15343.5
15342.0
15340.4
15338.9
15335.8
15334.2
15332.7
15331.1
15329.6
15328.0
15324.9
15323.3
15321.8
15320.2
15317.1
15315.6
15314.0
15312.4
15309.3
15307.8
15304.7
15303.1
15300.0
15300.0
15296.9
15295.3
15293.8
15292.2
15289.1
15287.6
15286.0
15284.4
15281.3
15279.8
15278.2
15276.7
15273.6
15272.0
15272.0
15268.9
15267.3
15265.8
15262.7
15261.1
15259.6
15258.0
15254.9
15253.3
15251.8
15250.2
15247.1
15245.6
15245.6
15242.5
15240.9
15237.8
15236.2
15233.1
15231.6
15230.0
15228.5
15225.3
15223.8
15222.2
15219.1
15219.1
15217.6
15214.5
15212.9
15211.3
15209.8
15206.7
15205.1
15203.6
15202.0
15198.9
15197.3
15195.8
15194.2
15192.7
15191.1
15188.0
15186.5
15184.9
15183.3
15180.2
15178.7
15177.1
15175.6
15170.9
15170.9
15167.8
15166.2
15164.7
15163.1
15160.0
15158.5
15156.9
15155.4
15152.2
15150.7
15149.1
15147.6
15146.0
15144.5
15142.9
15139.8
15138.2
15136.7
15133.6
15132.0
15130.5
15128.9
15125.8
15125.8
15124.2
15121.1
15119.6
15118.0
15116.5
15113.4
15111.8
15110.2
15108.7
15104.0
15104.0
15100.9
15099.4
15097.8
15096.2
15093.1
15091.6
15090.0
15088.5
15085.4
15083.8
15082.2
15080.7
15079.1
15077.6
15074.5
15072.9
15071.4
15069.8
15066.7
15065.1
15065.1
15062.0
15060.5
15058.9
15057.4
15054.3
15052.7
15051.1
15048.0
15046.5
15044.9
15043.4
15041.8
15038.7
15037.1
15034.0
15032.5
15030.9
15029.4
15026.3
15024.7
15023.1
15021.6
15020.0
15018.5
15015.4
15013.8
15012.3
15010.7
15007.6
15006.0
15004.5
15002.9
15001.4
14999.8
14996.7
14995.1
14993.6
14992.0
14988.9
14988.9
14987.4
14984.3
14982.7
14981.2
14979.6
14976.5
14974.9
14971.8
14970.3
14968.7
14967.2
14964.0
14962.5
14960.9
14959.4
14956.3
14954.7
14953.2
14951.6
14950.0
14948.5
14945.4
14943.8
14942.3
14940.7
14937.6
14936.0
14936.0
14932.9
14931.4
14929.8
14928.3
14925.2
14923.6
14922.0
14918.9
14918.9
14917.4
14914.3
14912.7
14911.2
14909.6
14904.9
14903.4
14901.8
14900.3
14898.7
14897.2
14894.1
14892.5
14890.9
14889.4
14886.3
14886.3
14884.7
14881.6
14880.1
14878.5
14875.4
14873.8
14872.3
14870.7
14869.2
14867.6
14866.1
14862.9
14861.4
14859.8
14858.3
14856.7
14855.2
14852.1
14850.5
14848.9
14847.4
14844.3
14842.7
14839.6
14838.1
14836.5
14834.9
14831.8
14830.3
14828.7
14827.2
14825.6
14824.1
14822.5
14819.4
14817.8
14816.3
14814.7
14811.6
14811.6
14808.5
14807.0
14805.4
14803.8
14800.7
14799.2
14797.6
14796.1
14794.5
14793.0
14791.4
14788.3
14786.7
14785.2
14782.1
14782.1
14780.5
14777.4
14775.8
14772.7
14771.2
14768.1
14768.1
14765.0
14763.4
14761.8
14760.3
14757.2
14755.6
14754.1
14752.5
14751.0
14749.4
14747.8
14744.7
14743.2
14741.6
14740.1
14738.5
14737.0
14733.9
14732.3
14730.7
14729.2
14727.6
14726.1
14723.0
14721.4
14719.9
14718.3
14715.2
14713.6
14713.6
14710.5
14707.4
14705.9
14704.3
14701.2
14699.6
14698.1
14696.5
14695.0
14693.4
14690.3
14688.7
14687.2
14685.6
14684.1
14682.5
14679.4
14677.9
14676.3
14674.7
14673.2
14671.6
14670.1
14667.0
14665.4
14663.9
14662.3
14660.7
14659.2
14656.1
14654.5
14653.0
14651.4
14649.9
14648.3
14645.2
14643.6
14640.5
14639.0
14635.9
14635.9
14634.3
14631.2
14629.6
14628.1
14626.5
14623.4
14623.4
14620.3
14618.8
14617.2
14615.6
14612.5
14612.5
14609.4
14607.9
14606.3
14604.8
14601.6
14600.1
14600.1
14597.0
14595.4
14593.9
14592.3
14589.2
14589.2
14586.1
14584.5
14583.0
14581.4
14578.3
14578.3
14576.8
14572.1
14570.5
14569.0
14565.9
14564.3
14564.3
14561.2
14559.7
14558.1
14556.5
14553.4
14553.4
14550.3
14548.8
14547.2
14545.7
14542.5
14542.5
14541.0
14537.9
14536.3
14534.8
14533.2
14531.7
14530.1
14527.0
14525.4
14523.9
14522.3
14520.8
14519.2
14516.1
14514.5
14513.0
14511.4
14508.3
14506.8
14505.2
14502.1
14500.5
14499.0
14497.4
14495.9
14494.3
14491.2
14489.7
14488.1
14486.5
14485.0
14483.4
14480.3
14478.8
14477.2
14475.7
14474.1
14472.6
14471.0
14467.9
14466.3
14464.8
14463.2
14461.7
14460.1
14457.0
14455.4
14455.4
14452.3
14450.8
14449.2
14447.7
14444.6
14444.6
14439.9
14438.3
14436.8
14435.2
14433.7
14432.1
14429.0
14427.4
14425.9
14424.3
14422.8
14421.2
14419.7
14416.6
14415.0
14413.4
14411.9
14410.3
14408.8
14405.7
14404.1
14404.1
14401.0
14399.4
14397.9
14394.8
14393.2
14393.2
14390.1
14388.6
14387.0
14385.5
14383.9
14382.3
14379.2
14377.7
14374.6
14373.0
14371.5
14369.9
14368.3
14365.2
14363.7
14362.1
14360.6
14359.0
14357.5
14354.3
14352.8
14351.2
14349.7
14348.1
14346.6
14343.5
14343.5
14341.9
14338.8
14337.2
14335.7
14334.1
14332.6
14331.0
14327.9
14326.3
14324.8
14323.2
14321.7
14320.1
14318.6
14315.5
14315.5
14312.4
14309.2
14307.7
14306.1
14304.6
14303.0
14299.9
14298.4
14296.8
14295.2
14293.7
14292.1
14290.6
14287.5
14285.9
14284.4
14282.8
14281.2
14279.7
14276.6
14276.6
14275.0
14271.9
14270.4
14268.8
14267.2
14265.7
14264.1
14261.0
14259.5
14257.9
14256.4
14254.8
14253.2
14250.1
14250.1
14248.6
14245.5
14242.4
14240.8
14239.2
14237.7
14236.1
14233.0
14231.5
14231.5
14228.4
14226.8
14225.3
14222.1
14222.1
14220.6
14217.5
14215.9
14214.4
14212.8
14211.3
14209.7
14206.6
14205.0
14205.0
14201.9
14200.4
14198.8
14197.3
14195.7
14194.1
14191.0
14189.5
14189.5
14186.4
14184.8
14183.3
14180.1
14180.1
14178.6
14173.9
14172.4
14170.8
14169.3
14167.7
14166.1
14163.0
14161.5
14161.5
14158.4
14156.8
14155.3
14153.7
14152.1
14150.6
14147.5
14145.9
14145.9
14142.8
14141.3
14139.7
14136.6
14136.6
14135.0
14131.9
14130.4
14128.8
14127.3
14125.7
14124.2
14121.0
14121.0
14119.5
14116.4
14114.8
14113.3
14111.7
14108.6
14107.0
14103.9
14102.4
14102.4
14099.3
14097.7
14096.2
14094.6
14093.0
14091.5
14088.4
14086.8
14085.3
14083.7
14082.2
14080.6
14079.0
14077.5
14075.9
14072.8
14071.3
14069.7
14068.2
14066.6
14065.0
14063.5
14061.9
14060.4
14057.3
14055.7
14054.2
14052.6
14051.1
14049.5
14047.9
14046.4
14041.7
14040.2
14038.6
14037.1
14035.5
14033.9
14032.4
14030.8
14029.3
14026.2
14024.6
14023.1
14021.5
14019.9
14018.4
14016.8
14015.3
14013.7
14010.6
14009.1
14007.5
14005.9
14004.4
14002.8
13999.7
13999.7
13998.2
13995.1
13993.5
13991.9
13990.4
13988.8
13987.3
13985.7
13984.2
13982.6
13979.5
13976.4
13974.8
13973.3
13971.7
13970.2
13968.6
13967.1
13964.0
13962.4
13962.4
13959.3
13957.7
13956.2
13954.6
13953.1
13951.5
13948.4
13946.8
13946.8
13943.7
13942.2
13940.6
13939.1
13937.5
13936.0
13932.8
13932.8
13931.3
13928.2
13926.6
13925.1
13923.5
13922.0
13920.4
13918.8
13917.3
13914.2
13912.6
13912.6
13908.0
13906.4
13904.8
13903.3
13901.7
13900.2
13897.1
13895.5
13895.5
13892.4
13890.8
13889.3
13887.7
13886.2
13884.6
13881.5
13881.5
13880.0
13876.9
13875.3
13873.7
13872.2
13870.6
13869.1
13867.5
13866.0
13862.9
13861.3
13861.3
13858.2
13856.6
13855.1
13853.5
13852.0
13850.4
13847.3
13847.3
13844.2
13841.1
13839.5
13838.0
13836.4
13834.9
13833.3
13831.7
13830.2
13827.1
13825.5
13825.5
13822.4
13820.9
13819.3
13817.7
13816.2
13814.6
13811.5
13811.5
13810.0
13806.9
13805.3
13803.7
13802.2
13800.6
13799.1
13797.5
13796.0
13794.4
13791.3
13791.3
13788.2
13786.6
13785.1
13783.5
13782.0
13780.4
13777.3
13775.8
13774.2
13771.1
13771.1
13768.0
13766.4
13764.9
13763.3
13761.8
13760.2
13758.6
13757.1
13755.5
13752.4
13750.9
13750.9
13747.8
13746.2
13744.6
13743.1
13741.5
13740.0
13738.4
13736.9
13733.8
13732.2
13732.2
13729.1
13727.5
13726.0
13724.4
13722.9
13721.3
13718.2
13718.2
13716.7
13713.5
13710.4
13708.9
13707.3
13705.8
13704.2
13702.7
13701.1
13698.0
13698.0
13696.4
13693.3
13691.8
13690.2
13688.7
13687.1
13685.5
13684.0
13682.4
13680.9
13679.3
13677.8
13674.7
13673.1
13673.1
13670.0
13668.4
13666.9
13665.3
13663.8
13662.2
13660.7
13659.1
13656.0
13654.4
13654.4
13651.3
13649.8
13648.2
13645.1
13643.5
13642.0
13640.4
13638.9
13637.3
13634.2
13634.2
13631.1
13629.6
13629.6
13626.4
13624.9
13623.3
13621.8
13620.2
13618.7
13617.1
13615.6
13612.4
13610.9
13610.9
13607.8
13606.2
13604.7
13603.1
13601.6
13600.0
13598.4
13596.9
13595.3
13592.2
13592.2
13589.1
13587.6
13587.6
13584.4
13582.9
13581.3
13578.2
13576.7
13575.1
13573.6
13572.0
13568.9
13567.3
13567.3
13564.2
13562.7
13561.1
13559.6
13558.0
13556.4
13554.9
13553.3
13551.8
13550.2
13548.7
13545.6
13544.0
13544.0
13540.9
13539.3
13537.8
13536.2
13534.7
13533.1
13531.6
13530.0
13526.9
13526.9
13525.3
13522.2
13520.7
13519.1
13517.6
13516.0
13514.5
13511.3
13509.8
13508.2
13506.7
13505.1
13502.0
13502.0
13500.5
13497.3
13497.3
13494.2
13492.7
13491.1
13489.6
13488.0
13486.5
13484.9
13483.3
13481.8
13480.2
13478.7
13475.6
13474.0
13474.0
13470.9
13469.3
13467.8
13466.2
13464.7
13463.1
13461.6
13460.0
13458.5
13456.9
13455.4
13452.2
13452.2
13450.7
13447.6
13444.5
13442.9
13441.4
13439.8
13438.2
13436.7
13435.1
13433.6
13432.0
13430.5
13427.4
13427.4
13424.2
13422.7
13422.7
13419.6
13418.0
13416.5
13414.9
13413.4
13411.8
13410.2
13408.7
13407.1
13405.6
13404.0
13400.9
13400.9
13397.8
13396.2
13396.2
13393.1
13391.6
13390.0
13388.5
13386.9
13385.4
13383.8
13382.2
13379.1
13377.6
13376.0
13372.9
13372.9
13371.4
13368.3
13368.3
13365.1
13363.6
13362.0
13360.5
13358.9
13357.4
13355.8
13354.3
13352.7
13351.1
13349.6
13346.5
13346.5
13344.9
13341.8
13341.8
13338.7
13337.1
13335.6
13334.0
13332.5
13330.9
13329.4
13327.8
13326.3
13324.7
13323.1
13321.6
13320.0
13318.5
13315.4
13315.4
13310.7
13309.1
13309.1
13306.0
13304.5
13302.9
13301.4
13299.8
13298.3
13296.7
13295.1
13293.6
13292.0
13290.5
13287.4
13287.4
13285.8
13282.7
13282.7
13279.6
13278.0
13278.0
13274.9
13273.4
13271.8
13270.3
13268.7
13267.2
13265.6
13264.0
13262.5
13260.9
13259.4
13256.3
13256.3
13253.2
13251.6
13251.6
13248.5
13245.4
13243.8
13242.3
13240.7
13239.2
13237.6
13236.0
13234.5
13232.9
13231.4
13229.8
13228.3
13225.2
13225.2
13223.6
13220.5
13220.5
13217.4
13215.8
13215.8
13212.7
13211.2
13209.6
13208.1
13206.5
13204.9
13203.4
13201.8
13200.3
13198.7
13197.2
13195.6
13194.1
13192.5
13190.9
13189.4
13186.3
13186.3
13183.2
13180.1
13180.1
13176.9
13175.4
13173.8
13172.3
13170.7
13169.2
13167.6
13166.1
13164.5
13162.9
13161.4
13159.8
13158.3
13156.7
13155.2
13153.6
13150.5
13150.5
13148.9
13145.8
13145.8
13142.7
13141.2
13139.6
13138.1
13136.5
13134.9
13133.4
13131.8
13130.3
13128.7
13127.2
13125.6
13124.1
13122.5
13121.0
13119.4
13116.3
13116.3
13113.2
13111.6
13110.1
13107.0
13107.0
13105.4
13102.3
13102.3
13099.2
13097.6
13096.1
13094.5
13093.0
13091.4
13089.8
13088.3
13086.7
13085.2
13083.6
13082.1
13080.5
13079.0
13077.4
13075.8
13072.7
13072.7
13071.2
13068.1
13068.1
13065.0
13065.0
13063.4
13060.3
13060.3
13057.2
13055.6
13054.1
13052.5
13051.0
13049.4
13046.3
13044.7
13043.2
13041.6
13040.1
13038.5
13037.0
13035.4
13033.9
13032.3
13030.7
13029.2
13027.6
13026.1
13024.5
13021.4
13021.4
13019.9
13016.7
13016.7
13013.6
13012.1
13010.5
13009.0
13009.0
13005.9
13004.3
13002.7
13001.2
12999.6
12998.1
12996.5
12995.0
12993.4
12991.9
12990.3
12988.7
12987.2
12985.6
12984.1
12981.0
12979.4
12977.9
12976.3
12974.7
12973.2
12970.1
12970.1
12968.5
12965.4
12965.4
12962.3
12962.3
12959.2
12957.6
12957.6
12954.5
12953.0
12951.4
12949.9
12948.3
12946.8
12945.2
12943.6
12942.1
12940.5
12939.0
12937.4
12935.9
12934.3
12932.8
12931.2
12929.6
12928.1
12926.5
12925.0
12923.4
12921.9
12920.3
12917.2
12917.2
12914.1
12911.0
12911.0
12907.9
12907.9
12906.3
12903.2
12903.2
12900.1
12898.5
12898.5
12895.4
12895.4
12892.3
12890.8
12890.8
12887.6
12886.1
12884.5
12883.0
12883.0
12879.9
12878.3
12876.8
12875.2
12873.6
12872.1
12870.5
12869.0
12867.4
12865.9
12864.3
12862.8
12861.2
12859.7
12858.1
12856.5
12855.0
12853.4
12851.9
12850.3
12847.2
12845.7
12844.1
12842.5
12841.0
12839.4
12837.9
12836.3
12833.2
12833.2
12830.1
12830.1
12828.5
12825.4
12825.4
12822.3
12820.8
12820.8
12817.7
12817.7
12814.5
12813.0
12813.0
12809.9
12808.3
12806.8
12805.2
12805.2
12802.1
12800.5
12799.0
12797.4
12797.4
12794.3
12792.8
12791.2
12789.7
12788.1
12786.5
12785.0
12781.9
12780.3
12778.8
12777.2
12775.7
12774.1
12772.6
12771.0
12769.4
12767.9
12766.3
12764.8
12763.2
12761.7
12760.1
12758.6
12757.0
12755.4
12753.9
12752.3
12750.8
12749.2
12747.7
12744.6
12744.6
12743.0
12741.4
12739.9
12736.8
12736.8
12735.2
12733.7
12732.1
12729.0
12729.0
12727.4
12725.9
12724.3
12721.2
12721.2
12719.7
12718.1
12715.0
12711.9
12711.9
12710.3
12707.2
12707.2
12704.1
12704.1
12701.0
12699.4
12699.4
12696.3
12696.3
12693.2
12691.7
12691.7
12688.6
12688.6
12685.5
12683.9
12683.9
12680.8
12680.8
12677.7
12676.1
12676.1
12673.0
12673.0
12669.9
12668.3
12668.3
12665.2
12665.2
12662.1
12660.6
12659.0
12657.5
12657.5
12654.3
12652.8
12651.2
12648.1
12648.1
12645.0
12643.5
12641.9
12640.3
12640.3
12637.2
12635.7
12634.1
12632.6
12632.6
12629.5
12627.9
12626.3
12624.8
12624.8
12621.7
12620.1
12618.6
12617.0
12615.5
12613.9
12612.4
12610.8
12609.2
12607.7
12606.1
12604.6
12603.0
12601.5
12599.9
12598.4
12598.4
12595.2
12593.7
12592.1
12590.6
12590.6
12587.5
12585.9
12584.4
12581.2
12581.2
12578.1
12576.6
12575.0
12573.5
12571.9
12570.4
12568.8
12567.2
12565.7
12564.1
12562.6
12562.6
12559.5
12557.9
12556.4
12554.8
12554.8
12551.7
12550.1
12548.6
12547.0
12547.0
12543.9
12543.9
12540.8
12539.2
12539.2
12536.1
12536.1
12533.0
12531.5
12529.9
12528.4
12528.4
12525.3
12525.3
12522.1
12520.6
12520.6
12515.9
12515.9
12512.8
12511.3
12511.3
12508.1
12508.1
12505.0
12505.0
12503.5
12500.4
12500.4
12497.3
12497.3
12495.7
12492.6
12492.6
12489.5
12489.5
12486.4
12486.4
12484.8
12481.7
12481.7
12478.6
12478.6
12477.0
12475.5
12473.9
12470.8
12470.8
12469.3
12467.7
12466.1
12463.0
12463.0
12461.5
12459.9
12458.4
12456.8
12455.3
12453.7
12452.1
12449.0
12447.5
12445.9
12444.4
12442.8
12441.3
12439.7
12438.2
12436.6
12435.0
12433.5
12431.9
12430.4
12428.8
12427.3
12425.7
12424.2
12422.6
12421.0
12419.5
12417.9
12416.4
12414.8
12413.3
12411.7
12410.2
12408.6
12407.0
12405.5
12403.9
12402.4
12400.8
12399.3
12399.3
12396.2
12394.6
12393.0
12391.5
12391.5
12388.4
12388.4
12385.3
12382.2
12382.2
12379.0
12379.0
12375.9
12375.9
12374.4
12371.3
12371.3
12368.2
12368.2
12366.6
12365.0
12363.5
12361.9
12360.4
12357.3
12357.3
12355.7
12354.2
12352.6
12351.1
12349.5
12347.9
12346.4
12344.8
12343.3
12341.7
12340.2
12338.6
12337.1
12335.5
12333.9
12332.4
12330.8
12329.3
12327.7
12326.2
12324.6
12324.6
12321.5
12319.9
12316.8
12315.3
12313.7
12312.2
12312.2
12309.1
12309.1
12305.9
12304.4
12304.4
12301.3
12301.3
12298.2
12298.2
12296.6
12295.1
12293.5
12290.4
12290.4
12288.8
12287.3
12285.7
12284.2
12282.6
12281.1
12279.5
12277.9
12276.4
12274.8
12273.3
12271.7
12270.2
12268.6
12267.1
12265.5
12264.0
12262.4
12260.8
12259.3
12257.7
12256.2
12254.6
12254.6
12250.0
12250.0
12246.8
12245.3
12245.3
12242.2
12242.2
12239.1
12239.1
12237.5
12236.0
12234.4
12232.8
12231.3
12228.2
12228.2
12226.6
12225.1
12223.5
12222.0
12220.4
12218.8
12217.3
12215.7
12214.2
12212.6
12211.1
12209.5
12208.0
12206.4
12204.8
12203.3
12203.3
12200.2
12200.2
12197.1
12195.5
12195.5
12192.4
12192.4
12189.3
12189.3
12186.2
12186.2
12183.1
12181.5
12180.0
12178.4
12176.9
12175.3
12173.7
12172.2
12170.6
12169.1
12167.5
12166.0
12164.4
12162.9
12161.3
12159.7
12159.7
12156.6
12155.1
12153.5
12152.0
12152.0
12148.9
12148.9
12145.7
12145.7
12142.6
12142.6
12141.1
12139.5
12138.0
12134.9
12134.9
12133.3
12131.7
12130.2
12128.6
12127.1
12125.5
12124.0
12122.4
12120.9
12117.7
12116.2
12116.2
12113.1
12111.5
12110.0
12108.4
12108.4
12105.3
12105.3
12102.2
12102.2
12099.1
12099.1
12097.5
12096.0
12094.4
12092.9
12091.3
12089.8
12088.2
12086.6
12085.1
12083.5
12082.0
12080.4
12078.9
12077.3
12075.8
12074.2
12074.2
12071.1
12071.1
12068.0
12068.0
12066.4
12064.9
12063.3
12061.8
12060.2
12058.6
12057.1
12055.5
12054.0
12050.9
12049.3
12047.8
12046.2
12044.6
12043.1
12041.5
12040.0
12038.4
12038.4
12035.3
12035.3
12032.2
12032.2
12030.6
12029.1
12027.5
12026.0
12024.4
12022.9
12021.3
12019.8
12018.2
12016.7
12015.1
12013.5
12012.0
12010.4
12008.9
12007.3
12005.8
12004.2
12004.2
12001.1
12001.1
11998.0
11998.0
11996.4
11994.9
11993.3
11991.8
11990.2
11988.7
11987.1
11984.0
11982.4
11980.9
11979.3
11979.3
11976.2
11974.7
11973.1
11971.5
11971.5
11968.4
11968.4
11965.3
11965.3
11962.2
11962.2
11960.7
11959.1
11957.5
11956.0
11954.4
11952.9
11951.3
11949.8
11948.2
11946.7
11945.1
11945.1
11942.0
11942.0
11938.9
11938.9
11937.3
11935.8
11934.2
11932.7
11931.1
11929.6
11928.0
11926.4
11924.9
11923.3
11921.8
11918.7
11917.1
11917.1
11914.0
11914.0
11910.9
11910.9
11909.3
11907.8
11906.2
11904.7
11903.1
11901.6
11900.0
11898.4
11896.9
11895.3
11893.8
11893.8
11890.7
11890.7
11887.6
11887.6
11886.0
11884.4
11882.9
11881.3
11879.8
11876.7
11876.7
11875.1
11873.6
11872.0
11870.4
11868.9
11867.3
11865.8
11864.2
11862.7
11861.1
11859.6
11859.6
11856.4
11856.4
11854.9
11851.8
11850.2
11848.7
11847.1
11845.6
11844.0
11842.5
11842.5
11839.3
11839.3
11836.2
11836.2
11833.1
11833.1
11831.6
11830.0
11828.5
11826.9
11825.3
11823.8
11822.2
11820.7
11819.1
11817.6
11816.0
11816.0
11812.9
11812.9
11809.8
11809.8
11808.2
11806.7
11805.1
11803.6
11802.0
11800.5
11798.9
11797.3
11795.8
11794.2
11792.7
11791.1
11789.6
11789.6
11784.9
11784.9
11781.8
11781.8
11780.2
11778.7
11777.1
11775.6
11774.0
11772.5
11770.9
11769.3
11767.8
11766.2
11764.7
11764.7
11761.6
11761.6
11758.5
11758.5
11756.9
11755.4
11753.8
11752.2
11750.7
11749.1
11747.6
11746.0
11746.0
11742.9
11742.9
11739.8
11739.8
11738.2
11736.7
11735.1
11733.6
11732.0
11730.5
11728.9
11727.4
11725.8
11724.2
11722.7
11722.7
11718.0
11718.0
11714.9
11714.9
11713.4
11711.8
11710.2
11708.7
11707.1
11705.6
11704.0
11702.5
11702.5
11699.4
11699.4
11696.2
11696.2
11694.7
11693.1
11691.6
11690.0
11688.5
11686.9
11685.4
11683.8
11682.2
11680.7
11679.1
11679.1
11677.6
11676.0
11674.5
11672.9
11671.4
11669.8
11668.3
11666.7
11665.1
11663.6
11662.0
11660.5
11660.5
11657.4
11657.4
11652.7
11652.7
11651.1
11649.6
11648.0
11646.5
11644.9
11643.4
11643.4
11640.3
11640.3
11637.1
11637.1
11635.6
11634.0
11632.5
11630.9
11629.4
11627.8
11626.3
11624.7
11624.7
11621.6
11621.6
11618.5
11618.5
11616.9
11615.4
11613.8
11612.3
11610.7
11609.1
11607.6
11606.0
11604.5
11602.9
11602.9
11601.4
11599.8
11598.3
11596.7
11595.1
11593.6
11592.0
11590.5
11588.9
11585.8
11584.3
11584.3
11581.2
11581.2
11579.6
11578.0
11576.5
11574.9
11573.4
11571.8
11570.3
11568.7
11567.2
11565.6
11565.6
11562.5
11562.5
11560.9
11559.4
11557.8
11556.3
11554.7
11553.2
11551.6
11550.0
11550.0
11546.9
11546.9
11543.8
11543.8
11542.3
11540.7
11539.2
11537.6
11536.0
11534.5
11532.9
11531.4
11531.4
11528.3
11528.3
11526.7
11525.2
11523.6
11522.0
11518.9
11517.4
11515.8
11514.3
11514.3
11511.2
11511.2
11508.1
11508.1
11506.5
11504.9
11503.4
11501.8
11500.3
11498.7
11498.7
11495.6
11495.6
11494.1
11492.5
11490.9
11489.4
11487.8
11486.3
11484.7
11483.2
11481.6
11480.1
11480.1
11478.5
11476.9
11475.4
11473.8
11472.3
11470.7
11469.2
11467.6
11466.1
11464.5
11464.5
11462.9
11461.4
11459.8
11458.3
11456.7
11453.6
11452.1
11450.5
11448.9
11448.9
11445.8
11445.8
11444.3
11442.7
11441.2
11439.6
11438.1
11436.5
11436.5
11433.4
11433.4
11430.3
11430.3
11428.7
11427.2
11425.6
11424.1
11422.5
11421.0
11421.0
11417.8
11417.8
11414.7
11414.7
11413.2
11411.6
11410.1
11408.5
11407.0
11405.4
11403.8
11402.3
11402.3
11399.2
11399.2
11397.6
11396.1
11394.5
11393.0
11391.4
11389.8
11386.7
11385.2
11385.2
11383.6
11382.1
11380.5
11379.0
11377.4
11375.8
11374.3
11374.3
11371.2
11371.2
11369.6
11368.1
11366.5
11365.0
11363.4
11361.8
11360.3
11358.7
11358.7
11355.6
11355.6
11352.5
11352.5
11351.0
11349.4
11347.8
11346.3
11344.7
11343.2
11343.2
11341.6
11340.1
11338.5
11337.0
11335.4
11333.9
11332.3
11332.3
11329.2
11329.2
11327.6
11326.1
11324.5
11323.0
11319.9
11318.3
11316.7
11315.2
11315.2
11312.1
11312.1
11309.0
11309.0
11307.4
11305.9
11304.3
11302.7
11301.2
11299.6
11299.6
11298.1
11296.5
11295.0
11293.4
11291.9
11290.3
11288.7
11288.7
11285.6
11285.6
11284.1
11282.5
11281.0
11279.4
11277.9
11276.3
11274.7
11273.2
11273.2
11271.6
11270.1
11268.5
11267.0
11265.4
11263.9
11262.3
11262.3
11259.2
11259.2
11257.6
11254.5
11253.0
11251.4
11249.9
11248.3
11248.3
11245.2
11245.2
11242.1
11242.1
11240.5
11239.0
11237.4
11235.9
11234.3
11234.3
11231.2
11231.2
11229.6
11228.1
11226.5
11225.0
11223.4
11221.9
11221.9
11218.8
11218.8
11217.2
11215.6
11214.1
11212.5
11211.0
11209.4
11207.9
11207.9
11206.3
11204.8
11203.2
11201.6
11200.1
11198.5
11198.5
11195.4
11195.4
11192.3
11192.3
11190.8
11187.6
11186.1
11184.5
11183.0
11183.0
11179.9
11179.9
11178.3
11176.8
11175.2
11173.6
11172.1
11170.5
11170.5
11167.4
11167.4
11165.9
11164.3
11162.8
11161.2
11159.7
11159.7
11156.5
11156.5
11155.0
11153.4
11151.9
11150.3
11148.8
11147.2
11145.7
11144.1
11144.1
11142.5
11141.0
11139.4
11137.9
11136.3
11136.3
11133.2
11133.2
11130.1
11130.1
11128.5
11127.0
11125.4
11123.9
11120.8
11120.8
11119.2
11117.7
11116.1
11114.5
11113.0
11111.4
11111.4
11108.3
11108.3
11105.2
11105.2
11103.7
11102.1
11100.5
11099.0
11097.4
11097.4
11094.3
11094.3
11092.8
11091.2
11089.7
11088.1
11086.5
11085.0
11085.0
11083.4
11081.9
11080.3
11078.8
11077.2
11077.2
11074.1
11074.1
11071.0
11071.0
11069.4
11067.9
11066.3
11064.8
11063.2
11063.2
11061.7
11060.1
11058.6
11055.4
11053.9
11052.3
11050.8
11049.2
11049.2
11047.7
11046.1
11044.6
11043.0
11041.4
11041.4
11038.3
11038.3
11035.2
11035.2
11033.7
11032.1
11030.6
11030.6
11027.4
11027.4
11025.9
11024.3
11022.8
11021.2
11019.7
11018.1
11018.1
11016.6
11015.0
11013.4
11011.9
11010.3
11008.8
11007.2
11007.2
11004.1
11004.1
11002.6
11001.0
10999.5
10999.5
10996.3
10996.3
10993.2
10993.2
10991.7
10988.6
10987.0
10985.5
10983.9
10983.9
10982.3
10980.8
10979.2
10977.7
10976.1
10974.6
10974.6
10973.0
10971.5
10969.9
10968.3
10966.8
10965.2
10963.7
10963.7
10960.6
10960.6
10959.0
10957.5
10955.9
10954.3
10952.8
10952.8
10949.7
10949.7
10948.1
10946.6
10945.0
10943.5
10941.9
10941.9
10940.3
10938.8
10937.2
10935.7
10934.1
10932.6
10932.6
10931.0
10929.5
10927.9
10926.3
10924.8
10921.7
10920.1
10920.1
10918.6
10917.0
10915.5
10913.9
10912.4
10912.4
10909.2
10909.2
10907.7
10906.1
10904.6
10903.0
10901.5
10901.5
10898.4
10898.4
10896.8
10895.2
10893.7
10892.1
10890.6
10890.6
10889.0
10887.5
10885.9
10884.4
10882.8
10881.2
10879.7
10879.7
10878.1
10876.6
10875.0
10873.5
10871.9
10870.4
10870.4
10868.8
10867.2
10865.7
10864.1
10862.6
10862.6
10859.5
10859.5
10857.9
10854.8
10853.2
10853.2
10850.1
10850.1
10847.0
10847.0
10845.5
10843.9
10842.4
10842.4
10839.2
10839.2
10836.1
10836.1
10834.6
10833.0
10831.5
10831.5
10828.4
10828.4
10826.8
10825.3
10823.7
10822.1
10820.6
10820.6
10819.0
10817.5
10815.9
10814.4
10812.8
10811.3
10811.3
10809.7
10808.1
10806.6
10805.0
10803.5
10803.5
10801.9
10800.4
10798.8
10797.3
10795.7
10794.1
10792.6
10792.6
10789.5
10787.9
10786.4
10784.8
10783.3
10783.3
10780.1
10780.1
10778.6
10777.0
10775.5
10775.5
10772.4
10772.4
10770.8
10769.3
10767.7
10766.1
10764.6
10764.6
10761.5
10761.5
10759.9
10758.4
10756.8
10756.8
10753.7
10753.7
10750.6
10750.6
10749.0
10747.5
10745.9
10745.9
10742.8
10742.8
10741.3
10739.7
10738.2
10738.2
10735.0
10735.0
10733.5
10731.9
10730.4
10728.8
10727.3
10727.3
10725.7
10722.6
10721.0
10719.5
10717.9
10717.9
10716.4
10714.8
10713.3
10711.7
10710.2
10708.6
10707.0
10707.0
10705.5
10703.9
10702.4
10700.8
10699.3
10699.3
10697.7
10696.2
10694.6
10693.0
10691.5
10689.9
10689.9
10688.4
10686.8
10685.3
10683.7
10682.2
10682.2
10680.6
10679.0
10677.5
10675.9
10674.4
10674.4
10672.8
10671.3
10669.7
10668.2
10666.6
10665.0
10663.5
10663.5
10661.9
10660.4
10658.8
10655.7
10654.2
10654.2
10652.6
10651.1
10649.5
10647.9
10646.4
10646.4
10644.8
10643.3
10641.7
10640.2
10638.6
10638.6
10637.1
10635.5
10633.9
10632.4
10630.8
10630.8
10629.3
10627.7
10626.2
10624.6
10623.1
10621.5
10619.9
10619.9
10618.4
10616.8
10615.3
10613.7
10612.2
10612.2
10610.6
10609.1
10607.5
10605.9
10604.4
10604.4
10602.8
10601.3
10599.7
10598.2
10596.6
10596.6
10595.1
10593.5
10590.4
10588.8
10587.3
10587.3
10585.7
10584.2
10582.6
10581.1
10579.5
10577.9
10577.9
10576.4
10574.8
10573.3
10571.7
10570.2
10570.2
10568.6
10567.1
10565.5
10564.0
10562.4
10562.4
10560.8
10559.3
10557.7
10556.2
10554.6
10554.6
10553.1
10551.5
10550.0
10548.4
10546.8
10546.8
10545.3
10543.7
10542.2
10540.6
10539.1
10539.1
10536.0
10536.0
10534.4
10532.8
10531.3
10531.3
10528.2
10528.2
10526.6
10523.5
10522.0
10522.0
10518.8
10518.8
10517.3
10515.7
10514.2
10514.2
10511.1
10511.1
10509.5
10508.0
10506.4
10506.4
10503.3
10503.3
10501.7
10500.2
10498.6
10498.6
10495.5
10495.5
10494.0
10492.4
10490.8
10490.8
10487.7
10487.7
10486.2
10484.6
10483.1
10483.1
10480.0
10480.0
10478.4
10476.9
10475.3
10475.3
10472.2
10472.2
10470.6
10469.1
10467.5
10467.5
10466.0
10464.4
10462.9
10461.3
10459.7
10459.7
10456.6
10455.1
10453.5
10452.0
10450.4
10448.9
10448.9
10447.3
10445.7
10444.2
10442.6
10441.1
10441.1
10439.5
10438.0
10436.4
10434.9
10433.3
10433.3
10431.7
10430.2
10428.6
10428.6
10425.5
10425.5
10424.0
10422.4
10420.9
10420.9
10417.7
10417.7
10416.2
10414.6
10413.1
10413.1
10410.0
10410.0
10408.4
10406.9
10405.3
10405.3
10403.8
10402.2
10400.6
10399.1
10397.5
10397.5
10396.0
10394.4
10391.3
10389.8
10388.2
10388.2
10386.6
10385.1
10383.5
10382.0
10382.0
10380.4
10378.9
10377.3
10375.8
10374.2
10374.2
10372.6
10371.1
10369.5
10368.0
10366.4
10366.4
10363.3
10363.3
10361.8
10361.8
10358.6
10358.6
10357.1
10355.5
10354.0
10354.0
10350.9
10350.9
10349.3
10347.8
10346.2
10346.2
10344.6
10343.1
10341.5
10340.0
10338.4
10338.4
10336.9
10335.3
10333.8
10332.2
10330.6
10330.6
10329.1
10327.5
10324.4
10322.9
10322.9
10319.8
10319.8
10318.2
10316.7
10315.1
10315.1
10313.5
10312.0
10310.4
10310.4
10307.3
10307.3
10305.8
10304.2
10302.7
10302.7
10301.1
10299.5
10298.0
10296.4
10294.9
10294.9
10293.3
10291.8
10290.2
10288.7
10287.1
10287.1
10285.5
10284.0
10282.4
10280.9
10280.9
10277.8
10277.8
10276.2
10274.7
10273.1
10273.1
10271.5
10270.0
10268.4
10268.4
10265.3
10265.3
10263.8
10262.2
10260.7
10260.7
10257.5
10256.0
10254.4
10252.9
10251.3
10251.3
10249.8
10248.2
10246.7
10245.1
10245.1
10243.5
10242.0
10240.4
10238.9
10237.3
10237.3
10235.8
10234.2
10232.7
10232.7
10229.6
10229.6
10228.0
10226.4
10224.9
10224.9
10223.3
10221.8
10220.2
10218.7
10218.7
10217.1
10215.6
10214.0
10212.4
10210.9
10210.9
10209.3
10207.8
10206.2
10206.2
10203.1
10203.1
10201.6
10200.0
10198.4
10198.4
10196.9
10195.3
10193.8
10192.2
10189.1
10189.1
10187.6
10186.0
10184.4
10182.9
10182.9
10181.3
10179.8
10178.2
10178.2
10175.1
10175.1
10173.6
10172.0
10170.4
10170.4
10168.9
10167.3
10165.8
10165.8
10162.7
10162.7
10161.1
10159.6
10158.0
10158.0
10156.4
10154.9
10153.3
10151.8
10151.8
10150.2
10148.7
10147.1
10145.6
10144.0
10144.0
10142.5
10140.9
10139.3
10139.3
10136.2
10136.2
10134.7
10133.1
10131.6
10131.6
10130.0
10128.5
10125.3
10123.8
10123.8
10122.2
10120.7
10119.1
10119.1
10116.0
10116.0
10114.5
10112.9
10111.3
10111.3
10109.8
10108.2
10106.7
10106.7
10103.6
10103.6
10102.0
10100.5
10098.9
10097.3
10097.3
10095.8
10094.2
10092.7
10092.7
10089.6
10089.6
10088.0
10088.0
10084.9
10084.9
10083.3
10081.8
10080.2
10080.2
10078.7
10077.1
10075.6
10074.0
10074.0
10072.5
10070.9
10069.3
10069.3
10066.2
10066.2
10064.7
10063.1
10061.6
10061.6
10058.5
10056.9
10055.4
10053.8
10053.8
10052.2
10050.7
10049.1
10047.6
10046.0
10046.0
10044.5
10042.9
10041.4
10041.4
10039.8
10038.2
10036.7
10036.7
10033.6
10033.6
10032.0
10030.5
10028.9
10028.9
10027.4
10025.8
10024.2
10022.7
10022.7
10021.1
10019.6
10018.0
10018.0
10014.9
10014.9
10013.4
10011.8
10010.2
10010.2
10008.7
10007.1
10005.6
10004.0
10004.0
10002.5
10000.9
9999.4
9999.4
9997.8
9996.2
9994.7
9991.6
9991.6
9990.0
9988.5
9986.9
9985.4
9985.4
9983.8
9982.2
9980.7
9979.1
9979.1
9977.6
9976.0
9974.5
9972.9
9972.9
9971.4
9969.8
9968.3
9968.3
9966.7
9965.1
9963.6
9962.0
9962.0
9960.5
9958.9
9957.4
9955.8
9955.8
9954.3
9952.7
9951.1
9949.6
9949.6
9948.0
9946.5
9944.9
9944.9
9943.4
9941.8
9940.3
9938.7
9938.7
9937.1
9935.6
9934.0
9932.5
9932.5
9930.9
9929.4
9926.3
9924.7
9924.7
9923.1
9921.6
9920.0
9920.0
9918.5
9916.9
9915.4
9913.8
9913.8
9912.3
9910.7
9909.1
9907.6
9907.6
9906.0
9904.5
9902.9
9902.9
9901.4
9899.8
9898.3
9896.7
9896.7
9895.2
9893.6
9892.0
9890.5
9890.5
9888.9
9887.4
9885.8
9885.8
9884.3
9882.7
9881.2
9879.6
9879.6
9878.0
9876.5
9874.9
9873.4
9873.4
9871.8
9870.3
9868.7
9868.7
9867.2
9865.6
9864.0
9862.5
9862.5
9859.4
9857.8
9856.3
9856.3
9854.7
9853.2
9851.6
9850.0
9850.0
9848.5
9846.9
9845.4
9843.8
9843.8
9842.3
9840.7
9839.2
9839.2
9837.6
9836.0
9834.5
9832.9
9832.9
9831.4
9829.8
9828.3
9828.3
9826.7
9825.2
9823.6
9822.0
9822.0
9820.5
9818.9
9817.4
9817.4
9815.8
9814.3
9812.7
9811.2
9811.2
9809.6
9808.1
9806.5
9806.5
9804.9
9803.4
9801.8
9800.3
9800.3
9798.7
9797.2
9795.6
9795.6
9792.5
9790.9
9789.4
9787.8
9787.8
9786.3
9784.7
9783.2
9783.2
9781.6
9780.1
9778.5
9776.9
9776.9
9775.4
9773.8
9772.3
9772.3
9770.7
9769.2
9767.6
9766.1
9766.1
9764.5
9762.9
9761.4
9761.4
9759.8
9758.3
9756.7
9755.2
9755.2
9753.6
9752.1
9750.5
9750.5
9748.9
9747.4
9745.8
9745.8
9744.3
9742.7
9741.2
9739.6
9739.6
9738.1
9736.5
9734.9
9734.9
9733.4
9731.8
9730.3
9727.2
9727.2
9725.6
9724.1
9722.5
9722.5
9721.0
9719.4
9717.8
9717.8
9716.3
9714.7
9713.2
9711.6
9711.6
9710.1
9708.5
9707.0
9707.0
9705.4
9703.8
9702.3
9702.3
9700.7
9699.2
9697.6
9696.1
9696.1
9694.5
9693.0
9691.4
9691.4
9689.8
9688.3
9686.7
9685.2
9685.2
9683.6
9682.1
9680.5
9680.5
9679.0
9677.4
9675.8
9675.8
9674.3
9672.7
9671.2
9669.6
9669.6
9668.1
9666.5
9665.0
9665.0
9663.4
9660.3
9658.7
9658.7
9657.2
9655.6
9654.1
9654.1
9652.5
9651.0
9649.4
9647.8
9647.8
9646.3
9644.7
9643.2
9643.2
9641.6
9640.1
9638.5
9638.5
9637.0
9635.4
9633.9
9633.9
9632.3
9630.7
9629.2
9629.2
9627.6
9626.1
9624.5
9623.0
9623.0
9621.4
9619.9
9618.3
9618.3
9616.7
9615.2
9613.6
9613.6
9612.1
9610.5
9609.0
9609.0
9607.4
9605.9
9604.3
9602.7
9602.7
9601.2
9599.6
9598.1
9598.1
9596.5
9593.4
9591.9
9591.9
9590.3
9588.7
9587.2
9587.2
9585.6
9584.1
9582.5
9581.0
9581.0
9579.4
9577.9
9576.3
9576.3
9574.7
9573.2
9571.6
9571.6
9570.1
9568.5
9567.0
9567.0
9565.4
9563.9
9562.3
9562.3
9560.7
9559.2
9557.6
9557.6
9556.1
9554.5
9553.0
9553.0
9551.4
9549.9
9548.3
9548.3
9546.8
9545.2
9543.6
9543.6
9542.1
9540.5
9539.0
9537.4
9537.4
9535.9
9534.3
9532.8
9532.8
9531.2
9528.1
9526.5
9526.5
9525.0
9523.4
9521.9
9521.9
9520.3
9518.8
9517.2
9517.2
9515.6
9514.1
9512.5
9512.5
9511.0
9509.4
9507.9
9507.9
9506.3
9504.8
9503.2
9503.2
9501.6
9500.1
9498.5
9497.0
9497.0
9495.4
9493.9
9492.3
9492.3
9490.8
9489.2
9487.6
9487.6
9486.1
9484.5
9483.0
9483.0
9481.4
9479.9
9478.3
9478.3
9476.8
9475.2
9473.6
9473.6
9472.1
9470.5
9469.0
9469.0
9467.4
9465.9
9464.3
9464.3
9461.2
9459.7
9458.1
9458.1
9456.5
9455.0
9453.4
9453.4
9451.9
9450.3
9448.8
9448.8
9447.2
9445.7
9444.1
9444.1
9442.5
9441.0
9439.4
9439.4
9437.9
9436.3
9434.8
9434.8
9433.2
9431.7
9430.1
9430.1
9428.5
9427.0
9425.4
9425.4
9423.9
9422.3
9420.8
9420.8
9419.2
9417.7
9416.1
9416.1
9414.5
9413.0
9413.0
9411.4
9409.9
9408.3
9406.8
9406.8
9405.2
9403.7
9403.7
9402.1
9400.5
9399.0
9399.0
9397.4
9394.3
9392.8
9392.8
9391.2
9389.7
9388.1
9388.1
9386.5
9385.0
9383.4
9383.4
9381.9
9380.3
9378.8
9378.8
9377.2
9375.7
9374.1
9374.1
9372.6
9371.0
9369.4
9369.4
9367.9
9366.3
9364.8
9364.8
9363.2
9361.7
9360.1
9360.1
9358.6
9357.0
9355.4
9355.4
9353.9
9352.3
9352.3
9350.8
9349.2
9347.7
9347.7
9346.1
9344.6
9343.0
9343.0
9341.4
9339.9
9338.3
9338.3
9336.8
9335.2
9333.7
9333.7
9332.1
9330.6
9327.4
9327.4
9325.9
9324.3
9322.8
9322.8
9321.2
9319.7
9319.7
9318.1
9316.6
9315.0
9315.0
9313.4
9311.9
9310.3
9310.3
9308.8
9307.2
9305.7
9305.7
9304.1
9302.6
9301.0
9301.0
9299.5
9297.9
9296.3
9296.3
9294.8
9293.2
9293.2
9291.7
9290.1
9288.6
9288.6
9287.0
9285.5
9283.9
9283.9
9282.3
9280.8
9279.2
9279.2
9277.7
9276.1
9274.6
9274.6
9273.0
9271.5
9271.5
9269.9
9268.3
9266.8
9266.8
9265.2
9262.1
9260.6
9260.6
9259.0
9257.5
9255.9
9255.9
9254.3
9252.8
9251.2
9251.2
9249.7
9248.1
9248.1
9246.6
9245.0
9243.5
9243.5
9241.9
9240.3
9238.8
9238.8
9237.2
9235.7
9234.1
9234.1
9232.6
9231.0
9231.0
9229.5
9227.9
9226.3
9226.3
9224.8
9223.2
9221.7
9221.7
9220.1
9218.6
9218.6
9217.0
9215.5
9213.9
9213.9
9212.4
9210.8
9209.2
9209.2
9207.7
9206.1
9204.6
9204.6
9203.0
9201.5
9201.5
9199.9
9198.4
9195.2
9195.2
9193.7
9192.1
9190.6
9190.6
9189.0
9187.5
9187.5
9185.9
9184.4
9182.8
9182.8
9181.2
9179.7
9178.1
9178.1
9176.6
9175.0
9175.0
9173.5
9171.9
9170.4
9170.4
9168.8
9167.2
9165.7
9165.7
9164.1
9162.6
9162.6
9161.0
9159.5
9157.9
9157.9
9156.4
9154.8
9153.2
9153.2
9151.7
9150.1
9148.6
9148.6
9147.0
9145.5
9145.5
9143.9
9142.4
9140.8
9140.8
9139.2
9137.7
9137.7
9136.1
9134.6
9133.0
9133.0
9131.5
9128.4
9126.8
9126.8
9125.3
9123.7
9123.7
9122.1
9120.6
9119.0
9119.0
9117.5
9115.9
9115.9
9114.4
9112.8
9111.3
9111.3
9109.7
9108.1
9106.6
9106.6
9105.0
9103.5
9103.5
9101.9
9100.4
9098.8
9098.8
9097.3
9095.7
9095.7
9094.1
9092.6
9091.0
9091.0
9089.5
9087.9
9086.4
9086.4
9084.8
9083.3
9083.3
9081.7
9080.1
9078.6
9078.6
9077.0
9075.5
9075.5
9073.9
9072.4
9070.8
9070.8
9069.3
9067.7
9067.7
9066.1
9063.0
9061.5
9061.5
9059.9
9058.4
9056.8
9056.8
9055.3
9053.7
9053.7
9052.1
9050.6
9049.0
9049.0
9047.5
9045.9
9045.9
9044.4
9042.8
9041.3
9041.3
9039.7
9038.2
9038.2
9036.6
9035.0
9033.5
9033.5
9031.9
9030.4
9030.4
9028.8
9027.3
9025.7
9025.7
9024.2
9022.6
9022.6
9021.0
9019.5
9017.9
9017.9
9016.4
9014.8
9013.3
9013.3
9011.7
9010.2
9010.2
9008.6
9007.0
9005.5
9005.5
9003.9
9002.4
9002.4
9000.8
8999.3
8996.2
8996.2
8994.6
8993.0
8993.0
8991.5
8989.9
8988.4
8988.4
8986.8
8985.3
8985.3
8983.7
8982.2
8982.2
8980.6
8979.0
8977.5
8977.5
8975.9
8974.4
8972.8
8972.8
8971.3
8969.7
8969.7
8968.2
8966.6
8966.6
8965.0
8963.5
8961.9
8961.9
8960.4
8958.8
8958.8
8957.3
8955.7
8954.2
8954.2
8952.6
8951.1
8951.1
8949.5
8947.9
8946.4
8946.4
8944.8
8943.3
8943.3
8941.7
8940.2
8938.6
8938.6
8937.1
8935.5
8935.5
8933.9
8932.4
8929.3
8929.3
8927.7
8926.2
8926.2
8924.6
8923.1
8923.1
8921.5
8919.9
8918.4
8918.4
8916.8
8915.3
8915.3
8913.7
8912.2
8910.6
8910.6
8909.1
8907.5
8907.5
8905.9
8904.4
8904.4
8902.8
8901.3
8899.7
8899.7
8898.2
8896.6
8896.6
8895.1
8893.5
8891.9
8891.9
8890.4
8888.8
8888.8
8887.3
8885.7
8884.2
8884.2
8882.6
8881.1
8881.1
8879.5
8877.9
8877.9
8876.4
8874.8
8873.3
8873.3
8871.7
8870.2
8870.2
8868.6
8867.1
8867.1
8864.0
8862.4
8860.8
8860.8
8859.3
8857.7
8857.7
8856.2
8854.6
8854.6
8853.1
8851.5
8850.0
8850.0
8848.4
8846.8
8846.8
8845.3
8843.7
8842.2
8842.2
8840.6
8839.1
8839.1
8837.5
8836.0
8836.0
8834.4
8832.8
8831.3
8831.3
8829.7
8828.2
8828.2
8826.6
8825.1
8825.1
8823.5
8822.0
8820.4
8820.4
8818.8
8817.3
8817.3
8815.7
8814.2
8814.2
8812.6
8811.1
8809.5
8809.5
8808.0
8806.4
8806.4
8804.8
8803.3
8803.3
8801.7
8800.2
8797.1
8797.1
8795.5
8794.0
8794.0
8792.4
8790.9
8790.9
8789.3
8787.7
8787.7
8786.2
8784.6
8783.1
8783.1
8781.5
8780.0
8780.0
8778.4
8776.9
8776.9
8775.3
8773.7
8772.2
8772.2
8770.6
8769.1
8769.1
8767.5
8766.0
8766.0
8764.4
8762.9
8762.9
8761.3
8759.7
8758.2
8758.2
8756.6
8755.1
8755.1
8753.5
8752.0
8752.0
8750.4
8748.9
8747.3
8747.3
8745.7
8744.2
8744.2
8742.6
8741.1
8741.1
8739.5
8738.0
8736.4
8736.4
8734.9
8733.3
8733.3
8730.2
8728.6
8728.6
8727.1
8725.5
8725.5
8724.0
8722.4
8722.4
8720.9
8719.3
8717.7
8717.7
8716.2
8714.6
8714.6
8713.1
8711.5
8711.5
8710.0
8708.4
8708.4
8706.9
8705.3
8703.8
8703.8
8702.2
8700.6
8700.6
8699.1
8697.5
8697.5
8696.0
8694.4
8694.4
8692.9
8691.3
8689.8
8689.8
8688.2
8686.6
8686.6
8685.1
8683.5
8683.5
8682.0
8680.4
8680.4
8678.9
8677.3
8677.3
8675.8
8674.2
8672.6
8672.6
8671.1
8669.5
8669.5
8668.0
8664.9
8664.9
8663.3
8661.8
8661.8
8660.2
8658.6
8658.6
8657.1
8655.5
8654.0
8654.0
8652.4
8650.9
8650.9
8649.3
8647.8
8647.8
8646.2
8644.6
8644.6
8643.1
8641.5
8641.5
8640.0
8638.4
8636.9
8636.9
8635.3
8633.8
8633.8
8632.2
8630.6
8630.6
8629.1
8627.5
8627.5
8626.0
8624.4
8624.4
8622.9
8621.3
8621.3
8619.8
8618.2
8616.7
8616.7
8615.1
8613.5
8613.5
8612.0
8610.4
8610.4
8608.9
8607.3
8607.3
8605.8
8604.2
8604.2
8602.7
8601.1
8601.1
8598.0
8596.4
8594.9
8594.9
8593.3
8591.8
8591.8
8590.2
8588.7
8588.7
8587.1
8585.5
8585.5
8584.0
8582.4
8582.4
8580.9
8579.3
8579.3
8577.8
8576.2
8576.2
8574.7
8573.1
8571.5
8571.5
8570.0
8568.4
8568.4
8566.9
8565.3
8565.3
8563.8
8562.2
8562.2
8560.7
8559.1
8559.1
8557.5
8556.0
8556.0
8554.4
8552.9
8552.9
8551.3
8549.8
8549.8
8548.2
8546.7
8546.7
8545.1
8543.5
8542.0
8542.0
8540.4
8538.9
8538.9
8537.3
8535.8
8535.8
8534.2
8531.1
8531.1
8529.6
8528.0
8528.0
8526.4
8524.9
8524.9
8523.3
8521.8
8521.8
8520.2
8518.7
8518.7
8517.1
8515.6
8515.6
8514.0
8512.4
8512.4
8510.9
8509.3
8509.3
8507.8
8506.2
8504.7
8504.7
8503.1
8501.6
8501.6
8500.0
8498.4
8498.4
8496.9
8495.3
8495.3
8493.8
8492.2
8492.2
8490.7
8489.1
8489.1
8487.6
8486.0
8486.0
8484.4
8482.9
8482.9
8481.3
8479.8
8479.8
8478.2
8476.7
8476.7
8475.1
8473.6
8473.6
8472.0
8470.4
8470.4
8468.9
8467.3
8467.3
8464.2
8462.7
8462.7
8461.1
8459.6
8459.6
8458.0
8456.4
8454.9
8454.9
8453.3
8451.8
8451.8
8450.2
8448.7
8448.7
8447.1
8445.6
8445.6
8444.0
8442.5
8442.5
8440.9
8439.3
8439.3
8437.8
8436.2
8436.2
8434.7
8433.1
8433.1
8431.6
8430.0
8430.0
8428.5
8426.9
8426.9
8425.3
8423.8
8423.8
8422.2
8420.7
8420.7
8419.1
8417.6
8417.6
8416.0
8414.5
8414.5
8412.9
8411.3
8411.3
8409.8
8408.2
8408.2
8406.7
8405.1
8405.1
8403.6
8402.0
8402.0
8398.9
8397.3
8397.3
8395.8
8394.2
8394.2
8392.7
8391.1
8391.1
8389.6
8388.0
8388.0
8386.5
8384.9
8384.9
8383.3
8381.8
8381.8
8380.2
8378.7
8378.7
8377.1
8375.6
8375.6
8374.0
8372.5
8372.5
8370.9
8369.3
8369.3
8367.8
8366.2
8366.2
8364.7
8363.1
8363.1
8361.6
8360.0
8360.0
8358.5
8356.9
8356.9
8355.4
8353.8
8353.8
8352.2
8352.2
8350.7
8349.1
8347.6
8347.6
8346.0
8344.5
8344.5
8342.9
8342.9
8341.4
8339.8
8339.8
8338.2
8336.7
8336.7
8335.1
8332.0
8332.0
8330.5
8328.9
8328.9
8327.4
8325.8
8325.8
8324.2
8322.7
8322.7
8321.1
8319.6
8319.6
8318.0
8316.5
8316.5
8314.9
8313.4
8313.4
8311.8
8310.2
8310.2
8308.7
8307.1
8307.1
8305.6
8304.0
8304.0
8302.5
8300.9
8300.9
8299.4
8297.8
8297.8
8296.2
8294.7
8294.7
8293.1
8293.1
8291.6
8290.0
8290.0
8288.5
8286.9
8286.9
8285.4
8283.8
8283.8
8282.2
8280.7
8280.7
8279.1
8277.6
8277.6
8276.0
8274.5
8274.5
8272.9
8271.4
8271.4
8269.8
8268.3
8268.3
8265.1
8263.6
8263.6
8262.0
8260.5
8260.5
8258.9
8257.4
8257.4
8255.8
8254.3
8254.3
8252.7
8252.7
8251.1
8249.6
8249.6
8248.0
8246.5
8246.5
8244.9
8243.4
8243.4
8241.8
8240.3
8240.3
8238.7
8237.1
8237.1
8235.6
8234.0
8234.0
8232.5
8230.9
8230.9
8229.4
8229.4
8227.8
8226.3
8226.3
8224.7
8223.1
8223.1
8221.6
8220.0
8220.0
8218.5
8216.9
8216.9
8215.4
8213.8
8213.8
8212.3
8210.7
8210.7
8209.1
8207.6
8207.6
8206.0
8206.0
8204.5
8202.9
8202.9
8199.8
8198.3
8198.3
8196.7
8195.2
8195.2
8193.6
8192.0
8192.0
8190.5
8188.9
8188.9
8187.4
8185.8
8185.8
8184.3
8184.3
8182.7
8181.2
8181.2
8179.6
8178.0
8178.0
8176.5
8174.9
8174.9
8173.4
8171.8
8171.8
8170.3
8168.7
8168.7
8167.2
8165.6
8165.6
8164.0
8164.0
8162.5
8160.9
8160.9
8159.4
8157.8
8157.8
8156.3
8154.7
8154.7
8153.2
8151.6
8151.6
8150.0
8148.5
8148.5
8146.9
8146.9
8145.4
8143.8
8143.8
8142.3
8140.7
8140.7
8139.2
8137.6
8137.6
8136.0
8132.9
8132.9
8131.4
8129.8
8129.8
8128.3
8128.3
8126.7
8125.2
8125.2
8123.6
8122.0
8122.0
8120.5
8118.9
8118.9
8117.4
8115.8
8115.8
8114.3
8114.3
8112.7
8111.2
8111.2
8109.6
8108.1
8108.1
8106.5
8104.9
8104.9
8103.4
8101.8
8101.8
8100.3
8100.3
8098.7
8097.2
8097.2
8095.6
8094.1
8094.1
8092.5
8090.9
8090.9
8089.4
8087.8
8087.8
8086.3
8086.3
8084.7
8083.2
8083.2
8081.6
8080.1
8080.1
8078.5
8076.9
8076.9
8075.4
8073.8
8073.8
8072.3
8072.3
8070.7
8069.2
8069.2
8066.1
8064.5
8064.5
8062.9
8061.4
8061.4
8059.8
8058.3
8058.3
8056.7
8056.7
8055.2
8053.6
8053.6
8052.1
8050.5
8050.5
8048.9
8047.4
8047.4
8045.8
8045.8
8044.3
8042.7
8042.7
8041.2
8039.6
8039.6
8038.1
8036.5
8036.5
8034.9
8034.9
8033.4
8031.8
8031.8
8030.3
8028.7
8028.7
8027.2
8025.6
8025.6
8024.1
8024.1
8022.5
8021.0
8021.0
8019.4
8017.8
8017.8
8016.3
8014.7
8014.7
8013.2
8013.2
8011.6
8010.1
8010.1
8008.5
8007.0
8007.0
8005.4
8003.8
8003.8
8000.7
8000.7
7999.2
7997.6
7997.6
7996.1
7994.5
7994.5
7993.0
7991.4
7991.4
7989.8
7989.8
7988.3
7986.7
7986.7
7985.2
7983.6
7983.6
7982.1
7982.1
7980.5
7979.0
7979.0
7977.4
7975.8
7975.8
7974.3
7972.7
7972.7
7971.2
7971.2
7969.6
7968.1
7968.1
7966.5
7965.0
7965.0
7963.4
7961.8
7961.8
7960.3
7960.3
7958.7
7957.2
7957.2
7955.6
7954.1
7954.1
7952.5
7952.5
7951.0
7949.4
7949.4
7947.8
7946.3
7946.3
7944.7
7943.2
7943.2
7941.6
7941.6
7940.1
7938.5
7938.5
7937.0
7933.9
7933.9
7932.3
7932.3
7930.7
7929.2
7929.2
7927.6
7926.1
7926.1
7924.5
7924.5
7923.0
7921.4
7921.4
7919.9
7918.3
7918.3
7916.7
7916.7
7915.2
7913.6
7913.6
7912.1
7910.5
7910.5
7909.0
7907.4
7907.4
7905.9
7905.9
7904.3
7902.7
7902.7
7901.2
7899.6
7899.6
7898.1
7898.1
7896.5
7895.0
7895.0
7893.4
7891.9
7891.9
7890.3
7890.3
7888.7
7887.2
7887.2
7885.6
7884.1
7884.1
7882.5
7882.5
7881.0
7879.4
7879.4
7877.9
7876.3
7876.3
7874.7
7874.7
7873.2
7871.6
7871.6
7870.1
7867.0
7867.0
7865.4
7865.4
7863.9
7862.3
7862.3
7860.7
7859.2
7859.2
7857.6
7857.6
7856.1
7854.5
7854.5
7853.0
7851.4
7851.4
7849.9
7849.9
7848.3
7846.8
7846.8
7845.2
7843.6
7843.6
7842.1
7842.1
7840.5
7839.0
7839.0
7837.4
7835.9
7835.9
7834.3
7834.3
7832.8
7831.2
7831.2
7829.6
7829.6
7828.1
7826.5
7826.5
7825.0
7823.4
7823.4
7821.9
7821.9
7820.3
7818.8
7818.8
7817.2
7815.6
7815.6
7814.1
7814.1
7812.5
7811.0
7811.0
7809.4
7809.4
7807.9
7806.3
7806.3
7804.8
7801.6
7801.6
7800.1
7800.1
7798.5
7797.0
7797.0
7795.4
7793.9
7793.9
7792.3
7792.3
7790.8
7789.2
7789.2
7787.6
7787.6
7786.1
7784.5
7784.5
7783.0
7781.4
7781.4
7779.9
7779.9
7778.3
7776.8
7776.8
7775.2
7773.6
7773.6
7772.1
7772.1
7770.5
7769.0
7769.0
7767.4
7767.4
7765.9
7764.3
7764.3
7762.8
7761.2
7761.2
7759.7
7759.7
7758.1
7756.5
7756.5
7755.0
7755.0
7753.4
7751.9
7751.9
7750.3
7748.8
7748.8
7747.2
7747.2
7745.7
7744.1
7744.1
7742.5
7741.0
7741.0
7739.4
7739.4
7737.9
7734.8
7734.8
7733.2
7733.2
7731.7
7730.1
7730.1
7728.5
7728.5
7727.0
7725.4
7725.4
7723.9
7722.3
7722.3
7720.8
7720.8
7719.2
7717.7
7717.7
7716.1
7716.1
7714.5
7713.0
7713.0
7711.4
7711.4
7709.9
7708.3
7708.3
7706.8
7705.2
7705.2
7703.7
7703.7
7702.1
7700.5
7700.5
7699.0
7699.0
7697.4
7695.9
7695.9
7694.3
7692.8
7692.8
7691.2
7691.2
7689.7
7688.1
7688.1
7686.6
7686.6
7685.0
7683.4
7683.4
7681.9
7681.9
7680.3
7678.8
7678.8
7677.2
7675.7
7675.7
7674.1
7674.1
7672.6
7671.0
7671.0
7667.9
7667.9
7666.3
7664.8
7664.8
7663.2
7663.2
7661.7
7660.1
7660.1
7658.6
7658.6
7657.0
7655.4
7655.4
7653.9
7653.9
7652.3
7650.8
7650.8
7649.2
7647.7
7647.7
7646.1
7646.1
7644.6
7643.0
7643.0
7641.4
7641.4
7639.9
7638.3
7638.3
7636.8
7636.8
7635.2
7633.7
7633.7
7632.1
7632.1
7630.6
7629.0
7629.0
7627.4
7627.4
7625.9
7624.3
7624.3
7622.8
7622.8
7621.2
7619.7
7619.7
7618.1
7618.1
7616.6
7615.0
7615.0
7613.4
7613.4
7611.9
7610.3
7610.3
7608.8
7607.2
7607.2
7605.7
7605.7
7604.1
7601.0
7601.0
7599.5
7599.5
7597.9
7596.3
7596.3
7594.8
7594.8
7593.2
7591.7
7591.7
7590.1
7590.1
7588.6
7587.0
7587.0
7585.5
7585.5
7583.9
7582.3
7582.3
7580.8
7580.8
7579.2
7577.7
7577.7
7576.1
7576.1
7574.6
7573.0
7573.0
7571.5
7571.5
7569.9
7568.3
7568.3
7566.8
7566.8
7565.2
7563.7
7563.7
7562.1
7562.1
7560.6
7559.0
7559.0
7557.5
7557.5
7555.9
7554.3
7554.3
7552.8
7552.8
7551.2
7549.7
7549.7
7548.1
7548.1
7546.6
7545.0
7545.0
7543.5
7543.5
7541.9
7540.3
7540.3
7538.8
7538.8
7535.7
7534.1
7534.1
7532.6
7532.6
7531.0
7529.5
7529.5
7527.9
7527.9
7526.3
7524.8
7524.8
7523.2
7523.2
7521.7
7520.1
7520.1
7518.6
7518.6
7517.0
7515.5
7515.5
7513.9
7513.9
7512.4
7510.8
7510.8
7509.2
7509.2
7507.7
7507.7
7506.1
7504.6
7504.6
7503.0
7501.5
7501.5
7499.9
7499.9
7498.4
7498.4
7496.8
7495.2
7495.2
7493.7
7493.7
7492.1
7490.6
7490.6
7489.0
7489.0
7487.5
7485.9
7485.9
7484.4
7484.4
7482.8
7481.2
7481.2
7479.7
7479.7
7478.1
7476.6
7476.6
7475.0
7475.0
7473.5
7471.9
7471.9
7468.8
7468.8
7467.2
7467.2
7465.7
7464.1
7464.1
7462.6
7462.6
7461.0
7459.5
7459.5
7457.9
7457.9
7456.4
7454.8
7454.8
7453.2
7453.2
7451.7
7450.1
7450.1
7448.6
7448.6
7447.0
7447.0
7445.5
7443.9
7443.9
7442.4
7442.4
7440.8
7439.2
7439.2
7437.7
7437.7
7436.1
7434.6
7434.6
7433.0
7433.0
7431.5
7429.9
7429.9
7428.4
7428.4
7426.8
7426.8
7425.3
7423.7
7423.7
7422.1
7422.1
7420.6
7419.0
7419.0
7417.5
7417.5
7415.9
7414.4
7414.4
7412.8
7412.8
7411.3
7411.3
7409.7
7408.1
7408.1
7406.6
7406.6
7405.0
7401.9
7401.9
7400.4
7400.4
7398.8
7397.3
7397.3
7395.7
7395.7
7394.1
7394.1
7392.6
7391.0
7391.0
7389.5
7389.5
7387.9
7386.4
7386.4
7384.8
7384.8
7383.3
7383.3
7381.7
7380.1
7380.1
7378.6
7378.6
7377.0
7375.5
7375.5
7373.9
7373.9
7372.4
7370.8
7370.8
7369.3
7369.3
7367.7
7367.7
7366.1
7364.6
7364.6
7363.0
7363.0
7361.5
7359.9
7359.9
7358.4
7358.4
7356.8
7356.8
7355.3
7353.7
7353.7
7352.1
7352.1
7350.6
7349.0
7349.0
7347.5
7347.5
7345.9
7345.9
7344.4
7342.8
7342.8
7341.3
7341.3
7339.7
7336.6
7336.6
7335.0
7335.0
7333.5
7333.5
7331.9
7330.4
7330.4
7328.8
7328.8
7327.3
7325.7
7325.7
7324.2
7324.2
7322.6
7322.6
7321.0
7319.5
7319.5
7317.9
7317.9
7316.4
7316.4
7314.8
7313.3
7313.3
7311.7
7311.7
7310.2
7308.6
7308.6
7307.0
7307.0
7305.5
7305.5
7303.9
7302.4
7302.4
7300.8
7300.8
7299.3
7297.7
7297.7
7296.2
7296.2
7294.6
7294.6
7293.0
7291.5
7291.5
7289.9
7289.9
7288.4
7288.4
7286.8
7285.3
7285.3
7283.7
7283.7
7282.2
7280.6
7280.6
7279.0
7279.0
7277.5
7277.5
7275.9
7274.4
7274.4
7272.8
7272.8
7269.7
7269.7
7268.2
7266.6
7266.6
7265.0
7265.0
7263.5
7261.9
7261.9
7260.4
7260.4
7258.8
7258.8
7257.3
7255.7
7255.7
7254.2
7254.2
7252.6
7252.6
7251.1
7249.5
7249.5
7247.9
7247.9
7246.4
7246.4
7244.8
7243.3
7243.3
7241.7
7241.7
7240.2
7240.2
7238.6
7237.1
7237.1
7235.5
7235.5
7233.9
7233.9
7232.4
7230.8
7230.8
7229.3
7229.3
7227.7
7227.7
7226.2
7224.6
7224.6
7223.1
7223.1
7221.5
7219.9
7219.9
7218.4
7218.4
7216.8
7216.8
7215.3
7213.7
7213.7
7212.2
7212.2
7210.6
7210.6
7209.1
7209.1
7207.5
7205.9
7205.9
7202.8
7202.8
7201.3
7201.3
7199.7
7198.2
7198.2
7196.6
7196.6
7195.1
7193.5
7193.5
7191.9
7191.9
7190.4
7190.4
7188.8
7187.3
7187.3
7185.7
7185.7
7184.2
7184.2
7182.6
7182.6
7181.1
7179.5
7179.5
7177.9
7177.9
7176.4
7174.8
7174.8
7173.3
7173.3
7171.7
7171.7
7170.2
7170.2
7168.6
7167.1
7167.1
7165.5
7165.5
7164.0
7164.0
7162.4
7160.8
7160.8
7159.3
7159.3
7157.7
7157.7
7156.2
7154.6
7154.6
7153.1
7153.1
7151.5
7151.5
7150.0
7148.4
7148.4
7146.8
7146.8
7145.3
7145.3
7143.7
7143.7
7142.2
7140.6
7140.6
7137.5
7137.5
7136.0
7136.0
7134.4
7132.8
7132.8
7131.3
7131.3
7129.7
7129.7
7128.2
7126.6
7126.6
7125.1
7125.1
7123.5
7123.5
7122.0
7120.4
7120.4
7118.8
7118.8
7117.3
7117.3
7115.7
7115.7
7114.2
7112.6
7112.6
7111.1
7111.1
7109.5
7109.5
7108.0
7106.4
7106.4
7104.8
7104.8
7103.3
7103.3
7101.7
7100.2
7100.2
7098.6
7098.6
7097.1
7097.1
7095.5
7095.5
7094.0
7092.4
7092.4
7090.9
7090.9
7089.3
7089.3
7087.7
7086.2
7086.2
7084.6
7084.6
7083.1
7083.1
7081.5
7081.5
7080.0
7078.4
7078.4
7076.9
7076.9
7075.3
7075.3
7073.7
7073.7
7070.6
7069.1
7069.1
7067.5
7067.5
7066.0
7066.0
7064.4
7062.9
7062.9
7061.3
7061.3
7059.7
7059.7
7058.2
7058.2
7056.6
7055.1
7055.1
7053.5
7053.5
7052.0
7052.0
7050.4
7050.4
7048.9
7047.3
7047.3
7045.7
7045.7
7044.2
7044.2
7042.6
7041.1
7041.1
7039.5
7039.5
7038.0
7038.0
7036.4
7036.4
7034.9
7033.3
7033.3
7031.7
7031.7
7030.2
7030.2
7028.6
7028.6
7027.1
7025.5
7025.5
7024.0
7024.0
7022.4
7022.4
7020.9
7019.3
7019.3
7017.7
7017.7
7016.2
7016.2
7014.6
7014.6
7013.1
7013.1
7011.5
7010.0
7010.0
7008.4
7008.4
7006.9
7006.9
7003.8
7002.2
7002.2
7000.6
7000.6
6999.1
6999.1
6997.5
6997.5
6996.0
6994.4
6994.4
6992.9
6992.9
6991.3
6991.3
6989.8
6989.8
6988.2
6988.2
6986.6
6985.1
6985.1
6983.5
6983.5
6982.0
6982.0
6980.4
6978.9
6978.9
6977.3
6977.3
6975.8
6975.8
6974.2
6974.2
6972.6
6972.6
6971.1
6969.5
6969.5
6968.0
6968.0
6966.4
6966.4
6964.9
6964.9
6963.3
6961.8
6961.8
6960.2
6960.2
6958.6
6958.6
6957.1
6957.1
6955.5
6954.0
6954.0
6952.4
6952.4
6950.9
6950.9
6949.3
6949.3
6947.8
6947.8
6946.2
6944.6
6944.6
6943.1
6943.1
6941.5
6941.5
6938.4
6938.4
6936.9
6935.3
6935.3
6933.8
6933.8
6932.2
6932.2
6930.6
6930.6
6929.1
6927.5
6927.5
6926.0
6926.0
6924.4
6924.4
6922.9
6922.9
6921.3
6921.3
6919.8
6918.2
6918.2
6916.7
6916.7
6915.1
6915.1
6913.5
6913.5
6912.0
6910.4
6910.4
6908.9
6908.9
6907.3
6907.3
6905.8
6905.8
6904.2
6904.2
6902.7
6901.1
6901.1
6899.5
6899.5
6898.0
6898.0
6896.4
6896.4
6894.9
6894.9
6893.3
6891.8
6891.8
6890.2
6890.2
6888.7
6888.7
6887.1
6887.1
6885.5
6885.5
6884.0
6882.4
6882.4
6880.9
6880.9
6879.3
6879.3
6877.8
6877.8
6876.2
6876.2
6874.7
6871.5
6871.5
6870.0
6870.0
6868.4
6868.4
6866.9
6866.9
6865.3
6865.3
6863.8
6862.2
6862.2
6860.7
6860.7
6859.1
6859.1
6857.5
6857.5
6856.0
6856.0
6854.4
6852.9
6852.9
6851.3
6851.3
6849.8
6849.8
6848.2
6848.2
6846.7
6846.7
6845.1
6843.5
6843.5
6842.0
6842.0
6840.4
6840.4
6838.9
6838.9
6837.3
6837.3
6835.8
6835.8
6834.2
6832.7
6832.7
6831.1
6831.1
6829.6
6829.6
6828.0
6828.0
6826.4
6826.4
6824.9
6823.3
6823.3
6821.8
6821.8
6820.2
6820.2
6818.7
6818.7
6817.1
6817.1
6815.6
6815.6
6814.0
6812.4
6812.4
6810.9
6810.9
6809.3
6809.3
6807.8
6807.8
6804.7
6804.7
6803.1
6801.6
6801.6
6800.0
6800.0
6798.4
6798.4
6796.9
6796.9
6795.3
6795.3
6793.8
6793.8
6792.2
6790.7
6790.7
6789.1
6789.1
6787.6
6787.6
6786.0
6786.0
6784.4
6784.4
6782.9
6782.9
6781.3
6779.8
6779.8
6778.2
6778.2
6776.7
6776.7
6775.1
6775.1
6773.6
6773.6
6772.0
6772.0
6770.4
6768.9
6768.9
6767.3
6767.3
6765.8
6765.8
6764.2
6764.2
6762.7
6762.7
6761.1
6761.1
6759.6
6758.0
6758.0
6756.4
6756.4
6754.9
6754.9
6753.3
6753.3
6751.8
6751.8
6750.2
6750.2
6748.7
6748.7
6747.1
6745.6
6745.6
6744.0
6744.0
6742.5
6742.5
6740.9
6740.9
6737.8
6737.8
6736.2
6736.2
6734.7
6734.7
6733.1
6731.6
6731.6
6730.0
6730.0
6728.5
6728.5
6726.9
6726.9
6725.3
6725.3
6723.8
6723.8
6722.2
6720.7
6720.7
6719.1
6719.1
6717.6
6717.6
6716.0
6716.0
6714.5
6714.5
6712.9
6712.9
6711.3
6711.3
6709.8
6709.8
6708.2
6706.7
6706.7
6705.1
6705.1
6703.6
6703.6
6702.0
6702.0
6700.5
6700.5
6698.9
6698.9
6697.3
6697.3
6695.8
6694.2
6694.2
6692.7
6692.7
6691.1
6691.1
6689.6
6689.6
6688.0
6688.0
6686.5
6686.5
6684.9
6684.9
6683.3
6683.3
6681.8
6680.2
6680.2
6678.7
6678.7
6677.1
6677.1
6675.6
6675.6
6672.5
6672.5
6670.9
6670.9
6669.3
6669.3
6667.8
6666.2
6666.2
6664.7
6664.7
6663.1
6663.1
6661.6
6661.6
6660.0
6660.0
6658.5
6658.5
6656.9
6656.9
6655.4
6655.4
6653.8
6652.2
6652.2
6650.7
6650.7
6649.1
6649.1
6647.6
6647.6
6646.0
6646.0
6644.5
6644.5
6642.9
6642.9
6641.4
6641.4
6639.8
6639.8
6638.2
6638.2
6636.7
6635.1
6635.1
6633.6
6633.6
6632.0
6632.0
6630.5
6630.5
6628.9
6628.9
6627.4
6627.4
6625.8
6625.8
6624.2
6624.2
6622.7
6621.1
6621.1
6619.6
6619.6
6618.0
6618.0
6616.5
6616.5
6614.9
6614.9
6613.4
6613.4
6611.8
6611.8
6610.2
6610.2
6608.7
6608.7
6605.6
6605.6
6604.0
6602.5
6602.5
6600.9
6600.9
6599.4
6599.4
6597.8
6597.8
6596.2
6596.2
6594.7
6594.7
6593.1
6593.1
6591.6
6591.6
6590.0
6590.0
6588.5
6586.9
6586.9
6585.4
6585.4
6583.8
6583.8
6582.3
6582.3
6580.7
6580.7
6579.1
6579.1
6577.6
6577.6
6576.0
6576.0
6574.5
6574.5
6572.9
6572.9
6571.4
6571.4
6569.8
6568.3
6568.3
6566.7
6566.7
6565.1
6565.1
6563.6
6563.6
6562.0
6562.0
6560.5
6560.5
6558.9
6558.9
6557.4
6557.4
6555.8
6555.8
6554.3
6554.3
6552.7
6552.7
6551.1
6551.1
6549.6
6548.0
6548.0
6546.5
6546.5
6544.9
6544.9
6543.4
6543.4
6541.8
6541.8
6538.7
6538.7
6537.1
6537.1
6535.6
6535.6
6534.0
6534.0
6532.5
6532.5
6530.9
6530.9
6529.4
6529.4
6527.8
6527.8
6526.3
6524.7
6524.7
6523.1
6523.1
6521.6
6521.6
6520.0
6520.0
6518.5
6518.5
6516.9
6516.9
6515.4
6515.4
6513.8
6513.8
6512.3
6512.3
6510.7
6510.7
6509.1
6509.1
6507.6
6507.6
6506.0
6506.0
6504.5
6504.5
6502.9
6501.4
6501.4
6499.8
6499.8
6498.3
6498.3
6496.7
6496.7
6495.2
6495.2
6493.6
6493.6
6492.0
6492.0
6490.5
6490.5
6488.9
6488.9
6487.4
6487.4
6485.8
6485.8
6484.3
6484.3
6482.7
6482.7
6481.2
6481.2
6479.6
6479.6
6478.0
6478.0
6476.5
6473.4
6473.4
6471.8
6471.8
6470.3
6470.3
6468.7
6468.7
6467.2
6467.2
6465.6
6465.6
6464.0
6464.0
6462.5
6462.5
6460.9
6460.9
6459.4
6459.4
6457.8
6457.8
6456.3
6456.3
6454.7
6454.7
6453.2
6453.2
6451.6
6451.6
6450.0
6450.0
6448.5
6448.5
6446.9
6446.9
6445.4
6445.4
6443.8
6443.8
6442.3
6442.3
6440.7
6439.2
6439.2
6437.6
6437.6
6436.0
6436.0
6434.5
6434.5
6432.9
6432.9
6431.4
6431.4
6429.8
6429.8
6428.3
6428.3
6426.7
6426.7
6425.2
6425.2
6423.6
6423.6
6422.0
6422.0
6420.5
6420.5
6418.9
6418.9
6417.4
6417.4
6415.8
6415.8
6414.3
6414.3
6412.7
6412.7
6411.2
6411.2
6409.6
6409.6
6406.5
6406.5
6404.9
6404.9
6403.4
6403.4
6401.8
6401.8
6400.3
6400.3
6398.7
6398.7
6397.2
6395.6
6395.6
6394.1
6394.1
6392.5
6392.5
6390.9
6390.9
6389.4
6389.4
6387.8
6387.8
6386.3
6386.3
6384.7
6384.7
6383.2
6383.2
6381.6
6381.6
6380.1
6380.1
6378.5
6378.5
6376.9
6376.9
6375.4
6375.4
6373.8
6373.8
6372.3
6372.3
6370.7
6370.7
6369.2
6369.2
6367.6
6367.6
6366.1
6366.1
6364.5
6364.5
6362.9
6362.9
6361.4
6361.4
6359.8
6359.8
6358.3
6358.3
6356.7
6356.7
6355.2
6355.2
6353.6
6353.6
6352.1
6352.1
6350.5
6350.5
6348.9
6348.9
6347.4
6347.4
6345.8
6345.8
6344.3
6344.3
6342.7
6342.7
6339.6
6339.6
6338.1
6338.1
6336.5
6336.5
6334.9
6334.9
6333.4
6333.4
6331.8
6331.8
6330.3
6330.3
6328.7
6328.7
6327.2
6327.2
6325.6
6325.6
6324.1
6324.1
6322.5
6322.5
6321.0
6321.0
6319.4
6319.4
6317.8
6317.8
6316.3
6316.3
6314.7
6314.7
6313.2
6313.2
6311.6
6311.6
6310.1
6308.5
6308.5
6307.0
6307.0
6305.4
6305.4
6303.8
6303.8
6302.3
6302.3
6300.7
6300.7
6299.2
6299.2
6299.2
6297.6
6297.6
6296.1
6296.1
6294.5
6294.5
6293.0
6293.0
6291.4
6291.4
6289.8
6289.8
6288.3
6286.7
6286.7
6285.2
6285.2
6283.6
6283.6
6283.6
6282.1
6282.1
6280.5
6280.5
6279.0
6279.0
6277.4
6277.4
6274.3
6274.3
6272.7
6272.7
6271.2
6271.2
6269.6
6269.6
6268.1
6268.1
6266.5
6266.5
6265.0
6265.0
6263.4
6263.4
6261.8
6261.8
6260.3
6260.3
6258.7
6258.7
6257.2
6257.2
6255.6
6255.6
6254.1
6254.1
6252.5
6252.5
6251.0
6251.0
6249.4
6249.4
6247.8
6247.8
6246.3
6246.3
6244.7
6244.7
6243.2
6243.2
6241.6
6241.6
6240.1
6240.1
6238.5
6238.5
6237.0
6237.0
6235.4
6235.4
6233.9
6233.9
6232.3
6232.3
6230.7
6230.7
6229.2
6229.2
6227.6
6227.6
6226.1
6226.1
6224.5
6224.5
6223.0
6223.0
6221.4
6221.4
6219.9
6219.9
6218.3
6218.3
6216.7
6216.7
6215.2
6215.2
6213.6
6213.6
6212.1
6212.1
6210.5
6210.5
6207.4
6207.4
6205.9
6205.9
6204.3
6204.3
6202.7
6202.7
6202.7
6201.2
6199.6
6199.6
6198.1
6198.1
6198.1
6196.5
6196.5
6195.0
6195.0
6193.4
6193.4
6191.9
6191.9
6190.3
6190.3
6188.7
6188.7
6187.2
6187.2
6185.6
6185.6
6184.1
6184.1
6182.5
6182.5
6181.0
6181.0
6179.4
6179.4
6177.9
6177.9
6176.3
6176.3
6174.7
6174.7
6173.2
6173.2
6171.6
6171.6
6170.1
6170.1
6168.5
6168.5
6167.0
6167.0
6165.4
6165.4
6163.9
6163.9
6162.3
6162.3
6160.7
6160.7
6160.7
6159.2
6157.6
6157.6
6157.6
6156.1
6156.1
6154.5
6154.5
6153.0
6153.0
6151.4
6151.4
6149.9
6149.9
6148.3
6148.3
6146.8
6146.8
6145.2
6145.2
6143.6
6143.6
6140.5
6140.5
6139.0
6139.0
6137.4
6137.4
6135.9
6135.9
6134.3
6134.3
6132.8
6132.8
6131.2
6131.2
6129.6
6129.6
6128.1
6128.1
6126.5
6126.5
6126.5
6125.0
6125.0
6123.4
6123.4
6121.9
6121.9
6120.3
6120.3
6118.8
6118.8
6117.2
6117.2
6115.6
6115.6
6114.1
6114.1
6112.5
6112.5
6111.0
6111.0
6109.4
6109.4
6107.9
6107.9
6106.3
6106.3
6104.8
6104.8
6103.2
6103.2
6101.6
6101.6
6101.6
6100.1
6100.1
6098.5
6098.5
6097.0
6097.0
6095.4
6095.4
6093.9
6093.9
6092.3
6092.3
6090.8
6090.8
6089.2
6089.2
6087.6
6087.6
6086.1
6086.1
6084.5
6084.5
6083.0
6083.0
6081.4
6081.4
6079.9
6079.9
6079.9
6078.3
6078.3
6076.8
6076.8
6073.6
6073.6
6072.1
6072.1
6070.5
6070.5
6069.0
6069.0
6067.4
6067.4
6065.9
6065.9
6064.3
6064.3
6062.8
6062.8
6061.2
6061.2
6059.7
6059.7
6058.1
6058.1
6058.1
6056.5
6056.5
6055.0
6055.0
6053.4
6053.4
6051.9
6051.9
6050.3
6050.3
6048.8
6048.8
6047.2
6047.2
6045.7
6045.7
6044.1
6044.1
6042.5
6042.5
6041.0
6041.0
6039.4
6039.4
6037.9
6037.9
6037.9
6036.3
6036.3
6034.8
6034.8
6033.2
6033.2
6031.7
6031.7
6030.1
6030.1
6028.5
6028.5
6027.0
6027.0
6025.4
6025.4
6023.9
6023.9
6022.3
6022.3
6020.8
6020.8
6020.8
6019.2
6019.2
6017.7
6017.7
6016.1
6016.1
6014.5
6014.5
6013.0
6013.0
6011.4
6011.4
6008.3
6008.3
6006.8
6006.8
6005.2
6005.2
6003.7
6003.7
6002.1
6002.1
6002.1
6000.5
6000.5
5999.0
5999.0
5997.4
5997.4
5995.9
5995.9
5994.3
5994.3
5992.8
5992.8
5991.2
5991.2
5989.7
5989.7
5988.1
5988.1
5988.1
5986.6
5986.6
5985.0
5985.0
5983.4
5983.4
5981.9
5981.9
5980.3
5980.3
5978.8
5978.8
5977.2
5977.2
5975.7
5975.7
5974.1
5974.1
5974.1
5972.6
5972.6
5971.0
5971.0
5969.4
5969.4
5967.9
5967.9
5966.3
5966.3
5964.8
5964.8
5963.2
5963.2
5961.7
5961.7
5960.1
5960.1
5958.6
5958.6
5958.6
5957.0
5957.0
5955.4
5955.4
5953.9
5953.9
5952.3
5952.3
5950.8
5950.8
5949.2
5949.2
5947.7
5947.7
5946.1
5946.1
5946.1
5944.6
5944.6
5941.4
5941.4
5939.9
5939.9
5938.3
5938.3
5936.8
5936.8
5935.2
5935.2
5933.7
5933.7
5932.1
5932.1
5932.1
5930.6
5930.6
5929.0
5929.0
5927.4
5927.4
5925.9
5925.9
5924.3
5924.3
5922.8
5922.8
5921.2
5921.2
5919.7
5919.7
5918.1
5918.1
5918.1
5916.6
5916.6
5915.0
5915.0
5913.4
5913.4
5911.9
5911.9
5910.3
5910.3
5908.8
5908.8
5907.2
5907.2
5907.2
5905.7
5905.7
5904.1
5904.1
5902.6
5902.6
5901.0
5901.0
5899.5
5899.5
5897.9
5897.9
5896.3
5896.3
5894.8
5894.8
5894.8
5893.2
5893.2
5891.7
5891.7
5890.1
5890.1
5888.6
5888.6
5887.0
5887.0
5885.5
5885.5
5885.5
5883.9
5883.9
5882.3
5882.3
5880.8
5880.8
5879.2
5879.2
5877.7
5877.7
5874.6
5874.6
5873.0
5873.0
5871.5
5871.5
5871.5
5869.9
5869.9
5868.3
5868.3
5866.8
5866.8
5865.2
5865.2
5863.7
5863.7
5862.1
5862.1
5862.1
5860.6
5860.6
5859.0
5859.0
5857.5
5857.5
5855.9
5855.9
5854.3
5854.3
5852.8
5852.8
5851.2
5851.2
5851.2
5849.7
5849.7
5848.1
5848.1
5846.6
5846.6
5845.0
5845.0
5843.5
5843.5
5841.9
5841.9
5841.9
5840.3
5840.3
5838.8
5838.8
5837.2
5837.2
5835.7
5835.7
5834.1
5834.1
5832.6
5832.6
5831.0
5831.0
5831.0
5829.5
5829.5
5827.9
5827.9
5826.3
5826.3
5824.8
5824.8
5823.2
5823.2
5821.7
5821.7
5821.7
5820.1
5820.1
5818.6
5818.6
5817.0
5817.0
5815.5
5815.5
5813.9
5813.9
5813.9
5812.4
5812.4
5809.2
5809.2
5807.7
5807.7
5806.1
5806.1
5804.6
5804.6
5803.0
5803.0
5801.5
5801.5
5801.5
5799.9
5799.9
5798.4
5798.4
5796.8
5796.8
5795.2
5795.2
5793.7
5793.7
5793.7
5792.1
5792.1
5790.6
5790.6
5789.0
5789.0
5787.5
5787.5
5785.9
5785.9
5784.4
5784.4
5784.4
5782.8
5782.8
5781.2
5781.2
5779.7
5779.7
5778.1
5778.1
5776.6
5776.6
5776.6
5775.0
5775.0
5773.5
5773.5
5771.9
5771.9
5770.4
5770.4
5768.8
5768.8
5767.2
5767.2
5767.2
5765.7
5765.7
5764.1
5764.1
5762.6
5762.6
5761.0
5761.0
5759.5
5759.5
5759.5
5757.9
5757.9
5756.4
5756.4
5754.8
5754.8
5753.2
5753.2
5751.7
5751.7
5751.7
5750.1
5750.1
5748.6
5748.6
5747.0
5747.0
5745.5
5745.5
5742.4
5742.4
5740.8
5740.8
5740.8
5739.2
5739.2
5737.7
5737.7
5736.1
5736.1
5734.6
5734.6
5733.0
5733.0
5733.0
5731.5
5731.5
5729.9
5729.9
5728.4
5728.4
5726.8
5726.8
5725.3
5725.3
5725.3
5723.7
5723.7
5722.1
5722.1
5720.6
5720.6
5719.0
5719.0
5717.5
5717.5
5717.5
5715.9
5715.9
5714.4
5714.4
5712.8
5712.8
5711.3
5711.3
5709.7
5709.7
5709.7
5708.1
5708.1
5706.6
5706.6
5705.0
5705.0
5703.5
5703.5
5701.9
5701.9
5701.9
5700.4
5700.4
5698.8
5698.8
5697.3
5697.3
5695.7
5695.7
5695.7
5694.1
5694.1
5692.6
5692.6
5691.0
5691.0
5689.5
5689.5
5687.9
5687.9
5687.9
5686.4
5686.4
5684.8
5684.8
5683.3
5683.3
5681.7
5681.7
5680.1
5680.1
5680.1
5678.6
5678.6
5675.5
5675.5
5673.9
5673.9
5672.4
5672.4
5672.4
5670.8
5670.8
5669.3
5669.3
5667.7
5667.7
5666.1
5666.1
5664.6
5664.6
5664.6
5663.0
5663.0
5661.5
5661.5
5659.9
5659.9
5658.4
5658.4
5658.4
5656.8
5656.8
5655.3
5655.3
5653.7
5653.7
5652.1
5652.1
5650.6
5650.6
5650.6
5649.0
5649.0
5647.5
5647.5
5645.9
5645.9
5644.4
5644.4
5644.4
5642.8
5642.8
5641.3
5641.3
5639.7
5639.7
5638.2
5638.2
5638.2
5636.6
5636.6
5635.0
5635.0
5633.5
5633.5
5631.9
5631.9
5631.9
5630.4
5630.4
5628.8
5628.8
5627.3
5627.3
5625.7
5625.7
5625.7
5624.2
5624.2
5622.6
5622.6
5621.0
5621.0
5619.5
5619.5
5619.5
5617.9
5617.9
5616.4
5616.4
5614.8
5614.8
5613.3
5613.3
5610.2
5610.2
5610.2
5608.6
5608.6
5607.0
5607.0
5605.5
5605.5
5603.9
5603.9
5603.9
5602.4
5602.4
5600.8
5600.8
5599.3
5599.3
5597.7
5597.7
5597.7
5596.2
5596.2
5594.6
5594.6
5593.0
5593.0
5591.5
5591.5
5591.5
5589.9
5589.9
5588.4
5588.4
5586.8
5586.8
5585.3
5585.3
5585.3
5583.7
5583.7
5582.2
5582.2
5580.6
5580.6
5579.0
5579.0
5579.0
5577.5
5577.5
5575.9
5575.9
5574.4
5574.4
5574.4
5572.8
5572.8
5571.3
5571.3
5569.7
5569.7
5568.2
5568.2
5568.2
5566.6
5566.6
5565.0
5565.0
5563.5
5563.5
5561.9
5561.9
5561.9
5560.4
5560.4
5558.8
5558.8
5557.3
5557.3
5555.7
5555.7
5555.7
5554.2
5554.2
5552.6
5552.6
5551.1
5551.1
5549.5
5549.5
5549.5
5547.9
5547.9
5546.4
5546.4
5543.3
5543.3
5543.3
5541.7
5541.7
5540.2
5540.2
5538.6
5538.6
5537.1
5537.1
5537.1
5535.5
5535.5
5533.9
5533.9
5532.4
5532.4
5532.4
5530.8
5530.8
5529.3
5529.3
5527.7
5527.7
5526.2
5526.2
5526.2
5524.6
5524.6
5523.1
5523.1
5521.5
5521.5
5519.9
5519.9
5519.9
5518.4
5518.4
5516.8
5516.8
5515.3
5515.3
5515.3
5513.7
5513.7
5512.2
5512.2
5510.6
5510.6
5509.1
5509.1
5509.1
5507.5
5507.5
5505.9
5505.9
5504.4
5504.4
5504.4
5502.8
5502.8
5501.3
5501.3
5499.7
5499.7
5498.2
5498.2
5498.2
5496.6
5496.6
5495.1
5495.1
5493.5
5493.5
5493.5
5491.9
5491.9
5490.4
5490.4
5488.8
5488.8
5488.8
5487.3
5487.3
5485.7
5485.7
5484.2
5484.2
5482.6
5482.6
5482.6
5481.1
5481.1
5479.5
5479.5
5476.4
5476.4
5476.4
5474.8
5474.8
5473.3
5473.3
5471.7
5471.7
5471.7
5470.2
5470.2
5468.6
5468.6
5467.1
5467.1
5465.5
5465.5
5465.5
5464.0
5464.0
5462.4
5462.4
5460.8
5460.8
5460.8
5459.3
5459.3
5457.7
5457.7
5456.2
5456.2
5456.2
5454.6
5454.6
5453.1
5453.1
5451.5
5451.5
5451.5
5450.0
5450.0
5448.4
5448.4
5446.8
5446.8
5445.3
5445.3
5445.3
5443.7
5443.7
5442.2
5442.2
5440.6
5440.6
5440.6
5439.1
5439.1
5437.5
5437.5
5436.0
5436.0
5436.0
5434.4
5434.4
5432.8
5432.8
5431.3
5431.3
5431.3
5429.7
5429.7
5428.2
5428.2
5426.6
5426.6
5426.6
5425.1
5425.1
5423.5
5423.5
5422.0
5422.0
5420.4
5420.4
5420.4
5418.8
5418.8
5417.3
5417.3
5415.7
5415.7
5415.7
5414.2
5414.2
5411.1
5411.1
5409.5
5409.5
5409.5
5408.0
5408.0
5406.4
5406.4
5406.4
5404.8
5404.8
5403.3
5403.3
5401.7
5401.7
5401.7
5400.2
5400.2
5398.6
5398.6
5397.1
5397.1
5395.5
5395.5
5395.5
5394.0
5394.0
5392.4
5392.4
5390.9
5390.9
5390.9
5389.3
5389.3
5387.7
5387.7
5387.7
5386.2
5386.2
5384.6
5384.6
5383.1
5383.1
5383.1
5381.5
5381.5
5380.0
5380.0
5378.4
5378.4
5376.9
5376.9
5376.9
5375.3
5375.3
5373.7
5373.7
5373.7
5372.2
5372.2
5370.6
5370.6
5369.1
5369.1
5369.1
5367.5
5367.5
5366.0
5366.0
5364.4
5364.4
5364.4
5362.9
5362.9
5361.3
5361.3
5359.7
5359.7
5359.7
5358.2
5358.2
5356.6
5356.6
5355.1
5355.1
5355.1
5353.5
5353.5
5352.0
5352.0
5350.4
5350.4
5350.4
5348.9
5348.9
5347.3
5347.3
5347.3
5344.2
5344.2
5342.6
5342.6
5341.1
5341.1
5341.1
5339.5
5339.5
5338.0
5338.0
5336.4
5336.4
5336.4
5334.9
5334.9
5333.3
5333.3
5331.7
5331.7
5331.7
5330.2
5330.2
5328.6
5328.6
5327.1
5327.1
5327.1
5325.5
5325.5
5324.0
5324.0
5324.0
5322.4
5322.4
5320.9
5320.9
5319.3
5319.3
5319.3
5317.7
5317.7
5316.2
5316.2
5316.2
5314.6
5314.6
5313.1
5313.1
5311.5
5311.5
5311.5
5310.0
5310.0
5308.4
5308.4
5306.9
5306.9
5306.9
5305.3
5305.3
5303.8
5303.8
5302.2
5302.2
5302.2
5300.6
5300.6
5299.1
5299.1
5299.1
5297.5
5297.5
5296.0
5296.0
5294.4
5294.4
5294.4
5292.9
5292.9
5291.3
5291.3
5289.8
5289.8
5289.8
5288.2
5288.2
5286.6
5286.6
5286.6
5285.1
5285.1
5283.5
5283.5
5282.0
5282.0
5282.0
5280.4
5280.4
5277.3
5277.3
5277.3
5275.8
5275.8
5274.2
5274.2
5272.6
5272.6
5272.6
5271.1
5271.1
5269.5
5269.5
5269.5
5268.0
5268.0
5266.4
5266.4
5264.9
5264.9
5264.9
5263.3
5263.3
5261.8
5261.8
5260.2
5260.2
5260.2
5258.6
5258.6
5257.1
5257.1
5257.1
5255.5
5255.5
5254.0
5254.0
5252.4
5252.4
5252.4
5250.9
5250.9
5249.3
5249.3
5249.3
5247.8
5247.8
5246.2
5246.2
5244.6
5244.6
5244.6
5243.1
5243.1
5241.5
5241.5
5241.5
5240.0
5240.0
5238.4
5238.4
5236.9
5236.9
5236.9
5235.3
5235.3
5233.8
5233.8
5233.8
5232.2
5232.2
5230.6
5230.6
5230.6
5229.1
5229.1
5227.5
5227.5
5226.0
5226.0
5226.0
5224.4
5224.4
5222.9
5222.9
5222.9
5221.3
5221.3
5219.8
5219.8
5218.2
5218.2
5218.2
5216.7
5216.7
5215.1
5215.1
5215.1
5213.5
5213.5
5210.4
5210.4
5208.9
5208.9
5208.9
5207.3
5207.3
5205.8
5205.8
5205.8
5204.2
5204.2
5202.7
5202.7
5202.7
5201.1
5201.1
5199.5
5199.5
5198.0
5198.0
5198.0
5196.4
5196.4
5194.9
5194.9
5194.9
5193.3
5193.3
5191.8
5191.8
5191.8
5190.2
5190.2
5188.7
5188.7
5187.1
5187.1
5187.1
5185.5
5185.5
5184.0
5184.0
5184.0
5182.4
5182.4
5180.9
5180.9
5179.3
5179.3
5179.3
5177.8
5177.8
5176.2
5176.2
5176.2
5174.7
5174.7
5173.1
5173.1
5173.1
5171.5
5171.5
5170.0
5170.0
5170.0
5168.4
5168.4
5166.9
5166.9
5166.9
5165.3
5165.3
5163.8
5163.8
5162.2
5162.2
5162.2
5160.7
5160.7
5159.1
5159.1
5159.1
5157.5
5157.5
5156.0
5156.0
5156.0
5154.4
5154.4
5152.9
5152.9
5151.3
5151.3
5151.3
5149.8
5149.8
5148.2
5148.2
5148.2
5145.1
5145.1
5143.5
5143.5
5143.5
5142.0
5142.0
5140.4
5140.4
5140.4
5138.9
5138.9
5137.3
5137.3
5135.8
5135.8
5135.8
5134.2
5134.2
5132.7
5132.7
5132.7
5131.1
5131.1
5129.6
5129.6
5129.6
5128.0
5128.0
5126.4
5126.4
5126.4
5124.9
5124.9
5123.3
5123.3
5123.3
5121.8
5121.8
5120.2
5120.2
5120.2
5118.7
5118.7
5117.1
5117.1
5115.6
5115.6
5115.6
5114.0
5114.0
5112.4
5112.4
5112.4
5110.9
5110.9
5109.3
5109.3
5109.3
5107.8
5107.8
5106.2
5106.2
5106.2
5104.7
5104.7
5103.1
5103.1
5103.1
5101.6
5101.6
5100.0
5100.0
5100.0
5098.4
5098.4
5096.9
5096.9
5096.9
5095.3
5095.3
5093.8
5093.8
5092.2
5092.2
5092.2
5090.7
5090.7
5089.1
5089.1
5089.1
5087.6
5087.6
5086.0
5086.0
5086.0
5084.4
5084.4
5082.9
5082.9
5082.9
5081.3
5081.3
5078.2
5078.2
5078.2
5076.7
5076.7
5075.1
5075.1
5075.1
5073.6
5073.6
5072.0
5072.0
5072.0
5070.4
5070.4
5068.9
5068.9
5068.9
5067.3
5067.3
5065.8
5065.8
5065.8
5064.2
5064.2
5062.7
5062.7
5062.7
5061.1
5061.1
5059.6
5059.6
5059.6
5058.0
5058.0
5056.4
5056.4
5056.4
5054.9
5054.9
5053.3
5053.3
5053.3
5051.8
5051.8
5050.2
5050.2
5048.7
5048.7
5048.7
5047.1
5047.1
5047.1
5045.6
5045.6
5044.0
5044.0
5044.0
5042.5
5042.5
5040.9
5040.9
5040.9
5039.3
5039.3
5037.8
5037.8
5037.8
5036.2
5036.2
5034.7
5034.7
5034.7
5033.1
5033.1
5031.6
5031.6
5030.0
5030.0
5030.0
5028.5
5028.5
5028.5
5026.9
5026.9
5025.3
5025.3
5025.3
5023.8
5023.8
5022.2
5022.2
5022.2
5020.7
5020.7
5019.1
5019.1
5019.1
5017.6
5017.6
5016.0
5016.0
5016.0
5014.5
5014.5
5011.3
5011.3
5011.3
5009.8
5009.8
5008.2
5008.2
5008.2
5006.7
5006.7
5005.1
5005.1
5005.1
5003.6
5003.6
5002.0
5002.0
5002.0
5000.5
5000.5
4998.9
4998.9
4998.9
4997.3
4997.3
4995.8
4995.8
4995.8
4994.2
4994.2
4992.7
4992.7
4992.7
4991.1
4991.1
4989.6
4989.6
4989.6
4988.0
4988.0
4988.0
4986.5
4986.5
4984.9
4984.9
4983.3
4983.3
4983.3
4981.8
4981.8
4981.8
4980.2
4980.2
4978.7
4978.7
4978.7
4977.1
4977.1
4975.6
4975.6
4975.6
4974.0
4974.0
4972.5
4972.5
4972.5
4970.9
4970.9
4969.3
4969.3
4969.3
4967.8
4967.8
4966.2
4966.2
4966.2
4964.7
4964.7
4963.1
4963.1
4963.1
4961.6
4961.6
4960.0
4960.0
4960.0
4958.5
4958.5
4958.5
4956.9
4956.9
4955.4
4955.4
4955.4
4953.8
4953.8
4952.2
4952.2
4952.2
4950.7
4950.7
4949.1
4949.1
4949.1
4946.0
4946.0
4944.5
4944.5
4944.5
4942.9
4942.9
4941.4
4941.4
4941.4
4939.8
4939.8
4939.8
4938.2
4938.2
4936.7
4936.7
4936.7
4935.1
4935.1
4933.6
4933.6
4933.6
4932.0
4932.0
4930.5
4930.5
4930.5
4928.9
4928.9
4928.9
4927.4
4927.4
4925.8
4925.8
4925.8
4924.2
4924.2
4922.7
4922.7
4922.7
4921.1
4921.1
4919.6
4919.6
4919.6
4918.0
4918.0
4916.5
4916.5
4916.5
4914.9
4914.9
4914.9
4913.4
4913.4
4911.8
4911.8
4911.8
4910.2
4910.2
4908.7
4908.7
4908.7
4907.1
4907.1
4905.6
4905.6
4905.6
4904.0
4904.0
4904.0
4902.5
4902.5
4900.9
4900.9
4900.9
4899.4
4899.4
4897.8
4897.8
4897.8
4896.2
4896.2
4894.7
4894.7
4894.7
4893.1
4893.1
4891.6
4891.6
4891.6
4890.0
4890.0
4890.0
4888.5
4888.5
4886.9
4886.9
4886.9
4885.4
4885.4
4883.8
4883.8
4883.8
4882.3
4882.3
4882.3
4879.1
4879.1
4877.6
4877.6
4877.6
4876.0
4876.0
4874.5
4874.5
4874.5
4872.9
4872.9
4871.4
4871.4
4871.4
4869.8
4869.8
4869.8
4868.3
4868.3
4866.7
4866.7
4866.7
4865.1
4865.1
4863.6
4863.6
4863.6
4862.0
4862.0
4862.0
4860.5
4860.5
4858.9
4858.9
4858.9
4857.4
4857.4
4855.8
4855.8
4855.8
4854.3
4854.3
4854.3
4852.7
4852.7
4851.1
4851.1
4851.1
4849.6
4849.6
4848.0
4848.0
4848.0
4846.5
4846.5
4846.5
4844.9
4844.9
4843.4
4843.4
4843.4
4841.8
4841.8
4840.3
4840.3
4840.3
4838.7
4838.7
4838.7
4837.1
4837.1
4835.6
4835.6
4835.6
4834.0
4834.0
4832.5
4832.5
4832.5
4830.9
4830.9
4830.9
4829.4
4829.4
4827.8
4827.8
4827.8
4826.3
4826.3
4824.7
4824.7
4824.7
4823.1
4823.1
4823.1
4821.6
4821.6
4820.0
4820.0
4820.0
4818.5
4818.5
4818.5
4816.9
4816.9
4815.4
4815.4
4815.4
4812.3
4812.3
4810.7
4810.7
4810.7
4809.1
4809.1
4809.1
4807.6
4807.6
4806.0
4806.0
4806.0
4804.5
4804.5
4802.9
4802.9
4802.9
4801.4
4801.4
4801.4
4799.8
4799.8
4798.3
4798.3
4798.3
4796.7
4796.7
4796.7
4795.2
4795.2
4793.6
4793.6
4793.6
4792.0
4792.0
4790.5
4790.5
4790.5
4788.9
4788.9
4788.9
4787.4
4787.4
4785.8
4785.8
4785.8
4784.3
4784.3
4784.3
4782.7
4782.7
4781.2
4781.2
4781.2
4779.6
4779.6
4779.6
4778.0
4778.0
4776.5
4776.5
4776.5
4774.9
4774.9
4773.4
4773.4
4773.4
4771.8
4771.8
4771.8
4770.3
4770.3
4768.7
4768.7
4768.7
4767.2
4767.2
4767.2
4765.6
4765.6
4764.0
4764.0
4764.0
4762.5
4762.5
4762.5
4760.9
4760.9
4759.4
4759.4
4759.4
4757.8
4757.8
4757.8
4756.3
4756.3
4754.7
4754.7
4754.7
4753.2
4753.2
4753.2
4751.6
4751.6
4750.0
4750.0
4750.0
4746.9
4746.9
4745.4
4745.4
4745.4
4743.8
4743.8
4743.8
4742.3
4742.3
4740.7
4740.7
4740.7
4739.2
4739.2
4739.2
4737.6
4737.6
4736.0
4736.0
4736.0
4734.5
4734.5
4734.5
4732.9
4732.9
4731.4
4731.4
4731.4
4729.8
4729.8
4729.8
4728.3
4728.3
4726.7
4726.7
4726.7
4725.2
4725.2
4725.2
4723.6
4723.6
4722.0
4722.0
4722.0
4720.5
4720.5
4720.5
4718.9
4718.9
4717.4
4717.4
4717.4
4715.8
4715.8
4715.8
4714.3
4714.3
4712.7
4712.7
4712.7
4711.2
4711.2
4711.2
4709.6
4709.6
4708.1
4708.1
4708.1
4706.5
4706.5
4706.5
4704.9
4704.9
4703.4
4703.4
4703.4
4701.8
4701.8
4701.8
4700.3
4700.3
4698.7
4698.7
4698.7
4697.2
4697.2
4697.2
4695.6
4695.6
4694.1
4694.1
4694.1
4692.5
4692.5
4692.5
4690.9
4690.9
4690.9
4689.4
4689.4
4687.8
4687.8
4687.8
4686.3
4686.3
4686.3
4684.7
4684.7
4683.2
4683.2
4683.2
4680.1
4680.1
4680.1
4678.5
4678.5
4676.9
4676.9
4676.9
4675.4
4675.4
4675.4
4673.8
4673.8
4672.3
4672.3
4672.3
4670.7
4670.7
4670.7
4669.2
4669.2
4669.2
4667.6
4667.6
4666.1
4666.1
4666.1
4664.5
4664.5
4664.5
4662.9
4662.9
4661.4
4661.4
4661.4
4659.8
4659.8
4659.8
4658.3
4658.3
4656.7
4656.7
4656.7
4655.2
4655.2
4655.2
4653.6
4653.6
4653.6
4652.1
4652.1
4650.5
4650.5
4650.5
4648.9
4648.9
4648.9
4647.4
4647.4
4645.8
4645.8
4645.8
4644.3
4644.3
4644.3
4642.7
4642.7
4642.7
4641.2
4641.2
4639.6
4639.6
4639.6
4638.1
4638.1
4638.1
4636.5
4636.5
4634.9
4634.9
4634.9
4633.4
4633.4
4633.4
4631.8
4631.8
4631.8
4630.3
4630.3
4628.7
4628.7
4628.7
4627.2
4627.2
4627.2
4625.6
4625.6
4625.6
4624.1
4624.1
4622.5
4622.5
4622.5
4621.0
4621.0
4621.0
4619.4
4619.4
4617.8
4617.8
4617.8
4616.3
4616.3
4616.3
4613.2
4613.2
4613.2
4611.6
4611.6
4610.1
4610.1
4610.1
4608.5
4608.5
4608.5
4607.0
4607.0
4607.0
4605.4
4605.4
4603.8
4603.8
4603.8
4602.3
4602.3
4602.3
4600.7
4600.7
4600.7
4599.2
4599.2
4597.6
4597.6
4597.6
4596.1
4596.1
4596.1
4594.5
4594.5
4593.0
4593.0
4593.0
4591.4
4591.4
4591.4
4589.8
4589.8
4589.8
4588.3
4588.3
4586.7
4586.7
4586.7
4585.2
4585.2
4585.2
4583.6
4583.6
4583.6
4582.1
4582.1
4580.5
4580.5
4580.5
4579.0
4579.0
4579.0
4577.4
4577.4
4577.4
4575.8
4575.8
4574.3
4574.3
4574.3
4572.7
4572.7
4572.7
4571.2
4571.2
4571.2
4569.6
4569.6
4568.1
4568.1
4568.1
4566.5
4566.5
4566.5
4565.0
4565.0
4565.0
4563.4
4563.4
4561.8
4561.8
4561.8
4560.3
4560.3
4560.3
4558.7
4558.7
4558.7
4557.2
4557.2
4557.2
4555.6
4555.6
4554.1
4554.1
4554.1
4552.5
4552.5
4552.5
4551.0
4551.0
4551.0
4547.8
4547.8
4546.3
4546.3
4546.3
4544.7
4544.7
4544.7
4543.2
4543.2
4543.2
4541.6
4541.6
4540.1
4540.1
4540.1
4538.5
4538.5
4538.5
4537.0
4537.0
4537.0
4535.4
4535.4
4535.4
4533.9
4533.9
4532.3
4532.3
4532.3
4530.7
4530.7
4530.7
4529.2
4529.2
4529.2
4527.6
4527.6
4526.1
4526.1
4526.1
4524.5
4524.5
4524.5
4523.0
4523.0
4523.0
4521.4
4521.4
4521.4
4519.9
4519.9
4518.3
4518.3
4518.3
4516.7
4516.7
4516.7
4515.2
4515.2
4515.2
4513.6
4513.6
4513.6
4512.1
4512.1
4510.5
4510.5
4510.5
4509.0
4509.0
4509.0
4507.4
4507.4
4507.4
4505.9
4505.9
4504.3
4504.3
4504.3
4502.7
4502.7
4502.7
4501.2
4501.2
4501.2
4499.6
4499.6
4499.6
4498.1
4498.1
4498.1
4496.5
4496.5
4495.0
4495.0
4495.0
4493.4
4493.4
4493.4
4491.9
4491.9
4491.9
4490.3
4490.3
4490.3
4488.7
4488.7
4487.2
4487.2
4487.2
4485.6
4485.6
4485.6
4484.1
4484.1
4484.1
4481.0
4481.0
4481.0
4479.4
4479.4
4477.9
4477.9
4477.9
4476.3
4476.3
4476.3
4474.7
4474.7
4474.7
4473.2
4473.2
4473.2
4471.6
4471.6
4471.6
4470.1
4470.1
4468.5
4468.5
4468.5
4467.0
4467.0
4467.0
4465.4
4465.4
4465.4
4463.9
4463.9
4462.3
4462.3
4462.3
4460.7
4460.7
4460.7
4459.2
4459.2
4459.2
4457.6
4457.6
4457.6
4456.1
4456.1
4456.1
4454.5
4454.5
4454.5
4453.0
4453.0
4451.4
4451.4
4451.4
4449.9
4449.9
4449.9
4448.3
4448.3
4448.3
4446.8
4446.8
4446.8
4445.2
4445.2
4443.6
4443.6
4443.6
4442.1
4442.1
4442.1
4440.5
4440.5
4440.5
4439.0
4439.0
4439.0
4437.4
4437.4
4437.4
4435.9
4435.9
4435.9
4434.3
4434.3
4432.8
4432.8
4432.8
4431.2
4431.2
4431.2
4429.6
4429.6
4429.6
4428.1
4428.1
4428.1
4426.5
4426.5
4426.5
4425.0
4425.0
4425.0
4423.4
4423.4
4421.9
4421.9
4421.9
4420.3
4420.3
4420.3
4418.8
4418.8
4418.8
4417.2
4417.2
4417.2
4414.1
4414.1
4414.1
4412.5
4412.5
4411.0
4411.0
4411.0
4409.4
4409.4
4409.4
4407.9
4407.9
4407.9
4406.3
4406.3
4406.3
4404.8
4404.8
4404.8
4403.2
4403.2
4403.2
4401.6
4401.6
4400.1
4400.1
4400.1
4398.5
4398.5
4398.5
4397.0
4397.0
4397.0
4395.4
4395.4
4395.4
4393.9
4393.9
4393.9
4392.3
4392.3
4392.3
4390.8
4390.8
4389.2
4389.2
4389.2
4387.6
4387.6
4387.6
4386.1
4386.1
4386.1
4384.5
4384.5
4384.5
4383.0
4383.0
4383.0
4381.4
4381.4
4381.4
4379.9
4379.9
4379.9
4378.3
4378.3
4376.8
4376.8
4376.8
4375.2
4375.2
4375.2
4373.7
4373.7
4373.7
4372.1
4372.1
4372.1
4370.5
4370.5
4370.5
4369.0
4369.0
4369.0
4367.4
4367.4
4367.4
4365.9
4365.9
4365.9
4364.3
4364.3
4362.8
4362.8
4362.8
4361.2
4361.2
4361.2
4359.7
4359.7
4359.7
4358.1
4358.1
4358.1
4356.5
4356.5
4356.5
4355.0
4355.0
4355.0
4353.4
4353.4
4353.4
4351.9
4351.9
4351.9
4350.3
4350.3
4347.2
4347.2
4347.2
4345.7
4345.7
4345.7
4344.1
4344.1
4344.1
4342.5
4342.5
4342.5
4341.0
4341.0
4341.0
4339.4
4339.4
4339.4
4337.9
4337.9
4337.9
4336.3
4336.3
4336.3
4334.8
4334.8
4333.2
4333.2
4333.2
4331.7
4331.7
4331.7
4330.1
4330.1
4330.1
4328.5
4328.5
4328.5
4327.0
4327.0
4327.0
4325.4
4325.4
4325.4
4323.9
4323.9
4323.9
4322.3
4322.3
4322.3
4320.8
4320.8
4320.8
4319.2
4319.2
4319.2
4317.7
4317.7
4317.7
4316.1
4316.1
4316.1
4314.5
4314.5
4313.0
4313.0
4313.0
4311.4
4311.4
4311.4
4309.9
4309.9
4309.9
4308.3
4308.3
4308.3
4306.8
4306.8
4306.8
4305.2
4305.2
4305.2
4303.7
4303.7
4303.7
4302.1
4302.1
4302.1
4300.5
4300.5
4300.5
4299.0
4299.0
4299.0
4297.4
4297.4
4297.4
4295.9
4295.9
4295.9
4294.3
4294.3
4292.8
4292.8
4292.8
4291.2
4291.2
4291.2
4289.7
4289.7
4289.7
4288.1
4288.1
4288.1
4286.6
4286.6
4286.6
4285.0
4285.0
4285.0
4281.9
4281.9
4281.9
4280.3
4280.3
4280.3
4278.8
4278.8
4278.8
4277.2
4277.2
4277.2
4275.7
4275.7
4275.7
4274.1
4274.1
4274.1
4272.6
4272.6
4272.6
4271.0
4271.0
4271.0
4269.4
4269.4
4269.4
4267.9
4267.9
4267.9
4266.3
4266.3
4266.3
4264.8
4264.8
4263.2
4263.2
4263.2
4261.7
4261.7
4261.7
4260.1
4260.1
4260.1
4258.6
4258.6
4258.6
4257.0
4257.0
4257.0
4255.4
4255.4
4255.4
4253.9
4253.9
4253.9
4252.3
4252.3
4252.3
4250.8
4250.8
4250.8
4249.2
4249.2
4249.2
4247.7
4247.7
4247.7
4246.1
4246.1
4246.1
4244.6
4244.6
4244.6
4243.0
4243.0
4243.0
4241.4
4241.4
4241.4
4239.9
4239.9
4239.9
4238.3
4238.3
4238.3
4236.8
4236.8
4236.8
4235.2
4235.2
4235.2
4233.7
4233.7
4233.7
4232.1
4232.1
4232.1
4230.6
4230.6
4230.6
4229.0
4229.0
4229.0
4227.4
4227.4
4227.4
4225.9
4225.9
4225.9
4224.3
4224.3
4224.3
4222.8
4222.8
4222.8
4221.2
4221.2
4221.2
4219.7
4219.7
4219.7
4218.1
4218.1
4218.1
4215.0
4215.0
4215.0
4213.4
4213.4
4213.4
4211.9
4211.9
4211.9
4210.3
4210.3
4210.3
4208.8
4208.8
4208.8
4207.2
4207.2
4207.2
4205.7
4205.7
4204.1
4204.1
4204.1
4204.1
4202.6
4202.6
4202.6
4201.0
4201.0
4201.0
4199.5
4199.5
4199.5
4197.9
4197.9
4197.9
4196.3
4196.3
4196.3
4194.8
4194.8
4194.8
4193.2
4193.2
4193.2
4191.7
4191.7
4191.7
4190.1
4190.1
4190.1
4188.6
4188.6
4188.6
4187.0
4187.0
4187.0
4185.5
4185.5
4185.5
4183.9
4183.9
4183.9
4182.3
4182.3
4182.3
4180.8
4180.8
4180.8
4179.2
4179.2
4179.2
4177.7
4177.7
4177.7
4176.1
4176.1
4176.1
4174.6
4174.6
4174.6
4173.0
4173.0
4173.0
4171.5
4171.5
4171.5
4169.9
4169.9
4169.9
4168.3
4168.3
4168.3
4166.8
4166.8
4166.8
4165.2
4165.2
4165.2
4163.7
4163.7
4163.7
4162.1
4162.1
4162.1
4160.6
4160.6
4160.6
4159.0
4159.0
4159.0
4157.5
4157.5
4157.5
4155.9
4155.9
4155.9
4154.3
4154.3
4154.3
4152.8
4152.8
4152.8
4151.2
4151.2
4151.2
4148.1
4148.1
4148.1
4146.6
4146.6
4146.6
4145.0
4145.0
4145.0
4143.5
4143.5
4143.5
4141.9
4141.9
4141.9
4140.3
4140.3
4140.3
4138.8
4138.8
4138.8
4137.2
4137.2
4137.2
4135.7
4135.7
4135.7
4134.1
4134.1
4134.1
4134.1
4132.6
4132.6
4132.6
4131.0
4131.0
4131.0
4129.5
4129.5
4129.5
4127.9
4127.9
4127.9
4126.3
4126.3
4126.3
4124.8
4124.8
4124.8
4123.2
4123.2
4123.2
4121.7
4121.7
4121.7
4120.1
4120.1
4120.1
4118.6
4118.6
4118.6
4117.0
4117.0
4117.0
4115.5
4115.5
4115.5
4113.9
4113.9
4113.9
4112.4
4112.4
4112.4
4110.8
4110.8
4110.8
4109.2
4109.2
4109.2
4107.7
4107.7
4107.7
4107.7
4106.1
4106.1
4106.1
4104.6
4104.6
4104.6
4103.0
4103.0
4103.0
4101.5
4101.5
4101.5
4099.9
4099.9
4099.9
4098.4
4098.4
4098.4
4096.8
4096.8
4096.8
4095.2
4095.2
4095.2
4093.7
4093.7
4093.7
4092.1
4092.1
4092.1
4090.6
4090.6
4090.6
4089.0
4089.0
4089.0
4087.5
4087.5
4087.5
4087.5
4085.9
4085.9
4085.9
4082.8
4082.8
4082.8
4081.2
4081.2
4081.2
4079.7
4079.7
4079.7
4078.1
4078.1
4078.1
4076.6
4076.6
4076.6
4075.0
4075.0
4075.0
4073.5
4073.5
4073.5
4071.9
4071.9
4071.9
4070.4
4070.4
4070.4
4068.8
4068.8
4068.8
4067.2
4067.2
4067.2
4067.2
4065.7
4065.7
4065.7
4064.1
4064.1
4064.1
4062.6
4062.6
4062.6
4061.0
4061.0
4061.0
4059.5
4059.5
4059.5
4057.9
4057.9
4057.9
4056.4
4056.4
4056.4
4054.8
4054.8
4054.8
4053.2
4053.2
4053.2
4051.7
4051.7
4051.7
4051.7
4050.1
4050.1
4050.1
4048.6
4048.6
4048.6
4047.0
4047.0
4047.0
4045.5
4045.5
4045.5
4043.9
4043.9
4043.9
4042.4
4042.4
4042.4
4040.8
4040.8
4040.8
4039.2
4039.2
4039.2
4039.2
4037.7
4037.7
4037.7
4036.1
4036.1
4036.1
4034.6
4034.6
4034.6
4033.0
4033.0
4033.0
4031.5
4031.5
4031.5
4029.9
4029.9
4029.9
4028.4
4028.4
4028.4
4026.8
4026.8
4026.8
4026.8
4025.3
4025.3
4025.3
4023.7
4023.7
4023.7
4022.1
4022.1
4022.1
4020.6
4020.6
4020.6
4019.0
4019.0
4019.0
4015.9
4015.9
4015.9
4014.4
4014.4
4014.4
4014.4
4012.8
4012.8
4012.8
4011.3
4011.3
4011.3
4009.7
4009.7
4009.7
4008.1
4008.1
4008.1
4006.6
4006.6
4006.6
4005.0
4005.0
4005.0
4003.5
4003.5
4003.5
4001.9
4001.9
4001.9
4001.9
4000.4
4000.4
4000.4
3998.8
3998.8
3998.8
3997.3
3997.3
3997.3
3995.7
3995.7
3995.7
3994.1
3994.1
3994.1
3992.6
3992.6
3992.6
3992.6
3991.0
3991.0
3991.0
3989.5
3989.5
3989.5
3987.9
3987.9
3987.9
3986.4
3986.4
3986.4
3984.8
3984.8
3984.8
3983.3
3983.3
3983.3
3981.7
3981.7
3981.7
3981.7
3980.1
3980.1
3980.1
3978.6
3978.6
3978.6
3977.0
3977.0
3977.0
3975.5
3975.5
3975.5
3973.9
3973.9
3973.9
3973.9
3972.4
3972.4
3972.4
3970.8
3970.8
3970.8
3969.3
3969.3
3969.3
3967.7
3967.7
3967.7
3966.1
3966.1
3966.1
3964.6
3964.6
3964.6
3964.6
3963.0
3963.0
3963.0
3961.5
3961.5
3961.5
3959.9
3959.9
3959.9
3958.4
3958.4
3958.4
3956.8
3956.8
3956.8
3956.8
3955.3
3955.3
3955.3
3953.7
3953.7
3953.7
3952.1
3952.1
3952.1
3949.0
3949.0
3949.0
3947.5
3947.5
3947.5
3947.5
3945.9
3945.9
3945.9
3944.4
3944.4
3944.4
3942.8
3942.8
3942.8
3941.3
3941.3
3941.3
3939.7
3939.7
3939.7
3938.2
3938.2
3938.2
3938.2
3936.6
3936.6
3936.6
3935.0
3935.0
3935.0
3933.5
3933.5
3933.5
3931.9
3931.9
3931.9
3930.4
3930.4
3930.4
3930.4
3928.8
3928.8
3928.8
3927.3
3927.3
3927.3
3925.7
3925.7
3925.7
3924.2
3924.2
3924.2
3922.6
3922.6
3922.6
3922.6
3921.0
3921.0
3921.0
3919.5
3919.5
3919.5
3917.9
3917.9
3917.9
3916.4
3916.4
3916.4
3916.4
3914.8
3914.8
3914.8
3913.3
3913.3
3913.3
3911.7
3911.7
3911.7
3910.2
3910.2
3910.2
3908.6
3908.6
3908.6
3908.6
3907.0
3907.0
3907.0
3905.5
3905.5
3905.5
3903.9
3903.9
3903.9
3902.4
3902.4
3902.4
3900.8
3900.8
3900.8
3900.8
3899.3
3899.3
3899.3
3897.7
3897.7
3897.7
3896.2
3896.2
3896.2
3894.6
3894.6
3894.6
3894.6
3893.0
3893.0
3893.0
3891.5
3891.5
3891.5
3889.9
3889.9
3889.9
3888.4
3888.4
3888.4
3888.4
3886.8
3886.8
3886.8
3883.7
3883.7
3883.7
3882.2
3882.2
3882.2
3880.6
3880.6
3880.6
3880.6
3879.0
3879.0
3879.0
3877.5
3877.5
3877.5
3875.9
3875.9
3875.9
3874.4
3874.4
3874.4
3874.4
3872.8
3872.8
3872.8
3871.3
3871.3
3871.3
3869.7
3869.7
3869.7
3868.2
3868.2
3868.2
3868.2
3866.6
3866.6
3866.6
3865.0
3865.0
3865.0
3863.5
3863.5
3863.5
3861.9
3861.9
3861.9
3861.9
3860.4
3860.4
3860.4
3858.8
3858.8
3858.8
3857.3
3857.3
3857.3
3855.7
3855.7
3855.7
3855.7
3854.2
3854.2
3854.2
3852.6
3852.6
3852.6
3851.1
3851.1
3851.1
3851.1
3849.5
3849.5
3849.5
3847.9
3847.9
3847.9
3846.4
3846.4
3846.4
3844.8
3844.8
3844.8
3844.8
3843.3
3843.3
3843.3
3841.7
3841.7
3841.7
3840.2
3840.2
3840.2
3840.2
3838.6
3838.6
3838.6
3837.1
3837.1
3837.1
3835.5
3835.5
3835.5
3833.9
3833.9
3833.9
3833.9
3832.4
3832.4
3832.4
3830.8
3830.8
3830.8
3829.3
3829.3
3829.3
3827.7
3827.7
3827.7
3827.7
3826.2
3826.2
3826.2
3824.6
3824.6
3824.6
3823.1
3823.1
3823.1
3823.1
3821.5
3821.5
3821.5
3819.9
3819.9
3819.9
3816.8
3816.8
3816.8
3816.8
3815.3
3815.3
3815.3
3813.7
3813.7
3813.7
3812.2
3812.2
3812.2
3810.6
3810.6
3810.6
3810.6
3809.1
3809.1
3809.1
3807.5
3807.5
3807.5
3805.9
3805.9
3805.9
3805.9
3804.4
3804.4
3804.4
3802.8
3802.8
3802.8
3801.3
3801.3
3801.3
3801.3
3799.7
3799.7
3799.7
3798.2
3798.2
3798.2
3796.6
3796.6
3796.6
3796.6
3795.1
3795.1
3795.1
3793.5
3793.5
3793.5
3791.9
3791.9
3791.9
3790.4
3790.4
3790.4
3790.4
3788.8
3788.8
3788.8
3787.3
3787.3
3787.3
3787.3
3785.7
3785.7
3785.7
3784.2
3784.2
3784.2
3782.6
3782.6
3782.6
3782.6
3781.1
3781.1
3781.1
3779.5
3779.5
3779.5
3778.0
3778.0
3778.0
3778.0
3776.4
3776.4
3776.4
3774.8
3774.8
3774.8
3773.3
3773.3
3773.3
3771.7
3771.7
3771.7
3771.7
3770.2
3770.2
3770.2
3768.6
3768.6
3768.6
3768.6
3767.1
3767.1
3767.1
3765.5
3765.5
3765.5
3764.0
3764.0
3764.0
3764.0
3762.4
3762.4
3762.4
3760.8
3760.8
3760.8
3759.3
3759.3
3759.3
3759.3
3757.7
3757.7
3757.7
3756.2
3756.2
3756.2
3754.6
3754.6
3754.6
3754.6
3753.1
3753.1
3753.1
3750.0
3750.0
3750.0
3748.4
3748.4
3748.4
3748.4
3746.8
3746.8
3746.8
3745.3
3745.3
3745.3
3743.7
3743.7
3743.7
3743.7
3742.2
3742.2
3742.2
3740.6
3740.6
3740.6
3740.6
3739.1
3739.1
3739.1
3737.5
3737.5
3737.5
3736.0
3736.0
3736.0
3736.0
3734.4
3734.4
3734.4
3732.8
3732.8
3732.8
3732.8
3731.3
3731.3
3731.3
3729.7
3729.7
3729.7
3728.2
3728.2
3728.2
3728.2
3726.6
3726.6
3726.6
3725.1
3725.1
3725.1
3723.5
3723.5
3723.5
3723.5
3722.0
3722.0
3722.0
3720.4
3720.4
3720.4
3720.4
3718.8
3718.8
3718.8
3717.3
3717.3
3717.3
3715.7
3715.7
3715.7
3715.7
3714.2
3714.2
3714.2
3712.6
3712.6
3712.6
3712.6
3711.1
3711.1
3711.1
3709.5
3709.5
3709.5
3708.0
3708.0
3708.0
3708.0
3706.4
3706.4
3706.4
3704.8
3704.8
3704.8
3703.3
3703.3
3703.3
3703.3
3701.7
3701.7
3701.7
3700.2
3700.2
3700.2
3700.2
3698.6
3698.6
3698.6
3697.1
3697.1
3697.1
3697.1
3695.5
3695.5
3695.5
3694.0
3694.0
3694.0
3692.4
3692.4
3692.4
3692.4
3690.9
3690.9
3690.9
3689.3
3689.3
3689.3
3689.3
3687.7
3687.7
3687.7
3684.6
3684.6
3684.6
3683.1
3683.1
3683.1
3683.1
3681.5
3681.5
3681.5
3680.0
3680.0
3680.0
3680.0
3678.4
3678.4
3678.4
3676.9
3676.9
3676.9
3676.9
3675.3
3675.3
3675.3
3673.7
3673.7
3673.7
3672.2
3672.2
3672.2
3672.2
3670.6
3670.6
3670.6
3669.1
3669.1
3669.1
3669.1
3667.5
3667.5
3667.5
3666.0
3666.0
3666.0
3666.0
3664.4
3664.4
3664.4
3662.9
3662.9
3662.9
3661.3
3661.3
3661.3
3661.3
3659.7
3659.7
3659.7
3658.2
3658.2
3658.2
3658.2
3656.6
3656.6
3656.6
3655.1
3655.1
3655.1
3655.1
3653.5
3653.5
3653.5
3652.0
3652.0
3652.0
3652.0
3650.4
3650.4
3650.4
3648.9
3648.9
3648.9
3647.3
3647.3
3647.3
3647.3
3645.7
3645.7
3645.7
3644.2
3644.2
3644.2
3644.2
3642.6
3642.6
3642.6
3641.1
3641.1
3641.1
3641.1
3639.5
3639.5
3639.5
3638.0
3638.0
3638.0
3638.0
3636.4
3636.4
3636.4
3634.9
3634.9
3634.9
3634.9
3633.3
3633.3
3633.3
3631.7
3631.7
3631.7
3631.7
3630.2
3630.2
3630.2
3628.6
3628.6
3628.6
3628.6
3627.1
3627.1
3627.1
3625.5
3625.5
3625.5
3624.0
3624.0
3624.0
3624.0
3622.4
3622.4
3622.4
3620.9
3620.9
3620.9
3620.9
3617.7
3617.7
3617.7
3616.2
3616.2
3616.2
3616.2
3614.6
3614.6
3614.6
3613.1
3613.1
3613.1
3613.1
3611.5
3611.5
3611.5
3610.0
3610.0
3610.0
3610.0
3608.4
3608.4
3608.4
3606.9
3606.9
3606.9
3606.9
3605.3
3605.3
3605.3
3603.8
3603.8
