IEC 61083-2 TDG Version 2.1.0
Data File Version  2.1.0
25 LI-M13
16 bits, 11999 samples at 10ns
1.000000e-008
-83.76
-83.76
-83.76
-83.76
-28.97
-83.76
-83.76
-83.76
-28.97
-83.76
-83.76
-83.76
-83.76
-28.97
-83.76
-83.76
-83.76
-83.76
-28.97
-83.76
-28.97
-83.76
-28.97
-83.76
-83.76
-83.76
-83.76
-83.76
-83.76
-83.76
-83.76
-83.76
-83.76
-28.97
-83.76
-83.76
-28.97
-83.76
-83.76
-83.76
-28.97
-83.76
-83.76
-83.76
-28.97
-83.76
-83.76
-83.76
-83.76
-83.76
-83.76
-83.76
-83.76
-83.76
-83.76
-83.76
-83.76
-83.76
-83.76
-83.76
-28.97
-83.76
-83.76
-83.76
-83.76
-83.76
-83.76
-28.97
-28.97
-83.76
-83.76
-83.76
-83.76
-83.76
-83.76
-83.76
-28.97
-83.76
-28.97
-83.76
-83.76
-83.76
-83.76
-83.76
-83.76
-28.97
-83.76
-83.76
-83.76
-83.76
-83.76
-28.97
-83.76
-83.76
-83.76
-83.76
-83.76
-83.76
-83.76
-83.76
-28.97
-83.76
-83.76
-83.76
-83.76
-83.76
-83.76
-83.76
-83.76
-83.76
-28.97
-83.76
-83.76
-28.97
-83.76
-83.76
-28.97
-83.76
-83.76
-83.76
-83.76
-83.76
-83.76
-83.76
-83.76
-83.76
-83.76
-83.76
-83.76
-83.76
-83.76
-83.76
-28.97
-83.76
-28.97
-83.76
-28.97
-28.97
-83.76
-83.76
-28.97
-83.76
-28.97
-83.76
-83.76
-83.76
-83.76
-83.76
-83.76
-83.76
-83.76
-83.76
-28.97
-83.76
-83.76
-83.76
-28.97
-83.76
-83.76
-83.76
-83.76
-83.76
-28.97
-83.76
-28.97
-83.76
-83.76
-83.76
-28.97
-83.76
-83.76
-83.76
-28.97
-83.76
-83.76
-83.76
-28.97
-83.76
-83.76
-83.76
-83.76
-83.76
-83.76
-83.76
-83.76
-83.76
-28.97
-139.18
-83.76
-83.76
-83.76
-83.76
-28.97
-83.76
-83.76
-139.18
-83.76
-83.76
-83.76
-83.76
-28.97
-83.76
-28.97
-28.97
-83.76
-83.76
-28.97
-83.76
-28.97
-83.76
-83.76
-83.76
-28.97
-83.76
-83.76
-83.76
-28.97
-28.97
-28.97
-83.76
-28.97
-83.76
-83.76
-83.76
-83.76
-83.76
-83.76
-83.76
-83.76
-83.76
-28.97
-83.76
-28.97
-83.76
-28.97
-83.76
-83.76
-83.76
-83.76
-83.76
-83.76
-83.76
-83.76
-83.76
-83.76
-83.76
-83.76
-83.76
-83.76
-83.76
-83.76
-83.76
-28.97
-83.76
-83.76
-83.76
-83.76
-28.97
-83.76
-83.76
-83.76
-83.76
-83.76
-83.76
-83.76
-28.97
-83.76
-83.76
-83.76
-83.76
-28.97
-83.76
-83.76
-83.76
-83.76
-83.76
-83.76
-83.76
-83.76
-83.76
-28.97
-83.76
-83.76
-83.76
-83.76
-83.76
-28.97
-83.76
-83.76
-83.76
-83.76
-83.76
-83.76
-139.18
-83.76
-83.76
-83.76
-83.76
-83.76
-83.76
-83.76
-83.76
-83.76
-83.76
-28.97
-83.76
-83.76
-28.97
-83.76
-28.97
-83.76
-83.76
-83.76
-83.76
-83.76
-83.76
-28.97
-83.76
-83.76
-83.76
-83.76
-83.76
-28.97
-83.76
-83.76
-83.76
-28.97
-83.76
-83.76
-83.76
-83.76
-83.76
-83.76
-83.76
-83.76
-83.76
-83.76
-28.97
-28.97
-83.76
-83.76
-83.76
-83.76
-83.76
-28.97
-83.76
-83.76
-83.76
-28.97
-83.76
-83.76
-83.76
-83.76
-83.76
-83.76
-139.18
-83.76
-83.76
-83.76
-83.76
-83.76
-83.76
-83.76
-83.76
-83.76
-83.76
-28.97
-83.76
-83.76
-28.97
-83.76
-83.76
-83.76
-83.76
-28.97
-83.76
-28.97
-83.76
-28.97
-83.76
-83.76
-83.76
-83.76
-83.76
-83.76
-83.76
-83.76
-83.76
-28.97
-28.97
-28.97
-83.76
-83.76
-83.76
-83.76
-83.76
-83.76
-83.76
-28.97
-83.76
-83.76
-83.76
-28.97
-83.76
-28.97
-83.76
-28.97
-83.76
-83.76
-83.76
-83.76
-83.76
-83.76
-28.97
-83.76
-83.76
-28.97
-83.76
-83.76
-83.76
-83.76
-83.76
-28.97
-83.76
-83.76
-83.76
-83.76
-83.76
-83.76
-83.76
-28.97
-83.76
-28.97
-28.97
-83.76
-83.76
-28.97
-83.76
-28.97
26.45
-83.76
-83.76
-83.76
-83.76
-83.76
-83.76
-28.97
-83.76
-28.97
-83.76
-83.76
-83.76
-83.76
-83.76
-28.97
-83.76
-83.76
-28.97
-28.97
-83.76
-83.76
-28.97
-83.76
-83.76
-83.76
-83.76
-83.76
-139.18
-83.76
-83.76
-83.76
-83.76
-28.97
-83.76
-83.76
-83.76
-83.76
-28.97
-83.76
-83.76
-83.76
-83.76
-83.76
-83.76
-83.76
-83.76
-28.97
-83.76
-83.76
-83.76
-28.97
-83.76
-28.97
-83.76
-28.97
-83.76
-83.76
-83.76
-83.76
-83.76
-83.76
-83.76
-28.97
-83.76
-83.76
-83.76
-83.76
-83.76
-28.97
-83.76
-83.76
-83.76
-28.97
-83.76
-83.76
-83.76
-83.76
-83.76
-83.76
-83.76
-28.97
-83.76
-28.97
-83.76
-28.97
-83.76
-83.76
-83.76
-83.76
-83.76
-83.76
-83.76
-83.76
-83.76
-28.97
-83.76
-83.76
-28.97
-83.76
-83.76
-83.76
-83.76
-83.76
-83.76
-83.76
-83.76
-28.97
-83.76
-83.76
-83.76
-28.97
-83.76
-28.97
-83.76
-28.97
-83.76
-28.97
-83.76
-83.76
-83.76
-83.76
-83.76
-83.76
-83.76
-28.97
-28.97
-28.97
-83.76
-83.76
-83.76
-83.76
-83.76
-28.97
-83.76
-83.76
-83.76
-28.97
-28.97
-83.76
-304.81
81.87
413.14
-471.08
578.77
1739.45
413.14
-1189.03
-304.81
1794.87
1020.87
-1741.34
910.66
2623.03
1076.29
-1686.55
-1189.03
1960.51
2181.56
1462.98
2236.35
4667.30
5883.41
2844.72
2015.30
1905.09
3230.77
3451.83
4391.46
4999.20
6159.25
5385.88
6049.04
4446.25
4999.20
6545.94
9087.73
8424.57
8590.20
8314.36
8314.36
7595.78
7816.83
9087.73
10744.68
11518.68
11187.42
11297.63
10634.47
11187.42
11297.63
12955.21
12789.58
12955.21
13176.26
14667.58
14391.74
14060.47
14060.47
14557.37
15607.22
15939.11
16436.01
17264.80
17430.43
17375.01
17264.80
17872.53
18314.64
18701.33
19033.22
19198.85
19862.01
20358.91
20690.17
21463.54
21463.54
21243.12
21463.54
21574.38
21740.02
22127.33
22624.23
23618.65
24005.96
24668.49
24337.23
24447.44
24668.49
24778.71
25220.81
25773.13
26105.02
26657.34
26879.02
26879.02
26933.81
27210.29
27596.34
27873.45
28039.08
28094.50
28535.97
28978.08
28757.03
29254.55
29420.19
29917.71
29917.71
30083.34
30083.34
30580.24
30635.66
31077.77
31187.98
31077.77
31187.98
31409.03
32017.40
32072.19
32072.19
32514.30
32679.93
32845.56
33066.61
33343.09
33397.88
33839.98
33618.93
33950.83
33950.83
34447.72
34503.14
34613.35
34558.56
34778.99
34724.20
35056.09
35056.09
35276.51
35387.35
35608.41
35663.20
35663.20
35718.62
35884.25
36050.51
36160.72
36160.72
36271.57
36547.41
36602.83
36657.62
36713.04
36823.25
36878.67
36989.52
36989.52
37044.94
37100.36
37320.78
37376.20
37597.25
37486.41
37597.25
37818.31
37707.46
37707.46
37928.52
37928.52
38150.20
37928.52
38039.36
38094.78
38260.41
38204.99
38370.62
38260.41
38536.26
38536.26
38591.68
38591.68
38647.10
38591.68
38647.10
38647.10
38701.89
38757.31
38922.94
38922.94
39033.78
38978.99
39033.78
39033.78
38922.94
38922.94
38922.94
39033.78
39089.20
39089.20
39089.20
39144.62
39199.41
39199.41
39089.20
39144.62
39144.62
39144.62
39144.62
39254.84
39310.26
39365.05
39254.84
39365.05
39310.26
39365.05
39365.05
39365.05
39365.05
39420.47
39475.89
39475.89
39531.31
39475.89
39531.31
39531.31
39475.89
39475.89
39475.89
39475.89
39475.89
39420.47
39420.47
39475.89
39420.47
39420.47
39365.05
39365.05
39420.47
39365.05
39365.05
39365.05
39365.05
39420.47
39420.47
39420.47
39420.47
39420.47
39420.47
39365.05
39420.47
39310.26
39365.05
39365.05
39420.47
39310.26
39420.47
39420.47
39420.47
39310.26
39310.26
39310.26
39310.26
39254.84
39310.26
39254.84
39310.26
39254.84
39365.05
39310.26
39310.26
39199.41
39310.26
39199.41
39254.84
39199.41
39199.41
39199.41
39199.41
39144.62
39144.62
39199.41
39144.62
39144.62
39199.41
39144.62
39144.62
39033.78
39089.20
39089.20
39033.78
38978.99
39033.78
38978.99
39033.78
38922.94
39033.78
38978.99
38922.94
38922.94
38922.94
38978.99
38978.99
38922.94
38978.99
38922.94
38922.94
38978.99
38922.94
38922.94
38922.94
38867.52
38922.94
38867.52
38867.52
38867.52
38867.52
38812.73
38812.73
38812.73
38812.73
38812.73
38812.73
38812.73
38812.73
38757.31
38757.31
38757.31
38701.89
38701.89
38757.31
38701.89
38701.89
38701.89
38647.10
38647.10
38591.68
38701.89
38647.10
38591.68
38591.68
38591.68
38591.68
38591.68
38591.68
38591.68
38591.68
38591.68
38591.68
38591.68
38591.68
38591.68
38591.68
38591.68
38536.26
38536.26
38536.26
38591.68
38536.26
38481.46
38536.26
38481.46
38481.46
38481.46
38481.46
38426.04
38481.46
38426.04
38426.04
38426.04
38481.46
38426.04
38481.46
38370.62
38426.04
38370.62
38370.62
38370.62
38315.83
38370.62
38370.62
38370.62
38370.62
38315.83
38370.62
38370.62
38315.83
38260.41
38260.41
38260.41
38315.83
38260.41
38315.83
38260.41
38315.83
38315.83
38315.83
38315.83
38260.41
38260.41
38260.41
38260.41
38260.41
38260.41
38260.41
38204.99
38260.41
38204.99
38260.41
38204.99
38150.20
38204.99
38204.99
38150.20
38150.20
38150.20
38150.20
38150.20
38150.20
38150.20
38150.20
38150.20
38094.78
38150.20
38150.20
38039.36
38150.20
38039.36
38094.78
38039.36
38094.78
38039.36
38039.36
38039.36
38094.78
38039.36
38094.78
38039.36
38094.78
38039.36
38039.36
38039.36
38039.36
38039.36
38039.36
38039.36
38039.36
37984.57
38039.36
37984.57
37928.52
37928.52
37928.52
37928.52
37928.52
37928.52
37928.52
37928.52
37928.52
37928.52
37928.52
37928.52
37928.52
37873.10
37928.52
37928.52
37928.52
37873.10
37818.31
37873.10
37818.31
37818.31
37928.52
37818.31
37818.31
37873.10
37873.10
37873.10
37818.31
37818.31
37818.31
37818.31
37818.31
37762.89
37818.31
37762.89
37762.89
37762.89
37762.89
37762.89
37762.89
37762.89
37762.89
37707.46
37762.89
37707.46
37762.89
37762.89
37762.89
37707.46
37707.46
37707.46
37762.89
37707.46
37707.46
37707.46
37707.46
37597.25
37652.67
37652.67
37652.67
37652.67
37597.25
37652.67
37597.25
37597.25
37597.25
37541.83
37541.83
37541.83
37597.25
37541.83
37541.83
37541.83
37541.83
37541.83
37541.83
37541.83
37541.83
37541.83
37541.83
37486.41
37541.83
37486.41
37541.83
37541.83
37541.83
37431.62
37541.83
37486.41
37486.41
37431.62
37486.41
37486.41
37431.62
37431.62
37431.62
37431.62
37431.62
37376.20
37376.20
37376.20
37376.20
37376.20
37431.62
37376.20
37320.78
37376.20
37376.20
37376.20
37376.20
37320.78
37376.20
37320.78
37376.20
37320.78
37320.78
37265.99
37376.20
37320.78
37320.78
37265.99
37265.99
37265.99
37265.99
37265.99
37265.99
37210.57
37265.99
37210.57
37265.99
37265.99
37265.99
37210.57
37265.99
37210.57
37210.57
37155.15
37155.15
37155.15
37155.15
37155.15
37155.15
37155.15
37210.57
37155.15
37155.15
37155.15
37100.36
37100.36
37100.36
37100.36
37100.36
37044.94
37100.36
37100.36
37100.36
37100.36
37100.36
37100.36
37100.36
37044.94
37100.36
37044.94
37044.94
37044.94
37044.94
37044.94
37044.94
36989.52
36989.52
36989.52
37044.94
36989.52
36989.52
36989.52
36934.72
36934.72
36989.52
36989.52
36989.52
36934.72
36934.72
36934.72
36989.52
36934.72
36934.72
36934.72
36934.72
36934.72
36934.72
36878.67
36934.72
36823.25
36878.67
36878.67
36878.67
36823.25
36878.67
36878.67
36823.25
36823.25
36823.25
36823.25
36823.25
36823.25
36823.25
36823.25
36823.25
36823.25
36823.25
36823.25
36823.25
36768.46
36768.46
36768.46
36823.25
36713.04
36768.46
36713.04
36713.04
36768.46
36713.04
36713.04
36713.04
36768.46
36713.04
36713.04
36768.46
36713.04
36713.04
36713.04
36657.62
36713.04
36713.04
36713.04
36657.62
36657.62
36657.62
36713.04
36657.62
36657.62
36602.83
36602.83
36602.83
36602.83
36602.83
36602.83
36657.62
36602.83
36602.83
36602.83
36657.62
36602.83
36602.83
36602.83
36602.83
36547.41
36602.83
36547.41
36602.83
36491.99
36547.41
36547.41
36547.41
36491.99
36491.99
36491.99
36491.99
36491.99
36491.99
36491.99
36491.99
36437.20
36437.20
36491.99
36491.99
36437.20
36491.99
36437.20
36437.20
36491.99
36437.20
36381.78
36437.20
36381.78
36381.78
36381.78
36381.78
36381.78
36381.78
36381.78
36381.78
36381.78
36381.78
36381.78
36326.36
36381.78
36326.36
36326.36
36381.78
36326.36
36326.36
36326.36
36326.36
36271.57
36271.57
36326.36
36271.57
36326.36
36271.57
36271.57
36271.57
36271.57
36271.57
36271.57
36271.57
36271.57
36271.57
36216.15
36271.57
36216.15
36216.15
36216.15
36216.15
36160.72
36216.15
36160.72
36216.15
36160.72
36105.93
36160.72
36160.72
36160.72
36160.72
36160.72
36160.72
36105.93
36105.93
36105.93
36105.93
36105.93
36050.51
36050.51
36105.93
36050.51
36105.93
36050.51
36050.51
36050.51
36050.51
36050.51
36050.51
36050.51
36050.51
35995.09
36050.51
36050.51
35995.09
35995.09
35995.09
35995.09
35995.09
35995.09
35995.09
35995.09
35995.09
35995.09
35995.09
35940.30
35940.30
35940.30
35940.30
35884.25
35940.30
35884.25
35884.25
35940.30
35940.30
35940.30
35884.25
35828.83
35884.25
35884.25
35884.25
35828.83
35774.04
35828.83
35884.25
35828.83
35828.83
35828.83
35828.83
35774.04
35774.04
35774.04
35828.83
35774.04
35774.04
35774.04
35774.04
35774.04
35774.04
35774.04
35774.04
35718.62
35718.62
35718.62
35718.62
35718.62
35718.62
35718.62
35718.62
35663.20
35718.62
35718.62
35663.20
35663.20
35663.20
35718.62
35663.20
35718.62
35608.41
35663.20
35608.41
35608.41
35663.20
35608.41
35608.41
35608.41
35608.41
35608.41
35608.41
35608.41
35552.99
35608.41
35608.41
35552.99
35552.99
35608.41
35552.99
35552.99
35552.99
35552.99
35552.99
35497.57
35497.57
35497.57
35497.57
35497.57
35497.57
35497.57
35497.57
35442.15
35442.15
35442.15
35442.15
35442.15
35442.15
35387.35
35442.15
35387.35
35387.35
35387.35
35387.35
35387.35
35387.35
35387.35
35387.35
35387.35
35387.35
35387.35
35331.93
35387.35
35331.93
35331.93
35331.93
35331.93
35331.93
35331.93
35331.93
35276.51
35276.51
35276.51
35331.93
35276.51
35276.51
35276.51
35276.51
35276.51
35276.51
35221.72
35221.72
35221.72
35276.51
35221.72
35221.72
35221.72
35166.30
35166.30
35166.30
35221.72
35221.72
35221.72
35221.72
35166.30
35110.88
35166.30
35110.88
35110.88
35110.88
35110.88
35110.88
35110.88
35110.88
35110.88
35110.88
35056.09
35110.88
35110.88
35110.88
35056.09
35056.09
35056.09
35056.09
35056.09
35110.88
35056.09
35056.09
35056.09
35056.09
35056.09
35056.09
35000.67
35056.09
35056.09
35056.09
35056.09
35056.09
35000.67
35000.67
34945.25
34945.25
35000.67
34945.25
34945.25
35056.09
34945.25
34945.25
34945.25
34945.25
34945.25
34945.25
34945.25
34945.25
34889.83
34945.25
34889.83
34889.83
34834.41
34834.41
34889.83
34889.83
34834.41
34834.41
34834.41
34834.41
34889.83
34834.41
34889.83
34834.41
34834.41
34834.41
34834.41
34834.41
34778.99
34834.41
34834.41
34834.41
34834.41
34778.99
34778.99
34778.99
34724.20
34778.99
34724.20
34778.99
34834.41
34724.20
34724.20
34724.20
34724.20
34724.20
34724.20
34724.20
34724.20
34724.20
34724.20
34724.20
34724.20
34724.20
34724.20
34668.78
34613.35
34668.78
34668.78
34668.78
34668.78
34668.78
34613.35
34613.35
34613.35
34668.78
34613.35
34613.35
34613.35
34613.35
34613.35
34613.35
34613.35
34613.35
34558.56
34613.35
34558.56
34613.35
34613.35
34613.35
34558.56
34558.56
34558.56
34503.14
34558.56
34558.56
34503.14
34558.56
34503.14
34503.14
34503.14
34503.14
34503.14
34503.14
34503.14
34447.72
34447.72
34503.14
34447.72
34447.72
34447.72
34447.72
34447.72
34447.72
34447.72
34392.93
34392.93
34392.93
34392.93
34392.93
34392.93
34447.72
34392.93
34392.93
34392.93
34337.51
34337.51
34337.51
34337.51
34392.93
34392.93
34337.51
34337.51
34282.09
34337.51
34337.51
34282.09
34337.51
34282.09
34337.51
34282.09
34282.09
34282.09
34337.51
34282.09
34282.09
34227.30
34227.30
34227.30
34227.30
34227.30
34282.09
34227.30
34227.30
34227.30
34227.30
34227.30
34227.30
34171.88
34227.30
34171.88
34171.88
34171.88
34171.88
34171.88
34116.46
34116.46
34171.88
34171.88
34171.88
34116.46
34116.46
34116.46
34116.46
34171.88
34116.46
34116.46
34116.46
34061.67
34116.46
34061.67
34061.67
34061.67
34006.25
34006.25
34006.25
34006.25
34006.25
34006.25
34006.25
34006.25
34006.25
34006.25
34006.25
34006.25
34006.25
34006.25
34006.25
33950.83
33950.83
33896.03
33950.83
33950.83
33950.83
33896.03
33950.83
33839.98
33950.83
33896.03
33950.83
33950.83
33895.40
33895.40
33895.40
33895.40
33839.98
33839.98
33839.98
33839.98
33839.98
33839.98
33784.56
33839.98
33839.98
33784.56
33784.56
33784.56
33839.98
33784.56
33839.98
33784.56
33839.98
33729.77
33784.56
33729.77
33784.56
33729.77
33729.77
33729.77
33729.77
33729.77
33729.77
33729.77
33729.77
33729.77
33729.77
33729.77
33674.35
33674.35
33674.35
33674.35
33674.35
33618.93
33674.35
33674.35
33618.93
33674.35
33674.35
33618.93
33618.93
33618.93
33618.93
33618.93
33618.93
33563.51
33674.35
33618.93
33618.93
33563.51
33508.72
33563.51
33563.51
33563.51
33563.51
33508.72
33563.51
33508.72
33563.51
33508.72
33563.51
33508.72
33508.72
33508.72
33453.30
33508.72
33508.72
33508.72
33453.30
33508.72
33508.72
33508.72
33453.30
33508.72
33453.30
33397.88
33453.30
33453.30
33453.30
33453.30
33397.88
33397.88
33343.09
33453.30
33397.88
33397.88
33397.88
33397.88
33397.88
33397.88
33397.88
33397.88
33343.09
33287.67
33343.09
33287.67
33287.67
33287.67
33287.67
33343.09
33287.67
33287.67
33287.67
33287.67
33287.67
33287.67
33287.67
33287.67
33287.67
33287.67
33287.67
33287.67
33287.67
33232.25
33287.67
33287.67
33287.67
33232.25
33232.25
33177.46
33287.67
33232.25
33177.46
33232.25
33232.25
33177.46
33232.25
33177.46
33177.46
33232.25
33122.03
33122.03
33232.25
33066.61
33122.03
33177.46
33066.61
33122.03
33122.03
33177.46
33177.46
33066.61
33122.03
33066.61
33122.03
33066.61
33122.03
33066.61
33122.03
33066.61
33122.03
33066.61
33066.61
33066.61
33066.61
33066.61
33066.61
33066.61
33066.61
33011.82
33066.61
33011.82
33066.61
33011.82
33011.82
33011.82
33011.82
32956.40
33011.82
32956.40
32956.40
33011.82
33011.82
32956.40
32956.40
32956.40
32956.40
32956.40
32900.35
32845.56
32956.40
32956.40
32900.35
32900.35
32956.40
32900.35
32900.35
32845.56
32956.40
32956.40
32900.35
32845.56
32900.35
32845.56
32845.56
32845.56
32845.56
32845.56
32845.56
32845.56
32845.56
32790.14
32845.56
32845.56
32845.56
32790.14
32845.56
32734.72
32845.56
32790.14
32790.14
32790.14
32790.14
32734.72
32790.14
32790.14
32734.72
32734.72
32734.72
32790.14
32734.72
32734.72
32734.72
32679.93
32734.72
32679.93
32734.72
32679.93
32734.72
32679.93
32679.93
32679.93
32679.93
32624.51
32624.51
32624.51
32679.93
32679.93
32624.51
32679.93
32624.51
32624.51
32624.51
32624.51
32624.51
32624.51
32624.51
32624.51
32569.09
32569.09
32569.09
32624.51
32624.51
32569.09
32569.09
32514.30
32569.09
32569.09
32569.09
32514.30
32514.30
32569.09
32514.30
32514.30
32514.30
32514.30
32514.30
32458.88
32514.30
32514.30
32514.30
32458.88
32514.30
32458.88
32458.88
32514.30
32458.88
32458.88
32514.30
32458.88
32458.88
32403.46
32403.46
32458.88
32458.88
32458.88
32403.46
32458.88
32403.46
32348.66
32403.46
32403.46
32403.46
32348.66
32403.46
32348.66
32403.46
32348.66
32293.24
32348.66
32348.66
32293.24
32348.66
32293.24
32293.24
32293.24
32293.24
32237.82
32348.66
32237.82
32237.82
32237.82
32237.82
32237.82
32237.82
32183.03
32237.82
32183.03
32237.82
32183.03
32237.82
32183.03
32237.82
32237.82
32183.03
32183.03
32183.03
32183.03
32127.61
32183.03
32183.03
32183.03
32127.61
32127.61
32183.03
32127.61
32127.61
32072.19
32183.03
32127.61
32127.61
32072.19
32127.61
32072.19
32127.61
32072.19
32072.19
32072.19
32072.19
32072.19
32072.19
32072.19
32017.40
32017.40
32072.19
32072.19
32017.40
32072.19
32072.19
32017.40
32017.40
31961.98
32017.40
31961.98
31961.98
31961.98
31961.98
31961.98
31961.98
31961.98
31961.98
31961.98
31961.98
31906.56
31961.98
31906.56
31906.56
31961.98
31906.56
31906.56
31851.14
31906.56
31906.56
31851.14
31906.56
31906.56
31851.14
31851.14
31851.14
31795.72
31851.14
31795.72
31851.14
31851.14
31851.14
31851.14
31851.14
31851.14
31851.14
31795.72
31795.72
31795.72
31740.30
31795.72
31795.72
31795.72
31795.72
31795.72
31740.30
31740.30
31740.30
31740.30
31740.30
31740.30
31740.30
31740.30
31740.30
31685.51
31685.51
31685.51
31685.51
31685.51
31685.51
31685.51
31740.30
31685.51
31740.30
31685.51
31685.51
31630.09
31630.09
31630.09
31630.09
31630.09
31630.09
31630.09
31630.09
31630.09
31630.09
31630.09
31574.66
31574.66
31574.66
31574.66
31574.66
31574.66
31574.66
31574.66
31574.66
31574.66
31519.24
31519.24
31519.24
31519.24
31519.24
31574.66
31519.24
31519.24
31519.24
31519.24
31519.24
31519.24
31519.24
31519.24
31464.45
31519.24
31519.24
31519.24
31464.45
31464.45
31464.45
31409.03
31519.24
31464.45
31409.03
31464.45
31464.45
31409.03
31464.45
31409.03
31409.03
31409.03
31409.03
31409.03
31464.45
31409.03
31298.82
31464.45
31409.03
31298.82
31353.61
31409.03
31353.61
31409.03
31353.61
31353.61
31409.03
31353.61
31353.61
31353.61
31353.61
31353.61
31353.61
31298.82
31298.82
31298.82
31298.82
31298.82
31298.82
31298.82
31298.82
31298.82
31298.82
31298.82
31298.82
31298.82
31243.40
31243.40
31243.40
31243.40
31243.40
31187.98
31187.98
31243.40
31243.40
31243.40
31187.98
31187.98
31243.40
31187.98
31187.98
31187.98
31187.98
31133.19
31187.98
31187.98
31187.98
31133.19
31133.19
31133.19
31187.98
31133.19
31133.19
31133.19
31133.19
31133.19
31133.19
31187.98
31133.19
31077.77
31077.77
31077.77
31077.77
31077.77
31077.77
31077.77
31077.77
31077.77
31077.77
31077.77
31077.77
31077.77
31022.35
31077.77
31077.77
31022.35
31022.35
30967.56
30967.56
31022.35
31022.35
31022.35
31022.35
31022.35
30967.56
30967.56
30967.56
30967.56
30967.56
30912.14
30967.56
30912.14
30967.56
30912.14
30967.56
30912.14
30912.14
30912.14
30912.14
30912.14
30912.14
30912.14
30912.14
30912.14
30912.14
30856.09
30856.09
30856.09
30856.09
30856.09
30856.09
30856.09
30856.09
30856.09
30856.09
30856.09
30856.09
30856.09
30856.09
30801.29
30856.09
30801.29
30856.09
30801.29
30801.29
30745.87
30745.87
30745.87
30745.87
30745.87
30745.87
30745.87
30745.87
30745.87
30745.87
30745.87
30745.87
30745.87
30745.87
30745.87
30690.45
30690.45
30690.45
30690.45
30690.45
30690.45
30690.45
30690.45
30745.87
30690.45
30690.45
30690.45
30635.66
30635.66
30690.45
30635.66
30635.66
30635.66
30580.24
30635.66
30635.66
30580.24
30635.66
30635.66
30635.66
30580.24
30580.24
30580.24
30580.24
30580.24
30635.66
30524.82
30524.82
30524.82
30580.24
30524.82
30580.24
30580.24
30580.24
30524.82
30524.82
30470.03
30470.03
30470.03
30470.03
30470.03
30470.03
30470.03
30470.03
30470.03
30470.03
30470.03
30470.03
30470.03
30470.03
30414.61
30414.61
30414.61
30414.61
30414.61
30470.03
30414.61
30414.61
30414.61
30414.61
30414.61
30414.61
30359.19
30414.61
30414.61
30414.61
30359.19
30359.19
30414.61
30304.40
30359.19
30359.19
30304.40
30304.40
30304.40
30304.40
30304.40
30304.40
30304.40
30304.40
30304.40
30248.98
30304.40
30304.40
30304.40
30248.98
30248.98
30248.98
30193.56
30248.98
30248.98
30248.98
30248.98
30248.98
30193.56
30193.56
30248.98
30248.98
30193.56
30193.56
30193.56
30248.98
30138.77
30138.77
30193.56
30193.56
30193.56
30083.34
30193.56
30193.56
30138.77
30138.77
30138.77
30138.77
30138.77
30083.34
30083.34
30083.34
30083.34
30138.77
30083.34
30083.34
30083.34
30027.92
30027.92
30027.92
30083.34
30027.92
30083.34
30083.34
30083.34
30027.92
30027.92
30027.92
30027.92
29973.13
29973.13
30083.34
30027.92
30027.92
30027.92
29973.13
29973.13
29973.13
29973.13
29973.13
29973.13
29973.13
29973.13
29973.13
29973.13
29973.13
29973.13
29917.71
29917.71
29973.13
29917.71
29861.66
29917.71
29917.71
29917.71
29861.66
29917.71
29861.66
29917.71
29861.66
29806.87
29861.66
29861.66
29861.66
29861.66
29861.66
29806.87
29806.87
29806.87
29806.87
29806.87
29806.87
29806.87
29751.45
29806.87
29751.45
29751.45
29751.45
29751.45
29751.45
29751.45
29751.45
29751.45
29751.45
29751.45
29751.45
29751.45
29751.45
29751.45
29751.45
29696.03
29696.03
29751.45
29751.45
29751.45
29640.61
29696.03
29751.45
29640.61
29751.45
29640.61
29640.61
29696.03
29640.61
29640.61
29696.03
29640.61
29640.61
29640.61
29640.61
29585.82
29585.82
29585.82
29640.61
29585.82
29640.61
29585.82
29640.61
29530.40
29585.82
29585.82
29585.82
29530.40
29585.82
29585.82
29530.40
29585.82
29585.82
29530.40
29585.82
29530.40
29585.82
29530.40
29474.98
29530.40
29530.40
29585.82
29530.40
29530.40
29530.40
29530.40
29530.40
29474.98
29530.40
29530.40
29530.40
29530.40
29530.40
29474.98
29474.98
29530.40
29530.40
29474.98
29474.98
29474.98
29530.40
29420.19
29474.98
29420.19
29420.19
29420.19
29420.19
29420.19
29420.19
29420.19
29420.19
29420.19
29420.19
29420.19
29420.19
29420.19
29364.77
29364.77
29364.77
29364.77
29309.34
29364.77
29420.19
29364.77
29364.77
29309.34
29309.34
29364.77
29309.34
29309.34
29309.34
29309.34
29309.34
29309.34
29309.34
29309.34
29309.34
29309.34
29309.34
29254.55
29309.34
29309.34
29309.34
29309.34
29254.55
29309.34
29309.34
29254.55
29254.55
29199.13
29199.13
29254.55
29199.13
29254.55
29199.13
29199.13
29199.13
29199.13
29199.13
29199.13
29199.13
29199.13
29199.13
29199.13
29199.13
29143.71
29199.13
29199.13
29199.13
29199.13
29143.71
29143.71
29199.13
29143.71
29143.71
29143.71
29143.71
29143.71
29143.71
29088.92
29088.92
29088.92
29088.92
29088.92
29088.92
29088.92
29088.92
29088.92
29088.92
29088.92
29033.50
29088.92
29033.50
29033.50
29033.50
29033.50
28978.08
28978.08
29033.50
29033.50
28978.08
28978.08
29033.50
28978.08
28978.08
28978.08
28978.08
28978.08
28978.08
28978.08
28978.08
28923.29
28923.29
28923.29
28978.08
28978.08
28923.29
28923.29
28867.24
28923.29
28923.29
28923.29
28923.29
28923.29
28923.29
28923.29
28923.29
28867.24
28923.29
28923.29
28923.29
28867.24
28867.24
28923.29
28867.24
28867.24
28923.29
28867.24
28867.24
28811.82
28811.82
28867.24
28811.82
28811.82
28811.82
28811.82
28811.82
28811.82
28867.24
28757.03
28757.03
28701.61
28811.82
28757.03
28811.82
28701.61
28757.03
28701.61
28757.03
28701.61
28701.61
28701.61
28701.61
28701.61
28701.61
28701.61
28701.61
28701.61
28701.61
28701.61
28701.61
28701.61
28701.61
28701.61
28701.61
28646.19
28701.61
28646.19
28701.61
28701.61
28591.40
28646.19
28646.19
28591.40
28646.19
28646.19
28646.19
28591.40
28591.40
28591.40
28646.19
28535.97
28591.40
28535.97
28591.40
28591.40
28591.40
28535.97
28535.97
28535.97
28535.97
28535.97
28535.97
28535.97
28535.97
28535.97
28535.97
28535.97
28425.76
28480.55
28535.97
28480.55
28480.55
28535.97
28425.76
28425.76
28425.76
28425.76
28425.76
28480.55
28480.55
28425.76
28480.55
28425.76
28480.55
28425.76
28425.76
28425.76
28425.76
28370.34
28425.76
28370.34
28425.76
28425.76
28370.34
28425.76
28425.76
28370.34
28370.34
28370.34
28370.34
28370.34
28314.92
28314.92
28370.34
28314.92
28370.34
28314.92
28314.92
28314.92
28260.13
28314.92
28314.92
28314.92
28314.92
28314.92
28314.92
28314.92
28260.13
28260.13
28260.13
28260.13
28260.13
28260.13
28204.71
28204.71
28204.71
28204.71
28260.13
28260.13
28204.71
28260.13
28204.71
28204.71
28204.71
28204.71
28204.71
28204.71
28204.71
28204.71
28149.29
28149.29
28204.71
28149.29
28204.71
28149.29
28149.29
28149.29
28149.29
28094.50
28149.29
28094.50
28149.29
28094.50
28094.50
28094.50
28094.50
28094.50
28094.50
28094.50
28149.29
28094.50
28094.50
28094.50
28094.50
28039.08
28039.08
28039.08
28039.08
28039.08
28039.08
28039.08
27983.66
27983.66
27983.66
28039.08
28039.08
27983.66
27983.66
27983.66
27983.66
28039.08
27983.66
27983.66
27983.66
27983.66
27983.66
27983.66
27983.66
27983.66
27983.66
27983.66
27983.66
27983.66
27983.66
27983.66
27928.87
27983.66
27983.66
27928.87
27873.45
27928.87
27928.87
27928.87
27928.87
27928.87
27873.45
27873.45
27873.45
27873.45
27873.45
27873.45
27873.45
27873.45
27873.45
27873.45
27873.45
27873.45
27873.45
27873.45
27873.45
27761.97
27761.97
27817.40
27873.45
27817.40
27817.40
27873.45
27817.40
27761.97
27761.97
27817.40
27761.97
27817.40
27817.40
27817.40
27761.97
27761.97
27761.97
27761.97
27761.97
27761.97
27761.97
27761.97
27761.97
27761.97
27761.97
27761.97
27761.97
27707.18
27761.97
27707.18
27761.97
27707.18
27707.18
27761.97
27707.18
27707.18
27761.97
27707.18
27707.18
27707.18
27651.76
27651.76
27707.18
27707.18
27651.76
27651.76
27707.18
27651.76
27651.76
27651.76
27651.76
27596.34
27596.34
27596.34
27651.76
27596.34
27541.55
27596.34
27596.34
27651.76
27596.34
27596.34
27596.34
27596.34
27596.34
27541.55
27596.34
27596.34
27541.55
27541.55
27541.55
27596.34
27541.55
27541.55
27541.55
27541.55
27541.55
27541.55
27541.55
27541.55
27541.55
27541.55
27486.13
27486.13
27486.13
27486.13
27486.13
27430.71
27486.13
27541.55
27430.71
27486.13
27430.71
27430.71
27430.71
27430.71
27430.71
27430.71
27430.71
27430.71
27430.71
27430.71
27430.71
27430.71
27430.71
27430.71
27430.71
27430.71
27375.92
27430.71
27430.71
27430.71
27375.92
27375.92
27430.71
27375.92
27375.92
27375.92
27375.92
27320.50
27320.50
27320.50
27320.50
27320.50
27320.50
27320.50
27320.50
27320.50
27265.08
27320.50
27320.50
27320.50
27265.08
27265.08
27320.50
27265.08
27320.50
27265.08
27265.08
27210.29
27265.08
27210.29
27265.08
27265.08
27210.29
27210.29
27210.29
27210.29
27265.08
27210.29
27210.29
27265.08
27210.29
27210.29
27210.29
27210.29
27210.29
27210.29
27154.87
27154.87
27210.29
27154.87
27154.87
27154.87
27154.87
27154.87
27154.87
27154.87
27154.87
27154.87
27154.87
27154.87
27154.87
27154.87
27099.45
27099.45
27099.45
27099.45
27099.45
27044.65
27099.45
27099.45
27099.45
27099.45
27044.65
27044.65
27044.65
27099.45
27099.45
27044.65
27044.65
27044.65
27044.65
27044.65
26989.23
26989.23
27044.65
26989.23
27044.65
26989.23
26933.81
26989.23
27044.65
26933.81
26933.81
26933.81
26989.23
26933.81
26879.02
26933.81
26933.81
26933.81
26933.81
26933.81
26933.81
26933.81
26933.81
26933.81
26879.02
26933.81
26933.81
26933.81
26933.81
26933.81
26879.02
26933.81
26933.81
26933.81
26933.81
26879.02
26933.81
26879.02
26822.97
26879.02
26822.97
26879.02
26879.02
26767.55
26822.97
26879.02
26822.97
26879.02
26767.55
26822.97
26767.55
26822.97
26767.55
26767.55
26767.55
26767.55
26767.55
26767.55
26822.97
26767.55
26767.55
26767.55
26712.76
26712.76
26767.55
26767.55
26712.76
26712.76
26712.76
26657.34
26712.76
26712.76
26712.76
26657.34
26657.34
26657.34
26712.76
26657.34
26657.34
26712.76
26657.34
26657.34
26657.34
26657.34
26657.34
26657.34
26657.34
26657.34
26657.34
26657.34
26601.92
26601.92
26547.13
26601.92
26601.92
26601.92
26601.92
26601.92
26547.13
26601.92
26547.13
26547.13
26601.92
26547.13
26547.13
26547.13
26547.13
26547.13
26547.13
26547.13
26491.71
26547.13
26491.71
26547.13
26547.13
26547.13
26491.71
26491.71
26436.29
26491.71
26436.29
26491.71
26436.29
26491.71
26436.29
26491.71
26491.71
26436.29
26436.29
26436.29
26436.29
26491.71
26436.29
26436.29
26436.29
26436.29
26436.29
26436.29
26436.29
26381.50
26381.50
26381.50
26436.29
26381.50
26326.08
26381.50
26436.29
26381.50
26436.29
26326.08
26381.50
26381.50
26381.50
26381.50
26326.08
26326.08
26326.08
26326.08
26326.08
26381.50
26326.08
26270.65
26326.08
26326.08
26326.08
26270.65
26326.08
26326.08
26326.08
26270.65
26326.08
26270.65
26270.65
26215.86
26215.86
26215.86
26215.86
26215.86
26215.86
26215.86
26215.86
26215.86
26215.86
26215.86
26215.86
26215.86
26215.86
26215.86
26215.86
26215.86
26215.86
26215.86
26160.44
26215.86
26215.86
26215.86
26215.86
26215.86
26160.44
26160.44
26160.44
26215.86
26160.44
26105.02
26105.02
26105.02
26160.44
26105.02
26105.02
26105.02
26105.02
26105.02
26160.44
26105.02
26105.02
26105.02
26105.02
26105.02
26105.02
26105.02
26105.02
26050.23
26105.02
26105.02
26105.02
26105.02
26105.02
26105.02
26105.02
26050.23
26050.23
25994.81
26050.23
26050.23
26105.02
25994.81
26050.23
25994.81
25994.81
25994.81
25994.81
25994.81
25994.81
26050.23
25994.81
25994.81
25994.81
26050.23
25994.81
25994.81
25939.39
25994.81
25939.39
25939.39
25994.81
25994.81
25994.81
25994.81
25994.81
25939.39
25939.39
25884.60
25939.39
25994.81
25939.39
25939.39
25884.60
25939.39
25884.60
25939.39
25884.60
25939.39
25884.60
25884.60
25939.39
25884.60
25884.60
25884.60
25884.60
25884.60
25884.60
25884.60
25884.60
25884.60
25828.55
25828.55
25884.60
25828.55
25828.55
25828.55
25828.55
25828.55
25828.55
25773.13
25773.13
25773.13
25828.55
25828.55
25773.13
25773.13
25773.13
25773.13
25773.13
25773.13
25773.13
25773.13
25773.13
25717.71
25773.13
25717.71
25773.13
25773.13
25773.13
25773.13
25662.92
25773.13
25717.71
25717.71
25717.71
25717.71
25662.92
25717.71
25717.71
25717.71
25662.92
25662.92
25662.92
25662.92
25662.92
25662.92
25717.71
25662.92
25662.92
25662.92
25662.92
25662.92
25662.92
25662.92
25662.92
25662.92
25662.92
25607.50
25662.92
25662.92
25662.92
25552.08
25607.50
25607.50
25607.50
25552.08
25607.50
25607.50
25552.08
25607.50
25607.50
25552.08
25552.08
25552.08
25607.50
25552.08
25552.08
25552.08
25552.08
25552.08
25497.28
25552.08
25552.08
25552.08
25552.08
25497.28
25497.28
25497.28
25497.28
25552.08
25497.28
25497.28
25497.28
25497.28
25497.28
25441.86
25441.86
25497.28
25441.86
25441.86
25441.86
25441.86
25497.28
25441.86
25441.86
25441.86
25441.86
25441.86
25441.86
25441.86
25441.86
25441.86
25386.44
25441.86
25441.86
25441.86
25386.44
25386.44
25441.86
25386.44
25441.86
25386.44
25386.44
25386.44
25386.44
25386.44
25386.44
25386.44
25331.65
25331.65
25331.65
25331.65
25331.65
25331.65
25331.65
25331.65
25331.65
25331.65
25331.65
25276.23
25331.65
25276.23
25276.23
25276.23
25331.65
25331.65
25276.23
25276.23
25276.23
25276.23
25276.23
25276.23
25276.23
25220.81
25276.23
25220.81
25276.23
25276.23
25220.81
25166.02
25166.02
25166.02
25166.02
25166.02
25166.02
25166.02
25166.02
25166.02
25110.60
25166.02
25166.02
25166.02
25166.02
25110.60
25110.60
25166.02
25110.60
25166.02
25166.02
25166.02
25110.60
25166.02
25110.60
25110.60
25110.60
25110.60
25110.60
25110.60
25110.60
25055.18
25110.60
25055.18
25055.18
25110.60
25055.18
25110.60
25055.18
25055.18
25055.18
25110.60
25055.18
25055.18
25055.18
25055.18
25000.39
25055.18
25055.18
25000.39
25000.39
25000.39
25000.39
25000.39
25000.39
25055.18
25000.39
25000.39
25000.39
25000.39
25000.39
25055.18
25000.39
25000.39
25000.39
25000.39
24944.97
24944.97
24944.97
24889.55
24889.55
24944.97
24944.97
24944.97
24889.55
24889.55
24889.55
24944.97
24889.55
24944.97
24889.55
24889.55
24889.55
24889.55
24889.55
24834.13
24834.13
24889.55
24834.13
24889.55
24834.13
24889.55
24834.13
24889.55
24778.71
24834.13
24778.71
24834.13
24834.13
24778.71
24834.13
24834.13
24778.71
24778.71
24778.71
24778.71
24778.71
24778.71
24723.28
24778.71
24723.28
24778.71
24723.28
24778.71
24778.71
24778.71
24778.71
24723.28
24723.28
24723.28
24723.28
24668.49
24723.28
24723.28
24668.49
24668.49
24668.49
24668.49
24723.28
24723.28
24668.49
24668.49
24668.49
24723.28
24723.28
24668.49
24668.49
24668.49
24668.49
24613.07
24668.49
24668.49
24668.49
24668.49
24613.07
24668.49
24668.49
24613.07
24668.49
24613.07
24668.49
24613.07
24613.07
24613.07
24613.07
24613.07
24557.65
24613.07
24613.07
24613.07
24613.07
24613.07
24557.65
24557.65
24557.65
24557.65
24557.65
24557.65
24502.86
24502.86
24502.86
24502.86
24557.65
24502.86
24502.86
24447.44
24502.86
24502.86
24447.44
24502.86
24447.44
24447.44
24502.86
24447.44
24502.86
24447.44
24447.44
24502.86
24447.44
24447.44
24447.44
24447.44
24447.44
24447.44
24447.44
24447.44
24447.44
24447.44
24447.44
24447.44
24447.44
24447.44
24392.02
24392.02
24392.02
24392.02
24392.02
24392.02
24392.02
24392.02
24392.02
24337.23
24392.02
24337.23
24337.23
24447.44
24337.23
24337.23
24337.23
24337.23
24337.23
24337.23
24337.23
24392.02
24337.23
24337.23
24337.23
24337.23
24281.81
24337.23
24337.23
24281.81
24281.81
24281.81
24337.23
24337.23
24281.81
24281.81
24281.81
24281.81
24281.81
24281.81
24226.39
24226.39
24226.39
24226.39
24226.39
24226.39
24226.39
24281.81
24226.39
24281.81
24226.39
24281.81
24226.39
24226.39
24226.39
24226.39
24226.39
24226.39
24226.39
24226.39
24226.39
24226.39
24226.39
24171.60
24226.39
24226.39
24226.39
24226.39
24171.60
24171.60
24171.60
24171.60
24116.18
24171.60
24171.60
24116.18
24171.60
24171.60
24116.18
24171.60
24116.18
24116.18
24171.60
24116.18
24171.60
24116.18
24116.18
24060.76
24116.18
24060.76
24116.18
24060.76
24116.18
24116.18
24116.18
24060.76
24116.18
24060.76
24116.18
24060.76
24060.76
24060.76
24060.76
24005.96
24060.76
24005.96
24005.96
24060.76
24116.18
24005.96
24060.76
24005.96
24005.96
24005.96
24005.96
24005.96
24005.96
24005.96
24005.96
24005.96
24005.96
24005.96
24005.96
24005.96
23950.54
24005.96
23950.54
23950.54
23950.54
24005.96
23895.12
23950.54
23950.54
24005.96
24005.96
23895.12
23895.12
23950.54
23950.54
23895.12
23950.54
23895.12
23895.12
23895.12
23950.54
23895.12
23895.12
23895.12
23895.12
23895.12
23895.12
23895.12
23895.12
23895.12
23895.12
23895.12
23895.12
23895.12
23895.12
23840.33
23895.12
23840.33
23840.33
23840.33
23840.33
23895.12
23840.33
23840.33
23840.33
23840.33
23840.33
23840.33
23840.33
23784.28
23784.28
23840.33
23784.28
23784.28
23840.33
23784.28
23784.28
23784.28
23840.33
23784.28
23784.28
23728.86
23784.28
23784.28
23784.28
23784.28
23784.28
23784.28
23728.86
23728.86
23728.86
23728.86
23673.44
23673.44
23728.86
23728.86
23784.28
23728.86
23673.44
23673.44
23673.44
23728.86
23673.44
23673.44
23673.44
23673.44
23673.44
23673.44
23673.44
23618.65
23618.65
23618.65
23673.44
23618.65
23618.65
23618.65
23618.65
23618.65
23673.44
23618.65
23618.65
23618.65
23618.65
23563.23
23563.23
23618.65
23563.23
23563.23
23618.65
23618.65
23618.65
23563.23
23563.23
23563.23
23618.65
23563.23
23563.23
23563.23
23563.23
23618.65
23563.23
23563.23
23563.23
23507.81
23507.81
23507.81
23507.81
23507.81
23507.81
23507.81
23453.02
23507.81
23563.23
23507.81
23453.02
23507.81
23453.02
23453.02
23453.02
23453.02
23397.60
23397.60
23507.81
23397.60
23397.60
23397.60
23453.02
23397.60
23453.02
23453.02
23397.60
23397.60
23397.60
23397.60
23342.18
23397.60
23397.60
23397.60
23397.60
23397.60
23342.18
23397.60
23397.60
23397.60
23342.18
23397.60
23342.18
23397.60
23342.18
23342.18
23342.18
23342.18
23342.18
23342.18
23342.18
23342.18
23342.18
23287.39
23342.18
23342.18
23342.18
23287.39
23342.18
23342.18
23287.39
23287.39
23231.97
23287.39
23231.97
23287.39
23231.97
23287.39
23287.39
23287.39
23231.97
23231.97
23287.39
23231.97
23231.97
23231.97
23231.97
23231.97
23231.97
23231.97
23231.97
23231.97
23231.97
23231.97
23231.97
23231.97
23121.75
23176.54
23231.97
23231.97
23176.54
23176.54
23176.54
23176.54
23121.75
23121.75
23121.75
23176.54
23121.75
23121.75
23121.75
23176.54
23121.75
23121.75
23121.75
23121.75
23121.75
23121.75
23066.33
23121.75
23121.75
23066.33
23066.33
23066.33
23066.33
23066.33
23066.33
23066.33
23066.33
23010.91
23010.91
23010.91
23010.91
23010.91
23010.91
23010.91
23010.91
23010.91
23010.91
23010.91
23066.33
23010.91
23010.91
23010.91
23010.91
23010.91
22956.12
23010.91
23010.91
22956.12
23010.91
23010.91
23010.91
23010.91
23010.91
22956.12
22956.12
22956.12
22956.12
22956.12
22956.12
22956.12
22956.12
22956.12
22956.12
22956.12
22900.70
22956.12
22900.70
22900.70
22900.70
22900.70
22900.70
22900.70
22900.70
22900.70
22900.70
22900.70
22900.70
22900.70
22900.70
22900.70
22845.28
22900.70
22845.28
22845.28
22900.70
22845.28
22900.70
22900.70
22845.28
22845.28
22845.28
22789.86
22789.86
22789.86
22789.86
22789.86
22789.86
22845.28
22789.86
22789.86
22789.86
22734.44
22734.44
22789.86
22789.86
22789.86
22789.86
22734.44
22789.86
22734.44
22789.86
22734.44
22734.44
22734.44
22789.86
22734.44
22679.02
22734.44
22734.44
22734.44
22679.02
22679.02
22734.44
22734.44
22679.02
22679.02
22679.02
22679.02
22679.02
22679.02
22679.02
22679.02
22679.02
22679.02
22679.02
22679.02
22679.02
22679.02
22679.02
22679.02
22679.02
22679.02
22679.02
22624.23
22679.02
22679.02
22679.02
22679.02
22624.23
22624.23
22624.23
22624.23
22624.23
22679.02
22624.23
22624.23
22624.23
22624.23
22568.81
22679.02
22624.23
22624.23
22624.23
22513.39
22568.81
22568.81
22568.81
22568.81
22568.81
22568.81
22568.81
22568.81
22624.23
22568.81
22568.81
22568.81
22568.81
22568.81
22568.81
22568.81
22513.39
22513.39
22568.81
22458.59
22568.81
22568.81
22568.81
22513.39
22513.39
22513.39
22458.59
22513.39
22458.59
22458.59
22513.39
22458.59
22513.39
22513.39
22458.59
22513.39
22458.59
22458.59
22458.59
22458.59
22458.59
22458.59
22458.59
22458.59
22458.59
22458.59
22458.59
22458.59
22458.59
22458.59
22403.17
22403.17
22403.17
22458.59
22347.75
22458.59
22403.17
22458.59
22403.17
22458.59
22347.75
22458.59
22403.17
22403.17
22347.75
22347.75
22347.75
22347.75
22347.75
22347.75
22403.17
22347.75
22347.75
22347.75
22347.75
22347.75
22347.75
22347.75
22347.75
22292.96
22347.75
22347.75
22347.75
22292.96
22292.96
22292.96
22292.96
22292.96
22292.96
22347.75
22237.54
22292.96
22292.96
22292.96
22237.54
22292.96
22237.54
22237.54
22237.54
22292.96
22237.54
22237.54
22237.54
22237.54
22237.54
22237.54
22237.54
22237.54
22237.54
22182.12
22237.54
22237.54
22237.54
22237.54
22237.54
22237.54
22237.54
22237.54
22237.54
22182.12
22237.54
22127.33
22182.12
22182.12
22182.12
22182.12
22182.12
22182.12
22182.12
22127.33
22127.33
22182.12
22127.33
22127.33
22127.33
22127.33
22182.12
22127.33
22127.33
22127.33
22127.33
22071.91
22127.33
22127.33
22127.33
22127.33
22071.91
22127.33
22127.33
22071.91
22071.91
22127.33
22071.91
22071.91
22071.91
22071.91
22016.49
22016.49
22071.91
22071.91
22071.91
22071.91
22071.91
22016.49
22071.91
22071.91
22016.49
21961.70
22016.49
22071.91
22016.49
22016.49
22016.49
22016.49
22016.49
22016.49
22016.49
21961.70
22016.49
21961.70
21961.70
22016.49
21961.70
21961.70
21961.70
21961.70
21961.70
21906.28
21961.70
21906.28
21961.70
21906.28
21906.28
21906.28
21906.28
21906.28
21906.28
21906.28
21961.70
21906.28
21906.28
21906.28
21906.28
21906.28
21850.86
21850.86
21906.28
21850.86
21906.28
21906.28
21906.28
21906.28
21850.86
21850.86
21850.86
21850.86
21906.28
21850.86
21850.86
21850.86
21850.86
21850.86
21850.86
21850.86
21850.86
21795.44
21850.86
21795.44
21850.86
21795.44
21850.86
21795.44
21850.86
21850.86
21795.44
21850.86
21795.44
21850.86
21795.44
21795.44
21850.86
21795.44
21740.02
21795.44
21795.44
21795.44
21795.44
21740.02
21795.44
21740.02
21795.44
21795.44
21740.02
21795.44
21684.59
21684.59
21684.59
21740.02
21740.02
21684.59
21684.59
21684.59
21740.02
21740.02
21740.02
21629.17
21684.59
21684.59
21684.59
21740.02
21629.17
21629.17
21629.17
21629.17
21629.17
21629.17
21629.17
21629.17
21629.17
21629.17
21629.17
21629.17
21629.17
21629.17
21574.38
21629.17
21629.17
21629.17
21574.38
21574.38
21574.38
21629.17
21629.17
21629.17
21574.38
21629.17
21574.38
21574.38
21574.38
21574.38
21574.38
21574.38
21518.96
21518.96
21574.38
21518.96
21518.96
21574.38
21463.54
21574.38
21574.38
21518.96
21518.96
21463.54
21463.54
21518.96
21518.96
21463.54
21463.54
21518.96
21518.96
21463.54
21463.54
21518.96
21463.54
21518.96
21463.54
21463.54
21408.75
21463.54
21463.54
21463.54
21408.75
21463.54
21463.54
21463.54
21463.54
21408.75
21408.75
21463.54
21463.54
21408.75
21353.33
21408.75
21408.75
21408.75
21408.75
21408.75
21408.75
21408.75
21408.75
21353.33
21353.33
21353.33
21353.33
21408.75
21353.33
21353.33
21353.33
21353.33
21353.33
21353.33
21353.33
21353.33
21353.33
21353.33
21353.33
21297.91
21353.33
21297.91
21243.12
21353.33
21353.33
21297.91
21243.12
21297.91
21297.91
21297.91
21297.91
21297.91
21243.12
21243.12
21243.12
21243.12
21297.91
21297.91
21187.70
21243.12
21243.12
21243.12
21243.12
21243.12
21243.12
21243.12
21187.70
21187.70
21243.12
21243.12
21187.70
21187.70
21187.70
21187.70
21187.70
21187.70
21187.70
21187.70
21132.28
21187.70
21187.70
21187.70
21187.70
21187.70
21187.70
21132.28
21132.28
21187.70
21132.28
21132.28
21187.70
21132.28
21132.28
21187.70
21132.28
21132.28
21132.28
21132.28
21132.28
21132.28
21077.49
21132.28
21077.49
21132.28
21077.49
21077.49
21132.28
21077.49
21077.49
21022.07
21132.28
21077.49
21077.49
21022.07
21022.07
21077.49
21022.07
21022.07
21022.07
21022.07
21022.07
21022.07
21077.49
21022.07
21022.07
21022.07
21022.07
20966.65
21022.07
21022.07
20966.65
21022.07
21022.07
21022.07
21022.07
20966.65
20966.65
20966.65
20966.65
20911.85
20966.65
20966.65
20966.65
20911.85
20911.85
20966.65
20966.65
20911.85
20911.85
20911.85
20911.85
20911.85
20911.85
20911.85
20966.65
20911.85
20911.85
20911.85
20911.85
20911.85
20911.85
20911.85
20911.85
20911.85
20911.85
20911.85
20911.85
20911.85
20911.85
20911.85
20911.85
20911.85
20911.85
20911.85
20911.85
20856.43
20856.43
20856.43
20911.85
20911.85
20856.43
20911.85
20856.43
20911.85
20911.85
20800.38
20800.38
20856.43
20856.43
20856.43
20856.43
20800.38
20800.38
20856.43
20800.38
20856.43
20800.38
20800.38
20800.38
20800.38
20800.38
20800.38
20800.38
20800.38
20800.38
20800.38
20745.59
20800.38
20800.38
20800.38
20745.59
20800.38
20800.38
20800.38
20745.59
20800.38
20800.38
20800.38
20745.59
20800.38
20800.38
20745.59
20745.59
20745.59
20800.38
20745.59
20745.59
20745.59
20745.59
20745.59
20690.17
20690.17
20745.59
20690.17
20690.17
20690.17
20690.17
20690.17
20690.17
20690.17
20745.59
20690.17
20690.17
20690.17
20690.17
20690.17
20690.17
20690.17
20690.17
20634.75
20634.75
20690.17
20690.17
20690.17
20690.17
20690.17
20579.96
20634.75
20690.17
20634.75
20690.17
20579.96
20634.75
20579.96
20634.75
20634.75
20579.96
20634.75
20579.96
20579.96
20634.75
20579.96
20579.96
20579.96
20579.96
20579.96
20579.96
20579.96
20579.96
20579.96
20579.96
20579.96
20524.54
20579.96
20469.12
20579.96
20524.54
20524.54
20524.54
20524.54
20469.12
20524.54
20524.54
20579.96
20524.54
20524.54
20524.54
20524.54
20469.12
20469.12
20469.12
20469.12
20524.54
20469.12
20524.54
20469.12
20469.12
20469.12
20469.12
20469.12
20469.12
20469.12
20469.12
20469.12
20469.12
20469.12
20414.33
20414.33
20469.12
20414.33
20469.12
20414.33
20414.33
20469.12
20469.12
20414.33
20358.91
20414.33
20414.33
20414.33
20414.33
20414.33
20358.91
20358.91
20414.33
20358.91
20414.33
20358.91
20414.33
20358.91
20358.91
20358.91
20358.91
20303.49
20358.91
20358.91
20303.49
20358.91
20358.91
20358.91
20358.91
20358.91
20358.91
20303.49
20303.49
20358.91
20358.91
20303.49
20303.49
20358.91
20303.49
20303.49
20303.49
20248.70
20303.49
20303.49
20303.49
20303.49
20303.49
20248.70
20303.49
20303.49
20303.49
20303.49
20248.70
20248.70
20248.70
20303.49
20303.49
20248.70
20248.70
20248.70
20248.70
20248.70
20248.70
20248.70
20193.28
20248.70
20248.70
20248.70
20248.70
20248.70
20193.28
20193.28
20137.85
20193.28
20248.70
20193.28
20193.28
20193.28
20193.28
20193.28
20137.85
20137.85
20193.28
20137.85
20137.85
20137.85
20193.28
20137.85
20137.85
20137.85
20137.85
20137.85
20137.85
20137.85
20137.85
20137.85
20137.85
20137.85
20137.85
20083.06
20137.85
20137.85
20137.85
20137.85
20137.85
20137.85
20083.06
20137.85
20083.06
20083.06
20083.06
20083.06
20083.06
20083.06
20083.06
20083.06
20083.06
20083.06
20083.06
20083.06
20083.06
20027.64
20083.06
20083.06
20083.06
20027.64
20027.64
20027.64
20027.64
20083.06
20027.64
20027.64
20027.64
20027.64
20027.64
20027.64
20027.64
20027.64
20027.64
19972.22
19972.22
20027.64
19972.22
20027.64
19972.22
19972.22
19972.22
19972.22
19917.43
19972.22
19972.22
20027.64
19862.01
19917.43
19972.22
19917.43
19972.22
19862.01
19917.43
19917.43
19972.22
19917.43
19917.43
19862.01
19917.43
19862.01
19917.43
19862.01
19862.01
19917.43
19917.43
19862.01
19862.01
19862.01
19862.01
19862.01
19862.01
19862.01
19862.01
19862.01
19862.01
19862.01
19862.01
19805.96
19862.01
19862.01
19805.96
19862.01
19862.01
19862.01
19805.96
19862.01
19805.96
19805.96
19805.96
19805.96
19750.54
19805.96
19862.01
19805.96
19805.96
19862.01
19805.96
19750.54
19805.96
19805.96
19805.96
19805.96
19750.54
19805.96
19750.54
19805.96
19750.54
19750.54
19750.54
19750.54
19695.75
19750.54
19750.54
19695.75
19750.54
19750.54
19750.54
19695.75
19750.54
19695.75
19695.75
19750.54
19695.75
19695.75
19695.75
19695.75
19640.33
19695.75
19695.75
19695.75
19640.33
19695.75
19640.33
19695.75
19695.75
19640.33
19584.91
19640.33
19640.33
19640.33
19584.91
19640.33
19584.91
19584.91
19640.33
19640.33
19640.33
19584.91
19584.91
19584.91
19640.33
19584.91
19640.33
19695.75
19640.33
19584.91
19584.91
19584.91
19584.91
19584.91
19530.12
19584.91
19584.91
19584.91
19584.91
19584.91
19584.91
19584.91
19584.91
19584.91
19584.91
19530.12
19474.70
19474.70
19530.12
19584.91
19474.70
19474.70
19530.12
19474.70
19530.12
19474.70
19474.70
19474.70
19530.12
19474.70
19474.70
19474.70
19474.70
19474.70
19474.70
19474.70
19474.70
19419.28
19474.70
19474.70
19419.28
19474.70
19474.70
19419.28
19474.70
19474.70
19419.28
19474.70
19419.28
19419.28
19419.28
19419.28
19419.28
19419.28
19474.70
19419.28
19419.28
19419.28
19419.28
19419.28
19419.28
19364.48
19364.48
19364.48
19364.48
19419.28
19364.48
19364.48
19364.48
19364.48
19364.48
19364.48
19364.48
19364.48
19309.06
19364.48
19309.06
19364.48
19364.48
19309.06
19309.06
19309.06
19364.48
19364.48
19309.06
19309.06
19253.64
19309.06
19253.64
19309.06
19253.64
19309.06
19364.48
19309.06
19309.06
19309.06
19309.06
19253.64
19253.64
19253.64
19309.06
19253.64
19253.64
19253.64
19253.64
19253.64
19253.64
19253.64
19253.64
19198.85
19253.64
19253.64
19253.64
19198.85
19253.64
19253.64
19253.64
19143.43
19198.85
19198.85
19198.85
19198.85
19143.43
19198.85
19198.85
19143.43
19143.43
19198.85
19143.43
19143.43
19198.85
19143.43
19143.43
19143.43
19143.43
19143.43
19143.43
19143.43
19143.43
19143.43
19143.43
19143.43
19143.43
19143.43
19143.43
19143.43
19143.43
19143.43
19143.43
19143.43
19143.43
19143.43
19143.43
19143.43
19143.43
19143.43
19088.01
19143.43
19143.43
19143.43
19143.43
19088.01
19088.01
19143.43
19143.43
19143.43
19033.22
19088.01
19143.43
19143.43
19088.01
19143.43
19033.22
19033.22
19033.22
19033.22
19033.22
19033.22
19033.22
19033.22
19033.22
19033.22
19033.22
19033.22
19033.22
19033.22
19033.22
19033.22
19033.22
19033.22
19033.22
19033.22
19088.01
19033.22
18922.38
18977.80
19033.22
19033.22
19033.22
19033.22
19033.22
19033.22
19033.22
19033.22
19033.22
18977.80
18977.80
18922.38
18977.80
18922.38
18922.38
18977.80
18977.80
18977.80
18977.80
18977.80
18922.38
18922.38
18922.38
18922.38
18922.38
18922.38
18977.80
18922.38
18922.38
18922.38
18922.38
18922.38
18922.38
18922.38
18922.38
18922.38
18922.38
18922.38
18922.38
18922.38
18922.38
18922.38
18922.38
18867.59
18922.38
18867.59
18867.59
18922.38
18867.59
18867.59
18922.38
18867.59
18867.59
18922.38
18812.17
18867.59
18812.17
18867.59
18867.59
18867.59
18812.17
18812.17
18812.17
18867.59
18812.17
18867.59
18867.59
18812.17
18812.17
18812.17
18812.17
18867.59
18812.17
18812.17
18756.12
18812.17
18812.17
18812.17
18756.12
18812.17
18756.12
18812.17
18756.12
18812.17
18756.12
18812.17
18756.12
18812.17
18756.12
18756.12
18756.12
18812.17
18756.12
18756.12
18756.12
18701.33
18701.33
18701.33
18701.33
18701.33
18701.33
18701.33
18701.33
18701.33
18701.33
18701.33
18701.33
18701.33
18701.33
18701.33
18645.90
18701.33
18701.33
18701.33
18701.33
18701.33
18701.33
18701.33
18701.33
18701.33
18701.33
18701.33
18645.90
18645.90
18701.33
18590.48
18645.90
18701.33
18645.90
18645.90
18645.90
18645.90
18590.48
18645.90
18590.48
18645.90
18590.48
18590.48
18590.48
18645.90
18590.48
18590.48
18535.69
18590.48
18590.48
18645.90
18590.48
18590.48
18590.48
18590.48
18590.48
18590.48
18590.48
18590.48
18590.48
18590.48
18590.48
18590.48
18535.69
18590.48
18590.48
18590.48
18590.48
18535.69
18590.48
18535.69
18535.69
18590.48
18535.69
18590.48
18535.69
18590.48
18590.48
18535.69
18480.27
18535.69
18535.69
18535.69
18535.69
18535.69
18480.27
18535.69
18480.27
18535.69
18535.69
18480.27
18480.27
18480.27
18480.27
18480.27
18480.27
18480.27
18480.27
18480.27
18480.27
18480.27
18424.85
18480.27
18424.85
18480.27
18480.27
18480.27
18480.27
18424.85
18424.85
18424.85
18424.85
18480.27
18424.85
18424.85
18370.06
18424.85
18424.85
18424.85
18370.06
18424.85
18370.06
18424.85
18370.06
18370.06
18370.06
18370.06
18370.06
18370.06
18370.06
18370.06
18370.06
18314.64
18370.06
18370.06
18370.06
18370.06
18370.06
18314.64
18370.06
18314.64
18370.06
18314.64
18314.64
18370.06
18370.06
18314.64
18314.64
18370.06
18314.64
18314.64
18314.64
18314.64
18314.64
18314.64
18314.64
18314.64
18314.64
18314.64
18314.64
18259.22
18314.64
18259.22
18259.22
18314.64
18259.22
18259.22
18259.22
18259.22
18259.22
18259.22
18259.22
18259.22
18259.22
18259.22
18259.22
18259.22
18259.22
18259.22
18204.43
18259.22
18204.43
18259.22
18259.22
18259.22
18204.43
18204.43
18204.43
18204.43
18204.43
18259.22
18204.43
18204.43
18204.43
18259.22
18204.43
18204.43
18204.43
18149.01
18149.01
18149.01
18204.43
18204.43
18204.43
18093.59
18149.01
18149.01
18093.59
18149.01
18093.59
18149.01
18149.01
18093.59
18093.59
18149.01
18093.59
18149.01
18149.01
18093.59
18093.59
18093.59
18093.59
18093.59
18093.59
18093.59
18093.59
18093.59
18093.59
18093.59
18093.59
18038.80
18093.59
18093.59
18038.80
18038.80
18093.59
18038.80
18093.59
18038.80
18038.80
18038.80
18038.80
18038.80
18038.80
18038.80
18038.80
18038.80
18038.80
18038.80
18038.80
18038.80
18038.80
18038.80
18038.80
18038.80
18038.80
18038.80
18038.80
17983.38
17983.38
17983.38
17983.38
17927.96
17983.38
17983.38
17983.38
18038.80
17983.38
17927.96
17983.38
17983.38
17983.38
17927.96
17927.96
17927.96
17927.96
17983.38
17927.96
17927.96
17927.96
17927.96
17927.96
17927.96
17927.96
17927.96
17872.53
17872.53
17927.96
17927.96
17927.96
17927.96
17817.74
17927.96
17872.53
17927.96
17927.96
17872.53
17872.53
17872.53
17817.74
17817.74
17872.53
17927.96
17817.74
17817.74
17817.74
17872.53
17817.74
17817.74
17817.74
17817.74
17761.69
17817.74
17817.74
17817.74
17817.74
17817.74
17817.74
17817.74
17761.69
17817.74
17817.74
17761.69
17761.69
17817.74
17761.69
17761.69
17706.27
17761.69
17761.69
17817.74
17761.69
17706.27
17761.69
17761.69
17706.27
17706.27
17761.69
17706.27
17706.27
17706.27
17706.27
17706.27
17706.27
17761.69
17651.48
17706.27
17706.27
17706.27
17761.69
17706.27
17706.27
17706.27
17706.27
17706.27
17706.27
17706.27
17651.48
17706.27
17651.48
17651.48
17651.48
17651.48
17706.27
17651.48
17651.48
17651.48
17651.48
17651.48
17596.06
17651.48
17596.06
17651.48
17651.48
17651.48
17651.48
17651.48
17596.06
17651.48
17706.27
17651.48
17651.48
17596.06
17596.06
17651.48
17596.06
17596.06
17651.48
17596.06
17596.06
17596.06
17596.06
17596.06
17596.06
17596.06
17596.06
17596.06
17596.06
17596.06
17540.64
17596.06
17596.06
17596.06
17540.64
17596.06
17540.64
17596.06
17596.06
17596.06
17596.06
17540.64
17540.64
17485.85
17540.64
17540.64
17485.85
17540.64
17485.85
17540.64
17485.85
17540.64
17485.85
17485.85
17485.85
17540.64
17485.85
17485.85
17485.85
17540.64
17485.85
17485.85
17485.85
17485.85
17485.85
17485.85
17485.85
17485.85
17485.85
17485.85
17485.85
17430.43
17485.85
17430.43
17430.43
17430.43
17430.43
17430.43
17430.43
17485.85
17430.43
17430.43
17430.43
17375.01
17430.43
17430.43
17430.43
17375.01
17430.43
17375.01
17375.01
17430.43
17430.43
17430.43
17430.43
17375.01
17375.01
17375.01
17375.01
17375.01
17375.01
17375.01
17375.01
17375.01
17375.01
17375.01
17375.01
17375.01
17375.01
17375.01
17375.01
17375.01
17375.01
17375.01
17375.01
17375.01
17375.01
17375.01
17375.01
17375.01
17375.01
17375.01
17375.01
17375.01
17320.22
17375.01
17375.01
17320.22
17320.22
17375.01
17320.22
17320.22
17320.22
17320.22
17264.80
17264.80
17264.80
17264.80
17264.80
17320.22
17264.80
17264.80
17264.80
17264.80
17264.80
17264.80
17264.80
17264.80
17264.80
17264.80
17264.80
17264.80
17264.80
17264.80
17264.80
17264.80
17264.80
17154.59
17209.38
17264.80
17209.38
17264.80
17264.80
17264.80
17264.80
17209.38
17209.38
17264.80
17209.38
17209.38
17209.38
17209.38
17209.38
17209.38
17209.38
17264.80
17209.38
17209.38
17264.80
17154.59
17209.38
17154.59
17154.59
17209.38
17154.59
17209.38
17154.59
17209.38
17209.38
17154.59
17154.59
17154.59
17154.59
17154.59
17154.59
17154.59
17154.59
17154.59
17154.59
17154.59
17154.59
17154.59
17154.59
17154.59
17154.59
17154.59
17154.59
17099.16
17099.16
17154.59
17099.16
17099.16
17154.59
17154.59
17099.16
17154.59
17099.16
17099.16
17099.16
17099.16
17099.16
17099.16
17099.16
17099.16
17043.74
17099.16
17099.16
17099.16
17043.74
17099.16
17043.74
17043.74
17099.16
17099.16
17043.74
17043.74
17043.74
17043.74
17043.74
17043.74
17043.74
17043.74
17043.74
17043.74
17043.74
16988.95
16988.95
17043.74
17043.74
17043.74
17043.74
17043.74
17043.74
16988.95
16988.95
16988.95
16988.95
16988.95
17043.74
17043.74
16933.53
16988.95
16988.95
17043.74
16988.95
16988.95
16933.53
16988.95
16933.53
16988.95
16933.53
16988.95
16933.53
16933.53
16988.95
16933.53
16933.53
16933.53
16933.53
16933.53
16933.53
16933.53
16933.53
16933.53
16933.53
16933.53
16878.11
16933.53
16933.53
16933.53
16933.53
16933.53
16933.53
16933.53
16933.53
16878.11
16933.53
16933.53
16878.11
16878.11
16933.53
16933.53
16933.53
16878.11
16878.11
16878.11
16878.11
16878.11
16823.32
16878.11
16878.11
16933.53
16823.32
16823.32
16878.11
16823.32
16823.32
16823.32
16823.32
16823.32
16823.32
16823.32
16823.32
16823.32
16823.32
16767.27
16823.32
16823.32
16823.32
16823.32
16767.27
16767.27
16823.32
16767.27
16823.32
16823.32
16823.32
16823.32
16767.27
16767.27
16767.27
16767.27
16767.27
16767.27
16767.27
16823.32
16767.27
16823.32
16767.27
16711.85
16767.27
16767.27
16767.27
16767.27
16767.27
16767.27
16767.27
16711.85
16767.27
16767.27
16767.27
16767.27
16767.27
16711.85
16767.27
16711.85
16711.85
16711.85
16767.27
16711.85
16711.85
16711.85
16711.85
16711.85
16711.85
16711.85
16711.85
16657.06
16711.85
16711.85
16657.06
16711.85
16657.06
16657.06
16657.06
16711.85
16657.06
16711.85
16657.06
16657.06
16601.64
16657.06
16657.06
16657.06
16657.06
16601.64
16657.06
16601.64
16601.64
16657.06
16657.06
16657.06
16601.64
16601.64
16601.64
16657.06
16601.64
16601.64
16601.64
16601.64
16601.64
16601.64
16601.64
16601.64
16601.64
16601.64
16601.64
16601.64
16601.64
16601.64
16546.22
16546.22
16601.64
16546.22
16601.64
16546.22
16546.22
16601.64
16546.22
16546.22
16601.64
16546.22
16546.22
16601.64
16546.22
16601.64
16546.22
16546.22
16546.22
16546.22
16546.22
16546.22
16546.22
16546.22
16546.22
16546.22
16546.22
16491.43
16491.43
16546.22
16491.43
16491.43
16491.43
16546.22
16491.43
16546.22
16491.43
16491.43
16491.43
16491.43
16491.43
16491.43
16491.43
16491.43
16491.43
16491.43
16491.43
16436.01
16491.43
16436.01
16436.01
16491.43
16436.01
16436.01
16491.43
16491.43
16491.43
16491.43
16491.43
16436.01
16436.01
16436.01
16436.01
16436.01
16436.01
16436.01
16436.01
16491.43
16436.01
16436.01
16436.01
16380.59
16380.59
16436.01
16325.79
16436.01
16325.79
16380.59
16380.59
16380.59
16380.59
16325.79
16380.59
16325.79
16380.59
16380.59
16325.79
16325.79
16325.79
16325.79
16325.79
16380.59
16325.79
16325.79
16325.79
16325.79
16325.79
16325.79
16325.79
16325.79
16325.79
16325.79
16325.79
16325.79
16325.79
16325.79
16270.37
16325.79
16270.37
16325.79
16270.37
16270.37
16270.37
16270.37
16270.37
16270.37
16270.37
16270.37
16270.37
16325.79
16270.37
16270.37
16270.37
16270.37
16270.37
16325.79
16270.37
16270.37
16270.37
16214.95
16214.95
16270.37
16214.95
16270.37
16214.95
16214.95
16214.95
16160.16
16214.95
16270.37
16270.37
16160.16
16214.95
16214.95
16160.16
16214.95
16160.16
16214.95
16214.95
16160.16
16160.16
16160.16
16214.95
16160.16
16160.16
16160.16
16160.16
16160.16
16214.95
16160.16
16160.16
16160.16
16160.16
16160.16
16160.16
16214.95
16104.74
16160.16
16160.16
16160.16
16160.16
16160.16
16104.74
16160.16
16160.16
16160.16
16104.74
16104.74
16049.32
16160.16
16160.16
16049.32
16049.32
16049.32
16049.32
16104.74
16049.32
16104.74
16049.32
16049.32
16104.74
16049.32
16049.32
16049.32
16049.32
16049.32
16104.74
16049.32
16049.32
15994.53
16049.32
16049.32
16049.32
16049.32
15994.53
16049.32
15939.11
15994.53
15994.53
16049.32
15994.53
15994.53
15994.53
16049.32
15994.53
16049.32
16049.32
15994.53
15939.11
15939.11
15994.53
15994.53
15939.11
15939.11
15994.53
15994.53
15939.11
15939.11
15939.11
15939.11
15939.11
15994.53
15939.11
15994.53
15939.11
15939.11
15939.11
15939.11
15939.11
15939.11
15939.11
15939.11
15939.11
15883.69
15939.11
15939.11
15939.11
15939.11
15883.69
15939.11
15883.69
15883.69
15883.69
15883.69
15883.69
15883.69
15883.69
15883.69
15883.69
15883.69
15828.27
15883.69
15883.69
15883.69
15828.27
15883.69
15828.27
15883.69
15828.27
15883.69
15828.27
15828.27
15828.27
15883.69
15828.27
15828.27
15828.27
15828.27
15828.27
15828.27
15828.27
15828.27
15828.27
15828.27
15828.27
15828.27
15828.27
15828.27
15828.27
15828.27
15828.27
15828.27
15828.27
15828.27
15828.27
15772.85
15828.27
15772.85
15772.85
15828.27
15772.85
15828.27
15772.85
15772.85
15828.27
15828.27
15717.43
15772.85
15828.27
15772.85
15717.43
15772.85
15662.01
15717.43
15772.85
15772.85
15717.43
15717.43
15717.43
15717.43
15717.43
15717.43
15717.43
15717.43
15717.43
15772.85
15772.85
15717.43
15717.43
15717.43
15662.01
15717.43
15717.43
15717.43
15717.43
15772.85
15717.43
15717.43
15662.01
15717.43
15662.01
15717.43
15662.01
15662.01
15717.43
15717.43
15717.43
15717.43
15662.01
15717.43
15607.22
15662.01
15662.01
15662.01
15662.01
15662.01
15662.01
15717.43
15662.01
15662.01
15662.01
15607.22
15662.01
15662.01
15607.22
15662.01
15662.01
15662.01
15662.01
15662.01
15607.22
15662.01
15607.22
15607.22
15607.22
15607.22
15607.22
15551.79
15607.22
15607.22
15607.22
15607.22
15607.22
15551.79
15607.22
15607.22
15551.79
15551.79
15607.22
15607.22
15551.79
15607.22
15551.79
15551.79
15551.79
15607.22
15607.22
15551.79
15551.79
15607.22
15551.79
15607.22
15551.79
15551.79
15607.22
15551.79
15551.79
15607.22
15551.79
15551.79
15551.79
15496.37
15496.37
15551.79
15551.79
15551.79
15496.37
15496.37
15496.37
15551.79
15551.79
15496.37
15496.37
15496.37
15551.79
15551.79
15496.37
15496.37
15551.79
15551.79
15496.37
15441.58
15496.37
15551.79
15551.79
15551.79
15496.37
15496.37
15496.37
15496.37
15496.37
15496.37
15441.58
15496.37
15496.37
15441.58
15496.37
15496.37
15441.58
15496.37
15441.58
15496.37
15441.58
15496.37
15441.58
15441.58
15441.58
15441.58
15386.16
15441.58
15441.58
15441.58
15441.58
15441.58
15386.16
15441.58
15441.58
15441.58
15386.16
15441.58
15386.16
15386.16
15386.16
15386.16
15386.16
15386.16
15386.16
15386.16
15441.58
15386.16
15386.16
15386.16
15386.16
15386.16
15386.16
15386.16
15330.74
15386.16
15386.16
15330.74
15386.16
15330.74
15330.74
15386.16
15386.16
15386.16
15330.74
15386.16
15386.16
15386.16
15386.16
15386.16
15330.74
15330.74
15330.74
15330.74
15330.74
15330.74
15275.95
15275.95
15330.74
15275.95
15275.95
15275.95
15275.95
15386.16
15330.74
15275.95
15275.95
15275.95
15275.95
15330.74
15275.95
15275.95
15275.95
15275.95
15275.95
15275.95
15275.95
15275.95
15220.53
15220.53
15275.95
15275.95
15275.95
15220.53
15275.95
15275.95
15275.95
15220.53
15275.95
15220.53
15275.95
15220.53
15220.53
15275.95
15220.53
15275.95
15275.95
15220.53
15275.95
15220.53
15165.11
15220.53
15220.53
15165.11
15165.11
15165.11
15165.11
15165.11
15165.11
15165.11
15165.11
15165.11
15165.11
15165.11
15165.11
15165.11
15165.11
15165.11
15165.11
15165.11
15165.11
15165.11
15165.11
15165.11
15165.11
15165.11
15165.11
15165.11
15165.11
15165.11
15165.11
15165.11
15165.11
15165.11
15110.32
15110.32
15165.11
15165.11
15165.11
15165.11
15165.11
15110.32
15110.32
15110.32
15110.32
15110.32
15110.32
15110.32
15110.32
15110.32
15054.90
15054.90
15054.90
15110.32
15054.90
15054.90
15110.32
15054.90
15054.90
15054.90
15054.90
15110.32
15054.90
15054.90
15054.90
15054.90
15054.90
15054.90
15054.90
15054.90
15054.90
15054.90
15054.90
15054.90
15054.90
15054.90
15054.90
15054.90
15054.90
15054.90
14999.48
15054.90
15054.90
14999.48
15054.90
15054.90
14999.48
14999.48
14999.48
14999.48
15054.90
15054.90
14999.48
15054.90
14999.48
14999.48
14999.48
14999.48
14999.48
14999.48
14944.69
14944.69
14999.48
15054.90
14999.48
14999.48
14999.48
14944.69
14944.69
14999.48
14999.48
14944.69
14944.69
14944.69
14999.48
14944.69
14944.69
14944.69
14944.69
14944.69
14944.69
14944.69
14944.69
14944.69
14944.69
14889.27
14944.69
14889.27
14944.69
14944.69
14944.69
14889.27
14889.27
14889.27
14944.69
14889.27
14889.27
14889.27
14889.27
14833.84
14833.84
14889.27
14833.84
14889.27
14833.84
14889.27
14889.27
14833.84
14889.27
14889.27
14889.27
14889.27
14833.84
14833.84
14833.84
14889.27
14889.27
14833.84
14889.27
14889.27
14833.84
14833.84
14833.84
14833.84
14833.84
14833.84
14833.84
14889.27
14833.84
14833.84
14833.84
14833.84
14833.84
14833.84
14833.84
14833.84
14833.84
14833.84
14833.84
14833.84
14833.84
14779.05
14779.05
14833.84
14779.05
14779.05
14833.84
14833.84
14779.05
14833.84
14833.84
14833.84
14779.05
14779.05
14779.05
14779.05
14779.05
14779.05
14779.05
14723.00
14779.05
14723.00
14779.05
14779.05
14723.00
14779.05
14779.05
14779.05
14723.00
14723.00
14723.00
14723.00
14723.00
14667.58
14723.00
14723.00
14723.00
14723.00
14779.05
14723.00
14723.00
14723.00
14723.00
14723.00
14667.58
14723.00
14723.00
14667.58
14723.00
14667.58
14667.58
14723.00
14667.58
14667.58
14723.00
14667.58
14667.58
14667.58
14667.58
14723.00
14723.00
14667.58
14667.58
14612.79
14612.79
14667.58
14667.58
14667.58
14557.37
14612.79
14667.58
14667.58
14667.58
14612.79
14667.58
14667.58
14612.79
14557.37
14612.79
14667.58
14557.37
14667.58
14557.37
14612.79
14667.58
14557.37
14557.37
14557.37
14557.37
14557.37
14557.37
14557.37
14557.37
14557.37
14557.37
14557.37
14557.37
14557.37
14557.37
14612.79
14557.37
14557.37
14557.37
14557.37
14557.37
14557.37
14557.37
14557.37
14501.95
14501.95
14557.37
14501.95
14557.37
14557.37
14557.37
14557.37
14501.95
14501.95
14447.16
14501.95
14501.95
14501.95
14557.37
14501.95
14501.95
14501.95
14501.95
14501.95
14447.16
14501.95
14501.95
14501.95
14447.16
14501.95
14501.95
14501.95
14501.95
14501.95
14501.95
14501.95
14447.16
14447.16
14447.16
14501.95
14501.95
14501.95
14391.74
14501.95
14391.74
14501.95
14391.74
14501.95
14391.74
14447.16
14447.16
14391.74
14447.16
14447.16
14391.74
14391.74
14447.16
14447.16
14391.74
14391.74
14391.74
14447.16
14447.16
14391.74
14391.74
14391.74
14391.74
14391.74
14391.74
14391.74
14391.74
14447.16
14391.74
14391.74
14391.74
14336.32
14391.74
14391.74
14391.74
14336.32
14336.32
14391.74
14391.74
14336.32
14391.74
14391.74
14336.32
14391.74
14336.32
14281.53
14336.32
14336.32
14336.32
14336.32
14336.32
14281.53
14336.32
14281.53
14336.32
14336.32
14281.53
14336.32
14281.53
14281.53
14336.32
14281.53
14281.53
14281.53
14281.53
14281.53
14281.53
14336.32
14281.53
14281.53
14281.53
14281.53
14281.53
14281.53
14281.53
14281.53
14281.53
14226.11
14281.53
14281.53
14281.53
14226.11
14281.53
14170.69
14226.11
14281.53
14226.11
14170.69
14170.69
14170.69
14170.69
14226.11
14170.69
14226.11
14226.11
14170.69
14170.69
14226.11
14170.69
14226.11
14170.69
14170.69
14170.69
14226.11
14170.69
14170.69
14170.69
14170.69
14170.69
14170.69
14170.69
14170.69
14226.11
14170.69
14170.69
14170.69
14170.69
14170.69
14170.69
14170.69
14170.69
14170.69
14170.69
14170.69
14170.69
14170.69
14170.69
14115.90
14115.90
14115.90
14115.90
14170.69
14115.90
14170.69
14170.69
14115.90
14115.90
14115.90
14115.90
14170.69
14115.90
14115.90
14060.47
14115.90
14060.47
14115.90
14115.90
14115.90
14115.90
14115.90
14115.90
14060.47
14060.47
14060.47
14060.47
14060.47
14060.47
14060.47
14060.47
14115.90
14060.47
14060.47
14060.47
14060.47
14060.47
14060.47
14060.47
14060.47
14060.47
14060.47
14060.47
14060.47
14060.47
14060.47
14060.47
14060.47
14060.47
14060.47
14060.47
14060.47
14005.05
14060.47
14005.05
14060.47
14060.47
14005.05
14005.05
14005.05
14005.05
14005.05
14005.05
14060.47
14005.05
14005.05
14005.05
14005.05
14005.05
14005.05
14005.05
14005.05
14005.05
13949.63
14005.05
14005.05
13949.63
13949.63
13949.63
14005.05
13949.63
13949.63
13949.63
14005.05
14005.05
14005.05
13949.63
13949.63
13949.63
13949.63
13949.63
13949.63
13949.63
14005.05
13949.63
13949.63
13949.63
14005.05
13949.63
13949.63
13949.63
13949.63
13949.63
13949.63
13949.63
13949.63
13949.63
13949.63
13894.84
13949.63
13949.63
13949.63
13894.84
13949.63
13949.63
13949.63
13784.00
13894.84
13839.42
13839.42
13894.84
13839.42
13839.42
13894.84
13839.42
13839.42
13839.42
13894.84
13949.63
13839.42
13839.42
13894.84
13839.42
13839.42
13894.84
13894.84
13839.42
13839.42
13839.42
13839.42
13839.42
13839.42
13839.42
13839.42
13839.42
13839.42
13839.42
13839.42
13839.42
13839.42
13839.42
13839.42
13784.00
13839.42
13784.00
13839.42
13839.42
13839.42
13784.00
13839.42
13783.37
13784.00
13839.42
13783.37
13784.00
13839.42
13839.42
13783.37
13783.37
13783.37
13783.37
13783.37
13783.37
13783.37
13783.37
13783.37
13783.37
13783.37
13728.58
13783.37
13783.37
13783.37
13783.37
13783.37
13783.37
13783.37
13783.37
13728.58
13783.37
13728.58
13783.37
13783.37
13728.58
13728.58
13673.16
13728.58
13728.58
13783.37
13728.58
13783.37
13728.58
13728.58
13728.58
13783.37
13728.58
13728.58
13728.58
13783.37
13783.37
13783.37
13728.58
13728.58
13728.58
13728.58
13728.58
13728.58
13673.16
13728.58
13728.58
13728.58
13728.58
13728.58
13728.58
13728.58
13728.58
13728.58
13728.58
13728.58
13728.58
13728.58
13673.16
13673.16
13673.16
13673.16
13673.16
13728.58
13617.74
13673.16
13728.58
13617.74
13673.16
13673.16
13728.58
13728.58
13673.16
13673.16
13617.74
13673.16
13673.16
13617.74
13617.74
13617.74
13673.16
13617.74
13617.74
13617.74
13617.74
13617.74
13617.74
13617.74
13617.74
13617.74
13617.74
13617.74
13617.74
13617.74
13617.74
13617.74
13617.74
13617.74
13562.95
13562.95
13617.74
13562.95
13562.95
13562.95
13562.95
13617.74
13617.74
13562.95
13562.95
13617.74
13507.53
13507.53
13562.95
13617.74
13617.74
13562.95
13617.74
13617.74
13507.53
13507.53
13507.53
13562.95
13562.95
13562.95
13507.53
13507.53
13562.95
13617.74
13562.95
13507.53
13507.53
13507.53
13507.53
13507.53
13507.53
13562.95
13507.53
13507.53
13507.53
13507.53
13507.53
13507.53
13452.11
13507.53
13507.53
13507.53
13507.53
13452.11
13507.53
13452.11
13452.11
13507.53
13507.53
13452.11
13507.53
13452.11
13452.11
13452.11
13507.53
13452.11
13507.53
13507.53
13452.11
13452.11
13452.11
13452.11
13452.11
13397.32
13452.11
13452.11
13397.32
13452.11
13397.32
13452.11
13397.32
13397.32
13397.32
13452.11
13397.32
13397.32
13397.32
13397.32
13397.32
13397.32
13397.32
13452.11
13397.32
13397.32
13397.32
13397.32
13397.32
13397.32
13452.11
13397.32
13397.32
13397.32
13397.32
13397.32
13397.32
13397.32
13397.32
13397.32
13397.32
13397.32
13397.32
13341.90
13397.32
13341.90
13286.47
13397.32
13286.47
13341.90
13341.90
13397.32
13286.47
13341.90
13341.90
13397.32
13286.47
13341.90
13397.32
13286.47
13286.47
13341.90
13341.90
13341.90
13286.47
13286.47
13341.90
13341.90
13286.47
13286.47
13341.90
13341.90
13341.90
13231.68
13286.47
13286.47
13286.47
13341.90
13286.47
13286.47
13231.68
13286.47
13341.90
13286.47
13286.47
13286.47
13286.47
13286.47
13286.47
13286.47
13286.47
13286.47
13286.47
13286.47
13286.47
13286.47
13231.68
13231.68
13286.47
13231.68
13286.47
13286.47
13286.47
13286.47
13231.68
13231.68
13286.47
13231.68
13231.68
13286.47
13231.68
13231.68
13176.26
13231.68
13176.26
13231.68
13176.26
13176.26
13176.26
13231.68
13176.26
13176.26
13231.68
13231.68
13231.68
13176.26
13231.68
13231.68
13231.68
13231.68
13176.26
13231.68
13176.26
13231.68
13231.68
13176.26
13176.26
13176.26
13176.26
13176.26
13176.26
13176.26
13176.26
13176.26
13176.26
13176.26
13176.26
13176.26
13176.26
13176.26
13120.84
13176.26
13176.26
13176.26
13176.26
13120.84
13120.84
13120.84
13176.26
13176.26
13120.84
13120.84
13120.84
13120.84
13120.84
13176.26
13120.84
13066.05
13120.84
13120.84
13120.84
13120.84
13066.05
13066.05
13066.05
13120.84
13066.05
13066.05
13066.05
13120.84
13120.84
13120.84
13066.05
13066.05
13066.05
13120.84
13066.05
13066.05
13066.05
13066.05
13066.05
13066.05
13010.63
13066.05
13010.63
13066.05
13066.05
13066.05
13066.05
13066.05
13066.05
13066.05
13066.05
13010.63
13066.05
13010.63
13066.05
13066.05
13010.63
13010.63
13010.63
13010.63
13066.05
13010.63
13010.63
13066.05
13010.63
13010.63
13066.05
13010.63
13010.63
13010.63
12955.21
13010.63
13010.63
13010.63
13010.63
13010.63
12955.21
13010.63
12955.21
13010.63
12955.21
13010.63
13010.63
13010.63
13010.63
13010.63
13010.63
13010.63
13010.63
12955.21
12955.21
13010.63
13010.63
12955.21
12955.21
12955.21
12955.21
12955.21
12955.21
12955.21
12955.21
13010.63
12955.21
12955.21
12900.42
12955.21
12955.21
12955.21
12955.21
13010.63
12955.21
12955.21
12955.21
12955.21
12955.21
12900.42
12955.21
12955.21
12900.42
12955.21
12845.00
12845.00
12900.42
12955.21
12955.21
12845.00
12900.42
12900.42
12900.42
12845.00
12900.42
12955.21
12900.42
12845.00
12900.42
12900.42
12900.42
12845.00
12845.00
12900.42
12845.00
12900.42
12789.58
12900.42
12900.42
12900.42
12845.00
12789.58
12900.42
12900.42
12789.58
12845.00
12845.00
12845.00
12845.00
12845.00
12845.00
12845.00
12845.00
12789.58
12845.00
12845.00
12789.58
12845.00
12789.58
12845.00
12789.58
12789.58
12789.58
12789.58
12789.58
12789.58
12789.58
12845.00
12789.58
12789.58
12789.58
12789.58
12789.58
12789.58
12734.16
12789.58
12789.58
12789.58
12789.58
12789.58
12789.58
12789.58
12734.16
12734.16
12734.16
12789.58
12789.58
12734.16
12789.58
12734.16
12734.16
12734.16
12734.16
12734.16
12734.16
12734.16
12734.16
12734.16
12734.16
12734.16
12734.16
12734.16
12734.16
12734.16
12734.16
12734.16
12678.74
12734.16
12734.16
12734.16
12734.16
12734.16
12678.74
12734.16
12623.32
12734.16
12734.16
12734.16
12678.74
12678.74
12623.32
12623.32
12623.32
12734.16
12678.74
12623.32
12678.74
12734.16
12678.74
12678.74
12623.32
12623.32
12623.32
12623.32
12678.74
12623.32
12623.32
12678.74
12623.32
12678.74
12568.53
12678.74
12623.32
12678.74
12623.32
12623.32
12623.32
12623.32
12623.32
12623.32
12623.32
12568.53
12623.32
12623.32
12623.32
12623.32
12623.32
12623.32
12623.32
12623.32
12568.53
12623.32
12623.32
12623.32
12623.32
12568.53
12623.32
12568.53
12513.10
12513.10
12568.53
12568.53
12513.10
12623.32
12568.53
12568.53
12568.53
12513.10
12513.10
12568.53
12513.10
12568.53
12513.10
12568.53
12513.10
12568.53
12513.10
12568.53
12513.10
12513.10
12513.10
12513.10
12513.10
12513.10
12513.10
12513.10
12513.10
12513.10
12513.10
12513.10
12513.10
12513.10
12513.10
12513.10
12513.10
12513.10
12457.68
12513.10
12402.89
12457.68
12513.10
12457.68
12402.89
12513.10
12457.68
12457.68
12457.68
12457.68
12457.68
12457.68
12457.68
12513.10
12457.68
12457.68
12402.89
12457.68
12402.89
12457.68
12402.89
12457.68
12402.89
12402.89
12402.89
12402.89
12402.89
12402.89
12402.89
12402.89
12402.89
12402.89
12402.89
12402.89
12402.89
12457.68
12402.89
12402.89
12347.47
12402.89
12402.89
12402.89
12402.89
12402.89
12402.89
12402.89
12402.89
12402.89
12347.47
12402.89
12347.47
12402.89
12402.89
12347.47
12402.89
12402.89
12292.05
12402.89
12347.47
12347.47
12347.47
12402.89
12347.47
12347.47
12347.47
12402.89
12347.47
12347.47
12347.47
12347.47
12347.47
12292.05
12347.47
12347.47
12347.47
12347.47
12347.47
12347.47
12347.47
12347.47
12292.05
12292.05
12292.05
12347.47
12292.05
12292.05
12292.05
12347.47
12237.26
12347.47
12292.05
12347.47
12292.05
12292.05
12292.05
12292.05
12292.05
12292.05
12292.05
12292.05
12292.05
12292.05
12237.26
12292.05
12292.05
12292.05
12292.05
12292.05
12292.05
12292.05
12292.05
12292.05
12237.26
12292.05
12237.26
12292.05
12292.05
12237.26
12237.26
12292.05
12237.26
12237.26
12237.26
12237.26
12181.84
12292.05
12237.26
12237.26
12292.05
12237.26
12237.26
12237.26
12237.26
12237.26
12181.84
12181.84
12237.26
12237.26
12181.84
12181.84
12237.26
12237.26
12237.26
12181.84
12181.84
12237.26
12181.84
12181.84
12181.84
12181.84
12181.84
12237.26
12181.84
12181.84
12181.84
12181.84
12181.84
12181.84
12126.42
12181.84
12181.84
12181.84
12126.42
12181.84
12181.84
12126.42
12181.84
12181.84
12126.42
12181.84
12181.84
12181.84
12126.42
12126.42
12126.42
12126.42
12126.42
12126.42
12126.42
12126.42
12071.63
12126.42
12126.42
12126.42
12126.42
12181.84
12126.42
12126.42
12126.42
12126.42
12071.63
12071.63
12071.63
12071.63
12126.42
12126.42
12126.42
12126.42
12071.63
12126.42
12126.42
12071.63
12071.63
12071.63
12071.63
12126.42
12071.63
12126.42
12071.63
12071.63
12071.63
12126.42
12071.63
12071.63
12071.63
12071.63
12126.42
12071.63
12071.63
12016.21
12016.21
12071.63
12016.21
12071.63
12071.63
12071.63
12071.63
12071.63
12071.63
12071.63
12016.21
12071.63
12016.21
12071.63
12071.63
12016.21
12016.21
12071.63
12016.21
12016.21
12071.63
12016.21
12016.21
12071.63
12071.63
12016.21
12071.63
12071.63
12016.21
12016.21
12016.21
12016.21
12016.21
12016.21
12016.21
12016.21
12016.21
12016.21
12016.21
12016.21
12016.21
12016.21
12016.21
12016.21
11960.79
12016.21
12016.21
12016.21
11960.79
11960.79
11960.79
12016.21
12016.21
11960.79
11960.79
12016.21
12016.21
11960.79
11905.37
11960.79
12016.21
12016.21
11960.79
11960.79
11960.79
12016.21
11960.79
11960.79
11905.37
12016.21
12016.21
11960.79
11960.79
11960.79
12016.21
11960.79
11960.79
11960.79
11960.79
11960.79
11960.79
11960.79
11905.37
11960.79
11960.79
11960.79
11960.79
11905.37
11960.79
11905.37
11905.37
11960.79
11850.58
11905.37
11905.37
11960.79
11905.37
11905.37
11960.79
11960.79
11905.37
11905.37
11850.58
11850.58
11850.58
11905.37
11905.37
11850.58
11905.37
11905.37
11905.37
11905.37
11905.37
11905.37
11905.37
11905.37
11850.58
11850.58
11850.58
11905.37
11905.37
11850.58
11850.58
11850.58
11850.58
11905.37
11850.58
11850.58
11850.58
11850.58
11850.58
11850.58
11850.58
11850.58
11850.58
11850.58
11850.58
11850.58
11850.58
11850.58
11850.58
11850.58
11795.15
11850.58
11850.58
11850.58
11739.10
11850.58
11795.15
11850.58
11850.58
11850.58
11850.58
11850.58
11850.58
11795.15
11739.10
11795.15
11795.15
11795.15
11739.10
11795.15
11850.58
11795.15
11795.15
11795.15
11739.10
11795.15
11739.10
11795.15
11739.10
11795.15
11795.15
11850.58
11739.10
11739.10
11739.10
11795.15
11739.10
11795.15
11739.10
11739.10
11739.10
11739.10
11739.10
11739.10
11684.31
11739.10
11739.10
11739.10
11739.10
11739.10
11739.10
11739.10
11684.31
11739.10
11739.10
11739.10
11684.31
11739.10
11684.31
11739.10
11739.10
11739.10
11739.10
11684.31
11684.31
11739.10
11684.31
11684.31
11739.10
11684.31
11684.31
11739.10
11739.10
11628.89
11684.31
11684.31
11739.10
11739.10
11739.10
11684.31
11684.31
11684.31
11628.89
11684.31
11684.31
11628.89
11684.31
11628.89
11684.31
11628.89
11628.89
11684.31
11628.89
11684.31
11628.89
11684.31
11684.31
11628.89
11628.89
11628.89
11628.89
11684.31
11628.89
11628.89
11628.89
11628.89
11628.89
11628.89
11573.47
11628.89
11628.89
11628.89
11628.89
11628.89
11628.89
11684.31
11628.89
11628.89
11628.89
11628.89
11573.47
11628.89
11628.89
11573.47
11628.89
11628.89
11628.89
11628.89
11628.89
11628.89
11628.89
11573.47
11628.89
11628.89
11573.47
11628.89
11573.47
11573.47
11573.47
11573.47
11573.47
11628.89
11573.47
11573.47
11573.47
11573.47
11518.68
11573.47
11518.68
11573.47
11518.68
11628.89
11518.68
11518.68
11518.68
11518.68
11518.68
11518.68
11518.68
11518.68
11573.47
11518.68
11518.68
11518.68
11573.47
11518.68
11518.68
11518.68
11518.68
11518.68
11518.68
11518.68
11518.68
11518.68
11518.68
11518.68
11463.26
11518.68
11518.68
11518.68
11518.68
11463.26
11518.68
11518.68
11463.26
11518.68
11518.68
11518.68
11518.68
11573.47
11518.68
11518.68
11407.84
11463.26
11518.68
11518.68
11463.26
11463.26
11463.26
11463.26
11463.26
11518.68
11463.26
11463.26
11463.26
11463.26
11407.84
11463.26
11463.26
11518.68
11407.84
11463.26
11463.26
11463.26
11463.26
11463.26
11463.26
11463.26
11518.68
11463.26
11463.26
11463.26
11463.26
11407.84
11407.84
11407.84
11463.26
11407.84
11407.84
11407.84
11463.26
11407.84
11463.26
11407.84
11407.84
11407.84
11407.84
11407.84
11407.84
11407.84
11407.84
11407.84
11407.84
11407.84
11407.84
11353.05
11407.84
11353.05
11353.05
11407.84
11353.05
11407.84
11353.05
11407.84
11407.84
11407.84
11353.05
11353.05
11407.84
11407.84
11353.05
11353.05
11353.05
11353.05
11353.05
11353.05
11353.05
11353.05
11297.63
11353.05
11353.05
11353.05
11353.05
11353.05
11353.05
11353.05
11353.05
11297.63
11353.05
11297.63
11353.05
11353.05
11353.05
11353.05
11297.63
11297.63
11297.63
11407.84
11297.63
11297.63
11353.05
11297.63
11297.63
11297.63
11297.63
11297.63
11297.63
11353.05
11297.63
11297.63
11297.63
11297.63
11297.63
11297.63
11297.63
11297.63
11297.63
11297.63
11242.21
11297.63
11297.63
11297.63
11242.21
11297.63
11187.42
11297.63
11297.63
11297.63
11187.42
11242.21
11242.21
11297.63
11242.21
11297.63
11242.21
11242.21
11242.21
11242.21
11242.21
11242.21
11242.21
11242.21
11297.63
11242.21
11242.21
11242.21
11242.21
11242.21
11242.21
11242.21
11242.21
11242.21
11187.42
11242.21
11187.42
11242.21
11242.21
11242.21
11187.42
11242.21
11187.42
11242.21
11242.21
11242.21
11187.42
11242.21
11187.42
11187.42
11242.21
11187.42
11187.42
11187.42
11242.21
11187.42
11187.42
11187.42
11187.42
11187.42
11187.42
11187.42
11187.42
11242.21
11187.42
11242.21
11132.00
11187.42
11132.00
11187.42
11132.00
11187.42
11187.42
11187.42
11187.42
11242.21
11132.00
11187.42
11132.00
11187.42
11187.42
11132.00
11132.00
11187.42
11187.42
11132.00
11132.00
11132.00
11132.00
11132.00
11076.58
11132.00
11132.00
11187.42
11076.58
11132.00
11132.00
11076.58
11076.58
11132.00
11076.58
11132.00
11021.78
11187.42
11076.58
11076.58
11076.58
11076.58
11132.00
11021.78
11021.78
11021.78
11076.58
11132.00
11021.78
11021.78
11021.78
11076.58
11021.78
11076.58
11132.00
11021.78
11021.78
11021.78
11076.58
11076.58
11021.78
11021.78
11076.58
11021.78
11021.78
11132.00
11021.78
11076.58
11021.78
11076.58
11021.78
11076.58
11021.78
11021.78
11021.78
11021.78
11021.78
11076.58
11021.78
11021.78
10966.36
11021.78
11021.78
11021.78
11021.78
11021.78
11021.78
11021.78
10966.36
11021.78
10966.36
11021.78
10966.36
11021.78
11021.78
11021.78
10966.36
10966.36
10966.36
11021.78
10966.36
10966.36
10966.36
10966.36
10966.36
10966.36
10966.36
10966.36
10966.36
10966.36
10966.36
10910.94
10910.94
10966.36
10966.36
10966.36
10966.36
10966.36
11021.78
10910.94
10966.36
10966.36
10910.94
10966.36
10910.94
10966.36
10966.36
10910.94
10966.36
10856.15
10910.94
10966.36
10966.36
10966.36
10910.94
10910.94
10910.94
10910.94
10856.15
10910.94
10856.15
10856.15
10856.15
10910.94
10856.15
10910.94
10856.15
10910.94
10856.15
10856.15
10856.15
10856.15
10910.94
10856.15
10910.94
10910.94
10910.94
10910.94
10856.15
10910.94
10856.15
10856.15
10856.15
10856.15
10856.15
10856.15
10856.15
10856.15
10856.15
10856.15
10856.15
10856.15
10856.15
10856.15
10856.15
10856.15
10856.15
10856.15
10856.15
10856.15
10856.15
10856.15
10856.15
10856.15
10800.73
10800.73
10856.15
10800.73
10856.15
10856.15
10800.73
10800.73
10856.15
10856.15
10800.73
10856.15
10800.73
10856.15
10856.15
10800.73
10800.73
10856.15
10800.73
10800.73
10744.68
10800.73
10800.73
10744.68
10800.73
10800.73
10744.68
10744.68
10744.68
10800.73
10800.73
10744.68
10744.68
10800.73
10744.68
10800.73
10744.68
10744.68
10744.68
10744.68
10744.68
10856.15
10744.68
10744.68
10744.68
10744.68
10744.68
10744.68
10744.68
10744.68
10744.68
10744.68
10744.68
10800.73
10744.68
10744.68
10744.68
10689.89
10744.68
10744.68
10689.89
10744.68
10634.47
10689.89
10689.89
10744.68
10634.47
10689.89
10689.89
10689.89
10634.47
10689.89
10689.89
10744.68
10634.47
10744.68
10744.68
10689.89
10634.47
10689.89
10634.47
10689.89
10634.47
10689.89
10634.47
10634.47
10634.47
10689.89
10634.47
10634.47
10634.47
10689.89
10689.89
10689.89
10634.47
10634.47
10689.89
10634.47
10634.47
10634.47
10634.47
10689.89
10634.47
10634.47
10579.05
10634.47
10634.47
10634.47
10634.47
10579.05
10634.47
10634.47
10579.05
10634.47
10579.05
10634.47
10579.05
10579.05
10634.47
10634.47
10634.47
10579.05
10634.47
10579.05
10579.05
10634.47
10579.05
10579.05
10579.05
10634.47
10634.47
10579.05
10579.05
10579.05
10579.05
10524.26
10579.05
10579.05
10579.05
10634.47
10579.05
10579.05
10634.47
10634.47
10524.26
10579.05
10579.05
10524.26
10524.26
10579.05
10579.05
10524.26
10524.26
10579.05
10524.26
10524.26
10524.26
10524.26
10579.05
10524.26
10524.26
10524.26
10524.26
10524.26
10524.26
10524.26
10524.26
10524.26
10524.26
10579.05
10524.26
10524.26
10524.26
10579.05
10524.26
10524.26
10524.26
10524.26
10524.26
10524.26
10524.26
10524.26
10524.26
10524.26
10524.26
10468.84
10524.26
10524.26
10468.84
10524.26
10468.84
10468.84
10468.84
10468.84
10468.84
10524.26
10468.84
10468.84
10468.84
10413.42
10413.42
10468.84
10524.26
10524.26
10468.84
10524.26
10524.26
10468.84
10468.84
10413.42
10468.84
10413.42
10468.84
10524.26
10468.84
10468.84
10468.84
10413.42
10413.42
10468.84
10468.84
10468.84
10413.42
10413.42
10413.42
10468.84
10413.42
10413.42
10358.63
10468.84
10413.42
10413.42
10413.42
10413.42
10413.42
10413.42
10413.42
10413.42
10413.42
10413.42
10358.63
10413.42
10413.42
10413.42
10413.42
10413.42
10413.42
10413.42
10413.42
10413.42
10413.42
10413.42
10413.42
10413.42
10413.42
10413.42
10358.63
10413.42
10358.63
10358.63
10413.42
10413.42
10413.42
10413.42
10413.42
10358.63
10413.42
10413.42
10358.63
10358.63
10358.63
10358.63
10358.63
10358.63
10358.63
10358.63
10358.63
10358.63
10358.63
10358.63
10358.63
10358.63
10358.63
10358.63
10358.63
10303.21
10303.21
10358.63
10303.21
10358.63
10358.63
10303.21
10303.21
10303.21
10358.63
10303.21
10303.21
10303.21
10303.21
10358.63
10303.21
10303.21
10303.21
10303.21
10303.21
10303.21
10303.21
10303.21
10303.21
10303.21
10303.21
10303.21
10303.21
10303.21
10303.21
10303.21
10303.21
10303.21
10303.21
10303.21
10303.21
10303.21
10303.21
10303.21
10303.21
10303.21
10303.21
10303.21
10303.21
10303.21
10247.78
10247.78
10247.78
10303.21
10247.78
10247.78
10303.21
10303.21
10247.78
10303.21
10247.78
10247.78
10303.21
10247.78
10247.78
10247.78
10247.78
10247.78
10247.78
10247.78
10247.78
10247.78
10247.78
10247.78
10247.78
10247.78
10247.78
10247.78
10247.78
10247.78
10247.78
10247.78
10192.99
10247.78
10247.78
10247.78
10192.99
10192.99
10247.78
10247.78
10247.78
10192.99
10247.78
10247.78
10247.78
10192.99
10192.99
10247.78
10247.78
10247.78
10192.99
10247.78
10247.78
10247.78
10192.99
10192.99
10192.99
10247.78
10192.99
10192.99
10137.57
10247.78
10247.78
10192.99
10137.57
10192.99
10247.78
10247.78
10192.99
10137.57
10192.99
10247.78
10192.99
10192.99
10137.57
10247.78
10192.99
10192.99
10137.57
10192.99
10247.78
10192.99
10192.99
10192.99
10192.99
10192.99
10137.57
10192.99
10192.99
10192.99
10192.99
10192.99
10192.99
10137.57
10192.99
10192.99
10192.99
10192.99
10137.57
10137.57
10192.99
10192.99
10137.57
10192.99
10192.99
10137.57
10192.99
10192.99
10082.15
10192.99
10137.57
10137.57
10137.57
10137.57
10137.57
10137.57
10082.15
10137.57
10137.57
10192.99
10137.57
10137.57
10082.15
10137.57
10082.15
10082.15
10082.15
10082.15
10137.57
10082.15
10082.15
10137.57
10082.15
10082.15
10082.15
10082.15
10082.15
10082.15
10082.15
10082.15
10082.15
10082.15
10082.15
10082.15
10082.15
10082.15
10027.36
10082.15
10082.15
10082.15
10082.15
10082.15
10082.15
10082.15
10082.15
10082.15
10082.15
10082.15
10082.15
10027.36
10082.15
10082.15
10027.36
10082.15
10027.36
10082.15
10082.15
10027.36
10082.15
10082.15
10082.15
10082.15
10082.15
10082.15
10082.15
10082.15
10082.15
10027.36
10082.15
10082.15
10027.36
10027.36
10027.36
9971.94
10027.36
10082.15
10027.36
10082.15
10082.15
10027.36
9971.94
10027.36
9971.94
10082.15
9971.94
10027.36
9971.94
9971.94
10027.36
9971.94
9971.94
10027.36
9971.94
10027.36
9971.94
9971.94
9971.94
9971.94
9971.94
9971.94
9971.94
9971.94
9971.94
10027.36
9971.94
9971.94
9971.94
9971.94
9971.94
9971.94
9971.94
9971.94
9971.94
9971.94
9971.94
9971.94
9971.94
9916.52
9971.94
9971.94
9971.94
9916.52
9971.94
9971.94
9971.94
9916.52
9971.94
9971.94
9916.52
9916.52
9916.52
9971.94
9861.10
9971.94
9971.94
9916.52
9916.52
9916.52
9916.52
9916.52
9916.52
9861.10
9916.52
9916.52
9916.52
9861.10
9916.52
9916.52
9861.10
9916.52
9861.10
9916.52
9916.52
9971.94
9861.10
9861.10
9861.10
9861.10
9861.10
9861.10
9861.10
9861.10
9861.10
9861.10
9861.10
9861.10
9861.10
9861.10
9861.10
9861.10
9861.10
9861.10
9861.10
9861.10
9861.10
9861.10
9861.10
9861.10
9861.10
9861.10
9806.31
9861.10
9861.10
9861.10
9861.10
9861.10
9806.31
9861.10
9861.10
9861.10
9861.10
9861.10
9806.31
9861.10
9861.10
9861.10
9861.10
9861.10
9861.10
9806.31
9806.31
9861.10
9806.31
9806.31
9861.10
9806.31
9750.89
9806.31
9861.10
9806.31
9750.89
9806.31
9806.31
9806.31
9750.89
9806.31
9750.89
9806.31
9750.89
9806.31
9750.89
9861.10
9806.31
9806.31
9806.31
9750.89
9750.89
9750.89
9806.31
9750.89
9806.31
9750.89
9750.89
9750.89
9806.31
9750.89
9750.89
9750.89
9750.89
9750.89
9750.89
9750.89
9750.89
9750.89
9750.89
9750.89
9750.89
9750.89
9750.89
9750.26
9694.84
9750.89
9750.89
9750.89
9750.89
9750.89
9750.89
9750.89
9750.89
9806.31
9750.89
9750.26
9694.84
9750.89
9750.26
9694.84
9750.89
9750.26
9694.84
9750.89
9750.89
9750.26
9694.84
9750.89
9750.89
9750.26
9694.84
9750.89
9750.26
9694.84
9694.84
9694.84
9694.84
9694.84
9694.84
9750.89
9750.26
9694.84
9694.84
9694.84
9694.84
9694.84
9694.84
9694.84
9694.84
9694.84
9694.84
9694.84
9694.84
9694.84
9694.84
9694.84
9750.26
9640.05
9694.84
9640.05
9640.05
9694.84
9640.05
9640.05
9640.05
9640.05
9640.05
9640.05
9640.05
9640.05
9694.84
9694.84
9694.84
9694.84
9640.05
9640.05
9640.05
9640.05
9640.05
9640.05
9640.05
9694.84
9640.05
9640.05
9640.05
9640.05
9640.05
9694.84
9640.05
9640.05
9640.05
9640.05
9640.05
9640.05
9640.05
9640.05
9584.63
9640.05
9640.05
9584.63
9640.05
9584.63
9584.63
9640.05
9584.63
9640.05
9584.63
9584.63
9529.21
9640.05
9584.63
9640.05
9584.63
9584.63
9584.63
9584.63
9529.21
9584.63
9584.63
9584.63
9529.21
9640.05
9529.21
9584.63
9584.63
9584.63
9529.21
9529.21
9529.21
9584.63
9584.63
9584.63
9529.21
9584.63
9529.21
9584.63
9529.21
9529.21
9529.21
9529.21
9529.21
9529.21
9529.21
9584.63
9529.21
9529.21
9529.21
9584.63
9529.21
9529.21
9529.21
9584.63
9529.21
9529.21
9529.21
9529.21
9529.21
9529.21
9529.21
9529.21
9474.41
9529.21
9474.41
9474.41
9529.21
9529.21
9474.41
9529.21
9529.21
9529.21
9529.21
9529.21
9529.21
9529.21
9529.21
9529.21
9529.21
9474.41
9474.41
9529.21
9474.41
9529.21
9529.21
9529.21
9529.21
9474.41
9529.21
9474.41
9474.41
9474.41
9418.99
9474.41
9418.99
9474.41
9474.41
9474.41
9474.41
9474.41
9474.41
9474.41
9474.41
9474.41
9474.41
9474.41
9418.99
9474.41
9474.41
9474.41
9474.41
9474.41
9474.41
9474.41
9418.99
9474.41
9418.99
9474.41
9418.99
9474.41
9474.41
9474.41
9418.99
9418.99
9363.57
9418.99
9418.99
9418.99
9474.41
9418.99
9418.99
9474.41
9418.99
9418.99
9418.99
9418.99
9418.99
9418.99
9363.57
9418.99
9474.41
9418.99
9418.99
9418.99
9418.99
9418.99
9363.57
9418.99
9418.99
9363.57
9418.99
9418.99
9363.57
9363.57
9418.99
9418.99
9363.57
9418.99
9418.99
9418.99
9418.99
9418.99
9363.57
9418.99
9418.99
9363.57
9363.57
9363.57
9363.57
9308.78
9418.99
9418.99
9363.57
9363.57
9363.57
9363.57
9363.57
9363.57
9363.57
9363.57
9363.57
9308.78
9308.78
9308.78
9363.57
9308.78
9363.57
9253.36
9308.78
9253.36
9308.78
9363.57
9308.78
9363.57
9253.36
9363.57
9253.36
9363.57
9308.78
9308.78
9253.36
9308.78
9253.36
9308.78
9308.78
9308.78
9308.78
9253.36
9253.36
9253.36
9363.57
9308.78
9253.36
9253.36
9308.78
9308.78
9253.36
9308.78
9253.36
9253.36
9308.78
9253.36
9253.36
9253.36
9253.36
9253.36
9308.78
9253.36
9253.36
9308.78
9253.36
9253.36
9253.36
9253.36
9253.36
9253.36
9253.36
9253.36
9253.36
9253.36
9253.36
9253.36
9253.36
9308.78
9253.36
9197.94
9253.36
9197.94
9197.94
9253.36
9308.78
9253.36
9197.94
9253.36
9197.94
9253.36
9197.94
9197.94
9253.36
9253.36
9253.36
9197.94
9253.36
9253.36
9197.94
9253.36
9197.94
9253.36
9197.94
9253.36
9197.94
9197.94
9197.94
9253.36
9197.94
9197.94
9197.94
9197.94
9253.36
9197.94
9197.94
9253.36
9253.36
9197.94
9253.36
9143.15
9197.94
9197.94
9143.15
9197.94
9197.94
9197.94
9143.15
9197.94
9197.94
9143.15
9197.94
9197.94
9143.15
9197.94
9253.36
9197.94
9143.15
9197.94
9143.15
9087.73
9143.15
9197.94
9087.73
9143.15
9143.15
9143.15
9087.73
9197.94
9143.15
9143.15
9087.73
9143.15
9143.15
9143.15
9143.15
9197.94
9087.73
9143.15
9087.73
9087.73
9143.15
9143.15
9087.73
9143.15
9087.73
9143.15
9087.73
9143.15
9087.73
9143.15
9087.73
9143.15
9087.73
9143.15
9087.73
9087.73
9087.73
9087.73
9143.15
9087.73
9032.31
9087.73
9087.73
9087.73
9087.73
9143.15
9087.73
9087.73
9087.73
9087.73
9032.31
9087.73
9087.73
8977.52
9032.31
9087.73
8977.52
9087.73
9087.73
9087.73
9087.73
9032.31
9032.31
9087.73
9032.31
9087.73
9087.73
9032.31
9087.73
9087.73
8977.52
9032.31
9032.31
8977.52
9032.31
9032.31
8977.52
9032.31
9087.73
9087.73
8977.52
9032.31
9087.73
9032.31
8977.52
9032.31
8977.52
9032.31
9032.31
8977.52
9032.31
9032.31
9032.31
8977.52
8977.52
9032.31
8977.52
9032.31
8977.52
9032.31
8977.52
8977.52
8977.52
9032.31
8977.52
8977.52
8977.52
8977.52
8977.52
8922.10
8977.52
8977.52
8922.10
8977.52
9032.31
8977.52
8977.52
8977.52
8977.52
8922.10
8922.10
8977.52
8866.68
8922.10
8977.52
8977.52
8866.68
8977.52
8922.10
8977.52
8922.10
8922.10
8922.10
8977.52
8866.68
8977.52
8922.10
8977.52
8866.68
8922.10
8922.10
8922.10
8866.68
8866.68
8866.68
8977.52
8922.10
8977.52
8866.68
8922.10
8866.68
8922.10
8866.68
8977.52
8866.68
8922.10
8866.68
8866.68
8811.89
8922.10
8866.68
8922.10
8866.68
8977.52
8866.68
8866.68
8866.68
8866.68
8866.68
8866.68
8811.89
8866.68
8866.68
8866.68
8866.68
8866.68
8811.89
8866.68
8866.68
8866.68
8811.89
8866.68
8866.68
8866.68
8866.68
8866.68
8866.68
8866.68
8866.68
8866.68
8866.68
8866.68
8866.68
8811.89
8811.89
8866.68
8811.89
8866.68
8866.68
8811.89
8811.89
8866.68
8756.47
8866.68
8811.89
8866.68
8811.89
8866.68
8866.68
8866.68
8811.89
8811.89
8811.89
8811.89
8811.89
8866.68
8756.47
8866.68
8811.89
8756.47
8811.89
8811.89
8811.89
8811.89
8811.89
8811.89
8756.47
8811.89
8811.89
8866.68
8756.47
8811.89
8811.89
8811.89
8811.89
8811.89
8811.89
8811.89
8756.47
8756.47
8756.47
8756.47
8811.89
8756.47
8756.47
8756.47
8756.47
8756.47
8756.47
8756.47
8756.47
8756.47
8756.47
8811.89
8756.47
8700.41
8756.47
8756.47
8756.47
8756.47
8700.41
8756.47
8756.47
8756.47
8756.47
8756.47
8700.41
8756.47
8756.47
8756.47
8756.47
8700.41
8756.47
8756.47
8700.41
8756.47
8700.41
8700.41
8756.47
8756.47
8756.47
8756.47
8756.47
8700.41
8756.47
8756.47
8700.41
8756.47
8700.41
8756.47
8756.47
8700.41
8756.47
8700.41
8700.41
8756.47
8645.62
8700.41
8700.41
8700.41
8700.41
8700.41
8700.41
8645.62
8700.41
8700.41
8700.41
8700.41
8645.62
8700.41
8700.41
8700.41
8645.62
8645.62
8700.41
8700.41
8700.41
8645.62
8645.62
8700.41
8645.62
8700.41
8645.62
8700.41
8645.62
8645.62
8645.62
8645.62
8645.62
8645.62
8645.62
8645.62
8645.62
8645.62
8645.62
8645.62
8590.20
8645.62
8645.62
8645.62
8645.62
8645.62
8590.20
8645.62
8645.62
8645.62
8645.62
8700.41
8590.20
8645.62
8590.20
8645.62
8645.62
8645.62
8590.20
8645.62
8645.62
8590.20
8645.62
8590.20
8590.20
8645.62
8590.20
8645.62
8534.78
8590.20
8590.20
8645.62
8590.20
8645.62
8645.62
8645.62
8590.20
8590.20
8590.20
8534.78
8590.20
8590.20
8590.20
8590.20
8534.78
8534.78
8534.78
8590.20
8590.20
8534.78
8534.78
8590.20
8590.20
8590.20
8534.78
8590.20
8534.78
8590.20
8534.78
8534.78
8534.78
8590.20
8590.20
8534.78
8534.78
8534.78
8534.78
8534.78
8590.20
8590.20
8534.78
8534.78
8590.20
8534.78
8590.20
8534.78
8534.78
8534.78
8534.78
8534.78
8534.78
8590.20
8534.78
8534.78
8534.78
8534.78
8534.78
8534.78
8534.78
8534.78
8534.78
8534.78
8534.78
8534.78
8534.78
8534.78
8534.78
8534.78
8534.78
8534.78
8534.78
8534.78
8534.78
8534.78
8534.78
8534.78
8534.78
8534.78
8534.78
8534.78
8534.78
8534.78
8534.78
8534.78
8534.78
8534.78
8534.78
8534.78
8534.78
8534.78
8424.57
8479.99
8534.78
8534.78
8424.57
8534.78
8534.78
8534.78
8534.78
8424.57
8479.99
8479.99
8534.78
8424.57
8479.99
8479.99
8534.78
8479.99
8479.99
8479.99
8479.99
8479.99
8479.99
8479.99
8479.99
8479.99
8479.99
8479.99
8479.99
8479.99
8479.99
8479.99
8479.99
8479.99
8424.57
8479.99
8424.57
8479.99
8424.57
8479.99
8424.57
8479.99
8424.57
8479.99
8424.57
8424.57
8424.57
8479.99
8479.99
8479.99
8424.57
8424.57
8479.99
8479.99
8479.99
8424.57
8424.57
8479.99
8424.57
8424.57
8369.15
8479.99
8479.99
8424.57
8424.57
8424.57
8424.57
8479.99
8424.57
8424.57
8424.57
8479.99
8424.57
8424.57
8369.15
8424.57
8479.99
8424.57
8424.57
8369.15
8424.57
8479.99
8424.57
8424.57
8369.15
8424.57
8424.57
8424.57
8424.57
8424.57
8424.57
8424.57
8424.57
8424.57
8424.57
8424.57
8424.57
8424.57
8424.57
8424.57
8424.57
8424.57
8424.57
8424.57
8369.15
8424.57
8369.15
8424.57
8424.57
8424.57
8369.15
8424.57
8369.15
8424.57
8424.57
8424.57
8369.15
8369.15
8424.57
8424.57
8369.15
8424.57
8424.57
8369.15
8314.36
8369.15
8369.15
8369.15
8369.15
8424.57
8314.36
8369.15
8424.57
8369.15
8369.15
8369.15
8314.36
8314.36
8369.15
8314.36
8314.36
8369.15
8369.15
8369.15
8314.36
8314.36
8314.36
8369.15
8369.15
8314.36
8314.36
8314.36
8369.15
8314.36
8314.36
8314.36
8314.36
8314.36
8314.36
8314.36
8314.36
8314.36
8314.36
8314.36
8314.36
8314.36
8314.36
8314.36
8314.36
8314.36
8369.15
8314.36
8314.36
8314.36
8314.36
8314.36
8314.36
8314.36
8369.15
8314.36
8314.36
8314.36
8258.94
8314.36
8314.36
8314.36
8314.36
8314.36
8314.36
8314.36
8258.94
8314.36
8314.36
8314.36
8258.94
8314.36
8314.36
8258.94
8258.94
8314.36
8203.52
8258.94
8258.94
8314.36
8314.36
8314.36
8258.94
8314.36
8203.52
8314.36
8203.52
8314.36
8258.94
8203.52
8314.36
8203.52
8258.94
8314.36
8314.36
8258.94
8258.94
8258.94
8203.52
8203.52
8258.94
8314.36
8258.94
8203.52
8314.36
8203.52
8203.52
8258.94
8203.52
8203.52
8148.73
8203.52
8203.52
8203.52
8203.52
8258.94
8203.52
8258.94
8203.52
8203.52
8203.52
8258.94
8258.94
8203.52
8203.52
8203.52
8203.52
8203.52
8203.52
8148.73
8203.52
8203.52
8203.52
8203.52
8203.52
8203.52
8148.73
8203.52
8203.52
8203.52
8203.52
8203.52
8203.52
8203.52
8203.52
8203.52
8203.52
8203.52
8148.73
8203.52
8203.52
8203.52
8148.73
8203.52
8148.73
8203.52
8148.73
8203.52
8148.73
8148.73
8148.73
8148.73
8148.73
8203.52
8148.73
8148.73
8203.52
8148.73
8203.52
8148.73
8093.31
8148.73
8093.31
8148.73
8093.31
8148.73
8093.31
8148.73
8093.31
8148.73
8093.31
8148.73
8093.31
8093.31
8093.31
8093.31
8093.31
8148.73
8093.31
8148.73
8093.31
8093.31
8093.31
8148.73
8093.31
8148.73
8093.31
8093.31
8093.31
8148.73
8093.31
8093.31
8093.31
8093.31
8037.89
8093.31
8093.31
8093.31
8148.73
8093.31
8093.31
8093.31
8093.31
8093.31
8093.31
8093.31
8037.89
8093.31
8093.31
8093.31
8093.31
8093.31
8093.31
8093.31
8037.89
8093.31
8093.31
8093.31
8093.31
8093.31
8093.31
8093.31
8037.89
8093.31
8093.31
8093.31
8037.89
8093.31
8037.89
8093.31
8093.31
8093.31
8037.89
8093.31
8037.89
7982.47
8037.89
8093.31
8093.31
8037.89
8037.89
8093.31
8037.89
8037.89
8093.31
8093.31
7982.47
8037.89
7982.47
8037.89
7982.47
8037.89
7982.47
8037.89
8037.89
8037.89
7982.47
7982.47
8037.89
8037.89
8037.89
8037.89
8037.89
8093.31
7982.47
7982.47
8037.89
8037.89
8037.89
7982.47
7982.47
7982.47
7982.47
7982.47
8037.89
7982.47
7982.47
7982.47
8037.89
8037.89
7982.47
7982.47
7982.47
8037.89
7982.47
8037.89
7982.47
8037.89
7982.47
8037.89
7982.47
7982.47
7982.47
7982.47
7982.47
7982.47
7982.47
7982.47
7982.47
7982.47
7982.47
7982.47
7982.47
7982.47
7982.47
7982.47
7982.47
7982.47
7982.47
8037.89
7982.47
7982.47
7927.67
7982.47
7927.67
7982.47
7927.67
7927.67
7982.47
7982.47
7927.67
7982.47
7927.67
7982.47
7982.47
7982.47
7927.67
7982.47
7927.67
7982.47
7982.47
7982.47
7872.25
7927.67
7982.47
7927.67
7927.67
7982.47
7927.67
7927.67
7872.25
7927.67
7927.67
7927.67
7872.25
7927.67
7927.67
7927.67
7927.67
7927.67
7927.67
7927.67
7982.47
7872.25
7927.67
7927.67
7872.25
7927.67
7927.67
7927.67
7927.67
7927.67
7872.25
7927.67
7872.25
7872.25
7927.67
7927.67
7872.25
7872.25
7927.67
7927.67
7872.25
7927.67
7927.67
7872.25
7927.67
7872.25
7872.25
7872.25
7872.25
7872.25
7872.25
7872.25
7872.25
7872.25
7872.25
7872.25
7816.83
7872.25
7816.83
7872.25
7872.25
7872.25
7872.25
7816.83
7872.25
7872.25
7872.25
7872.25
7872.25
7872.25
7816.83
7872.25
7872.25
7872.25
7816.83
7872.25
7816.83
7816.83
7816.83
7872.25
7872.25
7816.83
7872.25
7872.25
7762.04
7872.25
7872.25
7872.25
7816.83
7816.83
7872.25
7816.83
7872.25
7872.25
7816.83
7816.83
7872.25
7816.83
7816.83
7816.83
7816.83
7762.04
7816.83
7762.04
7816.83
7816.83
7762.04
7762.04
7762.04
7816.83
7816.83
7816.83
7816.83
7762.04
7816.83
7816.83
7762.04
7762.04
7762.04
7816.83
7762.04
7762.04
7762.04
7762.04
7762.04
7762.04
7762.04
7816.83
7816.83
7762.04
7762.04
7816.83
7762.04
7762.04
7762.04
7816.83
7762.04
7816.83
7762.04
7762.04
7762.04
7762.04
7762.04
7762.04
7762.04
7762.04
7762.04
7762.04
7762.04
7762.04
7705.99
7762.04
7762.04
7762.04
7762.04
7762.04
7705.99
7762.04
7705.99
7762.04
7705.99
7762.04
7762.04
7762.04
7762.04
7705.99
7705.99
7762.04
7762.04
7762.04
7762.04
7762.04
7762.04
7762.04
7762.04
7762.04
7705.99
7762.04
7762.04
7762.04
7705.99
7705.99
7762.04
7762.04
7705.99
7762.04
7705.99
7705.99
7705.99
7762.04
7650.57
7705.99
7762.04
7705.99
7705.99
7762.04
7650.57
7705.99
7705.99
7705.99
7705.99
7705.99
7650.57
7705.99
7705.99
7705.99
7762.04
7705.99
7705.99
7705.99
7650.57
7705.99
7650.57
7705.99
7650.57
7705.99
7650.57
7650.57
7650.57
7705.99
7705.99
7650.57
7705.99
7650.57
7705.99
7650.57
7650.57
7650.57
7650.57
7705.99
7650.57
7705.99
7650.57
7705.99
7650.57
7650.57
7650.57
7705.99
7650.57
7650.57
7650.57
7650.57
7595.78
7650.57
7650.57
7650.57
7650.57
7705.99
7650.57
7650.57
7650.57
7650.57
7650.57
7650.57
7650.57
7650.57
7595.78
7650.57
7595.78
7650.57
7650.57
7650.57
7650.57
7650.57
7650.57
7650.57
7595.78
7650.57
7650.57
7595.78
7650.57
7595.78
7595.78
7650.57
7595.78
7595.78
7595.78
7595.78
7595.78
7705.99
7595.78
7650.57
7595.78
7650.57
7650.57
7650.57
7650.57
7650.57
7650.57
7595.78
7595.78
7595.78
7595.78
7650.57
7595.78
7595.78
7650.57
7595.78
7595.78
7595.78
7595.78
7650.57
7595.78
7595.78
7595.78
7595.78
7540.36
7595.78
7595.78
7595.78
7540.36
7595.78
7540.36
7595.78
7484.94
7595.78
7540.36
7595.78
7540.36
7595.78
7540.36
7595.78
7484.94
7595.78
7484.94
7540.36
7484.94
7540.36
7595.78
7484.94
7595.78
7484.94
7540.36
7484.94
7484.94
7540.36
7484.94
7540.36
7484.94
7540.36
7484.94
7484.94
7540.36
7540.36
7430.15
7540.36
7484.94
7484.94
7484.94
7484.94
7484.94
7484.94
7484.94
7595.78
7484.94
7540.36
7540.36
7484.94
7484.94
7540.36
7484.94
7540.36
7484.94
7540.36
7484.94
7484.94
7484.94
7484.94
7484.94
7484.94
7484.94
7484.94
7484.94
7484.94
7484.94
7484.94
7484.94
7484.94
7484.94
7484.94
7484.94
7484.94
7430.15
7484.94
7484.94
7540.36
7484.94
7484.94
7430.15
7484.94
7430.15
7484.94
7484.94
7484.94
7484.94
7430.15
7484.94
7484.94
7484.94
7484.94
7430.15
7484.94
7484.94
7484.94
7430.15
7484.94
7430.15
7430.15
7430.15
7484.94
7430.15
7430.15
7484.94
7430.15
7484.94
7374.73
7430.15
7430.15
7430.15
7430.15
7430.15
7430.15
7374.73
7430.15
7430.15
7430.15
7374.73
7430.15
7374.73
7374.73
7430.15
7430.15
7430.15
7430.15
7430.15
7430.15
7430.15
7430.15
7430.15
7430.15
7374.73
7430.15
7319.31
7374.73
7430.15
7430.15
7319.31
7430.15
7430.15
7374.73
7374.73
7374.73
7319.31
7430.15
7374.73
7374.73
7319.31
7374.73
7430.15
7319.31
7374.73
7374.73
7430.15
7319.31
7319.31
7374.73
7374.73
7374.73
7319.31
7319.31
7374.73
7430.15
7374.73
7374.73
7319.31
7319.31
7374.73
7319.31
7319.31
7319.31
7319.31
7374.73
7319.31
7374.73
7319.31
7374.73
7319.31
7374.73
7319.31
7374.73
7319.31
7374.73
7319.31
7374.73
7319.31
7374.73
7319.31
7374.73
7319.31
7319.31
7319.31
7319.31
7319.31
7319.31
7319.31
7319.31
7319.31
7319.31
7319.31
7319.31
7319.31
7319.31
7319.31
7319.31
7319.31
7319.31
7319.31
7319.31
7319.31
7319.31
7319.31
7319.31
7319.31
7319.31
7264.52
7319.31
7264.52
7319.31
7264.52
7319.31
7319.31
7319.31
7264.52
7319.31
7264.52
7264.52
7319.31
7319.31
7319.31
7319.31
7209.09
7209.09
7209.09
7264.52
7264.52
7264.52
7264.52
7264.52
7209.09
7264.52
7209.09
7264.52
7264.52
7319.31
7209.09
7264.52
7264.52
7319.31
7209.09
7264.52
7264.52
7264.52
7209.09
7264.52
7209.09
7209.09
7264.52
7209.09
7209.09
7209.09
7209.09
7264.52
7209.09
7209.09
7209.09
7209.09
7209.09
7209.09
7209.09
7264.52
7264.52
7264.52
7209.09
7209.09
7153.67
7209.09
7153.67
7209.09
7209.09
7209.09
7209.09
7209.09
7209.09
7209.09
7209.09
7209.09
7209.09
7209.09
7153.67
7209.09
7209.09
7209.09
7209.09
7209.09
7209.09
7264.52
7209.09
7209.09
7209.09
7209.09
7209.09
7153.67
7209.09
7209.09
7153.67
7209.09
7153.67
7209.09
7209.09
7209.09
7153.67
7209.09
7153.67
7153.67
7153.67
7209.09
7153.67
7209.09
7153.67
7153.67
7209.09
7153.67
7098.88
7153.67
7153.67
7209.09
7153.67
7153.67
7209.09
7098.88
7153.67
7209.09
7209.09
7098.88
7098.88
7098.88
7153.67
7098.88
7098.88
7153.67
7209.09
7153.67
7098.88
7153.67
7098.88
7153.67
7098.88
7153.67
7043.46
7153.67
7098.88
7098.88
7043.46
7153.67
7098.88
7098.88
7098.88
7153.67
7098.88
7098.88
7098.88
7153.67
7098.88
7098.88
7043.46
7098.88
7098.88
7098.88
7098.88
7098.88
7098.88
7153.67
7098.88
7153.67
7043.46
7098.88
7098.88
7098.88
7098.88
7098.88
7098.88
7098.88
7098.88
7098.88
7098.88
7043.46
7043.46
7098.88
7098.88
7098.88
7098.88
7043.46
7098.88
7098.88
7043.46
7098.88
7043.46
7098.88
7098.88
7043.46
7098.88
7098.88
7043.46
7098.88
7043.46
7098.88
7043.46
7043.46
7098.88
7043.46
7043.46
7043.46
6988.04
7043.46
7043.46
7098.88
7043.46
7043.46
7043.46
7043.46
7043.46
7098.88
7043.46
7043.46
7043.46
7098.88
6988.04
7043.46
7043.46
6988.04
7043.46
7043.46
7043.46
7043.46
6988.04
6988.04
7043.46
7043.46
7043.46
7043.46
6988.04
7043.46
7043.46
6988.04
6988.04
7043.46
6988.04
6988.04
6988.04
7043.46
6988.04
6988.04
6988.04
6988.04
6988.04
6988.04
6988.04
6988.04
6988.04
6988.04
6988.04
6988.04
6988.04
6988.04
6988.04
7043.46
6988.04
6988.04
6988.04
6988.04
6988.04
6988.04
6988.04
6988.04
6988.04
6988.04
6988.04
6988.04
6933.25
6988.04
6988.04
6988.04
6933.25
6988.04
6988.04
6988.04
6988.04
6988.04
6988.04
6988.04
6988.04
6988.04
6988.04
6988.04
6988.04
6988.04
6933.25
6988.04
6988.04
6988.04
6988.04
6988.04
6988.04
6988.04
6988.04
6988.04
6933.25
6933.25
6933.25
6988.04
6988.04
6988.04
6933.25
6988.04
6933.25
6988.04
6877.83
6933.25
6933.25
6988.04
6877.83
6933.25
6933.25
6988.04
6933.25
6988.04
6933.25
6933.25
6988.04
6988.04
6933.25
6988.04
6933.25
6933.25
6933.25
6933.25
6933.25
6988.04
6933.25
6933.25
6933.25
6933.25
6933.25
6933.25
6933.25
6933.25
6988.04
6877.83
6933.25
6933.25
6933.25
6877.83
6877.83
6933.25
6877.83
6933.25
6877.83
6933.25
6933.25
6933.25
6933.25
6877.83
6877.83
6877.83
6933.25
6988.04
6877.83
6877.83
6877.83
6877.83
6877.83
6877.83
