IEC 61083-2 TDG Version 2.1.0
Data File Version  2.1.0
26 LI-M14
16 bits, 11999 samples at 10ns
1.000000e-008
-205.08
-205.08
-92.74
-92.74
-92.74
-205.08
-92.74
-92.74
-205.08
-205.08
-92.74
-92.74
-92.74
-92.74
18.85
-205.08
-92.74
-92.74
-92.74
-92.74
-205.08
-205.08
-92.74
-92.74
-92.74
-205.08
-92.74
-92.74
-205.08
-92.74
-92.74
-92.74
-92.74
-205.08
-92.74
-92.74
-92.74
-92.74
-92.74
-315.92
-92.74
-92.74
18.85
-92.74
-92.74
-205.08
-92.74
-205.08
-205.08
-92.74
-92.74
-92.74
-92.74
-205.08
-92.74
-92.74
-92.74
-92.74
18.85
-205.08
-92.74
-205.08
-92.74
-92.74
131.19
-205.08
-205.08
-92.74
-92.74
-92.74
-92.74
-92.74
-92.74
-205.08
-205.08
-92.74
-315.92
-92.74
-205.08
-92.74
-92.74
-205.08
-92.74
-92.74
-92.74
-205.08
-92.74
-92.74
-205.08
-92.74
-92.74
-92.74
-92.74
-205.08
-92.74
-315.92
-92.74
-92.74
-92.74
-92.74
-92.74
-205.08
-92.74
-92.74
-92.74
-92.74
-92.74
-205.08
-92.74
-205.08
-92.74
-92.74
-92.74
-92.74
-92.74
-92.74
-92.74
-205.08
-205.08
-205.08
-92.74
-92.74
-92.74
-92.74
-92.74
-205.08
-92.74
-92.74
-92.74
-92.74
-92.74
-92.74
-205.08
-92.74
-92.74
-205.08
-92.74
-92.74
-92.74
-92.74
-92.74
-92.74
-92.74
-92.74
-92.74
-92.74
-92.74
-92.74
-92.74
-92.74
-92.74
-92.74
18.85
-92.74
-92.74
-205.08
-92.74
-92.74
-92.74
-92.74
-92.74
-92.74
-92.74
-92.74
-92.74
-92.74
-205.08
-205.08
-92.74
-92.74
-205.08
-205.08
-92.74
-92.74
-92.74
-92.74
-92.74
-205.08
-92.74
-205.08
-92.74
-92.74
-92.74
-92.74
-92.74
-92.74
-92.74
-205.08
-92.74
18.85
-92.74
-92.74
-92.74
-92.74
-205.08
-92.74
-205.08
-315.92
-92.74
-205.08
-205.08
-92.74
-205.08
-205.08
-92.74
-92.74
-92.74
-92.74
-92.74
-315.92
18.85
-92.74
-205.08
-205.08
-92.74
-315.92
-92.74
-205.08
-92.74
-92.74
-92.74
-92.74
-92.74
-205.08
-92.74
-92.74
-92.74
-92.74
-92.74
-205.08
-205.08
-205.08
-205.08
-92.74
-92.74
-92.74
-92.74
-92.74
-92.74
-92.74
18.85
-92.74
-92.74
-205.08
-92.74
-92.74
-205.08
-92.74
-92.74
-315.92
-92.74
-92.74
-205.08
-92.74
-205.08
-315.92
-92.74
-92.74
-92.74
-205.08
-92.74
-205.08
-205.08
-92.74
-92.74
-205.08
18.85
-92.74
-92.74
-205.08
18.85
-92.74
-92.74
-92.74
-92.74
-92.74
-92.74
-92.74
-92.74
-92.74
-92.74
18.85
-92.74
-205.08
-205.08
-92.74
-92.74
-92.74
-92.74
-205.08
18.85
-92.74
-205.08
-92.74
-92.74
-92.74
-92.74
-92.74
-92.74
-92.74
-92.74
-92.74
-92.74
-92.74
-92.74
-92.74
-92.74
-92.74
-92.74
-92.74
-92.74
-92.74
-92.74
-92.74
-92.74
-92.74
-92.74
-92.74
-92.74
-92.74
-92.74
-92.74
-92.74
18.85
-92.74
-92.74
-92.74
-92.74
-92.74
-92.74
-205.08
-92.74
18.85
-92.74
-92.74
-205.08
-92.74
-92.74
-205.08
-92.74
-92.74
-205.08
-92.74
-92.74
-92.74
-92.74
18.85
-92.74
-92.74
-205.08
18.85
-92.74
-92.74
-92.74
18.85
-92.74
-92.74
-92.74
-92.74
-92.74
-92.74
-92.74
-92.74
-92.74
-92.74
-205.08
-205.08
-92.74
18.85
-92.74
-92.74
-205.08
-92.74
-205.08
-315.92
-205.08
-205.08
-205.08
-92.74
-92.74
-92.74
-92.74
-92.74
-315.92
-92.74
-315.92
-92.74
-92.74
-92.74
-92.74
-92.74
-92.74
-92.74
-92.74
-92.74
-92.74
-92.74
-92.74
-92.74
-92.74
-92.74
-205.08
18.85
-205.08
-205.08
-92.74
-92.74
-92.74
-92.74
-92.74
-92.74
-92.74
-92.74
-205.08
-92.74
-205.08
-92.74
-92.74
-205.08
-205.08
-92.74
-205.08
-205.08
-315.92
-92.74
-92.74
-92.74
-92.74
-92.74
-92.74
-92.74
-92.74
-92.74
-92.74
-92.74
-92.74
-92.74
-205.08
-92.74
-92.74
-92.74
-92.74
-92.74
-92.74
-92.74
-92.74
-92.74
-92.74
-92.74
-92.74
-92.74
-92.74
-92.74
-92.74
-92.74
-92.74
-92.74
-92.74
-92.74
-205.08
-205.08
-92.74
-92.74
-92.74
-92.74
-205.08
-92.74
-92.74
-205.08
-92.74
-92.74
-92.74
-92.74
-92.74
-92.74
-92.74
18.85
-205.08
-205.08
-205.08
-92.74
-205.08
-92.74
-205.08
-92.74
-205.08
18.85
-92.74
18.85
-205.08
-92.74
-315.92
-92.74
-92.74
-315.92
131.19
131.19
-315.92
18.85
-315.92
-92.74
131.19
-92.74
18.85
-92.74
131.19
131.19
131.19
131.19
131.19
18.85
242.03
18.85
465.96
242.03
131.19
465.96
18.85
465.96
18.85
353.62
131.19
242.03
131.19
18.85
131.19
131.19
131.19
131.19
353.62
353.62
242.03
353.62
353.62
131.19
242.03
353.62
465.96
465.96
577.55
465.96
577.55
689.89
577.55
800.73
577.55
800.73
913.07
800.73
800.73
800.73
800.73
913.07
913.07
913.07
800.73
913.07
913.07
913.07
913.07
1024.66
913.07
1024.66
1137.00
1024.66
1024.66
1137.00
1248.59
1360.18
1360.18
1471.77
1360.18
1471.77
1471.77
1471.77
1695.70
1695.70
1808.04
1918.88
2031.22
2142.81
1471.77
2366.74
1471.77
1471.77
2142.81
1137.00
2366.74
3037.03
1808.04
2477.58
2813.85
2366.74
2813.85
3260.96
2477.58
3260.96
3037.03
3484.89
4825.47
5720.44
7285.71
9073.39
11309.70
12204.67
11533.63
9632.84
7508.88
6837.84
7285.71
8738.62
9632.84
10974.17
12427.85
14998.92
15893.14
16117.07
15334.44
14663.40
14775.74
14998.92
15334.44
15558.37
16787.36
17682.33
18464.21
19022.91
19806.29
20924.44
21817.91
22824.47
23607.10
24725.26
25507.13
26178.17
26065.83
26289.76
26849.22
27295.57
27855.03
28302.14
29197.11
30202.92
30873.96
31320.32
31767.43
32326.88
32997.92
33556.62
34115.32
34786.36
35456.65
36015.35
36351.62
36798.73
36910.32
37245.84
37804.54
38139.31
38475.58
38810.35
39481.39
40040.09
40375.61
40823.48
41382.17
41940.87
42387.98
42723.50
42947.44
43282.20
43394.55
43616.97
43616.97
43729.31
44176.42
44400.36
44624.29
44959.05
45294.58
45630.10
45741.69
45964.86
46188.80
46411.97
46635.91
46748.25
47083.02
47083.02
47083.02
47306.95
47419.29
47530.13
47642.47
47754.06
47865.65
48088.82
48201.17
48088.82
48201.17
48425.10
48312.76
48425.10
48536.69
48536.69
48648.28
48648.28
48759.87
48759.87
48872.21
48872.21
48872.21
48983.80
48983.80
48872.21
48983.80
48983.80
48983.80
48983.80
48983.80
48983.80
49095.39
48872.21
48983.80
48872.21
48983.80
48872.21
48872.21
48872.21
48759.87
48872.21
48759.87
48872.21
48759.87
48648.28
48759.87
48648.28
48536.69
48536.69
48536.69
48536.69
48536.69
48312.76
48312.76
48425.10
48201.17
48312.76
48201.17
48201.17
48201.17
47977.99
48088.82
48201.17
47977.99
47977.99
47865.65
47865.65
47865.65
47754.06
47754.06
47754.06
47754.06
47642.47
47530.13
47530.13
47530.13
47530.13
47419.29
47530.13
47530.13
47306.95
47306.95
47306.95
47195.36
47195.36
47083.02
47195.36
47083.02
47083.02
47083.02
47083.02
47083.02
47083.02
46859.84
46971.43
46859.84
46859.84
46859.84
46859.84
46859.84
46748.25
46859.84
46748.25
46748.25
46748.25
46635.91
46635.91
46635.91
46748.25
46635.91
46635.91
46635.91
46635.91
46635.91
46635.91
46524.32
46411.97
46524.32
46524.32
46411.97
46524.32
46524.32
46411.97
46411.97
46411.97
46411.97
46411.97
46411.97
46411.97
46411.97
46188.80
46301.14
46301.14
46411.97
46188.80
46188.80
46188.80
46301.14
46188.80
46188.80
46188.80
46188.80
46301.14
46188.80
46301.14
46188.80
46188.80
46077.21
46188.80
46188.80
46188.80
46188.80
46188.80
46188.80
46077.21
46188.80
46188.80
46188.80
46188.80
46077.21
46188.80
46188.80
46188.80
46188.80
46077.21
46077.21
46188.80
46188.80
46188.80
46077.21
46077.21
46077.21
46077.21
45964.86
45964.86
46077.21
46188.80
46077.21
46077.21
46077.21
46077.21
45964.86
45964.86
46077.21
46077.21
46077.21
45964.86
45964.86
45964.86
45964.86
45964.86
46077.21
46077.21
46077.21
46077.21
45964.86
45964.86
46077.21
45964.86
45964.86
45853.27
45964.86
45964.86
45853.27
45741.69
45853.27
45964.86
45853.27
45964.86
45853.27
45964.86
45853.27
45741.69
45853.27
45741.69
45853.27
45853.27
45741.69
45853.27
45741.69
45741.69
45741.69
45741.69
45741.69
45741.69
45741.69
45741.69
45741.69
45630.10
45741.69
45741.69
45741.69
45741.69
45518.51
45630.10
45741.69
45630.10
45630.10
45630.10
45630.10
45630.10
45518.51
45741.69
45630.10
45518.51
45518.51
45518.51
45630.10
45518.51
45518.51
45518.51
45518.51
45518.51
45518.51
45518.51
45518.51
45518.51
45406.16
45518.51
45406.16
45518.51
45518.51
45406.16
45518.51
45518.51
45518.51
45406.16
45406.16
45406.16
45406.16
45406.16
45406.16
45406.16
45406.16
45294.58
45406.16
45406.16
45294.58
45294.58
45294.58
45294.58
45182.99
45294.58
45294.58
45294.58
45294.58
45294.58
45294.58
45294.58
45294.58
45182.99
45182.99
45294.58
45182.99
45182.99
45071.40
45182.99
45182.99
45182.99
44959.05
45182.99
45071.40
45182.99
45071.40
44959.05
44959.05
45182.99
45182.99
44959.05
44959.05
45071.40
44959.05
44959.05
44959.05
44959.05
44959.05
44959.05
44959.05
44959.05
44959.05
44959.05
44959.05
44959.05
44959.05
44847.47
44847.47
44847.47
44847.47
44959.05
44847.47
44959.05
44847.47
44847.47
44959.05
44847.47
44847.47
44847.47
44847.47
44735.12
44847.47
44847.47
44847.47
44624.29
44624.29
44735.12
44735.12
44624.29
44735.12
44735.12
44735.12
44847.47
44847.47
44735.12
44624.29
44735.12
44624.29
44624.29
44624.29
44624.29
44624.29
44624.29
44624.29
44624.29
44624.29
44624.29
44624.29
44624.29
44511.94
44624.29
44624.29
44400.36
44511.94
44511.94
44624.29
44511.94
44511.94
44511.94
44400.36
44400.36
44511.94
44400.36
44400.36
44400.36
44400.36
44288.01
44400.36
44400.36
44288.01
44288.01
44288.01
44176.42
44288.01
44288.01
44288.01
44288.01
44176.42
44176.42
44176.42
44176.42
44288.01
44288.01
44176.42
44176.42
44176.42
44176.42
44176.42
44176.42
44176.42
44176.42
44176.42
44064.83
44064.83
44176.42
44176.42
44176.42
44064.83
44064.83
44064.83
44064.83
44064.83
44064.83
43953.25
44064.83
43953.25
44176.42
43953.25
44064.83
44064.83
43953.25
43953.25
44064.83
44064.83
44064.83
43953.25
43953.25
43953.25
44064.83
44064.83
43840.90
43953.25
43840.90
43953.25
43953.25
43840.90
43953.25
43840.90
43840.90
43840.90
43953.25
43729.31
43953.25
43840.90
43729.31
43729.31
43840.90
43729.31
43729.31
43840.90
43729.31
43729.31
43729.31
43729.31
43840.90
43729.31
43840.90
43729.31
43729.31
43729.31
43840.90
43506.14
43616.97
43729.31
43616.97
43616.97
43506.14
43616.97
43616.97
43506.14
43616.97
43616.97
43506.14
43616.97
43616.97
43616.97
43616.97
43506.14
43506.14
43506.14
43506.14
43506.14
43506.14
43506.14
43506.14
43506.14
43616.97
43506.14
43506.14
43506.14
43506.14
43506.14
43506.14
43506.14
43506.14
43506.14
43506.14
43506.14
43506.14
43394.55
43394.55
43506.14
43506.14
43506.14
43506.14
43506.14
43506.14
43282.20
43506.14
43170.61
43282.20
43282.20
43282.20
43282.20
43282.20
43282.20
43282.20
43282.20
43394.55
43282.20
43282.20
43282.20
43282.20
43282.20
43282.20
43282.20
43282.20
43170.61
43170.61
43282.20
43282.20
43282.20
43282.20
43170.61
43170.61
43058.27
43170.61
43058.27
43058.27
43170.61
43058.27
43170.61
43058.27
43058.27
43058.27
43058.27
43058.27
43058.27
43058.27
42947.44
43058.27
42947.44
43058.27
43058.27
43058.27
43058.27
42947.44
43058.27
43058.27
42947.44
42947.44
43058.27
42947.44
43058.27
42835.09
42947.44
42947.44
42835.09
43058.27
42835.09
42835.09
42835.09
42835.09
42835.09
42947.44
42835.09
42835.09
42835.09
42835.09
42835.09
42723.50
42723.50
42835.09
42835.09
42835.09
42723.50
42723.50
42723.50
42611.16
42723.50
42723.50
42611.16
42611.16
42723.50
42611.16
42723.50
42723.50
42611.16
42611.16
42723.50
42611.16
42611.16
42611.16
42611.16
42611.16
42611.16
42611.16
42500.33
42611.16
42611.16
42611.16
42500.33
42611.16
42611.16
42611.16
42500.33
42611.16
42500.33
42500.33
42500.33
42611.16
42500.33
42500.33
42387.98
42387.98
42387.98
42611.16
42387.98
42387.98
42500.33
42387.98
42500.33
42387.98
42387.98
42387.98
42387.98
42387.98
42387.98
42387.98
42387.98
42387.98
42387.98
42387.98
42276.39
42387.98
42276.39
42276.39
42276.39
42164.05
42276.39
42276.39
42276.39
42276.39
42276.39
42276.39
42276.39
42164.05
42276.39
42164.05
42164.05
42276.39
42164.05
42164.05
42276.39
42164.05
42164.05
42052.46
42052.46
42164.05
42164.05
42164.05
42052.46
42164.05
42052.46
41940.87
42052.46
41940.87
42052.46
41940.87
42052.46
42052.46
41940.87
42052.46
42052.46
41940.87
41940.87
42052.46
41940.87
41940.87
41940.87
41940.87
41940.87
41940.87
41940.87
41940.87
41940.87
41829.28
41940.87
41940.87
41829.28
41829.28
41940.87
41829.28
41829.28
41829.28
41829.28
41829.28
41829.28
41829.28
41716.94
41829.28
41829.28
41829.28
41829.28
41716.94
41716.94
41716.94
41829.28
41716.94
41716.94
41716.94
41716.94
41829.28
41716.94
41605.35
41716.94
41605.35
41716.94
41605.35
41605.35
41493.76
41605.35
41605.35
41605.35
41493.76
41605.35
41605.35
41605.35
41605.35
41605.35
41493.76
41493.76
41605.35
41605.35
41493.76
41605.35
41605.35
41493.76
41382.17
41382.17
41382.17
41382.17
41493.76
41382.17
41382.17
41382.17
41382.17
41382.17
41382.17
41382.17
41382.17
41270.59
41270.59
41270.59
41382.17
41382.17
41382.17
41270.59
41382.17
41270.59
41382.17
41382.17
41270.59
41270.59
41270.59
41270.59
41046.65
41158.24
41270.59
41270.59
41270.59
41382.17
41158.24
41270.59
41046.65
41158.24
41158.24
41158.24
41046.65
41046.65
41158.24
41046.65
41046.65
41046.65
41046.65
41158.24
40934.31
41046.65
41158.24
41046.65
41158.24
41046.65
41046.65
41046.65
41046.65
41046.65
40934.31
40934.31
41046.65
41046.65
41046.65
41046.65
41046.65
40823.48
40934.31
40934.31
40823.48
40934.31
40934.31
40823.48
40823.48
40823.48
40823.48
41046.65
40934.31
40934.31
40934.31
40823.48
40711.13
40823.48
40823.48
40823.48
40823.48
40823.48
40823.48
40711.13
40823.48
40823.48
40823.48
40711.13
40823.48
40711.13
40823.48
40823.48
40711.13
40711.13
40711.13
40599.54
40599.54
40599.54
40711.13
40599.54
40599.54
40711.13
40711.13
40711.13
40599.54
40599.54
40599.54
40599.54
40487.20
40599.54
40599.54
40487.20
40487.20
40487.20
40375.61
40487.20
40487.20
40487.20
40487.20
40487.20
40487.20
40487.20
40487.20
40487.20
40487.20
40375.61
40487.20
40375.61
40487.20
40487.20
40375.61
40375.61
40375.61
40375.61
40375.61
40375.61
40375.61
40375.61
40375.61
40375.61
40375.61
40375.61
40375.61
40375.61
40375.61
40264.02
40375.61
40375.61
40264.02
40264.02
40264.02
40264.02
40152.43
40264.02
40152.43
40264.02
40152.43
40152.43
40152.43
40152.43
40152.43
40152.43
40264.02
40264.02
40152.43
40152.43
40264.02
40040.09
40152.43
40040.09
39928.50
40040.09
40040.09
39928.50
40040.09
40040.09
39928.50
40152.43
40040.09
39928.50
40040.09
39928.50
39928.50
40040.09
40040.09
39928.50
39928.50
39928.50
40040.09
39928.50
39928.50
39928.50
39928.50
39928.50
39928.50
39928.50
39928.50
39928.50
39928.50
39928.50
39928.50
39928.50
39928.50
39928.50
39928.50
39928.50
39928.50
39928.50
39928.50
39928.50
39928.50
39705.32
39816.16
39705.32
39816.16
39705.32
39816.16
39705.32
39705.32
39705.32
39816.16
39705.32
39705.32
39705.32
39816.16
39705.32
39705.32
39592.98
39816.16
39705.32
39705.32
39705.32
39816.16
39705.32
39705.32
39592.98
39705.32
39705.32
39705.32
39592.98
39705.32
39705.32
39592.98
39705.32
39705.32
39705.32
39592.98
39592.98
39592.98
39592.98
39481.39
39705.32
39592.98
39592.98
39481.39
39592.98
39481.39
39481.39
39481.39
39592.98
39481.39
39481.39
39481.39
39481.39
39481.39
39481.39
39481.39
39481.39
39481.39
39481.39
39481.39
39481.39
39481.39
39257.46
39481.39
39481.39
39369.80
39257.46
39369.80
39369.80
39257.46
39257.46
39369.80
39481.39
39257.46
39257.46
39369.80
39369.80
39369.80
39257.46
39369.80
39257.46
39257.46
39257.46
39257.46
39369.80
39257.46
39257.46
39257.46
39257.46
39257.46
39034.28
39146.63
39257.46
39257.46
39146.63
39034.28
39146.63
39146.63
39034.28
39034.28
39034.28
39146.63
39034.28
39034.28
39034.28
39146.63
39034.28
39034.28
39146.63
39034.28
39034.28
39034.28
39034.28
39034.28
38922.69
38810.35
39034.28
39034.28
39034.28
39034.28
39034.28
39034.28
39034.28
39034.28
38810.35
38922.69
38922.69
39034.28
38810.35
38810.35
38810.35
38922.69
39034.28
38922.69
38810.35
38810.35
38810.35
38922.69
38810.35
38922.69
38810.35
38810.35
38810.35
38810.35
38810.35
38810.35
38810.35
38810.35
38810.35
38810.35
38810.35
38698.76
38810.35
38698.76
38810.35
38698.76
38698.76
38587.17
38698.76
38698.76
38810.35
38587.17
38698.76
38698.76
38698.76
38698.76
38587.17
38587.17
38698.76
38698.76
38587.17
38587.17
38587.17
38587.17
38587.17
38587.17
38587.17
38587.17
38587.17
38475.58
38587.17
38587.17
38587.17
38587.17
38587.17
38475.58
38475.58
38475.58
38587.17
38475.58
38363.24
38475.58
38475.58
38363.24
38363.24
38363.24
38363.24
38363.24
38475.58
38363.24
38475.58
38363.24
38363.24
38363.24
38363.24
38363.24
38363.24
38363.24
38363.24
38363.24
38363.24
38363.24
38251.65
38251.65
38363.24
38251.65
38363.24
38251.65
38251.65
38251.65
38139.31
38251.65
38251.65
38251.65
38251.65
38251.65
38251.65
38251.65
38139.31
38139.31
38139.31
38139.31
38139.31
38139.31
38139.31
38139.31
38139.31
38251.65
38139.31
38139.31
38139.31
38139.31
38028.47
38139.31
38028.47
38028.47
38139.31
38139.31
38028.47
38028.47
38028.47
38139.31
38139.31
38139.31
38028.47
37916.13
38028.47
38028.47
37916.13
37804.54
37916.13
37804.54
37916.13
37804.54
37804.54
37804.54
37916.13
37804.54
37804.54
38028.47
37916.13
37804.54
37804.54
37804.54
37804.54
37804.54
37692.20
37804.54
37692.20
37692.20
37804.54
37804.54
37804.54
37804.54
37804.54
37804.54
37804.54
37804.54
37804.54
37804.54
37804.54
37804.54
37692.20
37692.20
37692.20
37692.20
37580.61
37692.20
37692.20
37580.61
37692.20
37692.20
37580.61
37692.20
37692.20
37692.20
37692.20
37580.61
37580.61
37580.61
37580.61
37580.61
37580.61
37580.61
37469.02
37580.61
37580.61
37580.61
37469.02
37469.02
37469.02
37469.02
37469.02
37469.02
37469.02
37469.02
37469.02
37469.02
37469.02
37469.02
37469.02
37469.02
37469.02
37357.43
37469.02
37357.43
37245.84
37357.43
37133.50
37245.84
37469.02
37469.02
37245.84
37357.43
37357.43
37245.84
37245.84
37245.84
37357.43
37245.84
37245.84
37245.84
37245.84
37357.43
37245.84
37245.84
37245.84
37245.84
37245.84
37245.84
37245.84
37133.50
37022.66
37133.50
37245.84
37133.50
37022.66
37022.66
37133.50
37133.50
37133.50
37245.84
37133.50
37022.66
37022.66
37022.66
37022.66
37133.50
37022.66
37022.66
37022.66
37022.66
37022.66
37022.66
37022.66
37022.66
37022.66
37022.66
37022.66
37022.66
36910.32
36910.32
36910.32
36910.32
37022.66
37022.66
36910.32
36910.32
36910.32
36910.32
36798.73
36798.73
36798.73
36910.32
36910.32
37022.66
36798.73
36798.73
36798.73
36798.73
36798.73
36798.73
36798.73
36798.73
36798.73
36910.32
36798.73
36798.73
36798.73
36686.39
36798.73
36798.73
36798.73
36686.39
36686.39
36798.73
36798.73
36798.73
36686.39
36686.39
36686.39
36798.73
36686.39
36574.80
36574.80
36574.80
36574.80
36686.39
36574.80
36574.80
36574.80
36574.80
36574.80
36574.80
36574.80
36686.39
36574.80
36574.80
36686.39
36574.80
36574.80
36463.21
36574.80
36574.80
36574.80
36463.21
36574.80
36574.80
36574.80
36463.21
36351.62
36351.62
36351.62
36351.62
36351.62
36463.21
36351.62
36463.21
36351.62
36351.62
36463.21
36351.62
36351.62
36351.62
36351.62
36351.62
36351.62
36351.62
36351.62
36351.62
36463.21
36351.62
36351.62
36351.62
36351.62
36351.62
36351.62
36351.62
36351.62
36239.28
36239.28
36351.62
36239.28
36351.62
36351.62
36351.62
36239.28
36239.28
36351.62
36239.28
36239.28
36239.28
36239.28
36239.28
36239.28
36127.69
36127.69
36127.69
36127.69
36127.69
36239.28
36239.28
36127.69
36239.28
36015.35
36127.69
35904.51
36239.28
36239.28
36015.35
36127.69
36127.69
36127.69
36127.69
36015.35
36127.69
36015.35
36015.35
36015.35
36015.35
36127.69
36127.69
36015.35
36015.35
36015.35
36015.35
36015.35
36127.69
35904.51
36015.35
35904.51
36015.35
35904.51
35904.51
35904.51
35904.51
35904.51
36015.35
35904.51
36015.35
35904.51
35904.51
35904.51
35904.51
35904.51
36015.35
35904.51
35904.51
35904.51
35904.51
35904.51
35904.51
35904.51
35904.51
35792.17
35680.58
35792.17
35904.51
35792.17
35904.51
35792.17
35680.58
35792.17
35680.58
35792.17
35680.58
35904.51
35904.51
35904.51
35792.17
35680.58
35680.58
35792.17
35680.58
35792.17
35680.58
35680.58
35680.58
35680.58
35792.17
35568.24
35680.58
35680.58
35568.24
35680.58
35680.58
35568.24
35568.24
35456.65
35680.58
35680.58
35568.24
35568.24
35568.24
35568.24
35456.65
35568.24
35568.24
35456.65
35456.65
35568.24
35568.24
35680.58
35456.65
35456.65
35568.24
35456.65
35456.65
35456.65
35456.65
35345.81
35456.65
35345.81
35456.65
35456.65
35456.65
35456.65
35456.65
35345.81
35345.81
35456.65
35345.81
35345.81
35345.81
35456.65
35345.81
35456.65
35456.65
35345.81
35345.81
35345.81
35233.47
35345.81
35233.47
35456.65
35456.65
35233.47
35345.81
35345.81
35233.47
35233.47
35345.81
35233.47
35233.47
35233.47
35233.47
35233.47
35233.47
35233.47
35233.47
35233.47
35121.88
35233.47
35233.47
35121.88
35233.47
35121.88
35233.47
35233.47
35233.47
35121.88
35233.47
35121.88
35121.88
35121.88
35121.88
35233.47
35121.88
35121.88
35121.88
35121.88
35121.88
35009.54
35121.88
35009.54
35121.88
35009.54
35121.88
35121.88
34897.95
35009.54
35009.54
35009.54
34897.95
35009.54
35009.54
35009.54
34897.95
34897.95
34897.95
34786.36
34897.95
35009.54
34897.95
35009.54
35009.54
34897.95
35009.54
34786.36
34897.95
34897.95
34897.95
34897.95
34897.95
34897.95
34897.95
34786.36
34786.36
34786.36
34786.36
34897.95
34786.36
34786.36
34786.36
34786.36
34897.95
34786.36
34786.36
34786.36
34674.77
34786.36
34786.36
34786.36
34674.77
34786.36
34674.77
34674.77
34786.36
34674.77
34674.77
34786.36
34786.36
34674.77
34786.36
34674.77
34674.77
34674.77
34562.43
34674.77
34562.43
34674.77
34674.77
34562.43
34562.43
34674.77
34674.77
34674.77
34674.77
34562.43
34562.43
34562.43
34562.43
34674.77
34674.77
34562.43
34562.43
34562.43
34562.43
34450.84
34450.84
34450.84
34450.84
34450.84
34450.84
34450.84
34562.43
34450.84
34562.43
34450.84
34450.84
34562.43
34450.84
34450.84
34450.84
34450.84
34338.50
34450.84
34338.50
34562.43
34338.50
34338.50
34227.66
34227.66
34227.66
34338.50
34338.50
34227.66
34227.66
34227.66
34227.66
34227.66
34227.66
34338.50
34227.66
34227.66
34227.66
34115.32
34227.66
34227.66
34227.66
34227.66
34227.66
34227.66
34115.32
34227.66
34115.32
34115.32
34115.32
34227.66
34115.32
34115.32
34115.32
34227.66
34115.32
34227.66
34003.73
34115.32
34115.32
34115.32
34115.32
34227.66
34115.32
34003.73
34115.32
34003.73
34115.32
34115.32
33891.39
34003.73
34003.73
33891.39
34003.73
34003.73
34003.73
33891.39
33891.39
34003.73
33891.39
33891.39
34115.32
34003.73
33891.39
33891.39
33891.39
33779.80
34003.73
33891.39
33891.39
34003.73
33891.39
34003.73
33891.39
33891.39
33891.39
33891.39
33891.39
33779.80
33891.39
33891.39
33779.80
33891.39
33891.39
33779.80
33891.39
33668.21
33779.80
33779.80
33891.39
33668.21
33779.80
33779.80
33779.80
33779.80
33668.21
33668.21
33668.21
33668.21
33668.21
33668.21
33668.21
33668.21
33556.62
33668.21
33668.21
33668.21
33556.62
33556.62
33444.28
33668.21
33668.21
33556.62
33668.21
33556.62
33444.28
33556.62
33556.62
33556.62
33556.62
33668.21
33444.28
33444.28
33556.62
33444.28
33556.62
33444.28
33556.62
33556.62
33444.28
33444.28
33444.28
33444.28
33444.28
33444.28
33556.62
33444.28
33444.28
33444.28
33444.28
33332.69
33221.10
33332.69
33332.69
33332.69
33332.69
33332.69
33332.69
33332.69
33444.28
33332.69
33221.10
33332.69
33332.69
33332.69
33221.10
33444.28
33332.69
33221.10
33332.69
33332.69
33221.10
33221.10
33332.69
33221.10
33332.69
33332.69
33332.69
33221.10
33221.10
33221.10
33221.10
33221.10
33221.10
33221.10
33221.10
33221.10
33221.10
33221.10
33109.51
33109.51
33221.10
33221.10
33109.51
33221.10
33221.10
32997.92
33109.51
33109.51
32997.92
33109.51
33109.51
32997.92
32997.92
32997.92
32997.92
32997.92
33109.51
33109.51
32997.92
32997.92
32997.92
32997.92
32997.92
32997.92
32997.92
32997.92
32997.92
32997.92
33109.51
32997.92
32997.92
32885.58
32997.92
32997.92
32997.92
32997.92
32997.92
32885.58
32885.58
32885.58
32773.99
32773.99
32885.58
32773.99
32885.58
32773.99
32773.99
32773.99
32773.99
32773.99
32773.99
32773.99
32773.99
32773.99
32773.99
32885.58
32773.99
32773.99
32773.99
32773.99
32885.58
32773.99
32773.99
32773.99
32773.99
32661.65
32773.99
32773.99
32773.99
32773.99
32773.99
32550.81
32550.81
32550.81
32661.65
32773.99
32773.99
32550.81
32661.65
32661.65
32661.65
32773.99
32661.65
32661.65
32661.65
32550.81
32661.65
32550.81
32661.65
32550.81
32661.65
32550.81
32550.81
32550.81
32773.99
32661.65
32550.81
32661.65
32661.65
32550.81
32438.47
32773.99
32550.81
32550.81
32550.81
32550.81
32550.81
32438.47
32550.81
32550.81
32550.81
32550.81
32550.81
32550.81
32326.88
32438.47
32438.47
32326.88
32438.47
32326.88
32438.47
32438.47
32550.81
32550.81
32438.47
32326.88
32438.47
32438.47
32438.47
32326.88
32438.47
32326.88
32326.88
32326.88
32326.88
32326.88
32326.88
32326.88
32326.88
32326.88
32326.88
32326.88
32326.88
32326.88
32326.88
32326.88
32326.88
32326.88
32326.88
32214.54
32326.88
32326.88
32214.54
32214.54
32214.54
32102.95
32214.54
32326.88
32326.88
32214.54
32214.54
32102.95
32326.88
32326.88
32214.54
32102.95
32214.54
32102.95
32102.95
32102.95
32326.88
32102.95
32214.54
32102.95
32102.95
32102.95
31991.36
32102.95
32214.54
32102.95
32214.54
32102.95
32102.95
31991.36
32102.95
31991.36
32102.95
31991.36
32102.95
31991.36
31879.77
31991.36
31991.36
31991.36
32102.95
31991.36
31991.36
31991.36
31879.77
31879.77
31991.36
31879.77
31879.77
31991.36
31991.36
31879.77
31879.77
31991.36
31991.36
31879.77
31879.77
31991.36
31879.77
31879.77
31879.77
31879.77
31879.77
31879.77
31879.77
31879.77
31879.77
31879.77
31879.77
31767.43
31879.77
31879.77
31767.43
31879.77
31879.77
31767.43
31879.77
31767.43
31767.43
31767.43
31879.77
31767.43
31655.84
31767.43
31767.43
31879.77
31655.84
31655.84
31767.43
31767.43
31767.43
31655.84
31767.43
31655.84
31767.43
31655.84
31767.43
31655.84
31767.43
31655.84
31767.43
31543.49
31655.84
31655.84
31655.84
31655.84
31655.84
31655.84
31655.84
31655.84
31655.84
31655.84
31655.84
31655.84
31655.84
31543.49
31655.84
31543.49
31655.84
31655.84
31655.84
31543.49
31655.84
31543.49
31543.49
31543.49
31543.49
31655.84
31655.84
31543.49
31432.66
31655.84
31432.66
31543.49
31543.49
31432.66
31432.66
31432.66
31543.49
31543.49
31543.49
31432.66
31543.49
31543.49
31543.49
31432.66
31432.66
31543.49
31432.66
31320.32
31432.66
31320.32
31320.32
31320.32
31432.66
31432.66
31320.32
31432.66
31432.66
31432.66
31320.32
31432.66
31320.32
31208.73
31208.73
31320.32
31320.32
31208.73
31208.73
31320.32
31320.32
31432.66
31432.66
31208.73
31208.73
31208.73
31208.73
31208.73
31208.73
31208.73
31208.73
31320.32
31208.73
31208.73
31097.14
31097.14
31208.73
31208.73
31208.73
31208.73
31208.73
31208.73
31097.14
31208.73
31208.73
31208.73
31208.73
31097.14
31097.14
31208.73
31208.73
31097.14
31208.73
30984.80
31097.14
31097.14
31097.14
31208.73
31097.14
31097.14
31097.14
31097.14
31097.14
31097.14
30984.80
30984.80
31097.14
30984.80
31097.14
30984.80
30984.80
30984.80
31097.14
30984.80
31097.14
31097.14
31097.14
30984.80
30984.80
30984.80
30984.80
30984.80
30984.80
30984.80
30873.96
30984.80
30984.80
30873.96
30873.96
30873.96
30984.80
30984.80
30984.80
30873.96
30873.96
30984.80
30873.96
30873.96
30761.62
30873.96
30984.80
30873.96
30873.96
30873.96
30761.62
30873.96
30650.03
30650.03
30873.96
30650.03
30873.96
30873.96
30761.62
30761.62
30761.62
30873.96
30761.62
30873.96
30650.03
30873.96
30761.62
30761.62
30650.03
30650.03
30650.03
30650.03
30650.03
30650.03
30650.03
30650.03
30650.03
30650.03
30650.03
30537.69
30650.03
30650.03
30650.03
30650.03
30537.69
30650.03
30650.03
30650.03
30650.03
30537.69
30650.03
30537.69
30537.69
30537.69
30650.03
30426.85
30537.69
30537.69
30426.85
30537.69
30650.03
30537.69
30650.03
30426.85
30537.69
30426.85
30426.85
30537.69
30537.69
30537.69
30426.85
30314.51
30426.85
30314.51
30426.85
30426.85
30426.85
30426.85
30426.85
30314.51
30314.51
30314.51
30426.85
30314.51
30314.51
30314.51
30426.85
30314.51
30314.51
30314.51
30314.51
30314.51
30202.92
30314.51
30314.51
30202.92
30314.51
30314.51
30314.51
30314.51
30202.92
30202.92
30202.92
30090.58
30202.92
30202.92
30090.58
30090.58
30090.58
30090.58
30090.58
30090.58
30314.51
30314.51
30202.92
30090.58
30202.92
30090.58
30090.58
30090.58
30090.58
30090.58
30090.58
30090.58
30090.58
30090.58
30090.58
30090.58
30090.58
30090.58
30202.92
30090.58
30090.58
29978.99
29978.99
29978.99
29867.40
29867.40
29867.40
30090.58
29978.99
29978.99
29978.99
29978.99
29978.99
29978.99
29978.99
29978.99
29978.99
29978.99
29867.40
29867.40
29867.40
29867.40
29867.40
29867.40
29978.99
29867.40
29867.40
29755.81
29867.40
29867.40
29867.40
29755.81
29867.40
29755.81
29755.81
29867.40
29867.40
29755.81
29867.40
29978.99
29867.40
29755.81
29755.81
29755.81
29643.47
29643.47
29755.81
29755.81
29755.81
29643.47
29643.47
29755.81
29755.81
29755.81
29755.81
29755.81
29755.81
29755.81
29755.81
29643.47
29643.47
29643.47
29755.81
29643.47
29643.47
29643.47
29643.47
29643.47
29643.47
29643.47
29643.47
29643.47
29643.47
29643.47
29643.47
29643.47
29643.47
29419.53
29531.88
29531.88
29531.88
29419.53
29531.88
29531.88
29531.88
29419.53
29531.88
29531.88
29643.47
29419.53
29419.53
29419.53
29531.88
29531.88
29531.88
29419.53
29531.88
29531.88
29419.53
29419.53
29531.88
29419.53
29531.88
29419.53
29531.88
29419.53
29531.88
29419.53
29531.88
29419.53
29419.53
29308.70
29419.53
29419.53
29419.53
29531.88
29419.53
29308.70
29308.70
29308.70
29419.53
29419.53
29419.53
29308.70
29308.70
29419.53
29419.53
29419.53
29419.53
29419.53
29419.53
29419.53
29419.53
29308.70
29308.70
29308.70
29308.70
29308.70
29308.70
29308.70
29308.70
29308.70
29308.70
29197.11
29308.70
29308.70
29308.70
29197.11
29308.70
29197.11
29197.11
29197.11
29197.11
29197.11
29308.70
29197.11
29084.77
29419.53
29197.11
29197.11
29308.70
29196.36
28973.18
29084.77
29084.77
29197.11
29084.77
29084.77
29197.11
29197.11
29084.77
29084.77
29084.77
29084.77
29084.77
29084.77
29084.77
29084.77
29084.77
29084.77
29084.77
29084.77
29084.77
29084.77
29084.77
29084.77
29084.77
29084.77
28973.18
29084.77
28973.18
29084.77
28973.18
28973.18
28973.18
29084.77
29084.77
29084.77
28973.18
28973.18
28973.18
29084.77
28973.18
28973.18
28973.18
28973.18
28973.18
28973.18
28860.83
28973.18
28973.18
28973.18
28973.18
28973.18
28973.18
28860.83
28973.18
28973.18
28860.83
28860.83
28860.83
28750.00
28750.00
28860.83
28860.83
28860.83
28973.18
28860.83
28750.00
28860.83
28750.00
28860.83
28750.00
28860.83
28750.00
28750.00
28860.83
28750.00
28750.00
28750.00
28860.83
28750.00
28750.00
28750.00
28750.00
28750.00
28637.66
28750.00
28750.00
28637.66
28750.00
28750.00
28750.00
28750.00
28637.66
28637.66
28750.00
28637.66
28526.07
28637.66
28637.66
28637.66
28637.66
28637.66
28750.00
28750.00
28750.00
28637.66
28526.07
28637.66
28637.66
28526.07
28526.07
28637.66
28637.66
28526.07
28637.66
28526.07
28637.66
28413.72
28526.07
28526.07
28637.66
28526.07
28526.07
28526.07
28526.07
28637.66
28526.07
28526.07
28413.72
28413.72
28526.07
28526.07
28526.07
28526.07
28526.07
28526.07
28526.07
28526.07
28526.07
28302.14
28413.72
28413.72
28413.72
28413.72
28526.07
28413.72
28526.07
28526.07
28302.14
28302.14
28413.72
28413.72
28413.72
28302.14
28302.14
28302.14
28302.14
28302.14
28302.14
28302.14
28302.14
28302.14
28302.14
28302.14
28413.72
28302.14
28302.14
28302.14
28302.14
28302.14
28302.14
28302.14
28190.55
28302.14
28302.14
28190.55
28190.55
28302.14
28302.14
28078.96
28190.55
28190.55
28302.14
28190.55
28078.96
28190.55
28078.96
28190.55
28078.96
28190.55
28190.55
28078.96
28078.96
28078.96
28190.55
28190.55
28078.96
28078.96
28190.55
28078.96
28190.55
28078.96
28190.55
28078.96
28078.96
28078.96
28190.55
28078.96
28078.96
27966.61
28078.96
28078.96
28078.96
27966.61
28078.96
28078.96
28078.96
28078.96
27966.61
28078.96
28078.96
28078.96
28078.96
27966.61
28078.96
27966.61
28078.96
27966.61
27966.61
27855.03
27855.03
27966.61
27966.61
27855.03
27966.61
27966.61
27966.61
27855.03
27966.61
27855.03
27966.61
27966.61
27966.61
27966.61
27855.03
27966.61
28078.96
27855.03
27855.03
27855.03
27855.03
27855.03
27855.03
27855.03
27855.03
27855.03
27855.03
27855.03
27855.03
27855.03
27742.68
27742.68
27855.03
27855.03
27855.03
27855.03
27855.03
27742.68
27742.68
27855.03
27742.68
27631.85
27855.03
27742.68
27855.03
27855.03
27742.68
27742.68
27742.68
27742.68
27742.68
27631.85
27742.68
27742.68
27855.03
27742.68
27519.50
27631.85
27742.68
27519.50
27742.68
27742.68
27631.85
27519.50
27631.85
27631.85
27631.85
27519.50
27631.85
27631.85
27519.50
27631.85
27631.85
27519.50
27631.85
27519.50
27631.85
27519.50
27631.85
27519.50
27631.85
27519.50
27519.50
27407.92
27407.92
27519.50
27519.50
27407.92
27519.50
27631.85
27519.50
27407.92
27519.50
27519.50
27519.50
27519.50
27407.92
27407.92
27407.92
27407.92
27519.50
27407.92
27407.92
27295.57
27519.50
27407.92
27407.92
27407.92
27407.92
27407.92
27295.57
27407.92
27519.50
27407.92
27519.50
27183.98
27295.57
27407.92
27407.92
27295.57
27407.92
27407.92
27295.57
27295.57
27407.92
27295.57
27407.92
27295.57
27407.92
27295.57
27295.57
27407.92
27295.57
27295.57
27295.57
27183.98
27183.98
27183.98
27407.92
27183.98
27073.15
27073.15
27295.57
27073.15
27295.57
27073.15
27295.57
27073.15
27073.15
27073.15
27073.15
27073.15
27073.15
27183.98
27073.15
27073.15
27183.98
27183.98
27183.98
27073.15
27183.98
27073.15
27073.15
27073.15
26960.81
27073.15
27073.15
27073.15
27073.15
27073.15
27073.15
26960.81
27073.15
26960.81
27073.15
27073.15
27073.15
26849.22
26960.81
27073.15
27073.15
26960.81
26960.81
27073.15
27073.15
26849.22
26960.81
26960.81
26960.81
26960.81
26960.81
26960.81
26960.81
26960.81
26960.81
26849.22
26960.81
26960.81
26960.81
26960.81
26960.81
26849.22
26849.22
26960.81
26960.81
26849.22
26960.81
26849.22
26736.87
26849.22
26960.81
26849.22
26849.22
26960.81
26736.87
26849.22
26849.22
26849.22
26736.87
26736.87
26849.22
26849.22
26849.22
26849.22
26849.22
26736.87
26736.87
26849.22
26849.22
26849.22
26736.87
26736.87
26736.87
26736.87
26849.22
26736.87
26625.28
26625.28
26625.28
26736.87
26736.87
26736.87
26736.87
26736.87
26736.87
26736.87
26736.87
26736.87
26736.87
26736.87
26736.87
26736.87
26625.28
26625.28
26625.28
26513.70
26736.87
26513.70
26513.70
26513.70
26513.70
26625.28
26625.28
26513.70
26513.70
26513.70
26513.70
26513.70
26513.70
26625.28
26513.70
26513.70
26625.28
26625.28
26736.87
26513.70
26513.70
26513.70
26513.70
26513.70
26402.11
26289.76
26513.70
26513.70
26402.11
26402.11
26513.70
26513.70
26513.70
26289.76
26402.11
26402.11
26402.11
26513.70
26289.76
26289.76
26289.76
26289.76
26289.76
26402.11
26402.11
26289.76
26402.11
26402.11
26289.76
26178.17
26289.76
26402.11
26289.76
26289.76
26289.76
26289.76
26289.76
26402.11
26289.76
26178.17
26178.17
26065.83
26289.76
26289.76
26289.76
26178.17
26402.11
26178.17
26289.76
26289.76
26178.17
26178.17
26178.17
26178.17
26289.76
26178.17
26289.76
26178.17
26178.17
26289.76
26178.17
26178.17
26178.17
26178.17
26178.17
26065.83
26178.17
26178.17
26178.17
26178.17
26178.17
26065.83
26178.17
26065.83
26178.17
26178.17
26065.83
26065.83
26065.83
26178.17
26065.83
26065.83
26065.83
26178.17
26065.83
26065.83
26065.83
26065.83
26065.83
26065.83
26065.83
26065.83
26065.83
26065.83
26065.83
26065.83
26065.83
25955.00
26065.83
25955.00
25955.00
25955.00
26065.83
25955.00
26065.83
26065.83
25955.00
26065.83
25955.00
25955.00
25955.00
25842.65
25955.00
25955.00
25955.00
25842.65
25955.00
25842.65
25842.65
25842.65
25955.00
25842.65
25842.65
25842.65
25955.00
25842.65
25842.65
25955.00
25842.65
25842.65
25842.65
25842.65
25842.65
25842.65
25842.65
25842.65
25842.65
25731.06
25842.65
25842.65
25842.65
25842.65
25842.65
25842.65
25955.00
25731.06
25731.06
25842.65
25507.13
25955.00
25731.06
25731.06
25618.72
25618.72
25618.72
25618.72
25731.06
25618.72
25618.72
25618.72
25731.06
25618.72
25618.72
25618.72
25618.72
25618.72
25618.72
25618.72
25618.72
25618.72
25618.72
25618.72
25618.72
25618.72
25618.72
25618.72
25618.72
25618.72
25618.72
25618.72
25618.72
25618.72
25618.72
25618.72
25618.72
25618.72
25618.72
25618.72
25618.72
25618.72
25618.72
25618.72
25507.13
25507.13
25507.13
25395.54
25507.13
25507.13
25618.72
25507.13
25507.13
25618.72
25618.72
25618.72
25618.72
25507.13
25618.72
25507.13
25618.72
25507.13
25618.72
25507.13
25507.13
25618.72
25507.13
25395.54
25618.72
25507.13
25507.13
25507.13
25507.13
25507.13
25507.13
25507.13
25507.13
25395.54
25395.54
25395.54
25507.13
25507.13
25618.72
25395.54
25507.13
25283.95
25395.54
25395.54
25395.54
25395.54
25395.54
25395.54
25395.54
25395.54
25395.54
25283.95
25395.54
25283.95
25395.54
25395.54
25395.54
25507.13
25395.54
25283.95
25283.95
25395.54
25395.54
25283.95
25395.54
25395.54
25507.13
25395.54
25395.54
25395.54
25395.54
25395.54
25395.54
25395.54
25283.95
25171.61
25283.95
25283.95
25171.61
25283.95
25283.95
25283.95
25283.95
25171.61
25171.61
25171.61
25283.95
25171.61
25171.61
25171.61
25283.95
25060.02
25171.61
25171.61
25171.61
25171.61
25060.02
25171.61
25171.61
25171.61
25171.61
25171.61
25171.61
25171.61
25171.61
25171.61
24948.43
25060.02
25171.61
25060.02
25171.61
25171.61
25171.61
25060.02
25171.61
25060.02
24948.43
24948.43
25171.61
25060.02
25060.02
24948.43
25060.02
25060.02
25060.02
25171.61
24948.43
24948.43
25060.02
24948.43
24948.43
24948.43
25060.02
24948.43
25060.02
24948.43
24948.43
24948.43
25060.02
24948.43
24948.43
24948.43
24948.43
24836.84
24948.43
24725.26
24948.43
24948.43
24948.43
24948.43
24836.84
24725.26
24836.84
24948.43
24836.84
24948.43
24948.43
24948.43
24836.84
24836.84
24836.84
24725.26
24836.84
24725.26
24836.84
24725.26
24836.84
24836.84
24725.26
24836.84
24725.26
24725.26
24836.84
24725.26
24836.84
24725.26
24725.26
24725.26
24725.26
24725.26
24836.84
24725.26
24725.26
24725.26
24725.26
24725.26
24725.26
24725.26
24725.26
24725.26
24725.26
24725.26
24725.26
24725.26
24725.26
24725.26
24725.26
24612.91
24725.26
24725.26
24612.91
24612.91
24725.26
24501.32
24725.26
24612.91
24612.91
24501.32
24612.91
24725.26
24612.91
24725.26
24612.91
24501.32
24612.91
24612.91
24612.91
24501.32
24725.26
24501.32
24612.91
24501.32
24501.32
24501.32
24612.91
24612.91
24501.32
24278.15
24501.32
24501.32
24612.91
24612.91
24501.32
24388.98
24501.32
24501.32
24501.32
24501.32
24501.32
24501.32
24501.32
24501.32
24501.32
24501.32
24388.98
24501.32
24501.32
24501.32
24501.32
24388.98
24388.98
24501.32
24501.32
24388.98
24388.98
24388.98
24388.98
24388.98
24501.32
24388.98
24388.98
24278.15
24388.98
24388.98
24388.98
24388.98
24501.32
24388.98
24388.98
24388.98
24388.98
24388.98
24388.98
24388.98
24278.15
24278.15
24388.98
24388.98
24278.15
24278.15
24278.15
24278.15
24388.98
24165.80
24388.98
24278.15
24278.15
24388.98
24278.15
24278.15
24278.15
24278.15
24278.15
24278.15
24278.15
24278.15
24278.15
24278.15
24278.15
24278.15
24278.15
24278.15
24278.15
24165.80
24278.15
24165.80
24165.80
24165.80
24278.15
24054.21
24278.15
24165.80
24165.80
24278.15
24165.80
24054.21
24054.21
24165.80
24278.15
24278.15
24054.21
24054.21
24165.80
24278.15
24165.80
24054.21
24278.15
24054.21
23941.87
24054.21
24054.21
24054.21
24054.21
24054.21
24054.21
24054.21
24165.80
24054.21
24054.21
23941.87
24165.80
24054.21
24054.21
24054.21
23941.87
24054.21
23941.87
24054.21
24054.21
24054.21
24054.21
24054.21
23941.87
23941.87
23941.87
23941.87
23941.87
24054.21
23941.87
23941.87
23941.87
23831.04
23941.87
23941.87
23941.87
23941.87
23941.87
23941.87
23941.87
23941.87
23831.04
23831.04
23941.87
23831.04
23941.87
23831.04
23941.87
23941.87
23941.87
23831.04
23831.04
23941.87
23718.69
23831.04
23941.87
23941.87
23941.87
23831.04
23718.69
23941.87
23831.04
23831.04
23831.04
23831.04
23831.04
23831.04
23831.04
23831.04
23941.87
23831.04
23831.04
23831.04
23718.69
23718.69
23831.04
23718.69
23831.04
23718.69
23831.04
23831.04
23831.04
23718.69
23718.69
23831.04
23718.69
23831.04
23831.04
23718.69
23718.69
23831.04
23831.04
23607.10
23718.69
23718.69
23718.69
23494.76
23607.10
23718.69
23718.69
23494.76
23494.76
23494.76
23718.69
23607.10
23607.10
23494.76
23607.10
23494.76
23607.10
23718.69
23494.76
23494.76
23494.76
23607.10
23494.76
23494.76
23494.76
23383.17
23494.76
23494.76
23494.76
23494.76
23494.76
23494.76
23494.76
23494.76
23494.76
23494.76
23383.17
23494.76
23494.76
23383.17
23494.76
23494.76
23271.58
23383.17
23494.76
23383.17
23383.17
23383.17
23383.17
23383.17
23494.76
23383.17
23494.76
23383.17
23494.76
23271.58
23494.76
23383.17
23383.17
23494.76
23383.17
23383.17
23383.17
23383.17
23494.76
23271.58
23383.17
23383.17
23383.17
23271.58
23383.17
23271.58
23271.58
23159.99
23271.58
23271.58
23383.17
23271.58
23271.58
23159.99
23271.58
23383.17
23383.17
23159.99
23271.58
23271.58
23271.58
23159.99
23383.17
23159.99
23271.58
23271.58
23271.58
23159.99
23383.17
23159.99
23271.58
23159.99
23159.99
23159.99
23159.99
23159.99
23271.58
23159.99
23159.99
23159.99
23159.99
23159.99
23159.99
23271.58
23159.99
23047.65
23159.99
23159.99
23159.99
23159.99
23159.99
23159.99
23159.99
23047.65
23159.99
22936.06
23047.65
23047.65
23047.65
23159.99
22936.06
22936.06
23047.65
23047.65
23159.99
23047.65
23047.65
23047.65
23047.65
23047.65
22936.06
22936.06
23047.65
22936.06
23047.65
23047.65
22936.06
22936.06
23047.65
23047.65
22936.06
22936.06
22824.47
22936.06
22936.06
22936.06
22936.06
22936.06
22936.06
22936.06
22936.06
22712.88
22936.06
22936.06
22936.06
22824.47
22936.06
22936.06
22936.06
22824.47
22936.06
22824.47
22824.47
22824.47
22824.47
22824.47
22824.47
22824.47
22936.06
22936.06
22936.06
22712.88
22824.47
22824.47
22712.88
22712.88
22712.88
22824.47
22824.47
22824.47
22712.88
22712.88
22712.88
22601.29
22824.47
22712.88
22712.88
22601.29
22712.88
22601.29
22712.88
22712.88
22712.88
22936.06
22824.47
22712.88
22712.88
22712.88
22712.88
22712.88
22712.88
22601.29
22712.88
22601.29
22601.29
22712.88
22601.29
22488.95
22712.88
22712.88
22824.47
22601.29
22712.88
22601.29
22601.29
22601.29
22601.29
22712.88
22601.29
22601.29
22601.29
22601.29
22601.29
22488.95
22601.29
22601.29
22601.29
22601.29
22601.29
22488.95
22488.95
22488.95
22488.95
22488.95
22488.95
22601.29
22488.95
22601.29
22488.95
22488.95
22488.95
22488.95
22601.29
22488.95
22488.95
22488.95
22601.29
22377.36
22377.36
22488.95
22488.95
22377.36
22488.95
22488.95
22488.95
22488.95
22488.95
22377.36
22377.36
22265.02
22377.36
22377.36
22488.95
22488.95
22377.36
22377.36
22488.95
22265.02
22377.36
22377.36
22377.36
22377.36
22377.36
22377.36
22488.95
22377.36
22377.36
22377.36
22377.36
22377.36
22377.36
22265.02
22377.36
22377.36
22488.95
22377.36
22377.36
22265.02
22265.02
22265.02
22377.36
22377.36
22265.02
22154.18
22265.02
22265.02
22265.02
22265.02
22265.02
22265.02
22265.02
22265.02
22265.02
22265.02
22265.02
22265.02
22265.02
22265.02
22154.18
22041.84
22265.02
22041.84
22265.02
22154.18
22154.18
22265.02
22265.02
22265.02
22265.02
22154.18
22154.18
22154.18
22154.18
22041.84
22154.18
22041.84
22154.18
22265.02
22154.18
22154.18
22041.84
22041.84
22154.18
22041.84
22154.18
22154.18
22041.84
22041.84
22154.18
22154.18
22265.02
22154.18
22154.18
22154.18
22154.18
22154.18
22041.84
22041.84
22154.18
22154.18
21930.25
22041.84
22041.84
22041.84
22041.84
22154.18
21930.25
22041.84
22041.84
21930.25
22265.02
22154.18
22041.84
22041.84
21930.25
22041.84
22041.84
21930.25
21930.25
21930.25
21930.25
21930.25
22041.84
21930.25
22041.84
22041.84
21930.25
21930.25
22041.84
21930.25
21930.25
21930.25
21930.25
21930.25
21930.25
21930.25
21930.25
21930.25
21930.25
21930.25
21930.25
21817.91
21930.25
21817.91
21930.25
21817.91
21930.25
21817.91
21930.25
21817.91
21930.25
21817.91
21930.25
21817.91
21930.25
21817.91
21930.25
21817.91
21930.25
21817.91
21930.25
21706.32
21930.25
21817.91
21930.25
21817.91
21817.91
21817.91
21817.91
21817.91
21817.91
21817.91
21930.25
21817.91
21817.91
21706.32
21817.91
21706.32
21817.91
21817.91
21817.91
21817.91
21930.25
21817.91
21930.25
21706.32
21817.91
21817.91
21817.91
21817.91
21817.91
21817.91
21817.91
21706.32
21706.32
21706.32
21706.32
21706.32
21706.32
21706.32
21706.32
21706.32
21706.32
21594.73
21706.32
21706.32
21706.32
21706.32
21706.32
21594.73
21594.73
21594.73
21706.32
21706.32
21706.32
21594.73
21706.32
21817.91
21706.32
21594.73
21594.73
21483.14
21594.73
21483.14
21594.73
21594.73
21594.73
21483.14
21483.14
21594.73
21706.32
21706.32
21594.73
21594.73
21594.73
21594.73
21483.14
21483.14
21594.73
21483.14
21594.73
21370.80
21483.14
21594.73
21483.14
21483.14
21594.73
21483.14
21483.14
21594.73
21370.80
21370.80
21483.14
21483.14
21594.73
21370.80
21370.80
21483.14
21370.80
21483.14
21370.80
21594.73
21483.14
21483.14
21370.80
21370.80
21370.80
21483.14
21483.14
21370.80
21370.80
21483.14
21483.14
21370.80
21370.80
21370.80
21483.14
21370.80
21370.80
21259.21
21370.80
21370.80
21259.21
21370.80
21370.80
21259.21
21370.80
21370.80
21370.80
21370.80
21370.80
21370.80
21259.21
21370.80
21259.21
21259.21
21370.80
21259.21
21259.21
21259.21
21370.80
21370.80
21259.21
21370.80
21259.21
21146.87
21259.21
21259.21
21146.87
21259.21
21259.21
21259.21
21370.80
21259.21
21146.87
21259.21
21146.87
21259.21
21146.87
21146.87
21370.80
21259.21
21259.21
21146.87
21146.87
21259.21
21146.87
21146.87
21146.87
21146.87
21146.87
21146.87
21146.87
21146.87
21259.21
21146.87
21146.87
21146.87
21146.87
21146.87
21146.87
21036.03
21036.03
21146.87
21146.87
21146.87
21036.03
21036.03
21146.87
21146.87
21036.03
21146.87
21146.87
21036.03
21146.87
21036.03
21146.87
21036.03
21036.03
21036.03
21146.87
20924.44
21036.03
21146.87
21146.87
21036.03
21146.87
21036.03
21036.03
20924.44
20924.44
21036.03
21036.03
21036.03
21036.03
20924.44
21036.03
20924.44
21036.03
20812.10
20924.44
20924.44
21036.03
20924.44
20924.44
20924.44
21036.03
20924.44
20924.44
20924.44
21146.87
20924.44
20924.44
20812.10
20924.44
21036.03
20812.10
20924.44
20924.44
20924.44
20924.44
20812.10
20812.10
20924.44
20924.44
20812.10
20924.44
20924.44
20924.44
20812.10
20812.10
20812.10
20924.44
20700.51
20812.10
20700.51
20812.10
20924.44
20812.10
20812.10
20812.10
20700.51
20812.10
20700.51
20812.10
20812.10
20812.10
20812.10
20700.51
20812.10
20812.10
20812.10
20700.51
20700.51
20812.10
20812.10
20812.10
20700.51
20700.51
20812.10
20700.51
20700.51
20700.51
20812.10
20700.51
20700.51
20812.10
20812.10
20812.10
20700.51
20700.51
20700.51
20700.51
20812.10
20700.51
20700.51
20700.51
20700.51
20700.51
20588.17
20700.51
20812.10
20700.51
20477.33
20588.17
20588.17
20812.10
20700.51
20700.51
20588.17
20700.51
20477.33
20588.17
20700.51
20588.17
20477.33
20700.51
20588.17
20700.51
20700.51
20588.17
20588.17
20588.17
20700.51
20700.51
20588.17
20588.17
20477.33
20477.33
20477.33
20588.17
20588.17
20477.33
20477.33
20588.17
20477.33
20477.33
20477.33
20700.51
20588.17
20477.33
20477.33
20477.33
20588.17
20588.17
20477.33
20477.33
20477.33
20477.33
20477.33
20588.17
20477.33
20477.33
20477.33
20477.33
20477.33
20477.33
20477.33
20364.99
20364.99
20477.33
20477.33
20477.33
20477.33
20477.33
20477.33
20477.33
20364.99
20477.33
20477.33
20477.33
20477.33
20364.99
20364.99
20364.99
20364.99
20364.99
20364.99
20364.99
20364.99
20477.33
20364.99
20364.99
20364.99
20364.99
20477.33
20364.99
20364.99
20364.99
20253.40
20364.99
20364.99
20364.99
20253.40
20364.99
20364.99
20364.99
20364.99
20364.99
20253.40
20364.99
20253.40
20364.99
20253.40
20253.40
20364.99
20253.40
20253.40
20364.99
20253.40
20364.99
20253.40
20253.40
20141.06
20253.40
20253.40
20253.40
20253.40
20141.06
20141.06
20253.40
20141.06
20253.40
20141.06
20141.06
20253.40
20364.99
20253.40
20253.40
20141.06
20253.40
20253.40
20029.47
20141.06
20141.06
20141.06
20029.47
19917.88
20141.06
20141.06
20253.40
20029.47
20253.40
20029.47
20253.40
19917.88
20253.40
19917.88
20029.47
20141.06
20029.47
20141.06
20029.47
20029.47
19917.88
20029.47
20141.06
20029.47
20253.40
19917.88
20141.06
20029.47
20029.47
19917.88
20029.47
19917.88
20029.47
20029.47
20029.47
19917.88
19917.88
19917.88
19917.88
20029.47
20141.06
19917.88
19917.88
19917.88
20029.47
19917.88
20029.47
19917.88
20029.47
19917.88
19917.88
19917.88
19917.88
19917.88
19917.88
19917.88
19917.88
19806.29
19917.88
19917.88
20029.47
19917.88
20029.47
19917.88
19917.88
19917.88
19917.88
19917.88
19917.88
19917.88
19917.88
19917.88
19917.88
19917.88
19806.29
19917.88
19917.88
19917.88
19917.88
19806.29
19917.88
19806.29
19806.29
19806.29
19806.29
19806.29
19806.29
19806.29
19806.29
19806.29
19806.29
19806.29
19806.29
19806.29
19693.95
19806.29
19693.95
19806.29
19806.29
19693.95
19806.29
19693.95
19806.29
19806.29
19693.95
19693.95
19806.29
19693.95
19806.29
19582.36
19693.95
19693.95
19693.95
19582.36
19693.95
19693.95
19806.29
19806.29
19693.95
19693.95
19806.29
19582.36
19582.36
19582.36
19806.29
19693.95
19693.95
19582.36
19582.36
19582.36
19806.29
19582.36
19693.95
19582.36
19582.36
19582.36
19582.36
19582.36
19582.36
19693.95
19582.36
19582.36
19693.95
19582.36
19582.36
19582.36
19582.36
19582.36
19693.95
19693.95
19582.36
19582.36
19582.36
19582.36
19582.36
19582.36
19582.36
19582.36
19582.36
19582.36
19470.02
19359.18
19582.36
19470.02
19470.02
19359.18
19582.36
19359.18
19359.18
19470.02
19582.36
19359.18
19470.02
19359.18
19470.02
19359.18
19470.02
19359.18
19470.02
19359.18
19470.02
19470.02
19359.18
19470.02
19470.02
19359.18
19582.36
19246.84
19359.18
19135.25
19246.84
19359.18
19359.18
19359.18
19359.18
19470.02
19470.02
19470.02
19359.18
19470.02
19359.18
19359.18
19359.18
19359.18
19470.02
19359.18
19246.84
19246.84
19359.18
19246.84
19359.18
19359.18
19359.18
19135.25
19359.18
19135.25
19359.18
19246.84
19359.18
19246.84
19135.25
19246.84
19135.25
19246.84
19135.25
19135.25
19135.25
19246.84
19246.84
19135.25
19135.25
19135.25
19135.25
19135.25
19246.84
19246.84
19359.18
19135.25
19135.25
19135.25
19135.25
19135.25
19246.84
19135.25
19246.84
19022.91
19135.25
19135.25
19135.25
19135.25
19135.25
19135.25
19135.25
19022.91
19135.25
19022.91
19022.91
19135.25
19135.25
19022.91
19135.25
19022.91
19135.25
19135.25
19135.25
19135.25
19022.91
19022.91
19135.25
19022.91
19135.25
19022.91
19022.91
19022.91
19135.25
19022.91
19135.25
19022.91
19022.91
19135.25
19022.91
19022.91
19022.91
18911.32
19022.91
19022.91
19022.91
19022.91
19022.91
18911.32
18911.32
18911.32
19022.91
18911.32
18911.32
19022.91
18911.32
18911.32
19022.91
18911.32
18911.32
18911.32
19022.91
18911.32
19022.91
19022.91
18911.32
18911.32
18911.32
18911.32
19022.91
18911.32
18911.32
18911.32
19022.91
19022.91
18911.32
18911.32
18911.32
18911.32
18911.32
18911.32
18911.32
18911.32
18911.32
18688.14
18911.32
18911.32
18911.32
18911.32
18911.32
18911.32
18911.32
18911.32
18911.32
18911.32
18911.32
18688.14
18800.48
18800.48
18911.32
18688.14
18800.48
18911.32
18800.48
18800.48
18800.48
18800.48
18800.48
18800.48
18911.32
18911.32
18800.48
18800.48
18911.32
18800.48
18688.14
18688.14
18800.48
18800.48
18800.48
18688.14
18688.14
18576.55
18688.14
18688.14
18800.48
18688.14
18688.14
18688.14
18800.48
18688.14
18800.48
18688.14
18800.48
18688.14
18688.14
18688.14
18688.14
18688.14
18800.48
18576.55
18688.14
18688.14
18688.14
18688.14
18688.14
18688.14
18688.14
18688.14
18688.14
18688.14
18688.14
18576.55
18688.14
18576.55
18688.14
18688.14
18688.14
18688.14
18576.55
18576.55
18576.55
18576.55
18688.14
18576.55
18688.14
18576.55
18576.55
18576.55
18576.55
18576.55
18576.55
18464.21
18576.55
18576.55
18576.55
18464.21
18464.21
18576.55
18576.55
18464.21
18576.55
18464.21
18464.21
18576.55
18464.21
18464.21
18576.55
18464.21
18576.55
18464.21
18464.21
18464.21
18576.55
18464.21
18464.21
18464.21
18464.21
18464.21
18464.21
18464.21
18464.21
18464.21
18464.21
18464.21
18464.21
18464.21
18464.21
18464.21
18464.21
18464.21
18464.21
18464.21
18464.21
18464.21
18464.21
18464.21
18464.21
18464.21
18464.21
18464.21
18464.21
18241.03
18352.62
18352.62
18352.62
18352.62
18352.62
18241.03
18352.62
18241.03
18464.21
18241.03
18464.21
18241.03
18352.62
18352.62
18352.62
18352.62
18352.62
18352.62
18352.62
18352.62
18352.62
18352.62
18352.62
18352.62
18352.62
18352.62
18352.62
18352.62
18352.62
18241.03
18352.62
18241.03
18352.62
18241.03
18352.62
18241.03
18352.62
18241.03
18352.62
18241.03
18352.62
18352.62
18464.21
18241.03
18241.03
18352.62
18464.21
18352.62
18241.03
18241.03
18352.62
18241.03
18241.03
18017.10
18352.62
18241.03
18241.03
18129.44
18241.03
18241.03
18241.03
18241.03
18241.03
18241.03
18352.62
18129.44
18129.44
18017.10
18241.03
18241.03
18241.03
18241.03
18241.03
18129.44
18241.03
18241.03
18241.03
18241.03
18352.62
18241.03
18241.03
18129.44
18241.03
18241.03
18241.03
18241.03
18241.03
18241.03
18129.44
18129.44
18129.44
18017.10
18129.44
18241.03
18241.03
18129.44
18129.44
18129.44
18241.03
18129.44
18241.03
18129.44
18129.44
18129.44
18129.44
18129.44
18129.44
18129.44
18017.10
18017.10
18129.44
18017.10
18017.10
18017.10
18129.44
18017.10
18017.10
18129.44
18017.10
18017.10
18017.10
18017.10
18017.10
18017.10
18129.44
18017.10
18017.10
17905.51
18017.10
17905.51
18017.10
17905.51
18017.10
18017.10
18017.10
18017.10
18017.10
18017.10
17905.51
18017.10
18017.10
18017.10
18017.10
17905.51
18017.10
17793.92
18017.10
17905.51
18017.10
17793.92
18129.44
18017.10
18017.10
17905.51
18017.10
17793.92
17905.51
18017.10
17905.51
17905.51
18017.10
17905.51
17793.92
17905.51
18017.10
17905.51
17905.51
18017.10
18017.10
17793.92
17905.51
17793.92
17793.92
17793.92
17905.51
18017.10
17793.92
17905.51
17793.92
17793.92
17905.51
17905.51
17793.92
17682.33
17905.51
17793.92
17905.51
17793.92
17793.92
17793.92
17793.92
17793.92
17793.92
17793.92
17793.92
17905.51
17793.92
17793.92
17793.92
17793.92
18017.10
17793.92
17793.92
17905.51
17793.92
17793.92
17793.92
17682.33
17793.92
17682.33
17793.92
17793.92
17793.92
17793.92
17682.33
17682.33
17793.92
17682.33
17793.92
17569.99
17569.99
17682.33
17682.33
17793.92
17793.92
17569.99
17682.33
17793.92
17793.92
17793.92
17682.33
17682.33
17793.92
17682.33
17682.33
17569.99
17682.33
17682.33
17682.33
17682.33
17569.99
17682.33
17682.33
17569.99
17569.99
17682.33
17793.92
17569.99
17569.99
17682.33
17569.99
17569.99
17682.33
17569.99
17569.99
17569.99
17569.99
17569.99
17682.33
17682.33
17793.92
17569.99
17682.33
17569.99
17569.99
17682.33
17569.99
17569.99
17458.40
17569.99
17346.06
17458.40
17569.99
17569.99
17569.99
17569.99
17569.99
17458.40
17569.99
17458.40
17569.99
17458.40
17458.40
17569.99
17569.99
17569.99
17569.99
17458.40
17569.99
17569.99
17569.99
17569.99
17569.99
17458.40
17569.99
17346.06
17458.40
17569.99
17458.40
17346.06
17346.06
17458.40
17569.99
17458.40
17458.40
17458.40
17569.99
17458.40
17569.99
17346.06
17346.06
17346.06
17569.99
17346.06
17569.99
17346.06
17458.40
17346.06
17346.06
17346.06
17458.40
17346.06
17346.06
17346.06
17458.40
17346.06
17458.40
17235.22
17458.40
17346.06
17458.40
17346.06
17346.06
17346.06
17346.06
17346.06
17346.06
17346.06
17346.06
17346.06
17346.06
17346.06
17346.06
17346.06
17346.06
17458.40
17458.40
17346.06
17235.22
17346.06
17235.22
17346.06
17235.22
17346.06
17458.40
17235.22
17235.22
17122.88
17346.06
17235.22
17346.06
17235.22
17346.06
17346.06
17346.06
17235.22
17346.06
17346.06
17235.22
17235.22
17235.22
17122.88
17235.22
17235.22
17235.22
17235.22
17235.22
17235.22
17235.22
17235.22
17346.06
17122.88
17235.22
17122.88
17235.22
17235.22
17235.22
17235.22
17122.88
17235.22
17346.06
17122.88
17235.22
17122.88
17122.88
17122.88
17122.88
17122.88
17235.22
17122.88
17122.88
17122.88
17122.88
17122.88
17122.88
17122.88
17122.88
17122.88
17346.06
17011.29
17122.88
17235.22
17122.88
17122.88
17122.88
17122.88
17122.88
17122.88
17122.88
17011.29
17122.88
17011.29
17011.29
16898.95
17011.29
17011.29
16898.95
17011.29
17122.88
17122.88
17122.88
17011.29
17011.29
17122.88
17122.88
17011.29
17011.29
17011.29
17122.88
16898.95
17011.29
16898.95
17011.29
16898.95
17011.29
16898.95
17011.29
16898.95
16898.95
17011.29
17011.29
16898.95
17011.29
17011.29
17122.88
16898.95
16898.95
17011.29
17011.29
16898.95
17011.29
16898.95
17011.29
16898.95
16898.95
16898.95
16898.95
16898.95
17011.29
16898.95
16898.95
16898.95
16898.95
16898.95
16898.95
16898.95
16898.95
16898.95
16898.95
16898.95
16898.95
16898.95
16787.36
16787.36
16898.95
16787.36
16787.36
16898.95
16898.95
16898.95
16898.95
16898.95
16898.95
16787.36
16787.36
16898.95
16787.36
16787.36
16898.95
16787.36
16787.36
16898.95
16787.36
16787.36
16898.95
16787.36
16787.36
16787.36
16787.36
16787.36
16787.36
16676.52
16787.36
16787.36
16676.52
16787.36
16898.95
16787.36
16787.36
16787.36
16787.36
16676.52
16676.52
16787.36
16787.36
16787.36
16787.36
16787.36
16787.36
16787.36
16787.36
16676.52
16676.52
16676.52
16676.52
16676.52
16676.52
16787.36
16787.36
16787.36
16676.52
16676.52
16787.36
16676.52
16676.52
16564.18
16676.52
16676.52
16676.52
16676.52
16676.52
16676.52
16787.36
16676.52
16898.95
16676.52
16676.52
16676.52
16676.52
16676.52
16676.52
16564.18
16676.52
16676.52
16676.52
16676.52
16676.52
16564.18
16564.18
16676.52
16564.18
16564.18
16676.52
16564.18
16676.52
16676.52
16564.18
16676.52
16676.52
16676.52
16676.52
16564.18
16564.18
16564.18
16564.18
16452.59
16564.18
16452.59
16676.52
16452.59
16564.18
16452.59
16564.18
16452.59
16564.18
16452.59
16564.18
16452.59
16564.18
16452.59
16564.18
16340.25
16676.52
16452.59
16564.18
16452.59
16564.18
16340.25
16452.59
16340.25
16564.18
16340.25
16452.59
16340.25
16564.18
16564.18
16452.59
16452.59
16452.59
16452.59
16452.59
16452.59
16676.52
16340.25
16340.25
16228.66
16452.59
16340.25
16340.25
16340.25
16340.25
16340.25
16452.59
16340.25
16452.59
16452.59
16452.59
16340.25
16452.59
16340.25
16452.59
16340.25
16340.25
16340.25
16340.25
16340.25
16340.25
16340.25
16452.59
16340.25
16340.25
16340.25
16340.25
16340.25
16340.25
16340.25
16340.25
16340.25
16452.59
16340.25
16228.66
16117.07
16228.66
16340.25
16340.25
16228.66
16228.66
16340.25
16340.25
16340.25
16340.25
16228.66
16340.25
16228.66
16340.25
16340.25
16228.66
16228.66
16228.66
16228.66
16228.66
16228.66
16228.66
16228.66
16340.25
16340.25
16228.66
16117.07
16228.66
16117.07
16228.66
16228.66
16117.07
16228.66
16228.66
16228.66
16228.66
16228.66
16228.66
16228.66
16228.66
16117.07
16228.66
16117.07
16117.07
16117.07
16005.48
16117.07
16228.66
16117.07
16228.66
16005.48
16228.66
16228.66
16117.07
16117.07
16117.07
16117.07
16228.66
16117.07
16228.66
16005.48
16117.07
16005.48
16228.66
16117.07
16228.66
16117.07
16117.07
16005.48
16005.48
16005.48
16117.07
16005.48
16005.48
16005.48
16117.07
16005.48
16005.48
16117.07
16117.07
16117.07
16005.48
16117.07
16117.07
16005.48
16005.48
15893.14
16005.48
16005.48
16005.48
16005.48
16005.48
16005.48
16117.07
15893.14
16005.48
16005.48
16005.48
15893.14
16005.48
16117.07
15781.55
16005.48
16005.48
16005.48
16005.48
15893.14
16005.48
16005.48
15893.14
15893.14
16005.48
15781.55
15893.14
15893.14
16005.48
16005.48
15893.14
16005.48
16005.48
15781.55
16005.48
16005.48
15781.55
15893.14
15893.14
15781.55
15781.55
15893.14
15893.14
16005.48
16005.48
16005.48
16005.48
15781.55
16005.48
15781.55
15893.14
15781.55
15893.14
15893.14
15893.14
15781.55
15781.55
15781.55
15781.55
15893.14
15893.14
15781.55
15893.14
15781.55
16005.48
15781.55
15781.55
15781.55
15781.55
15781.55
15893.14
15781.55
15781.55
15781.55
15781.55
15781.55
15781.55
15669.21
15781.55
15781.55
15669.21
15669.21
15669.21
15669.21
15781.55
15669.21
15781.55
15558.37
15781.55
15781.55
15781.55
15669.21
15669.21
15669.21
15669.21
15669.21
15781.55
15558.37
15781.55
15669.21
15669.21
15558.37
15669.21
15669.21
15781.55
15558.37
15558.37
15669.21
15781.55
15669.21
15669.21
15669.21
15558.37
15558.37
15558.37
15669.21
15669.21
15781.55
15669.21
15558.37
15669.21
15558.37
15558.37
15558.37
15669.21
15558.37
15558.37
15446.03
15669.21
15558.37
15558.37
15446.03
15558.37
15558.37
15558.37
15558.37
15558.37
15558.37
15558.37
15558.37
15558.37
15558.37
15558.37
15558.37
15558.37
15558.37
15558.37
15558.37
15558.37
15558.37
15558.37
15558.37
15558.37
15446.03
15558.37
15446.03
15558.37
15558.37
15558.37
15558.37
15446.03
15558.37
15446.03
15334.44
15334.44
15334.44
15558.37
15558.37
15558.37
15558.37
15558.37
15558.37
15558.37
15446.03
15558.37
15446.03
15446.03
15558.37
15446.03
15446.03
15558.37
15334.44
15446.03
15446.03
15446.03
15334.44
15446.03
15334.44
15446.03
15334.44
15446.03
15334.44
15446.03
15334.44
15334.44
15334.44
15446.03
15446.03
15334.44
15334.44
15334.44
15334.44
15334.44
15334.44
15446.03
15334.44
15334.44
15334.44
15446.03
15334.44
15334.44
15334.44
15334.44
15334.44
15334.44
15334.44
15334.44
15222.10
15334.44
15222.10
15334.44
15334.44
15334.44
15222.10
15334.44
15222.10
15334.44
15222.10
15334.44
15334.44
15446.03
15334.44
15334.44
15334.44
15334.44
15334.44
15334.44
15334.44
15334.44
15222.10
15334.44
15110.51
15222.10
15334.44
15334.44
15334.44
15222.10
15110.51
15222.10
15222.10
15222.10
15222.10
15334.44
15222.10
15334.44
15110.51
15222.10
15334.44
15334.44
15334.44
15222.10
15222.10
15222.10
15222.10
15222.10
15222.10
15222.10
15222.10
15222.10
15222.10
15334.44
15110.51
15110.51
15222.10
15222.10
15222.10
15222.10
15110.51
15110.51
15110.51
15222.10
15222.10
15222.10
14998.92
15222.10
15110.51
15110.51
15110.51
15110.51
15222.10
15222.10
15110.51
15110.51
15110.51
15222.10
14998.92
15222.10
14998.92
15110.51
15110.51
15110.51
15110.51
15110.51
15110.51
15110.51
14998.92
15110.51
15110.51
15110.51
14998.92
14998.92
14998.92
14998.92
15110.51
15110.51
14998.92
15110.51
14998.92
14998.92
14998.92
14998.92
15110.51
15110.51
14998.92
14998.92
14998.92
14998.92
14998.92
14998.92
14998.92
15110.51
14998.92
14998.92
14887.33
14998.92
14998.92
14998.92
14887.33
14998.92
14887.33
14887.33
14998.92
15110.51
14998.92
14998.92
14998.92
14887.33
14887.33
14887.33
14887.33
14887.33
14887.33
14887.33
14887.33
14998.92
14887.33
14998.92
14887.33
14887.33
14887.33
14998.92
14887.33
14887.33
14887.33
14887.33
14887.33
14887.33
14887.33
14998.92
14887.33
14887.33
14887.33
14887.33
14887.33
14887.33
14887.33
14887.33
14887.33
14887.33
14887.33
14887.33
14887.33
14887.33
14887.33
14887.33
14887.33
14887.33
14887.33
14887.33
14887.33
14887.33
14887.33
14887.33
14887.33
14887.33
14887.33
14887.33
14887.33
14887.33
14887.33
14887.33
14887.33
14887.33
14887.33
14887.33
14663.40
14775.74
14775.74
14887.33
14663.40
14775.74
14775.74
14998.92
14663.40
14774.99
14663.40
14774.99
14663.40
14998.92
14663.40
14887.33
14663.40
14774.99
14663.40
14887.33
14663.40
14887.33
14663.40
14887.33
14663.40
14887.33
14663.40
14887.33
14663.40
14887.33
14551.81
14887.33
14663.40
14663.40
14775.74
14887.33
14887.33
14663.40
14774.99
14663.40
14774.99
14663.40
14774.99
14663.40
14774.99
14663.40
14774.99
14663.40
14887.33
14663.40
14663.40
14775.74
14775.74
14774.99
14663.40
14774.99
14663.40
14663.40
14663.40
14775.74
14775.74
14774.99
14663.40
14775.74
14775.74
14774.99
14551.81
14663.40
14663.40
14774.99
14663.40
14663.40
14551.81
14774.99
14663.40
14663.40
14663.40
14774.99
14663.40
14663.40
14663.40
14663.40
14663.40
14663.40
14663.40
14663.40
14663.40
14663.40
14663.40
14663.40
14663.40
14663.40
14663.40
14551.81
14551.81
14663.40
14551.81
14663.40
14551.81
14663.40
14663.40
14663.40
14663.40
14663.40
14551.81
14551.81
14551.81
14663.40
14440.22
14663.40
14551.81
14663.40
14663.40
14663.40
14663.40
14551.81
14551.81
14663.40
14663.40
14663.40
14440.22
14551.81
14440.22
14440.22
14551.81
14551.81
14440.22
14551.81
14440.22
14551.81
14551.81
14551.81
14440.22
14551.81
14440.22
14440.22
14328.63
14440.22
14440.22
14440.22
14440.22
14551.81
14440.22
14440.22
14440.22
14551.81
14440.22
14440.22
14440.22
14440.22
14440.22
14440.22
14440.22
14440.22
14440.22
14440.22
14440.22
14551.81
14440.22
14328.63
14440.22
14440.22
14440.22
14440.22
14440.22
14440.22
14440.22
14440.22
14440.22
14551.81
14440.22
14440.22
14440.22
14440.22
14440.22
14328.63
14328.63
14440.22
14440.22
14440.22
14440.22
14440.22
14328.63
14440.22
14440.22
14328.63
14440.22
14440.22
14328.63
14440.22
14440.22
14440.22
14328.63
14328.63
14216.29
14440.22
14216.29
14440.22
14328.63
14328.63
14328.63
14328.63
14216.29
14328.63
14216.29
14440.22
14328.63
14440.22
14328.63
14216.29
14216.29
14216.29
14328.63
14216.29
14216.29
14216.29
14216.29
14216.29
14328.63
14216.29
14328.63
14216.29
14216.29
14216.29
14216.29
14216.29
14216.29
14328.63
14216.29
14216.29
14216.29
14216.29
14216.29
14216.29
14216.29
14216.29
14104.70
14216.29
14216.29
14216.29
14216.29
14328.63
14216.29
14216.29
14216.29
14328.63
14104.70
14104.70
14216.29
14216.29
14216.29
14104.70
14104.70
14104.70
14104.70
14216.29
14104.70
14216.29
14216.29
14216.29
14104.70
14104.70
14216.29
14216.29
14104.70
14104.70
14104.70
14216.29
14216.29
14216.29
14104.70
14104.70
14104.70
13992.35
14104.70
14216.29
14104.70
13992.35
13992.35
14104.70
13992.35
14216.29
13992.35
13992.35
13992.35
14104.70
13992.35
14104.70
13992.35
14104.70
13992.35
13992.35
13992.35
13992.35
13992.35
14104.70
13992.35
14104.70
13992.35
14216.29
13992.35
13992.35
13992.35
14104.70
13992.35
13992.35
13992.35
13992.35
13992.35
13992.35
13992.35
13992.35
13992.35
13992.35
13992.35
14104.70
13992.35
13992.35
13992.35
13992.35
13992.35
13992.35
13992.35
13992.35
13992.35
13992.35
13881.52
13992.35
13992.35
13992.35
13992.35
13992.35
13992.35
13992.35
13881.52
13992.35
13881.52
13992.35
13881.52
13992.35
13881.52
13881.52
13881.52
13881.52
13992.35
13992.35
13881.52
13992.35
13992.35
13992.35
13992.35
13992.35
13992.35
13992.35
13992.35
13992.35
13881.52
13881.52
13992.35
13992.35
13992.35
13992.35
13881.52
13881.52
13881.52
13881.52
13881.52
13992.35
13992.35
13881.52
13881.52
13992.35
13769.18
13881.52
13881.52
13881.52
13881.52
13881.52
13881.52
13769.18
13769.18
13881.52
13881.52
13992.35
13657.59
13769.18
13881.52
13881.52
13992.35
13881.52
13769.18
13881.52
13769.18
13881.52
13769.18
13769.18
13769.18
13881.52
13769.18
13769.18
13769.18
13881.52
13769.18
13769.18
13769.18
13769.18
13657.59
13881.52
13769.18
13769.18
13769.18
13881.52
13769.18
13992.35
13769.18
13881.52
13769.18
13769.18
13657.59
13881.52
13769.18
13769.18
13769.18
13769.18
13769.18
13769.18
13769.18
13769.18
13769.18
13769.18
13657.59
13769.18
13657.59
13769.18
13657.59
13769.18
13657.59
13769.18
13657.59
13769.18
13657.59
13769.18
13769.18
13769.18
13657.59
13769.18
13657.59
13769.18
13769.18
13769.18
13769.18
13769.18
13769.18
13657.59
13769.18
13769.18
13657.59
13769.18
13657.59
13657.59
13657.59
13545.24
13545.24
13657.59
13657.59
13769.18
13545.24
13657.59
13657.59
13769.18
13657.59
13657.59
13657.59
13545.24
13657.59
13657.59
13657.59
13545.24
13545.24
13657.59
13545.24
13545.24
13545.24
13545.24
13545.24
13657.59
13545.24
13545.24
13545.24
13545.24
13545.24
13545.24
13545.24
13545.24
13433.66
13545.24
13657.59
13545.24
13545.24
13545.24
13433.66
13545.24
13433.66
13545.24
13545.24
13545.24
13545.24
13433.66
13545.24
13433.66
13545.24
13545.24
13545.24
13545.24
13545.24
13545.24
13433.66
13545.24
13545.24
13545.24
13433.66
13545.24
13433.66
13545.24
13545.24
13545.24
13545.24
13545.24
13545.24
13545.24
13545.24
13545.24
13433.66
13545.24
13322.07
13545.24
13433.66
13545.24
13433.66
13433.66
13545.24
13545.24
13322.07
13433.66
13433.66
13545.24
13322.07
13545.24
13433.66
13433.66
13433.66
13433.66
13433.66
13433.66
13322.07
13433.66
13322.07
13433.66
13433.66
13433.66
13322.07
13322.07
13433.66
13322.07
13433.66
13210.48
13322.07
13322.07
13433.66
13322.07
13322.07
13322.07
13545.24
13433.66
13322.07
13545.24
13322.07
13322.07
13322.07
13322.07
13322.07
13322.07
13322.07
13322.07
13322.07
13433.66
13322.07
13322.07
13322.07
13433.66
13433.66
13322.07
13322.07
13322.07
13433.66
13433.66
13322.07
13322.07
13210.48
13322.07
13322.07
13210.48
13210.48
13322.07
13210.48
13322.07
13322.07
13322.07
13322.07
13322.07
13322.07
13322.07
13210.48
13322.07
13210.48
13322.07
13322.07
13322.07
13322.07
13210.48
13322.07
13322.07
13210.48
13210.48
13210.48
13322.07
13210.48
13322.07
13322.07
13322.07
13322.07
13322.07
13322.07
13322.07
13322.07
13322.07
13322.07
13322.07
13210.48
13210.48
13322.07
13322.07
13210.48
13210.48
13210.48
13210.48
13210.48
13210.48
13322.07
13210.48
13210.48
13210.48
13098.14
13210.48
13210.48
13210.48
13098.14
13098.14
13098.14
13210.48
13210.48
13210.48
13210.48
13210.48
13098.14
13210.48
13098.14
13210.48
13210.48
13210.48
13098.14
13210.48
13098.14
13210.48
13210.48
13098.14
13098.14
13098.14
13098.14
13210.48
13098.14
13210.48
13210.48
13210.48
12986.55
13210.48
13098.14
13210.48
13210.48
13210.48
13210.48
13098.14
13098.14
13098.14
13098.14
13210.48
13098.14
13098.14
13098.14
13098.14
13210.48
13098.14
13098.14
12986.55
13098.14
13210.48
12874.20
13098.14
13098.14
13098.14
12986.55
13098.14
13098.14
12986.55
12986.55
13098.14
13098.14
13098.14
13098.14
13210.48
13098.14
13098.14
13098.14
12986.55
12986.55
13098.14
12986.55
13098.14
12986.55
13098.14
12986.55
12986.55
12986.55
12986.55
12986.55
13098.14
12986.55
13098.14
13098.14
12986.55
12986.55
13098.14
12986.55
13098.14
13098.14
13098.14
12763.37
12986.55
12986.55
12986.55
12874.20
13098.14
12986.55
13098.14
12986.55
12986.55
12874.20
12986.55
12986.55
12986.55
12763.37
12986.55
12763.37
12986.55
12763.37
13098.14
12986.55
12986.55
12874.20
12986.55
12874.20
12986.55
12763.37
12986.55
12763.37
12874.20
12763.37
12874.20
12874.20
12986.55
12763.37
12986.55
12763.37
12986.55
12763.37
12986.55
12763.37
12986.55
12763.37
12763.37
12763.37
12874.20
12763.37
12763.37
12874.20
12986.55
12874.20
12986.55
12651.78
12763.37
12763.37
12763.37
12763.37
12763.37
12763.37
12763.37
12763.37
12763.37
12763.37
12763.37
12763.37
12874.20
12763.37
12763.37
12874.20
12763.37
12763.37
12763.37
12763.37
12763.37
12763.37
12874.20
12763.37
12763.37
12763.37
12763.37
12763.37
12763.37
12763.37
12763.37
12763.37
12651.78
12763.37
12651.78
12874.20
12763.37
12763.37
12763.37
12651.78
12763.37
12651.78
12763.37
12651.78
12651.78
12651.78
12763.37
12539.44
12763.37
12763.37
12651.78
12651.78
12763.37
12651.78
12651.78
12651.78
12763.37
12651.78
12651.78
12651.78
12651.78
12651.78
12651.78
12651.78
12651.78
12651.78
12651.78
12763.37
12651.78
12539.44
12651.78
12651.78
12651.78
12651.78
12651.78
12651.78
12651.78
12539.44
12651.78
12651.78
12651.78
12539.44
12651.78
12539.44
12651.78
12651.78
12651.78
12651.78
12539.44
12427.85
12651.78
12651.78
12427.85
12539.44
12427.85
12539.44
12539.44
12763.37
12651.78
12427.85
12539.44
12427.85
12539.44
12427.85
12539.44
12427.85
12539.44
12427.85
12651.78
12427.85
12539.44
12427.85
12651.78
12427.85
12539.44
12539.44
12651.78
12427.85
12539.44
12427.85
12651.78
12427.85
12427.85
12539.44
12539.44
12427.85
12427.85
12427.85
12539.44
12539.44
12427.85
12427.85
12539.44
12427.85
12651.78
12427.85
12539.44
12427.85
12539.44
12427.85
12651.78
12427.85
12427.85
12539.44
12539.44
12427.85
12427.85
12427.85
12427.85
12427.85
12427.85
12427.85
12427.85
12539.44
12539.44
12427.85
12427.85
12315.50
12427.85
12427.85
12539.44
12539.44
12315.50
12427.85
12427.85
12427.85
12427.85
12204.67
12315.50
12427.85
12427.85
12204.67
12427.85
12427.85
12315.50
12427.85
12204.67
12315.50
12427.85
12427.85
12427.85
12427.85
12315.50
12315.50
12427.85
12427.85
12315.50
12204.67
12204.67
12204.67
12427.85
12204.67
12315.50
12204.67
12315.50
12092.33
12315.50
12315.50
12204.67
12204.67
12204.67
12204.67
12427.85
12204.67
12204.67
12204.67
12315.50
12427.85
12315.50
12204.67
12315.50
12204.67
12315.50
12204.67
12204.67
12204.67
12204.67
12204.67
12204.67
12204.67
12204.67
12315.50
12204.67
12204.67
12204.67
12092.33
12204.67
12204.67
12204.67
12204.67
12204.67
12092.33
12204.67
12204.67
12092.33
12204.67
12427.85
12204.67
12315.50
12204.67
12315.50
11980.74
12092.33
12204.67
12315.50
12092.33
12204.67
12204.67
12204.67
12204.67
12092.33
12204.67
12204.67
12204.67
12315.50
12204.67
12204.67
12204.67
12204.67
12204.67
12204.67
12092.33
12315.50
12092.33
12092.33
12204.67
12204.67
12204.67
12204.67
12204.67
12204.67
12204.67
12092.33
12204.67
11980.74
11980.74
12092.33
12204.67
12092.33
11980.74
12092.33
12092.33
12092.33
11980.74
12092.33
11980.74
12092.33
12092.33
12204.67
11868.39
11980.74
12092.33
12092.33
12092.33
11980.74
11980.74
12092.33
12092.33
12092.33
11980.74
11980.74
11980.74
12092.33
11980.74
12092.33
11868.39
11980.74
11868.39
11980.74
11980.74
11980.74
11980.74
11980.74
11980.74
11980.74
11980.74
12092.33
11980.74
11980.74
11980.74
11980.74
11980.74
11980.74
11980.74
12092.33
11980.74
11980.74
11757.56
11980.74
11980.74
11868.39
11980.74
11980.74
11980.74
11868.39
11980.74
11868.39
11868.39
12092.33
11868.39
11980.74
11868.39
11868.39
11980.74
11868.39
11980.74
11980.74
11868.39
11868.39
11868.39
11868.39
11868.39
11980.74
11757.56
11868.39
11868.39
11868.39
11868.39
11980.74
11868.39
11757.56
11868.39
11757.56
11868.39
11868.39
11980.74
11868.39
11868.39
11980.74
11868.39
11868.39
11980.74
11868.39
11757.56
11757.56
11868.39
11980.74
11757.56
11868.39
11980.74
11757.56
11757.56
11868.39
11757.56
11868.39
11757.56
11757.56
11757.56
11868.39
11757.56
11757.56
11645.22
11757.56
11757.56
11868.39
11868.39
11868.39
11757.56
11757.56
11757.56
11757.56
11757.56
11757.56
11757.56
11757.56
11757.56
11868.39
11757.56
11757.56
11757.56
11757.56
11757.56
11757.56
11757.56
11757.56
11757.56
11757.56
11757.56
11868.39
11757.56
11757.56
11645.22
11757.56
11757.56
11757.56
11757.56
11868.39
11645.22
11757.56
11757.56
11757.56
11757.56
11757.56
11757.56
11645.22
11757.56
11757.56
11757.56
11757.56
11757.56
11757.56
11757.56
11757.56
11757.56
11757.56
11757.56
11868.39
11645.22
11645.22
11645.22
11757.56
11757.56
11645.22
11645.22
11645.22
11645.22
11757.56
11645.22
11645.22
11645.22
11645.22
11645.22
11645.22
11645.22
11757.56
11645.22
11645.22
11533.63
11757.56
11645.22
11645.22
11645.22
11645.22
11533.63
11645.22
11645.22
11645.22
11645.22
11645.22
11757.56
11645.22
11533.63
11645.22
11645.22
11645.22
11533.63
11645.22
11533.63
11533.63
11533.63
11645.22
11645.22
11645.22
11645.22
11645.22
11533.63
11645.22
11533.63
11533.63
11645.22
11533.63
11533.63
11533.63
11533.63
11645.22
11533.63
11645.22
11421.28
11533.63
11533.63
11533.63
11645.22
11533.63
11533.63
11533.63
11533.63
11645.22
11421.28
11533.63
11533.63
11645.22
11533.63
11533.63
11421.28
11533.63
11533.63
11533.63
11533.63
11533.63
11421.28
11533.63
11533.63
11533.63
11533.63
11645.22
11533.63
11533.63
11421.28
11645.22
11533.63
11533.63
11421.28
11533.63
11533.63
11533.63
11533.63
11533.63
11533.63
11533.63
11533.63
11533.63
11533.63
11645.22
11421.28
11533.63
11421.28
11533.63
11533.63
11533.63
11533.63
11533.63
11533.63
11533.63
11533.63
11533.63
11533.63
11533.63
11533.63
11533.63
11533.63
11421.28
11421.28
11533.63
11421.28
11533.63
11421.28
11533.63
11421.28
11421.28
11421.28
11533.63
11421.28
11421.28
11421.28
11421.28
11421.28
11421.28
11421.28
11421.28
11421.28
11533.63
11309.70
11533.63
11421.28
11533.63
11309.70
11309.70
11533.63
11421.28
11421.28
11421.28
11421.28
11309.70
11309.70
11309.70
11309.70
11309.70
11309.70
11309.70
11309.70
11309.70
11309.70
11309.70
11198.11
11309.70
11309.70
11309.70
11309.70
11309.70
11198.11
11309.70
11309.70
11309.70
11309.70
11309.70
11309.70
11309.70
11309.70
11309.70
11309.70
11309.70
11309.70
11309.70
11309.70
11309.70
11198.11
11309.70
11309.70
11309.70
11309.70
11309.70
11198.11
11309.70
11198.11
11309.70
11198.11
11309.70
11309.70
11198.11
11309.70
11309.70
11198.11
11309.70
11309.70
11198.11
11198.11
11309.70
11198.11
11309.70
11198.11
11309.70
11309.70
11309.70
11198.11
11309.70
11309.70
11309.70
11198.11
11309.70
11198.11
11198.11
11198.11
11309.70
11198.11
11198.11
11198.11
11198.11
11309.70
11198.11
11198.11
11309.70
11198.11
11309.70
11198.11
11309.70
11198.11
11309.70
11198.11
11198.11
11198.11
11198.11
11198.11
11309.70
11198.11
11198.11
11198.11
11086.52
11198.11
11309.70
11198.11
11198.11
11198.11
11198.11
11198.11
11198.11
11086.52
11198.11
11198.11
11198.11
11086.52
11198.11
11198.11
11309.70
11198.11
11198.11
11198.11
11198.11
11086.52
11198.11
11086.52
11309.70
11086.52
11198.11
11086.52
11198.11
11198.11
11198.11
11086.52
11086.52
11198.11
11198.11
11198.11
11086.52
11086.52
11198.11
11198.11
11198.11
11086.52
11198.11
11086.52
11198.11
11086.52
11198.11
10974.17
11086.52
11086.52
11086.52
11198.11
11086.52
11198.11
11086.52
11198.11
11086.52
11086.52
11086.52
11086.52
11198.11
11086.52
11198.11
11086.52
11198.11
11086.52
11198.11
11198.11
11198.11
11086.52
11086.52
11086.52
11086.52
11086.52
11086.52
11086.52
11086.52
11086.52
11198.11
11086.52
10974.17
10862.59
11086.52
11086.52
11086.52
11086.52
11086.52
10974.17
11086.52
11086.52
11086.52
11086.52
11086.52
11086.52
11086.52
10974.17
11086.52
11086.52
10974.17
11086.52
11086.52
10862.59
11086.52
11086.52
11086.52
11086.52
10974.17
11086.52
11086.52
10974.17
11086.52
10862.59
11086.52
10862.59
10862.59
11086.52
11086.52
10974.17
10862.59
10862.59
10862.59
11086.52
11086.52
10862.59
10974.17
10974.17
10974.17
10974.17
11086.52
10974.17
10974.17
10974.17
10974.17
10862.59
10974.17
11086.52
10862.59
10862.59
10974.17
10862.59
10974.17
10862.59
10862.59
10862.59
10974.17
10862.59
10974.17
10862.59
10974.17
10862.59
11086.52
10862.59
10862.59
10862.59
10862.59
10750.24
10862.59
10862.59
10974.17
10862.59
11086.52
10974.17
10974.17
10862.59
10974.17
10750.24
10862.59
10862.59
10862.59
10862.59
10862.59
10862.59
10862.59
10862.59
10862.59
10862.59
10862.59
10862.59
10862.59
10862.59
10862.59
10862.59
10862.59
10750.24
10862.59
10862.59
10862.59
10862.59
10862.59
10862.59
10862.59
10862.59
10750.24
10862.59
10750.24
10862.59
10862.59
10862.59
10974.17
10862.59
10862.59
10862.59
10862.59
10862.59
10974.17
10862.59
10862.59
10862.59
10862.59
10639.41
10862.59
10750.24
10862.59
10750.24
10862.59
10862.59
10862.59
10750.24
10862.59
10862.59
10750.24
10862.59
10750.24
10750.24
10750.24
10862.59
10862.59
10750.24
10862.59
10750.24
10862.59
10750.24
10862.59
10862.59
10862.59
10750.24
10862.59
10750.24
10862.59
10750.24
10639.41
10750.24
10750.24
10750.24
10862.59
10862.59
10862.59
10750.24
10750.24
10750.24
10750.24
10639.41
10862.59
10639.41
10750.24
10862.59
10750.24
10639.41
10750.24
10639.41
10639.41
10639.41
10862.59
10750.24
10750.24
10639.41
10750.24
10750.24
10862.59
10639.41
10750.24
10750.24
10750.24
10639.41
10639.41
10639.41
10750.24
10639.41
10639.41
10750.24
10639.41
10639.41
10639.41
10639.41
10639.41
10639.41
10639.41
10639.41
10750.24
10639.41
10639.41
10639.41
10750.24
10639.41
10639.41
10639.41
10862.59
10639.41
10639.41
10639.41
10639.41
10639.41
10527.82
10639.41
10639.41
10639.41
10639.41
10639.41
10750.24
10639.41
10639.41
10527.82
10527.82
10415.48
10527.82
10527.82
10639.41
10639.41
10527.82
10639.41
10639.41
10415.48
10639.41
10639.41
10639.41
10639.41
10527.82
10527.82
10415.48
10415.48
10527.82
10415.48
10639.41
10527.82
10415.48
10415.48
10639.41
10415.48
10527.82
10527.82
10527.82
10639.41
10527.82
10415.48
10527.82
10415.48
10415.48
10415.48
10415.48
10527.82
10415.48
10415.48
10415.48
10415.48
10415.48
10527.82
10415.48
10415.48
10527.82
10527.82
10415.48
10415.48
10415.48
10527.82
10639.41
10527.82
10415.48
10415.48
10415.48
10415.48
10415.48
10415.48
10639.41
10415.48
10527.82
10527.82
10415.48
10415.48
10415.48
10415.48
10415.48
10415.48
10415.48
10415.48
10415.48
10415.48
10639.41
10415.48
10415.48
10415.48
10527.82
10415.48
10527.82
10527.82
10415.48
10415.48
10415.48
10415.48
10415.48
10415.48
10415.48
10527.82
10415.48
10415.48
10415.48
10303.89
10415.48
10415.48
10415.48
10415.48
10415.48
10415.48
10415.48
10415.48
10415.48
10303.89
10415.48
10415.48
10415.48
10415.48
10415.48
10191.54
10415.48
10415.48
10415.48
10303.89
10415.48
10415.48
10415.48
10415.48
10415.48
10303.89
10415.48
10415.48
10527.82
10303.89
10415.48
10415.48
10415.48
10415.48
10415.48
10303.89
10303.89
10415.48
10303.89
10303.89
10191.54
10415.48
10303.89
10303.89
10415.48
10303.89
10415.48
10415.48
10415.48
10303.89
10191.54
10303.89
10303.89
10303.89
10415.48
10303.89
10415.48
10303.89
10303.89
10415.48
10303.89
10303.89
10303.89
10303.89
10303.89
10303.89
10303.89
10303.89
10303.89
10415.48
10415.48
10303.89
10415.48
10303.89
10191.54
10303.89
10303.89
10191.54
10303.89
10191.54
10415.48
10191.54
10303.89
10191.54
10303.89
10191.54
10303.89
10191.54
10415.48
10191.54
10303.89
10191.54
10191.54
10080.71
10303.89
10191.54
10191.54
10080.71
10191.54
10191.54
10303.89
10191.54
10303.89
10191.54
10303.89
10080.71
10303.89
10191.54
10191.54
10191.54
10191.54
10191.54
10191.54
10191.54
10303.89
10191.54
10303.89
10080.71
10303.89
10080.71
10191.54
10080.71
10191.54
10191.54
10191.54
10191.54
10303.89
10191.54
10080.71
10080.71
10191.54
10080.71
10080.71
10191.54
10191.54
10191.54
10191.54
10191.54
10191.54
10191.54
10191.54
10191.54
10080.71
10080.71
10191.54
10080.71
10080.71
10191.54
10191.54
10080.71
10191.54
10080.71
10191.54
10080.71
10080.71
10080.71
10191.54
10080.71
10191.54
10080.71
10080.71
10080.71
10191.54
10080.71
10191.54
10191.54
10191.54
10191.54
10080.71
10080.71
10080.71
10080.71
10191.54
9968.37
10191.54
10080.71
10080.71
10080.71
10080.71
10080.71
10080.71
10191.54
10080.71
9968.37
10080.71
10080.71
10191.54
9968.37
9968.37
9968.37
10080.71
9968.37
9968.37
9968.37
10080.71
9968.37
9968.37
10080.71
10191.54
10080.71
10080.71
10080.71
9968.37
9968.37
10080.71
9968.37
10080.71
9968.37
10080.71
10080.71
9968.37
9968.37
9968.37
10080.71
9968.37
9968.37
9968.37
9968.37
10080.71
9968.37
9968.37
9968.37
9968.37
9856.78
9968.37
9856.78
9968.37
10080.71
9968.37
9968.37
10080.71
9968.37
10080.71
9968.37
10080.71
9968.37
9968.37
9968.37
9968.37
9856.78
9968.37
9968.37
9968.37
9856.78
9968.37
9856.78
9968.37
9856.78
9968.37
9856.78
10080.71
9968.37
9968.37
9968.37
9968.37
9856.78
9968.37
9968.37
9968.37
9968.37
9968.37
9968.37
9856.78
9968.37
9968.37
9968.37
9968.37
9968.37
9744.43
9968.37
9856.78
9968.37
9968.37
9856.78
9856.78
9856.78
9968.37
9856.78
9968.37
9856.78
9856.78
9968.37
9856.78
9856.78
9968.37
9968.37
9856.78
9744.43
9856.78
9856.78
9968.37
9744.43
9856.78
9744.43
9856.78
9744.43
9856.78
9744.43
9968.37
9856.78
9856.78
9968.37
9968.37
9968.37
9968.37
9856.78
9856.78
9968.37
9856.78
9856.78
9968.37
9856.78
9856.78
9856.78
9744.43
9856.78
9856.78
9856.78
9968.37
9856.78
9968.37
9744.43
9856.78
9744.43
9856.78
9744.43
9856.78
9744.43
9744.43
9744.43
9856.78
9744.43
9744.43
9744.43
9744.43
9744.43
9856.78
9856.78
9744.43
9744.43
9744.43
9856.78
9744.43
9744.43
9744.43
9744.43
9856.78
9744.43
9744.43
9744.43
9856.78
9744.43
9744.43
9744.43
9856.78
9744.43
9744.43
9632.84
9744.43
9744.43
9744.43
9744.43
9744.43
9744.43
9744.43
9744.43
9856.78
9744.43
9744.43
9744.43
9856.78
9744.43
9744.43
9632.84
9744.43
9632.84
9744.43
9632.84
9744.43
9632.84
9632.84
9632.84
9744.43
9744.43
9744.43
9744.43
9744.43
9632.84
9632.84
9632.84
9632.84
9744.43
9632.84
9744.43
9744.43
9744.43
9744.43
9744.43
9744.43
9632.84
9744.43
9521.26
9632.84
9632.84
9632.84
9632.84
9744.43
9632.84
9744.43
9521.26
9632.84
9521.26
9632.84
9632.84
9632.84
9521.26
9632.84
9744.43
9632.84
9521.26
9744.43
9521.26
9632.84
9632.84
9632.84
9632.84
9632.84
9521.26
9632.84
9521.26
9744.43
9632.84
9744.43
9632.84
9521.26
9632.84
9632.84
9521.26
9744.43
9632.84
9521.26
9632.84
9632.84
9632.84
9632.84
9521.26
9632.84
9632.84
9521.26
9632.84
9521.26
9521.26
9521.26
9521.26
9521.26
9521.26
9632.84
9409.67
9521.26
9521.26
9632.84
9521.26
9521.26
9521.26
9521.26
9521.26
9632.84
9521.26
9632.84
9521.26
9632.84
9521.26
9521.26
9521.26
9521.26
9521.26
9521.26
9521.26
9632.84
9521.26
9521.26
9521.26
9521.26
9521.26
9521.26
9521.26
9521.26
9521.26
9521.26
9521.26
9521.26
9409.67
9521.26
9521.26
9632.84
9521.26
9521.26
9521.26
9521.26
9521.26
9409.67
9409.67
9632.84
9409.67
9409.67
9521.26
9521.26
9409.67
9521.26
9521.26
9632.84
9521.26
9521.26
9521.26
9409.67
9521.26
9409.67
9521.26
9409.67
9297.32
9409.67
9409.67
9521.26
9521.26
9521.26
9409.67
9409.67
9409.67
9521.26
9409.67
9521.26
9521.26
9409.67
9409.67
9521.26
9409.67
9521.26
9409.67
9409.67
9409.67
9409.67
9409.67
9521.26
9297.32
9409.67
9409.67
9521.26
9409.67
9521.26
9632.84
9521.26
9297.32
9521.26
9409.67
9521.26
9297.32
9409.67
9297.32
9521.26
9409.67
9521.26
9409.67
9185.73
9297.32
9297.32
9409.67
9521.26
9297.32
9409.67
9297.32
9409.67
9185.73
9521.26
9185.73
9409.67
9297.32
9297.32
9297.32
9409.67
9409.67
9409.67
9297.32
9409.67
9409.67
9521.26
9185.73
9297.32
9409.67
9409.67
9185.73
9185.73
9297.32
9297.32
9185.73
9297.32
9409.67
9409.67
9297.32
9073.39
9185.73
9521.26
9297.32
9297.32
9185.73
9185.73
9185.73
9409.67
9297.32
9409.67
9185.73
9409.67
9185.73
9297.32
9297.32
9297.32
9185.73
9297.32
9297.32
9185.73
9409.67
9409.67
9185.73
9185.73
9185.73
9185.73
9297.32
9185.73
9185.73
9297.32
9185.73
9297.32
9297.32
9185.73
9185.73
9185.73
9185.73
9185.73
9185.73
9297.32
9297.32
9297.32
9185.73
9409.67
9185.73
9185.73
9185.73
9409.67
9073.39
9185.73
9185.73
9297.32
9073.39
9297.32
9185.73
9297.32
9185.73
9185.73
9073.39
9185.73
9185.73
9185.73
9073.39
9185.73
9185.73
9185.73
9185.73
9185.73
9185.73
9297.32
9073.39
9185.73
9185.73
9185.73
9185.73
9185.73
9073.39
9185.73
9185.73
9185.73
9073.39
9185.73
9185.73
9185.73
9185.73
9185.73
9185.73
9073.39
9073.39
9185.73
9073.39
9185.73
9073.39
9185.73
9185.73
9185.73
9073.39
9185.73
9073.39
9185.73
9073.39
9073.39
9073.39
9073.39
8962.56
9073.39
8962.56
8962.56
9073.39
9185.73
9073.39
9073.39
9073.39
9073.39
9185.73
9185.73
9073.39
9073.39
8962.56
9073.39
9073.39
8962.56
8962.56
9185.73
9073.39
9073.39
9073.39
9073.39
9073.39
8962.56
8850.21
9073.39
9073.39
9073.39
9073.39
9073.39
9073.39
9073.39
9185.73
9073.39
8962.56
8962.56
8850.21
8850.21
9073.39
9073.39
8962.56
9073.39
9073.39
8850.21
9073.39
8962.56
8962.56
9073.39
8962.56
9073.39
9073.39
9073.39
8850.21
9073.39
8962.56
9073.39
8962.56
9073.39
8962.56
8962.56
8962.56
8962.56
8850.21
8962.56
8962.56
9073.39
8962.56
9073.39
8850.21
8962.56
9073.39
8850.21
8962.56
9073.39
9073.39
8850.21
8962.56
8962.56
8962.56
9073.39
8962.56
9073.39
8850.21
8962.56
8850.21
8962.56
8850.21
8962.56
8850.21
8962.56
8850.21
8962.56
8850.21
8962.56
8850.21
8962.56
8850.21
8962.56
8850.21
8850.21
8850.21
8850.21
8850.21
8850.21
8850.21
8850.21
8962.56
8962.56
8850.21
8850.21
8850.21
8962.56
9073.39
8962.56
8738.62
8850.21
8850.21
8962.56
8850.21
8962.56
8850.21
8850.21
8850.21
8962.56
8850.21
8850.21
8738.62
8962.56
8850.21
8850.21
8850.21
8850.21
8850.21
8850.21
8850.21
8850.21
8962.56
8850.21
8738.62
8850.21
8850.21
8738.62
8850.21
8850.21
8850.21
8850.21
8850.21
8850.21
8850.21
8850.21
8850.21
8850.21
8738.62
8850.21
8627.04
8850.21
8850.21
8850.21
8850.21
8850.21
8627.04
8850.21
8738.62
8738.62
8850.21
8850.21
8627.04
8850.21
8627.04
8850.21
8850.21
8850.21
8850.21
8850.21
8627.04
8850.21
8626.28
8738.62
8850.21
8738.62
8738.62
8738.62
8627.04
8850.21
8738.62
8850.21
8850.21
8738.62
8850.21
8850.21
8627.04
8850.21
8850.21
8738.62
8738.62
8850.21
8738.62
8738.62
8850.21
8850.21
8738.62
8850.21
8626.28
8738.62
8627.04
8850.21
8850.21
8850.21
8850.21
8626.28
8626.28
8626.28
8627.04
8850.21
8626.28
8738.62
8626.28
8738.62
8850.21
8626.28
8626.28
8738.62
8626.28
8738.62
8738.62
8738.62
8626.28
8738.62
8514.69
8850.21
8626.28
8738.62
8626.28
8626.28
8626.28
8626.28
8738.62
8626.28
8626.28
8738.62
8514.69
8626.28
8626.28
8738.62
8626.28
8626.28
8626.28
8626.28
8626.28
8626.28
8626.28
8626.28
8626.28
8626.28
8626.28
8626.28
8626.28
8626.28
8514.69
8514.69
8514.69
8626.28
8626.28
8738.62
8738.62
8626.28
8626.28
8738.62
8626.28
8626.28
8626.28
8626.28
8626.28
8626.28
8514.69
8514.69
8626.28
8403.86
8514.69
8626.28
8626.28
8626.28
8626.28
8626.28
8403.86
8626.28
8514.69
8626.28
8514.69
8626.28
8403.86
8514.69
8626.28
8626.28
8403.86
8514.69
8514.69
8626.28
8403.86
8514.69
8514.69
8403.86
8403.86
8626.28
8514.69
8514.69
8514.69
8514.69
8403.86
8626.28
8403.86
8514.69
8514.69
8626.28
8403.86
8403.86
8403.86
8403.86
8403.86
8514.69
8514.69
8626.28
8403.86
8514.69
8514.69
8626.28
8403.86
8403.86
8514.69
8626.28
8514.69
8403.86
8514.69
8514.69
8403.86
8403.86
8403.86
8626.28
8403.86
8403.86
8403.86
8514.69
8514.69
8403.86
8291.51
8403.86
8403.86
8514.69
8514.69
8626.28
8291.51
8403.86
8403.86
8403.86
8403.86
8403.86
8403.86
8403.86
8403.86
8514.69
8403.86
8514.69
8403.86
8403.86
8403.86
8514.69
8403.86
8403.86
8403.86
8514.69
8403.86
8403.86
8403.86
8626.28
8403.86
8291.51
8403.86
8403.86
8403.86
8403.86
8403.86
8403.86
8403.86
8403.86
8403.86
8403.86
8403.86
8403.86
8403.86
8403.86
8291.51
8403.86
8403.86
8403.86
8403.86
8403.86
8403.86
8403.86
8403.86
8514.69
8291.51
8403.86
8291.51
8403.86
8291.51
8403.86
8291.51
8291.51
8403.86
8403.86
8403.86
8403.86
8403.86
8403.86
8291.51
8403.86
8403.86
8403.86
8403.86
8403.86
8403.86
8291.51
8403.86
8403.86
8291.51
8403.86
8291.51
8403.86
8291.51
8403.86
8179.93
8291.51
8291.51
8291.51
8403.86
8403.86
8291.51
8403.86
8403.86
8403.86
8291.51
8403.86
8179.93
8291.51
8291.51
8291.51
8403.86
8403.86
8403.86
8403.86
8179.93
8291.51
8291.51
8291.51
8291.51
8291.51
8179.93
8403.86
8291.51
8291.51
8291.51
8291.51
8403.86
8291.51
8403.86
8291.51
8179.93
8291.51
8179.93
8403.86
8291.51
8403.86
8291.51
8179.93
8291.51
8291.51
8291.51
8291.51
8291.51
8403.86
8291.51
8291.51
8179.93
8291.51
8291.51
8291.51
8291.51
8291.51
8179.93
8291.51
8179.93
8291.51
8291.51
8291.51
8179.93
8291.51
8291.51
8179.93
8179.93
8179.93
8179.93
8291.51
8179.93
8179.93
8179.93
8179.93
8179.93
8179.93
8179.93
8291.51
8179.93
8291.51
8179.93
8179.93
8179.93
8179.93
8179.93
8179.93
8179.93
8179.93
8291.51
8179.93
8179.93
8179.93
8179.93
8179.93
8179.93
8179.93
8179.93
8179.93
8179.93
8179.93
8179.93
8291.51
8179.93
8179.93
8179.93
8179.93
8179.93
8291.51
8179.93
8179.93
8179.93
8179.93
8179.93
8179.93
8179.93
8179.93
8179.93
8179.93
8291.51
8291.51
8179.93
8179.93
8179.93
8179.93
8179.93
8179.93
8179.93
8179.93
8179.93
8179.93
8067.58
8179.93
8179.93
8179.93
8179.93
8179.93
8179.93
8179.93
8179.93
8291.51
8179.93
8179.93
8067.58
8179.93
8179.93
8179.93
8179.93
8179.93
8179.93
8179.93
8067.58
8067.58
8067.58
8067.58
8067.58
8179.93
8179.93
8179.93
8179.93
8179.93
8179.93
8179.93
8179.93
8179.93
8179.93
8179.93
8179.93
8067.58
8067.58
8067.58
7844.40
7955.99
8179.93
8179.93
8179.93
8179.93
8067.58
8179.93
8067.58
8179.93
8179.93
8179.93
8067.58
8179.93
8067.58
8067.58
8067.58
8179.93
8067.58
8067.58
8179.93
8067.58
8067.58
8179.93
8067.58
8179.93
8067.58
8179.93
8179.93
8067.58
8067.58
8179.93
8067.58
8179.93
8179.93
8179.93
8067.58
7955.99
7955.99
7955.99
8179.93
8067.58
8067.58
8067.58
7955.99
7955.99
8179.93
8067.58
7955.99
8179.93
8067.58
8179.93
8067.58
8067.58
7955.99
7955.99
7955.99
8179.93
8067.58
8067.58
7955.99
7955.99
7955.99
8179.93
8179.93
8179.93
7955.99
8067.58
7732.82
7955.99
7955.99
7955.99
7955.99
7955.99
7955.99
7955.99
7955.99
7955.99
7955.99
7955.99
7955.99
7955.99
7955.99
7955.99
7955.99
7955.99
7955.99
7955.99
7955.99
7955.99
7955.99
7955.99
7955.99
7955.99
7955.99
7955.99
7955.99
7955.99
7955.99
7955.99
7955.99
7955.99
7955.99
7955.99
7955.99
7955.99
7955.99
7955.99
7955.99
7955.99
7955.99
7955.99
7955.99
7955.99
7955.99
7955.99
7955.99
7955.99
7955.99
7955.99
7955.99
7955.99
7955.99
7955.99
7955.99
7955.99
7844.40
7955.99
7955.99
7844.40
7955.99
7955.99
7955.99
7955.99
7955.99
7955.99
7844.40
7955.99
7844.40
7955.99
7955.99
7955.99
7955.99
7955.99
7955.99
7955.99
7955.99
7955.99
7955.99
7955.99
7955.99
7955.99
7955.99
7955.99
7732.82
7955.99
7732.82
7955.99
7955.99
7844.40
7955.99
7955.99
7732.82
7955.99
7955.99
7955.99
7955.99
7955.99
7955.99
7955.99
7732.82
7732.82
7955.99
7955.99
7955.99
7955.99
7955.99
7955.99
7732.82
7844.40
7732.82
7732.82
7844.40
7955.99
7732.82
7732.82
7955.99
7732.82
7955.99
7955.99
7955.99
7955.99
7732.82
7955.99
7732.82
7732.82
7732.82
7844.40
7732.82
7732.82
7732.82
7844.40
7732.82
7844.40
7732.82
7732.82
7732.82
7732.82
7732.82
7732.82
7732.82
7844.40
7732.82
7844.40
7844.40
7955.99
7732.82
7732.82
7732.82
7732.82
7732.82
7732.82
7732.82
7732.82
7732.82
7732.82
7732.82
7732.82
7732.82
7955.99
7732.82
7732.82
7732.82
7844.40
7732.82
7732.82
7732.82
7732.82
7732.82
7955.99
7732.82
7955.99
7732.82
7732.82
7732.82
7844.40
7732.82
7732.82
7732.82
7844.40
7844.40
7732.82
7732.82
7732.82
7620.47
7732.82
7732.82
7732.82
7732.82
7732.82
7732.82
7732.82
7620.47
7732.82
7732.82
7732.82
7732.82
7732.82
7844.40
7732.82
7732.82
7732.82
7732.82
7732.82
7732.82
7732.82
7732.82
7732.82
7732.82
7732.82
7732.82
7732.82
7732.82
7620.47
7620.47
7620.47
7620.47
7732.82
7620.47
7732.82
7732.82
7620.47
7732.82
7732.82
7732.82
7732.82
7620.47
7732.82
7732.82
7732.82
7732.82
7732.82
7732.82
7732.82
7732.82
7732.82
7620.47
7732.82
7620.47
7620.47
7620.47
7620.47
7732.82
7732.82
7620.47
7732.82
7620.47
7620.47
7620.47
7620.47
7620.47
7732.82
7732.82
7620.47
7620.47
7620.47
7620.47
7620.47
7508.88
7620.47
7620.47
7620.47
7620.47
7620.47
7620.47
7620.47
7620.47
7620.47
7620.47
7620.47
7508.88
7620.47
7508.88
7620.47
7508.88
7620.47
7620.47
7732.82
7508.88
7620.47
7620.47
7620.47
7508.88
7508.88
7620.47
7732.82
7620.47
7620.47
7508.88
7620.47
7620.47
7620.47
7508.88
7620.47
7620.47
7620.47
7508.88
7620.47
7508.88
7620.47
7508.88
7620.47
7508.88
7620.47
7508.88
7620.47
7508.88
7620.47
7508.88
7732.82
7508.88
7620.47
7508.88
7620.47
7508.88
7620.47
7508.88
7732.82
7508.88
7732.82
7620.47
7620.47
7508.88
7620.47
7620.47
7620.47
7508.88
7620.47
7620.47
7620.47
7508.88
7508.88
7508.88
7620.47
7508.88
7620.47
7508.88
7620.47
7620.47
7620.47
7508.88
7508.88
7508.88
7620.47
7508.88
7620.47
7508.88
7620.47
7396.54
7508.88
7396.54
7620.47
7508.88
7508.88
7396.54
7508.88
7508.88
7508.88
7396.54
7620.47
7508.88
7508.88
7396.54
7620.47
7508.88
7508.88
7396.54
7508.88
7508.88
7508.88
7508.88
7508.88
7508.88
7620.47
7508.88
7508.88
7396.54
7508.88
7620.47
7396.54
7508.88
7396.54
7508.88
7620.47
7396.54
7508.88
7285.71
7620.47
7508.88
7508.88
7396.54
7620.47
7508.88
7508.88
7396.54
7508.88
7508.88
7620.47
7620.47
7508.88
7396.54
7396.54
7620.47
7620.47
7508.88
7508.88
7508.88
7508.88
7396.54
7508.88
7396.54
7508.88
7508.88
7508.88
7508.88
7508.88
7508.88
7396.54
7396.54
7396.54
7396.54
7508.88
7396.54
7508.88
7396.54
7508.88
7508.88
7508.88
7508.88
7396.54
7285.71
7396.54
7396.54
7396.54
7508.88
7508.88
7285.71
7508.88
7508.88
7396.54
7396.54
7508.88
7508.88
7396.54
7396.54
7396.54
7396.54
7396.54
7508.88
7508.88
7285.71
7508.88
7396.54
7396.54
7396.54
7396.54
7508.88
7396.54
7396.54
7508.88
7396.54
7508.88
7396.54
7508.88
7396.54
7396.54
7396.54
7285.71
7285.71
7508.88
7285.71
7396.54
7285.71
7396.54
7285.71
7285.71
7396.54
7285.71
7285.71
7396.54
7396.54
7396.54
7285.71
7285.71
7285.71
7285.71
7396.54
7508.88
7285.71
7396.54
7508.88
7285.71
7396.54
7285.71
7285.71
7396.54
7285.71
7285.71
7285.71
7285.71
7285.71
7285.71
7285.71
7285.71
7396.54
7285.71
7285.71
7285.71
7285.71
7396.54
7285.71
7285.71
7285.71
7285.71
7285.71
7285.71
7285.71
7285.71
7285.71
7285.71
7285.71
7285.71
7285.71
7285.71
7285.71
7285.71
7285.71
7285.71
7285.71
7285.71
7173.36
7285.71
7285.71
7285.71
7285.71
7285.71
7173.36
7285.71
7285.71
7285.71
7396.54
7285.71
7061.77
7173.36
7173.36
7285.71
7061.77
7173.36
7173.36
7061.77
7173.36
7285.71
7173.36
7285.71
7285.71
7173.36
7173.36
7285.71
7061.77
7173.36
7173.36
7285.71
7061.77
7173.36
7285.71
7285.71
7061.77
7173.36
7061.77
7285.71
7173.36
7285.71
7061.77
7173.36
7173.36
7173.36
7173.36
7173.36
7061.77
7285.71
7061.77
7173.36
7285.71
7173.36
7173.36
7285.71
7173.36
7173.36
7173.36
7061.77
7061.77
7173.36
7285.71
7173.36
7173.36
7173.36
7061.77
7061.77
7285.71
7173.36
7173.36
7285.71
7061.77
7061.77
7285.71
7285.71
7061.77
7173.36
7173.36
7285.71
7061.77
7061.77
7173.36
7173.36
7061.77
7173.36
7061.77
7173.36
7061.77
7285.71
7061.77
7285.71
7173.36
7061.77
7061.77
7061.77
7173.36
7061.77
7173.36
7173.36
7061.77
7173.36
7061.77
7173.36
7061.77
7173.36
7061.77
7061.77
7061.77
7173.36
7061.77
7173.36
7061.77
7173.36
7061.77
7061.77
6949.43
7061.77
7173.36
7061.77
7061.77
7061.77
7173.36
7061.77
7061.77
7061.77
7061.77
6949.43
7061.77
7061.77
7061.77
7173.36
6949.43
7061.77
7061.77
7061.77
7061.77
7173.36
7061.77
7061.77
6949.43
7061.77
6949.43
7061.77
7061.77
7061.77
7061.77
7173.36
6949.43
7061.77
7061.77
7061.77
6949.43
7061.77
7173.36
7061.77
6949.43
6949.43
6949.43
7061.77
7061.77
7061.77
6949.43
7173.36
6949.43
7061.77
7173.36
7061.77
7061.77
7061.77
7061.77
7061.77
6949.43
7173.36
7061.77
7061.77
7061.77
7061.77
6949.43
7061.77
7061.77
7061.77
6949.43
7061.77
7061.77
7061.77
6837.84
7061.77
6949.43
6949.43
7061.77
6837.84
6837.84
6949.43
6949.43
7061.77
6949.43
7061.77
6837.84
6837.84
6949.43
6949.43
6949.43
7061.77
6837.84
6837.84
7061.77
6949.43
6837.84
7061.77
6949.43
7061.77
6949.43
6949.43
6949.43
6949.43
6949.43
6949.43
6837.84
7061.77
6949.43
6949.43
6837.84
6949.43
7061.77
7061.77
6837.84
7061.77
6949.43
6949.43
6949.43
6949.43
6837.84
6949.43
6837.84
6949.43
6837.84
6949.43
6949.43
6837.84
6837.84
6949.43
7061.77
6949.43
6949.43
6837.84
6837.84
6837.84
6837.84
6949.43
6837.84
6837.84
6837.84
6949.43
6837.84
6837.84
6949.43
6949.43
6949.43
6837.84
6837.84
6949.43
6949.43
6949.43
6837.84
6949.43
6837.84
6837.84
6837.84
6949.43
6837.84
6949.43
6949.43
6949.43
6837.84
6949.43
6837.84
6837.84
6837.84
6837.84
6837.84
6837.84
6837.84
6837.84
6837.84
6949.43
6837.84
6949.43
6837.84
6837.84
6837.84
6837.84
6837.84
6837.84
6949.43
6837.84
6837.84
6837.84
6837.84
6837.84
6837.84
6837.84
6837.84
6949.43
6837.84
6837.84
6837.84
6837.84
6837.84
6837.84
6837.84
6837.84
6837.84
6837.84
6837.84
6949.43
6837.84
6837.84
6837.84
6837.84
6837.84
6837.84
6837.84
6837.84
6837.84
6837.84
6837.84
6837.84
6837.84
6837.84
6837.84
6837.84
6837.84
6837.84
6837.84
6837.84
6726.25
6837.84
6837.84
6837.84
6837.84
6837.84
6726.25
6837.84
6837.84
6837.84
6726.25
6837.84
6837.84
6837.84
6837.84
6837.84
6726.25
6837.84
6726.25
6837.84
6837.84
6837.84
6837.84
6837.84
6837.84
6837.84
6837.84
6837.84
6726.25
6837.84
6726.25
6726.25
6726.25
6837.84
6726.25
6837.84
6837.84
6837.84
6837.84
6837.84
6726.25
6837.84
6837.84
6837.84
6726.25
6837.84
6726.25
6726.25
6726.25
6837.84
6726.25
6837.84
6726.25
6726.25
6726.25
6614.66
6614.66
6726.25
6837.84
6837.84
6614.66
6726.25
6726.25
6726.25
6614.66
6726.25
6726.25
6837.84
6614.66
6614.66
6614.66
6837.84
6614.66
6614.66
6614.66
6837.84
6614.66
6726.25
6614.66
6837.84
6614.66
6726.25
6614.66
6726.25
6614.66
6726.25
6614.66
6726.25
6614.66
6726.25
6614.66
6614.66
6503.07
6837.84
6726.25
6726.25
6837.84
6837.84
6614.66
6726.25
6726.25
6837.84
6614.66
6726.25
6614.66
6726.25
6614.66
6726.25
6614.66
6726.25
6614.66
6726.25
6503.07
6614.66
6614.66
6837.84
6614.66
6614.66
6614.66
6726.25
6614.66
6726.25
6614.66
6726.25
6503.07
6614.66
6614.66
6726.25
6837.84
6614.66
6614.66
6726.25
6614.66
6614.66
6614.66
6726.25
6614.66
6614.66
6614.66
6726.25
6614.66
6614.66
6614.66
6726.25
6614.66
6614.66
6614.66
6726.25
6614.66
6614.66
6614.66
6614.66
6614.66
6614.66
6614.66
6614.66
6614.66
6726.25
6614.66
6614.66
6614.66
6614.66
6614.66
6614.66
6503.07
6614.66
6614.66
6614.66
6614.66
6614.66
6503.07
6614.66
6614.66
6614.66
6503.07
6614.66
6614.66
6503.07
6614.66
6614.66
6503.07
6503.07
6614.66
6614.66
6503.07
6726.25
6614.66
6614.66
6503.07
6614.66
6614.66
6614.66
6614.66
6503.07
6503.07
6614.66
6503.07
6614.66
6614.66
6614.66
6503.07
6503.07
6614.66
6614.66
6503.07
6614.66
6503.07
6614.66
6726.25
6614.66
6614.66
6503.07
6614.66
6614.66
6614.66
6614.66
6503.07
6614.66
6614.66
6503.07
6503.07
6614.66
6503.07
6614.66
6503.07
6502.32
6390.73
6503.07
6503.07
6503.07
6503.07
6503.07
6503.07
6503.07
6503.07
6502.32
6390.73
6503.07
6503.07
6503.07
6503.07
6503.07
6503.07
6503.07
6503.07
6503.07
6614.66
6614.66
6614.66
6503.07
6614.66
6614.66
6503.07
6614.66
6503.07
6614.66
6503.07
6503.07
6503.07
6614.66
6503.07
6503.07
6614.66
6503.07
6503.07
6502.32
6390.73
6390.73
6390.73
6503.07
6503.07
6502.32
6390.73
6502.32
6390.73
6503.07
6614.66
6614.66
6390.73
6614.66
6390.73
6502.32
6390.73
6614.66
6503.07
6503.07
6503.07
6502.32
6390.73
6502.32
6390.73
6503.07
6503.07
6503.07
6503.07
6502.32
6390.73
6390.73
6390.73
6502.32
6390.73
6502.32
6390.73
6502.32
6390.73
6502.32
6390.73
6390.73
6390.73
6502.32
6390.73
6502.32
6390.73
6390.73
6390.73
6390.73
6502.32
6390.73
6390.73
6390.73
6390.73
6502.32
6390.73
6502.32
6390.73
6502.32
6390.73
6390.73
6390.73
6503.07
6502.32
6390.73
6279.14
6390.73
6390.73
6390.73
6390.73
6502.32
6390.73
6502.32
6390.73
6390.73
6390.73
6390.73
6390.73
6390.73
6390.73
6390.73
6390.73
6390.73
6390.73
6502.32
6390.73
6390.73
6390.73
6502.32
6279.14
6390.73
6502.32
6390.73
6390.73
6390.73
6390.73
6390.73
6390.73
6390.73
6390.73
6390.73
6502.32
6279.14
6390.73
6279.14
6279.14
6502.32
6390.73
6502.32
6279.14
6390.73
6279.14
6279.14
6390.73
6390.73
6390.73
6390.73
6279.14
6390.73
6390.73
6390.73
6279.14
6390.73
6390.73
6390.73
6279.14
6279.14
6390.73
6279.14
6390.73
6390.73
6167.55
6390.73
6279.14
6390.73
6279.14
6279.14
6167.55
6390.73
6279.14
6390.73
6279.14
6279.14
6279.14
6279.14
6167.55
6390.73
6279.14
6390.73
6279.14
6279.14
6390.73
6279.14
6279.14
6390.73
6279.14
6390.73
6279.14
6167.55
6279.14
6279.14
6390.73
6390.73
6167.55
6279.14
6390.73
6279.14
6167.55
6279.14
6167.55
6279.14
6167.55
6279.14
6167.55
6279.14
6167.55
6390.73
6167.55
6279.14
6279.14
6279.14
6055.96
6167.55
6167.55
6390.73
6167.55
6390.73
6390.73
6390.73
6279.14
6390.73
6167.55
6279.14
6167.55
6279.14
6167.55
6279.14
6279.14
6279.14
6167.55
6279.14
6167.55
6279.14
6167.55
6279.14
6279.14
6279.14
6279.14
6167.55
6279.14
6279.14
6279.14
6279.14
6279.14
6279.14
6279.14
6390.73
6279.14
6279.14
6167.55
6279.14
6167.55
6279.14
6167.55
6279.14
6167.55
6279.14
6055.96
6279.14
6167.55
6167.55
6167.55
6279.14
6167.55
6279.14
6279.14
6390.73
6167.55
6167.55
6279.14
6390.73
6167.55
6167.55
6055.96
6167.55
6167.55
6167.55
6167.55
6167.55
6279.14
6279.14
6167.55
6167.55
6167.55
6279.14
6167.55
6167.55
6167.55
6167.55
6167.55
6167.55
6167.55
6279.14
6167.55
6167.55
6167.55
6279.14
6279.14
6167.55
6055.96
6167.55
6167.55
6167.55
6167.55
6167.55
6167.55
6167.55
6167.55
6167.55
6167.55
6279.14
6279.14
6167.55
6167.55
6167.55
6167.55
6167.55
6167.55
6167.55
6167.55
6167.55
6167.55
6167.55
6167.55
6055.96
6167.55
6055.96
6055.96
6167.55
6055.96
6055.96
6167.55
6055.96
6167.55
6055.96
6167.55
6167.55
6055.96
6167.55
6167.55
6167.55
6167.55
6167.55
6167.55
6167.55
6167.55
6167.55
6055.96
6167.55
6055.96
6167.55
6167.55
6055.96
6055.96
6167.55
6055.96
6055.96
6167.55
6167.55
6167.55
6055.96
6167.55
6167.55
6055.96
6055.96
6055.96
6167.55
6055.96
6055.96
6167.55
6055.96
6167.55
6167.55
5943.62
6055.96
6167.55
6055.96
6055.96
6167.55
6055.96
6167.55
6167.55
6055.96
6055.96
6167.55
6055.96
6055.96
6055.96
6055.96
6055.96
6055.96
6055.96
6055.96
5943.62
6055.96
6055.96
6055.96
6055.96
6055.96
6055.96
6167.55
6055.96
6055.96
6167.55
6167.55
6055.96
6055.96
6055.96
5943.62
6055.96
6167.55
6055.96
6055.96
6055.96
6055.96
6055.96
6055.96
6055.96
6055.96
6055.96
6055.96
6055.96
6167.55
5943.62
6055.96
6055.96
6055.96
6055.96
6055.96
6055.96
6055.96
5943.62
6055.96
5943.62
6055.96
6055.96
6167.55
6055.96
6055.96
5943.62
6055.96
6055.96
6055.96
5943.62
6055.96
5943.62
6055.96
6055.96
6055.96
6055.96
6055.96
5943.62
5943.62
5943.62
6055.96
5943.62
6055.96
5943.62
6055.96
6055.96
5943.62
5943.62
6055.96
5943.62
6055.96
5943.62
6055.96
5943.62
6055.96
5832.03
6055.96
5943.62
6055.96
6055.96
5943.62
5943.62
5943.62
5943.62
6055.96
5943.62
6055.96
5943.62
5943.62
6055.96
6055.96
6055.96
6055.96
6055.96
6055.96
5943.62
6055.96
5832.03
5943.62
5943.62
6055.96
5943.62
5943.62
5943.62
6055.96
5943.62
5943.62
5832.03
6055.96
5943.62
5943.62
5943.62
6055.96
5832.03
5943.62
6055.96
5943.62
5943.62
5943.62
5943.62
5943.62
5943.62
5832.03
5943.62
6055.96
5832.03
5943.62
5943.62
5832.03
5943.62
5943.62
5943.62
6055.96
5832.03
6055.96
5832.03
5943.62
5943.62
5943.62
5943.62
5943.62
5943.62
5943.62
5943.62
5943.62
5832.03
5832.03
5832.03
5943.62
5832.03
5943.62
5832.03
5832.03
5943.62
5943.62
5943.62
5943.62
5943.62
5943.62
5943.62
5943.62
5832.03
5943.62
5832.03
5943.62
5943.62
5943.62
5943.62
5943.62
5943.62
5832.03
5832.03
5832.03
5720.44
5832.03
5832.03
5943.62
5608.85
5720.44
5943.62
5943.62
5720.44
5832.03
5943.62
5943.62
5608.85
5943.62
5832.03
5832.03
5720.44
5832.03
5832.03
5943.62
5720.44
5832.03
5832.03
5943.62
5832.03
5832.03
5832.03
5943.62
5943.62
5943.62
5832.03
5943.62
5832.03
5832.03
5720.44
5832.03
5832.03
5943.62
5608.85
5943.62
5720.44
5720.44
5608.85
5720.44
5832.03
5832.03
5832.03
5720.44
5832.03
5943.62
5832.03
5608.85
5720.44
5832.03
5720.44
5832.03
5608.85
5832.03
5608.85
5832.03
5608.85
5832.03
5608.85
5720.44
5832.03
5832.03
5832.03
5720.44
5832.03
5832.03
5720.44
5720.44
5608.85
5832.03
5720.44
5832.03
5608.85
5943.62
5832.03
5832.03
5832.03
5832.03
5720.44
5720.44
5720.44
5832.03
5720.44
5832.03
5608.85
5943.62
5720.44
5832.03
5608.85
5832.03
5608.85
5832.03
5720.44
5832.03
5608.85
5832.03
5608.85
5832.03
5608.85
5832.03
5720.44
5720.44
5832.03
5832.03
5720.44
5720.44
5832.03
5943.62
5608.85
5720.44
5720.44
5832.03
5608.85
5720.44
5608.85
5832.03
5608.85
5608.85
5608.85
5720.44
5720.44
5608.85
5832.03
5608.85
5608.85
5608.85
5608.85
5720.44
5608.85
5720.44
5720.44
5720.44
5720.44
5832.03
5720.44
5832.03
5496.51
5720.44
