Start:,0,
Length:,16384,
Sample Rate:,200000000,
-431,
-439,
-381,
-401,
-396,
-386,
-402,
-426,
-418,
-423,
-375,
-428,
-392,
-376,
-433,
-413,
-397,
-398,
-417,
-412,
-381,
-388,
-442,
-417,
-411,
-433,
-411,
-378,
-400,
-388,
-439,
-376,
-443,
-442,
-431,
-433,
-408,
-376,
-441,
-404,
-389,
-401,
-396,
-381,
-393,
-395,
-439,
-437,
-411,
-438,
-429,
-402,
-415,
-433,
-414,
-418,
-426,
-431,
-437,
-401,
-400,
-441,
-405,
-395,
-429,
-400,
-442,
-420,
-383,
-429,
-399,
-430,
-417,
-394,
-421,
-399,
-425,
-399,
-434,
-428,
-385,
-392,
-377,
-393,
-398,
-420,
-374,
-415,
-443,
-435,
-375,
-425,
-413,
-399,
-421,
-400,
-383,
-424,
-394,
-421,
-401,
-391,
-431,
-439,
-375,
-425,
-411,
-432,
-389,
-395,
-430,
-414,
-424,
-386,
-409,
-404,
-388,
-382,
-404,
-391,
-428,
-376,
-437,
-402,
-423,
-378,
-403,
-443,
-435,
-376,
-438,
-423,
-433,
-417,
-411,
-438,
-421,
-408,
-380,
-438,
-431,
-444,
-389,
-395,
-423,
-445,
-402,
-415,
-431,
-442,
-417,
-399,
-436,
-393,
-386,
-408,
-385,
-397,
-392,
-439,
-442,
-423,
-435,
-376,
-437,
-398,
-414,
-424,
-385,
-391,
-431,
-377,
-396,
-386,
-409,
-401,
-403,
-441,
-410,
-421,
-395,
-437,
-409,
-407,
-433,
-417,
-401,
-407,
-428,
-375,
-428,
-390,
-409,
-402,
-408,
-444,
-394,
-417,
-405,
-401,
-399,
-434,
-423,
-433,
-420,
-378,
-399,
-435,
-378,
-398,
-408,
-386,
-402,
-425,
-412,
-384,
-438,
-434,
-426,
-433,
-413,
-400,
-441,
-410,
-423,
-432,
-389,
-401,
-393,
-396,
-382,
-410,
-415,
-428,
-381,
-399,
-436,
-394,
-410,
-428,
-379,
-423,
-438,
-423,
-432,
-387,
-422,
-422,
-424,
-383,
-426,
-430,
-431,
-380,
-436,
-387,
-433,
-405,
-403,
-427,
-444,
-397,
-397,
-394,
-417,
-407,
-425,
-412,
-387,
-436,
-385,
-386,
-409,
-408,
-379,
-432,
-397,
-400,
-386,
-404,
-378,
-403,
-435,
-441,
-411,
-433,
-417,
-405,
-404,
-378,
-405,
-395,
-439,
-443,
-375,
-420,
-387,
-432,
-383,
-426,
-426,
-422,
-426,
-417,
-413,
-390,
-413,
-389,
-391,
-431,
-439,
-381,
-395,
-426,
-434,
-422,
-424,
-395,
-424,
-386,
-402,
-416,
-393,
-400,
-440,
-403,
-429,
-397,
-400,
-388,
-441,
-407,
-426,
-418,
-415,
-439,
-375,
-422,
-414,
-418,
-415,
-427,
-442,
-418,
-414,
-412,
-383,
-420,
-391,
-424,
-394,
-417,
-398,
-401,
-394,
-416,
-392,
-379,
-431,
-439,
-381,
-401,
-396,
-386,
-402,
-426,
-418,
-423,
-375,
-428,
-392,
-376,
-433,
-413,
-397,
-398,
-417,
-412,
-381,
-388,
-442,
-417,
-411,
-433,
-411,
-378,
-400,
-388,
-439,
-376,
-443,
-442,
-431,
-433,
-408,
-376,
-441,
-404,
-389,
-401,
-396,
-381,
-393,
-395,
-439,
-437,
-411,
-438,
-429,
-402,
-415,
-433,
-414,
-418,
-426,
-431,
-437,
-401,
-400,
-441,
-405,
-395,
-429,
-400,
-442,
-420,
-383,
-429,
-399,
-430,
-417,
-394,
-421,
-399,
-425,
-399,
-434,
-428,
-385,
-392,
-377,
-393,
-398,
-420,
-374,
-415,
-443,
-435,
-375,
-425,
-413,
-399,
-421,
-400,
-383,
-424,
-394,
-421,
-401,
-391,
-431,
-439,
-375,
-425,
-411,
-432,
-389,
-395,
-430,
-414,
-424,
-386,
-409,
-404,
-388,
-382,
-404,
-391,
-428,
-376,
-437,
-402,
-423,
-378,
-403,
-443,
-435,
-376,
-438,
-423,
-433,
-417,
-411,
-438,
-421,
-408,
-380,
-438,
-431,
-444,
-389,
-395,
-423,
-445,
-402,
-415,
-431,
-442,
-417,
-399,
-436,
-393,
-386,
-408,
-385,
-397,
-392,
-439,
-442,
-423,
-435,
-376,
-437,
-398,
-414,
-424,
-385,
-391,
-431,
-377,
-396,
-386,
-409,
-401,
-403,
-441,
-410,
-421,
-395,
-437,
-409,
-407,
-433,
-417,
-401,
-407,
-428,
-375,
-428,
-390,
-409,
-402,
-408,
-444,
-394,
-417,
-405,
-401,
-399,
-434,
-423,
-433,
-420,
-378,
-399,
-435,
-378,
-398,
-408,
-386,
-402,
-425,
-412,
-384,
-438,
-434,
-426,
-433,
-413,
-400,
-441,
-410,
-423,
-432,
-389,
-401,
-393,
-396,
-382,
-410,
-415,
-428,
-381,
-399,
-436,
-394,
-410,
-428,
-379,
-423,
-438,
-423,
-432,
-387,
-422,
-422,
-424,
-383,
-426,
-430,
-431,
-380,
-436,
-387,
-433,
-405,
-403,
-427,
-444,
-397,
-397,
-394,
-417,
-407,
-425,
-412,
-387,
-436,
-385,
-386,
-409,
-408,
-379,
-432,
-397,
-400,
-386,
-404,
-378,
-403,
-435,
-441,
-411,
-433,
-417,
-405,
-404,
-378,
-405,
-395,
-439,
-443,
-375,
-420,
-387,
-432,
-383,
-426,
-426,
-422,
-426,
-417,
-413,
-390,
-413,
-389,
-391,
-431,
-439,
-381,
-395,
-426,
-434,
-422,
-424,
-395,
-424,
-386,
-402,
-416,
-393,
-400,
-440,
-403,
-429,
-397,
-400,
-388,
-441,
-407,
-426,
-418,
-415,
-439,
-375,
-422,
-414,
-418,
-415,
-427,
-442,
-418,
-414,
-412,
-383,
-420,
-391,
-424,
-394,
-417,
-398,
-401,
-394,
-416,
-392,
-379,
-431,
-439,
-381,
-401,
-396,
-386,
-402,
-426,
-418,
-423,
-375,
-428,
-392,
-376,
-433,
-413,
-397,
-398,
-417,
-412,
-381,
-388,
-442,
-417,
-411,
-433,
-411,
-378,
-400,
-388,
-439,
-376,
-443,
-442,
-431,
-433,
-408,
-376,
-441,
-404,
-389,
-401,
-396,
-381,
-393,
-395,
-439,
-437,
-411,
-438,
-429,
-402,
-415,
-433,
-414,
-418,
-426,
-431,
-437,
-401,
-400,
-441,
-405,
-395,
-429,
-400,
-442,
-420,
-383,
-429,
-399,
-430,
-417,
-394,
-421,
-399,
-425,
-399,
-434,
-428,
-385,
-392,
-377,
-393,
-398,
-420,
-374,
-415,
-443,
-435,
-375,
-425,
-413,
-399,
-421,
-400,
-383,
-424,
-394,
-421,
-401,
-391,
-431,
-439,
-375,
-425,
-411,
-432,
-389,
-395,
-430,
-414,
-424,
-386,
-409,
-404,
-388,
-382,
-404,
-391,
-428,
-376,
-437,
-402,
-423,
-378,
-403,
-443,
-435,
-376,
-438,
-423,
-433,
-417,
-411,
-438,
-421,
-408,
-380,
-438,
-431,
-444,
-389,
-395,
-423,
-445,
-402,
-415,
-431,
-442,
-417,
-399,
-436,
-393,
-386,
-408,
-385,
-397,
-392,
-439,
-442,
-423,
-435,
-376,
-437,
-398,
-414,
-424,
-385,
-391,
-431,
-377,
-396,
-386,
-409,
-401,
-403,
-441,
-410,
-421,
-395,
-437,
-409,
-407,
-433,
-417,
-401,
-407,
-428,
-375,
-428,
-390,
-409,
-402,
-408,
-444,
-394,
-417,
-405,
-401,
-399,
-434,
-423,
-433,
-420,
-378,
-399,
-435,
-378,
-398,
-408,
-386,
-402,
-425,
-412,
-384,
-438,
-434,
-426,
-433,
-413,
-400,
-441,
-410,
-423,
-432,
-389,
-401,
-393,
-396,
-382,
-410,
-415,
-428,
-381,
-399,
-436,
-394,
-410,
-428,
-379,
-423,
-438,
-423,
-432,
-387,
-422,
-422,
-424,
-383,
-426,
-430,
-431,
-380,
-436,
-387,
-433,
-405,
-403,
-427,
-444,
-397,
-397,
-394,
-417,
-407,
-425,
-412,
-387,
-436,
-385,
-386,
-409,
-408,
-379,
-432,
-397,
-400,
-386,
-404,
-378,
-403,
-435,
-441,
-411,
-433,
-417,
-405,
-404,
-378,
-405,
-395,
-439,
-443,
-375,
-420,
-387,
-432,
-383,
-426,
-426,
-422,
-426,
-417,
-413,
-390,
-413,
-389,
-391,
-431,
-439,
-381,
-395,
-426,
-434,
-422,
-424,
-395,
-424,
-386,
-402,
-416,
-393,
-400,
-440,
-403,
-429,
-397,
-400,
-388,
-441,
-407,
-426,
-418,
-415,
-439,
-375,
-422,
-414,
-418,
-415,
-427,
-442,
-418,
-414,
-412,
-383,
-420,
-391,
-424,
-394,
-417,
-398,
-401,
-394,
-416,
-392,
-379,
-431,
-439,
-381,
-401,
-396,
-386,
-402,
-426,
-418,
-423,
-375,
-428,
-392,
-376,
-433,
-413,
-397,
-398,
-417,
-412,
-381,
-388,
-442,
-417,
-411,
-433,
-411,
-378,
-400,
-388,
-439,
-376,
-443,
-442,
-431,
-433,
-408,
-376,
-441,
-404,
-389,
-401,
-396,
-381,
-393,
-395,
-439,
-437,
-411,
-438,
-429,
-402,
-415,
-433,
-414,
-418,
-426,
-431,
-437,
-401,
-400,
-441,
-405,
-395,
-429,
-400,
-442,
-420,
-383,
-429,
-399,
-430,
-417,
-394,
-421,
-399,
-425,
-399,
-434,
-428,
-385,
-392,
-377,
-393,
-398,
-420,
-374,
-415,
-443,
-435,
-375,
-425,
-413,
-399,
-421,
-400,
-383,
-424,
-394,
-421,
-401,
-391,
-431,
-439,
-375,
-425,
-411,
-432,
-389,
-395,
-430,
-414,
-424,
-386,
-409,
-404,
-388,
-382,
-404,
-391,
-428,
-376,
-437,
-402,
-423,
-378,
-403,
-443,
-435,
-376,
-438,
-423,
-433,
-417,
-411,
-438,
-421,
-408,
-380,
-438,
-431,
-444,
-389,
-395,
-423,
-445,
-402,
-415,
-431,
-442,
-417,
-399,
-436,
-393,
-386,
-408,
-385,
-397,
-392,
-439,
-442,
-423,
-435,
-376,
-437,
-398,
-414,
-424,
-385,
-391,
-431,
-377,
-396,
-386,
-409,
-401,
-403,
-441,
-410,
-421,
-395,
-437,
-409,
-407,
-433,
-417,
-401,
-407,
-428,
-375,
-428,
-390,
-409,
-402,
-408,
-444,
-394,
-417,
-405,
-401,
-399,
-434,
-423,
-433,
-420,
-378,
-399,
-435,
-378,
-398,
-408,
-386,
-402,
-425,
-412,
-384,
-438,
-434,
-426,
-433,
-413,
-400,
-441,
-410,
-423,
-432,
-389,
-401,
-393,
-396,
-382,
-410,
-415,
-428,
-381,
-399,
-436,
-394,
-410,
-428,
-379,
-423,
-438,
-423,
-432,
-387,
-422,
-422,
-424,
-383,
-426,
-430,
-431,
-380,
-436,
-387,
-433,
-405,
-403,
-427,
-444,
-397,
-397,
-394,
-417,
-407,
-425,
-412,
-387,
-436,
-385,
-386,
-409,
-408,
-379,
-432,
-397,
-400,
-386,
-404,
-378,
-403,
-435,
-441,
-411,
-433,
-417,
-405,
-404,
-378,
-405,
-395,
-439,
-443,
-375,
-420,
-387,
-432,
-383,
-426,
-426,
-422,
-426,
-417,
-413,
-390,
-413,
-389,
-391,
-431,
-439,
-381,
-395,
-426,
-434,
-422,
-424,
-395,
-424,
-386,
-402,
-416,
-393,
-400,
-440,
-403,
-429,
-397,
-400,
-388,
-441,
-407,
-426,
-418,
-415,
-439,
-375,
-422,
-414,
-418,
-415,
-427,
-442,
-418,
-414,
-412,
-383,
-420,
-391,
-424,
-394,
-417,
-398,
-401,
-394,
-416,
-392,
-379,
-431,
-439,
-381,
-401,
-396,
-386,
-402,
-426,
-418,
-423,
-375,
-428,
-392,
-376,
-433,
-413,
-397,
-398,
-417,
-412,
-381,
-388,
-442,
-417,
-411,
-433,
-411,
-378,
-400,
-388,
-439,
-376,
-443,
-442,
-431,
-433,
-408,
-376,
-441,
-404,
-389,
-401,
-396,
-381,
-393,
-395,
-439,
-437,
-411,
-438,
-429,
-402,
-415,
-433,
-414,
-418,
-426,
-431,
-437,
-401,
-400,
-441,
-405,
-395,
-429,
-400,
-442,
-420,
-383,
-429,
-399,
-430,
-417,
-394,
-421,
-399,
-425,
-399,
-434,
-428,
-385,
-392,
-377,
-393,
-398,
-420,
-374,
-415,
-443,
-435,
-375,
-425,
-413,
-399,
-421,
-400,
-383,
-424,
-394,
-421,
-401,
-391,
-431,
-439,
-375,
-425,
-411,
-432,
-389,
-395,
-430,
-414,
-424,
-386,
-409,
-404,
-388,
-382,
-404,
-391,
-428,
-376,
-437,
-402,
-423,
-378,
-403,
-443,
-435,
-376,
-438,
-423,
-433,
-417,
-411,
-438,
-421,
-408,
-380,
-438,
-431,
-444,
-389,
-395,
-423,
-445,
-402,
-415,
-431,
-442,
-417,
-399,
-436,
-393,
-386,
-408,
-385,
-397,
-392,
-439,
-442,
-423,
-435,
-376,
-437,
-398,
-414,
-424,
-385,
-391,
-431,
-377,
-396,
-386,
-409,
-401,
-403,
-441,
-410,
-421,
-395,
-437,
-409,
-407,
-433,
-417,
-401,
-407,
-428,
-375,
-428,
-390,
-409,
-402,
-408,
-444,
-394,
-417,
-405,
-401,
-399,
-434,
-423,
-433,
-420,
-378,
-399,
-435,
-378,
-398,
-408,
-386,
-402,
-425,
-412,
-384,
-438,
-434,
-426,
-433,
-413,
-400,
-441,
-410,
-423,
-432,
-389,
-401,
-393,
-396,
-382,
-410,
-415,
-428,
-381,
-399,
-436,
-394,
-410,
-428,
-379,
-423,
-438,
-423,
-432,
-387,
-422,
-422,
-424,
-383,
-426,
-430,
-431,
-380,
-436,
-387,
-433,
-405,
-403,
-427,
-444,
-397,
-397,
-394,
-417,
-407,
-425,
-412,
-387,
-436,
-385,
-386,
-409,
-408,
-379,
-432,
-397,
-400,
-386,
-404,
-378,
-403,
-435,
-441,
-411,
-433,
-417,
-405,
-404,
-378,
-405,
-395,
-439,
-443,
-375,
-420,
-387,
-432,
-383,
-426,
-426,
-422,
-426,
-417,
-413,
-390,
-413,
-389,
-391,
-431,
-439,
-381,
-395,
-426,
-434,
-422,
-424,
-395,
-424,
-386,
-402,
-416,
-393,
-400,
-440,
-403,
-429,
-397,
-400,
-388,
-441,
-407,
-426,
-418,
-415,
-439,
-375,
-422,
-414,
-418,
-415,
-427,
-442,
-418,
-414,
-412,
-383,
-420,
-391,
-424,
-394,
-417,
-398,
-401,
-394,
-416,
-392,
-379,
-431,
-439,
-381,
-401,
-396,
-386,
-402,
-426,
-418,
-423,
-375,
-428,
-392,
-376,
-433,
-413,
-397,
-398,
-417,
-412,
-381,
-388,
-442,
-417,
-411,
-433,
-411,
-378,
-400,
-388,
-439,
-376,
-443,
-442,
-431,
-433,
-408,
-376,
-441,
-404,
-389,
-401,
-396,
-381,
-393,
-395,
-439,
-437,
-411,
-438,
-429,
-402,
-415,
-433,
-414,
-418,
-426,
-431,
-437,
-401,
-400,
-441,
-405,
-395,
-429,
-400,
-442,
-420,
-383,
-429,
-399,
-430,
-417,
-394,
-421,
-399,
-425,
-399,
-434,
-428,
-385,
-392,
-377,
-393,
-398,
-420,
-374,
-415,
-443,
-435,
-375,
-425,
-413,
-399,
-421,
-400,
-383,
-424,
-394,
-421,
-401,
-391,
-431,
-439,
-375,
-425,
-411,
-432,
-389,
-395,
-430,
-414,
-424,
-386,
-409,
-404,
-388,
-382,
-404,
-391,
-428,
-376,
-437,
-402,
-423,
-378,
-403,
-443,
-435,
-376,
-438,
-423,
-433,
-417,
-411,
-438,
-421,
-408,
-380,
-438,
-431,
-444,
-389,
-395,
-423,
-445,
-402,
-415,
-431,
-442,
-417,
-399,
-436,
-393,
-386,
-408,
-385,
-397,
-392,
-439,
-442,
-423,
-435,
-376,
-437,
-398,
-414,
-424,
-385,
-391,
-431,
-377,
-396,
-386,
-409,
-401,
-403,
-441,
-410,
-421,
-395,
-437,
-409,
-407,
-433,
-417,
-401,
-407,
-428,
-375,
-428,
-390,
-409,
-402,
-408,
-444,
-394,
-417,
-405,
-401,
-399,
-434,
-423,
-433,
-420,
-378,
-399,
-435,
-378,
-398,
-408,
-227,
-89,
40,
203,
379,
468,
614,
761,
891,
1046,
1190,
1278,
1436,
1548,
1661,
1824,
1931,
2054,
2165,
2291,
2373,
2476,
2569,
2718,
2803,
2866,
3006,
3086,
3164,
3306,
3353,
3427,
3531,
3608,
3738,
3786,
3868,
3946,
4066,
4100,
4172,
4246,
4371,
4387,
4506,
4530,
4625,
4695,
4736,
4784,
4894,
4956,
5020,
5057,
5126,
5165,
5235,
5315,
5322,
5426,
5478,
5506,
5558,
5637,
5632,
5716,
5760,
5821,
5848,
5919,
5937,
5948,
5984,
6056,
6074,
6131,
6182,
6221,
6285,
6295,
6341,
6334,
6365,
6467,
6456,
6522,
6510,
6591,
6579,
6610,
6644,
6670,
6707,
6741,
6792,
6797,
6847,
6872,
6858,
6875,
6959,
6970,
6962,
6979,
7014,
7035,
7087,
7080,
7140,
7144,
7151,
7195,
7209,
7187,
7244,
7237,
7287,
7302,
7333,
7298,
7349,
7347,
7372,
7391,
7383,
7463,
7432,
7454,
7465,
7483,
7485,
7485,
7522,
7540,
7555,
7597,
7572,
7615,
7593,
7636,
7625,
7656,
7664,
7682,
7670,
7705,
7729,
7688,
7689,
7757,
7748,
7762,
7782,
7774,
7760,
7777,
7780,
7837,
7792,
7837,
7861,
7812,
7840,
7863,
7869,
7858,
7871,
7909,
7909,
7861,
7892,
7905,
7889,
7917,
7957,
7941,
7960,
7913,
7983,
7921,
7927,
7945,
7947,
7978,
8014,
7954,
7996,
8015,
8008,
8018,
8037,
8030,
8031,
7993,
7998,
8028,
8005,
8019,
8049,
8040,
8025,
8048,
8047,
8042,
8042,
8039,
8078,
8082,
8044,
8083,
8096,
8065,
8097,
8058,
8082,
8122,
8079,
8111,
8082,
8098,
8123,
8099,
8123,
8099,
8127,
8094,
8102,
8147,
8142,
8159,
8145,
8141,
8122,
8169,
8130,
8104,
8113,
8175,
8126,
8140,
8156,
8135,
8158,
8176,
8136,
8167,
8142,
8163,
8174,
8136,
8129,
8191,
8145,
8160,
8140,
8184,
8179,
8145,
8161,
8153,
8191,
8169,
8175,
8191,
8191,
8177,
8191,
8156,
8191,
8148,
8183,
8162,
8191,
8183,
8145,
8153,
8191,
8151,
8167,
8156,
8173,
8180,
8153,
8170,
8184,
8191,
8154,
8162,
8149,
8191,
8191,
8171,
8150,
8191,
8180,
8164,
8154,
8179,
8191,
8160,
8191,
8191,
8188,
8191,
8191,
8191,
8158,
8155,
8174,
8162,
8191,
8161,
8191,
8183,
8173,
8191,
8191,
8166,
8191,
8191,
8191,
8188,
8191,
8191,
8156,
8186,
8176,
8191,
8159,
8187,
8189,
8162,
8179,
8191,
8189,
8168,
8191,
8167,
8191,
8185,
8191,
8186,
8150,
8191,
8176,
8188,
8191,
8191,
8159,
8170,
8159,
8173,
8191,
8191,
8156,
8191,
8191,
8182,
8191,
8188,
8164,
8177,
8191,
8150,
8154,
8161,
8154,
8175,
8188,
8146,
8176,
8163,
8154,
8191,
8184,
8191,
8188,
8191,
8174,
8169,
8155,
8191,
8183,
8146,
8188,
8171,
8153,
8191,
8157,
8142,
8157,
8147,
8191,
8156,
8156,
8154,
8191,
8150,
8146,
8145,
8191,
8139,
8188,
8141,
8169,
8171,
8146,
8129,
8175,
8175,
8177,
8154,
8164,
8145,
8158,
8182,
8133,
8184,
8182,
8158,
8159,
8187,
8134,
8168,
8165,
8179,
8161,
8186,
8160,
8128,
8122,
8151,
8128,
8144,
8155,
8156,
8182,
8155,
8163,
8119,
8115,
8183,
8137,
8169,
8125,
8173,
8129,
8129,
8132,
8128,
8136,
8140,
8162,
8140,
8163,
8160,
8120,
8111,
8168,
8154,
8122,
8115,
8126,
8123,
8152,
8123,
8160,
8144,
8129,
8151,
8145,
8103,
8140,
8114,
8145,
8141,
8153,
8100,
8133,
8114,
8122,
8124,
8099,
8163,
8116,
8123,
8118,
8122,
8108,
8093,
8117,
8120,
8122,
8150,
8112,
8141,
8107,
8137,
8114,
8133,
8129,
8135,
8112,
8136,
8148,
8096,
8087,
8145,
8125,
8129,
8139,
8122,
8098,
8105,
8099,
8147,
8093,
8129,
8145,
8087,
8107,
8122,
8121,
8101,
8105,
8136,
8129,
8074,
8098,
8104,
8081,
8102,
8136,
8112,
8125,
8073,
8136,
8068,
8068,
8080,
8077,
8101,
8133,
8067,
8103,
8118,
8105,
8110,
8124,
8112,
8109,
8065,
8066,
8092,
8065,
8073,
8100,
8086,
8067,
8086,
8081,
8073,
8068,
8061,
8096,
8097,
8056,
8092,
8101,
8066,
8095,
8052,
8074,
8110,
8064,
8093,
8062,
8074,
8096,
8070,
8091,
8064,
8089,
8054,
8060,
8102,
8095,
8109,
8093,
8087,
8065,
8110,
8068,
8041,
8048,
8107,
8056,
8068,
8082,
8059,
8079,
8096,
8054,
8083,
8057,
8077,
8086,
8045,
8036,
8100,
8049,
8063,
8042,
8084,
8078,
8043,
8057,
8047,
8085,
8061,
8065,
8081,
8087,
8064,
8077,
8039,
8091,
8029,
8063,
8042,
8087,
8060,
8021,
8028,
8087,
8024,
8039,
8027,
8043,
8049,
8022,
8038,
8051,
8078,
8019,
8026,
8013,
8067,
8061,
8031,
8010,
8052,
8039,
8022,
8011,
8035,
8052,
8015,
8058,
8064,
8041,
8064,
8052,
8056,
8008,
8005,
8023,
8011,
8070,
8008,
8046,
8029,
8020,
8058,
8051,
8011,
8064,
8044,
8055,
8031,
8038,
8035,
7997,
8028,
8017,
8042,
7999,
8027,
8028,
8001,
8018,
8033,
8027,
8006,
8057,
8004,
8042,
8022,
8029,
8022,
7985,
8035,
8011,
8023,
8026,
8028,
7992,
8003,
7992,
8005,
8047,
8024,
7988,
8045,
8024,
8014,
8036,
8018,
7995,
8008,
8036,
7980,
7984,
7991,
7984,
8004,
8017,
7975,
8005,
7992,
7982,
8024,
8013,
8020,
8016,
8030,
8001,
7996,
7983,
8028,
8010,
7972,
8014,
7997,
7980,
8028,
7983,
7968,
7983,
7973,
8018,
7982,
7981,
7979,
8019,
7975,
7971,
7969,
8021,
7964,
8012,
7966,
7993,
7995,
7970,
7953,
7999,
7999,
8001,
7977,
7987,
7968,
7981,
8005,
7956,
8007,
8005,
7981,
7982,
8011,
7957,
7991,
7988,
8002,
7983,
8009,
7983,
7951,
7944,
7974,
7950,
7967,
7978,
7979,
8005,
7977,
7986,
7942,
7937,
8005,
7959,
7992,
7947,
7995,
7951,
7950,
7954,
7950,
7957,
7962,
7984,
7961,
7984,
7982,
7941,
7932,
7990,
7976,
7943,
7936,
7947,
7944,
7974,
7944,
7982,
7964,
7950,
7972,
7966,
7924,
7962,
7935,
7966,
7962,
7975,
7921,
7955,
7935,
7942,
7945,
7920,
7984,
7936,
7944,
7940,
7942,
7929,
7915,
7938,
7941,
7942,
7971,
7933,
7962,
7928,
7957,
7934,
7954,
7949,
7956,
7933,
7957,
7969,
7917,
7908,
7965,
7946,
7949,
7960,
7942,
7919,
7926,
7920,
7968,
7914,
7950,
7966,
7908,
7927,
7943,
7941,
7921,
7926,
7957,
7949,
7895,
7919,
7925,
7902,
7923,
7957,
7933,
7946,
7894,
7956,
7889,
7889,
7901,
7897,
7922,
7954,
7888,
7924,
7939,
7926,
7931,
7945,
7933,
7930,
7886,
7887,
7913,
7886,
7894,
7920,
7907,
7888,
7907,
7902,
7894,
7889,
7882,
7917,
7918,
7877,
7912,
7921,
7887,
7916,
7873,
7895,
7931,
7885,
7914,
7883,
7896,
7917,
7890,
7912,
7886,
7910,
7875,
7881,
7923,
7916,
7930,
7913,
7908,
7886,
7931,
7889,
7862,
7868,
7928,
7877,
7889,
7903,
7880,
7901,
7917,
7875,
7905,
7878,
7897,
7906,
7866,
7858,
7921,
7871,
7884,
7862,
7905,
7899,
7864,
7879,
7868,
7906,
7882,
7887,
7902,
7908,
7884,
7898,
7861,
7912,
7851,
7884,
7863,
7908,
7882,
7843,
7849,
7908,
7845,
7860,
7849,
7865,
7871,
7843,
7859,
7872,
7899,
7840,
7847,
7834,
7888,
7882,
7853,
7831,
7874,
7860,
7844,
7832,
7857,
7874,
7836,
7880,
7886,
7863,
7886,
7873,
7878,
7830,
7827,
7845,
7832,
7891,
7830,
7868,
7851,
7841,
7880,
7873,
7832,
7886,
7866,
7876,
7853,
7860,
7857,
7819,
7850,
7839,
7864,
7821,
7849,
7850,
7823,
7839,
7854,
7849,
7828,
7879,
7825,
7864,
7844,
7851,
7844,
7807,
7857,
7833,
7845,
7849,
7850,
7815,
7825,
7814,
7828,
7869,
7847,
7810,
7867,
7847,
7836,
7858,
7840,
7817,
7830,
7858,
7802,
7807,
7814,
7806,
7826,
7839,
7797,
7827,
7815,
7805,
7847,
7835,
7842,
7838,
7852,
7824,
7818,
7805,
7851,
7832,
7795,
7837,
7820,
7802,
7851,
7806,
7791,
7805,
7795,
7840,
7804,
7803,
7801,
7842,
7798,
7793,
7792,
7843,
7786,
7835,
7788,
7816,
7818,
7793,
7775,
7822,
7822,
7824,
7800,
7810,
7791,
7804,
7828,
7779,
7830,
7828,
7804,
7805,
7833,
7780,
7814,
7811,
7825,
7806,
7832,
7806,
7774,
7767,
7797,
7773,
7790,
7801,
7802,
7828,
7800,
7809,
7765,
7761,
7828,
7782,
7815,
7770,
7818,
7774,
7774,
7777,
7773,
7781,
7786,
7807,
7785,
7808,
7805,
7765,
7756,
7813,
7799,
7767,
7759,
7770,
7768,
7797,
7767,
7805,
7788,
7773,
7796,
7789,
7748,
7785,
7758,
7790,
7786,
7798,
7744,
7778,
7758,
7766,
7768,
7744,
7807,
7760,
7768,
7763,
7766,
7753,
7738,
7761,
7765,
7766,
7795,
7757,
7786,
7751,
7781,
7758,
7777,
7773,
7779,
7757,
7780,
7793,
7741,
7732,
7789,
7769,
7773,
7784,
7766,
7742,
7749,
7744,
7792,
7738,
7774,
7790,
7732,
7751,
7766,
7765,
7746,
7750,
7781,
7773,
7719,
7743,
7749,
7726,
7747,
7781,
7757,
7770,
7718,
7780,
7713,
7713,
7725,
7721,
7747,
7778,
7712,
7748,
7763,
7751,
7755,
7770,
7757,
7754,
7711,
7712,
7737,
7710,
7719,
7745,
7732,
7712,
7732,
7726,
7718,
7713,
7707,
7742,
7743,
7701,
7736,
7746,
7712,
7741,
7698,
7719,
7755,
7710,
7739,
7707,
7720,
7742,
7715,
7736,
7710,
7735,
7699,
7705,
7748,
7740,
7755,
7738,
7733,
7711,
7755,
7714,
7686,
7693,
7753,
7702,
7714,
7728,
7705,
7725,
7742,
7700,
7729,
7703,
7722,
7732,
7691,
7682,
7746,
7695,
7709,
7688,
7730,
7724,
7689,
7703,
7693,
7731,
7707,
7711,
7727,
7733,
7710,
7723,
7686,
7737,
7676,
7710,
7688,
7733,
7707,
7668,
7674,
7733,
7670,
7685,
7674,
7690,
7696,
7668,
7684,
7697,
7725,
7666,
7673,
7659,
7714,
7707,
7678,
7656,
7699,
7685,
7669,
7658,
7682,
7699,
7662,
7705,
7711,
7688,
7711,
7699,
7704,
7655,
7652,
7671,
7658,
7717,
7655,
7693,
7677,
7667,
7705,
7698,
7658,
7711,
7692,
7702,
7678,
7685,
7683,
7645,
7675,
7665,
7689,
7647,
7674,
7676,
7649,
7665,
7680,
7674,
7653,
7705,
7652,
7689,
7669,
7676,
7670,
7633,
7682,
7659,
7670,
7674,
7676,
7640,
7651,
7640,
7653,
7695,
7673,
7636,
7693,
7673,
7662,
7684,
7667,
7643,
7656,
7684,
7629,
7632,
7639,
7632,
7652,
7665,
7623,
7653,
7640,
7631,
7673,
7661,
7668,
7665,
7678,
7650,
7645,
7631,
7677,
7659,
7621,
7663,
7646,
7629,
7677,
7632,
7617,
7631,
7622,
7667,
7631,
7630,
7628,
7668,
7624,
7620,
7618,
7670,
7613,
7661,
7615,
7642,
7644,
7619,
7602,
7648,
7648,
7650,
7627,
7637,
7618,
7630,
7655,
7606,
7656,
7655,
7631,
7632,
7660,
7606,
7641,
7637,
7652,
7633,
7659,
7633,
7601,
7594,
7624,
7600,
7616,
7627,
7629,
7654,
7627,
7636,
7592,
7587,
7655,
7609,
7641,
7596,
7645,
7601,
7601,
7604,
7600,
7608,
7612,
7634,
7611,
7634,
7632,
7592,
7582,
7640,
7626,
7594,
7586,
7597,
7595,
7624,
7594,
7632,
7615,
7600,
7623,
7616,
7574,
7612,
7586,
7617,
7613,
7625,
7572,
7605,
7586,
7593,
7595,
7571,
7634,
7587,
7595,
7590,
7593,
7580,
7565,
7588,
7592,
7593,
7622,
7584,
7613,
7579,
7609,
7586,
7604,
7601,
7607,
7584,
7608,
7620,
7568,
7559,
7617,
7597,
7601,
7611,
7594,
7570,
7577,
7571,
7619,
7566,
7601,
7617,
7559,
7579,
7594,
7593,
7573,
7578,
7609,
7601,
7547,
7571,
7577,
7554,
7575,
7609,
7585,
7597,
7545,
7608,
7541,
7541,
7552,
7549,
7574,
7605,
7540,
7576,
7590,
7579,
7583,
7597,
7585,
7582,
7538,
7540,
7565,
7537,
7546,
7573,
7559,
7541,
7559,
7555,
7546,
7541,
7535,
7570,
7571,
7529,
7565,
7574,
7540,
7568,
7526,
7548,
7583,
7537,
7567,
7536,
7548,
7570,
7543,
7565,
7538,
7563,
7528,
7534,
7576,
7568,
7583,
7566,
7561,
7539,
7583,
7542,
7515,
7522,
7581,
7530,
7542,
7557,
7534,
7553,
7571,
7528,
7558,
7531,
7551,
7560,
7520,
7511,
7574,
7524,
7538,
7516,
7559,
7552,
7518,
7532,
7522,
7559,
7536,
7540,
7556,
7562,
7538,
7552,
7515,
7566,
7505,
7538,
7516,
7562,
7536,
7496,
7503,
7562,
7499,
7514,
7503,
7519,
7524,
7497,
7513,
7526,
7554,
7495,
7501,
7489,
7543,
7537,
7507,
7486,
7528,
7515,
7498,
7487,
7511,
7528,
7491,
7534,
7540,
7518,
7540,
7528,
7533,
7485,
7482,
7500,
7487,
7546,
7485,
7523,
7506,
7496,
7535,
7528,
7487,
7541,
7521,
7531,
7507,
7515,
7512,
7474,
7505,
7493,
7519,
7476,
7504,
7505,
7478,
7494,
7509,
7504,
7483,
7534,
7481,
7519,
7499,
7506,
7499,
7462,
7512,
7489,
7500,
7504,
7505,
7470,
7480,
7469,
7483,
7524,
7502,
7465,
7523,
7502,
7491,
7514,
7496,
7472,
7486,
7514,
7459,
7462,
7469,
7462,
7482,
7495,
7453,
7483,
7470,
7461,
7502,
7491,
7498,
7494,
7508,
7480,
7475,
7461,
7507,
7489,
7451,
7493,
7476,
7459,
7507,
7462,
7447,
7461,
7452,
7497,
7461,
7460,
7458,
7498,
7454,
7450,
7448,
7500,
7443,
7491,
7445,
7472,
7474,
7449,
7432,
7478,
7478,
7480,
7457,
7467,
7448,
7461,
7485,
7436,
7487,
7485,
7461,
7462,
7490,
7437,
7471,
7468,
7482,
7463,
7489,
7463,
7431,
7424,
7454,
7431,
7447,
7458,
7459,
7485,
7457,
7466,
7422,
7418,
7485,
7440,
7472,
7427,
7475,
7432,
7431,
7434,
7431,
7438,
7443,
7465,
7442,
7465,
7462,
7422,
7413,
7471,
7457,
7425,
7417,
7428,
7425,
7455,
7425,
7463,
7446,
7431,
7454,
7447,
7405,
7443,
7417,
7447,
7443,
7456,
7402,
7437,
7417,
7424,
7426,
7402,
7465,
7418,
7426,
7421,
7424,
7411,
7396,
7419,
7423,
7424,
7453,
7415,
7444,
7410,
7440,
7417,
7436,
7432,
7438,
7415,
7439,
7452,
7399,
7390,
7448,
7428,
7432,
7442,
7425,
7401,
7408,
7403,
7450,
7397,
7433,
7449,
7390,
7410,
7426,
7424,
7404,
7410,
7440,
7433,
7379,
7402,
7408,
7385,
7406,
7440,
7417,
7429,
7377,
7440,
7373,
7373,
7384,
7381,
7406,
7437,
7372,
7408,
7422,
7410,
7415,
7429,
7417,
7414,
7370,
7371,
7397,
7369,
7378,
7404,
7391,
7372,
7391,
7386,
7377,
7373,
7367,
7402,
7403,
7361,
7396,
7406,
7372,
7401,
7358,
7379,
7416,
7369,
7399,
7367,
7380,
7402,
7375,
7397,
7370,
7395,
7360,
7366,
7408,
7401,
7415,
7398,
7393,
7371,
7416,
7374,
7347,
7353,
7413,
7362,
7374,
7389,
7366,
7386,
7403,
7360,
7390,
7363,
7383,
7392,
7352,
7343,
7407,
7356,
7370,
7349,
7391,
7384,
7350,
7364,
7354,
7391,
7368,
7372,
7388,
7394,
7371,
7384,
7347,
7398,
7337,
7371,
7349,
7394,
7368,
7329,
7336,
7395,
7332,
7346,
7335,
7351,
7357,
7330,
7346,
7359,
7386,
7327,
7334,
7321,
7375,
7369,
7340,
7318,
7360,
7347,
7330,
7320,
7344,
7361,
7323,
7367,
7373,
7350,
7373,
7360,
7365,
7317,
7314,
7332,
7320,
7379,
7317,
7356,
7339,
7329,
7367,
7360,
7320,
7373,
7354,
7364,
7340,
7347,
7345,
7307,
7337,
7327,
7351,
7309,
7336,
7338,
7311,
7328,
7342,
7337,
7316,
7367,
7314,
7352,
7332,
7339,
7332,
7295,
7345,
7322,
7333,
7337,
7338,
7303,
7314,
7302,
7316,
7358,
7336,
7299,
7356,
7336,
7324,
7347,
7329,
7306,
7319,
7347,
7292,
7295,
7302,
7295,
7315,
7328,
7286,
7316,
7303,
7294,
7336,
7324,
7331,
7328,
7342,
7313,
7308,
7294,
7340,
7322,
7285,
7327,
7309,
7292,
7340,
7295,
7280,
7295,
7285,
7330,
7294,
7294,
7292,
7332,
7288,
7284,
7282,
7334,
7277,
7325,
7279,
7306,
7308,
7283,
7265,
7312,
7312,
7314,
7291,
7301,
7281,
7294,
7318,
7270,
7321,
7319,
7295,
7296,
7324,
7270,
7305,
7302,
7316,
7297,
7323,
7297,
7265,
7258,
7288,
7265,
7280,
7292,
7293,
7318,
7291,
7300,
7256,
7251,
7320,
7273,
7306,
7261,
7309,
7266,
7265,
7269,
7265,
7272,
7277,
7299,
7276,
7299,
7296,
7256,
7247,
7305,
7291,
7259,
7251,
7262,
7259,
7289,
7259,
7297,
7280,
7265,
7288,
7281,
7240,
7277,
7251,
7282,
7278,
7291,
7237,
7271,
7251,
7258,
7261,
7236,
7300,
7253,
7260,
7256,
7258,
7246,
7231,
7254,
7258,
7259,
7288,
7250,
7279,
7244,
7274,
7251,
7270,
7266,
7272,
7250,
7273,
7286,
7234,
7225,
7283,
7263,
7266,
7277,
7259,
7236,
7243,
7237,
7285,
7232,
7268,
7284,
7225,
7245,
7261,
7259,
7239,
7244,
7275,
7268,
7213,
7237,
7243,
7220,
7241,
7275,
7251,
7264,
7212,
7274,
7207,
7207,
7219,
7216,
7241,
7272,
7207,
7243,
7257,
7245,
7249,
7264,
7252,
7249,
7205,
7206,
7232,
7204,
7213,
7240,
7226,
7207,
7226,
7221,
7213,
7208,
7202,
7237,
7238,
7196,
7232,
7241,
7207,
7236,
7193,
7214,
7251,
7205,
7234,
7203,
7215,
7237,
7211,
7232,
7205,
7231,
7195,
7201,
7243,
7236,
7250,
7234,
7228,
7207,
7251,
7210,
7182,
7189,
7249,
7198,
7210,
7224,
7201,
7221,
7239,
7196,
7226,
7199,
7219,
7228,
7188,
7179,
7242,
7192,
7206,
7184,
7227,
7220,
7185,
7200,
7190,
7227,
7204,
7208,
7224,
7230,
7206,
7220,
7183,
7234,
7173,
7206,
7185,
7230,
7204,
7165,
7171,
7231,
7168,
7183,
7171,
7187,
7193,
7166,
7182,
7195,
7222,
7163,
7170,
7157,
7211,
7205,
7176,
7154,
7197,
7183,
7167,
7156,
7180,
7197,
7160,
7203,
7209,
7186,
7209,
7197,
7202,
7154,
7151,
7169,
7156,
7215,
7154,
7192,
7175,
7165,
7204,
7197,
7156,
7210,
7190,
7200,
7177,
7184,
7182,
7144,
7174,
7163,
7188,
7146,
7173,
7175,
7148,
7164,
7179,
7173,
7152,
7204,
7151,
7188,
7169,
7176,
7169,
7132,
7182,
7158,
7170,
7174,
7175,
7140,
7151,
7139,
7153,
7194,
7172,
7136,
7193,
7173,
7161,
7183,
7166,
7143,
7156,
7184,
7129,
7132,
7139,
7132,
7152,
7165,
7123,
7153,
7140,
7131,
7173,
7161,
7168,
7165,
7178,
7150,
7145,
7131,
7177,
7159,
7122,
7163,
7146,
7129,
7177,
7133,
7117,
7132,
7122,
7167,
7131,
7131,
7129,
7169,
7125,
7121,
7119,
7170,
7114,
7162,
7116,
7143,
7145,
7120,
7103,
7149,
7149,
7152,
7128,
7138,
7119,
7132,
7156,
7107,
7158,
7156,
7132,
7133,
7161,
7108,
7143,
7139,
7153,
7134,
7160,
7134,
7102,
7095,
7125,
7102,
7118,
7130,
7131,
7156,
7129,
7138,
7094,
7089,
7157,
7111,
7144,
7099,
7147,
7103,
7103,
7107,
7102,
7110,
7115,
7137,
7114,
7137,
7134,
7094,
7085,
7143,
7129,
7096,
7089,
7100,
7097,
7127,
7097,
7135,
7118,
7103,
7126,
7119,
7078,
7115,
7089,
7119,
7116,
7129,
7075,
7109,
7089,
7096,
7099,
7074,
7138,
7091,
7098,
7094,
7096,
7084,
7068,
7092,
7096,
7097,
7126,
7088,
7117,
7082,
7112,
7089,
7109,
7104,
7111,
7088,
7112,
7124,
7072,
7063,
7121,
7101,
7105,
7115,
7098,
7074,
7081,
7075,
7123,
7070,
7106,
7122,
7064,
7084,
7099,
7097,
7078,
7082,
7114,
7106,
7052,
7075,
7081,
7059,
7080,
7114,
7090,
7102,
7050,
7113,
7046,
7046,
7057,
7055,
7079,
7111,
7045,
7081,
7096,
7084,
7088,
7103,
7090,
7087,
7044,
7045,
7071,
7043,
7052,
7078,
7065,
7046,
7065,
7060,
7051,
7047,
7041,
7075,
7077,
7035,
7071,
7080,
7046,
7074,
7032,
7053,
7089,
7044,
7073,
7042,
7055,
7076,
7049,
7071,
7044,
7070,
7034,
7040,
7082,
7075,
7089,
7073,
7067,
7046,
7090,
7049,
7021,
7028,
7088,
7037,
7049,
7063,
7040,
7060,
7078,
7035,
7065,
7038,
7058,
7067,
7027,
7018,
7082,
7031,
7045,
7023,
7066,
7059,
7025,
7040,
7029,
7067,
7043,
7048,
7063,
7069,
7046,
7059,
7022,
7073,
7012,
7046,
7025,
7070,
7043,
7004,
7011,
7070,
7007,
7022,
7011,
7026,
7032,
7005,
7021,
7034,
7062,
7003,
7009,
6997,
7051,
7045,
7015,
6994,
7036,
7023,
7006,
6996,
7020,
7037,
6999,
7042,
7049,
7026,
7048,
7036,
7041,
6993,
6990,
7008,
6996,
7055,
6993,
7031,
7015,
7005,
7043,
7037,
6996,
7050,
7030,
7040,
7016,
7024,
7021,
6983,
7014,
7003,
7028,
6985,
7013,
7015,
6987,
7004,
7019,
7013,
6992,
7044,
6991,
7028,
7008,
7016,
7009,
6972,
7022,
6998,
7010,
7013,
7015,
6980,
6991,
6979,
6993,
7034,
7012,
6976,
7033,
7013,
7001,
7024,
7006,
6983,
6996,
7024,
6969,
6972,
6979,
6972,
6992,
7005,
6963,
6994,
6981,
6971,
7013,
7001,
7009,
7005,
7019,
6991,
6985,
6972,
7018,
6999,
6962,
7004,
6987,
6969,
7018,
6973,
6958,
6972,
6963,
7008,
6972,
6971,
6969,
7009,
6965,
6961,
6960,
7011,
6954,
7003,
6956,
6984,
6986,
6961,
6943,
6990,
6990,
6992,
6969,
6979,
6960,
6972,
6997,
6948,
6999,
6997,
6973,
6974,
7002,
6949,
6983,
6980,
6994,
6976,
7001,
6975,
6943,
6937,
6966,
6943,
6959,
6970,
6971,
6997,
6970,
6978,
6934,
6930,
6998,
6952,
6985,
6940,
6988,
6945,
6944,
6947,
6943,
6951,
6956,
6978,
6955,
6978,
6976,
6935,
6926,
6984,
6970,
6938,
6930,
6941,
6939,
6968,
6938,
6976,
6959,
6945,
6967,
6961,
6919,
6956,
6930,
6961,
6957,
6970,
6916,
6950,
6930,
6938,
6940,
6916,
6979,
6932,
6939,
6935,
6938,
6925,
6910,
6933,
6937,
6938,
6967,
6929,
6959,
6924,
6954,
6931,
6950,
6946,
6952,
6930,
6953,
6966,
6914,
6905,
6962,
6942,
6947,
6957,
6939,
6916,
6923,
6917,
6965,
6912,
6947,
6963,
6905,
6925,
6940,
6939,
6919,
6925,
6955,
6948,
6894,
6917,
6923,
6901,
6922,
6955,
6932,
6945,
6893,
6955,
6888,
6888,
6900,
6896,
6922,
6953,
6887,
6923,
6938,
6926,
6930,
6945,
6932,
6930,
6886,
6887,
6912,
6885,
6894,
6920,
6907,
6888,
6907,
6902,
6894,
6889,
6883,
6918,
6919,
6877,
6913,
6922,
6888,
6917,
6874,
6896,
6932,
6886,
6915,
6884,
6897,
6918,
6891,
6913,
6887,
6912,
6876,
6882,
6925,
6917,
6932,
6915,
6910,
6888,
6933,
6891,
6864,
6871,
6930,
6880,
6891,
6905,
6883,
6903,
6920,
6878,
6908,
6881,
6901,
6910,
6869,
6860,
6924,
6873,
6888,
6866,
6909,
6902,
6867,
6882,
6872,
6909,
6886,
6890,
6906,
6912,
6889,
6902,
6865,
6916,
6855,
6889,
6867,
6912,
6886,
6847,
6853,
6913,
6850,
6865,
6853,
6869,
6875,
6848,
6864,
6877,
6905,
6846,
6852,
6839,
6894,
6888,
6859,
6837,
6879,
6866,
6849,
6838,
6862,
6880,
6842,
6886,
6891,
6869,
6891,
6880,
6884,
6837,
6833,
6852,
6839,
6898,
6837,
6875,
6858,
6848,
6887,
6880,
6839,
6893,
6873,
6883,
6860,
6867,
6865,
6827,
6857,
6846,
6871,
6829,
6856,
6858,
6831,
6847,
6862,
6857,
6836,
6887,
6834,
6872,
6852,
6859,
6853,
6816,
6865,
6842,
6853,
6857,
6859,
6823,
6834,
6823,
6836,
6878,
6856,
6819,
6877,
6856,
6845,
6867,
6850,
6827,
6839,
6867,
6812,
6816,
6823,
6816,
6836,
6849,
6807,
6837,
6824,
6815,
6857,
6845,
6852,
6849,
6862,
6835,
6829,
6816,
6861,
6843,
6806,
6848,
6831,
6813,
6861,
6817,
6802,
6816,
6807,
6852,
6816,
6815,
6813,
6853,
6809,
6805,
6803,
6855,
6799,
6846,
6800,
6828,
6830,
6805,
6787,
6834,
6834,
6836,
6813,
6823,
6803,
6816,
6841,
6792,
6843,
6841,
6817,
6818,
6846,
6793,
6828,
6824,
6838,
6820,
6845,
6820,
6787,
6781,
6810,
6787,
6803,
6815,
6816,
6842,
6814,
6823,
6779,
6775,
6842,
6797,
6829,
6784,
6832,
6788,
6788,
6792,
6788,
6795,
6800,
6822,
6800,
6823,
6820,
6780,
6771,
6829,
6815,
6782,
6775,
6786,
6783,
6813,
6783,
6821,
6804,
6789,
6812,
6805,
6764,
6801,
6775,
6806,
6802,
6814,
6761,
6795,
6775,
6783,
6785,
6761,
6824,
6777,
6784,
6780,
6783,
6770,
6755,
6778,
6782,
6783,
6812,
6774,
6803,
6769,
6799,
6776,
6795,
6791,
6797,
6775,
6798,
6811,
6759,
6750,
6807,
6787,
6792,
6802,
6784,
6761,
6768,
6762,
6810,
6757,
6793,
6808,
6750,
6770,
6786,
6784,
6764,
6770,
6800,
6793,
6739,
6762,
6769,
6746,
6767,
6800,
6777,
6790,
6737,
6800,
6733,
6733,
6744,
6742,
6766,
6798,
6733,
6769,
6783,
6771,
6776,
6790,
6778,
6775,
6731,
6732,
6758,
6731,
6740,
6766,
6753,
6734,
6753,
6748,
6739,
6734,
6728,
6763,
6764,
6723,
6758,
6768,
6734,
6762,
6720,
6741,
6777,
6732,
6761,
6729,
6742,
6764,
6737,
6759,
6732,
6757,
6722,
6728,
6770,
6763,
6777,
6761,
6755,
6734,
6778,
6737,
6710,
6717,
6776,
6725,
6737,
6751,
6728,
6749,
6766,
6724,
6753,
6726,
6746,
6755,
6715,
6706,
6770,
6719,
6734,
6712,
6755,
6748,
6713,
6728,
6718,
6755,
6732,
6736,
6752,
6758,
6735,
6748,
6711,
6762,
6701,
6735,
6713,
6758,
6732,
6693,
6700,
6759,
6696,
6711,
6699,
6715,
6721,
6694,
6710,
6723,
6751,
6692,
6699,
6685,
6740,
6734,
6705,
6683,
6725,
6712,
6696,
6684,
6709,
6726,
6689,
6732,
6738,
6715,
6738,
6726,
6731,
6683,
6680,
6698,
6685,
6744,
6683,
6721,
6705,
6695,
6733,
6726,
6686,
6739,
6720,
6730,
6706,
6714,
6711,
6673,
6704,
6693,
6718,
6675,
6703,
6705,
6677,
6694,
6709,
6703,
6682,
6734,
6681,
6718,
6699,
6706,
6699,
6662,
6712,
6689,
6700,
6704,
6705,
6670,
6681,
6669,
6683,
6725,
6703,
6666,
6724,
6703,
6692,
6714,
6697,
6674,
6687,
6714,
6659,
6663,
6670,
6663,
6683,
6696,
6654,
6684,
6672,
6662,
6704,
6692,
6699,
6696,
6710,
6682,
6676,
6663,
6709,
6690,
6653,
6695,
6678,
6660,
6709,
6664,
6649,
6663,
6654,
6699,
6663,
6662,
6660,
6700,
6657,
6652,
6651,
6703,
6646,
6694,
6648,
6675,
6677,
6652,
6635,
6682,
6681,
6683,
6660,
6670,
6651,
6664,
6688,
6639,
6690,
6689,
6665,
6666,
6694,
6640,
6675,
6672,
6686,
6667,
6693,
6667,
6635,
6628,
6658,
6635,
6651,
6662,
6663,
6689,
6661,
6670,
6626,
6622,
6690,
6644,
6677,
6632,
6680,
6637,
6636,
6639,
6636,
6643,
6648,
6670,
6647,
6670,
6668,
6628,
6618,
6676,
6662,
6630,
6623,
6633,
6631,
6660,
6631,
6669,
6652,
6637,
6660,
6653,
6611,
6649,
6623,
6654,
6650,
6662,
6609,
6643,
6623,
6631,
6633,
6608,
6672,
6625,
6632,
6628,
6631,
6618,
6603,
6626,
6630,
6631,
6660,
6622,
6651,
6617,
6647,
6624,
6643,
6639,
6645,
6623,
6646,
6659,
6607,
6598,
6655,
6636,
6640,
6650,
6633,
6609,
6616,
6611,
6659,
6605,
6641,
6657,
6599,
6619,
6634,
6632,
6612,
6618,
6648,
6641,
6587,
6611,
6617,
6594,
6615,
6649,
6625,
6638,
6586,
6649,
6581,
6582,
6593,
6590,
6615,
6646,
6581,
6617,
6632,
6619,
6624,
6639,
6626,
6624,
6580,
6581,
6607,
6579,
6588,
6615,
6601,
6582,
6601,
6596,
6588,
6583,
6577,
6612,
6613,
6572,
6607,
6617,
6582,
6611,
6569,
6590,
6626,
6580,
6610,
6579,
6591,
6613,
6586,
6608,
6581,
6607,
6571,
6577,
6619,
6612,
6626,
6610,
6604,
6583,
6628,
6586,
6558,
6565,
6625,
6574,
6586,
6601,
6578,
6598,
6615,
6573,
6602,
6575,
6595,
6604,
6564,
6556,
6619,
6569,
6582,
6561,
6603,
6597,
6562,
6577,
6567,
6604,
6581,
6585,
6601,
6607,
6584,
6597,
6560,
6611,
6550,
6584,
6563,
6608,
6581,
6542,
6549,
6608,
6545,
6560,
6549,
6565,
6571,
6544,
6560,
6573,
6601,
6542,
6548,
6535,
6589,
6584,
6555,
6533,
6575,
6562,
6545,
6534,
6558,
6575,
6538,
6581,
6588,
6565,
6587,
6575,
6580,
6533,
6529,
6548,
6535,
6594,
6533,
6571,
6554,
6544,
6583,
6576,
6535,
6589,
6570,
6580,
6556,
6564,
6561,
6523,
6553,
6543,
6567,
6525,
6552,
6555,
6528,
6544,
6559,
6553,
6532,
6584,
6530,
6569,
6549,
6556,
6549,
6512,
6562,
6538,
6550,
6553,
6555,
6520,
6531,
6520,
6533,
6575,
6553,
6516,
6574,
6553,
6542,
6564,
6547,
6523,
6536,
6565,
6509,
6513,
6520,
6513,
6533,
6546,
6504,
6535,
6522,
6512,
6554,
6542,
6550,
6546,
6560,
6531,
6527,
6513,
6559,
6541,
6503,
6545,
6528,
6511,
6559,
6514,
6499,
6514,
6504,
6549,
6513,
6513,
6511,
6551,
6507,
6503,
6501,
6553,
6496,
6544,
6498,
6526,
6528,
6503,
6485,
6532,
6532,
6534,
6511,
6521,
6501,
6514,
6539,
6490,
6541,
6539,
6515,
6516,
6544,
6491,
6526,
6522,
6536,
6518,
6544,
6518,
6485,
6479,
6509,
6486,
6501,
6513,
6514,
6540,
6512,
6521,
6477,
6473,
6541,
6495,
6528,
6483,
6531,
6488,
6487,
6490,
6486,
6494,
6499,
6521,
6498,
6521,
6519,
6478,
6470,
6527,
6513,
6481,
6474,
6485,
6482,
6512,
6482,
6520,
6503,
6488,
6511,
6504,
6463,
6500,
6474,
6505,
6501,
6513,
6460,
6494,
6474,
6482,
6484,
6460,
6523,
6476,
6484,
6479,
6482,
6469,
6454,
6478,
6482,
6483,
6512,
6474,
6503,
6469,
6498,
6475,
6494,
6491,
6497,
6474,
6498,
6511,
6459,
6449,
6507,
6487,
6491,
6501,
6484,
6461,
6468,
6462,
6510,
6456,
6492,
6508,
6450,
6470,
6485,
6484,
6464,
6470,
6500,
6493,
6439,
6462,
6469,
6446,
6467,
6500,
6477,
6490,
6438,
6500,
6433,
6433,
6445,
6442,
6467,
6498,
6433,
6469,
6483,
6471,
6476,
6491,
6478,
6475,
6432,
6433,
6459,
6431,
6440,
6467,
6453,
6434,
6453,
6448,
6440,
6435,
6429,
6464,
6465,
6424,
6459,
6469,
6434,
6463,
6420,
6442,
6478,
6432,
6462,
6431,
6443,
6465,
6438,
6460,
6433,
6459,
6423,
6429,
6471,
6464,
6478,
6462,
6456,
6435,
6479,
6438,
6411,
6418,
6477,
6426,
6439,
6453,
6430,
6450,
6467,
6425,
6455,
6428,
6448,
6457,
6417,
6408,
6471,
6421,
6435,
6413,
6456,
6450,
6415,
6430,
6419,
6457,
6433,
6438,
6453,
6460,
6437,
6449,
6413,
6464,
6403,
6437,
6415,
6460,
6434,
6395,
6402,
6461,
6398,
6413,
6402,
6417,
6423,
6396,
6412,
6425,
6453,
6394,
6401,
6388,
6442,
6436,
6407,
6386,
6427,
6415,
6398,
6387,
6411,
6428,
6391,
6434,
6440,
6418,
6440,
6428,
6433,
6386,
6382,
6401,
6388,
6447,
6386,
6424,
6407,
6397,
6435,
6429,
6388,
6442,
6423,
6433,
6409,
6416,
6414,
6376,
6406,
6396,
6420,
6378,
6405,
6408,
6381,
6397,
6412,
6406,
6385,
6437,
6383,
6422,
6402,
6409,
6403,
6366,
6415,
6391,
6403,
6407,
6409,
6373,
6384,
6373,
6387,
6428,
6406,
6369,
6427,
6406,
6395,
6418,
6400,
6377,
6390,
6418,
6362,
6367,
6374,
6367,
6387,
6400,
6358,
6388,
6375,
6365,
6408,
6396,
6403,
6400,
6413,
6385,
6380,
6367,
6412,
6394,
6357,
6399,
6382,
6364,
6412,
6368,
6353,
6367,
6358,
6403,
6367,
6366,
6364,
6405,
6361,
6357,
6355,
6406,
6350,
6398,
6352,
6379,
6381,
6357,
6339,
6386,
6386,
6388,
6365,
6375,
6356,
6368,
6393,
6344,
6395,
6393,
6369,
6370,
6398,
6345,
6380,
6376,
6390,
6372,
6397,
6372,
6339,
6333,
6362,
6339,
6356,
6367,
6368,
6394,
6366,
6375,
6331,
6327,
6395,
6349,
6382,
6337,
6385,
6342,
6341,
6344,
6341,
6349,
6353,
6375,
6352,
6375,
6373,
6332,
6324,
6381,
6367,
6335,
6328,
6339,
6336,
6366,
6336,
6374,
6357,
6342,
6365,
6358,
6317,
6354,
6328,
6359,
6356,
6368,
6314,
6348,
6329,
6336,
6338,
6314,
6378,
6331,
6338,
6334,
6337,
6323,
6309,
6332,
6336,
6337,
6366,
6328,
6357,
6323,
6353,
6330,
6349,
6345,
6351,
6329,
6352,
6365,
6313,
6304,
6361,
6342,
6346,
6356,
6339,
6315,
6322,
6317,
6365,
6311,
6347,
6363,
6305,
6325,
6340,
6339,
6319,
6324,
6355,
6347,
6293,
6317,
6323,
6300,
6322,
6356,
6332,
6344,
6293,
6356,
6288,
6288,
6300,
6297,
6322,
6353,
6288,
6324,
6338,
6327,
6331,
6345,
6333,
6330,
6287,
6288,
6313,
6286,
6295,
6321,
6308,
6289,
6308,
6303,
6295,
6290,
6284,
6319,
6320,
6279,
6314,
6324,
6290,
6318,
6276,
6297,
6334,
6287,
6317,
6286,
6298,
6320,
6293,
6315,
6288,
6314,
6278,
6284,
6327,
6319,
6334,
6317,
6312,
6290,
6335,
6294,
6266,
6273,
6332,
6282,
6294,
6308,
6285,
6306,
6322,
6280,
6310,
6283,
6303,
6312,
6272,
6263,
6327,
6276,
6291,
6269,
6312,
6305,
6270,
6285,
6275,
6313,
6289,
6293,
6309,
6315,
6292,
6305,
6269,
6320,
6258,
6292,
6271,
6316,
6290,
6250,
6257,
6316,
6254,
6269,
6257,
6273,
6279,
6252,
6268,
6281,
6309,
6250,
6257,
6243,
6298,
6292,
6263,
6241,
6284,
6270,
6254,
6243,
6267,
6284,
6247,
6290,
6297,
6273,
6296,
6284,
6289,
6241,
6238,
6257,
6244,
6303,
6242,
6280,
6263,
6253,
6292,
6285,
6244,
6298,
6279,
6288,
6265,
6272,
6270,
6232,
6262,
6251,
6277,
6234,
6262,
6264,
6236,
6253,
6268,
6262,
6241,
6293,
6240,
6278,
6258,
6265,
6259,
6222,
6271,
6248,
6259,
6263,
6265,
6229,
6240,
6229,
6243,
6284,
6262,
6226,
6283,
6263,
6251,
6274,
6256,
6233,
6246,
6275,
6219,
6223,
6230,
6223,
6243,
6256,
6214,
6244,
6232,
6222,
6264,
6253,
6259,
6256,
6270,
6242,
6236,
6223,
6269,
6251,
6213,
6255,
6238,
6221,
6269,
6225,
6210,
6224,
6214,
6259,
6224,
6223,
6221,
6262,
6218,
6213,
6212,
6263,
6206,
6255,
6209,
6236,
6238,
6213,
6196,
6243,
6242,
6244,
6221,
6232,
6212,
6225,
6249,
6201,
6251,
6250,
6226,
6227,
6255,
6202,
6236,
6233,
6247,
6229,
6255,
6229,
6196,
6190,
6220,
6197,
6213,
6224,
6225,
6251,
6224,
6232,
6189,
6184,
6252,
6206,
6239,
6194,
6242,
6198,
6198,
6202,
6198,
6205,
6210,
6232,
6210,
6233,
6230,
6190,
6181,
6239,
6225,
6192,
6185,
6196,
6194,
6223,
6193,
6231,
6214,
6199,
6222,
6216,
6174,
6212,
6185,
6217,
6213,
6225,
6172,
6205,
6186,
6194,
6196,
6172,
6235,
6188,
6195,
6191,
6194,
6181,
6166,
6190,
6194,
6195,
6224,
6185,
6214,
6181,
6210,
6188,
6206,
6203,
6209,
6186,
6210,
6222,
6170,
6161,
6219,
6199,
6203,
6214,
6196,
6173,
6180,
6175,
6222,
6169,
6205,
6221,
6162,
6183,
6198,
6197,
6177,
6182,
6213,
6205,
6151,
6175,
6181,
6158,
6180,
6213,
6190,
6203,
6151,
6213,
6146,
6146,
6158,
6154,
6180,
6211,
6146,
6182,
6196,
6184,
6189,
6203,
6191,
6188,
6145,
6146,
6172,
6144,
6153,
6180,
6166,
6147,
6166,
6161,
6153,
6148,
6142,
6177,
6178,
6137,
6172,
6182,
6147,
6176,
6134,
6155,
6191,
6146,
6175,
6144,
6156,
6178,
6152,
6173,
6147,
6172,
6137,
6143,
6185,
6177,
6192,
6176,
6170,
6148,
6193,
6152,
6124,
6131,
6191,
6140,
6152,
6167,
6144,
6164,
6181,
6139,
6168,
6141,
6161,
6170,
6131,
6122,
6185,
6135,
6149,
6128,
6170,
6163,
6129,
6144,
6133,
6171,
6147,
6152,
6168,
6174,
6151,
6164,
6127,
6178,
6117,
6151,
6129,
6175,
6148,
6109,
6116,
6175,
6113,
6128,
6116,
6132,
6138,
6111,
6127,
6140,
6168,
6109,
6115,
6102,
6156,
6151,
6122,
6100,
6142,
6129,
6113,
6102,
6126,
6143,
6106,
6149,
6155,
6132,
6155,
6143,
6148,
6100,
6097,
6116,
6103,
6162,
6101,
6139,
6122,
6112,
6151,
6144,
6103,
6157,
6138,
6148,
6124,
6132,
6129,
6091,
6122,
6111,
6136,
6094,
6121,
6123,
6096,
6112,
6127,
6122,
6101,
6152,
6099,
6137,
6117,
6124,
6118,
6081,
6131,
6107,
6119,
6123,
6124,
6089,
6100,
6088,
6102,
6144,
6122,
6085,
6143,
6122,
6111,
6133,
6116,
6093,
6106,
6134,
6079,
6082,
6089,
6082,
6102,
6116,
6073,
6104,
6091,
6081,
6124,
6112,
6119,
6116,
6130,
6101,
6096,
6082,
6129,
6110,
6073,
6115,
6098,
6080,
6129,
6084,
6069,
6084,
6074,
6119,
6083,
6083,
6081,
6121,
6077,
6073,
6072,
6123,
6066,
6115,
6069,
6096,
6098,
6073,
6056,
6102,
6102,
6104,
6081,
6092,
6072,
6085,
6109,
6060,
6111,
6110,
6086,
6087,
6115,
6062,
6096,
6093,
6107,
6089,
6115,
6089,
6057,
6050,
6080,
6057,
6073,
6084,
6085,
6111,
6084,
6093,
6049,
6044,
6112,
6066,
6099,
6054,
6102,
6059,
6058,
6062,
6058,
6066,
6071,
6093,
6070,
6093,
6091,
6050,
6041,
6099,
6085,
6053,
6045,
6056,
6054,
6083,
6053,
6092,
6074,
6060,
6082,
6076,
6035,
6072,
6046,
6077,
6073,
6086,
6032,
6066,
6047,
6054,
6056,
6032,
6096,
6049,
6056,
6052,
6055,
6042,
6027,
6050,
6054,
6055,
6084,
6046,
6075,
6041,
6071,
6048,
6067,
6063,
6070,
6047,
6071,
6083,
6031,
6022,
6080,
6060,
6064,
6074,
6057,
6034,
6041,
6035,
6083,
6029,
6065,
6081,
6023,
6043,
6059,
6057,
6037,
6043,
6073,
6066,
6012,
6036,
6042,
6019,
6040,
6074,
6051,
6063,
6011,
6074,
6007,
6007,
6019,
6015,
6041,
6072,
6007,
6043,
6057,
6045,
6050,
6064,
6052,
6049,
6006,
6007,
6033,
6005,
6014,
6041,
6027,
6008,
6027,
6022,
6014,
6010,
6003,
6038,
6040,
5998,
6034,
6043,
6009,
6037,
5995,
6016,
6053,
6007,
6036,
6005,
6018,
6040,
6013,
6035,
6008,
6033,
5998,
6004,
6047,
6039,
6053,
6037,
6032,
6010,
6055,
6013,
5986,
5993,
6052,
6001,
6014,
6028,
6005,
6026,
6042,
6000,
6030,
6003,
6023,
6032,
5992,
5983,
6047,
5997,
6011,
5989,
6032,
6025,
5990,
6005,
5995,
6033,
6009,
6013,
6029,
6035,
6012,
6026,
5989,
6040,
5978,
6012,
5991,
6036,
6010,
5971,
5978,
6037,
5974,
5989,
5978,
5993,
5999,
5972,
5989,
6001,
6029,
5970,
5977,
5964,
6019,
6013,
5984,
5962,
6004,
5991,
5974,
5963,
5988,
6005,
5968,
6011,
6017,
5994,
6017,
6005,
6010,
5962,
5959,
5977,
5965,
6024,
5963,
6001,
5984,
5974,
6013,
6006,
5966,
6019,
6000,
6010,
5986,
5993,
5991,
5953,
5984,
5973,
5998,
5956,
5983,
5985,
5958,
5974,
5989,
5984,
5963,
6014,
5961,
5999,
5979,
5986,
5980,
5944,
5993,
5969,
5981,
5985,
5986,
5951,
5962,
5950,
5964,
6006,
5984,
5947,
6005,
5984,
5974,
5996,
5978,
5955,
5968,
5996,
5941,
5945,
5952,
5945,
5965,
5978,
5936,
5967,
5954,
5944,
5986,
5975,
5982,
5978,
5992,
5964,
5959,
5945,
5991,
5973,
5935,
5977,
5961,
5943,
5991,
5947,
5932,
5947,
5937,
5982,
5946,
5946,
5944,
5984,
5940,
5935,
5934,
5986,
5929,
5977,
5931,
5959,
5961,
5936,
5918,
5966,
5965,
5967,
5944,
5954,
5935,
5948,
5972,
5924,
5974,
5972,
5949,
5950,
5978,
5925,
5960,
5956,
5970,
5952,
5977,
5952,
5919,
5913,
5942,
5919,
5935,
5947,
5948,
5974,
5947,
5955,
5911,
5907,
5975,
5930,
5962,
5917,
5966,
5922,
5922,
5925,
5921,
5929,
5934,
5956,
5933,
5956,
5953,
5913,
5904,
5962,
5948,
5916,
5908,
5920,
5917,
5947,
5917,
5955,
5938,
5923,
5946,
5939,
5898,
5935,
5909,
5940,
5937,
5949,
5895,
5929,
5910,
5917,
5919,
5895,
5959,
5912,
5919,
5915,
5918,
5905,
5890,
5913,
5917,
5918,
5947,
5910,
5939,
5904,
5934,
5911,
5931,
5927,
5933,
5910,
5934,
5947,
5895,
5886,
5944,
5924,
5928,
5938,
5921,
5897,
5904,
5899,
5947,
5893,
5929,
5945,
5887,
5907,
5923,
5921,
5901,
5907,
5937,
5930,
5876,
5900,
5905,
5883,
5904,
5938,
5915,
5927,
5875,
5938,
5871,
5871,
5882,
5879,
5904,
5936,
5871,
5907,
5921,
5909,
5913,
5928,
5916,
5913,
5869,
5871,
5896,
5869,
5878,
5904,
5891,
5872,
5891,
5887,
5878,
5873,
5867,
5902,
5903,
5862,
5897,
5907,
5873,
5902,
5859,
5881,
5917,
5871,
5901,
5869,
5882,
5904,
5877,
5899,
5872,
5897,
5862,
5868,
5911,
5903,
5918,
5901,
5896,
5874,
5919,
5878,
5850,
5857,
5917,
5866,
5878,
5892,
5869,
5890,
5907,
5865,
5894,
5867,
5887,
5896,
5857,
5848,
5911,
5861,
5875,
5853,
5896,
5890,
5855,
5869,
5860,
5897,
5874,
5878,
5894,
5900,
5876,
5890,
5853,
5904,
5843,
5877,
5856,
5901,
5875,
5836,
5842,
5902,
5839,
5854,
5843,
5858,
5864,
5837,
5853,
5866,
5894,
5835,
5842,
5829,
5883,
5878,
5848,
5827,
5869,
5856,
5839,
5828,
5852,
5869,
5832,
5876,
5882,
5859,
5882,
5870,
5875,
5827,
5824,
5843,
5830,
5889,
5828,
5866,
5849,
5839,
5878,
5871,
5830,
5884,
5865,
5875,
5851,
5859,
5856,
5818,
5849,
5838,
5863,
5821,
5848,
5850,
5823,
5839,
5854,
5849,
5828,
5880,
5826,
5864,
5844,
5852,
5845,
5808,
5858,
5835,
5846,
5850,
5852,
5816,
5827,
5816,
5830,
5871,
5849,
5813,
5870,
5850,
5839,
5861,
5844,
5820,
5834,
5861,
5806,
5810,
5817,
5810,
5830,
5843,
5801,
5832,
5819,
5809,
5852,
5840,
5847,
5844,
5858,
5829,
5824,
5810,
5857,
5838,
5801,
5843,
5826,
5809,
5857,
5813,
5797,
5812,
5802,
5847,
5812,
5811,
5809,
5850,
5806,
5801,
5800,
5851,
5795,
5843,
5797,
5824,
5827,
5801,
5784,
5831,
5831,
5833,
5809,
5820,
5801,
5814,
5838,
5790,
5840,
5838,
5814,
5816,
5844,
5790,
5825,
5822,
5836,
5817,
5843,
5817,
5785,
5779,
5808,
5785,
5801,
5813,
5814,
5840,
5813,
5821,
5778,
5773,
5841,
5795,
5828,
5783,
5831,
5788,
5787,
5791,
5787,
5795,
5800,
5822,
5799,
5822,
5820,
5779,
5770,
5828,
5814,
5782,
5775,
5786,
5783,
5813,
5783,
5821,
5804,
5789,
5812,
5806,
5764,
5801,
5776,
5806,
5802,
5815,
5762,
5795,
5776,
5784,
5786,
5762,
5825,
5778,
5785,
5782,
5784,
5771,
5756,
5780,
5784,
5785,
5814,
5776,
5805,
5771,
5801,
5778,
5797,
5793,
5799,
5777,
5801,
5813,
5761,
5752,
5810,
5790,
5794,
5805,
5787,
5764,
5771,
5765,
5813,
5760,
5796,
5812,
5754,
5774,
5789,
5787,
5768,
5773,
5804,
5797,
5742,
5766,
5772,
5749,
5771,
5805,
5782,
5794,
5742,
5805,
5738,
5738,
5749,
5746,
5771,
5802,
5738,
5773,
5788,
5776,
5780,
5795,
5783,
5780,
5736,
5738,
5763,
5736,
5745,
5771,
5758,
5739,
5758,
5754,
5745,
5740,
5734,
5769,
5770,
5729,
5764,
5774,
5740,
5769,
5726,
5748,
5784,
5738,
5768,
5736,
5749,
5771,
5744,
5766,
5739,
5764,
5729,
5735,
5778,
5770,
5785,
5768,
5763,
5741,
5786,
5744,
5717,
5724,
5784,
5733,
5746,
5760,
5736,
5757,
5774,
5732,
5762,
5735,
5755,
5764,
5724,
5715,
5779,
5728,
5742,
5721,
5763,
5757,
5722,
5737,
5727,
5764,
5741,
5746,
5761,
5768,
5744,
5757,
5721,
5772,
5711,
5744,
5723,
5769,
5742,
5703,
5710,
5769,
5706,
5721,
5710,
5726,
5732,
5705,
5721,
5734,
5762,
5703,
5710,
5696,
5751,
5745,
5716,
5694,
5736,
5724,
5707,
5696,
5720,
5738,
5700,
5743,
5750,
5727,
5749,
5738,
5742,
5695,
5691,
5710,
5697,
5756,
5695,
5733,
5717,
5707,
5746,
5739,
5698,
5752,
5733,
5743,
5719,
5726,
5724,
5686,
5717,
5706,
5731,
5689,
5716,
5718,
5691,
5707,
5722,
5717,
5696,
5748,
5694,
5732,
5712,
5720,
5713,
5676,
5726,
5703,
5714,
5718,
5720,
5684,
5695,
5684,
5698,
5739,
5717,
5681,
5739,
5718,
5707,
5729,
5712,
5689,
5702,
5729,
5674,
5679,
5685,
5679,
5698,
5712,
5669,
5700,
5687,
5677,
5720,
5708,
5716,
5712,
5726,
5698,
5692,
5679,
5725,
5707,
5669,
5711,
5694,
5677,
5725,
5681,
5666,
5681,
5671,
5716,
5680,
5680,
5677,
5718,
5674,
5670,
5668,
5720,
5663,
5711,
5666,
5692,
5695,
5670,
5653,
5699,
5699,
5702,
5678,
5689,
5669,
5682,
5706,
5658,
5709,
5707,
5683,
5684,
5712,
5659,
5694,
5690,
5705,
5686,
5712,
5686,
5654,
5647,
5677,
5654,
5670,
5682,
5683,
5709,
5681,
5690,
5646,
5642,
5710,
5664,
5697,
5652,
5700,
5657,
5657,
5660,
5656,
5663,
5668,
5690,
5668,
5691,
5688,
5648,
5639,
5697,
5683,
5651,
5644,
5655,
5652,
5682,
5652,
5690,
5673,
5658,
5681,
5675,
5633,
5670,
5644,
5675,
5672,
5684,
5631,
5665,
5645,
5653,
5655,
5631,
5695,
5647,
5655,
5651,
5653,
5640,
5625,
5649,
5653,
5654,
5683,
5645,
5674,
5640,
5670,
5647,
5666,
5662,
5669,
5646,
5670,
5682,
5630,
5622,
5679,
5659,
5663,
5674,
5657,
5633,
5640,
5635,
5683,
5629,
5665,
5681,
5623,
5643,
5659,
5657,
5637,
5643,
5673,
5666,
5612,
5636,
5642,
5619,
5640,
5674,
5651,
5663,
5611,
5674,
5607,
5607,
5618,
5616,
5641,
5672,
5607,
5643,
5658,
5646,
5650,
5665,
5652,
5650,
5606,
5607,
5633,
5606,
5615,
5641,
5628,
5609,
5628,
5623,
5615,
5610,
5604,
5639,
5640,
5599,
5634,
5644,
5610,
5638,
5596,
5617,
5654,
5608,
5637,
5606,
5619,
5640,
5614,
5636,
5609,
5635,
5599,
5605,
5647,
5640,
5654,
5638,
5633,
5611,
5656,
5615,
5587,
5594,
5654,
5603,
5615,
5630,
5607,
5627,
5644,
5602,
5632,
5605,
5625,
5634,
5594,
5585,
5649,
5598,
5613,
5591,
5633,
5627,
5592,
5607,
5597,
5635,
5611,
5616,
5631,
5638,
5614,
5628,
5591,
5642,
5581,
5615,
5593,
5639,
5613,
5573,
5580,
5639,
5577,
5592,
5580,
5596,
5602,
5575,
5591,
5604,
5632,
5573,
5580,
5567,
5621,
5615,
5586,
5565,
5607,
5594,
5577,
5566,
5591,
5608,
5571,
5614,
5620,
5598,
5620,
5608,
5613,
5565,
5562,
5581,
5568,
5627,
5566,
5604,
5587,
5578,
5616,
5609,
5569,
5623,
5603,
5613,
5589,
5597,
5595,
5557,
5587,
5577,
5601,
5559,
5587,
5588,
5562,
5578,
5593,
5587,
5566,
5618,
5565,
5603,
5583,
5591,
5584,
5547,
5597,
5573,
5585,
5589,
5591,
5555,
5566,
5555,
5569,
5610,
5588,
5552,
5609,
5588,
5578,
5600,
5582,
5559,
5572,
5601,
5545,
5549,
5557,
5549,
5570,
5582,
5541,
5571,
5558,
5549,
5591,
5579,
5586,
5583,
5597,
5569,
5564,
5550,
5596,
5578,
5541,
5582,
5565,
5548,
5596,
5552,
5537,
5551,
5542,
5587,
5551,
5551,
5549,
5589,
5545,
5541,
5540,
5591,
5534,
5582,
5537,
5564,
5566,
5541,
5524,
5571,
5571,
5573,
5549,
5560,
5541,
5554,
5578,
5529,
5580,
5578,
5555,
5556,
5584,
5530,
5565,
5562,
5576,
5558,
5584,
5558,
5526,
5519,
5549,
5526,
5542,
5554,
5555,
5580,
5552,
5562,
5518,
5513,
5581,
5536,
5568,
5523,
5572,
5528,
5528,
5532,
5527,
5535,
5540,
5562,
5540,
5563,
5560,
5520,
5511,
5569,
5555,
5523,
5515,
5527,
5524,
5554,
5523,
5562,
5545,
5530,
5553,
5547,
5505,
5542,
5516,
5547,
5543,
5556,
5503,
5536,
5517,
5525,
5527,
5503,
5566,
5519,
5527,
5522,
5525,
5512,
5498,
5521,
5525,
5526,
5555,
5517,
5546,
5512,
5542,
5519,
5538,
5534,
5541,
5518,
5542,
5555,
5503,
5493,
5551,
5532,
5536,
5546,
5529,
5505,
5512,
5507,
5555,
5501,
5537,
5554,
5495,
5515,
5530,
5529,
5510,
5515,
5545,
5538,
5484,
5508,
5514,
5491,
5513,
5547,
5523,
5535,
5484,
5547,
5479,
5479,
5491,
5488,
5513,
5544,
5479,
5515,
5530,
5518,
5522,
5537,
5525,
5522,
5478,
5479,
5505,
5478,
5487,
5513,
5500,
5481,
5500,
5496,
5487,
5483,
5476,
5512,
5513,
5471,
5507,
5516,
5482,
5511,
5469,
5490,
5526,
5481,
5510,
5479,
5491,
5513,
5486,
5508,
5482,
5507,
5471,
5478,
5520,
5513,
5527,
5511,
5505,
5484,
5529,
5488,
5460,
5467,
5527,
5476,
5488,
5502,
5479,
5500,
5516,
5475,
5504,
5478,
5498,
5507,
5467,
5458,
5522,
5471,
5485,
5464,
5506,
5500,
5465,
5480,
5470,
5507,
5484,
5489,
5504,
5511,
5487,
5500,
5464,
5515,
5454,
5488,
5466,
5512,
5485,
5446,
5453,
5512,
5450,
5464,
5453,
5469,
5475,
5448,
5464,
5477,
5505,
5446,
5453,
5440,
5494,
5489,
5460,
5438,
5480,
5467,
5451,
5439,
5464,
5481,
5444,
5487,
5493,
5471,
5493,
5482,
5486,
5439,
5435,
5454,
5441,
5500,
5439,
5477,
5461,
5451,
5489,
5483,
5442,
5496,
5476,
5486,
5463,
5470,
5468,
5430,
5461,
5450,
5475,
5433,
5460,
5462,
5435,
5452,
5467,
5461,
5440,
5492,
5439,
5476,
5457,
5464,
5457,
5420,
5470,
5447,
5459,
5462,
5464,
5429,
5440,
5429,
5442,
5484,
5462,
5425,
5483,
5462,
5452,
5474,
5456,
5433,
5446,
5474,
5419,
5423,
5430,
5423,
5443,
5456,
5415,
5445,
5432,
5422,
5464,
5453,
5460,
5457,
5470,
5442,
5438,
5424,
5470,
5452,
5415,
5456,
5439,
5422,
5470,
5426,
5411,
5425,
5416,
5461,
5425,
5425,
5423,
5463,
5419,
5415,
5413,
5465,
5408,
5456,
5411,
5438,
5440,
5415,
5398,
5445,
5445,
5447,
5424,
5434,
5415,
5427,
5452,
5403,
5454,
5452,
5429,
5430,
5458,
5404,
5439,
5436,
5451,
5432,
5457,
5432,
5400,
5393,
5423,
5400,
5416,
5427,
5429,
5454,
5427,
5436,
5392,
5388,
5455,
5410,
5442,
5397,
5446,
5402,
5402,
5405,
5402,
5410,
5415,
5437,
5414,
5437,
5434,
5394,
5385,
5443,
5429,
5397,
5389,
5401,
5398,
5427,
5398,
5436,
5419,
5404,
5427,
5421,
5379,
5417,
5390,
5422,
5418,
5431,
5377,
5411,
5391,
5399,
5401,
5377,
5441,
5394,
5401,
5397,
5400,
5387,
5372,
5396,
5400,
5401,
5430,
5391,
5421,
5387,
5417,
5394,
5413,
5409,
5415,
5393,
5417,
5429,
5377,
5368,
5426,
5406,
5410,
5421,
5403,
5380,
5387,
5382,
5430,
5376,
5412,
5428,
5370,
5390,
5405,
5404,
5385,
5390,
5420,
5413,
5359,
5383,
5389,
5366,
5387,
5421,
5398,
5410,
5359,
5422,
5354,
5354,
5366,
5363,
5388,
5419,
5354,
5390,
5405,
5393,
5397,
5412,
5400,
5397,
5353,
5354,
5380,
5353,
5362,
5388,
5375,
5357,
5375,
5371,
5363,
5358,
5351,
5387,
5388,
5346,
5382,
5391,
5357,
5386,
5344,
5365,
5402,
5356,
5385,
5354,
5367,
5388,
5362,
5383,
5357,
5382,
5347,
5353,
5396,
5388,
5403,
5386,
5381,
5359,
5404,
5363,
5335,
5342,
5402,
5351,
5364,
5378,
5355,
5375,
5392,
5350,
5380,
5353,
5373,
5382,
5342,
5334,
5397,
5346,
5361,
5339,
5382,
5375,
5341,
5356,
5345,
5383,
5359,
5364,
5380,
5386,
5363,
5376,
5339,
5391,
5329,
5363,
5342,
5387,
5361,
5322,
5329,
5388,
5326,
5340,
5329,
5345,
5351,
5324,
5340,
5353,
5381,
5322,
5329,
5316,
5370,
5364,
5335,
5314,
5356,
5343,
5326,
5315,
5339,
5357,
5320,
5363,
5369,
5346,
5369,
5357,
5362,
5314,
5311,
5330,
5317,
5376,
5315,
5353,
5337,
5327,
5365,
5359,
5318,
5372,
5352,
5363,
5339,
5346,
5344,
5306,
5337,
5326,
5351,
5309,
5336,
5338,
5311,
5328,
5343,
5337,
5316,
5368,
5315,
5352,
5333,
5340,
5334,
5297,
5346,
5323,
5335,
5338,
5340,
5305,
5316,
5305,
5319,
5360,
5338,
5301,
5359,
5338,
5328,
5350,
5332,
5309,
5322,
5351,
5295,
5299,
5307,
5299,
5320,
5332,
5291,
5321,
5308,
5299,
5341,
5329,
5337,
5333,
5347,
5319,
5314,
5300,
5346,
5328,
5291,
5333,
5316,
5299,
5347,
5302,
5287,
5302,
5292,
5337,
5301,
5301,
5299,
5339,
5296,
5291,
5290,
5342,
5285,
5333,
5287,
5315,
5317,
5292,
5275,
5321,
5321,
5323,
5300,
5310,
5291,
5304,
5329,
5280,
5331,
5329,
5305,
5307,
5335,
5281,
5316,
5313,
5327,
5308,
5334,
5308,
5276,
5270,
5300,
5277,
5293,
5304,
5306,
5331,
5304,
5313,
5269,
5264,
5332,
5287,
5320,
5275,
5323,
5279,
5279,
5283,
5279,
5286,
5291,
5314,
5291,
5314,
5312,
5271,
5262,
5320,
5306,
5274,
5267,
5278,
5275,
5305,
5275,
5313,
5297,
5282,
5305,
5298,
5256,
5294,
5268,
5299,
5295,
5308,
5254,
5288,
5269,
5276,
5278,
5254,
5318,
5271,
5278,
5274,
5277,
5264,
5249,
5273,
5277,
5278,
5307,
5269,
5298,
5264,
5294,
5271,
5290,
5286,
5293,
5270,
5294,
5307,
5255,
5246,
5304,
5284,
5288,
5298,
5281,
5257,
5264,
5259,
5307,
5254,
5290,
5306,
5247,
5268,
5283,
5282,
5262,
5267,
5298,
5291,
5236,
5260,
5267,
5244,
5265,
5299,
5276,
5288,
5236,
5299,
5232,
5232,
5243,
5241,
5265,
5297,
5232,
5268,
5283,
5271,
5275,
5290,
5278,
5275,
5231,
5232,
5258,
5231,
5240,
5267,
5253,
5234,
5253,
5248,
5240,
5235,
5229,
5264,
5266,
5224,
5260,
5269,
5235,
5264,
5221,
5243,
5279,
5234,
5263,
5232,
5245,
5267,
5240,
5262,
5235,
5261,
5225,
5231,
5273,
5266,
5280,
5264,
5259,
5238,
5282,
5241,
5213,
5220,
5280,
5229,
5241,
5256,
5233,
5253,
5270,
5228,
5258,
5231,
5251,
5260,
5220,
5212,
5275,
5225,
5239,
5217,
5260,
5254,
5219,
5234,
5224,
5261,
5238,
5242,
5258,
5264,
5241,
5255,
5218,
5269,
5207,
5241,
5220,
5265,
5240,
5200,
5207,
5266,
5204,
5219,
5207,
5223,
5229,
5202,
5218,
5232,
5259,
5201,
5207,
5194,
5249,
5243,
5213,
5192,
5234,
5221,
5205,
5194,
5218,
5235,
5198,
5241,
5248,
5225,
5248,
5236,
5241,
5193,
5190,
5209,
5196,
5255,
5194,
5232,
5215,
5205,
5244,
5238,
5197,
5250,
5231,
5241,
5218,
5225,
5223,
5185,
5216,
5205,
5229,
5188,
5215,
5217,
5190,
5206,
5221,
5216,
5195,
5247,
5194,
5231,
5212,
5219,
5213,
5176,
5225,
5202,
5213,
5217,
5219,
5184,
5195,
5183,
5197,
5239,
5217,
5181,
5238,
5218,
5206,
5229,
5212,
5188,
5202,
5229,
5174,
5179,
5185,
5179,
5198,
5212,
5170,
5200,
5188,
5178,
5220,
5209,
5216,
5212,
5226,
5198,
5193,
5180,
5225,
5207,
5170,
5212,
5195,
5177,
5226,
5182,
5166,
5181,
5172,
5217,
5181,
5180,
5179,
5219,
5175,
5170,
5169,
5221,
5164,
5212,
5167,
5194,
5196,
5171,
5154,
5201,
5201,
5203,
5180,
5190,
5170,
5183,
5208,
5159,
5210,
5209,
5184,
5186,
5214,
5161,
5196,
5192,
5206,
5188,
5214,
5188,
5156,
5150,
5179,
5156,
5172,
5184,
5185,
5211,
5183,
5192,
5148,
5144,
5212,
5166,
5199,
5154,
5203,
5159,
5159,
5162,
5158,
5166,
5171,
5193,
5170,
5194,
5191,
5151,
5142,
5200,
5186,
5154,
5146,
5158,
5155,
5184,
5155,
5193,
5176,
5161,
5184,
5177,
5136,
5174,
5147,
5179,
5175,
5188,
5134,
5168,
5148,
5156,
5158,
5134,
5198,
5151,
5158,
5154,
5157,
5144,
5129,
5153,
5157,
5158,
5187,
5149,
5178,
5144,
5174,
5151,
5170,
5166,
5173,
5150,
5174,
5187,
5135,
5126,
5183,
5163,
5168,
5179,
5161,
5137,
5145,
5139,
5187,
5133,
5169,
5185,
5128,
5148,
5163,
5162,
5142,
5147,
5178,
5171,
5117,
5140,
5147,
5124,
5145,
5179,
5156,
5168,
5116,
5179,
5112,
5113,
5124,
5121,
5146,
5177,
5112,
5148,
5163,
5151,
5155,
5170,
5158,
5155,
5111,
5113,
5138,
5111,
5120,
5146,
5133,
5115,
5133,
5129,
5121,
5116,
5110,
5145,
5146,
5104,
5140,
5150,
5116,
5144,
5102,
5123,
5160,
5114,
5144,
5113,
5125,
5147,
5120,
5142,
5116,
5141,
5106,
5111,
5154,
5147,
5161,
5145,
5139,
5118,
5162,
5121,
5094,
5101,
5161,
5110,
5122,
5136,
5114,
5134,
5151,
5109,
5139,
5112,
5132,
5141,
5101,
5092,
5156,
5106,
5120,
5098,
5140,
5135,
5100,
5115,
5104,
5142,
5118,
5123,
5139,
5145,
5122,
5135,
5099,
5150,
5088,
5122,
5101,
5146,
5120,
5081,
5088,
5147,
5085,
5100,
5088,
5104,
5110,
5083,
5099,
5113,
5140,
5081,
5088,
5075,
5130,
5124,
5095,
5073,
5115,
5102,
5086,
5075,
5099,
5116,
5079,
5122,
5129,
5106,
5129,
5117,
5122,
5074,
5071,
5089,
5077,
5136,
5075,
5113,
5096,
5086,
5125,
5118,
5078,
5132,
5113,
5122,
5099,
5107,
5104,
5066,
5096,
5086,
5111,
5069,
5096,
5098,
5071,
5087,
5102,
5097,
5076,
5128,
5074,
5113,
5093,
5100,
5094,
5057,
5107,
5084,
5095,
5099,
5100,
5065,
5076,
5065,
5079,
5121,
5099,
5062,
5120,
5099,
5088,
5110,
5093,
5070,
5083,
5111,
5056,
5060,
5067,
5060,
5080,
5093,
5051,
5082,
5069,
5059,
5102,
5090,
5098,
5094,
5108,
5079,
5074,
5061,
5107,
5089,
5051,
5094,
5077,
5059,
5108,
5063,
5048,
5063,
5053,
5098,
5063,
5062,
5060,
5101,
5057,
5052,
5051,
5103,
5046,
5094,
5048,
5076,
5078,
5053,
5036,
5082,
5082,
5085,
5062,
5072,
5052,
5065,
5090,
5041,
5092,
5091,
5066,
5068,
5096,
5043,
5078,
5074,
5088,
5070,
5096,
5070,
5038,
5032,
5061,
5038,
5054,
5066,
5067,
5093,
5065,
5074,
5030,
5026,
5094,
5048,
5081,
5036,
5085,
5041,
5041,
5044,
5041,
5048,
5053,
5075,
5052,
5076,
5073,
5033,
5024,
5082,
5068,
5036,
5028,
5040,
5037,
5067,
5037,
5075,
5058,
5043,
5066,
5060,
5019,
5056,
5030,
5061,
5057,
5070,
5016,
5050,
5030,
5038,
5041,
5017,
5080,
5033,
5041,
5036,
5040,
5026,
5012,
5035,
5039,
5040,
5069,
5031,
5060,
5027,
5056,
5034,
5052,
5049,
5055,
5033,
5057,
5069,
5017,
5008,
5066,
5046,
5050,
5061,
5043,
5020,
5027,
5022,
5070,
5016,
5052,
5068,
5010,
5030,
5045,
5044,
5025,
5030,
5060,
5054,
4999,
5023,
5029,
5007,
5028,
5062,
5038,
5051,
4999,
5062,
4995,
4995,
5006,
5004,
5029,
5060,
4995,
5031,
5045,
5034,
5038,
5053,
5041,
5038,
4995,
4996,
5021,
4994,
5003,
5029,
5017,
4997,
5017,
5012,
5003,
4999,
4992,
5028,
5029,
4988,
5023,
5033,
4999,
5027,
4985,
5006,
5043,
4997,
5026,
4996,
5008,
5030,
5003,
5025,
4999,
5024,
4989,
4995,
5037,
5030,
5044,
5028,
5022,
5001,
5045,
5005,
4977,
4984,
5044,
4993,
5005,
5020,
4997,
5017,
5034,
4992,
5022,
4995,
5015,
5024,
4984,
4976,
5039,
4989,
5003,
4981,
5024,
5018,
4983,
4998,
4988,
5026,
5002,
5006,
5022,
5028,
5005,
5019,
4982,
5033,
4972,
5006,
4984,
5030,
5004,
4964,
4971,
5030,
4968,
4983,
4971,
4988,
4993,
4967,
4983,
4996,
5023,
4964,
4971,
4959,
5013,
5007,
4978,
4956,
4999,
4986,
4969,
4959,
4983,
5000,
4963,
5006,
5012,
4990,
5012,
5000,
5005,
4957,
4954,
4973,
4960,
5020,
4959,
4997,
4980,
4970,
5009,
5002,
4962,
5015,
4996,
5006,
4983,
4990,
4988,
4950,
4981,
4970,
4995,
4953,
4980,
4982,
4955,
4971,
4986,
4981,
4960,
5012,
4959,
4997,
4977,
4984,
4978,
4941,
4990,
4967,
4979,
4983,
4984,
4949,
4960,
4949,
4962,
5004,
4982,
4946,
5004,
4983,
4972,
4995,
4977,
4954,
4967,
4995,
4940,
4944,
4951,
4944,
4964,
4977,
4935,
4966,
4953,
4944,
4986,
4974,
4982,
4978,
4992,
4963,
4959,
4945,
4991,
4973,
4935,
4978,
4961,
4944,
4992,
4947,
4932,
4947,
4938,
4982,
4947,
4946,
4944,
4985,
4941,
4937,
4935,
4987,
4930,
4978,
4933,
4960,
4962,
4937,
4920,
4967,
4967,
4969,
4946,
4956,
4937,
4949,
4974,
4926,
4976,
4975,
4951,
4952,
4981,
4927,
4962,
4959,
4973,
4954,
4980,
4954,
4922,
4916,
4946,
4923,
4939,
4951,
4952,
4977,
4950,
4959,
4915,
4911,
4978,
4933,
4966,
4920,
4969,
4925,
4925,
4929,
4925,
4933,
4938,
4960,
4937,
4960,
4958,
4918,
4909,
4967,
4953,
4920,
4913,
4924,
4922,
4952,
4922,
4960,
4943,
4928,
4951,
4945,
4903,
4941,
4915,
4946,
4942,
4954,
4901,
4935,
4916,
4923,
4925,
4901,
4965,
4918,
4925,
4922,
4924,
4911,
4896,
4920,
4924,
4925,
4954,
4916,
4945,
4911,
4941,
4918,
4938,
4934,
4940,
4917,
4941,
4954,
4902,
4893,
4951,
4931,
4935,
4946,
4929,
4905,
4912,
4907,
4955,
4901,
4937,
4953,
4895,
4916,
4931,
4930,
4910,
4915,
4946,
4939,
4885,
4908,
4915,
4892,
4913,
4947,
4924,
4936,
4885,
4947,
4880,
4880,
4892,
4889,
4914,
4945,
4880,
4916,
4931,
4919,
4924,
4938,
4926,
4923,
4880,
4881,
4907,
4879,
4888,
4915,
4902,
4883,
4902,
4897,
4889,
4884,
4878,
4913,
4915,
4873,
4909,
4918,
4884,
4913,
4871,
4892,
4929,
4882,
4912,
4881,
4894,
4915,
4889,
4911,
4884,
4909,
4874,
4880,
4923,
4915,
4930,
4914,
4908,
4887,
4931,
4890,
4863,
4870,
4930,
4879,
4891,
4905,
4882,
4903,
4920,
4878,
4908,
4881,
4901,
4910,
4870,
4861,
4925,
4874,
4889,
4867,
4910,
4903,
4868,
4883,
4873,
4911,
4888,
4892,
4908,
4914,
4891,
4904,
4867,
4919,
4858,
4892,
4870,
4916,
4889,
4850,
4857,
4916,
4854,
4869,
4858,
4873,
4879,
4852,
4868,
4882,
4910,
4851,
4858,
4844,
4899,
4893,
4864,
4843,
4885,
4872,
4855,
4844,
4868,
4886,
4849,
4892,
4898,
4876,
4898,
4887,
4892,
4844,
4841,
4859,
4846,
4906,
4845,
4883,
4866,
4856,
4895,
4888,
4848,
4902,
4882,
4893,
4869,
4876,
4874,
4836,
4866,
4856,
4881,
4838,
4866,
4868,
4841,
4858,
4873,
4867,
4846,
4898,
4845,
4883,
4863,
4871,
4864,
4827,
4877,
4853,
4865,
4869,
4871,
4836,
4846,
4835,
4849,
4890,
4868,
4832,
4890,
4870,
4858,
4881,
4864,
4840,
4853,
4881,
4826,
4830,
4837,
4830,
4851,
4864,
4822,
4852,
4839,
4830,
4872,
4860,
4868,
4865,
4878,
4850,
4845,
4832,
4878,
4859,
4822,
4864,
4848,
4830,
4879,
4834,
4819,
4834,
4824,
4869,
4833,
4833,
4831,
4872,
4828,
4823,
4822,
4874,
4817,
4865,
4819,
4846,
4849,
4824,
4807,
4853,
4853,
4856,
4832,
4843,
4823,
4836,
4861,
4813,
4863,
4861,
4838,
4839,
4867,
4814,
4849,
4845,
4860,
4841,
4867,
4841,
4809,
4802,
4832,
4809,
4826,
4837,
4838,
4864,
4837,
4846,
4802,
4798,
4866,
4820,
4852,
4808,
4856,
4813,
4813,
4816,
4812,
4820,
4825,
4847,
4824,
4848,
4845,
4805,
4796,
4854,
4840,
4808,
4800,
4812,
4809,
4838,
4809,
4847,
4830,
4815,
4838,
4832,
4790,
4828,
4802,
4833,
4829,
4842,
4788,
4822,
4802,
4811,
4813,
4789,
4852,
4805,
4813,
4808,
4812,
4799,
4784,
4807,
4811,
4813,
4842,
4804,
4833,
4799,
4829,
4806,
4825,
4821,
4828,
4805,
4829,
4842,
4790,
4780,
4838,
4819,
4823,
4833,
4816,
4792,
4800,
4794,
4842,
4789,
4825,
4841,
4783,
4803,
4818,
4817,
4797,
4802,
4834,
4826,
4772,
4795,
4802,
4779,
4801,
4835,
4811,
4824,
4772,
4835,
4768,
4768,
4779,
4777,
4801,
4833,
4768,
4804,
4819,
4807,
4811,
4826,
4814,
4811,
4768,
4769,
4794,
4767,
4776,
4802,
4790,
4770,
4790,
4785,
4777,
4772,
4766,
4801,
4802,
4761,
4797,
4806,
4772,
4801,
4758,
4780,
4816,
4770,
4800,
4769,
4782,
4804,
4777,
4799,
4772,
4797,
4762,
4768,
4811,
4803,
4818,
4801,
4796,
4775,
4819,
4778,
4750,
4757,
4817,
4767,
4779,
4793,
4770,
4791,
4808,
4766,
4795,
4769,
4789,
4798,
4758,
4749,
4813,
4762,
4777,
4755,
4798,
4792,
4757,
4772,
4762,
4799,
4776,
4780,
4796,
4802,
4779,
4793,
4756,
4807,
4746,
4780,
4758,
4804,
4778,
4739,
4746,
4805,
4742,
4757,
4746,
4762,
4768,
4741,
4757,
4770,
4798,
4739,
4746,
4733,
4787,
4782,
4753,
4731,
4773,
4760,
4743,
4733,
4757,
4775,
4737,
4780,
4787,
4764,
4787,
4775,
4780,
4732,
4729,
4748,
4735,
4794,
4733,
4771,
4755,
4745,
4784,
4777,
4736,
4790,
4771,
4781,
4757,
4765,
4762,
4725,
4755,
4745,
4769,
4727,
4755,
4757,
4730,
4746,
4761,
4756,
4735,
4787,
4733,
4771,
4752,
4759,
4753,
4716,
4765,
4742,
4754,
4758,
4760,
4724,
4735,
4724,
4738,
4779,
4757,
4721,
4779,
4758,
4747,
4770,
4752,
4729,
4742,
4770,
4715,
4719,
4726,
4719,
4740,
4753,
4711,
4741,
4728,
4719,
4761,
4749,
4757,
4754,
4767,
4739,
4734,
4721,
4767,
4748,
4711,
4753,
4736,
4719,
4768,
4723,
4708,
4723,
4713,
4758,
4723,
4722,
4720,
4761,
4717,
4712,
4711,
4763,
4706,
4754,
4709,
4736,
4738,
4713,
4696,
4743,
4742,
4745,
4721,
4732,
4713,
4726,
4750,
4702,
4753,
4751,
4727,
4728,
4756,
4703,
4738,
4734,
4749,
4731,
4756,
4731,
4698,
4692,
4722,
4699,
4715,
4726,
4728,
4754,
4726,
4735,
4691,
4687,
4755,
4709,
4742,
4697,
4746,
4702,
4702,
4705,
4702,
4709,
4714,
4736,
4714,
4737,
4734,
4694,
4686,
4743,
4729,
4697,
4690,
4701,
4698,
4728,
4698,
4736,
4720,
4705,
4728,
4721,
4680,
4718,
4691,
4723,
4719,
4731,
4678,
4712,
4692,
4700,
4702,
4678,
4742,
4695,
4702,
4698,
4701,
4688,
4674,
4697,
4701,
4702,
4731,
4693,
4723,
4689,
4718,
4696,
4714,
4711,
4717,
4695,
4719,
4731,
4679,
4670,
4728,
4708,
4712,
4723,
4706,
4682,
4690,
4684,
4732,
4679,
4714,
4731,
4673,
4693,
4708,
4707,
4687,
4692,
4723,
4716,
4662,
4686,
4692,
4669,
4690,
4724,
4701,
4714,
4662,
4725,
4658,
4658,
4669,
4667,
4691,
4723,
4658,
4694,
4709,
4697,
4701,
4716,
4704,
4701,
4658,
4659,
4684,
4657,
4666,
4692,
4680,
4661,
4680,
4675,
4667,
4662,
4656,
4691,
4692,
4651,
4687,
4696,
4662,
4691,
4648,
4670,
4706,
4661,
4690,
4659,
4672,
4694,
4667,
4689,
4662,
4688,
4652,
4658,
4701,
4694,
4708,
4692,
4687,
4665,
4710,
4668,
4641,
4648,
4708,
4657,
4669,
4683,
4661,
4681,
4698,
4656,
4686,
4659,
4679,
4688,
4648,
4640,
4704,
4653,
4667,
4646,
4688,
4682,
4647,
4662,
4652,
4690,
4666,
4671,
4687,
4693,
4670,
4683,
4646,
4698,
4637,
4670,
4649,
4695,
4668,
4629,
4636,
4695,
4633,
4648,
4637,
4652,
4658,
4631,
4647,
4661,
4689,
4630,
4637,
4624,
4678,
4672,
4643,
4622,
4664,
4651,
4635,
4624,
4648,
4665,
4628,
4671,
4677,
4655,
4677,
4666,
4670,
4623,
4620,
4639,
4626,
4685,
4624,
4662,
4646,
4636,
4674,
4668,
4627,
4681,
4661,
4672,
4648,
4656,
4653,
4615,
4646,
4636,
4660,
4618,
4646,
4648,
4621,
4637,
4652,
4647,
4626,
4678,
4624,
4662,
4643,
4650,
4644,
4607,
4657,
4633,
4645,
4649,
4651,
4615,
4626,
4615,
4629,
4670,
4648,
4612,
4670,
4649,
4638,
4661,
4644,
4620,
4633,
4661,
4606,
4610,
4617,
4610,
4631,
4644,
4602,
4632,
4620,
4610,
4652,
4641,
4648,
4645,
4659,
4630,
4625,
4612,
4658,
4640,
4602,
4645,
4628,
4610,
4659,
4614,
4599,
4614,
4604,
4650,
4614,
4613,
4611,
4652,
4608,
4604,
4602,
4654,
4598,
4646,
4600,
4627,
4630,
4604,
4587,
4634,
4634,
4637,
4613,
4624,
4604,
4617,
4642,
4593,
4644,
4643,
4618,
4620,
4648,
4595,
4630,
4626,
4640,
4622,
4648,
4622,
4590,
4584,
4614,
4591,
4607,
4618,
4620,
4645,
4618,
4627,
4583,
4579,
4647,
4601,
4633,
4589,
4637,
4594,
4594,
4597,
4593,
4601,
4606,
4628,
4606,
4629,
4626,
4586,
4577,
4635,
4621,
4589,
4581,
4593,
4591,
4620,
4590,
4629,
4611,
4597,
4620,
4613,
4572,
4609,
4583,
4614,
4611,
4623,
4570,
4604,
4584,
4592,
4594,
4570,
4634,
4587,
4594,
4590,
4593,
4580,
4565,
4589,
4593,
4594,
4623,
4585,
4615,
4580,
4610,
4588,
4607,
4603,
4609,
4587,
4611,
4623,
4571,
4563,
4620,
4600,
4604,
4615,
4598,
4574,
4581,
4576,
4624,
4571,
4607,
4623,
4565,
4585,
4600,
4599,
4579,
4585,
4616,
4608,
4554,
4578,
4584,
4562,
4583,
4617,
4593,
4606,
4554,
4617,
4550,
4550,
4562,
4559,
4584,
4615,
4550,
4586,
4601,
4589,
4594,
4608,
4596,
4593,
4550,
4551,
4577,
4550,
4558,
4585,
4572,
4553,
4572,
4567,
4559,
4555,
4548,
4584,
4585,
4543,
4579,
4588,
4555,
4584,
4541,
4563,
4599,
4553,
4583,
4551,
4564,
4586,
4559,
4581,
4555,
4580,
4545,
4551,
4594,
4586,
4601,
4585,
4579,
4558,
4602,
4561,
4534,
4541,
4600,
4550,
4562,
4576,
4554,
4574,
4591,
4549,
4579,
4552,
4572,
4581,
4541,
4533,
4596,
4545,
4560,
4539,
4581,
4575,
4540,
4555,
4545,
4583,
4559,
4564,
4579,
4586,
4563,
4576,
4539,
4591,
4529,
4563,
4542,
4587,
4562,
4522,
4529,
4588,
4526,
4541,
4529,
4545,
4551,
4525,
4541,
4554,
4581,
4523,
4529,
4517,
4571,
4565,
4536,
4515,
4557,
4544,
4527,
4517,
4541,
4558,
4521,
4564,
4571,
4548,
4571,
4559,
4564,
4516,
4513,
4532,
4519,
4578,
4517,
4555,
4539,
4529,
4567,
4561,
4520,
4574,
4555,
4565,
4542,
4549,
4547,
4508,
4539,
4529,
4554,
4512,
4539,
4541,
4514,
4530,
4545,
4540,
4519,
4571,
4518,
4556,
4536,
4543,
4537,
4500,
4550,
4527,
4539,
4542,
4544,
4509,
4520,
4508,
4522,
4564,
4542,
4506,
4563,
4543,
4532,
4554,
4537,
4514,
4527,
4555,
4500,
4504,
4511,
4504,
4524,
4537,
4496,
4526,
4513,
4504,
4546,
4534,
4542,
4539,
4552,
4524,
4519,
4506,
4551,
4534,
4496,
4538,
4521,
4504,
4552,
4508,
4493,
4508,
4498,
4543,
4507,
4507,
4505,
4545,
4502,
4498,
4496,
4548,
4491,
4540,
4493,
4521,
4523,
4498,
4481,
4528,
4528,
4530,
4507,
4518,
4498,
4511,
4536,
4487,
4538,
4536,
4512,
4514,
4542,
4489,
4523,
4520,
4534,
4516,
4542,
4516,
4484,
4477,
4507,
4484,
4500,
4512,
4513,
4539,
4512,
4521,
4477,
4473,
4541,
4495,
4528,
4483,
4531,
4488,
4488,
4491,
4488,
4495,
4500,
4522,
4499,
4523,
4520,
4480,
4471,
4529,
4515,
4483,
4476,
4487,
4484,
4514,
4484,
4522,
4506,
4491,
4514,
4507,
4466,
4504,
4477,
4508,
4505,
4518,
4464,
4498,
4478,
4486,
4489,
4464,
4528,
4481,
4489,
4484,
4488,
4475,
4460,
4483,
4487,
4489,
4518,
4480,
4509,
4475,
4505,
4482,
4501,
4497,
4504,
4481,
4505,
4518,
4466,
4457,
4514,
4495,
4499,
4510,
4492,
4469,
4476,
4471,
4519,
4465,
4501,
4518,
4459,
4480,
4495,
4493,
4474,
4480,
4510,
4503,
4449,
4473,
4479,
4456,
4477,
4511,
4488,
4500,
4449,
4512,
4445,
4445,
4456,
4453,
4478,
4510,
4445,
4481,
4496,
4484,
4488,
4503,
4491,
4488,
4445,
4446,
4471,
4444,
4453,
4480,
4467,
4448,
4467,
4462,
4454,
4449,
4443,
4478,
4480,
4438,
4474,
4483,
4449,
4478,
4436,
4458,
4494,
4448,
4477,
4446,
4459,
4481,
4454,
4476,
4450,
4475,
4440,
4446,
4489,
4481,
4496,
4480,
4474,
4453,
4497,
4456,
4429,
4436,
4496,
4445,
4457,
4471,
4448,
4469,
4486,
4444,
4474,
4447,
4467,
4476,
4436,
4427,
4491,
4441,
4455,
4433,
4476,
4470,
4435,
4450,
4440,
4478,
4454,
4459,
4475,
4481,
4458,
4471,
4434,
4486,
4424,
4459,
4437,
4483,
4456,
4417,
4424,
4483,
4421,
4436,
4425,
4440,
4447,
4419,
4436,
4449,
4477,
4418,
4425,
4412,
4466,
4461,
4432,
4410,
4452,
4439,
4423,
4412,
4436,
4454,
4416,
4460,
4466,
4444,
4466,
4454,
4459,
4411,
4409,
4427,
4415,
4474,
4412,
4451,
4434,
4424,
4463,
4456,
4416,
4470,
4451,
4461,
4437,
4445,
4442,
4404,
4435,
4424,
4449,
4407,
4434,
4437,
4410,
4426,
4441,
4436,
4415,
4467,
4414,
4452,
4432,
4439,
4433,
4396,
4446,
4422,
4434,
4438,
4439,
4404,
4415,
4404,
4418,
4460,
4438,
4401,
4459,
4438,
4427,
4450,
4433,
4409,
4423,
4451,
4396,
4400,
4407,
4400,
4420,
4433,
4391,
4422,
4409,
4400,
4442,
4430,
4438,
4434,
4448,
4420,
4415,
4402,
4447,
4429,
4392,
4434,
4417,
4400,
4448,
4404,
4389,
4404,
4394,
4439,
4403,
4403,
4401,
4441,
4398,
4394,
4392,
4444,
4387,
4436,
4389,
4417,
4419,
4394,
4377,
4424,
4424,
4426,
4403,
4414,
4394,
4407,
4432,
4383,
4434,
4432,
4409,
4410,
4438,
4385,
4419,
4416,
4431,
4412,
4438,
4412,
4380,
4374,
4403,
4381,
4397,
4408,
4409,
4435,
4408,
4417,
4373,
4369,
4437,
4391,
4424,
4379,
4427,
4384,
4384,
4387,
4383,
4392,
4396,
4418,
4396,
4419,
4417,
4377,
4367,
4425,
4412,
4380,
4372,
4383,
4381,
4410,
4381,
4419,
4402,
4387,
4410,
4404,
4363,
4400,
4374,
4405,
4401,
4414,
4360,
4395,
4375,
4383,
4385,
4361,
4425,
4378,
4385,
4381,
4384,
4371,
4357,
4380,
4383,
4385,
4414,
4376,
4405,
4372,
4401,
4379,
4398,
4394,
4400,
4378,
4402,
4414,
4363,
4353,
4411,
4392,
4396,
4407,
4389,
4366,
4373,
4367,
4415,
4362,
4398,
4414,
4356,
4376,
4392,
4390,
4371,
4376,
4407,
4400,
4345,
4369,
4375,
4353,
4374,
4408,
4385,
4397,
4345,
4409,
4341,
4342,
4353,
4350,
4375,
4407,
4342,
4378,
4393,
4381,
4385,
4400,
4388,
4385,
4342,
4343,
4368,
4341,
4350,
4377,
4364,
4345,
4364,
4359,
4351,
4346,
4340,
4375,
4377,
4335,
4371,
4380,
4346,
4375,
4333,
4355,
4391,
4345,
4374,
4343,
4356,
4378,
4351,
4373,
4347,
4372,
4337,
4343,
4386,
4378,
4393,
4377,
4371,
4350,
4394,
4353,
4326,
4333,
4393,
4342,
4354,
4368,
4346,
4366,
4383,
4341,
4371,
4344,
4364,
4373,
4334,
4325,
4389,
4338,
4352,
4331,
4373,
4367,
4333,
4348,
4337,
4375,
4352,
4356,
4372,
4378,
4355,
4368,
4332,
4383,
4322,
4356,
4335,
4380,
4354,
4315,
4322,
4381,
4319,
4333,
4322,
4338,
4344,
4317,
4334,
4346,
4374,
4315,
4322,
4309,
4364,
4358,
4329,
4307,
4350,
4337,
4320,
4309,
4334,
4351,
4314,
4357,
4364,
4341,
4364,
4352,
4357,
4309,
4306,
4324,
4312,
4371,
4310,
4349,
4332,
4322,
4360,
4354,
4314,
4367,
4348,
4358,
4335,
4342,
4340,
4302,
4333,
4322,
4347,
4305,
4332,
4334,
4307,
4324,
4339,
4334,
4313,
4364,
4311,
4349,
4330,
4337,
4331,
4294,
4343,
4320,
4332,
4336,
4337,
4302,
4313,
4302,
4316,
4358,
4336,
4299,
4357,
4336,
4326,
4348,
4330,
4307,
4321,
4349,
4293,
4298,
4305,
4298,
4318,
4331,
4289,
4320,
4307,
4298,
4340,
4328,
4336,
4332,
4346,
4318,
4313,
4300,
4345,
4327,
4290,
4332,
4315,
4298,
4346,
4302,
4287,
4302,
4292,
4337,
4301,
4301,
4299,
4339,
4296,
4292,
4290,
4342,
4285,
4334,
4288,
4315,
4317,
4293,
4275,
4322,
4322,
4324,
4301,
4312,
4292,
4305,
4330,
4282,
4332,
4330,
4307,
4308,
4336,
4283,
4318,
4314,
4329,
4311,
4336,
4311,
4278,
4272,
4302,
4279,
4295,
4307,
4308,
4334,
4306,
4315,
4272,
4267,
4335,
4290,
4322,
4278,
4326,
4283,
4282,
4286,
4282,
4290,
4295,
4317,
4294,
4317,
4315,
4275,
4266,
4324,
4310,
4278,
4271,
4282,
4279,
4309,
4279,
4317,
4301,
4286,
4309,
4302,
4261,
4299,
4272,
4304,
4300,
4313,
4259,
4293,
4273,
4282,
4284,
4260,
4323,
4276,
4284,
4280,
4283,
4270,
4255,
4279,
4283,
4284,
4313,
4275,
4304,
4270,
4300,
4277,
4297,
4293,
4299,
4277,
4300,
4313,
4261,
4253,
4310,
4290,
4294,
4305,
4288,
4264,
4272,
4266,
4314,
4261,
4297,
4313,
4255,
4275,
4291,
4289,
4270,
4275,
4306,
4299,
4245,
4268,
4275,
4252,
4273,
4307,
4284,
4297,
4245,
4307,
4240,
4241,
4252,
4249,
4275,
4306,
4241,
4277,
4292,
4280,
4284,
4299,
4287,
4284,
4241,
4242,
4268,
4240,
4249,
4276,
4263,
4244,
4263,
4258,
4250,
4246,
4239,
4275,
4276,
4234,
4270,
4279,
4246,
4275,
4232,
4254,
4290,
4244,
4273,
4243,
4255,
4277,
4251,
4272,
4246,
4271,
4236,
4242,
4285,
4277,
4292,
4276,
4270,
4249,
4294,
4253,
4225,
4232,
4292,
4241,
4254,
4268,
4245,
4265,
4283,
4241,
4270,
4243,
4263,
4273,
4233,
4224,
4288,
4238,
4252,
4230,
4273,
4267,
4232,
4247,
4237,
4275,
4251,
4256,
4271,
4278,
4255,
4268,
4231,
4283,
4221,
4255,
4234,
4279,
4254,
4214,
4221,
4280,
4218,
4233,
4221,
4238,
4243,
4217,
4233,
4246,
4274,
4215,
4222,
4209,
4263,
4258,
4228,
4207,
4249,
4236,
4220,
4209,
4233,
4251,
4213,
4257,
4263,
4241,
4263,
4252,
4256,
4209,
4206,
4225,
4212,
4271,
4210,
4248,
4232,
4221,
4261,
4254,
4213,
4267,
4248,
4258,
4234,
4242,
4240,
4202,
4232,
4222,
4247,
4205,
4232,
4234,
4208,
4224,
4239,
4233,
4212,
4264,
4211,
4249,
4230,
4237,
4231,
4194,
4243,
4220,
4232,
4235,
4238,
4202,
4213,
4202,
4216,
4257,
4235,
4199,
4257,
4236,
4226,
4248,
4231,
4208,
4220,
4249,
4194,
4198,
4205,
4198,
4218,
4231,
4189,
4220,
4208,
4197,
4240,
4228,
4236,
4232,
4246,
4218,
4213,
4200,
4246,
4227,
4190,
4232,
4216,
4198,
4247,
4202,
4187,
4202,
4192,
4238,
4202,
4202,
4199,
4240,
4196,
4192,
4191,
4242,
4186,
4234,
4188,
4216,
4218,
4193,
4176,
4223,
4223,
4225,
4202,
4212,
4193,
4206,
4231,
4182,
4233,
4231,
4207,
4209,
4236,
4183,
4218,
4215,
4230,
4211,
4236,
4211,
4179,
4173,
4203,
4180,
4196,
4207,
4209,
4234,
4207,
4216,
4172,
4168,
4236,
4190,
4223,
4178,
4226,
4183,
4183,
4187,
4183,
4190,
4196,
4218,
4195,
4218,
4216,
4175,
4167,
4225,
4211,
4179,
4171,
4183,
4180,
4210,
4180,
4218,
4202,
4187,
4210,
4203,
4162,
4199,
4173,
4204,
4201,
4213,
4160,
4194,
4174,
4182,
4184,
4160,
4224,
4177,
4184,
4181,
4183,
4170,
4156,
4180,
4183,
4184,
4214,
4176,
4205,
4171,
4201,
4178,
4197,
4194,
4200,
4177,
4202,
4214,
4162,
4153,
4211,
4191,
4196,
4206,
4189,
4165,
4173,
4167,
4215,
4162,
4198,
4214,
4156,
4176,
4191,
4190,
4170,
4176,
4207,
4199,
4146,
4169,
4176,
4153,
4174,
4208,
4185,
4197,
4146,
4209,
4142,
4142,
4153,
4151,
4175,
4207,
4142,
4178,
4192,
4181,
4186,
4200,
4188,
4186,
4142,
4143,
4169,
4142,
4151,
4177,
4164,
4145,
4164,
4160,
4151,
4147,
4140,
4176,
4177,
4136,
4171,
4181,
4147,
4176,
4133,
4155,
4191,
4146,
4175,
4144,
4157,
4179,
4152,
4174,
4147,
4173,
4138,
4144,
4186,
4179,
4194,
4177,
4172,
4151,
4195,
4154,
4127,
4133,
4194,
4143,
4155,
4169,
4146,
4167,
4184,
4142,
4172,
4145,
4165,
4174,
4135,
4126,
4190,
4139,
4153,
4132,
4174,
4168,
4133,
4149,
4138,
4176,
4153,
4157,
4173,
4180,
4156,
4170,
4133,
4184,
4123,
4157,
4136,
4181,
4155,
4116,
4123,
4182,
4120,
4135,
4123,
4139,
4145,
4118,
4135,
4148,
4176,
4117,
4124,
4111,
4165,
4159,
4130,
4109,
4151,
4138,
4122,
4111,
4135,
4153,
4115,
4159,
4165,
4143,
4165,
4153,
4159,
4111,
4108,
4127,
4114,
4173,
4112,
4150,
4133,
4124,
4162,
4156,
4115,
4169,
4150,
4160,
4137,
4144,
4142,
4104,
4135,
4124,
4149,
4107,
4134,
4136,
4109,
4126,
4141,
4136,
4115,
4166,
4113,
4151,
4132,
4139,
4133,
4096,
4145,
4122,
4134,
4138,
4139,
4105,
4115,
4104,
4118,
4160,
4138,
4101,
4159,
4138,
4128,
4150,
4133,
4110,
4123,
4151,
4096,
4100,
4107,
4100,
4120,
4133,
4092,
4122,
4109,
4100,
4142,
4131,
4138,
4135,
4149,
4121,
4115,
4102,
4148,
4130,
4093,
4135,
4118,
4101,
4149,
4105,
4089,
4105,
4095,
4140,
4104,
4104,
4102,
4143,
4099,
4094,
4093,
4145,
4088,
4137,
4091,
4118,
4120,
4095,
4078,
4125,
4125,
4128,
4104,
4115,
4095,
4108,
4133,
4084,
4135,
4133,
4110,
4111,
4139,
4086,
4121,
4117,
4132,
4114,
4139,
4114,
4081,
4075,
4105,
4082,
4098,
4110,
4111,
4137,
4109,
4118,
4075,
4071,
4138,
4093,
4125,
4081,
4129,
4086,
4086,
4089,
4085,
4093,
4098,
4120,
4098,
4121,
4118,
4078,
4070,
4128,
4114,
4081,
4074,
4085,
4083,
4113,
4083,
4121,
4104,
4089,
4113,
4106,
4065,
4102,
4076,
4107,
4103,
4116,
4063,
4097,
4077,
4085,
4087,
4063,
4127,
4080,
4087,
4084,
4086,
4073,
4059,
4083,
4086,
4087,
4117,
4079,
4108,
4074,
4104,
4081,
4100,
4096,
4103,
4080,
4105,
4117,
4065,
4056,
4114,
4094,
4099,
4109,
4092,
4069,
4076,
4070,
4118,
4065,
4101,
4117,
4059,
4079,
4095,
4093,
4074,
4079,
4110,
4103,
4049,
4072,
4079,
4056,
4077,
4111,
4088,
4101,
4049,
4112,
4044,
4045,
4056,
4054,
4079,
4110,
4045,
4081,
4096,
4084,
4088,
4103,
4091,
4088,
4045,
4047,
4072,
4045,
4054,
4080,
4067,
4049,
4067,
4063,
4055,
4050,
4044,
4079,
4080,
4039,
4074,
4084,
4050,
4079,
4037,
4058,
4095,
4049,
4078,
4048,
4060,
4082,
4056,
4078,
4051,
4077,
4041,
4047,
4089,
4083,
4097,
4081,
4076,
4054,
4099,
4057,
4030,
4037,
4097,
4046,
4058,
4073,
4050,
4071,
4087,
4046,
4076,
4049,
4069,
4078,
4038,
4029,
4093,
4043,
4057,
4035,
4078,
4072,
4037,
4052,
4042,
4080,
4056,
4061,
4077,
4083,
4060,
4073,
4037,
4088,
4027,
4061,
4040,
4085,
4059,
4020,
4027,
4086,
4024,
4039,
4027,
4043,
4049,
4022,
4039,
4051,
4079,
4021,
4028,
4014,
4069,
4063,
4034,
4013,
4055,
4042,
4026,
4015,
4039,
4057,
4019,
4063,
4069,
4047,
4069,
4057,
4063,
4015,
4012,
4030,
4018,
4077,
4016,
4054,
4037,
4028,
4066,
4060,
4019,
4073,
4054,
4064,
4041,
4048,
4046,
4008,
4039,
4028,
4052,
4011,
4038,
4040,
4013,
4030,
4045,
4040,
4019,
4071,
4017,
4055,
4036,
4043,
4037,
4000,
4050,
4026,
4038,
4042,
4044,
4008,
4020,
4008,
4022,
4064,
4042,
4006,
4063,
4043,
4032,
4054,
4037,
4014,
4027,
4055,
4000,
4004,
4011,
4004,
4025,
4038,
3996,
4026,
4014,
4004,
4047,
4035,
4042,
4039,
4053,
4025,
4020,
4006,
4052,
4034,
3997,
4039,
4022,
4005,
4054,
4009,
3994,
4009,
3999,
4044,
4008,
4008,
4006,
4047,
4003,
3999,
3998,
4049,
3993,
4041,
3995,
4022,
4025,
4000,
3983,
4029,
4029,
4032,
4008,
4019,
4000,
4013,
4037,
3989,
4040,
4038,
4014,
4015,
4044,
3991,
4026,
4022,
4036,
4018,
4044,
4018,
3986,
3980,
4010,
3987,
4003,
4014,
4015,
4041,
4014,
4024,
3980,
3975,
4043,
3998,
4030,
3985,
4034,
3990,
3990,
3994,
3990,
3998,
4003,
4025,
4003,
4026,
4023,
3983,
3974,
4032,
4019,
3986,
3979,
3990,
3988,
4017,
3988,
4026,
4009,
3995,
4018,
4011,
3969,
4007,
3981,
4012,
4008,
4021,
3968,
4002,
3982,
3990,
3992,
3968,
4032,
3985,
3992,
3989,
3991,
3978,
3964,
3988,
3991,
3992,
4022,
3984,
4013,
3979,
4009,
3986,
4005,
4002,
4008,
3985,
4010,
4022,
3970,
3961,
4019,
3999,
4004,
4014,
3997,
3974,
3981,
3975,
4024,
3970,
4006,
4022,
3964,
3984,
4000,
3998,
3979,
3984,
4015,
4008,
3954,
3977,
3984,
3961,
3983,
4017,
3993,
4006,
3954,
4017,
3950,
3951,
3962,
3959,
3984,
4015,
3951,
3986,
4002,
3990,
3994,
4009,
3997,
3994,
3951,
3952,
3977,
3950,
3959,
3986,
3973,
3954,
3973,
3968,
3960,
3955,
3949,
3984,
3986,
3945,
3980,
3990,
3956,
3984,
3943,
3964,
4000,
3954,
3984,
3953,
3966,
3988,
3961,
3983,
3956,
3982,
3947,
3953,
3995,
3988,
4003,
3986,
3981,
3960,
4004,
3963,
3936,
3943,
4003,
3952,
3964,
3978,
3956,
3976,
3993,
3951,
3981,
3954,
3974,
3984,
3944,
3935,
3999,
3948,
3963,
3941,
3984,
3978,
3943,
3958,
3948,
3985,
3962,
3967,
3983,
3989,
3966,
3979,
3943,
3994,
3933,
3967,
3945,
3991,
3964,
3925,
3932,
3992,
3930,
3944,
3933,
3949,
3955,
3928,
3944,
3958,
3985,
3926,
3933,
3920,
3975,
3969,
3940,
3919,
3961,
3948,
3931,
3921,
3945,
3962,
3925,
3969,
3975,
3953,
3975,
3963,
3968,
3920,
3918,
3937,
3924,
3983,
3922,
3960,
3944,
3934,
3973,
3966,
3925,
3979,
3960,
3970,
3947,
3954,
3952,
3914,
3945,
3934,
3959,
3917,
3944,
3946,
3919,
3936,
3951,
3946,
3925,
3977,
3924,
3961,
3942,
3949,
3943,
3906,
3956,
3933,
3944,
3948,
3950,
3915,
3926,
3915,
3929,
3970,
3948,
3912,
3969,
3949,
3938,
3961,
3944,
3920,
3933,
3961,
3907,
3910,
3918,
3911,
3931,
3944,
3902,
3933,
3920,
3910,
3953,
3941,
3949,
3945,
3959,
3931,
3926,
3913,
3959,
3941,
3903,
3946,
3929,
3911,
3960,
3916,
3900,
3915,
3905,
3951,
3915,
3915,
3913,
3953,
3910,
3905,
3904,
3956,
3899,
3947,
3902,
3929,
3931,
3907,
3889,
3936,
3936,
3938,
3915,
3926,
3907,
3919,
3944,
3895,
3946,
3945,
3921,
3922,
3951,
3897,
3932,
3929,
3943,
3925,
3951,
3925,
3893,
3887,
3916,
3894,
3910,
3921,
3923,
3948,
3921,
3930,
3886,
3882,
3950,
3904,
3937,
3892,
3941,
3897,
3897,
3901,
3897,
3905,
3910,
3932,
3909,
3932,
3930,
3890,
3881,
3939,
3925,
3893,
3886,
3897,
3895,
3924,
3895,
3933,
3916,
3901,
3924,
3918,
3877,
3914,
3888,
3919,
3916,
3928,
3874,
3909,
3889,
3897,
3899,
3875,
3939,
3892,
3900,
3895,
3899,
3886,
3871,
3894,
3898,
3900,
3929,
3891,
3920,
3886,
3916,
3893,
3912,
3909,
3915,
3893,
3917,
3929,
3878,
3868,
3926,
3907,
3911,
3922,
3904,
3881,
3888,
3882,
3931,
3877,
3913,
3930,
3871,
3892,
3907,
3905,
3886,
3892,
3922,
3915,
3861,
3885,
3891,
3868,
3890,
3924,
3901,
3913,
3861,
3924,
3857,
3858,
3869,
3866,
3892,
3923,
3858,
3894,
3909,
3897,
3901,
3916,
3904,
3901,
3858,
3859,
3885,
3858,
3867,
3893,
3880,
3861,
3880,
3876,
3867,
3863,
3857,
3892,
3893,
3852,
3888,
3897,
3863,
3892,
3850,
3871,
3908,
3862,
3892,
3860,
3873,
3895,
3868,
3890,
3864,
3889,
3854,
3860,
3903,
3895,
3910,
3894,
3888,
3867,
3912,
3871,
3843,
3850,
3910,
3859,
3872,
3886,
3863,
3883,
3901,
3859,
3889,
3862,
3882,
3892,
3851,
3843,
3907,
3856,
3870,
3849,
3892,
3886,
3851,
3866,
3856,
3893,
3870,
3874,
3890,
3896,
3873,
3887,
3850,
3902,
3841,
3874,
3853,
3899,
3872,
3833,
3840,
3900,
3837,
3852,
3841,
3857,
3863,
3836,
3852,
3865,
3893,
3834,
3841,
3828,
3883,
3877,
3848,
3827,
3869,
3856,
3839,
3829,
3853,
3871,
3833,
3877,
3883,
3860,
3883,
3871,
3877,
3829,
3826,
3844,
3831,
3891,
3830,
3868,
3851,
3842,
3880,
3874,
3834,
3887,
3868,
3878,
3855,
3862,
3860,
3822,
3852,
3842,
3867,
3825,
3852,
3855,
3828,
3844,
3859,
3854,
3833,
3885,
3831,
3870,
3850,
3857,
3851,
3814,
3864,
3841,
3852,
3856,
3858,
3823,
3834,
3823,
3837,
3879,
3857,
3820,
3878,
3857,
3846,
3869,
3852,
3828,
3842,
3870,
3815,
3819,
3826,
3819,
3839,
3852,
3811,
3841,
3828,
3819,
3861,
3850,
3857,
3853,
3867,
3839,
3835,
3821,
3867,
3849,
3812,
3854,
3837,
3820,
3868,
3824,
3809,
3824,
3814,
3859,
3823,
3823,
3821,
3862,
3818,
3814,
3813,
3864,
3808,
3856,
3810,
3837,
3840,
3815,
3798,
3845,
3844,
3847,
3824,
3834,
3815,
3828,
3852,
3804,
3855,
3853,
3829,
3831,
3859,
3806,
3841,
3837,
3852,
3834,
3859,
3834,
3801,
3795,
3825,
3802,
3818,
3830,
3831,
3857,
3830,
3839,
3795,
3791,
3859,
3813,
3846,
3801,
3850,
3806,
3806,
3809,
3806,
3814,
3819,
3841,
3818,
3841,
3839,
3799,
3790,
3848,
3834,
3802,
3794,
3806,
3804,
3833,
3804,
3842,
3825,
3810,
3833,
3827,
3785,
3823,
3797,
3828,
3824,
3837,
3784,
3817,
3798,
3806,
3808,
3784,
3848,
3801,
3808,
3805,
3807,
3794,
3780,
3804,
3807,
3808,
3838,
3800,
3829,
3795,
3825,
3802,
3822,
3817,
3824,
3801,
3826,
3838,
3786,
3778,
3835,
3815,
3820,
3830,
3813,
3790,
3797,
3792,
3839,
3786,
3822,
3838,
3780,
3801,
3816,
3815,
3795,
3801,
3831,
3824,
3770,
3794,
3800,
3778,
3799,
3833,
3810,
3822,
3771,
3834,
3767,
3767,
3778,
3776,
3800,
3832,
3767,
3803,
3818,
3806,
3811,
3826,
3813,
3811,
3767,
3768,
3794,
3767,
3776,
3802,
3790,
3771,
3790,
3785,
3777,
3772,
3766,
3801,
3802,
3761,
3797,
3807,
3772,
3801,
3759,
3780,
3817,
3771,
3801,
3770,
3783,
3805,
3778,
3800,
3774,
3799,
3763,
3770,
3812,
3805,
3820,
3803,
3798,
3777,
3821,
3780,
3753,
3760,
3820,
3769,
3782,
3796,
3773,
3793,
3811,
3769,
3798,
3771,
3792,
3801,
3761,
3753,
3816,
3765,
3780,
3758,
3801,
3795,
3760,
3775,
3765,
3803,
3779,
3784,
3800,
3806,
3783,
3797,
3760,
3811,
3750,
3784,
3763,
3808,
3782,
3743,
3750,
3809,
3747,
3762,
3750,
3767,
3772,
3746,
3762,
3775,
3803,
3744,
3751,
3738,
3793,
3787,
3758,
3736,
3779,
3766,
3749,
3739,
3763,
3780,
3743,
3786,
3793,
3770,
3793,
3781,
3786,
3739,
3735,
3754,
3741,
3801,
3740,
3778,
3762,
3752,
3790,
3784,
3743,
3797,
3778,
3788,
3765,
3772,
3770,
3732,
3763,
3752,
3777,
3735,
3762,
3764,
3738,
3754,
3769,
3764,
3743,
3795,
3742,
3780,
3760,
3768,
3761,
3725,
3774,
3751,
3763,
3767,
3768,
3733,
3744,
3733,
3747,
3789,
3767,
3730,
3788,
3768,
3757,
3779,
3762,
3739,
3752,
3780,
3725,
3729,
3736,
3729,
3749,
3763,
3721,
3752,
3739,
3729,
3771,
3760,
3767,
3764,
3778,
3750,
3745,
3732,
3777,
3760,
3722,
3764,
3747,
3730,
3778,
3734,
3719,
3734,
3725,
3770,
3734,
3733,
3732,
3772,
3728,
3724,
3723,
3775,
3718,
3767,
3720,
3748,
3750,
3725,
3708,
3755,
3755,
3757,
3734,
3745,
3726,
3739,
3763,
3714,
3765,
3764,
3740,
3741,
3770,
3716,
3751,
3748,
3762,
3744,
3770,
3744,
3712,
3706,
3735,
3713,
3729,
3740,
3742,
3768,
3740,
3749,
3705,
3701,
3769,
3724,
3756,
3712,
3760,
3717,
3717,
3720,
3716,
3724,
3729,
3752,
3729,
3752,
3749,
3710,
3701,
3758,
3745,
3713,
3705,
3717,
3714,
3743,
3714,
3753,
3735,
3721,
3744,
3738,
3696,
3734,
3708,
3739,
3735,
3748,
3694,
3728,
3709,
3717,
3719,
3695,
3759,
3712,
3719,
3715,
3718,
3705,
3691,
3714,
3718,
3719,
3749,
3711,
3740,
3706,
3736,
3713,
3732,
3728,
3735,
3712,
3736,
3749,
3697,
3689,
3746,
3726,
3731,
3741,
3724,
3701,
3708,
3703,
3750,
3697,
3733,
3749,
3691,
3712,
3727,
3726,
3706,
3712,
3742,
3735,
3681,
3705,
3711,
3689,
3710,
3744,
3721,
3733,
3682,
3745,
3677,
3678,
3689,
3687,
3712,
3743,
3678,
3714,
3729,
3717,
3722,
3736,
3724,
3722,
3679,
3680,
3705,
3678,
3687,
3714,
3701,
3682,
3701,
3696,
3688,
3683,
3677,
3713,
3714,
3673,
3708,
3718,
3684,
3713,
3671,
3692,
3728,
3683,
3712,
3681,
3694,
3716,
3689,
3711,
3685,
3710,
3675,
3681,
3724,
3716,
3731,
3714,
3709,
3688,
3733,
3691,
3664,
3671,
3731,
3681,
3693,
3707,
3684,
3705,
3722,
3680,
3710,
3683,
3703,
3712,
3672,
3664,
3728,
3677,
3691,
3670,
3713,
3706,
3672,
3687,
3677,
3714,
3691,
3696,
3711,
3718,
3695,
3708,
3672,
3723,
3661,
3696,
3674,
3720,
3694,
3654,
3662,
3721,
3659,
3673,
3662,
3678,
3684,
3658,
3674,
3687,
3714,
3656,
3663,
3650,
3704,
3698,
3669,
3648,
3690,
3677,
3661,
3650,
3675,
3692,
3655,
3698,
3705,
3682,
3705,
3693,
3698,
3651,
3647,
3666,
3653,
3713,
3652,
3690,
3673,
3664,
3702,
3696,
3655,
3709,
3690,
3700,
3676,
3684,
3682,
3644,
3674,
3664,
3689,
3647,
3674,
3676,
3650,
3666,
3681,
3676,
3655,
3707,
3654,
3691,
3672,
3680,
3673,
3637,
3686,
3663,
3675,
3679,
3680,
3645,
3656,
3645,
3659,
3701,
3679,
3642,
3700,
3680,
3669,
3691,
3674,
3651,
3664,
3692,
3637,
3641,
3649,
3642,
3661,
3675,
3633,
3664,
3651,
3641,
3683,
3672,
3680,
3676,
3690,
3662,
3657,
3644,
3690,
3672,
3635,
3676,
3660,
3643,
3691,
3646,
3631,
3646,
3637,
3682,
3646,
3646,
3644,
3684,
3641,
3637,
3635,
3687,
3630,
3679,
3633,
3660,
3662,
3638,
3621,
3667,
3667,
3670,
3646,
3657,
3638,
3651,
3675,
3627,
3677,
3676,
3652,
3654,
3682,
3629,
3664,
3660,
3675,
3657,
3682,
3657,
3624,
3618,
3648,
3625,
3642,
3653,
3654,
3680,
3653,
3662,
3618,
3614,
3682,
3636,
3669,
3624,
3673,
3629,
3629,
3632,
3629,
3637,
3642,
3664,
3642,
3665,
3662,
3622,
3613,
3671,
3658,
3625,
3618,
3629,
3627,
3657,
3627,
3665,
3648,
3633,
3657,
3650,
3609,
3646,
3620,
3651,
3648,
3660,
3607,
3641,
3622,
3629,
3632,
3608,
3672,
3624,
3632,
3628,
3631,
3618,
3603,
3627,
3631,
3632,
3661,
3623,
3653,
3619,
3649,
3626,
3645,
3642,
3648,
3625,
3650,
3662,
3610,
3601,
3659,
3639,
3644,
3654,
3637,
3614,
3621,
3616,
3664,
3610,
3646,
3662,
3605,
3625,
3640,
3639,
3619,
3625,
3655,
3649,
3594,
3618,
3624,
3602,
3623,
3657,
3634,
3646,
3595,
3658,
3591,
3591,
3602,
3600,
3625,
3657,
3591,
3627,
3642,
3630,
3635,
3650,
3637,
3635,
3592,
3593,
3618,
3591,
3600,
3627,
3614,
3595,
3614,
3609,
3601,
3596,
3591,
3626,
3627,
3586,
3621,
3631,
3597,
3626,
3584,
3605,
3642,
3596,
3625,
3594,
3607,
3629,
3602,
3624,
3598,
3623,
3588,
3594,
3637,
3630,
3644,
3628,
3623,
3601,
3646,
3605,
3578,
3585,
3644,
3594,
3606,
3621,
3598,
3618,
3635,
3593,
3623,
3596,
3616,
3626,
3586,
3577,
3641,
3591,
3605,
3584,
3626,
3620,
3585,
3600,
3590,
3628,
3605,
3609,
3625,
3631,
3608,
3622,
3585,
3636,
3575,
3609,
3588,
3633,
3607,
3568,
3575,
3635,
3572,
3587,
3576,
3592,
3598,
3571,
3587,
3600,
3628,
3570,
3577,
3563,
3618,
3612,
3583,
3562,
3604,
3591,
3574,
3564,
3588,
3606,
3569,
3612,
3618,
3596,
3618,
3607,
3611,
3564,
3561,
3580,
3567,
3627,
3565,
3603,
3587,
3577,
3616,
3609,
3569,
3623,
3603,
3614,
3591,
3598,
3595,
3558,
3588,
3578,
3602,
3561,
3588,
3590,
3563,
3580,
3595,
3590,
3569,
3621,
3568,
3606,
3586,
3593,
3587,
3550,
3600,
3577,
3588,
3592,
3594,
3559,
3570,
3559,
3573,
3615,
3593,
3556,
3614,
3593,
3583,
3605,
3588,
3565,
3578,
3606,
3551,
3555,
3562,
3555,
3576,
3589,
3547,
3578,
3565,
3555,
3598,
3586,
3593,
3590,
3604,
3576,
3571,
3558,
3603,
3586,
3548,
3591,
3573,
3556,
3605,
3561,
3546,
3561,
3551,
3596,
3560,
3560,
3558,
3599,
3555,
3551,
3549,
3601,
3544,
3593,
3547,
3574,
3577,
3552,
3535,
3581,
3581,
3584,
3561,
3571,
3552,
3565,
3590,
3541,
3592,
3591,
3566,
3568,
3596,
3543,
3578,
3574,
3589,
3571,
3596,
3571,
3539,
3533,
3562,
3540,
3556,
3568,
3569,
3594,
3567,
3576,
3533,
3528,
3596,
3550,
3583,
3539,
3587,
3543,
3543,
3547,
3543,
3551,
3556,
3578,
3556,
3579,
3577,
3536,
3528,
3586,
3572,
3540,
3532,
3544,
3541,
3571,
3541,
3579,
3563,
3548,
3571,
3564,
3523,
3561,
3535,
3566,
3562,
3575,
3521,
3556,
3536,
3544,
3546,
3522,
3586,
3539,
3547,
3543,
3546,
3533,
3518,
3542,
3546,
3547,
3576,
3538,
3568,
3534,
3563,
3541,
3560,
3556,
3563,
3540,
3564,
3577,
3525,
3516,
3574,
3554,
3558,
3569,
3552,
3528,
3536,
3530,
3578,
3525,
3561,
3577,
3519,
3540,
3555,
3554,
3534,
3540,
3570,
3563,
3509,
3533,
3539,
3517,
3538,
3572,
3549,
3562,
3510,
3572,
3505,
3506,
3517,
3514,
3540,
3571,
3506,
3542,
3557,
3545,
3550,
3565,
3552,
3550,
3506,
3507,
3533,
3506,
3515,
3542,
3529,
3510,
3529,
3525,
3516,
3512,
3505,
3541,
3542,
3500,
3536,
3546,
3512,
3541,
3499,
3520,
3557,
3511,
3541,
3510,
3522,
3544,
3518,
3540,
3513,
3539,
3503,
3510,
3552,
3545,
3559,
3543,
3537,
3517,
3561,
3520,
3492,
3500,
3559,
3509,
3521,
3535,
3513,
3533,
3550,
3508,
3539,
3512,
3532,
3541,
3501,
3492,
3556,
3506,
3520,
3499,
3541,
3535,
3500,
3515,
3505,
3543,
3520,
3525,
3540,
3547,
3524,
3537,
3500,
3552,
3490,
3525,
3503,
3549,
3522,
3483,
3490,
3550,
3488,
3502,
3491,
3507,
3513,
3486,
3503,
3515,
3544,
3485,
3492,
3479,
3533,
3528,
3499,
3477,
3520,
3506,
3490,
3480,
3504,
3521,
3484,
3527,
3534,
3511,
3534,
3522,
3527,
3480,
3476,
3495,
3483,
3542,
3481,
3519,
3503,
3493,
3532,
3525,
3484,
3539,
3519,
3529,
3506,
3513,
3511,
3473,
3504,
3493,
3518,
3476,
3504,
3506,
3479,
3496,
3511,
3505,
3484,
3536,
3483,
3521,
3502,
3509,
3503,
3466,
3515,
3492,
3504,
3508,
3510,
3475,
3486,
3475,
3489,
3530,
3508,
3472,
3529,
3509,
3498,
3521,
3504,
3481,
3493,
3522,
3467,
3471,
3478,
3471,
3491,
3505,
3463,
3493,
3481,
3471,
3513,
3502,
3510,
3506,
3520,
3492,
3487,
3474,
3520,
3502,
3465,
3506,
3490,
3473,
3521,
3476,
3461,
3476,
3467,
3512,
3476,
3476,
3474,
3514,
3471,
3467,
3466,
3517,
3461,
3509,
3463,
3490,
3493,
3468,
3451,
3498,
3498,
3500,
3477,
3487,
3468,
3481,
3506,
3457,
3508,
3506,
3483,
3484,
3512,
3459,
3494,
3491,
3505,
3486,
3513,
3487,
3455,
3448,
3478,
3455,
3471,
3483,
3484,
3511,
3483,
3492,
3448,
3444,
3512,
3467,
3499,
3455,
3503,
3460,
3460,
3463,
3460,
3467,
3473,
3495,
3472,
3495,
3493,
3453,
3444,
3502,
3488,
3456,
3448,
3460,
3458,
3487,
3458,
3496,
3479,
3465,
3488,
3481,
3439,
3477,
3451,
3482,
3479,
3491,
3438,
3472,
3453,
3460,
3463,
3439,
3503,
3455,
3463,
3459,
3462,
3449,
3434,
3458,
3462,
3463,
3492,
3454,
3484,
3450,
3480,
3457,
3476,
3473,
3479,
3456,
3481,
3493,
3441,
3432,
3490,
3470,
3475,
3485,
3468,
3445,
3452,
3447,
3495,
3441,
3477,
3494,
3436,
3456,
3471,
3470,
3451,
3456,
3487,
3480,
3426,
3449,
3456,
3433,
3454,
3489,
3466,
3478,
3426,
3489,
3422,
3423,
3434,
3431,
3456,
3488,
3423,
3459,
3474,
3462,
3467,
3481,
3469,
3467,
3423,
3424,
3450,
3423,
3432,
3459,
3446,
3426,
3446,
3441,
3433,
3429,
3422,
3458,
3459,
3417,
3453,
3463,
3429,
3458,
3416,
3437,
3474,
3427,
3458,
3426,
3439,
3461,
3434,
3456,
3430,
3455,
3420,
3426,
3469,
3462,
3476,
3460,
3455,
3433,
3478,
3437,
3410,
3417,
3476,
3426,
3438,
3453,
3430,
3450,
3467,
3425,
3455,
3429,
3448,
3458,
3418,
3409,
3473,
3423,
3437,
3416,
3459,
3452,
3417,
3432,
3423,
3460,
3437,
3441,
3457,
3463,
3440,
3454,
3417,
3469,
3408,
3441,
3420,
3466,
3440,
3401,
3408,
3467,
3404,
3419,
3408,
3424,
3430,
3403,
3420,
3433,
3461,
3402,
3409,
3396,
3451,
3445,
3416,
3394,
3437,
3424,
3407,
3396,
3421,
3438,
3401,
3445,
3451,
3429,
3451,
3439,
3445,
3397,
3394,
3412,
3400,
3459,
3398,
3437,
3420,
3410,
3449,
3443,
3402,
3455,
3437,
3447,
3423,
3431,
3429,
3390,
3421,
3411,
3436,
3394,
3421,
3423,
3396,
3413,
3428,
3423,
3402,
3454,
3401,
3439,
3419,
3426,
3420,
3383,
3433,
3410,
3422,
3425,
3427,
3392,
3403,
3392,
3406,
3448,
3426,
3389,
3447,
3426,
3416,
3438,
3421,
3398,
3411,
3439,
3384,
3388,
3396,
3389,
3409,
3422,
3380,
3411,
3399,
3389,
3431,
3419,
3427,
3424,
3438,
3409,
3404,
3391,
3437,
3419,
3382,
3424,
3407,
3390,
3438,
3394,
3379,
3394,
3385,
3430,
3394,
3394,
3392,
3432,
3388,
3385,
3383,
3435,
3378,
3426,
3381,
3408,
3410,
3386,
3368,
3416,
3415,
3418,
3395,
3405,
3386,
3399,
3424,
3375,
3426,
3424,
3401,
3402,
3430,
3377,
3412,
3409,
3423,
3404,
3431,
3405,
3373,
3366,
3396,
3373,
3389,
3401,
3402,
3429,
3401,
3410,
3366,
3362,
3430,
3385,
3417,
3373,
3421,
3378,
3378,
3381,
3378,
3386,
3390,
3412,
3390,
3413,
3411,
3371,
3362,
3420,
3406,
3374,
3367,
3378,
3375,
3405,
3375,
3414,
3397,
3382,
3405,
3399,
3358,
3395,
3369,
3400,
3397,
3409,
3356,
3390,
3371,
3379,
3381,
3357,
3421,
3374,
3381,
3377,
3380,
3367,
3353,
3377,
3380,
3381,
3411,
3373,
3402,
3368,
3398,
3375,
3395,
3391,
3397,
3375,
3399,
3411,
3359,
3351,
3409,
3389,
3393,
3404,
3387,
3363,
3371,
3365,
3413,
3360,
3396,
3412,
3354,
3374,
3390,
3388,
3369,
3374,
3405,
3398,
3344,
3368,
3374,
3352,
3373,
3407,
3383,
3396,
3344,
3408,
3341,
3341,
3352,
3350,
3375,
3406,
3341,
3377,
3392,
3380,
3385,
3400,
3388,
3385,
3342,
3343,
3368,
3341,
3350,
3377,
3364,
3345,
3364,
3360,
3351,
3347,
3341,
3376,
3378,
3336,
3372,
3381,
3348,
3377,
3334,
3356,
3392,
3346,
3376,
3345,
3358,
3380,
3353,
3375,
3349,
3374,
3339,
3345,
3387,
3380,
3395,
3379,
3373,
3352,
3397,
3356,
3328,
3335,
3395,
3344,
3357,
3371,
3349,
3369,
3386,
3344,
3374,
3348,
3367,
3377,
3337,
3328,
3392,
3342,
3356,
3335,
3377,
3371,
3336,
3351,
3341,
3379,
3356,
3360,
3376,
3382,
3359,
3373,
3336,
3388,
3326,
3360,
3339,
3385,
3359,
3320,
3327,
3386,
3323,
3338,
3327,
3343,
3349,
3322,
3338,
3352,
3380,
3321,
3328,
3315,
3370,
3364,
3335,
3313,
3356,
3343,
3326,
3315,
3340,
3357,
3320,
3364,
3370,
3348,
3370,
3358,
3364,
3316,
3313,
3331,
3319,
3378,
3317,
3356,
3339,
3329,
3368,
3362,
3321,
3375,
3356,
3366,
3342,
3350,
3348,
3309,
3341,
3330,
3355,
3313,
3340,
3342,
3315,
3332,
3347,
3342,
3321,
3373,
3320,
3358,
3338,
3345,
3340,
3302,
3352,
3329,
3341,
3345,
3346,
3312,
3322,
3311,
3325,
3367,
3345,
3309,
3366,
3346,
3335,
3358,
3341,
3318,
3330,
3359,
3304,
3308,
3315,
3308,
3328,
3342,
3300,
3330,
3318,
3308,
3350,
3339,
3346,
3343,
3357,
3329,
3324,
3311,
3357,
3338,
3301,
3343,
3327,
3309,
3358,
3314,
3298,
3313,
3304,
3349,
3313,
3313,
3311,
3352,
3308,
3304,
3302,
3354,
3298,
3346,
3300,
3328,
3330,
3305,
3288,
3335,
3335,
3337,
3314,
3324,
3306,
3319,
3343,
3294,
3345,
3344,
3320,
0,
