-52592
-53640
-46567
-48925
-48401
-47091
-49121
-52003
-51086
-51675
-45781
-52265
-47877
-45846
-52920
-50365
-48466
-48597
-50955
-50300
-46501
-47353
-53902
-50955
-50169
-52920
-50234
-46108
-48859
-47353
-53640
-45912
-54033
-53968
-52592
-52854
-49776
-45912
-53837
-49383
-47549
-48925
-48335
-46501
-48008
-48270
-53575
-53378
-50169
-53509
-52330
-49056
-50627
-52920
-50562
-51086
-52068
-52592
-53313
-48990
-48794
-53837
-49449
-48204
-52330
-48794
-53902
-51282
-46763
-52330
-48728
-52461
-50889
-48139
-51348
-48663
-51872
-48728
-52985
-52265
-47025
-47877
-46043
-48008
-48597
-51217
-45715
-50693
-54033
-53116
-45781
-51937
-50431
-48663
-51348
-48859
-46763
-51806
-48139
-51348
-48925
-47746
-52592
-53575
-45781
-51937
-50169
-52723
-47484
-48204
-52461
-50562
-51741
-47091
-49972
-49383
-47418
-46632
-49383
-47746
-52199
-45846
-53313
-49121
-51675
-46108
-49252
-54033
-53116
-45846
-53444
-51610
-52920
-50955
-50169
-53444
-51413
-49776
-46370
-53509
-52658
-54164
-47484
-48204
-51675
-54295
-49056
-50627
-52592
-53902
-50889
-48728
-53247
-47942
-47091
-49841
-47025
-48466
-47811
-53575
-53902
-51610
-53116
-45846
-53313
-48597
-50562
-51741
-47025
-47746
-52658
-46043
-48401
-47091
-49972
-48990
-49252
-53837
-50103
-51348
-48270
-53378
-49972
-49710
-52920
-50889
-48990
-49645
-52199
-45781
-52265
-47615
-49972
-49056
-49776
-54230
-48139
-50955
-49449
-48990
-48728
-52985
-51610
-52920
-51217
-46108
-48728
-53116
-46108
-48532
-49841
-47091
-49121
-51937
-50300
-46829
-53509
-52985
-52068
-52920
-50431
-48794
-53837
-50103
-51610
-52723
-47549
-48925
-48008
-48401
-46632
-50038
-50627
-52199
-46567
-48728
-53247
-48073
-50103
-52199
-46239
-51610
-53444
-51610
-52723
-47222
-51544
-51544
-51741
-46763
-52068
-52527
-52658
-46370
-53182
-47287
-52854
-49449
-49187
-52134
-54230
-48466
-48466
-48139
-50955
-49645
-51937
-50300
-47287
-53182
-46960
-47091
-49972
-49776
-46305
-52789
-48466
-48859
-47091
-49318
-46108
-49187
-53116
-53837
-50169
-52920
-50955
-49449
-49318
-46108
-49449
-48270
-53575
-54099
-45781
-51282
-47287
-52723
-46763
-52003
-52003
-51544
-52003
-50955
-50365
-47615
-50365
-47484
-47746
-52592
-53640
-46567
-48204
-52068
-52985
-51544
-51806
-48204
-51741
-47091
-49056
-50824
-48008
-48794
-53771
-49187
-52330
-48466
-48859
-47353
-53837
-49645
-52003
-51020
-50693
-53575
-45781
-51479
-50562
-51020
-50627
-52134
-53902
-51020
-50496
-50300
-46698
-51282
-47680
-51806
-48139
-50889
-48532
-48925
-48139
-50824
-47877
-46305
-52592
-53640
-46567
-48925
-48401
-47091
-49121
-52003
-51086
-51675
-45781
-52265
-47877
-45846
-52920
-50365
-48466
-48597
-50955
-50300
-46501
-47353
-53902
-50955
-50169
-52920
-50234
-46108
-48859
-47353
-53640
-45912
-54033
-53968
-52592
-52854
-49776
-45912
-53837
-49383
-47549
-48925
-48335
-46501
-48008
-48270
-53575
-53378
-50169
-53509
-52330
-49056
-50627
-52920
-50562
-51086
-52068
-52592
-53313
-48990
-48794
-53837
-49449
-48204
-52330
-48794
-53902
-51282
-46763
-52330
-48728
-52461
-50889
-48139
-51348
-48663
-51872
-48728
-52985
-52265
-47025
-47877
-46043
-48008
-48597
-51217
-45715
-50693
-54033
-53116
-45781
-51937
-50431
-48663
-51348
-48859
-46763
-51806
-48139
-51348
-48925
-47746
-52592
-53575
-45781
-51937
-50169
-52723
-47484
-48204
-52461
-50562
-51741
-47091
-49972
-49383
-47418
-46632
-49383
-47746
-52199
-45846
-53313
-49121
-51675
-46108
-49252
-54033
-53116
-45846
-53444
-51610
-52920
-50955
-50169
-53444
-51413
-49776
-46370
-53509
-52658
-54164
-47484
-48204
-51675
-54295
-49056
-50627
-52592
-53902
-50889
-48728
-53247
-47942
-47091
-49841
-47025
-48466
-47811
-53575
-53902
-51610
-53116
-45846
-53313
-48597
-50562
-51741
-47025
-47746
-52658
-46043
-48401
-47091
-49972
-48990
-49252
-53837
-50103
-51348
-48270
-53378
-49972
-49710
-52920
-50889
-48990
-49645
-52199
-45781
-52265
-47615
-49972
-49056
-49776
-54230
-48139
-50955
-49449
-48990
-48728
-52985
-51610
-52920
-51217
-46108
-48728
-53116
-46108
-48532
-49841
-47091
-49121
-51937
-50300
-46829
-53509
-52985
-52068
-52920
-50431
-48794
-53837
-50103
-51610
-52723
-47549
-48925
-48008
-48401
-46632
-50038
-50627
-52199
-46567
-48728
-53247
-48073
-50103
-52199
-46239
-51610
-53444
-51610
-52723
-47222
-51544
-51544
-51741
-46763
-52068
-52527
-52658
-46370
-53182
-47287
-52854
-49449
-49187
-52134
-54230
-48466
-48466
-48139
-50955
-49645
-51937
-50300
-47287
-53182
-46960
-47091
-49972
-49776
-46305
-52789
-48466
-48859
-47091
-49318
-46108
-49187
-53116
-53837
-50169
-52920
-50955
-49449
-49318
-46108
-49449
-48270
-53575
-54099
-45781
-51282
-47287
-52723
-46763
-52003
-52003
-51544
-52003
-50955
-50365
-47615
-50365
-47484
-47746
-52592
-53640
-46567
-48204
-52068
-52985
-51544
-51806
-48204
-51741
-47091
-49056
-50824
-48008
-48794
-53771
-49187
-52330
-48466
-48859
-47353
-53837
-49645
-52003
-51020
-50693
-53575
-45781
-51479
-50562
-51020
-50627
-52134
-53902
-51020
-50496
-50300
-46698
-51282
-47680
-51806
-48139
-50889
-48532
-48925
-48139
-50824
-47877
-46305
-52592
-53640
-46567
-48925
-48401
-47091
-49121
-52003
-51086
-51675
-45781
-52265
-47877
-45846
-52920
-50365
-48466
-48597
-50955
-50300
-46501
-47353
-53902
-50955
-50169
-52920
-50234
-46108
-48859
-47353
-53640
-45912
-54033
-53968
-52592
-52854
-49776
-45912
-53837
-49383
-47549
-48925
-48335
-46501
-48008
-48270
-53575
-53378
-50169
-53509
-52330
-49056
-50627
-52920
-50562
-51086
-52068
-52592
-53313
-48990
-48794
-53837
-49449
-48204
-52330
-48794
-53902
-51282
-46763
-52330
-48728
-52461
-50889
-48139
-51348
-48663
-51872
-48728
-52985
-52265
-47025
-47877
-46043
-48008
-48597
-51217
-45715
-50693
-54033
-53116
-45781
-51937
-50431
-48663
-51348
-48859
-46763
-51806
-48139
-51348
-48925
-47746
-52592
-53575
-45781
-51937
-50169
-52723
-47484
-48204
-52461
-50562
-51741
-47091
-49972
-49383
-47418
-46632
-49383
-47746
-52199
-45846
-53313
-49121
-51675
-46108
-49252
-54033
-53116
-45846
-53444
-51610
-52920
-50955
-50169
-53444
-51413
-49776
-46370
-53509
-52658
-54164
-47484
-48204
-51675
-54295
-49056
-50627
-52592
-53902
-50889
-48728
-53247
-47942
-47091
-49841
-47025
-48466
-47811
-53575
-53902
-51610
-53116
-45846
-53313
-48597
-50562
-51741
-47025
-47746
-52658
-46043
-48401
-47091
-49972
-48990
-49252
-53837
-50103
-51348
-48270
-53378
-49972
-49710
-52920
-50889
-48990
-49645
-52199
-45781
-52265
-47615
-49972
-49056
-49776
-54230
-48139
-50955
-49449
-48990
-48728
-52985
-51610
-52920
-51217
-46108
-48728
-53116
-46108
-48532
-49841
-47091
-49121
-51937
-50300
-46829
-53509
-52985
-52068
-52920
-50431
-48794
-53837
-50103
-51610
-52723
-47549
-48925
-48008
-48401
-46632
-50038
-50627
-52199
-46567
-48728
-53247
-48073
-50103
-52199
-46239
-51610
-53444
-51610
-52723
-47222
-51544
-51544
-51741
-46763
-52068
-52527
-52658
-46370
-53182
-47287
-52854
-49449
-49187
-52134
-54230
-48466
-48466
-48139
-50955
-49645
-51937
-50300
-47287
-53182
-46960
-47091
-49972
-49776
-46305
-52789
-48466
-48859
-47091
-49318
-46108
-49187
-53116
-53837
-50169
-52920
-50955
-49449
-49318
-46108
-49449
-48270
-53575
-54099
-45781
-51282
-47287
-52723
-46763
-52003
-52003
-51544
-52003
-50955
-50365
-47615
-50365
-47484
-47746
-52592
-53640
-46567
-48204
-52068
-52985
-51544
-51806
-48204
-51741
-47091
-49056
-50824
-48008
-48794
-53771
-49187
-52330
-48466
-48859
-47353
-53837
-49645
-52003
-51020
-50693
-53575
-45781
-51479
-50562
-51020
-50627
-52134
-53902
-51020
-50496
-50300
-46698
-51282
-47680
-51806
-48139
-50889
-48532
-48925
-48139
-50824
-47877
-46305
-52592
-53640
-46567
-48925
-48401
-47091
-49121
-52003
-51086
-51675
-45781
-52265
-47877
-45846
-52920
-50365
-48466
-48597
-50955
-50300
-46501
-47353
-53902
-50955
-50169
-52920
-50234
-46108
-48859
-47353
-53640
-45912
-54033
-53968
-52592
-52854
-49776
-45912
-53837
-49383
-47549
-48925
-48335
-46501
-48008
-48270
-53575
-53378
-50169
-53509
-52330
-49056
-50627
-52920
-50562
-51086
-52068
-52592
-53313
-48990
-48794
-53837
-49449
-48204
-52330
-48794
-53902
-51282
-46763
-52330
-48728
-52461
-50889
-48139
-51348
-48663
-51872
-48728
-52985
-52265
-47025
-47877
-46043
-48008
-48597
-51217
-45715
-50693
-54033
-53116
-45781
-51937
-50431
-48663
-51348
-48859
-46763
-51806
-48139
-51348
-48925
-47746
-52592
-53575
-45781
-51937
-50169
-52723
-47484
-48204
-52461
-50562
-51741
-47091
-49972
-49383
-47418
-46632
-49383
-47746
-52199
-45846
-53313
-49121
-51675
-46108
-49252
-54033
-53116
-45846
-53444
-51610
-52920
-50955
-50169
-53444
-51413
-49776
-46370
-53509
-52658
-54164
-47484
-48204
-51675
-54295
-49056
-50627
-52592
-53902
-50889
-48728
-53247
-47942
-47091
-49841
-47025
-48466
-47811
-53575
-53902
-51610
-53116
-45846
-53313
-48597
-50562
-51741
-47025
-47746
-52658
-46043
-48401
-47091
-49972
-48990
-49252
-53837
-50103
-51348
-48270
-53378
-49972
-49710
-52920
-50889
-48990
-49645
-52199
-45781
-52265
-47615
-49972
-49056
-49776
-54230
-48139
-50955
-49449
-48990
-48728
-52985
-51610
-52920
-51217
-46108
-48728
-53116
-46108
-48532
-49841
-47091
-49121
-51937
-50300
-46829
-53509
-52985
-52068
-52920
-50431
-48794
-53837
-50103
-51610
-52723
-47549
-48925
-48008
-48401
-46632
-50038
-50627
-52199
-46567
-48728
-53247
-48073
-50103
-52199
-46239
-51610
-53444
-51610
-52723
-47222
-51544
-51544
-51741
-46763
-52068
-52527
-52658
-46370
-53182
-47287
-52854
-49449
-49187
-52134
-54230
-48466
-48466
-48139
-50955
-49645
-51937
-50300
-47287
-53182
-46960
-47091
-49972
-49776
-46305
-52789
-48466
-48859
-47091
-49318
-46108
-49187
-53116
-53837
-50169
-52920
-50955
-49449
-49318
-46108
-49449
-48270
-53575
-54099
-45781
-51282
-47287
-52723
-46763
-52003
-52003
-51544
-52003
-50955
-50365
-47615
-50365
-47484
-47746
-52592
-53640
-46567
-48204
-52068
-52985
-51544
-51806
-48204
-51741
-47091
-49056
-50824
-48008
-48794
-53771
-49187
-52330
-48466
-48859
-47353
-53837
-49645
-52003
-51020
-50693
-53575
-45781
-51479
-50562
-51020
-50627
-52134
-53902
-51020
-50496
-50300
-46698
-51282
-47680
-51806
-48139
-50889
-48532
-48925
-48139
-50824
-47877
-46305
-52592
-53640
-46567
-48925
-48401
-47091
-49121
-52003
-51086
-51675
-45781
-52265
-47877
-45846
-52920
-50365
-48466
-48597
-50955
-50300
-46501
-47353
-53902
-50955
-50169
-52920
-50234
-46108
-48859
-47353
-53640
-45912
-54033
-53968
-52592
-52854
-49776
-45912
-53837
-49383
-47549
-48925
-48335
-46501
-48008
-48270
-53575
-53378
-50169
-53509
-52330
-49056
-50627
-52920
-50562
-51086
-52068
-52592
-53313
-48990
-48794
-53837
-49449
-48204
-52330
-48794
-53902
-51282
-46763
-52330
-48728
-52461
-50889
-48139
-51348
-48663
-51872
-48728
-52985
-52265
-47025
-47877
-46043
-48008
-48597
-51217
-45715
-50693
-54033
-53116
-45781
-51937
-50431
-48663
-51348
-48859
-46763
-51806
-48139
-51348
-48925
-47746
-52592
-53575
-45781
-51937
-50169
-52723
-47484
-48204
-52461
-50562
-51741
-47091
-49972
-49383
-47418
-46632
-49383
-47746
-52199
-45846
-53313
-49121
-51675
-46108
-49252
-54033
-53116
-45846
-53444
-51610
-52920
-50955
-50169
-53444
-51413
-49776
-46370
-53509
-52658
-54164
-47484
-48204
-51675
-54295
-49056
-50627
-52592
-53902
-50889
-48728
-53247
-47942
-47091
-49841
-47025
-48466
-47811
-53575
-53902
-51610
-53116
-45846
-53313
-48597
-50562
-51741
-47025
-47746
-52658
-46043
-48401
-47091
-49972
-48990
-49252
-53837
-50103
-51348
-48270
-53378
-49972
-49710
-52920
-50889
-48990
-49645
-52199
-45781
-52265
-47615
-49972
-49056
-49776
-54230
-48139
-50955
-49449
-48990
-48728
-52985
-51610
-52920
-51217
-46108
-48728
-53116
-46108
-48532
-49841
-47091
-49121
-51937
-50300
-46829
-53509
-52985
-52068
-52920
-50431
-48794
-53837
-50103
-51610
-52723
-47549
-48925
-48008
-48401
-46632
-50038
-50627
-52199
-46567
-48728
-53247
-48073
-50103
-52199
-46239
-51610
-53444
-51610
-52723
-47222
-51544
-51544
-51741
-46763
-52068
-52527
-52658
-46370
-53182
-47287
-52854
-49449
-49187
-52134
-54230
-48466
-48466
-48139
-50955
-49645
-51937
-50300
-47287
-53182
-46960
-47091
-49972
-49776
-46305
-52789
-48466
-48859
-47091
-49318
-46108
-49187
-53116
-53837
-50169
-52920
-50955
-49449
-49318
-46108
-49449
-48270
-53575
-54099
-45781
-51282
-47287
-52723
-46763
-52003
-52003
-51544
-52003
-50955
-50365
-47615
-50365
-47484
-47746
-52592
-53640
-46567
-48204
-52068
-52985
-51544
-51806
-48204
-51741
-47091
-49056
-50824
-48008
-48794
-53771
-49187
-52330
-48466
-48859
-47353
-53837
-49645
-52003
-51020
-50693
-53575
-45781
-51479
-50562
-51020
-50627
-52134
-53902
-51020
-50496
-50300
-46698
-51282
-47680
-51806
-48139
-50889
-48532
-48925
-48139
-50824
-47877
-46305
-52592
-53640
-46567
-48925
-48401
-47091
-49121
-52003
-51086
-51675
-45781
-52265
-47877
-45846
-52920
-50365
-48466
-48597
-50955
-50300
-46501
-47353
-53902
-50955
-50169
-52920
-50234
-46108
-48859
-47353
-53640
-45912
-54033
-53968
-52592
-52854
-49776
-45912
-53837
-49383
-47549
-48925
-48335
-46501
-48008
-48270
-53575
-53378
-50169
-53509
-52330
-49056
-50627
-52920
-50562
-51086
-52068
-52592
-53313
-48990
-48794
-53837
-49449
-48204
-52330
-48794
-53902
-51282
-46763
-52330
-48728
-52461
-50889
-48139
-51348
-48663
-51872
-48728
-52985
-52265
-47025
-47877
-46043
-48008
-48597
-51217
-45715
-50693
-54033
-53116
-45781
-51937
-50431
-48663
-51348
-48859
-46763
-51806
-48139
-51348
-48925
-47746
-52592
-53575
-45781
-51937
-50169
-52723
-47484
-48204
-52461
-50562
-51741
-47091
-49972
-49383
-47418
-46632
-49383
-47746
-52199
-45846
-53313
-49121
-51675
-46108
-49252
-54033
-53116
-45846
-53444
-51610
-52920
-50955
-50169
-53444
-51413
-49776
-46370
-53509
-52658
-54164
-47484
-48204
-51675
-54295
-49056
-50627
-52592
-53902
-50889
-48728
-53247
-47942
-47091
-49841
-47025
-48466
-47811
-53575
-53902
-51610
-53116
-45846
-53313
-48597
-50562
-51741
-47025
-47746
-52658
-46043
-48401
-47091
-49972
-48990
-49252
-53837
-50103
-51348
-48270
-53378
-49972
-49710
-52920
-50889
-48990
-49645
-52199
-45781
-52265
-47615
-49972
-49056
-49776
-54230
-48139
-50955
-49449
-48990
-48728
-52985
-51610
-52920
-51217
-46108
-48728
-53116
-46108
-48532
-49841
-27770
-10872
4912
24822
46239
57177
74991
92872
108787
127649
145333
156074
175329
189018
202837
222682
235715
250779
264337
279662
289683
302258
313589
331862
342144
349873
367032
376791
386288
403578
409342
418446
431086
440517
456367
462196
472217
481779
496450
500576
509352
518325
533651
535550
550090
553037
564695
573144
578187
584016
597443
605106
612834
617353
625868
630583
639097
648922
649708
662479
668767
672238
678591
688153
687629
697846
703217
710618
713958
722603
724830
726205
730594
739370
741531
748474
754696
759542
767336
768581
774148
773231
777029
789539
788163
796219
794778
804603
803162
806960
811152
814361
818880
823007
829163
829818
835975
838987
837285
839380
849532
850907
849990
852021
856278
858832
865185
864334
871669
872193
872979
878350
880053
877433
884441
883589
889680
891514
895247
890925
897212
896950
899963
902321
901338
911097
907298
910049
911425
913586
913848
913782
918367
920528
922362
927536
924458
929632
927012
932186
930876
934675
935658
937819
936444
940701
943582
938539
938736
947054
945875
947578
950066
949149
947381
949411
949870
956812
951311
956747
959760
953669
957140
959956
960742
959301
960873
965523
965523
959760
963493
965130
963165
966571
971483
969453
971745
966113
974561
967030
967815
969911
970239
973972
978426
971090
976133
978557
977705
978884
981242
980325
980521
975806
976461
980128
977312
978950
982683
981569
979736
982552
982421
981831
981766
981438
986154
986743
982093
986809
988381
984648
988512
983731
986678
991525
986285
990215
986743
988643
991656
988708
991721
988774
992180
988119
989167
994668
994013
996109
994341
993948
991590
997288
992507
989429
990477
998074
992049
993817
995782
993162
995913
998140
993227
997092
994013
996633
997943
993227
992376
1000301
994341
996240
993751
999122
998533
994406
996371
995323
1000104
997354
998009
1000104
1000956
998271
1000039
995716
1002069
994734
998991
996502
1002135
999056
994406
995323
1002659
995127
997026
995782
997812
998598
995389
997485
999187
1002659
995520
996437
994930
1001676
1001021
997550
994996
1000235
998663
996699
995454
998533
1000694
996175
1001545
1002397
999646
1002462
1001087
1001742
995978
995651
997943
996437
1003707
996306
1001021
998991
997812
1002593
1001807
996895
1003510
1001152
1002462
999646
1000563
1000301
995716
999449
998140
1001218
996109
999515
999777
996502
998533
1000366
999777
997223
1003510
997092
1001676
999318
1000235
999449
994996
1001087
998205
999646
1000170
1000366
996109
997419
996044
997747
1002855
1000170
995716
1002724
1000235
998925
1001676
999580
996699
998336
1001742
994996
995520
996371
995520
998009
999580
994472
998205
996633
995454
1000628
999187
1000104
999646
1001349
997943
997288
995651
1001283
999056
994472
999580
997550
995389
1001283
995847
994013
995847
994668
1000104
995782
995716
995454
1000366
994996
994472
994341
1000628
993686
999580
993948
997288
997550
994472
992376
998074
998009
998271
995454
996699
994341
995913
998860
992900
999122
998925
995978
996109
999515
993031
997223
996830
998533
996306
999449
996240
992311
991525
995127
992311
994275
995651
995782
998925
995585
996633
991263
990739
998991
993424
997354
991918
997812
992441
992441
992834
992311
993293
993817
996502
993751
996568
996240
991328
990215
997223
995520
991590
990673
992049
991656
995258
991656
996240
994210
992376
995127
994341
989232
993817
990608
994341
993882
995389
988839
992965
990608
991525
991787
988774
996568
990804
991656
991132
991525
989887
988053
990935
991328
991525
994996
990346
993882
989756
993358
990542
992900
992376
993162
990346
993293
994799
988381
987333
994341
991918
992376
993620
991525
988643
989494
988774
994603
988053
992441
994406
987267
989691
991590
991394
988970
989560
993293
992441
985761
988643
989429
986612
989167
993293
990411
991918
985565
993227
985041
985041
986416
986023
989036
992900
984910
989298
991066
989560
990084
991852
990346
990018
984648
984779
987922
984582
985630
988839
987202
984910
987202
986612
985565
984975
984189
988446
988577
983469
987857
988970
984779
988315
983076
985696
990084
984517
988053
984255
985761
988446
985172
987791
984517
987595
983272
983993
989167
988250
989953
987988
987267
984648
990084
985041
981635
982486
989756
983534
984975
986743
983927
986350
988446
983272
986874
983600
986023
987136
982224
981111
988905
982683
984386
981766
986940
986154
981897
983665
982421
987005
984124
984648
986547
987267
984451
986023
981504
987791
980259
984386
981766
987267
984058
979212
980063
987267
979605
981438
979997
981897
982617
979343
981307
982879
986219
979015
979801
978229
984844
984124
980521
977902
983010
981438
979343
978033
980980
983076
978491
983731
984517
981700
984451
983010
983534
977705
977312
979539
977967
985172
977705
982355
980259
979081
983731
982945
977967
984517
982093
983338
980456
981307
980980
976330
980063
978753
981766
976592
979932
980128
976854
978819
980652
979932
977378
983665
977116
981766
979343
980194
979408
974889
980914
978033
979474
979867
980063
975740
977050
975675
977312
982421
979670
975216
982224
979670
978360
981045
978884
976068
977640
981045
974299
974758
975609
974692
977116
978753
973579
977312
975740
974496
979670
978229
979081
978622
980325
976854
976199
974561
980128
977902
973317
978426
976330
974234
980063
974627
972793
974561
973383
978819
974430
974365
974103
979015
973645
973121
972924
979212
972269
978164
972531
975806
976068
972990
970894
976592
976526
976788
973906
975151
972793
974365
977312
971352
977574
977312
974365
974496
977967
971418
975609
975216
976919
974627
977771
974627
970697
969846
973514
970632
972597
973972
974103
977247
973841
974954
969584
968994
977312
971680
975675
970173
976068
970697
970632
971090
970566
971483
972073
974758
971942
974758
974430
969518
968405
975478
973775
969780
968863
970239
969846
973448
969846
974430
972335
970566
973317
972531
967423
972007
968798
972531
972073
973579
967030
971156
968732
969649
969911
966964
974692
968929
969846
969322
969649
968012
966244
969060
969518
969649
973186
968470
972073
967881
971483
968667
971025
970501
971287
968470
971418
972924
966506
965458
972466
970042
970501
971745
969649
966768
967619
966899
972728
966178
970566
972531
965392
967815
969715
969518
967095
967684
971418
970501
963886
966768
967554
964737
967292
971418
968536
970042
963689
971352
963165
963165
964541
964148
967161
971025
963034
967423
969191
967684
968208
969977
968470
968143
962772
962903
966047
962707
963755
966964
965327
963034
965327
964737
963689
963100
962314
966571
966702
961659
965982
967095
962903
966440
961201
963820
968274
962641
966178
962379
963951
966571
963296
965916
962707
965720
961397
962117
967292
966375
968143
966113
965458
962772
968208
963165
959825
960611
967881
961659
963165
964868
962052
964541
966571
961462
965065
961790
964148
965261
960349
959301
967030
960873
962576
959891
965130
964344
960022
961855
960611
965196
962248
962838
964737
965458
962576
964213
959694
965982
958450
962576
959956
965458
962248
957467
958253
965458
957795
959629
958188
960153
960873
957533
959498
961070
964410
957205
958057
956419
963034
962314
958777
956092
961266
959629
957598
956223
959170
961266
956681
961986
962707
959956
962707
961201
961790
955961
955568
957795
956223
963427
955961
960546
958515
957271
961986
961201
956223
962772
960349
961593
958712
959563
959236
954586
958319
957009
960022
954848
958188
958384
955110
957074
958908
958188
955633
961921
955371
960022
957598
958450
957664
953145
959170
956288
957729
958188
958319
954062
955371
953931
955633
960677
957991
953472
960480
957991
956616
959367
957205
954324
955895
959301
952555
953079
953931
953014
955437
957009
951900
955568
954062
952817
957991
956550
957402
956943
958646
955175
954520
952883
958450
956223
951638
956747
954651
952555
958450
952948
951114
952883
951704
957140
952752
952686
952424
957402
952031
951442
951245
957533
950590
956485
950852
954193
954455
951376
949215
954913
954913
955175
952293
953538
951180
952752
955699
949739
955895
955699
952752
952883
956288
949804
953996
953603
955306
953014
956157
953014
949084
948233
951900
949018
950983
952359
952490
955633
952228
953341
947971
947447
955699
950066
954062
948560
954455
949084
949084
949477
949018
949935
950525
953145
950394
953210
952883
947971
946857
953865
952162
948233
947250
948626
948298
951900
948233
952883
950787
948953
951769
950918
945875
950394
947185
950983
950525
952031
945482
949608
947185
948102
948364
945416
953145
947381
948298
947774
948102
946530
944696
947512
947971
948102
951638
946988
950525
946333
950001
947185
949477
949018
949739
946988
949870
951376
945023
943910
950918
948495
949018
950263
948102
945220
946071
945416
951245
944696
949084
950983
943910
946333
948167
947971
945613
946202
949935
949018
942404
945285
946071
943255
945809
949935
947054
948560
942207
949870
941683
941683
943058
942666
945744
949542
941552
945940
947709
946268
946792
948560
947054
946661
941356
941487
944565
941225
942338
945547
943910
941552
943910
943255
942207
941683
940897
945154
945285
940177
944499
945678
941487
945023
939784
942404
946792
941225
944761
940963
942469
945154
941880
944499
941290
944303
939980
940701
945875
944958
946726
944696
944041
941356
946792
941749
938408
939194
946530
940308
941749
943451
940701
943124
945220
940046
943648
940373
942796
943910
938998
937884
945678
939456
941159
938539
943713
942927
938670
940439
939260
943844
940897
941421
943320
944106
941225
942862
938343
944565
937098
941225
938605
944106
940897
936116
936902
944106
936444
938277
936902
938801
939522
936182
938146
939718
943124
935854
936705
935068
941749
940963
937426
934741
939915
938277
936247
934937
937884
939980
935396
940635
941421
938605
941356
939915
940504
934610
934217
936509
934937
942142
934610
939260
937229
935985
940701
939849
934937
941421
939063
940308
937360
938277
937950
933300
937033
935723
938736
933562
936902
937098
933824
935789
937622
936902
934348
940635
934151
938736
936313
937164
936378
931859
937884
935068
936444
936902
937098
932776
934086
932710
934348
939456
936705
932252
939260
936705
935396
938081
935985
933103
934675
938081
931335
931793
932645
931793
934217
935789
930680
934348
932776
931597
936771
935265
936182
935723
937426
933955
933300
931662
937229
935003
930418
935527
933431
931335
937229
931793
929894
931662
930483
935985
931597
931531
931269
936182
930811
930287
930091
936378
929436
935330
929698
932972
933234
930156
928060
933758
933693
933955
931138
932383
930025
931531
934544
928584
934741
934544
931597
931728
935134
928584
932841
932383
934151
931859
935003
931859
927929
927078
930745
927864
929829
931204
931335
934479
931138
932186
926816
926292
934544
928977
932907
927405
933300
927995
927929
928322
927864
928781
929370
932055
929239
932055
931728
926816
925702
932776
931073
927078
926161
927536
927209
930745
927143
931793
929698
927864
930680
929829
924720
929305
926095
929894
929436
930942
924392
928519
926095
927012
927274
924327
932055
926292
927209
926685
927012
925440
923607
926423
926881
927012
930549
925899
929436
925244
928912
926095
928388
927929
928650
925899
928781
930287
923934
922886
929894
927471
927929
929174
927078
924196
925047
924327
930156
923672
927995
929960
922821
925309
927143
926947
924523
925178
928912
927995
921380
924261
924982
922231
924785
928912
926030
927536
921183
928846
920659
920659
922035
921642
924720
928519
920528
924916
926685
925244
925768
927536
926030
925702
920332
920463
923607
920201
921314
924523
922886
920594
922886
922297
921249
920659
919873
924196
924327
919218
923541
924720
920528
924000
918825
921445
925833
920201
923803
920004
921511
924196
920921
923541
920332
923345
919022
919742
924916
924000
925768
923738
923083
920397
925833
920790
917450
918301
925571
919349
920790
922559
919742
922166
924261
919087
922690
919415
921838
922952
918039
916992
924720
918563
920266
917647
922821
922035
917778
919546
918301
922886
920004
920528
922428
923148
920332
921969
917450
923672
916206
920266
917647
923214
920004
915158
916009
923214
915551
917385
916009
917909
918629
915289
917254
918825
922231
915027
915813
914241
920856
920135
916533
913913
919022
917450
915354
914044
916992
919087
914503
919808
920528
917778
920528
919022
919611
913782
913389
915616
914044
921249
913782
918432
916402
915158
919873
919022
914044
920594
918236
919415
916533
917450
917123
912472
916206
914830
917909
912734
916075
916271
912996
914961
916795
916075
913520
919808
913324
917909
915485
916402
915551
911032
917123
914241
915616
916075
916271
911948
913258
911883
913520
918629
915944
911425
918432
915944
914568
917319
915158
912276
913913
917319
910573
911032
911883
910966
913455
915027
909853
913586
912014
910835
915944
914503
915420
914961
916599
913193
912538
910901
916468
914241
909656
914765
912669
910573
916468
911032
909132
910901
909722
915223
910835
910770
910508
915420
910049
909525
909329
915616
908674
914568
908936
912276
912472
909460
907298
912996
912996
913258
910377
911621
909263
910835
913782
907822
914044
913782
910901
911032
914437
907888
912145
911687
913455
911163
914306
911163
907167
906381
909984
907167
909132
910508
910639
913782
910377
911490
906119
905595
913848
908281
912210
906709
912603
907298
907233
907626
907167
908084
908674
911359
908608
911359
911032
906119
905072
912079
910377
906447
905465
906840
906512
910115
906447
911097
909001
907233
909984
909198
904089
908674
905465
909198
908739
910246
903696
907888
905465
906381
906643
903631
911425
905661
906578
906054
906381
904810
902976
905792
906250
906381
909918
905268
908805
904613
908281
905465
907822
907298
908019
905268
908215
909722
903369
902255
909263
906840
907298
908608
906447
903565
904417
903762
909591
903041
907429
909394
902255
904679
906578
906381
903958
904613
908346
907429
900814
903696
904417
901600
904220
908346
905465
906971
900618
908281
900094
900094
901469
901076
904155
907953
899963
904351
906119
904679
905203
906971
905465
905137
899766
899897
903041
899635
900749
903958
902321
900028
902321
901731
900683
900094
899373
903631
903762
898653
902976
904155
899963
903500
898260
900880
905334
899701
903303
899439
901011
903631
900356
903041
899766
902845
898522
899243
904417
903500
905268
903238
902517
899897
905334
900290
896950
897736
905072
898850
900290
902059
899243
901666
903762
898588
902255
898915
901338
902452
897540
896492
904286
898064
899766
897147
902321
901535
897278
899046
897802
902386
899504
900028
901928
902714
899832
901469
896950
903238
895706
899832
897212
902714
899504
894723
895575
902779
895116
896885
895509
897409
898129
894854
896819
898391
901731
894527
895378
893741
900421
899635
896099
893479
898588
896950
894920
893610
896557
898653
894068
899373
900094
897343
900094
898588
899177
893348
892955
895182
893610
900814
893348
897998
895968
894723
899439
898588
893675
900159
897802
899046
896164
897016
896688
892038
895771
894461
897474
892300
895640
895902
892562
894592
896361
895706
893151
899439
892890
897540
895116
895968
895182
890663
896688
893872
895247
895706
895902
891580
892890
891514
893151
898260
895575
891056
898064
895575
894199
896950
894789
891973
893544
896950
890204
890663
891514
890663
893086
894658
889549
893217
891645
890466
895640
894199
895051
894592
896295
892824
892235
890532
896164
893937
889353
894461
892366
890204
896099
890663
888829
890597
889418
894854
890532
890466
890204
895116
889746
889222
889025
895313
888370
894265
888632
891973
892169
889156
886995
892693
892693
892955
890073
891318
888960
890532
893479
887584
893741
893544
890597
890728
894134
887584
891842
891449
893151
890859
894003
890859
886930
886078
889746
886930
888829
890270
890401
893479
890139
891252
885882
885292
893610
887977
891973
886471
892366
887060
886995
887388
886930
887846
888436
891121
888305
891121
890794
885882
884768
891842
890139
886209
885227
886602
886275
889877
886275
890859
888829
886995
889746
888960
883851
888436
885227
889025
888567
890073
883524
887650
885227
886144
886406
883458
891252
885489
886340
885816
886144
884572
882738
885620
886078
886209
889746
885096
888632
884441
888108
885292
887584
887126
887846
885096
887977
889549
883131
882083
889091
886668
887126
888436
886275
883393
884244
883589
889418
882869
887257
889222
882083
884506
886406
886209
883786
884441
888174
887257
880642
883524
884244
881493
884048
888174
885292
886799
880511
888108
879922
879922
881297
880969
883982
887846
879856
884244
886013
884506
885030
886864
885358
884965
879660
879791
882869
879529
880642
883851
882214
879922
882214
881624
880577
879987
879201
883524
883655
878546
882869
884048
879856
883393
878153
880773
885227
879594
883196
879398
880904
883524
880315
882934
879660
882738
878415
879136
884310
883393
885161
883131
882476
879856
885292
880249
876843
877695
884965
878743
880249
881952
879136
881624
883720
878546
882148
878874
881297
882410
877498
876450
884179
878022
879725
877105
882279
881493
877236
879005
877760
882345
879463
879987
881886
882672
879791
881428
876909
883196
875664
879791
877171
882672
879529
874682
875533
882738
875075
876909
875468
877433
878153
874813
876778
878350
881755
874551
875337
873765
880380
879660
876057
873438
878612
876974
874944
873634
876516
878612
874093
879332
880118
877302
880053
878612
879201
873372
872979
875206
873634
880838
873372
878022
875992
874747
879463
878612
873700
880184
877826
879070
876188
877040
876778
872128
875795
874486
877498
872390
875664
875926
872652
874616
876450
875730
873176
879463
872979
877564
875206
876057
875271
870752
876778
873896
875337
875795
875926
871669
872979
871538
873241
878284
875599
871145
878153
875664
874289
876974
874878
871997
873634
877040
870294
870752
871604
870752
873176
874747
869639
873307
871735
870556
875730
874289
875140
874682
876385
872914
872324
870621
876254
874027
869442
874551
872455
870359
876254
870818
868918
870687
869508
875009
870621
870556
870294
875206
869835
869311
869115
875402
868525
874355
868722
872062
872324
869246
867150
872848
872783
873110
870228
871473
869115
870687
873634
867674
873896
873634
870752
870883
874289
867740
871997
871538
873307
871014
874158
871014
867085
866233
869901
867085
869049
870425
870556
873634
870294
871407
866037
865513
873765
868198
872128
866626
872521
867216
867150
867609
867085
868067
868591
871276
868525
871342
871014
866102
864989
872062
870359
866364
865447
866823
866495
870097
866430
871080
868984
867216
869966
869180
864072
868656
865447
869180
868787
870294
863744
867871
865447
866364
866626
863679
871473
865709
866561
866037
866364
864792
862958
865840
866299
866430
869966
865316
868853
864661
868329
865513
867871
867347
868133
865316
868264
869770
863417
862303
869311
866888
867412
868656
866561
863679
864530
863810
869639
863155
867478
869442
862369
864792
866626
866495
864072
864661
868460
867543
860928
863810
864530
861780
864334
868460
865578
867085
860732
868394
860208
860208
861583
861256
864268
868133
860142
864530
866299
864858
865382
867150
865644
865251
859946
860077
863220
859815
860928
864137
862565
860208
862500
861911
860863
860339
859553
863810
863941
858898
863220
864399
860208
863679
858505
861125
865513
859946
863482
859684
861256
863875
860601
863286
860011
863089
858767
859487
864661
863744
865513
863482
862827
860208
865578
860601
857195
858046
865316
859094
860601
862303
859487
861976
864072
858898
862500
859225
861649
862762
857850
856802
864596
858374
860077
857457
862631
861845
857588
859422
858177
862762
859815
860404
862303
863024
860208
861845
857326
863548
856081
860208
857588
863089
859880
855099
855950
863155
855492
857260
855885
857784
858505
855230
857195
858767
862172
854968
855754
854182
860797
860077
856474
853855
859029
857391
855361
854051
856998
859094
854510
859749
860535
857784
860470
859029
859618
853789
853396
855623
854051
861321
853789
858439
856409
855165
859880
859094
854117
860666
858243
859487
856605
857522
857195
852545
856278
854968
857981
852807
856147
856409
853069
855034
856867
856212
853658
859946
853462
858046
855623
856540
855754
851235
857260
854379
855820
856212
856409
852152
853462
852021
853724
858767
856081
851628
858636
856147
854772
857522
855361
852545
854117
857522
850776
851235
852086
851235
853658
855230
850121
853855
852283
851038
856212
854772
855689
855230
856867
853462
852807
851169
856736
854510
849990
855099
853003
850842
856736
851300
849467
851235
850056
855558
851169
851104
850842
855754
850383
849859
849663
855950
849008
854903
849270
852610
852872
849794
847698
853396
853331
853658
850776
852021
849663
851235
854182
848222
854444
854248
851300
851431
854837
848353
852545
852152
853855
851628
854706
851562
847633
846847
850449
847633
849598
850973
851104
854248
850907
851955
846585
846061
854379
848746
852741
847240
853134
847829
847764
848157
847698
848615
849205
851890
849139
851955
851628
846716
845602
852676
850907
846978
846061
847436
847109
850711
847043
851693
849598
847829
850580
849794
844685
849270
846061
849859
849401
850907
844358
848484
846061
847043
847305
844292
852086
846323
847174
846716
847043
845471
843637
846454
846912
847043
850580
845930
849532
845340
848943
846192
848484
848026
848746
845995
848877
850449
844096
842983
849990
847567
848091
849336
847174
844292
845209
844489
850318
843834
848157
850121
843048
845471
847305
847174
844751
845406
849139
848222
841607
844489
845209
842459
845013
849139
846257
847829
841476
849139
840887
840952
842328
841935
845013
848812
840821
845209
846978
845537
846061
847829
846323
845995
840690
840821
843899
840559
841673
844882
843245
840952
843245
842655
841607
841018
840297
844554
844685
839577
843965
845078
840952
844423
839249
841869
846257
840690
844227
840428
842000
844620
841345
844030
840756
843834
839511
840232
845406
844489
846257
844227
843572
840952
846388
841345
837939
838791
846061
839904
841345
843048
840297
842721
844816
839708
843310
840035
842459
843572
838660
837546
845340
839118
840887
838201
843441
842655
838398
840166
838922
843507
840625
841149
843114
843834
841018
842590
838136
844358
836892
841018
838398
843899
840690
835909
836695
843965
836302
838070
836695
838594
839315
836040
838005
839577
842983
835778
836564
834992
841607
840887
837350
834665
839839
838201
836171
834861
837808
839904
835320
840625
841345
838594
841345
839904
840494
834665
834206
836499
834927
842131
834665
839315
837285
836040
840756
839970
834992
841542
839118
840363
837481
838398
838070
833420
837154
835844
838856
833682
837023
837285
833944
835909
837743
837088
834534
840821
834337
838922
836499
837415
836630
832110
838136
835254
836695
837154
837350
833027
834337
832962
834599
839708
837023
832503
839577
837023
835713
838398
836237
833420
834992
838398
831652
832176
833027
832110
834599
836171
831063
834730
833158
831979
837154
835713
836564
836171
837808
834403
833748
832110
837677
835451
830866
836040
833944
831783
837677
832241
830408
832176
830997
836499
832110
832045
831783
836695
831324
830801
830604
836892
830015
835844
830211
833551
833813
830801
828639
834337
834337
834599
831717
832962
830604
832176
835189
829229
835385
835189
832241
832438
835844
829294
833551
833093
834861
832569
835713
832569
828639
827853
831455
828639
830604
831979
832110
835254
831914
832962
827591
827067
835320
829753
833748
828246
834141
828770
828770
829163
828705
829622
830211
832896
830146
832962
832634
827722
826609
833682
831979
827984
827067
828443
828115
831717
828050
832700
830670
828836
831586
830801
825757
830277
827133
830866
830408
831914
825364
829556
827133
828050
828312
825364
833158
827395
828246
827722
828115
826478
824710
827526
827984
828115
831652
827002
830539
826412
830015
827264
829556
829098
829818
827067
829949
831521
825168
824055
831063
828639
829163
830408
828246
825364
826281
825561
831390
824906
829294
831193
824120
826543
828443
828246
825823
826478
830211
829294
822679
825561
826347
823531
826150
830211
827395
828901
822548
830211
822024
822024
823400
823072
826085
829949
821959
826347
828115
826674
827198
828967
827460
827133
821762
821893
825037
821697
822810
826019
824382
822090
824382
823793
822745
822155
821435
825692
825823
820780
825102
826216
822090
825561
820387
823007
827395
821828
825364
821566
823138
825757
822483
825168
821893
824971
820649
821369
826543
825626
827395
825430
824710
822090
827526
822483
819142
819994
827264
821042
822548
824251
821435
823924
826019
820845
824448
821173
823596
824710
819797
818749
826543
820321
822090
819404
824644
823858
819601
821369
820125
824710
821828
822352
824317
825037
822221
823793
819339
825561
818095
822221
819601
825102
821893
817112
817964
825168
817505
819339
817898
819863
820583
817243
819208
820780
824186
816981
817833
816195
822876
822090
818553
815933
821042
819470
817440
816064
819011
821107
816588
821828
822614
819863
822614
821107
821697
815868
815475
817767
816195
823400
815933
820583
818553
817309
822024
821173
816261
822745
820387
821631
818749
819666
819339
814689
818422
817112
820125
814951
818291
818553
815213
817243
819077
818357
815802
822090
815606
820190
817833
818684
817898
813379
819404
816588
817964
818422
818619
814296
815606
814230
815933
820976
818291
813837
820845
818357
816981
819732
817571
814754
816326
819732
812986
813444
814296
813444
815868
817505
812331
816064
814492
813313
818488
817047
817898
817440
819142
815737
815082
813444
819011
816785
812200
817374
815278
813117
819011
813575
811742
813510
812331
817833
813444
813379
813117
818029
812724
812135
812004
818291
811349
817243
811611
814951
815213
812135
810039
815737
815671
815933
813117
814361
812004
813575
816523
810563
816785
816588
813641
813772
817178
810694
814951
814492
816261
813968
817112
813968
810039
809187
812855
810039
812004
813379
813510
816654
813248
814361
808991
808467
816719
811152
815147
809646
815540
810235
810170
810563
810104
811021
811611
814296
811545
814361
814034
809122
808008
815082
813379
809449
808532
809842
809515
813117
809515
814165
812069
810235
813051
812266
807157
811742
808532
812331
811873
813379
806829
810956
808598
809515
809777
806764
814558
808794
809711
809187
809515
807943
806109
808991
809449
809580
813117
808467
812004
807877
811480
808663
811021
810563
811283
808532
811414
812986
806633
805520
812527
810104
810628
811873
809777
806895
807746
807091
812920
806371
810759
812724
805585
808074
809908
809711
807288
807943
811676
810825
804210
807091
807812
805061
807615
811742
808860
810432
804079
811742
803489
803555
804930
804537
807615
811414
803489
807812
809646
808139
808729
810497
808991
808663
803293
803424
806567
803227
804275
807550
805913
803620
805913
805323
804275
803686
802965
807222
807353
802310
806633
807812
803620
807091
801917
804537
808991
803358
806960
803162
804668
807353
804079
806698
803489
806567
802245
802965
808139
807222
808991
806960
806305
803686
809122
804079
800673
801524
808860
802638
804079
805847
803031
805520
807550
802441
806044
802769
805192
806305
801393
800345
808139
801917
803620
801000
806175
805454
801131
802965
801721
806305
803424
803948
805913
806633
803817
805389
800935
807157
799691
803817
801197
806698
803489
798708
799560
806764
799101
800935
799560
801459
802179
798905
800869
802441
805847
798643
799429
797857
804472
803751
800214
797529
802703
801066
799036
797726
800673
802769
798250
803489
804275
801459
804210
802769
803358
797529
797136
799363
797857
805061
797595
802179
800149
798970
803686
802834
797857
804406
802048
803293
800411
801328
801000
796350
800084
798774
801786
796612
799953
800214
796940
798905
800738
800018
797464
803751
797267
801917
799494
800345
799560
795040
801131
798250
799691
800084
800280
796023
797333
795957
797595
802703
800018
795564
802572
800018
798708
801393
799298
796416
797988
801459
794713
795171
796023
795171
797595
799167
794058
797791
796219
795040
800149
798708
799625
799167
800869
797398
796809
795171
800738
798512
793927
799101
797005
794844
800738
795302
793469
795237
794058
799560
795171
795106
794844
799822
794451
793927
793731
800018
793076
798970
793338
796678
796940
793862
791766
797464
797464
797726
794844
796088
793731
795302
798315
792355
798512
798315
795433
795564
798970
792421
796678
796285
797988
795761
798905
795761
791766
790980
794647
791831
793731
795171
795302
798381
795040
796154
790783
790259
798512
792945
796940
791438
797333
792028
791962
792355
791897
792879
793469
796088
793338
796154
795826
790914
789866
796874
795171
791242
790325
791700
791373
794975
791307
795957
793862
792093
794844
794058
789015
793534
790390
794123
793665
795171
788687
792814
790390
791307
791569
788622
796416
790652
791569
791045
791373
789801
787967
790849
791307
791438
794975
790325
793862
789735
793338
790521
792879
792421
793141
790390
793272
794844
788491
787378
794385
791962
792486
793731
791635
788753
789604
788949
794778
788229
792617
794582
787443
789932
791766
791635
789211
789866
793600
792683
786068
788949
789735
786919
789539
793600
790783
792290
785937
793600
785413
785413
786788
786461
789473
793338
785347
789735
791504
790063
790587
792421
790914
790521
785216
785347
788491
785151
786199
789473
787836
785478
787836
787247
786199
785609
784889
789146
789277
784234
788556
789735
785544
789015
783841
786461
790914
785282
788884
785085
786592
789277
786002
788687
785413
788491
784168
784889
790063
789146
790914
788949
788229
785609
791045
786002
782662
783513
790783
784561
786068
787770
785020
787443
789539
784430
788032
784758
787181
788294
783382
782334
790063
783906
785609
782989
788163
787443
783120
784954
783710
788294
785413
785937
787836
788622
785806
787378
782924
789146
781679
785806
783186
788687
785544
780697
781548
788753
781156
782924
781548
783448
784168
780894
782858
784430
787836
780632
781418
779846
786461
785740
782203
779584
784692
783120
781090
779715
782727
784823
780239
785544
786264
783513
786264
784823
785413
779584
779125
781418
779846
787050
779584
784234
782203
780959
785675
784889
779911
786461
784103
785347
782465
783317
783055
778405
782138
780828
783841
778667
782007
782269
778994
780959
782793
782138
779518
785871
779322
783972
781548
782400
781679
777160
783186
780304
781745
782203
782400
778077
779387
778012
779715
784758
782072
777619
784627
782138
780763
783513
781352
778536
780108
783513
776767
777291
778143
777291
779715
781287
776178
779846
778339
777095
782269
780828
781745
781287
782989
779518
778929
777291
782858
780632
776047
781221
779125
776964
782858
777422
775588
777357
776178
781679
777291
777226
776964
781941
776571
776047
775850
782138
775196
781090
775457
778798
779060
776047
773886
779649
779584
779846
777029
778274
775916
777488
780435
774475
780697
780501
777553
777684
781156
774606
778863
778405
780173
777881
781025
777881
773951
773165
776767
773951
775916
777357
777422
780566
777226
778339
772969
772445
780697
775130
779125
773624
779518
774213
774148
774541
774082
775065
775654
778274
775523
778339
778012
773100
772052
779060
777357
773427
772510
773886
773558
777160
773493
778143
776112
774279
777095
776243
771200
775785
772576
776309
775916
777422
770873
774999
772641
773558
773820
770873
778667
772903
773755
773231
773624
771986
770218
773034
773493
773689
777160
772576
776112
771921
775588
772772
775130
774606
775392
772641
775523
777029
770742
769628
776636
774213
774737
775981
773886
771004
771855
771200
777029
770480
774868
776833
769694
772183
774017
773886
771462
772117
775850
774934
768319
771200
771986
769170
771790
775916
773034
774541
768253
775916
767664
767729
769104
768712
771790
775588
767664
772052
773820
772379
772903
774672
773165
772838
767533
767664
770742
767402
768515
771724
770152
767795
770152
769563
768515
767926
767140
771462
771593
766550
770873
772052
767860
771331
766157
768777
773231
767598
771200
767402
768908
771593
768319
771004
767729
770807
766485
767205
772379
771462
773231
771266
770545
767926
773362
768384
764978
765830
773100
766943
768384
770152
767336
769825
771855
766747
770349
767074
769497
770611
765699
764651
772445
766223
767991
765371
770545
769759
765502
767336
766092
770676
767795
768319
770218
771004
768122
769759
765306
771528
764061
768188
765568
771069
767860
763079
763930
771135
763537
765306
763930
765830
766550
763275
765240
766812
770218
763013
763865
762228
768908
768188
764585
761966
767140
765502
763472
762162
765109
767205
762621
767926
768712
765895
768646
767205
767795
761966
761573
763865
762293
769497
762031
766681
764651
763406
768122
767336
762359
768908
766550
767729
764847
765764
765502
760852
764520
763210
766288
761114
764454
764716
761376
763406
765240
764520
761966
768319
761769
766419
763996
764847
764127
759608
765633
762752
764192
764651
764847
760525
761835
760459
762162
767205
764520
760066
767074
764585
763210
765961
763799
760983
762555
766026
759280
759739
760590
759739
762162
763799
758625
762359
760787
759608
764782
763341
764192
763799
765437
762031
761376
759739
765371
763144
758560
763668
761573
759477
765371
759935
758101
759870
758691
764192
759804
759739
759477
764454
759084
758560
758363
764651
757708
763603
757970
761311
761573
758560
756399
762162
762097
762359
759542
760787
758429
760001
762948
757053
763210
763013
760066
760263
763668
757119
761376
760983
762686
760459
763603
760459
756464
755678
759346
756530
758494
759870
760001
763144
759804
760852
755547
754958
763275
757708
761638
756202
762097
756726
756726
757119
756661
757577
758167
760852
758101
760918
760590
755678
754565
761638
759935
756006
755089
756464
756137
759739
756071
760721
758691
756857
759673
758822
753779
758363
755154
758953
758494
760001
753451
757577
755220
756137
756399
753451
761245
755482
756333
755875
756202
754630
752796
755678
756137
756268
759804
755154
758691
754565
758167
755416
757708
757250
757970
755220
758167
759673
753320
752207
759280
756857
757315
758625
756464
753648
754499
753844
759673
753124
757512
759477
752338
754827
756661
756530
754106
754761
758494
757577
750962
753844
754630
751814
754434
758560
755678
757250
750897
758560
750308
750373
751748
751355
754434
758298
750308
754696
756464
755023
755547
757315
755809
755482
750177
750308
753451
750111
751159
754434
752796
750504
752796
752207
751159
750635
749849
754106
754303
749194
753517
754696
750504
754041
748867
751486
755875
750308
753910
750111
751617
754303
751028
753648
750439
753517
749194
749915
755089
754172
755940
753975
753255
750635
756071
751093
747688
748539
755809
749653
751093
752862
750046
752534
754565
749456
753058
749784
752207
753320
748474
747426
755154
748998
750700
748081
753255
752469
748212
750046
748801
753386
750504
751028
752993
753713
750897
752534
748015
754303
746771
750897
748277
753844
750635
745854
746705
753910
746247
748081
746705
748605
749325
746050
748015
749587
752993
745788
746574
745002
751617
750897
747360
744740
749849
748277
746247
744937
747884
749980
745395
750700
751486
748670
751421
749980
750569
744740
744347
746640
745068
752272
744806
749456
747426
746181
750897
750111
745133
751683
749325
750569
747688
748605
748277
743627
747360
746050
749063
743955
747229
747491
744217
746181
748015
747360
744806
751093
744609
749194
746836
747688
746902
742383
748474
745592
747033
747491
747688
743365
744675
743300
745002
750046
747360
742907
749915
747426
746050
748801
746640
743824
745395
748867
742121
742579
743431
742579
745002
746640
741466
745199
743627
742448
747622
746181
747098
746640
748343
744871
744282
742579
748212
745985
741400
746574
744478
742317
748212
742776
740942
742776
741597
747033
742645
742645
742383
747295
741924
741400
741269
747557
740614
746509
740876
744217
744478
741400
739304
745002
745002
745264
742383
743693
741335
742907
745854
739894
746116
745919
742972
743103
746574
740025
744282
743889
745592
743365
746509
743365
739435
738584
742252
739435
741400
742776
742907
746050
742710
743824
738453
737929
746181
740614
744544
739108
745002
739697
739632
740025
739566
740549
741138
743824
741007
743824
743562
738649
737536
744609
742907
738977
737995
739370
739108
742645
739042
743693
741597
739828
742579
741793
736750
741335
738125
741859
741466
742972
736423
740549
738191
739108
739370
736423
744217
738453
739304
738846
739173
737602
735768
738649
739108
739239
742776
738125
741662
737536
741138
738387
740680
740221
741007
738191
741138
742645
736292
735244
742252
739828
740352
741597
739501
736619
737471
736816
742645
736095
740483
742448
735375
737798
739697
739501
737078
737733
741466
740614
733999
736881
737602
734851
737405
741531
738715
740221
733868
741531
733344
733410
734785
734392
737471
741269
733344
737733
739501
738060
738584
740352
738846
738518
733213
733344
736488
733148
734196
737471
735833
733541
735833
735244
734196
733672
732886
737209
737340
732231
736619
737733
733606
737078
731903
734523
738977
733344
736947
733148
734654
737340
734065
736750
733475
736554
732231
732951
738191
737274
739042
737012
736357
733737
739173
734130
730790
731642
738911
732689
734196
735899
733148
735637
737667
732558
736161
732886
735309
736423
731511
730463
738256
732100
733803
731183
736357
735571
731314
733148
731903
736488
733606
734130
736095
736816
733999
735637
731118
737405
729873
733999
731380
736947
733737
728956
729808
737012
729349
731183
729808
731707
732427
729153
731118
732689
736095
728891
729742
728105
734785
734065
730528
727843
733017
731380
729349
728039
730987
733082
728563
733868
734589
731838
734589
733148
733737
727908
727515
729742
728236
735440
727974
732624
730594
729349
734065
733279
728301
734851
732493
733737
730856
731707
731445
726795
730528
729218
732231
727122
730397
730659
727384
729349
731183
730528
727974
734261
727777
732362
730004
730856
730070
725616
731642
728760
730201
730659
730856
726533
727843
726467
728170
733279
730528
726074
733148
730594
729284
731969
729873
727057
728629
732034
725289
725812
726664
725812
728236
729808
724699
728432
726860
725681
730856
729415
730266
729873
731511
728105
727450
725812
731445
729218
724634
729742
727712
725551
731445
726009
724175
726009
724830
730266
725878
725878
725616
730528
725158
724634
724503
730790
723848
729742
724110
727450
727712
724699
722538
728301
728236
728498
725681
726926
724568
726140
729153
723193
729349
729153
726271
726402
729808
723324
727581
727122
728891
726598
729742
726598
722669
721883
725485
722669
724634
726074
726205
729349
726009
727057
721686
721162
729480
723913
727843
722407
728301
722931
722931
723324
722865
723848
724437
727122
724306
727122
726795
721948
720835
727908
726205
722276
721293
722734
722407
726009
722341
726991
724896
723127
725943
725092
720049
724634
721424
725223
724765
726271
719721
723848
721490
722407
722669
719721
727515
721752
722669
722145
722472
720900
719132
721948
722407
722538
726074
721490
725027
720835
724503
721686
724044
723586
724306
721555
724503
726009
719656
718543
725616
723193
723717
724961
722865
719983
720835
720180
726009
719460
723848
725812
718739
721162
723062
722865
720442
721097
724830
723979
717364
720245
720966
718215
720835
724896
722079
723586
717298
724961
716709
716774
718150
717757
720835
724699
716709
721097
722865
721424
721948
723782
722276
721948
716578
716709
719852
716512
717626
720835
719263
716905
719263
718674
717626
717036
716316
720573
720704
715661
719983
721162
716971
720507
715333
717953
722341
716774
720376
716578
718084
720769
717495
720180
716905
719983
715661
716381
721621
720704
722472
720442
719787
717167
722603
717560
714220
715071
722341
716119
717626
719329
716578
719067
721097
715988
719590
716316
718739
719852
715006
713958
721686
715530
717233
714613
719787
719067
714809
716578
715399
719983
717102
717626
719525
720311
717429
719067
714613
720835
713368
717495
714875
720442
717233
712452
713238
720507
712845
714678
713303
715202
715923
712648
714613
716185
719590
712386
713238
711600
718281
717560
713958
711338
716512
714875
712845
711535
714482
716578
712059
717364
718084
715333
718084
716643
717233
711404
711011
713303
711731
718936
711469
716119
714089
712845
717560
716774
711797
718346
715988
717233
714351
715268
714940
710290
714023
712714
715726
710618
713958
714220
710880
712910
714744
714089
711469
717822
711273
715923
713499
714416
713630
709111
715137
712321
713761
714220
714416
710094
711404
710028
711731
716774
714089
709635
716643
714154
712845
715530
713434
710552
712190
715595
708849
709373
710225
709373
711797
713368
708260
711993
710421
709242
714416
712976
713827
713434
715137
711666
711076
709373
715006
712779
708194
713368
711273
709177
715071
709635
707736
709570
708391
713892
709504
709439
709177
714154
708784
708260
708063
714351
707474
713368
707736
711076
711338
708260
706164
711862
711862
712124
709242
710552
708194
709766
712714
706819
712976
712779
709832
710028
713434
706885
711142
710749
712517
710225
713368
710225
706295
705509
709111
706295
708260
709701
709832
712976
709635
710683
705378
704789
713107
707539
711469
706033
711928
706623
706557
706950
706492
707474
708063
710749
707998
710814
710487
705575
704461
711535
709832
705902
704985
706361
706033
709635
706033
710683
708587
706754
709570
708784
703675
708260
705116
708849
708391
709963
703413
707539
705182
706099
706361
703413
711207
705444
706295
705837
706164
704592
702758
705640
706099
706230
709766
705116
708718
704527
708194
705378
707736
707277
707998
705247
708194
709701
703348
702234
709308
706885
707408
708653
706557
703675
704527
703872
709701
703217
707605
709504
702431
704920
706754
706557
704199
704789
708587
707670
701055
703937
704723
701907
704527
708653
705837
707343
700990
708653
700466
700466
701841
701514
704592
708391
700466
704854
706623
705182
705706
707474
705968
705640
700335
700466
703610
700270
701383
704592
702955
700663
703020
702431
701383
700794
700073
704330
704461
699418
703741
704920
700728
704265
699091
701710
706164
700532
704134
700335
701841
704527
701252
703937
700663
703741
699418
700204
705378
704461
706230
704199
703544
700924
706361
701317
697977
698829
706099
699942
701448
703151
700335
702824
704920
699811
703413
700139
702562
703675
698763
697715
705509
699287
701055
698436
703610
702824
698567
700401
699156
703741
700859
701448
703348
704134
701252
702889
698436
704658
697191
701317
698698
704265
701055
696274
697060
704330
696667
698501
697126
699025
699746
696471
698436
700008
703413
696209
697060
695423
702103
701383
697846
695161
700335
698763
696733
695357
698370
700466
695881
701186
701972
699156
701907
700466
701055
695226
694833
697126
695554
702758
695292
699942
697912
696733
701448
700663
695685
702234
699877
701121
698239
699091
698829
694179
697912
696602
699615
694506
697846
698108
694768
696733
698632
697912
695357
701710
695161
699811
697388
698305
697519
693000
699025
696209
697650
698108
698305
693982
695292
693917
695619
700663
697977
693524
700597
698043
696733
699418
697322
694506
696078
699484
692738
693262
694113
693262
695685
697322
692148
695881
694310
693131
698305
696864
697781
697322
699025
695619
694964
693327
698894
696733
692148
697257
695161
693065
698960
693524
691690
693524
692345
697781
693458
693393
693131
698043
692738
692214
692017
698305
691362
697257
691690
694964
695292
692214
690118
695816
695816
696078
693196
694506
692148
693720
696667
690773
696929
696733
693786
693982
697388
690904
695161
694702
696471
694179
697322
694179
690249
689463
693131
690314
692279
693655
693786
696929
693589
694702
689332
688808
697060
691493
695488
689987
695881
690576
690576
690969
690511
691428
692017
694702
691952
694768
694441
689528
688480
695554
693851
689921
689004
690380
690052
693655
689987
694637
692607
690773
693589
692803
687695
692279
689070
692869
692410
693917
687433
691559
689201
690118
690380
687433
695226
689463
690380
689856
690183
688611
686778
689659
690118
690249
693851
689201
692738
688611
692214
689463
691755
691297
692083
689266
692214
693720
687367
686319
693327
690904
691428
692738
690576
687695
688611
687891
693786
687236
691624
693589
686450
688939
690838
690642
688219
688873
692607
691755
685140
688022
688808
685992
688611
692738
689856
691428
685075
692738
684551
684551
685926
685599
688677
692476
684551
688873
690707
689266
689790
691559
690052
689725
684420
684551
687695
684354
685468
688677
687040
684747
687105
686516
685468
684878
684158
688415
688611
683503
687826
689004
684878
688350
683175
685795
690249
684616
688219
684420
685992
688611
685402
688022
684813
687891
683568
684289
689463
688611
690314
688350
687695
685075
690511
685468
682128
682979
690249
684027
685533
687302
684485
686974
689070
683896
687564
684289
686712
687826
682913
681866
689659
683437
685206
682586
687760
686974
682717
684551
683306
687891
685009
685599
687498
688284
685402
687040
682586
688808
681342
685468
682848
688415
685206
680425
681276
688480
680818
682651
681276
683175
683896
680621
682586
684158
687564
680359
681211
679639
686254
685533
681997
679377
684485
682913
680883
679573
682520
684616
680097
685337
686123
683372
686123
684682
685271
679442
679049
681342
679770
686974
679508
684158
682128
680949
685664
684813
679901
686450
684027
685271
682389
683306
683044
678394
682128
680818
683830
678722
682062
682258
678984
680949
682848
682128
679573
685926
679377
684027
681604
682520
681735
677215
683306
680425
681866
682324
682520
678198
679508
678132
679835
684944
682258
677805
684813
682258
680949
683699
681538
678722
680294
683765
677019
677477
678394
677477
679966
681538
676429
680163
678591
677412
682586
681145
681997
681604
683306
679835
679246
677608
683175
680949
676429
681538
679442
677346
683241
677805
675971
677739
676560
682062
677674
677674
677412
682324
677019
676429
676298
682586
675644
681538
675971
679311
679573
676495
674399
680097
680097
680359
677477
678787
676429
678001
680949
675054
681211
681014
678132
678263
681669
675185
679442
678984
680752
678525
681669
678525
674596
673744
677412
674596
676560
678001
678132
681211
677870
678984
673613
673089
681407
675840
679770
674334
680228
674923
674858
675316
674792
675775
676364
679049
676298
679115
678787
673875
672827
679901
678198
674268
673286
674727
674399
678001
674334
678984
676953
675120
677936
677150
672041
676626
673417
677215
676757
678329
671779
675906
673548
674465
674727
671779
679573
673810
674727
674203
674530
672958
671190
674006
674465
674661
678198
673548
677084
672958
676626
673810
676167
675644
676429
673679
676560
678132
671779
670666
677739
675316
675840
677084
674989
672107
672958
672303
678132
671648
676037
678001
670862
673351
675185
675054
672631
673286
677019
676167
669553
672434
673155
670404
673024
677150
674268
675775
669487
677150
668963
668963
670338
670011
673024
676888
668963
673286
675120
673679
674203
675971
674530
674137
668832
668963
672107
668767
669880
673089
671517
669160
671517
670928
669880
669356
668570
672893
673024
667915
672303
673482
669291
672827
667653
670207
674661
669094
672696
668898
670404
673089
669815
672500
669225
672303
667981
668767
673941
673024
674792
672827
672107
669487
674989
669945
666540
667391
674727
668505
670011
671714
668963
671452
673482
668374
671976
668767
671190
672303
667391
666343
674137
667915
669684
667064
672238
671452
667195
669029
667784
672369
669487
670076
671976
672762
669880
671517
667064
673286
665819
669945
667326
672893
669684
664902
665754
672958
665361
667129
665754
667719
668439
665099
667129
668701
672107
664902
665754
664116
670797
670076
666540
663854
669029
667457
665426
664051
667064
669160
664575
669880
670666
667915
670666
669225
669815
663985
663593
665819
664313
671517
664051
668701
666671
665426
670142
669356
664444
670993
668570
669815
666933
667850
667588
662938
666671
665361
668374
663265
666605
666867
663527
665557
667391
666736
664116
670469
663985
668570
666212
667064
666278
661759
667850
664968
666409
666867
667064
662807
664116
662741
664378
669487
666802
662348
669356
666867
665557
668243
666147
663331
664902
668308
661562
662086
662938
662086
664509
666147
661038
664706
663200
661955
667129
665688
666605
666212
667850
664444
663854
662152
667784
665557
661038
666147
664051
661955
667850
662414
660580
662348
661169
666671
662283
662283
662021
666933
661628
661038
660907
667195
660252
666147
660580
663920
664182
661104
659008
664706
664706
664968
662152
663396
661038
662610
665623
659663
665885
665623
662741
662872
666343
659794
664051
663658
665426
663134
666278
663134
659204
658418
662086
659270
661235
662610
662741
665885
662545
663658
658287
657763
666016
660449
664444
658942
664902
659532
659532
659925
659466
660449
661038
663723
660973
663789
663462
658549
657436
664509
662807
658877
657960
659335
659073
662610
659008
663658
661628
659794
662610
661824
656716
661300
658091
661890
661497
663003
656454
660580
658222
659139
659401
656454
664247
658484
659401
658877
659270
657632
655864
658746
659204
659335
662872
658222
661824
657632
661300
658484
660842
660383
661104
658353
661300
662807
656454
655406
662414
659990
660514
661824
659663
656781
657698
657043
662872
656323
660711
662676
655602
658025
659925
659728
657371
658025
661759
660842
654292
657174
657894
655144
657698
661824
659008
660514
654227
661890
653637
653703
655078
654751
657763
661628
653703
658025
659859
658418
658942
660776
659270
658877
653572
653703
656847
653506
654620
657829
656257
653965
656257
655668
654685
654096
653310
657632
657763
652720
657043
658222
654030
657567
652393
655013
659466
653834
657436
653637
655209
657829
654620
657240
654030
657109
652786
653506
658746
657829
659597
657567
656912
654292
659728
654685
651345
652196
659532
653310
654816
656519
653768
656257
658287
653179
656781
653506
655930
657109
652196
651149
658942
652720
654489
651803
657043
656257
652000
653834
652589
657240
654292
654882
656781
657567
654751
656323
651869
658156
650625
654751
652131
657698
654489
649708
650559
657763
650166
651934
650625
652524
653244
649970
651934
653506
656912
649708
650559
648987
655602
654882
651345
648725
653899
652262
650232
648922
651869
653965
649446
654751
655471
652720
655471
654030
654620
648791
648398
650690
649118
656388
648922
653572
651541
650297
655013
654227
649249
655799
653441
654685
651803
652720
652458
647808
651541
650232
653244
648136
651476
651738
648398
650428
652262
651607
648987
655340
648856
653441
651083
651934
651149
646695
652720
649904
651279
651738
651934
647677
648987
647612
649315
654358
651672
647219
654292
651738
650428
653179
651018
648201
649773
653244
646498
646957
647874
646957
649446
651018
645909
649642
648070
646891
652065
650625
651541
651083
652786
649380
648725
647088
652720
650494
645909
651083
648987
646891
652786
647350
645450
647284
646105
651607
647219
647153
646957
651869
646564
645974
645843
652131
645254
651083
645516
648856
649118
646040
643944
649642
649642
649904
647088
648332
645974
647546
650559
644599
650821
650625
647677
647874
651279
644730
648987
648594
650363
648070
651214
648070
644141
643355
647022
644206
646171
647546
647743
650821
647481
648594
643289
642700
651018
645450
649446
643944
649839
644534
644534
644927
644468
645385
645974
648725
645909
648725
648463
643551
642438
649511
647808
643879
642962
644337
644010
647612
644010
648660
646629
644796
647612
646760
641717
646302
643093
646891
646498
648005
641455
645581
643224
644141
644403
641455
649249
643486
644403
643879
644272
642700
640866
643748
644206
644337
647874
643289
646826
642700
646302
643551
645843
645385
646171
643420
646302
647874
641521
640407
647481
645057
645581
646826
644730
641848
642700
642045
647874
641390
645778
647743
640604
643093
644992
644796
642372
643027
646826
645909
639294
642176
642962
640211
642765
646891
644075
645581
639294
646957
638705
638770
640145
639818
642831
646695
638770
643093
644927
643486
644010
645843
644337
644010
638639
638770
641914
638574
639687
642962
641324
639032
641324
640735
639752
639163
638443
642700
642896
637788
642110
643289
639163
642634
637460
640080
644534
638966
642503
638705
640276
642962
639687
642372
639097
642241
637919
638639
643813
642896
644665
642700
642045
639425
644861
639818
636478
637329
644599
638443
639883
641652
638836
641324
643420
638312
641914
638639
641062
642176
637329
636281
644010
637853
639621
636936
642176
641390
637133
638966
637722
642307
639425
640014
641914
642700
639883
641521
637002
643289
635757
639883
637329
642831
639687
634840
635692
642896
635299
637133
635757
637657
638377
635102
637067
638705
642045
634906
635692
634120
640800
640080
636478
633858
639032
637460
635430
634054
637067
639163
634578
639883
640669
637919
640669
639228
639818
633989
633596
635888
634316
641521
634054
638705
636674
635495
640211
639425
634447
640997
638639
639883
637002
637919
637591
633006
636740
635430
638443
633334
636674
636871
633596
635626
637460
636805
634185
640538
634054
638639
636281
637133
636412
631893
637919
635102
636478
636936
637133
632875
634185
632810
634513
639621
636936
632483
639490
637002
635626
638377
636281
633399
635037
638443
631697
632221
633072
632221
634644
636281
631173
634840
633334
632155
637264
635888
636740
636347
638050
634578
633989
632352
637919
635692
631173
636281
634185
632090
637984
632614
630714
632548
631369
636871
632483
632417
632221
637133
631762
631238
631107
637395
630452
636347
630780
634120
634382
631304
629208
634906
634906
635168
632352
633596
631238
632810
635823
629863
636085
635888
632941
633137
636543
630059
634316
633858
635626
633334
636543
633399
629470
628684
632286
629470
631435
632875
633006
636150
632810
633923
628553
628029
636281
630714
634709
629208
635168
629797
629797
630190
629732
630714
631304
633989
631238
634054
633727
628815
627767
634840
633137
629208
628291
629666
629339
632941
629339
633989
631893
630125
632941
632090
627046
631631
628422
632221
631762
633334
626784
630911
628553
629470
629732
626784
634578
628815
629732
629208
629601
628029
626195
629077
629535
629666
633203
628618
632155
628029
631631
628880
631173
630714
631500
628749
631697
633203
626850
625802
632810
630387
630911
632221
630059
627177
628094
627439
633268
626719
631107
633072
625999
628487
630321
630190
627767
628422
632155
631304
624689
627570
628356
625540
628160
632286
629470
630976
624623
632286
624099
624165
625540
625147
628225
632090
624099
628487
630321
628880
629404
631173
629732
629339
624034
624165
627308
623968
625082
628291
626719
624427
626719
626130
625147
624558
623837
628094
628291
623182
627505
628684
624558
628029
622855
625475
629928
624361
627963
624165
625671
628356
625082
627767
624558
627636
623313
624034
629208
628356
630125
628094
627439
624820
630256
625213
621872
622724
630059
623837
625344
627046
624296
626784
628815
623706
627374
624099
626522
627636
622724
621676
629470
623313
625016
622396
627570
626850
622593
624427
623182
627767
624885
625475
627374
628160
625278
626915
622462
628684
621217
625344
622724
628291
625082
620300
621152
628356
620759
622593
621217
623117
623837
620562
622527
624165
627570
620366
621152
619580
626261
625540
622003
619318
624492
622920
620890
619580
622527
624623
620104
625344
626130
623379
626130
624689
625278
619449
619056
621348
619777
627046
619580
624230
622200
620955
625671
624885
619973
626522
624165
625344
622527
623444
623117
618467
622200
620890
623968
618794
622134
622396
619122
621086
622920
622265
619711
626064
619515
624165
621807
622658
621872
617419
623444
620628
622003
622462
622658
618401
619711
618336
620039
625147
622462
618008
625016
622527
621152
623903
621807
618925
620562
623968
617222
617746
618598
617746
620170
621807
616698
620431
618860
617681
622855
621414
622331
621872
623575
620104
619515
617877
623510
621283
616698
621872
619777
617681
623575
618139
616305
618074
616895
622396
618074
618008
617746
622724
617353
616829
616633
622986
616043
621938
616305
619646
619908
616895
614799
620497
620497
620759
617943
619187
616829
618401
621414
615454
621676
621479
618532
618729
622134
615650
619908
619449
621217
618925
622134
618991
615061
614275
617877
615061
617026
618467
618598
621741
618401
619515
614144
613620
621938
616305
620300
614864
620759
615454
615388
615847
615388
616305
616895
619580
616829
619646
619384
614471
613358
620431
618729
614799
613882
615257
614995
618598
614930
619580
617550
615716
618532
617746
612703
617288
614078
617877
617419
618925
612376
616567
614144
615126
615388
612441
620235
614471
615388
614864
615257
613620
611852
614733
615192
615323
618860
614209
617812
613686
617288
614537
616829
616371
617157
614406
617353
618860
612507
611459
618467
616043
616567
617877
615716
612834
613751
613096
618925
612376
616764
618729
611655
614144
615978
615847
613424
614078
617812
616960
610345
613227
614013
611262
613817
617943
615126
616633
610345
618008
609756
609821
611197
610869
613948
617746
609821
614209
615978
614537
615061
616895
615388
615061
609756
609887
613031
609690
610804
614013
612441
610083
612441
611852
610804
610280
609494
613817
613948
608904
613227
614406
610280
613751
608577
611197
615650
610083
613620
609887
611393
614078
610804
613489
610280
613358
609035
609756
614930
614078
615847
613817
613162
610542
615978
611000
607595
608446
615781
609559
611066
612834
610018
612507
614602
609494
613096
609821
612245
613358
608511
607464
615192
609035
610804
608118
613358
612572
608315
610149
608904
613555
610673
611197
613096
613882
611066
612703
608184
614471
607005
611131
608511
614078
610869
606088
606940
614144
606547
608315
606940
608904
609625
606350
608315
609887
613293
606088
606940
605368
611983
611328
607726
605106
610280
608708
606678
605368
608315
610411
605892
611131
611917
609166
611917
610476
611066
605237
604844
607136
605564
612834
605368
610018
607987
606809
611524
610673
605761
612310
609952
611197
608315
609232
608904
604320
608053
606743
609756
604647
607987
608249
604909
606940
608773
608118
605564
611852
605368
610018
607595
608511
607726
603206
609232
606416
607856
608315
608511
604254
605564
604189
605826
610935
608249
603796
610869
608315
607005
609756
607595
604778
606416
609821
603075
603599
604451
603599
606023
607660
602551
606219
604713
603534
608708
607267
608184
607726
609428
605957
605368
603730
609363
607136
602551
607726
605630
603534
609428
603992
602158
603992
602813
608249
603927
603861
603599
608577
603206
602682
602551
608839
601896
607791
602224
605564
605826
602748
600652
606350
606350
606612
603796
605040
602748
604254
607267
601373
607529
607333
604451
604582
608053
601504
605761
605368
607136
604844
607987
604844
600914
600128
603796
600980
602944
604385
604516
607660
604320
605368
600063
599539
607791
602224
606219
600718
606678
601307
601307
601765
601307
602224
602813
605499
602748
605564
605302
600390
599277
606350
604647
600718
599801
601176
600914
604516
600849
605499
603468
601634
604451
603665
598622
603206
599997
603796
603337
604844
598360
602486
600128
601045
601307
598360
606154
600390
601307
600849
601176
599604
597770
600652
601111
601307
604844
600194
603730
599604
603272
600456
602813
602355
603075
600325
603272
604778
598491
597377
604385
602027
602551
603796
601700
598818
599735
599015
604909
598360
602748
604713
597639
600128
601962
601831
599408
600063
603796
602944
596329
599211
599997
597181
599801
603927
601111
602617
596329
603992
595740
595805
597181
596853
599932
603730
595805
600194
601962
600521
601111
602879
601373
601045
595740
595871
599015
595674
596788
599997
598425
596133
598425
597836
596853
596264
595543
599801
599997
594889
599277
600456
596264
599801
594627
597246
601700
596067
599670
595871
597443
600063
596853
599539
596264
599342
595020
595805
600980
600063
601831
599866
599211
596591
602027
596984
593644
594496
601831
595609
597115
598818
596067
598556
600652
595478
599146
595871
598294
599408
594496
593513
601242
595085
596853
594168
599408
598622
594365
596198
594954
599604
596722
597246
599211
599932
597115
598753
594234
600521
593055
597181
594561
600128
596919
592138
592989
600194
592596
594430
593055
594954
595674
592400
594365
596002
599408
592203
593055
591417
598098
597377
593841
591221
596329
594758
592727
591417
594365
596526
591941
597246
598032
595282
598032
596591
597181
591352
590959
593251
591679
598949
591483
596133
594103
592858
597574
596788
591876
598425
596067
597312
594430
595347
595020
590369
594103
592793
595871
590697
594037
594299
591024
593055
594889
594234
591679
597967
591483
596133
593710
594627
593841
589321
595413
592531
593972
594430
594627
590369
591679
590304
592007
597050
594365
589976
596984
594496
593120
595871
593775
590893
592531
595936
589191
589714
590566
589714
592203
593775
588667
592400
590828
589649
594823
593382
594299
593906
595543
592138
591548
589911
595478
593251
588732
593841
591810
589649
595609
590173
588274
590107
588929
594430
590042
590042
589780
594758
589387
588863
588667
595020
588077
593972
588339
591679
592007
588929
586833
592531
592531
592793
589976
591221
588863
590435
593448
587553
593710
593513
590631
590762
594234
587684
591941
591548
593317
591024
594168
591024
587095
586309
589976
587160
589125
590566
590697
593841
590500
591614
586243
585719
594037
588470
592400
586964
592858
587553
587553
587946
587488
588470
589060
591745
588994
591810
591483
586571
585523
592596
590893
586964
586047
587422
587095
590697
587095
591745
589714
587881
590697
589911
584802
589387
586243
590042
589583
591090
584540
588732
586309
587291
587553
584606
592400
586636
587553
587029
587422
585850
584016
586898
587357
587553
591090
586440
590042
585850
589518
586702
589060
588601
589387
586571
589518
591090
584737
583623
590697
588274
588798
590042
587946
585064
585981
585326
591155
584606
589060
591024
583885
586374
588208
588077
585654
586309
590107
589191
582576
585457
586243
583492
586112
590238
587357
588929
582576
590238
582052
582117
583492
583165
586178
590042
582052
586440
588274
586833
587357
589191
587684
587357
582052
582183
585326
581986
583099
586309
584737
582379
584737
584147
583165
582576
581855
586112
586309
581200
585588
586702
582576
586112
580938
583558
588012
582379
585981
582183
583754
586440
583165
585850
582576
585654
581397
582117
587291
586374
588208
586178
585523
582903
588339
583296
579956
580807
588143
581921
583427
585195
582379
584868
586964
581855
585457
582183
584606
585785
580873
579825
587619
581397
583165
580545
585719
584999
580742
582576
581331
585916
583034
583623
585523
586309
583492
585130
580611
586898
579366
583558
580938
586505
583296
578515
579366
586571
578973
580742
579432
581331
582052
578777
580742
582379
585785
578580
579366
577794
584475
583754
580218
577598
582707
581135
579104
577794
580742
582903
578318
583623
584409
581659
584409
582969
583558
577729
577336
579628
578056
585326
577860
582510
580480
579235
584016
583165
578253
584802
582445
583689
580807
581724
581397
576812
580545
579235
582248
577139
580480
580742
577467
579432
581266
580611
578056
584409
577860
582510
580152
581004
580218
575764
581790
578973
580414
580873
581069
576747
578122
576747
578384
583492
580807
576354
583427
580873
579563
582314
580152
577336
578973
582379
575633
576157
577008
576157
578646
580218
575109
578842
577270
576092
581266
579825
580742
580349
581986
578580
577991
576354
581921
579694
575175
580283
578253
576092
582052
576616
574782
576550
575371
580873
576550
576485
576223
581200
575830
575306
575175
581462
574520
580414
574847
578187
578449
575437
573275
579039
578973
579301
576419
577729
575371
576943
579956
573996
580218
580021
577074
577270
580676
574192
578449
577991
579759
577532
580676
577532
573603
572817
576485
573668
575633
577008
577205
580349
577008
578122
572751
572227
580480
574913
578908
573472
579366
574061
573996
574454
573996
574913
575568
578253
575502
578318
577991
573079
572031
579104
577401
573472
572555
573930
573603
577205
573603
578253
576223
574389
577205
576419
571376
575961
572751
576550
576092
577598
571114
575240
572882
573799
574061
571114
578908
573210
574061
573603
573930
572358
570590
573472
573930
574061
577598
572948
576550
572424
576026
573275
575568
575109
575895
573144
576092
577598
571245
570197
577205
574782
575306
576616
574520
571638
572555
571834
577729
571179
575568
577532
570459
572948
574782
574651
572227
572882
576616
575764
569149
572031
572817
570066
572620
576747
573930
575502
569149
576812
568625
568691
570066
569739
572751
576616
568625
573013
574847
573406
573930
575764
574258
573930
568625
568756
571900
568560
569673
572882
571310
569018
571310
570786
569739
569149
568429
572686
572882
567774
572162
573341
569149
572686
567512
570132
574585
569018
572555
568822
570328
573013
569739
572424
569215
572293
567970
568691
573930
573013
574782
572817
572162
569542
574978
569935
566595
567446
574782
568560
570066
571769
569018
571507
573603
568429
572096
568822
571245
572358
567512
566464
574258
568036
569804
567184
572358
571638
567381
569215
567970
572555
569673
570263
572162
572948
570132
571769
567250
573537
566071
570197
567577
573144
569935
565154
566005
573210
565612
567446
566071
567970
568691
565416
567381
569018
572424
565219
566071
564499
571114
570394
566857
564237
569411
567774
565809
564499
567446
569542
565023
570263
571048
568298
571048
569608
570197
564433
564041
566333
564761
571965
564499
569149
567184
565940
570655
569870
564892
571507
569084
570328
567512
568429
568101
563451
567184
565940
568953
563844
567184
567446
564106
566136
567970
567315
564761
571114
564564
569215
566857
567708
566922
562469
568494
565678
567119
567577
567774
563451
564826
563451
565088
570197
567512
563058
570132
567577
566267
569018
566922
564041
565678
569084
562338
562862
563713
562862
565350
566922
561814
565547
563975
562796
567970
566595
567446
567053
568756
565285
564695
563058
568691
566464
561879
567053
564957
562862
568756
563320
561486
563320
562141
567643
563255
563189
562993
567905
562600
562076
561879
568232
561290
567184
561552
564892
565219
562141
560045
565743
565743
566071
563189
564499
562141
563713
566660
560766
566988
566791
563844
564041
567446
560962
565219
564761
566529
564303
567446
564303
560373
559587
563255
560438
562403
563844
563975
567119
563779
564892
559521
558997
567315
561683
565678
560242
566136
560831
560831
561224
560766
561748
562338
565023
562272
565088
564761
559914
558801
565874
564172
560242
559325
560700
560438
564041
560373
565088
562993
561224
563975
563189
558146
562731
559521
563320
562927
564433
557884
562076
559652
560635
560897
557950
565743
559980
560897
560373
560766
559194
557360
560242
560700
560897
564433
559783
563386
559194
562862
560111
562403
561945
562731
559980
562927
564433
558081
557033
564041
561617
562141
563451
561355
558473
559325
558670
564564
558015
562403
564368
557295
559783
561617
561486
559063
559718
563517
562600
555985
558866
559652
556902
559521
563648
560766
562338
555985
563648
555461
555526
556902
556574
559652
563451
555526
559914
561683
560242
560831
562600
561093
560766
555461
555592
558735
555461
556509
559783
558146
555854
558211
557622
556574
556050
555264
559587
559783
554675
559063
560176
556050
559587
554413
557033
561486
555854
559456
555657
557229
559914
556640
559325
556116
559194
554871
555592
560831
559914
561683
559718
558997
556443
561879
556836
553496
554347
561617
555461
556967
558670
555919
558408
560504
555395
558997
555723
558146
559325
554413
553365
561159
554937
556705
554085
559259
558539
554282
556116
554871
559456
556574
557164
559063
559849
557033
558670
554151
560438
552972
557098
554478
560045
556902
552055
552906
560176
552513
554347
552972
554937
555657
552382
554347
555919
559325
552186
552972
551400
558081
557360
553823
551204
556312
554740
552710
551400
554347
556509
551924
557229
558015
555264
558015
556574
557164
551335
551007
553234
551728
558932
551466
556116
554085
552906
557622
556836
551859
558473
556050
557295
554478
555395
555068
550418
554151
552906
555919
550811
554151
554413
551138
553103
554937
554282
551728
558081
551531
556181
553823
554675
553954
549435
555461
552644
554085
554544
554740
550483
551793
550418
552120
557229
554544
550090
557098
554609
553299
555985
553889
551073
552644
556116
549370
549828
550745
549894
552317
553954
548846
552579
551007
549828
555002
553561
554478
554085
555723
552317
551728
550090
555657
553496
548911
554020
551990
549894
555788
550352
548518
550352
549173
554675
550287
550221
550025
554937
549632
549108
548911
555199
548322
554216
548584
551924
552251
549173
547077
552775
552775
553103
550221
551531
549173
550745
553758
547798
554020
553823
550876
551073
554478
547994
552251
551859
553561
551335
554478
551335
547405
546619
550287
547470
549435
550876
551007
554151
550811
551924
546553
546029
554347
548780
552775
547274
553168
547863
547863
548322
547863
548780
549370
552055
549304
552186
551859
546946
545898
552972
551269
547339
546422
547798
547470
551073
547470
552120
550090
548256
551073
550287
545244
549828
546619
550418
549959
551531
544982
549173
546750
547732
547994
545047
552841
547077
547994
547470
547863
546291
544458
547339
547798
547994
551531
546881
550483
546291
549959
547208
549501
549042
549828
547077
550025
551531
545178
544130
551138
548780
549304
550549
548453
545571
546488
545833
551662
545113
549566
551531
544392
546881
548780
548584
546160
546881
550614
549697
543148
546029
546815
543999
546619
550745
547929
549435
543148
550811
542624
542624
544065
543672
546750
550614
542624
547012
548846
547405
547929
549763
548256
547929
542624
542755
545898
542558
543672
546946
545309
543017
545375
544785
543737
543213
542427
546750
546881
541838
546160
547339
543213
546750
541576
544196
548649
543017
546619
542820
544392
547077
543803
546488
543279
546357
542034
542755
547994
547077
548846
546881
546226
543606
549042
543999
540659
541510
548846
542624
544130
545898
543082
545571
547667
542558
546160
542886
545375
546488
541576
540528
548322
542165
543868
541248
546488
545702
541445
543279
542100
546684
543803
544327
546291
547077
544261
545833
541379
547667
540135
544327
541707
547274
544065
539284
540135
547339
539742
541576
540200
542100
542886
539546
541576
543148
546553
539349
540200
538629
545244
544589
541052
538367
543541
541969
539938
538629
541576
543737
539153
544458
545244
542493
545244
543803
544392
538563
538236
540462
538956
546160
538694
543344
541379
540135
544851
544065
539153
545702
543344
544589
541707
542624
542296
537712
541445
540135
543148
538039
541379
541641
538367
540331
542231
541576
538956
545309
538825
543475
541052
541969
541183
536664
542755
539873
541314
541772
541969
537712
539022
537646
539349
544458
541772
537319
544392
541838
540528
543279
541183
538301
539938
543344
536664
537122
538039
537122
539611
541183
536074
539807
538301
537122
542296
540855
541772
541314
543017
539611
539022
537384
542951
540724
536205
541314
539284
537188
543082
537646
535812
537646
536467
541969
537581
537515
537319
542231
536926
536402
536205
542558
535616
541510
535878
539218
539546
536467
534371
540135
540069
540397
537515
538825
536467
538039
541052
535092
541314
541117
538236
538367
541838
535288
539546
539153
540921
538629
541772
538694
534764
533978
537581
534830
536795
538170
538301
541445
538170
539284
533913
533389
541707
536074
540069
534633
540528
535223
535223
535616
535157
536140
536729
539415
536664
539480
539218
534306
533193
540266
538629
534699
533782
535157
534830
538432
534830
539480
537450
535616
538432
537646
532603
537188
533978
537777
537319
538891
532341
536533
534109
535092
535354
532407
540200
534437
535354
534830
535223
533651
531883
534699
535157
535354
538891
534240
537843
533716
537319
534568
536926
536402
537188
534437
537384
538891
532603
531490
538563
536140
536664
537974
535812
532996
533847
533193
539022
532538
536926
538891
531817
534240
536140
536009
533585
534240
537974
537122
530507
533389
534175
531424
534044
538170
535354
536860
530507
538236
529983
530049
531424
531097
534175
538039
530049
534437
536271
534830
535354
537188
535681
535354
530049
530180
533324
529983
531097
534306
532734
530442
532800
532210
531162
530638
529852
534175
534306
529263
533585
534764
530638
534175
529001
531621
536074
530442
534044
530245
531817
534502
531228
533913
530704
533782
529459
530180
535419
534502
536271
534306
533651
531031
536467
531490
528084
528935
536271
530049
531555
533324
530573
532996
535092
529983
533651
530376
532800
533913
529066
528018
535812
529590
531359
528739
533913
533193
528935
530769
529525
534175
531293
531817
533716
534502
531686
533324
528870
535092
527625
531752
529197
534699
531555
526774
527625
534830
527232
529001
527691
529590
530311
527036
529066
530638
534044
526840
527691
526119
532734
532079
528477
525857
531031
529459
527429
526119
529066
531228
526643
531948
532734
529983
532734
531293
531883
526119
525726
527953
526447
533651
526185
530900
528870
527625
532341
531555
526643
533193
530835
532079
529197
530114
529852
525202
528935
527625
530704
525530
528870
529132
525857
527887
529721
529066
526512
532800
526316
530966
528608
529459
528739
524220
530245
527429
528870
529328
529525
525268
526578
525202
526905
532014
529328
524875
531883
529394
528084
530835
528673
525857
527494
530900
524154
524678
525530
524678
527167
528739
523630
527363
525857
524678
529852
528411
529328
528870
530573
527167
526578
524940
530507
528280
523761
528870
526840
524744
530638
525202
523368
525202
524023
529525
525137
525071
524875
529787
524482
523958
523761
530114
523172
529066
523499
526840
527102
524089
521927
527691
527691
527953
525137
526381
524023
525595
528608
522713
528870
528673
525792
525923
529394
522910
527167
526709
528477
526250
529394
526250
522320
521534
525202
522386
524351
525792
525923
529066
525726
526840
521534
520945
529263
523696
527691
522255
528149
522844
522779
523237
522779
523761
524351
527036
524285
527102
526774
521927
520814
527887
526185
522255
521403
522779
522451
526054
522451
527102
525071
523237
526054
525268
520225
524809
521600
525399
524940
526512
519963
524154
521731
522713
522975
520028
527822
522058
522975
522517
522844
521272
519504
522386
522844
522975
526512
521927
525464
521338
525006
522189
524547
524089
524875
522124
525006
526578
520225
519177
526185
523761
524285
525595
523499
520618
521534
520814
526709
520159
524547
526578
519439
521927
523827
523630
521272
521927
525661
524809
518194
521076
521862
519111
521665
525792
522975
524547
518194
525857
517670
517736
519111
518784
521862
525661
517736
522124
523958
522517
523041
524875
523368
523041
517736
517867
521010
517670
518784
521993
520421
518129
520487
519897
518849
518325
517539
521862
521993
516950
521272
522451
518325
521862
516688
519308
523761
518129
521731
517998
519504
522189
518980
521600
518391
521469
517146
517932
523106
522189
524023
521993
521338
518718
524220
519177
515836
516688
523958
517801
519308
521010
518260
520749
522844
517736
521338
518063
520487
521665
516753
515705
523499
517343
519046
516426
521665
520880
516688
518456
517277
521862
518980
519570
521469
522255
519439
521076
516557
522844
515378
519504
516884
522451
519308
514527
515378
522582
514985
516753
515378
517343
518063
514789
516753
518391
521796
514592
515443
513872
520487
519832
516229
513610
518784
517212
515181
513872
516819
518980
514396
519701
520487
517736
520487
519046
519635
513872
513479
515771
514199
521403
514003
518653
516622
515378
520159
519373
514396
520945
518587
519832
516950
517867
517605
512955
516688
515443
518456
513348
516688
516950
513675
515640
517474
516819
514265
520618
514134
518784
516360
517277
516491
511972
518063
515247
516622
517081
517343
513020
514396
513020
514723
519766
517081
512693
519701
517212
515902
518587
516491
513675
515247
518718
511972
512496
513348
512496
514985
516557
511448
515181
513675
512431
517605
516229
517146
516688
518391
514985
514396
512758
518325
516098
511579
516688
514658
512562
518456
513020
511186
513020
511841
517343
512955
512955
512693
517670
512300
511776
511645
517932
510990
516884
511317
514658
514919
511907
509811
515509
515509
515771
512955
514199
511907
513479
516491
510531
516753
516557
513610
513806
517212
510728
514985
514592
516360
514068
517212
514134
510204
509418
513086
510269
512234
513610
513806
516950
513610
514723
509352
508828
517146
511579
515574
510073
515967
510662
510662
511121
510662
511579
512234
514919
512169
514985
514658
509745
508697
515771
514068
510138
509221
510662
510335
513937
510335
514985
512955
511121
513937
513151
508108
512693
509483
513282
512824
514396
507846
512038
509614
510597
510859
507912
515705
509942
510859
510400
510728
509156
507388
510269
510728
510859
514461
509811
513348
509221
512889
510073
512431
511972
512758
510007
512955
514461
508108
507060
514068
511710
512234
513479
511383
508501
509418
508763
514592
508108
512496
514461
507388
509876
511710
511579
509156
509811
513610
512693
506143
509025
509811
506995
509614
513741
510924
512431
506143
513806
505619
505685
507060
506733
509745
513610
505685
510073
511841
510400
510990
512758
511317
510990
505685
505816
508959
505619
506733
509942
508370
506078
508370
507846
506798
506274
505488
509811
509942
504899
509221
510400
506274
509811
504637
507257
511710
506143
509680
505947
507453
510138
506929
509549
506340
509418
505161
505881
511055
510204
511972
509942
509287
506733
512169
507126
503785
504637
511972
505750
507257
509025
506209
508697
510793
505685
509352
506078
508501
509614
504768
503720
511514
505292
507060
504440
509614
508894
504637
506471
505226
509876
506995
507519
509483
510269
507388
509090
504571
510859
503392
507519
504899
510466
507257
502475
503327
510597
502934
504768
503392
505357
506078
502803
504768
506405
509811
502606
503458
501886
508501
507781
504244
501624
506798
505226
503196
501886
504833
506995
502410
507715
508501
505750
508501
507060
507715
501886
501493
503785
502214
509483
502017
506667
504637
503458
508174
507388
502410
508959
506602
507846
505030
505947
505619
501035
504768
503458
506471
501362
504702
504964
501690
503720
505554
504899
502345
508632
502148
506798
504440
505292
504571
500052
506078
503261
504702
505161
505357
501100
502410
501035
502737
507846
505161
500707
507781
505226
503916
506667
504571
501755
503327
506798
500052
500511
501428
500576
502999
504637
499528
503261
501690
500511
505685
504309
505161
504768
506471
503065
502410
500773
506405
504178
499659
504768
502737
500642
506536
501100
499266
501100
499921
505423
501035
501035
500773
505750
500380
499856
499725
506012
499135
505030
499397
502737
502999
499987
497891
503589
503589
503916
501035
502345
499987
501559
504571
498611
504833
504637
501755
501886
505357
498808
503065
502672
504440
502214
505357
502214
498284
497498
501166
498349
500314
501755
501886
505030
501690
502803
497498
496974
505226
499659
503654
498218
504113
498808
498808
499201
498742
499725
500314
502999
500249
503130
502803
497891
496843
503916
502214
498284
497367
498742
498480
502083
498480
503130
501035
499266
502083
501297
496253
500838
497629
501428
500969
502541
495992
500183
497760
498742
499004
496057
503851
498153
499004
498546
498873
497301
495533
498415
498873
499004
502606
497956
501559
497367
501035
498284
500576
500118
500904
498153
501100
502606
496319
495206
502279
499856
500380
501690
499528
496712
497563
496908
502803
496253
500642
502606
495533
498022
499921
499725
497367
498022
501755
500904
494289
497170
497956
495206
497760
501952
499070
500642
494289
502017
493765
493830
495206
494878
497956
501821
493830
498218
500052
498611
499135
500969
499463
499135
493830
494027
497170
493830
494944
498153
496581
494289
496581
496057
495009
494485
493699
498022
498153
493110
497432
498611
494485
498022
492848
495468
499921
494354
497891
494158
495664
498349
495140
497825
494551
497694
493372
494092
499266
498415
500183
498218
497563
494944
500380
495337
491996
492848
500183
493961
495468
497236
494485
496974
499004
493896
497563
494289
496712
497891
492979
491931
499725
493568
495271
492651
497891
497105
492913
494682
493503
498087
495206
495795
497694
498480
495664
497301
492848
499070
491603
495730
493175
498742
495533
490752
491603
498808
491210
493044
491669
493568
494354
491079
493044
494616
498022
490883
491734
490097
496777
496057
492520
489901
495075
493503
491472
490162
493110
495271
490686
495992
496777
494027
496777
495337
495992
490162
489770
492062
490490
497760
490293
494944
492913
491734
496450
495664
490686
497301
494878
496188
493306
494223
493896
489311
493044
491734
494747
489639
492979
493241
489966
491996
493830
493175
490621
496974
490424
495075
492717
493568
492848
488329
494420
491538
492979
493437
493699
489377
490752
489377
491079
496123
493503
489049
496057
493568
492258
494944
492848
490031
491669
495075
488329
488853
489704
488853
491341
492979
487870
491538
490031
488853
494027
492586
493503
493110
494813
491341
490752
489115
494747
492520
488001
493110
491079
488918
494878
489442
487608
489442
488263
493765
489377
489377
489115
494092
488722
488198
488067
494354
487477
493372
487739
491079
491341
488329
486233
491931
491931
492258
489377
490686
488329
489901
492913
486953
493175
492979
490097
490228
493699
487215
491472
491014
492782
490555
493699
490555
486626
485840
489508
486757
488722
490097
490228
493372
490097
491210
485840
485316
493634
488067
492062
486560
492520
487150
487150
487608
487150
488132
488722
491407
488656
491472
491145
486298
485185
492258
490621
486691
485774
487150
486822
490424
486822
491472
489442
487674
490490
489639
484595
489180
486036
489835
489377
490883
484399
488525
486167
487150
487412
484464
492258
486495
487412
486953
487281
485709
483940
486822
487281
487412
491014
486364
489966
485774
489442
486691
488984
488525
489311
486560
489508
491014
484726
483613
490686
488263
488787
490097
488001
485119
486036
485316
491210
484661
489115
491079
483940
486429
488329
488132
485774
486429
490162
489311
482696
485578
486364
483613
486233
490359
487543
489049
482762
490424
482238
482303
483679
483351
486364
490228
482303
486691
488525
487084
487608
489442
487936
487608
482303
482434
485578
482238
483351
486626
484988
482696
485054
484464
483482
482893
482172
486429
486626
481583
485905
487084
482958
486429
481321
483940
488394
482762
486364
482565
484137
486822
483613
486233
483024
486102
481845
482565
487739
486888
488656
486691
486036
483417
488853
483809
480469
481321
488656
482434
483940
485709
482958
485447
487477
482369
486036
482762
485185
486364
481452
480404
488198
482041
483809
481190
486364
485643
481386
483220
481976
486560
483744
484268
486233
486953
484137
485774
481321
487608
480142
484268
481648
487215
484006
479225
480076
487346
479749
481517
480142
482107
482827
479552
481517
483155
486560
479356
480207
478635
485316
484595
481059
478439
483613
481976
479945
478701
481648
483744
479225
484530
485316
482565
485316
483875
484464
478635
478308
480600
479028
486233
478832
483482
481452
480273
484988
484202
479225
485774
483417
484661
481845
482762
482434
477849
481583
480273
483286
478177
481517
481779
478504
480535
482369
481714
479159
485512
479028
483613
481255
482172
481386
476867
482958
480142
481517
482041
482238
477915
479290
477915
479618
484726
482041
477587
484595
482107
480797
483548
481452
478570
480207
483613
476933
477391
478308
477457
479880
481517
476409
480142
478570
477391
482565
481190
482107
481648
483351
479945
479356
477718
483286
481124
476540
481714
479618
477522
483417
478046
476147
477980
476802
482303
477980
477915
477718
482631
477326
476802
476605
482958
476016
481910
476343
479683
479945
476933
474837
480535
480535
480797
477980
479290
476933
478504
481517
475557
481779
481583
478701
478832
482303
475754
480076
479618
481386
479159
482303
479159
475295
474509
478111
475361
477326
478701
478897
482041
478701
479814
474444
473920
482238
476671
480666
475164
481124
475819
475754
476212
475754
476736
477326
480011
477260
480076
479814
474902
473854
480928
479225
475295
474378
475754
475492
479094
475492
480142
478046
476278
479094
478308
473265
477849
474640
478439
478046
479552
473003
477195
474837
475754
476016
473068
480928
475164
476081
475557
475950
474378
472544
475426
475885
476081
479618
475033
478570
474444
478111
475295
477653
477195
477980
475230
478177
479683
473396
472282
479356
476933
477457
478766
476605
473789
474640
473985
479880
473330
477718
479749
472610
475099
476998
476802
474444
475099
478832
477980
471366
474313
475033
472282
474902
479028
476212
477718
471431
479094
470907
470973
472348
472020
475099
478897
470973
475361
477195
475754
476278
478111
476605
476278
470973
471104
474247
470973
472086
475295
473723
471431
473723
473199
472151
471627
470842
475164
475295
470252
474640
475819
471627
475164
469990
472610
477064
471496
475099
471300
472872
475557
472282
474968
471758
474837
470514
471300
476474
475557
477391
475361
474706
472086
477587
472544
469204
470056
477391
471169
472675
474444
471627
474116
476212
471104
474771
471496
473920
475099
470187
469139
476933
470776
472479
469859
475099
474378
470121
471955
470711
475295
472413
473003
474968
475688
472872
474509
470056
476343
468877
473003
470383
475950
472741
467960
468811
476081
468484
470252
468942
470842
471627
468287
470318
471889
475295
468091
468942
467370
474051
473330
469794
467174
472348
470776
468746
467436
470383
472544
467960
473265
474051
471300
474051
472610
473265
467436
467043
469335
467763
475033
467567
472217
470187
469008
473723
472937
468025
474575
472217
473461
470580
471496
471235
466584
470318
469073
472086
466977
470318
470580
467305
469270
471169
470514
467960
474247
467763
472413
470056
470907
470187
465667
471758
468877
470318
470776
471038
466715
468091
466715
468418
473527
470842
466388
473396
470907
469597
472348
470252
467370
469008
472413
465733
466191
467108
466257
468680
470318
465209
468942
467370
466191
471366
469990
470907
470449
472151
468746
468156
466519
472151
469925
465340
470514
468418
466322
472282
466846
465013
466846
465667
471169
466781
466715
466519
471496
466126
465602
465471
471758
464882
470776
465144
468484
468811
465733
463637
469401
469335
469663
466846
468091
465733
467370
470318
464423
470645
470449
467501
467698
471169
464620
468877
468484
470252
468025
471169
468025
464096
463310
466977
464161
466126
467567
467698
470842
467567
468680
463310
462786
471104
465536
469532
464030
469990
464620
464620
465078
464620
465602
466191
468877
466126
468942
468680
463768
462720
469794
468091
464161
463244
464620
464358
467960
464358
469008
466977
465144
467960
467174
462131
466715
463506
467305
466912
468418
461934
466060
463703
464620
464947
462000
469794
464030
464947
464489
464816
463244
461476
464358
464816
464947
468549
463899
467501
463310
466977
464227
466584
466060
466846
464096
467043
468615
462262
461214
468222
465798
466322
467632
465536
462655
463572
462917
468746
462262
466650
468615
461541
464030
465864
465733
463310
464030
467763
466912
460297
463179
463965
461214
463834
467960
465144
466650
460362
468025
459838
459838
461279
460952
463965
467829
459904
464292
466126
464685
465209
467043
465536
465209
459904
460035
463179
459904
461017
464227
462655
460362
462655
462131
461083
460559
459773
464096
464227
459183
463572
464751
460559
464096
458922
461541
465995
460428
464030
460231
461803
464489
461214
463899
460690
463768
459445
460231
465405
464554
466322
464292
463637
461083
466519
461476
458136
458987
466322
460166
461672
463375
460624
463113
465209
460100
463703
460428
462917
464030
459118
458136
465929
459707
461476
458856
464096
463310
459052
460886
459707
464292
461410
462000
463899
464685
461869
463506
459052
465274
457808
462000
459380
464947
461738
456957
457808
465078
457415
459249
457874
459838
460559
457284
459249
460886
464292
457088
457939
456367
463048
462327
458791
456171
461345
459773
457743
456433
459380
461541
456957
462262
463048
460297
463048
461607
462262
456433
456040
458332
456760
464030
456564
461214
459249
458005
462720
461934
457022
463572
461214
462458
459642
460559
460231
455647
459380
458070
461083
455974
459314
459576
456302
458332
460166
459511
456957
463310
456826
461476
459052
459969
459183
454730
460755
457939
459380
459838
460035
455778
457088
455712
457415
462524
459838
455385
462458
459969
458660
461345
459249
456433
458070
461476
454730
455254
456105
455254
457743
459380
454271
458005
456433
455254
460428
459052
459904
459511
461214
457808
457219
455581
461148
458987
454402
459576
457481
455385
461279
455909
454075
455843
454730
460231
455843
455778
455581
460559
455188
454664
454533
460821
453944
459838
454206
457546
457874
454795
452700
458463
458463
458725
455909
457153
454861
456433
459380
453485
459707
459511
456629
456760
460231
453682
457939
457546
459314
457088
460231
457088
453158
452438
456040
453289
455254
456629
456826
459969
456629
457743
452372
451848
460166
454599
458594
453158
459052
453747
453747
454140
453682
454664
455254
458005
455254
458070
457743
452896
451783
458856
457153
453289
452372
453747
453420
457022
453420
458136
456040
454271
457088
456302
451193
455843
452634
456433
456040
457546
450997
455188
452830
453747
454009
451062
458922
453158
454075
453551
453944
452372
450604
453485
453944
454075
457677
453027
456629
452438
456105
453354
455647
455188
455974
453223
456171
457743
451390
450342
457350
454926
455450
456760
454664
451783
452700
452045
457874
451390
455778
457743
450669
453158
455057
454861
452503
453158
456891
456040
449425
452307
453092
450342
452961
457088
454271
455778
449490
457153
448966
449032
450407
450080
453158
457022
449032
453420
455254
453813
454402
456171
454664
454402
449097
449228
452372
449032
450145
453420
451783
449490
451848
451259
450276
449687
448966
453289
453420
448377
452700
453878
449752
453289
448115
450735
455188
449621
453223
449425
450997
453682
450407
453092
449883
452961
448639
449425
454599
453682
455516
453485
452830
450276
455712
450669
447329
448180
455516
449359
450866
452569
449818
452307
454402
449294
452896
449621
452110
453223
448311
447329
455123
448901
450669
448049
453289
452503
448246
450080
448901
453485
450604
451193
453092
453878
451062
452700
448246
454533
447001
451193
448573
454140
450931
446150
447067
454271
446674
448442
447132
449032
449818
446543
448508
450080
453485
446347
447198
445626
452241
451521
447984
445364
450538
448966
446936
445626
448639
450735
446216
451521
452307
449556
452307
450866
451455
445692
445299
447591
446019
453289
445823
450473
448442
447263
451979
451193
446281
452830
450473
451717
448835
449752
449490
444840
448573
447329
450342
445233
448573
448835
445561
447591
449425
448770
446216
452569
446085
450669
448311
449228
448442
443989
450014
447198
448639
449097
449294
445037
446347
444971
446674
451783
449097
444644
451717
449228
447918
450604
448508
445692
447329
450735
444054
444513
445430
444578
447001
448639
443530
447263
445692
444513
449687
448311
449228
448770
450473
447067
446478
444840
450473
448246
443727
448835
446805
444709
450604
445168
443334
445168
443989
449490
445168
445102
444840
449818
444513
443989
443792
450145
443203
449097
443530
446870
447132
444120
442024
447722
447722
448049
445168
446478
444120
445692
448704
442810
448966
448835
445888
446085
449490
443006
447263
446870
448639
446412
449556
446412
442482
441696
445364
442548
444578
445954
446150
449294
445954
447067
441696
441172
449490
443923
447918
442482
448377
443072
443072
443465
443006
443989
444578
447329
444578
447394
447067
442220
441107
448180
446543
442613
441696
443072
442744
446412
442810
447460
445364
443596
446412
445626
440583
445168
441958
445757
445364
446870
440386
444513
442155
443072
443399
440452
448246
442482
443399
442941
443268
441696
439928
442810
443268
443465
447001
442351
445954
441827
445495
442679
445037
444578
445364
442613
445561
447067
440779
439666
446739
444316
444840
446150
444054
441172
442089
441434
447263
440779
445168
447132
440059
442548
444382
444251
441827
442548
446281
445430
438815
441696
442482
439732
442351
446478
443661
445168
438880
446543
438356
438422
439797
439470
442548
446412
438422
442810
444644
443203
443727
445561
444054
443727
438487
438618
441762
438422
439535
442810
441172
438880
441238
440648
439666
439077
438356
442679
442810
437767
442089
443268
439142
442679
437505
440125
444578
439011
442613
438815
440386
443072
439797
442482
439273
442351
438094
438815
443989
443137
444906
442941
442286
439666
445102
440125
436784
437636
444906
438749
440256
442024
439208
441696
443792
438684
442351
439077
441500
442679
437767
436719
444513
438356
440125
437505
442679
441958
437701
439535
438291
442941
440059
440583
442548
443334
440517
442155
437701
443923
436457
440648
438029
443596
440386
435605
436457
443727
436129
437898
436588
438487
439273
435933
437963
439535
442941
435802
436653
435016
441696
440976
437439
434819
439994
438422
436391
435081
438094
440190
435671
440976
441762
439011
441762
440321
440910
435147
434754
437046
435474
442744
435278
439928
437898
436719
441434
440648
435736
442286
439928
441172
438356
439273
438946
434361
438094
436784
439797
434688
438029
438291
435016
437046
438880
438225
435671
442024
435540
440190
437767
438684
437898
433444
439470
436653
438094
438553
438815
434492
435867
434492
436195
441303
438618
434164
441172
438684
437374
440125
438029
435212
436784
440256
433510
434034
434885
434034
436522
438160
433051
436784
435212
434034
439208
437832
438684
438291
439994
436588
435998
434361
439928
437767
433182
438356
436260
434164
440125
434688
432855
434688
433510
439011
434623
434623
434361
439339
433968
433510
433313
439666
432724
438618
433051
436391
436653
433641
431545
437243
437243
437570
434688
435998
433641
435212
438225
432331
438553
438356
435409
435605
439077
432527
436784
436391
438160
435933
439077
435933
432069
431283
434885
432134
434099
435540
435671
438815
435474
436588
431283
430759
439011
433444
437439
432003
437898
432593
432593
433051
432593
433575
434164
436850
434099
436915
436653
431741
430693
437767
436064
432134
431217
432658
432331
435933
432331
436981
434950
433182
435998
435147
430104
434754
431545
435343
434885
436457
429907
434099
431741
432658
432920
429973
437832
432069
432986
432527
432855
431283
429514
432396
432855
433051
436588
431938
435540
431414
435016
432265
434623
434164
434950
432200
435147
436653
430366
429252
436326
433903
434426
435736
433641
430759
431676
431021
436850
430366
434754
436719
429645
432134
433968
433837
431479
432134
435867
435016
428401
431283
432069
429318
431938
436064
433248
434819
428466
436129
427943
428008
429383
429056
432134
435998
428073
432462
434230
432789
433379
435212
433706
433379
428073
428204
431348
428008
429187
432396
430824
428532
430824
430300
429252
428728
427943
432265
432462
427353
431741
432920
428794
432265
427157
429776
434230
428663
432265
428466
430038
432658
429449
432134
428925
432003
427681
428466
433641
432789
434557
432527
431872
429318
434754
429711
426371
427288
434557
428401
429907
431610
428859
431348
433444
428335
432003
428728
431152
432331
427419
426371
434164
428008
429776
427157
432331
431610
427353
429187
427943
432593
429711
430300
432200
432986
430169
431807
427353
433641
426109
430300
427681
433248
430038
425257
426109
433379
425781
427550
426240
428139
428925
425650
427615
429187
432658
425454
426305
424733
431348
430693
427157
424537
429711
428073
426109
424799
427746
429842
425323
430628
431414
428663
431414
430038
430628
424799
424406
426698
425192
432396
424930
429645
427615
426436
431152
430366
425388
432003
429645
430890
428008
428925
428663
424013
427746
426502
429514
424406
427746
428008
424733
426764
428597
427943
425388
431741
425257
429907
427484
428401
427615
423161
429187
426371
427812
428270
428466
424209
425585
424209
425912
431021
428335
423882
430890
428401
427091
429842
427746
424930
426502
429973
423227
423751
424602
423751
426240
427877
422768
426502
424930
423751
428925
427550
428466
428008
429711
426305
425716
424078
429711
427484
422965
428073
426043
423947
429842
424406
422572
424406
423227
428728
424406
424340
424144
429056
423751
423227
423096
429383
422506
428401
422768
426109
426436
423358
421262
427026
427026
427288
424471
425716
423423
424995
428008
422048
428270
428073
425192
425323
428794
422310
426567
426174
427943
425650
428859
425716
421786
421000
424668
421851
423816
425257
425388
428597
425257
426371
421000
420476
428794
423227
427222
421786
427681
422375
422375
422834
422375
423292
423947
426633
423882
426698
426436
421524
420476
427550
425847
421917
421000
422441
422113
425716
422113
426764
424733
422965
425781
424930
419887
424537
421328
425126
424733
426240
419690
423882
421524
422441
422768
419821
427615
421851
422768
422310
422637
421066
419297
422179
422637
422834
426371
421721
425323
421197
424864
422048
424406
423947
424733
421982
424930
426502
420149
419035
426109
423685
424209
425519
423423
420542
421459
420804
426633
420149
424537
426567
419428
421917
423816
423685
421262
421917
425716
424799
418249
421131
421917
419166
421721
425912
423096
424602
418315
425978
417791
417856
419232
418904
421982
425847
417856
422244
424078
422637
423227
424995
423554
423227
417922
418053
421197
417856
418970
422244
420673
418315
420673
420149
419101
418577
417791
422113
422310
417201
421590
422768
418642
422113
417005
419625
424078
418446
422113
418315
419887
422506
419297
421982
418773
421851
417529
418315
423489
422637
424406
422441
421786
419166
424602
419625
416284
417136
424406
418249
419756
421524
418708
421197
423292
418184
421851
418577
421000
422179
417267
416219
424013
417856
419625
417005
422244
421459
417201
419035
417856
422441
419559
420149
422048
422834
420018
421655
417201
423489
416022
420149
417529
423096
419952
415171
416022
423227
415629
417463
416088
418053
418773
415499
417529
419101
422506
415368
416153
414582
421262
420542
417005
414385
419559
417987
415957
414647
417660
419756
415237
420542
421328
418577
421328
419887
420542
414713
414320
416612
415106
422310
414844
419559
417529
416284
421066
420280
415302
421851
419559
420804
417922
418839
418577
413927
417660
416415
419428
414320
417660
417922
414647
416677
418511
417856
415302
421655
415171
419821
417398
418315
417529
413075
419101
416284
417725
418184
418446
414123
415499
414123
415826
420935
418249
413796
420869
418315
417005
419756
417660
414844
416481
419887
413141
413665
414582
413730
416153
417791
412682
416415
414909
413730
418904
417463
418380
417987
419690
416219
415629
413992
419625
417398
412879
418053
415957
413861
419756
414385
412551
414385
413206
418708
414320
414320
414058
419035
413665
413206
413010
419363
412420
418315
412748
416088
416350
413337
411241
417005
416939
417267
414451
415695
413403
414975
417987
412027
418249
418053
415171
415302
418773
412289
416546
416153
417922
415629
418839
415695
411765
410979
414647
411831
413796
415237
415368
418577
415237
416350
410979
410455
418773
413206
417201
411765
417660
412355
412355
412813
412355
413337
413927
416612
413861
416677
416415
411503
410455
417529
415826
411896
411045
412420
412093
415695
412093
416743
414713
412944
415760
414975
409931
414516
411307
415106
414713
416219
409735
413861
411503
412486
412748
409800
417594
411896
412813
412289
412682
411110
409342
412224
412682
412813
416415
411765
415368
411176
414844
412093
414451
413992
414778
412027
414975
416481
410128
409080
416153
413730
414254
415564
413468
410586
411503
410848
416677
410193
414582
416546
409473
411962
413861
413665
411307
411962
415695
414844
408294
411176
411962
409211
411765
415957
413075
414647
408294
416022
407836
407901
409277
408949
412027
415826
407901
412289
414123
412682
413272
415040
413599
413272
407967
408098
411241
407901
409015
412289
410717
408425
410717
410193
409146
408622
407836
412158
412355
407246
411634
412813
408687
412224
407050
409669
414123
408556
412158
408360
409931
412617
409342
412027
408818
411896
407639
408360
413534
412682
414451
412486
411831
409211
414713
409669
406329
407181
414516
408294
409800
411569
408818
411307
413403
408294
411896
408687
411110
412224
407377
406329
414123
407967
409669
407115
412289
411569
407312
409146
407901
412551
409669
410259
412158
412944
410128
411765
407312
413599
406067
410259
407639
413206
410062
405281
406133
413337
405740
407574
406198
408163
408884
405609
407574
409211
412617
405412
406264
404692
411372
410652
407115
404495
409669
408098
406067
404757
407770
409866
405347
410652
411438
408687
411438
409997
410652
404823
404430
406722
405216
412420
404954
409669
407639
406460
411176
410390
405412
412027
409669
410914
408032
408949
408687
404037
407836
406526
409538
404430
407770
408032
404757
406788
408622
407967
405412
411765
405281
409931
407574
408425
407705
403185
409277
406460
407901
408360
408556
404299
405609
404233
405936
411045
408360
403971
410979
408491
407181
409931
407836
405019
406591
410062
403316
403840
404692
403840
406329
407967
402858
406591
405019
403840
409015
407639
408556
408098
409800
406395
405805
404168
409800
407574
403055
408163
406133
404037
409931
404561
402662
404495
403382
408884
404495
404495
404233
409211
403840
403316
403185
409473
402596
408491
402924
406264
406526
403513
401417
407181
407115
407443
404626
405871
403578
405150
408163
402203
408425
408229
405347
405478
408949
402465
406722
406329
408098
405805
409015
405871
401941
401155
404823
402007
404037
405412
405609
408753
405412
406526
401221
400697
408949
403382
407377
401941
407836
402531
402531
402989
402531
403513
404102
406788
404037
406919
406591
401745
400631
407705
406067
402138
401221
402596
402334
405936
402334
406984
404954
403120
405936
405150
400107
404692
401548
405347
404888
406460
399911
404102
401745
402662
402989
400042
407836
402072
402989
402531
402858
401286
399518
402400
402858
403055
406591
402007
405543
401417
405085
402334
404626
404168
404954
402203
405150
406722
400369
399321
406395
403971
404495
405805
403709
400828
401745
401090
406919
400435
404823
406788
399714
402203
404102
403906
401548
402203
405936
405085
398535
401417
402203
399452
402007
406198
403382
404888
398601
406264
398077
398142
399518
399190
402269
406133
398142
402531
404364
402924
403513
405281
403840
403513
398208
398339
401483
398208
399321
402531
400959
398666
401024
400435
399452
398863
398142
402465
402596
397553
401876
403120
398928
402465
397291
399911
404364
398797
402400
398666
400173
402858
399649
402334
399125
402203
397880
398666
403840
402989
404757
402727
402138
399518
404954
399976
396636
397487
404757
398601
400107
401876
399059
401614
403644
398535
402203
398928
401417
402531
397618
396636
404430
398208
399976
397356
402596
401876
397618
399452
398208
402858
399976
400500
402465
403251
400435
402072
397618
403906
396374
400566
397946
403513
400369
395588
396440
403644
396047
397880
396505
398470
399190
395916
397880
399518
402924
395719
396571
394999
401679
400959
397422
394802
399976
398404
396374
395130
398077
400173
395654
400959
401745
398994
401745
400369
400959
395130
394737
397029
395523
402727
395326
399976
397946
396767
401483
400697
395785
402334
399976
401221
398404
399321
398994
394409
398142
396833
399911
394802
398142
398404
395130
397094
398994
398339
395785
402138
395654
400304
397880
398797
398011
393558
399583
396767
398208
398666
398928
394606
395981
394606
396309
401417
398732
394278
401352
398863
397553
400238
398142
395326
396963
400369
393689
394147
395064
394213
396702
398273
393165
396898
395392
394213
399387
398011
398863
398470
400173
396767
396178
394540
400173
397946
393427
398535
396505
394409
400304
394933
393034
394868
393754
399256
394868
394868
394606
399583
394213
393689
393558
399911
392968
398863
393296
396636
396898
393885
391789
397553
397553
397815
394999
396243
393951
395523
398535
392575
398797
398601
395719
395916
399321
392837
397094
396702
398470
396243
399387
396243
392379
391593
395261
392444
394409
395850
395981
399125
395785
396898
391593
391069
399387
393820
397815
392379
398273
392968
392968
393361
392968
393885
394540
397225
394475
397291
397029
392117
391069
398142
396440
392510
391658
393034
392706
396309
392706
397422
395326
393558
396374
395588
390545
395130
391986
395785
395326
396898
390349
394540
392117
393099
393361
390414
398273
392510
393427
392968
393296
391724
389956
392837
393296
393492
397029
392379
395981
391855
395523
392772
395064
394606
395392
392641
395588
397160
390807
389759
396833
394409
394933
396243
394147
391265
392182
391527
397356
390872
395261
397225
390152
392641
394540
394344
391986
392641
396440
395523
388973
391855
392641
389890
392510
396636
393820
395326
389039
396702
388515
388580
389956
389628
392706
396571
388646
393034
394868
393427
393951
395785
394278
393951
388646
388842
391986
388646
389759
393034
391396
389104
391462
390938
389890
389366
388580
392903
393099
387991
392379
393558
389432
392968
387794
390414
394868
389301
392903
389104
390676
393361
390087
392772
389563
392706
388384
389104
394344
393427
395195
393230
392575
390021
395457
390414
387074
387991
395261
389104
390611
392313
389563
392051
394147
389039
392706
389432
391855
393034
388122
387139
394933
388711
390480
387860
393099
392313
388122
389956
388711
393361
390480
391003
392968
393754
390938
392575
388122
394409
386877
391069
388449
394016
390872
386091
386943
394147
386550
388384
387008
388973
389694
386419
388449
390021
393427
386288
387139
385567
392182
391527
387991
385371
390545
388908
386943
385633
388580
390742
386157
391462
392248
389497
392313
390872
391462
385698
385305
387598
386026
393296
385829
390480
388515
387270
392051
391265
386288
392837
390480
391789
388908
389825
389563
384912
388646
387401
390414
385305
388646
388908
385633
387663
389497
388908
386353
392641
386157
390807
388449
389366
388580
384061
390152
387336
388777
389235
389432
385174
386550
385174
386877
391986
389301
384847
391920
389366
388056
390807
388711
385895
387532
390938
384258
384716
385633
384781
387270
388842
383734
387467
385960
384781
389956
388515
389432
389039
390742
387336
386746
385109
390742
388515
383996
389104
387074
384978
390872
385502
383603
385436
384323
389825
385436
385436
385174
390152
384781
384323
384127
390480
383537
389497
383865
387205
387532
384454
382358
388122
388122
388384
385567
386877
384520
386091
389104
383210
389366
389235
386288
386484
389956
383406
387729
387270
389039
386812
389956
386877
382948
382162
385829
383013
384978
386419
386615
389759
386419
387532
382162
381703
389956
384389
388384
382948
388842
383537
383537
383996
383537
384520
385109
387794
385109
387925
387598
382751
381638
388777
387074
383144
382227
383668
383341
386943
383341
387991
385960
384192
387008
386222
381179
385764
382555
386353
385960
387467
380983
385109
382751
383734
383996
381048
388908
383144
384061
383537
383930
382358
380590
383472
383930
384127
387663
383013
386615
382489
386157
383406
385698
385240
386026
383275
386222
387794
381441
380393
387467
385043
385567
386877
384781
381900
382817
382162
387991
381507
385895
387925
380786
383275
385174
385043
382620
383275
387074
386222
379607
382489
383275
380524
383144
387270
384454
386026
379673
387336
379149
379214
380655
380328
383341
387205
379280
383668
385502
384061
384650
386419
384978
384650
379345
379476
382620
379280
380459
383668
382096
379804
382162
381572
380590
380000
379280
383603
383734
378690
383079
384258
380066
383603
378428
381114
385567
379935
383537
379804
381376
384061
380786
383472
380262
383341
379083
379804
384978
384127
385895
383930
383275
380655
386157
381114
377774
378625
385960
379804
381310
383013
380262
382751
384847
379738
383406
380131
382555
383734
378821
377839
385633
379411
381179
378559
383799
383013
378821
380655
379411
384061
381179
381703
383668
384454
381638
383275
378821
385109
377643
381769
379149
384716
381572
376791
377643
384847
377250
379083
377708
379673
380393
377119
379149
380721
384192
376988
377839
376267
382948
382227
378690
376071
381245
379673
377643
376333
379345
381441
376922
382227
383013
380262
383013
381572
382227
376398
376005
378298
376791
383996
376595
381245
379214
378036
382751
381965
377053
383603
381245
382489
379673
380590
380262
375678
379411
378101
381179
376071
379411
379673
376398
378428
380262
379607
377053
383406
376922
381572
379214
380066
379345
374826
380917
378101
379542
380000
380197
375940
377250
375874
377577
382686
380066
375612
382620
380131
378821
381572
379476
376660
378298
381703
374957
375481
376398
375547
378036
379607
374499
378232
376726
375547
380721
379280
380197
379804
381507
378101
377512
375874
381507
379280
374761
379869
377839
375743
381638
376267
374433
376267
375088
380590
376202
376202
375940
380917
375612
375088
374892
381245
374368
380262
374630
377970
378298
375285
373189
378887
378887
379214
376333
377643
375285
376857
379869
373975
380197
380000
377119
377250
380721
374237
378494
378101
379869
377643
380786
377643
373713
372927
376595
373844
375809
377250
377381
380524
377184
378298
372992
372468
380786
375219
379214
373778
379673
374368
374368
374826
374368
375350
375940
378625
375874
378756
378428
373516
372468
379542
377905
373975
373058
374433
374171
377774
374171
378821
376791
375023
377839
377053
371945
376595
373385
377184
376791
378298
371814
375940
373582
374564
374826
371879
379673
373975
374892
374368
374761
373189
371421
374302
374761
374957
378494
373844
377446
373320
376988
374237
376529
376071
376857
374171
377053
378625
372272
371224
378298
375874
376398
377708
375612
372730
373647
372992
378821
372337
376726
378756
371617
374106
376005
375874
373451
374171
377905
377053
370438
373385
374106
371355
373975
378101
375285
376857
370504
378232
370045
370111
371486
371159
374237
378101
370111
374564
376333
374892
375481
377315
375809
375481
370176
370373
373516
370176
371290
374564
372927
370635
372992
372468
371421
370897
370111
374433
374630
369587
373909
375088
370962
374499
369325
371945
376398
370831
374433
370635
372206
374892
371683
374368
371159
374237
369914
370700
375874
375023
376791
374826
374171
371552
376988
372010
368670
369521
376857
370635
372206
373909
371159
373647
375743
370635
374302
371028
373451
374630
369718
368670
376464
370307
372076
369456
374695
373909
369718
371552
370307
374957
372076
372599
374564
375350
372534
374171
369718
376005
368539
372665
370045
375612
372468
367687
368539
375809
368146
369980
368670
370569
371355
368080
370045
371683
375088
367884
368735
367163
373844
373123
369587
366967
372141
370569
368539
367229
370242
372337
367818
373123
373909
371159
373975
372534
373123
367294
366967
369259
367687
374957
367491
372141
370176
368932
373713
372927
367949
374499
372206
373451
370569
371486
371224
366574
370373
369063
372076
366967
370373
370635
367360
369325
371224
370569
368015
374368
367884
372534
370111
371028
370242
365788
371814
368997
370438
370897
371159
366901
368211
366836
368539
373647
370962
366574
373582
371093
369783
372534
370438
367622
369194
372665
365919
366443
367360
366508
368932
370569
365461
369194
367687
366508
371683
370242
371159
370766
372468
369063
368473
366836
372468
370242
365723
370831
368801
366705
372599
367229
365395
367229
366050
371552
367163
367163
366901
371879
366574
366050
365919
372206
365330
371224
365592
368997
369259
366246
364151
369849
369849
370176
367360
368604
366312
367884
370897
364937
371159
370962
368080
368277
371683
365199
369456
369063
370831
368604
371748
368604
364740
363954
367622
364806
366770
368211
368342
371552
368211
369325
363954
363496
371748
366181
370176
364740
370700
365395
365395
365788
365330
366312
366901
369652
366901
369718
369456
364544
363496
370569
368866
364937
364085
365461
365133
368801
365199
369849
367818
365984
368801
368015
362972
367556
364413
368211
367818
369325
362841
366967
364609
365526
365854
362906
370700
365002
365919
365395
365788
364216
362448
365330
365788
365984
369521
364871
368473
364347
368015
365264
367556
367098
367884
365199
368146
369652
363299
362251
369325
366901
367425
368735
366639
363758
364675
364020
369914
363365
367818
369783
362710
365199
367032
366901
364544
365199
368932
368080
361465
364413
365199
362448
365002
369194
366377
367884
361596
369259
361072
361138
362513
362186
365264
369128
361203
365592
367425
365984
366508
368342
366836
366574
361269
361400
364544
361203
362317
365592
364020
361727
364085
363496
362513
361924
361203
365526
365657
360614
365002
366181
361989
365526
360417
363037
367491
361924
365526
361727
363299
365984
362710
365395
362186
365330
361007
361727
366967
366050
367884
365854
365264
362644
368080
363103
359762
360614
367949
361727
363234
365002
362251
364740
366836
361727
365330
362120
364544
365723
360810
359762
367556
361400
363168
360548
365788
365002
360810
362644
361400
366050
363168
363692
365657
366443
363627
365264
360810
367098
359632
363758
361138
366705
363561
358780
359632
366901
359304
361072
359762
361662
362448
359173
361138
362775
366181
358977
359828
358256
364937
364216
360679
358060
363234
361662
359697
358387
361334
363496
358911
364216
365002
362251
365068
363627
364216
358453
358060
360352
358780
366050
358584
363299
361269
360090
364806
364020
359108
365657
363299
364544
361727
362644
362317
357732
361465
360155
363234
358125
361465
361727
358453
360483
362317
361662
359108
365461
358977
363627
361269
362186
361400
356881
362972
360155
361596
362055
362251
357994
359370
357994
359697
364806
362120
357667
364740
362251
360941
363692
361596
358780
360352
363823
357077
357601
358453
357667
360090
361727
356619
360352
358846
357667
362841
361400
362317
361924
363627
360221
359632
357994
363627
361400
356881
361989
359959
357863
363758
358387
356553
358387
357208
362710
358387
358322
358125
363037
357732
357208
357077
363365
356488
362382
356815
360155
360417
357405
355309
361072
361007
361334
358518
359762
357470
359042
362055
356160
362317
362186
359239
359435
362906
356357
360679
360221
361989
359762
362906
359828
355898
355112
358780
356029
357994
359370
359566
362710
359370
360483
355178
354654
362972
357405
361400
355964
361858
356553
356553
357012
356553
357536
358125
360810
358060
360941
360614
355767
354654
361793
360090
356160
355243
356684
356357
359959
356357
361007
358977
357208
360024
359239
354195
358780
355636
359435
358977
360548
353999
358191
355833
356750
357077
354130
361924
356226
357077
356619
357012
355440
353671
356553
357012
357143
360745
356095
359697
355571
359239
356422
358780
358322
359108
356357
359304
360876
354523
353475
360548
358125
358649
359959
357863
354981
355898
355243
361138
354588
359042
361007
353933
356422
358256
358125
355767
356422
360155
359304
352755
355636
356422
353671
356291
360417
357601
359108
352820
360483
352296
352362
353737
353410
356488
360352
352427
356815
358649
357208
357798
359566
358125
357798
352493
352624
355767
352493
353606
356815
355243
352951
355309
354719
353737
353213
352427
356750
356946
351838
356226
357405
353279
356815
351641
354261
358715
353148
356750
353017
354523
357208
353999
356684
353475
356553
352231
353017
358191
357339
359108
357143
356488
353868
359370
354326
350986
351903
359173
353017
354523
356291
353475
356029
358060
353017
356619
353410
355833
356946
352100
351052
358846
352689
354457
351838
357012
356291
352034
353868
352689
357274
354457
354981
356946
357732
354916
356553
352100
358387
350921
355047
352427
357994
354850
350069
350921
358191
350593
352362
351052
352951
353737
350462
352427
354064
357470
350266
351117
349545
356226
355505
351969
349349
354523
352951
350986
349676
352624
354785
350266
355571
356357
353606
356357
354916
355571
349742
349349
351641
350135
357339
349938
354588
352558
351379
356095
355309
350397
356946
354588
355833
353017
353933
353671
349021
352755
351510
354523
349414
352755
353082
349807
351772
353671
353017
350462
356815
350331
354981
352558
353475
352689
348235
354326
351445
352886
353410
353606
349349
350659
349283
350986
356095
353475
349021
356029
353540
352231
354981
352886
350069
351707
355112
348432
348956
349807
348956
351445
353082
347973
351707
350135
348956
354195
352755
353671
353279
354981
351576
350986
349349
354916
352755
348235
353344
351314
349218
355112
349742
347842
349676
348563
354064
349676
349676
349414
354392
349087
348563
348432
354719
347842
353737
348170
351510
351772
348759
346664
352427
352362
352689
349873
351117
348825
350397
353410
347515
353671
353540
350593
350790
354261
347711
352034
351641
353410
351117
354326
351183
347253
346467
350135
347384
349349
350790
350921
354064
350724
351903
346533
346009
354326
348759
352755
347319
353213
347908
347908
348366
347908
348890
349480
352231
349480
352296
352034
347122
346074
353148
351445
347515
346664
348039
347711
351379
347777
352427
350397
348563
351379
350593
345550
350200
346991
350790
350397
351903
345419
349545
347188
348170
348432
345485
353344
347580
348497
348039
348366
346795
345026
347908
348366
348563
352165
347515
351117
346926
350593
347842
350200
349742
350528
347777
350724
352296
345943
344895
351903
349545
350069
351379
349283
346402
347319
346664
352493
346009
350397
352427
345354
347777
349676
349545
347188
347842
351576
350724
344109
347057
347842
345092
347711
351838
349021
350528
344240
351903
343716
343782
345223
344830
347908
351772
343847
348235
350069
348628
349218
350986
349545
349218
343913
344044
347253
343913
345026
348301
346664
344371
346729
346205
345157
344633
343913
348170
348366
343323
347646
348825
344699
348235
343061
345681
350200
344568
348235
344437
346009
348694
345419
348104
344895
348039
343716
344437
349676
348759
350593
348563
347973
345354
350790
345812
342472
343323
350659
344437
346009
347711
344961
347449
349545
344437
348104
344830
347253
348432
343520
342537
350331
344175
345878
343258
348497
347777
343520
345354
344175
348759
345878
346467
348432
349218
346402
348039
343520
349807
342341
346533
343913
349480
346336
341555
342406
349611
342013
343847
342472
344437
345223
341948
343913
345550
348956
341751
342603
341031
347711
346991
343454
340835
346009
344437
342472
341162
344109
346271
341751
347057
347777
345092
347842
346402
347057
341227
340835
343127
341620
348825
341424
346074
344044
342865
347580
346795
341882
348432
346074
347384
344502
345419
345157
340507
344306
342996
346009
340900
344306
344568
341293
343258
345157
344502
341948
348301
341817
346467
344109
344961
344240
339721
345812
342996
344437
344895
345092
340835
342210
340835
342537
347646
344961
340507
347580
345092
343782
346533
344437
341620
343192
346664
339918
340442
341358
340507
342930
344568
339459
343192
341686
340507
345681
344306
345223
344764
346467
343061
342472
340835
346467
344306
339721
344895
342799
340704
346664
341227
339394
341227
340049
345550
341227
341227
340966
345943
340573
340114
339918
346271
339394
345288
339656
342996
343323
340311
338215
343913
343913
344240
341424
342668
340376
341948
344961
339001
345223
345026
342144
342341
345812
339263
343585
343127
344961
342668
345878
342734
338804
338018
341686
338935
340900
342341
342472
345616
342275
343454
338084
337560
345878
340311
344306
338870
344764
339459
339459
339918
339459
340442
341031
343782
341031
343847
343585
338673
337625
344699
342996
339132
338215
339590
339328
342930
339328
343978
341948
340180
342996
342210
337167
341751
338542
342341
341948
343520
336970
341162
338804
339721
340049
337101
344895
339132
340049
339590
339983
338411
336643
339525
339983
340180
343716
339066
342668
338542
342210
339459
341817
341358
342144
339394
342341
343847
337560
336446
343520
341097
341686
342930
340835
338018
338935
338280
344109
337625
342013
343978
336905
339394
341293
341162
338739
339394
343192
342341
335726
338673
339394
336643
339263
343454
340573
342144
335857
343520
335333
335398
336774
336446
339525
343389
335464
339852
341686
340245
340835
342603
341162
340835
335529
335660
338804
335529
336643
339918
338280
335988
338346
337822
336774
336250
335464
339787
339983
334940
339263
340442
336315
339852
334678
337298
341817
336184
339852
336053
337625
340311
337036
339721
336512
339656
335333
336053
341293
340376
342210
340245
339590
336970
342406
337429
334089
334940
342275
336119
337625
339328
336577
339066
341162
336053
339721
336446
338935
340049
335202
334154
341948
335791
337560
334940
340114
339394
335136
336970
335791
340442
337560
338084
340049
340835
338018
339656
335202
341489
334023
338149
335595
341162
337953
333172
334023
341293
333696
335529
334154
336119
336839
333565
335595
337167
340573
333434
334285
332713
339328
338673
335136
332517
337691
336119
334089
332779
335791
337887
333368
338673
339459
336708
339525
338084
338673
332910
332517
334809
333237
340507
333041
337756
335726
334547
339263
338477
333565
340114
337756
339001
336184
337101
336839
332189
335922
334678
337691
332582
335922
336250
332975
334940
336839
336184
333630
339983
333499
338149
335791
336643
335922
331403
337494
334678
336119
336577
336774
332517
333892
332517
334220
339328
336643
332189
339263
336774
335464
338215
336119
333303
334875
338346
331600
332124
333041
332189
334678
336250
331141
334875
333368
332189
337363
335988
336905
336512
338215
334809
334154
332582
338149
335988
331469
336577
334547
332451
338346
332975
331076
332910
331796
337298
332910
332910
332713
337625
332320
331796
331665
337953
331076
336970
331403
334744
335005
331993
329897
335660
335660
335922
333106
334416
332058
333630
336643
330748
336970
336774
333892
334023
337494
331010
335267
334875
336643
334416
337560
334482
330552
329766
333434
330617
332648
334023
334220
337363
334023
335136
329831
329307
337625
332058
336053
330617
336512
331207
331207
331665
331207
332189
332779
335529
332779
335595
335333
330421
329373
336446
334744
330879
329962
331338
331076
334678
331076
335726
333696
331927
334744
333958
328914
333499
330290
334089
333696
335267
328718
332910
330552
331469
331796
328849
336643
330945
331796
331338
331731
330159
328391
331272
331731
331927
335464
330879
334416
330290
333958
331207
333565
333106
333892
331141
334089
335595
329307
328260
335267
332910
333434
334744
332648
329766
330683
330028
335857
329373
333761
335791
328718
331141
333041
332910
330552
331207
334940
334089
327539
330421
331207
328456
331076
335202
332386
333958
327605
335267
327146
327146
328587
328260
331338
335202
327212
331665
333434
332058
332582
334416
332910
332582
327343
327474
330617
327277
328391
331665
330093
327801
330159
329569
328587
327998
327277
331600
331796
326688
331076
332255
328129
331665
326491
329111
333565
327998
331600
327867
329438
332124
328849
331534
328325
331403
327146
327867
333106
332189
334023
331993
331403
328783
334220
329242
325902
326753
334089
327932
329438
331141
328391
330879
332975
327867
331534
328260
330748
331862
327015
325967
333761
327605
329373
326753
331927
331207
326950
328783
327605
332255
329373
329897
331862
332648
329831
331469
327015
333303
325836
329962
327408
332975
329766
324985
325902
333106
325509
327343
325967
327932
328653
325378
327408
328980
332451
325247
326098
324526
331207
330486
326950
324330
329504
327932
325967
324657
327605
329766
325247
330552
331338
328587
331338
329897
330552
324723
324330
326622
325116
332386
324919
329569
327539
326360
331141
330355
325378
331993
329635
330879
327998
328980
328653
324068
327801
326491
329569
324461
327801
328063
324788
326819
328653
328063
325509
331796
325312
329962
327605
328522
327736
323282
329373
326491
327998
328456
328653
324395
325705
324395
326098
331207
328522
324068
331141
328653
327343
330093
327998
325181
326753
330224
323478
324002
324919
324068
326491
328129
323020
326753
325247
324068
329242
327867
328783
328391
330093
326622
326033
324461
330028
327867
323347
328456
326426
324330
330224
324854
323020
324854
323675
329176
324854
324788
324592
329504
324199
323675
323544
329831
322954
328849
323282
326622
326950
323871
321776
327539
327539
327867
324985
326295
323937
325574
328587
322627
328849
328653
325771
325967
329438
322889
327212
326753
328522
326295
329504
326360
322431
321645
325312
322561
324526
325967
326098
329242
325967
327081
321710
321186
329504
323937
327932
322496
328456
323151
323151
323544
323151
324068
324723
327408
324657
327539
327212
322365
321252
328325
326688
322758
321841
323282
322954
326557
322954
327670
325574
323806
326622
325836
320793
325443
322234
326033
325640
327146
320662
324788
322431
323413
323675
320728
328587
322823
323740
323282
323675
322103
320335
323216
323675
323871
327408
322758
326360
322234
325902
323151
325509
325050
325836
323085
326033
327539
321252
320204
327212
324854
325378
326688
324592
321710
322627
321972
327801
321317
325705
327736
320662
323085
324985
324854
322496
323151
326884
326033
319483
322365
323151
320400
323020
327146
324330
325902
319549
327277
319090
319156
320531
320204
323282
327146
319221
323609
325443
324002
324526
326360
324854
324592
319287
319418
322561
319287
320400
323609
322038
319745
322103
321579
320531
320007
319221
323544
323740
318697
323020
324264
320073
323609
318435
321121
325574
320007
323609
319811
321383
324068
320859
323544
320335
323413
319090
319876
325050
324199
325967
324002
323347
320728
326229
321186
317846
318763
326033
319876
321383
323151
320400
322889
324985
319876
323544
320269
322692
323871
318959
317977
325771
319614
321317
318697
323937
323216
318959
320793
319614
324199
321317
321907
323871
324657
321841
323478
319025
325312
317846
321972
319418
324985
321776
316994
317846
325116
317518
319352
317977
319942
320662
317387
319418
320990
324461
317256
318108
316536
323216
322496
318959
316339
321514
319942
317911
316667
319614
321776
317256
322561
323347
320597
323347
321907
322561
316732
316339
318632
317125
324395
316929
321579
319614
318370
323151
322365
317387
324002
321645
322889
320073
320990
320662
316078
319811
318566
321579
316470
319811
320138
316863
318828
320728
320073
317518
323871
317387
322038
319614
320531
319811
315292
321383
318566
320007
320466
320662
316405
317780
316405
318108
323216
320531
316143
323151
320662
319352
322103
320007
317191
318828
322234
315554
316012
316929
316078
318566
320204
315095
318828
317322
316143
321317
319876
320793
320400
322103
318697
318108
316470
322103
319876
315357
320531
318435
316339
322300
316863
315030
316863
315750
321252
316863
316863
316601
321579
316274
315750
315619
321907
315030
320924
315357
318697
318959
315947
313851
319614
319614
319876
317060
318370
316012
317584
320597
314702
320924
320728
317846
318042
321448
314964
319221
318828
320597
318370
321514
318435
314506
313720
317387
314637
316601
318042
318173
321317
318042
319156
313785
313261
321579
316012
320007
314571
320531
315226
315226
315619
315226
316143
316798
319483
316732
319614
319287
314440
