IEC 61083-2 TDG Version 2.1.0
Data File Version  2.1.0
12 LI-A12
16 bits, 25995 samples at 10ns
1.000000e-008
0.00
0.00
0.00
0.00
0.00
0.00
0.00
0.00
0.00
0.00
0.00
0.00
0.00
0.00
0.00
0.00
0.00
0.00
0.00
0.00
0.00
0.00
0.00
0.00
0.00
0.00
0.00
0.00
0.00
0.00
0.00
0.00
0.00
0.00
0.00
0.00
0.00
0.00
0.00
0.00
0.00
0.00
0.00
0.00
0.00
0.00
0.00
0.00
0.00
0.00
0.00
0.00
0.00
0.00
0.00
0.00
0.00
0.00
0.00
0.00
0.00
0.00
0.00
0.00
0.00
0.00
0.00
0.00
0.00
0.00
0.00
0.00
0.00
0.00
0.00
0.00
0.00
0.00
0.00
0.00
0.00
0.00
0.00
0.00
0.00
0.00
0.00
0.00
0.00
0.00
0.00
0.00
0.00
0.00
0.00
0.00
0.00
0.00
0.00
0.00
0.00
0.00
0.00
0.00
0.00
0.00
0.00
0.00
0.00
0.00
0.00
0.00
0.00
0.00
0.00
0.00
0.00
0.00
0.00
0.00
0.00
0.00
0.00
0.00
0.00
0.00
0.00
0.00
0.00
0.00
0.00
0.00
0.00
0.00
0.00
0.00
0.00
0.00
0.00
0.00
0.00
0.00
0.00
0.00
0.00
0.00
0.00
0.00
0.00
0.00
0.00
0.00
0.00
0.00
0.00
0.00
0.00
0.00
0.00
0.00
0.00
0.00
0.00
0.00
0.00
0.00
0.00
0.00
0.00
0.00
0.00
0.00
0.00
0.00
0.00
0.00
0.00
0.00
0.00
0.00
0.00
0.00
0.00
0.00
0.00
0.00
0.00
0.00
0.00
0.00
0.00
0.00
0.00
0.00
0.00
0.00
0.00
0.00
0.00
0.00
0.00
0.00
0.00
0.00
0.00
0.00
0.00
0.00
0.00
0.00
0.00
0.00
0.00
0.00
0.00
0.00
0.00
0.00
0.00
0.00
0.00
0.00
0.00
0.00
0.00
0.00
0.00
0.00
0.00
0.00
0.00
0.00
0.00
0.00
0.00
0.00
0.00
0.00
0.00
0.00
0.00
0.00
0.00
0.00
0.00
0.00
0.00
0.00
0.00
0.00
0.00
0.00
0.00
0.00
0.00
0.00
0.00
0.00
0.00
0.00
0.00
0.00
0.00
0.00
0.00
0.00
0.00
0.00
0.00
0.00
0.00
0.00
0.00
0.00
0.00
0.00
0.00
0.00
0.00
0.00
0.00
0.00
0.00
0.00
0.00
0.00
0.00
0.00
0.00
0.00
0.00
0.00
0.00
0.00
0.00
0.00
0.00
0.00
0.00
0.00
0.00
0.00
0.00
0.00
0.00
0.00
0.00
0.00
0.00
0.00
0.00
0.00
0.00
0.00
0.00
0.00
0.00
0.00
0.00
0.00
0.00
0.00
0.00
0.00
0.00
0.00
0.00
0.00
0.00
0.00
0.00
0.00
0.00
0.00
0.00
0.00
0.00
0.00
0.00
0.00
0.00
0.00
0.00
0.00
0.00
0.00
0.00
0.00
0.00
0.00
0.00
0.00
0.00
0.00
0.00
0.00
0.00
0.00
0.00
0.00
0.00
0.00
0.00
0.00
0.00
0.00
0.00
0.00
0.00
0.00
0.00
0.00
0.00
0.00
0.00
0.00
0.00
0.00
0.00
0.00
0.00
0.00
0.00
0.00
0.00
0.00
0.00
0.00
0.00
0.00
0.00
0.00
0.00
0.00
0.00
0.00
0.00
0.00
0.00
0.00
0.00
0.00
0.00
0.00
0.00
0.00
0.00
0.00
0.00
0.00
0.00
0.00
0.00
0.00
0.00
0.00
0.00
0.00
0.00
0.00
0.00
0.00
0.00
0.00
0.00
0.00
0.00
0.00
0.00
0.00
0.00
0.00
0.00
0.00
0.00
0.00
0.00
0.00
0.00
0.00
0.00
0.00
0.00
0.00
0.00
0.00
0.00
0.00
0.00
0.00
0.00
0.00
0.00
0.00
0.00
0.00
0.00
0.00
0.00
0.00
0.00
0.00
0.00
0.00
0.00
0.00
0.00
0.00
0.00
0.00
0.00
0.00
0.00
0.00
0.00
0.00
0.00
0.00
0.00
0.00
0.00
0.00
0.00
0.00
0.00
0.00
0.00
0.00
0.00
0.00
0.00
0.00
0.00
0.00
0.00
0.00
0.00
0.00
0.00
0.00
0.00
0.00
0.00
0.00
0.00
0.00
0.00
0.00
0.00
0.00
0.00
0.00
0.00
0.00
0.00
0.00
0.00
0.00
0.00
0.00
0.00
0.00
0.00
0.00
0.00
0.00
0.00
0.00
0.00
0.00
0.00
0.00
0.00
0.00
0.00
0.00
0.00
0.00
0.00
0.00
0.00
0.00
0.00
0.00
0.00
0.00
0.00
0.00
0.00
0.00
0.00
0.00
0.00
0.00
0.00
0.00
0.00
0.00
0.00
0.00
0.00
0.00
0.00
0.00
0.00
0.00
0.00
0.00
0.00
0.00
0.00
0.00
0.00
0.00
0.00
0.00
0.00
0.00
0.00
0.00
0.00
0.00
0.00
0.00
0.00
0.00
0.00
0.00
0.00
0.00
0.00
0.00
0.00
0.00
0.00
0.00
0.00
0.00
0.00
0.00
0.00
0.00
0.00
0.00
0.00
0.00
0.00
0.00
0.00
0.00
0.00
0.00
0.00
0.00
0.00
0.00
0.00
0.00
0.00
0.00
0.00
0.00
0.00
0.00
0.00
0.00
0.00
0.00
0.00
0.00
0.00
0.00
0.00
0.00
0.00
0.00
0.00
0.00
0.00
0.00
0.00
0.00
0.00
0.00
0.00
0.00
0.00
0.00
0.00
0.00
0.00
0.00
0.00
0.00
0.00
0.00
0.00
0.00
0.00
0.00
0.00
0.00
0.00
0.00
0.00
0.00
0.00
0.00
0.00
0.00
0.00
0.00
0.00
0.00
0.00
0.00
0.00
0.00
0.00
0.00
0.00
0.00
0.00
0.00
0.00
0.00
0.00
0.00
0.00
0.00
0.00
0.00
0.00
0.00
0.00
0.00
0.00
0.00
0.00
0.00
0.00
0.00
0.00
0.00
0.00
0.00
0.00
0.00
0.00
0.00
0.00
0.00
0.00
0.00
0.00
0.00
0.00
0.00
0.00
0.00
0.00
0.00
0.00
0.00
0.00
0.00
0.00
0.00
0.00
0.00
0.00
0.00
0.00
0.00
0.00
0.00
0.00
0.00
0.00
0.00
0.00
0.00
0.00
0.00
0.00
0.00
0.00
0.00
0.00
0.00
0.00
0.00
0.00
0.00
0.00
0.00
0.00
0.00
0.00
0.00
0.00
0.00
0.00
0.00
0.00
0.00
0.00
0.00
0.00
0.00
0.00
0.00
0.00
0.00
0.00
0.00
0.00
0.00
0.00
0.00
0.00
0.00
0.00
0.00
0.00
0.00
0.00
0.00
0.00
0.00
0.00
0.00
0.00
0.00
0.00
0.00
0.00
0.00
0.00
0.00
0.00
0.00
0.00
0.00
0.00
0.00
0.00
0.00
0.00
0.00
0.00
0.00
0.00
0.00
0.00
0.00
0.00
0.00
0.00
0.00
0.00
0.00
0.00
0.00
0.00
0.00
0.00
0.00
0.00
0.00
0.00
0.00
0.00
0.00
0.00
0.00
0.00
0.00
0.00
0.00
0.00
0.00
0.00
0.00
0.00
0.00
0.00
0.00
0.00
0.00
0.00
0.00
0.00
0.00
0.00
0.00
0.00
0.00
0.00
0.00
0.00
0.00
0.00
0.00
0.00
0.00
0.00
0.00
0.00
0.00
0.00
0.00
0.00
0.00
0.00
0.00
0.00
0.00
0.00
0.00
0.00
0.00
0.00
0.00
0.00
0.00
0.00
0.00
0.00
0.00
0.00
0.00
0.00
0.00
0.00
0.00
0.00
0.00
0.00
0.00
0.00
0.00
0.00
0.00
0.00
0.00
0.00
0.00
0.00
0.00
0.00
0.00
0.00
0.00
0.00
0.00
0.00
0.00
0.00
0.00
0.00
0.00
0.00
0.00
0.00
0.00
0.00
0.00
0.00
0.00
0.00
0.00
0.00
0.00
0.00
0.00
0.00
0.00
0.00
0.00
0.00
0.00
0.00
0.00
0.00
0.00
0.00
0.00
0.00
0.00
0.00
0.00
0.00
0.00
0.00
0.00
0.00
0.00
0.00
0.00
0.00
0.00
0.00
0.00
0.00
0.00
0.00
0.00
0.00
0.00
0.00
0.00
0.00
0.00
0.00
0.00
0.00
0.00
0.00
0.00
0.00
0.00
0.00
0.00
0.00
0.00
0.00
0.00
0.00
0.00
0.00
0.00
0.00
0.00
0.00
0.00
0.00
0.00
0.00
0.00
0.00
131.52
514.26
1124.53
1939.97
2939.55
4106.17
5422.72
6869.48
8434.61
10101.01
11852.91
13682.40
15572.40
17515.00
19497.06
21512.00
23549.30
25601.07
27660.73
29719.08
31772.16
33810.78
35833.61
37835.40
39809.57
41753.49
43664.52
45538.74
47372.18
49166.16
50915.42
52618.65
54278.48
55887.01
57448.20
58960.72
60423.26
61834.51
63197.10
64511.02
65772.33
66986.29
68151.59
69268.23
70336.20
71358.14
72332.73
73263.91
74150.38
74993.45
75794.43
76553.32
77274.07
77955.36
78601.14
79210.10
79782.22
80321.47
80827.84
81303.95
81749.82
82165.43
82553.43
82916.43
83251.82
83562.21
83851.56
84117.24
84360.56
84585.47
84791.96
84978.72
85148.39
85303.59
85443.00
85566.63
85677.11
85774.44
85858.61
85932.27
85994.08
86048.01
86092.73
86126.92
86154.54
86174.27
86186.11
86192.68
86194.00
86187.42
86178.22
86161.12
86142.71
86120.35
86094.04
86065.11
86033.54
85999.35
85961.20
85923.06
85882.29
85841.52
85798.11
85754.71
85708.68
85665.28
85619.24
85571.89
85525.86
85478.51
85432.48
85386.45
85340.41
85295.69
85249.66
85204.94
85161.54
85118.14
85074.73
85031.33
84991.87
84951.10
84911.64
84872.19
84834.05
84795.90
84759.08
84724.88
84690.69
84656.49
84623.61
84590.73
84560.48
84528.91
84499.98
84471.04
84443.42
84415.80
84390.81
84364.51
84340.83
84317.16
84293.48
84271.12
84247.45
84227.72
84206.68
84185.63
84165.91
84147.49
84129.08
84111.98
84094.88
84076.47
84060.69
84044.90
84029.12
84014.65
83998.87
83984.40
83969.94
83956.78
83943.63
83930.48
83917.33
83904.17
83892.34
83880.50
83868.66
83855.51
83844.99
83833.15
83822.63
83812.11
83800.27
83789.75
83779.23
83770.02
83758.18
83747.66
83738.45
83727.93
83718.73
83708.20
83699.00
83688.48
83677.95
83668.75
83659.54
83650.33
83641.13
83629.29
83620.08
83610.88
83601.67
83592.46
83581.94
83572.73
83563.53
83554.32
83545.11
83535.91
83525.39
83516.18
83506.97
83497.77
83488.56
83479.35
83468.83
83458.31
83450.42
83439.90
83430.69
83421.48
83410.96
83401.75
83392.55
83382.03
83374.13
83363.61
83353.09
83343.88
83334.68
83324.15
83316.26
83305.74
83295.22
83284.70
83276.81
83266.28
83257.08
83245.24
83236.03
83225.51
83217.62
83207.10
83197.89
83187.37
83176.85
83167.64
83157.12
83147.91
83138.71
83128.18
83117.66
83108.46
83097.93
83088.73
83079.52
83067.68
83058.48
83047.96
83038.75
83028.23
83017.70
83008.50
82997.98
82988.77
82978.25
82969.04
82957.20
82948.00
82938.79
82928.27
82919.06
82907.22
82898.02
82888.81
82878.29
82869.08
82858.56
82848.04
82837.52
82828.31
82819.10
82808.58
82799.38
82787.54
82778.33
82767.81
82758.60
82749.40
82737.56
82728.35
82717.83
82708.62
82698.10
82688.90
82678.37
82667.85
82658.65
82648.12
82638.92
82627.08
82617.87
82608.67
82598.14
82588.94
82578.42
82567.89
82557.37
82548.17
82538.96
82528.44
82519.23
82507.39
82498.19
82487.66
82478.46
82469.25
82457.41
82448.21
82437.69
82428.48
82419.27
82408.75
82398.23
82387.71
82378.50
82367.98
82358.77
82349.56
82337.73
82328.52
82318.00
82308.79
82298.27
82287.75
82278.54
82269.34
82258.81
82249.61
82240.40
82228.56
82219.36
82208.83
82199.63
82189.11
82179.90
82169.38
82158.86
82149.65
82139.13
82129.92
82119.40
82110.19
82099.67
82090.46
82081.26
82070.73
82060.21
82049.69
82040.48
82029.96
82020.76
82011.55
81999.71
81990.51
81981.30
81972.09
81961.57
81951.05
81940.53
81931.32
81920.80
81911.59
81902.38
81890.55
81881.34
81872.13
81862.93
81852.41
81843.20
81831.36
81822.16
81812.95
81802.43
81793.22
81782.70
81773.49
81762.97
81753.76
81743.24
81734.03
81722.20
81712.99
81703.78
81694.58
81685.37
81674.85
81664.33
81653.80
81644.60
81634.08
81626.18
81614.35
81605.14
81594.62
81585.41
81576.21
81565.68
81555.16
81545.96
81536.75
81526.23
81517.02
81506.50
81495.98
81486.77
81477.56
81467.04
81457.83
81447.31
81436.79
81427.58
81418.38
81409.17
81398.65
81388.13
81377.61
81368.40
81359.19
81349.99
81339.46
81328.94
81319.73
81309.21
81300.01
81290.80
81281.59
81269.76
81260.55
81250.03
81242.14
81231.61
81221.09
81210.57
81201.36
81190.84
81182.95
81172.43
81161.91
81152.70
81142.18
81132.97
81123.76
81114.56
81102.72
81093.51
81084.31
81075.10
81064.58
81054.06
81043.54
81035.64
81025.12
81015.92
81005.39
80994.87
80985.66
80976.46
80965.94
80956.73
80947.52
80937.00
80926.48
80917.27
80908.07
80898.86
80888.34
80877.82
80868.61
80858.09
80850.20
80839.67
80829.15
80818.63
80810.74
80800.22
80791.01
80780.49
80769.97
80760.76
80751.55
80741.03
80731.82
80722.62
80712.10
80701.57
80692.37
80683.16
80673.95
80662.12
80652.91
80643.70
80634.50
80623.97
80614.77
80604.25
80595.04
80584.52
80575.31
80566.10
80556.90
80546.38
80535.85
80526.65
80517.44
80508.23
80499.03
80487.19
80477.98
80468.78
80459.57
80450.36
80439.84
80429.32
80420.11
80410.91
80400.38
80391.18
80380.66
80371.45
80360.93
80351.72
80342.51
80333.31
80322.79
80313.58
80303.06
80293.85
80284.64
80275.44
80263.60
80254.39
80245.19
80235.98
80225.46
80217.57
80205.73
80196.52
80187.32
80178.11
80167.59
80158.38
80147.86
80138.65
80129.45
80118.92
80109.72
80099.20
80089.99
80080.78
80070.26
80061.05
80051.85
80041.33
80032.12
80021.60
80012.39
80003.18
79993.98
79983.45
79974.25
79963.73
79954.52
79945.31
79936.11
79924.27
79916.38
79905.86
79896.65
79887.44
79878.24
79866.40
79858.51
79847.99
79838.78
79829.57
79819.05
79809.84
79800.64
79790.12
79782.22
79771.70
79761.18
79751.97
79742.77
79732.24
79723.04
79713.83
79703.31
79694.10
79683.58
79675.69
79665.17
79655.96
79645.44
79636.23
79625.71
79617.82
79607.30
79599.41
79587.57
79578.36
79569.16
79559.95
79549.43
79541.54
79529.70
79520.49
79511.29
79502.08
79492.87
79482.35
79473.14
79462.62
79453.41
79444.21
79435.00
79423.16
79415.27
79404.75
79396.86
79386.34
79377.13
79366.61
79357.40
79348.20
79338.99
79329.78
79319.26
79308.74
79299.53
79290.33
79281.12
79271.91
79261.39
79252.18
79241.66
79233.77
79223.25
79215.36
79204.84
79194.31
79185.11
79175.90
79166.69
79156.17
79148.28
79136.44
79127.24
79118.03
79108.82
79099.62
79089.09
79079.89
79070.68
79060.16
79050.95
79041.75
79031.22
79022.02
79012.81
79003.60
78994.40
78985.19
78973.35
78965.46
78954.94
78947.05
78936.53
78927.32
78916.80
78907.59
78898.39
78889.18
78879.97
78870.77
78860.24
78849.72
78841.83
78831.31
78822.10
78812.89
78802.37
78793.17
78783.96
78774.75
78765.55
78756.34
78745.82
78736.61
78727.40
78716.88
78708.99
78698.47
78689.26
78678.74
78670.85
78660.33
78651.12
78640.60
78631.39
78622.19
78612.98
78603.77
78593.25
78584.04
78573.52
78565.63
78555.11
78547.22
78536.70
78526.17
78516.97
78507.76
78499.87
78489.35
78481.46
78469.62
78460.41
78451.20
78442.00
78432.79
78423.58
78413.06
78403.86
78394.65
78385.44
78376.24
78367.03
78355.19
78347.30
78336.78
78328.89
78318.37
78310.47
78298.64
78289.43
78281.54
78271.02
78263.13
78252.60
78243.40
78232.88
78223.67
78214.46
78205.26
78196.05
78185.53
78177.64
78167.11
78157.91
78148.70
78139.49
78128.97
78119.77
78110.56
78101.35
78092.15
78082.94
78072.42
78063.21
78054.00
78044.80
78035.59
78026.38
78015.86
78006.66
77997.45
77988.24
77979.04
77969.83
77959.31
77950.10
77940.89
77931.69
77922.48
77913.27
77902.75
77893.54
77884.34
77875.13
77865.92
77856.72
77846.20
77836.99
77827.78
77818.58
77809.37
77800.16
77789.64
77780.43
77771.23
77762.02
77752.81
77742.29
77734.40
77723.88
77714.67
77705.47
77696.26
77688.37
77676.53
77668.64
77658.12
77648.91
77641.02
77629.18
77621.29
77610.77
77602.88
77593.67
77583.15
77573.94
77564.74
77555.53
77546.32
77537.12
77527.91
77517.39
77508.18
77498.97
77489.77
77480.56
77471.35
77460.83
77451.63
77443.73
77433.21
77424.01
77416.11
77404.28
77396.39
77387.18
77377.97
77368.77
77359.56
77349.04
77339.83
77330.62
77321.42
77312.21
77303.00
77292.48
77283.28
77274.07
77264.86
77256.97
77246.45
77238.56
77228.04
77217.51
77209.62
77200.42
77191.21
77180.69
77171.48
77162.27
77153.07
77145.18
77134.65
77124.13
77116.24
77105.72
77097.83
77088.62
77079.41
77070.21
77059.69
77050.48
77041.27
77032.07
77024.17
77012.34
77004.45
76995.24
76984.72
76976.83
76967.62
76958.41
76947.89
76938.68
76930.79
76920.27
76912.38
76903.17
76891.33
76883.44
76874.24
76865.03
76855.82
76846.62
76837.41
76826.89
76817.68
76809.79
76799.27
76791.38
76780.85
76771.65
76762.44
76753.24
76745.34
76734.82
76724.30
76716.41
76707.20
76698.00
76688.79
76679.58
76670.38
76659.85
76650.65
76642.76
76632.23
76624.34
76613.82
76604.61
76595.41
76586.20
76578.31
76569.10
76557.26
76549.37
76540.17
76530.96
76521.75
76512.55
76503.34
76494.13
76483.61
76475.72
76466.51
76457.31
76446.79
76437.58
76429.69
76420.48
76411.27
76402.07
76391.55
76382.34
76374.45
76363.93
76356.03
76346.83
76336.31
76327.10
76317.89
76310.00
76300.79
76290.27
76281.07
76271.86
76262.65
76254.76
76244.24
76236.35
76225.83
76216.62
76207.41
76198.21
76189.00
76181.11
76171.90
76161.38
76152.17
76142.97
76135.07
76125.87
76115.35
76106.14
76096.93
76087.73
76079.83
76069.31
76061.42
76050.90
76041.69
76033.80
76023.28
76014.07
76006.18
75995.66
75986.45
75977.25
75968.04
75960.15
75950.94
75940.42
75932.53
75922.01
75912.80
75904.91
75895.70
75885.18
75877.29
75866.77
75858.87
75849.67
75840.46
75831.25
75820.73
75811.53
75803.63
75794.43
75785.22
75776.01
75766.81
75757.60
75748.39
75739.19
75731.30
75720.77
75711.57
75702.36
75693.15
75683.95
75676.06
75666.85
75656.33
75648.44
75637.91
75630.02
75620.82
75611.61
75602.40
75593.20
75583.99
75574.78
75565.58
75556.37
75547.16
75537.96
75528.75
75520.86
75510.34
75502.45
75491.92
75482.72
75474.83
75465.62
75456.41
75447.21
75436.68
75427.48
75419.59
75410.38
75401.17
75393.28
75382.76
75373.55
75365.66
75355.14
75345.93
75338.04
75327.52
75318.31
75310.42
75301.21
75292.01
75284.12
75273.59
75264.39
75255.18
75245.97
75238.08
75228.88
75219.67
75210.46
75201.26
75192.05
75182.84
75173.64
75164.43
75155.22
75146.02
75136.81
75128.92
75119.71
75110.51
75101.30
75092.09
75082.89
75074.99
75064.47
75055.27
75046.06
75036.85
75027.65
75019.75
75010.55
75001.34
74993.45
74982.93
74973.72
74965.83
74956.62
74947.42
74939.52
74927.69
74918.48
74910.59
74901.38
74892.18
74884.28
74873.76
74864.56
74856.66
74847.46
74838.25
74830.36
74819.84
74810.63
74802.74
74793.53
74784.33
74776.44
74765.91
74756.71
74747.50
74738.29
74729.09
74721.20
74711.99
74701.47
74693.58
74684.37
74675.16
74667.27
74658.06
74647.54
74639.65
74630.44
74621.24
74612.03
74604.14
74593.62
74584.41
74576.52
74567.31
74558.11
74550.21
74539.69
74530.49
74522.59
74513.39
74504.18
74496.29
74487.08
74476.56
74468.67
74459.46
74450.26
74442.37
74433.16
74422.64
74413.43
74405.54
74396.33
74387.13
74379.23
74368.71
74359.51
74351.61
74342.41
74333.20
74325.31
74314.79
74305.58
74297.69
74288.48
74279.28
74271.38
74260.86
74251.66
74242.45
74234.56
74225.35
74216.14
74208.25
74197.73
74188.52
74180.63
74171.43
74162.22
74154.33
74143.81
74135.92
74126.71
74118.82
74109.61
74100.40
74091.20
74081.99
74072.78
74064.89
74055.69
74046.48
74038.59
74028.07
74018.86
74009.65
74001.76
73992.55
73983.35
73974.14
73964.93
73955.73
73947.84
73939.94
73930.74
73920.22
73912.32
73903.12
73893.91
73886.02
73876.81
73866.29
73858.40
73849.19
73839.99
73832.10
73822.89
73815.00
73804.48
73796.58
73787.38
73778.17
73770.28
73761.07
73750.55
73741.34
73733.45
73724.25
73715.04
73708.46
73697.94
73688.73
73679.53
73671.64
73662.43
73653.22
73645.33
73634.81
73625.60
73617.71
73609.82
73600.61
73591.41
73582.20
73572.99
73563.79
73555.90
73546.69
73537.48
73528.28
73520.38
73511.18
73501.97
73494.08
73484.87
73474.35
73466.46
73457.25
73449.36
73440.16
73432.26
73423.06
73412.54
73404.64
73395.44
73386.23
73378.34
73370.45
73359.93
73350.72
73341.51
73333.62
73324.41
73316.52
73308.63
73298.11
73288.90
73279.70
73271.80
73262.60
73253.39
73244.19
73236.29
73227.09
73217.88
73209.99
73200.78
73191.58
73182.37
73174.48
73165.27
73156.06
73148.17
73137.65
73129.76
73120.55
73112.66
73103.45
73094.25
73086.36
73077.15
73067.94
73058.74
73050.85
73041.64
73032.43
73023.23
73015.33
73006.13
72996.92
72989.03
72979.82
72971.93
72961.41
72953.52
72944.31
72935.10
72927.21
72919.32
72908.80
72899.59
72891.70
72882.50
72874.60
72865.40
72856.19
72846.98
72837.78
72829.89
72821.99
72812.79
72803.58
72794.37
72786.48
72777.28
72768.07
72760.18
72750.97
72741.76
72732.56
72724.67
72715.46
72706.25
72698.36
72690.47
72679.95
72670.74
72662.85
72654.96
72645.75
72636.55
72627.34
72619.45
72610.24
72601.03
72593.14
72583.94
72574.73
72565.52
72557.63
72548.43
72540.53
72531.33
72523.44
72512.91
72505.02
72495.82
72487.92
72478.72
72470.83
72460.30
72452.41
72443.21
72434.00
72426.11
72418.22
72407.69
72398.49
72390.60
72382.71
72373.50
72364.29
72356.40
72347.19
72337.99
72328.78
72320.89
72313.00
72303.79
72293.27
72285.38
72277.49
72268.28
72260.39
72251.18
72243.29
72232.77
72224.88
72215.67
72207.78
72198.57
72190.68
72180.16
72172.27
72164.38
72155.17
72145.96
72138.07
72130.18
72119.66
72110.45
72102.56
72094.67
72085.46
72076.26
72068.36
72059.16
72049.95
72040.74
72034.17
72024.96
72014.44
72006.55
71998.66
71989.45
71981.56
71972.35
71964.46
71953.94
71946.05
71936.84
71928.95
71921.06
71911.85
71901.33
71893.44
71885.55
71876.34
71867.13
71859.24
71851.35
71840.83
71832.94
71823.73
71815.84
71807.95
71798.74
71788.22
71780.33
71772.44
71763.23
71755.34
71746.13
71738.24
71729.03
71719.83
71710.62
71704.04
71694.84
71685.63
71676.42
71668.53
71659.33
71651.43
71642.23
71634.34
71626.44
71615.92
71606.72
71598.82
71590.93
71581.73
71573.84
71563.31
71555.42
71547.53
71538.32
71529.12
71521.23
71513.33
71502.81
71494.92
71485.71
71477.82
71469.93
71460.72
71451.52
71442.31
71434.42
71426.53
71417.32
71408.12
71401.54
71391.02
71383.13
71373.92
71366.03
71358.14
71348.93
71338.41
71330.52
71322.63
71314.73
71305.53
71296.32
71288.43
71279.22
71270.02
71262.12
71252.92
71245.03
71237.13
71226.61
71218.72
71209.51
71202.94
71193.73
71184.53
71176.63
71167.43
71159.54
71150.33
71141.12
71133.23
71125.34
71116.13
71106.93
71097.72
71089.83
71081.94
71074.05
71064.84
71054.32
71046.43
71038.53
71030.64
71021.44
71012.23
71005.65
70995.13
70987.24
70978.03
70970.14
70962.25
70953.04
70943.84
70934.63
70926.74
70918.85
70909.64
70901.75
70891.23
70883.34
70875.44
70867.55
70858.35
70850.46
70841.25
70832.04
70824.15
70814.94
70807.05
70799.16
70791.27
70782.06
70771.54
70763.65
70755.76
70747.87
70738.66
70730.77
70720.25
70712.36
70704.46
70695.26
70687.37
70678.16
70671.58
70661.06
70653.17
70643.96
70636.07
70628.18
70620.29
70609.77
70601.88
70592.67
70584.78
70576.89
70567.68
70559.79
70549.27
70541.37
70533.48
70525.59
70516.39
70508.49
70500.60
70491.40
70482.19
70474.30
70465.09
70457.20
70449.31
70440.10
70430.89
70423.00
70413.80
70405.91
70398.01
70388.81
70379.60
70370.39
70363.82
70354.61
70346.72
70337.51
70328.31
70320.42
70312.52
70303.32
70295.43
70286.22
70278.33
70269.12
70261.23
70252.02
70244.13
70236.24
70228.35
70217.83
70209.94
70200.73
70192.84
70184.95
70177.05
70169.16
70158.64
70150.75
70141.54
70134.97
70125.76
70117.87
70108.66
70099.46
70091.56
70083.67
70074.47
70066.57
70057.37
70048.16
70040.27
70032.38
70023.17
70015.28
70007.39
69999.50
69990.29
69981.08
69973.19
69963.99
69956.09
69948.20
69940.31
69929.79
69921.90
69914.01
69904.80
69898.22
69889.02
69879.81
69870.60
69862.71
69854.82
69846.93
69837.72
69829.83
69820.63
69811.42
69803.53
69795.64
69787.74
69778.54
69770.65
69761.44
69753.55
69745.66
69736.45
69728.56
69719.35
69710.15
69702.25
69694.36
69686.47
69677.26
69669.37
69661.48
69652.28
69644.38
69635.18
69627.29
69618.08
69610.19
69602.30
69593.09
69585.20
69575.99
69568.10
69560.21
69552.32
69543.11
69533.90
69526.01
69516.81
69508.91
69502.34
69493.13
69483.92
69474.72
69466.83
69458.94
69451.04
69443.15
69433.95
69424.74
69416.85
69407.64
69401.07
69391.86
69383.97
69374.76
69365.55
69357.66
69349.77
69341.88
69333.99
69324.78
69315.57
69307.68
69299.79
69291.90
69282.69
69274.80
69266.91
69256.39
69248.50
69240.61
69232.71
69224.82
69215.62
69206.41
69198.52
69190.63
69182.74
69174.84
69165.64
69157.75
69148.54
69139.33
69132.76
69123.55
69115.66
69107.77
69098.56
69089.35
69081.46
69073.57
69065.68
69057.79
69048.58
69040.69
69031.48
69023.59
69015.70
69007.81
68998.60
68990.71
68981.50
68972.30
68965.72
68957.83
68948.62
68940.73
68932.84
68922.32
68914.43
68906.54
68898.64
68890.75
68882.86
68873.66
68864.45
68856.56
68848.67
68840.77
68832.88
68823.68
68815.78
68806.58
68798.69
68790.80
68782.90
68773.70
68765.81
68756.60
68747.39
68739.50
68732.93
68725.03
68715.83
68707.94
68698.73
68689.52
68681.63
68673.74
68665.85
68657.96
68650.07
68639.54
68631.65
68623.76
68615.87
68607.98
68600.09
68592.19
68581.67
68573.78
68565.89
68558.00
68550.11
68542.22
68533.01
68523.80
68515.91
68508.02
68500.13
68492.24
68484.35
68475.14
68465.93
68458.04
68450.15
68442.26
68434.37
68426.48
68417.27
68409.38
68400.17
68392.28
68384.39
68375.18
68367.29
68359.40
68351.51
68342.30
68334.41
68326.52
68318.63
68308.10
68300.21
68293.64
68285.74
68276.54
68268.65
68260.76
68251.55
68242.34
68234.45
68227.87
68219.98
68210.78
68202.88
68193.68
68185.79
68176.58
68168.69
68162.11
68154.22
68145.01
68135.81
68127.92
68120.03
68110.82
68102.93
68096.35
68088.46
68077.94
68070.05
68062.15
68054.26
68046.37
68037.17
68030.59
68021.38
68013.49
68004.28
67996.39
67988.50
67980.61
67971.40
67963.51
67955.62
67947.73
67939.84
67931.95
67922.74
67913.53
67905.64
67897.75
67889.86
67881.97
67874.08
67866.18
67856.98
67847.77
67839.88
67831.99
67824.10
67816.21
67808.31
67799.11
67791.22
67783.32
67775.43
67766.23
67758.34
67750.44
67741.24
67733.35
67726.77
67717.56
67709.67
67701.78
67693.89
67684.68
67675.48
67667.58
67661.01
67653.12
67645.22
67634.70
67626.81
67618.92
67611.03
67603.14
67595.25
67587.35
67578.15
67570.26
67562.36
67554.47
67546.58
67537.38
67529.48
67520.28
67512.39
67504.49
67497.92
67488.71
67480.82
67472.93
67463.72
67455.83
67447.94
67440.05
67432.16
67424.27
67416.37
67407.17
67399.28
67391.38
67382.18
67374.29
67366.39
67358.50
67349.30
67341.41
67333.51
67325.62
67317.73
67309.84
67301.95
67292.74
67284.85
67276.96
67269.07
67261.18
67253.28
67245.39
67236.19
67228.29
67220.40
67212.51
67203.31
67195.41
67187.52
67178.32
67170.42
67163.85
67155.96
67148.07
67140.17
67130.97
67121.76
67113.87
67105.98
67098.09
67090.20
67082.30
67073.10
67065.21
67057.31
67049.42
67041.53
67033.64
67025.75
67016.54
67008.65
67000.76
66992.87
66984.98
66977.08
66969.19
66959.99
66952.10
66944.20
66936.31
66928.42
66920.53
66912.64
66903.43
66895.54
66887.65
66879.76
66871.87
66863.97
66856.08
66846.88
66838.99
66831.09
66823.20
66815.31
66807.42
66798.21
66790.32
66782.43
66774.54
66766.65
66758.76
66750.86
66742.97
66733.77
66725.87
66717.98
66710.09
66702.20
66694.31
66686.42
66677.21
66669.32
66661.43
66653.54
66645.65
66637.75
66629.86
66620.66
66612.76
66604.87
66596.98
66589.09
66581.20
66573.31
66564.10
66557.52
66549.63
66541.74
66533.85
66524.64
66516.75
66507.55
66499.65
66491.76
66483.87
66475.98
66468.09
66461.51
66452.31
66444.41
66436.52
66428.63
66420.74
66412.85
66404.96
66395.75
66387.86
66379.97
66372.08
66364.18
66356.29
66348.40
66339.20
66331.30
66324.73
66316.84
66308.94
66301.05
66293.16
66283.96
66276.06
66268.17
66260.28
66252.39
66244.50
66236.61
66227.40
66219.51
66211.62
66203.73
66197.15
66189.26
66181.37
66172.16
66164.27
66156.38
66148.49
66140.59
66132.70
66124.81
66115.61
66107.71
66099.82
66091.93
66084.04
66076.15
66068.26
66060.37
66052.47
66044.58
66036.69
66028.80
66020.91
66013.02
66003.81
65995.92
65988.03
65980.14
65972.24
65964.35
65956.46
65947.25
65939.36
65931.47
65924.90
65917.00
65909.11
65901.22
65892.02
65884.12
65876.23
65868.34
65860.45
65852.56
65844.67
65835.46
65827.57
65819.68
65813.10
65805.21
65797.32
65789.43
65780.22
65772.33
65764.44
65757.86
65749.97
65742.08
65734.19
65724.98
65717.09
65709.20
65701.31
65693.41
65685.52
65677.63
65668.42
65661.85
65653.96
65646.07
65638.17
65630.28
65622.39
65613.18
65605.29
65597.40
65590.83
65582.93
65575.04
65567.15
65559.26
65550.05
65543.48
65535.59
65527.69
65519.80
65511.91
65504.02
65494.81
65486.92
65479.03
65471.14
65463.25
65455.36
65448.78
65439.57
65431.68
65423.79
65415.90
65408.01
65400.12
65393.54
65384.33
65376.44
65368.55
65361.97
65354.08
65346.19
65338.30
65329.09
65321.20
65313.31
65305.42
65297.53
65289.64
65283.06
65273.85
65265.96
65258.07
65250.18
65242.29
65234.40
65226.51
65217.30
65210.72
65202.83
65194.94
65187.05
65179.16
65171.27
65162.06
65155.48
65147.59
65139.70
65131.81
65125.23
65117.34
65109.45
65100.24
65092.35
65085.78
65077.88
65069.99
65062.10
65054.21
65045.00
65037.11
65029.22
65022.64
65014.75
65006.86
64998.97
64989.76
64981.87
64973.98
64967.40
64959.51
64951.62
64943.73
64934.52
64926.63
64920.06
64912.16
64904.27
64896.38
64888.49
64879.28
64871.39
64864.82
64856.92
64849.03
64841.14
64833.25
64825.36
64817.47
64809.58
64801.68
64795.11
64787.22
64779.33
64770.12
64762.23
64755.65
64747.76
64739.87
64731.98
64725.40
64717.51
64708.30
64700.41
64692.52
64684.63
64678.05
64670.16
64662.27
64653.06
64645.17
64638.60
64630.70
64622.81
64614.92
64607.03
64599.14
64591.25
64583.36
64575.46
64567.57
64559.68
64553.10
64543.90
64536.01
64528.12
64520.22
64513.65
64505.76
64497.86
64488.66
64480.77
64474.19
64466.30
64458.41
64450.52
64443.94
64436.05
64426.84
64418.95
64411.06
64404.48
64396.59
64388.70
64380.81
64371.60
64365.03
64357.13
64349.24
64341.35
64334.78
64326.88
64317.68
64309.79
64301.89
64295.32
64287.43
64279.54
64271.64
64263.75
64255.86
64247.97
64240.08
64232.19
64225.61
64217.72
64208.51
64200.62
64194.05
64186.15
64178.26
64170.37
64163.79
64155.90
64146.70
64138.81
64132.23
64124.34
64116.45
64108.55
64101.98
64092.77
64084.88
64076.99
64070.41
64062.52
64054.63
64046.74
64038.85
64030.96
64023.06
64015.17
64008.60
64000.71
63992.81
63983.61
63977.03
63969.14
63961.25
63954.67
63946.78
63938.89
63931.00
63923.11
63915.22
63907.32
63899.43
63892.86
63884.96
63877.07
63869.18
63861.29
63853.40
63845.51
63838.93
63831.04
63823.15
63815.26
63807.37
63799.47
63791.58
63785.01
63777.12
63769.22
63760.02
63753.44
63745.55
63737.66
63729.77
63723.19
63715.30
63707.41
63698.20
63691.62
63683.73
63675.84
63667.95
63660.06
63653.48
63644.28
63636.39
63629.81
63621.92
63614.03
63607.45
63599.56
63590.35
63582.46
63575.88
63567.99
63560.10
63553.53
63545.63
63537.74
63529.85
63521.96
63514.07
63507.49
63499.60
63491.71
63485.13
63475.93
63468.03
63461.46
63453.57
63445.68
63439.10
63431.21
63422.00
63415.43
63407.53
63399.64
63393.07
63385.17
63377.28
63369.39
63360.19
63353.61
63345.72
63337.83
63329.94
63323.36
63315.47
63306.26
63299.68
63291.79
63283.90
63277.33
63269.43
63261.54
63253.65
63245.76
63239.18
63231.29
63223.40
63216.82
63208.93
63201.04
63193.15
63185.26
63177.37
63170.79
63162.90
63155.01
63148.43
63139.23
63131.33
63124.76
63116.87
63108.98
63101.08
63093.19
63085.30
63077.41
63070.83
63062.94
63055.05
63048.47
63040.58
63032.69
63024.80
63016.91
63010.33
63002.44
62994.55
62987.97
62980.08
62970.88
62964.30
62956.41
62949.83
62941.94
62934.05
62926.16
62919.58
62910.37
62902.48
62894.59
62888.02
62880.12
62873.55
62865.66
62856.45
62849.87
62841.98
62835.41
62827.51
62819.62
62813.05
62803.84
62797.26
62789.37
62781.48
62774.91
62767.01
62759.12
62752.55
62743.34
62735.45
62727.56
62720.98
62713.09
62706.51
62698.62
62689.42
62682.84
62674.95
62668.37
62660.48
62653.90
62646.01
62636.81
62630.23
62622.34
62615.76
62607.87
62599.98
62592.09
62585.51
62576.30
62568.41
62561.84
62553.95
62547.37
62539.48
62531.59
62523.70
62515.80
62509.23
62501.34
62494.76
62486.87
62480.29
62472.40
62463.19
62456.62
62448.73
62440.84
62432.94
62426.37
62418.48
62410.59
62402.69
62396.12
62388.23
62380.33
62373.76
62365.87
62359.29
62350.08
62343.51
62335.62
62327.73
62321.15
62313.26
62305.37
62297.47
62289.58
62281.69
62275.12
62267.22
62260.65
62252.76
62246.18
62236.97
62230.40
62222.51
62215.93
62208.04
62200.15
62192.26
62184.36
62176.47
62169.90
62162.01
62155.43
62147.54
62140.96
62131.75
62125.18
62117.29
62110.71
62102.82
62094.93
62088.35
62080.46
62071.25
62063.36
62056.79
62048.90
62042.32
62034.43
62027.85
62018.64
62012.07
62004.18
61997.60
61991.02
61983.13
61975.24
61967.35
61959.46
61951.57
61944.99
61937.10
61930.52
61922.63
61916.06
61906.85
61900.27
61892.38
61885.81
61877.91
61870.02
61862.13
61855.56
61846.35
61839.77
61831.88
61825.30
61817.41
61810.84
61802.95
61795.05
61787.16
61780.59
61772.70
61764.80
61758.23
61750.34
61743.76
61734.55
61727.98
61720.09
61713.51
61705.62
61699.04
61691.15
61684.57
61675.37
61667.48
61660.90
61653.01
61646.43
61638.54
61631.97
61622.76
61616.18
61608.29
61601.71
61593.82
61587.25
61579.36
61570.15
61563.57
61555.68
61549.11
61541.21
61534.64
61528.06
61520.17
61512.28
61504.39
61496.50
61489.92
61482.03
61475.45
61467.56
61460.98
61451.78
61445.20
61437.31
61430.73
61424.16
61416.27
61408.38
61399.17
61392.59
61384.70
61378.12
61371.55
61363.66
61357.08
61349.19
61341.30
61333.41
61325.52
61318.94
61311.05
61304.47
61296.58
61288.69
61282.11
61274.22
61267.64
61259.75
61253.18
61245.29
61237.39
61229.50
61221.61
61215.04
61208.46
61200.57
61193.99
61186.10
61179.52
61170.32
61162.43
61155.85
61147.96
61141.38
61134.81
61126.91
61119.02
61111.13
61104.56
61096.66
61090.09
61082.20
61075.62
61067.73
61059.84
61051.95
61045.37
61038.79
61030.90
61023.01
61016.43
61007.23
61000.65
60992.76
60986.18
60979.61
60971.72
60965.14
60957.25
60949.36
60941.47
60933.57
60927.00
60920.42
60912.53
60905.95
60899.38
60890.17
60883.60
60875.70
60867.81
60861.24
60853.35
60846.77
60838.88
60830.99
60824.41
60817.83
60809.94
60802.05
60795.48
60787.58
60779.69
60773.12
60765.22
60758.65
60750.76
60744.18
60736.29
60727.08
60720.51
60713.93
60706.04
60699.46
60692.89
60685.00
60678.42
60669.21
60661.32
60654.74
60648.17
60640.28
60633.70
60627.12
60619.23
60611.34
60603.45
60595.56
60588.98
60582.41
60574.52
60567.94
60561.36
60552.16
60545.58
60537.69
60531.11
60523.22
60516.64
60510.07
60500.86
60494.29
60487.71
60479.82
60471.93
60465.35
60457.46
60450.88
60442.99
60435.10
60428.52
60421.95
60414.06
60406.17
60399.59
60393.01
60383.81
60377.23
60370.65
60362.76
60354.87
60348.29
60341.72
60332.51
60325.94
60319.36
60311.47
60304.89
60297.00
60290.42
60282.53
60274.64
60268.07
60260.17
60253.60
60247.02
60239.13
60231.24
60224.66
60216.77
60208.88
60202.30
60195.73
60189.15
60181.26
60173.37
60165.48
60157.59
60151.01
60144.43
60137.86
60129.97
60122.07
60115.50
60107.61
60099.72
60093.14
60086.56
60079.99
60072.10
60064.20
60057.63
60048.42
60041.84
60035.27
60028.69
60020.80
60014.22
60006.33
59999.76
59990.55
59983.97
59977.40
59970.82
59962.93
59955.04
59948.46
59940.57
59932.68
59926.10
59919.53
59912.95
59905.06
59897.17
59890.59
59882.70
59874.81
59868.23
59861.66
59855.08
59847.19
59839.30
59832.72
59824.83
59818.25
59810.36
59803.79
59795.90
59789.32
59781.43
59773.54
59766.96
59760.38
59753.81
59745.92
59738.03
59731.45
59724.87
59715.67
59709.09
59702.51
59694.62
59688.05
59680.15
59673.58
59667.00
59659.11
59651.22
59644.64
59636.75
59630.18
59623.60
59615.71
59609.13
59601.24
59593.35
59586.77
59578.88
59572.31
59565.73
59559.15
59552.58
59543.37
59535.48
59528.90
59522.33
59515.75
59507.86
59501.28
59492.08
59485.50
59478.92
59471.03
59464.46
59457.88
59451.30
59443.41
59435.52
59427.63
59421.05
59414.48
59407.90
59400.01
59392.12
59385.54
59377.65
59371.07
59364.50
59356.61
59350.03
59342.14
59335.56
59328.99
59321.10
59314.52
59306.63
59298.74
59292.16
59285.58
59279.01
59271.12
59263.22
59255.33
59248.76
59242.18
59235.60
59229.03
59221.14
59214.56
59205.35
59198.78
59192.20
59185.63
59177.73
59171.16
59163.27
59155.38
59148.80
59142.22
59135.65
59127.76
59119.86
59113.29
59106.71
59098.82
59092.24
59084.35
59077.78
59069.89
59063.31
59056.73
59050.16
59042.27
59034.37
59026.48
59019.91
59013.33
59006.75
59000.18
58992.29
58984.39
58976.50
58969.93
58963.35
58956.77
58950.20
58942.31
58935.73
58927.84
58919.95
58913.37
58906.80
58898.90
58892.33
58885.75
58879.18
58871.28
58863.39
58855.50
58848.93
58842.35
58835.77
58829.20
58821.31
58813.41
58806.84
58798.95
58792.37
58785.79
58779.22
58771.33
58764.75
58756.86
58750.28
58743.71
58735.82
58727.92
58721.35
58714.77
58708.20
58700.30
58692.41
58685.84
58679.26
58672.68
58666.11
58658.22
58650.32
58642.43
58635.86
58629.28
58622.70
58616.13
58608.24
58601.66
58593.77
58587.19
58579.30
58572.73
58564.83
58558.26
58551.68
58545.11
58537.21
58529.32
58522.75
58516.17
58509.59
58503.02
58495.13
58487.24
58479.34
58472.77
58466.19
58459.62
58453.04
58445.15
58438.57
58432.00
58424.10
58417.53
58409.64
58403.06
58396.48
58389.91
58383.33
58375.44
58366.23
58359.66
58353.08
58346.51
58339.93
58332.04
58325.46
58318.89
58310.99
58304.42
58296.53
58289.95
58283.37
58276.80
58270.22
58262.33
58254.44
58247.86
58241.29
58233.40
58226.82
58218.93
58212.35
58205.78
58197.88
58191.31
58184.73
58176.84
58170.26
58163.69
58157.11
58150.54
58141.33
58134.75
58128.18
58121.60
58115.02
58107.13
58100.56
58093.98
58086.09
58079.51
58071.62
58065.04
58058.47
58051.89
58045.32
58037.42
58029.53
58022.96
58016.38
58009.80
58001.91
57995.34
57988.76
57982.18
57974.29
57966.40
57959.83
57953.25
57946.67
57940.10
57932.21
57925.63
57917.74
57911.16
57904.59
57896.69
57890.12
57883.54
57876.97
57870.39
57861.18
57854.61
57848.03
57841.45
57834.88
57826.99
57820.41
57813.83
57805.94
57799.37
57791.48
57784.90
57778.32
57771.75
57765.17
57757.28
57749.39
57742.81
57736.24
57729.66
57721.77
57715.19
57708.62
57702.04
57694.15
57686.26
57679.68
57673.10
57666.53
57659.95
57652.06
57645.48
57637.59
57631.02
57624.44
57617.86
57609.97
57603.40
57596.82
57590.24
57582.35
57574.46
57567.89
57562.62
57554.73
57548.16
57541.58
57535.00
57527.11
57519.22
57512.65
57506.07
57499.49
57492.92
57485.03
57478.45
57470.56
57463.98
57457.41
57450.83
57442.94
57436.36
57429.79
57423.21
57416.63
57408.74
57402.17
57395.59
57387.70
57381.12
57374.55
57367.97
57361.39
57352.19
57345.61
57339.03
57332.46
57325.88
57317.99
57312.73
57306.15
57298.26
57290.37
57283.79
57277.22
57270.64
57264.07
57256.17
57249.60
57241.71
57235.13
57228.55
57221.98
57215.40
57208.83
57202.25
57194.36
57186.47
57179.89
57173.31
57166.74
57158.85
57152.27
57145.69
57140.43
57131.23
57124.65
57118.07
57111.50
57104.92
57097.03
57090.45
57083.88
57075.99
57069.41
57062.83
57056.26
57049.68
57043.11
57035.21
57028.64
57020.75
57014.17
57007.59
57001.02
56994.44
56987.87
56981.29
56973.40
56965.51
56958.93
56952.36
56945.78
56939.20
56932.63
56926.05
56918.16
56911.58
56903.69
56897.12
56890.54
56883.96
56877.39
56870.81
56864.23
56856.34
56848.45
56841.88
56835.30
56828.72
56822.15
56815.57
56808.99
56802.42
56793.21
56786.64
56780.06
56774.80
56766.91
56760.33
56753.75
56747.18
56739.29
56731.40
56726.13
56719.56
56712.98
56705.09
56698.51
56691.94
56684.05
56677.47
56670.89
56664.32
56657.74
56649.85
56643.27
56638.01
56631.44
56622.23
56615.65
56609.08
56602.50
56595.93
56589.35
56582.77
56576.20
56568.31
56560.41
56553.84
56548.58
56542.00
56534.11
56527.53
56520.96
56513.07
56506.49
56499.91
56493.34
56486.76
56480.19
56472.29
56467.03
56459.14
56451.25
56444.67
56438.10
56431.52
56424.95
56418.37
56411.79
56403.90
56397.33
56390.75
56384.17
56377.60
56371.02
56363.13
56356.55
56351.29
56343.40
56335.51
56328.93
56322.36
56315.78
56309.20
56302.63
56296.05
56288.16
56281.58
56275.01
56268.43
56261.86
56253.96
56248.70
56242.13
56234.24
56226.34
56219.77
56214.51
56207.93
56200.04
56193.46
56186.89
56181.63
56172.42
56165.84
56159.27
56152.69
56146.12
56139.54
56132.96
56126.39
56117.18
56111.92
56105.34
56098.77
56090.88
56085.61
56079.04
56072.46
56063.26
56056.68
56051.42
56044.84
56036.95
56030.37
56025.11
56017.22
56009.33
56002.75
55997.49
55989.60
55983.03
55976.45
55969.87
55963.30
55956.72
55948.83
55942.25
55935.68
55929.10
55922.53
55915.95
55909.37
55902.80
55894.91
55888.33
55881.75
55875.18
55868.60
55862.02
55855.45
55848.87
55840.98
55834.40
55827.83
55821.25
55814.68
55808.10
55801.52
55794.95
55788.37
55780.48
55773.90
55767.33
55760.75
55752.86
55747.60
55741.02
55734.45
55725.24
55719.98
55713.40
55706.83
55698.94
55693.67
55687.10
55680.52
55671.32
55666.05
55659.48
55651.59
55646.33
55639.75
55633.17
55625.28
55620.02
55612.13
55605.55
55597.66
55592.40
55585.82
55579.25
55572.67
55566.10
55558.20
55550.31
55545.05
55538.48
55531.90
55525.32
55518.75
55512.17
55504.28
55497.70
55491.13
55484.55
55477.98
55471.40
55464.82
55458.25
55451.67
55443.78
55437.20
55430.63
55424.05
55417.47
55412.21
55404.32
55397.75
55391.17
55383.28
55376.70
55370.13
55364.87
55356.97
55350.40
55345.14
55337.25
55329.35
55324.09
55317.52
55310.94
55304.36
55297.79
55291.21
55283.32
55276.74
55270.17
55263.59
55257.02
55250.44
55243.86
55237.29
55230.71
55222.82
55216.24
55209.67
55203.09
55197.83
55189.94
55183.36
55178.10
55171.53
55162.32
55157.06
55150.48
55143.91
55137.33
55130.75
55124.18
55117.60
55109.71
55103.13
55096.56
55089.98
55083.40
55078.14
55070.25
55063.68
55058.42
55049.21
55042.63
55037.37
55030.80
55022.90
55017.64
55011.07
55004.49
54996.60
54990.02
54983.45
54976.87
54970.29
54965.03
54957.14
54950.57
54943.99
54937.41
54929.52
54924.26
54917.68
54911.11
54904.53
54897.96
54891.38
54883.49
54876.91
54871.65
54863.76
54857.18
54851.92
54845.35
54837.46
54830.88
54824.30
54817.73
54811.15
54804.57
54798.00
54791.42
54784.85
54779.58
54770.38
54765.12
54758.54
54750.65
54745.39
54738.81
54732.24
54725.66
54717.77
54712.51
54704.62
54698.04
54692.78
54684.89
54679.63
54673.05
54666.47
54658.58
54652.01
54646.75
54638.85
54632.28
54627.02
54619.13
54613.87
54605.97
54599.40
54592.82
54586.25
54579.67
54573.09
54566.52
54561.26
54553.36
54546.79
54540.21
54533.64
54527.06
54520.48
54513.91
54507.33
54500.75
54494.18
54486.29
54481.03
54474.45
54467.87
54461.30
54454.72
54448.15
54441.57
54434.99
54428.42
54420.53
54415.26
54408.69
54402.11
54395.54
54388.96
54381.07
54374.49
54369.23
54362.66
54356.08
54349.50
54342.93
54336.35
54329.77
54323.20
54315.31
54310.05
54303.47
54296.89
54290.32
54283.74
54278.48
54269.27
54264.01
54257.44
54250.86
54244.28
54237.71
54231.13
54224.56
54219.29
54211.40
54204.83
54198.25
54191.67
54185.10
54178.52
54173.26
54165.37
54160.11
54152.22
54145.64
54139.06
54133.80
54125.91
54120.65
54114.08
54107.50
54099.61
54093.03
54086.46
54079.88
54074.62
54068.04
54061.47
54054.89
54048.31
54040.42
54035.16
54028.59
54022.01
54015.43
54008.86
54002.28
53995.70
53989.13
53981.24
53975.98
53969.40
53962.82
53956.25
53950.99
53944.41
53937.83
53929.94
53923.37
53916.79
53911.53
53904.95
53898.38
53891.80
53885.22
53877.33
53870.76
53865.50
53857.60
53852.34
53845.77
53839.19
53832.61
53827.35
53818.15
53812.89
53806.31
53799.73
53793.16
53787.90
53780.01
53774.74
53768.17
53760.28
53753.70
53748.44
53741.86
53735.29
53728.71
53722.14
53715.56
53708.98
53702.41
53695.83
53689.25
53682.68
53676.10
53670.84
53664.26
53657.69
53651.11
53644.54
53637.96
53631.38
53624.81
53618.23
53612.97
53606.39
53599.82
53591.93
53585.35
53578.77
53573.51
53566.94
53560.36
53553.78
53547.21
53539.32
53534.06
53527.48
53520.90
53514.33
53509.07
53502.49
53495.91
53489.34
53481.45
53476.19
53469.61
53463.03
53456.46
53449.88
53443.31
53438.04
53431.47
53423.58
53418.32
53411.74
53405.16
53398.59
53392.01
53385.43
53380.17
53373.60
53365.71
53359.13
53352.55
53347.29
53340.72
53334.14
53327.56
53322.30
53313.10
53307.84
53301.26
53294.68
53289.42
53282.85
53276.27
53269.69
53264.43
53255.23
53249.97
53243.39
53236.81
53231.55
53224.98
53218.40
53211.82
53206.56
53197.36
53192.09
53185.52
53178.94
53173.68
53167.11
53160.53
53153.95
53146.06
53140.80
53134.22
53127.65
53121.07
53115.81
53109.24
53102.66
53097.40
53088.19
53082.93
53076.35
53069.78
53063.20
53057.94
53051.36
53044.79
53039.53
53030.32
53025.06
53018.48
53011.91
53006.65
53000.07
52993.49
52988.23
52979.03
52973.77
52967.19
52960.61
52955.35
52948.78
52942.20
52935.62
52930.36
52922.47
52915.90
52910.63
52902.74
52897.48
52890.91
52884.33
52879.07
52872.49
52864.60
52859.34
52851.45
52846.19
52839.61
52833.04
52827.77
52821.20
52814.62
52808.05
52801.47
52794.89
52788.32
52781.74
52776.48
52769.90
52763.33
52756.75
52750.18
52743.60
52737.02
52731.76
52725.19
52718.61
52712.03
52705.46
52700.20
52692.31
52685.73
52680.47
52673.89
52667.32
52662.05
52654.16
52648.90
52643.64
52634.43
52629.17
52622.60
52616.02
52610.76
52604.18
52597.61
52592.35
52584.46
52577.88
52572.62
52564.73
52559.47
52552.89
52546.31
52541.05
52534.48
52526.59
52521.32
52514.75
52508.17
52502.91
52496.34
52489.76
52483.18
52477.92
52470.03
52463.45
52458.19
52451.62
52445.04
52439.78
52433.20
52426.63
52420.05
52412.16
52406.90
52400.32
52393.75
52388.49
52381.91
52375.33
52370.07
52363.50
52355.60
52350.34
52343.77
52337.19
52331.93
52325.35
52318.78
52312.20
52306.94
52299.05
52292.47
52287.21
52280.64
52274.06
52268.80
52262.22
52255.65
52249.07
52242.49
52235.92
52230.66
52222.77
52217.50
52210.93
52204.35
52199.09
52191.20
52185.94
52179.36
52172.79
52167.53
52160.95
52154.37
52149.11
52142.54
52134.65
52129.38
52121.49
52116.23
52109.66
52104.39
52097.82
52091.24
52085.98
52078.09
52071.51
52066.25
52059.68
52053.10
52047.84
52041.26
52034.69
52029.43
52021.53
52014.96
52009.70
52003.12
51997.86
51989.97
51984.71
51978.13
51971.56
51964.98
51958.40
51953.14
51946.57
51939.99
51934.73
51928.15
51921.58
51916.32
51908.42
51901.85
51896.59
51890.01
51884.75
51876.86
51871.60
51866.34
51858.45
51851.87
51845.29
51840.03
51833.46
51826.88
51821.62
51815.04
51808.47
51803.21
51795.31
51790.05
51783.48
51776.90
51771.64
51765.06
51758.49
51753.23
51746.65
51738.76
51733.50
51726.92
51721.66
51713.77
51708.51
51703.25
51696.67
51690.10
51682.20
51676.94
51671.68
51663.79
51658.53
51651.95
51646.69
51641.43
51633.54
51626.96
51620.39
51615.13
51608.55
51601.97
51596.71
51590.14
51583.56
51578.30
51570.41
51565.15
51558.57
51552.00
51546.73
51540.16
51533.58
51528.32
51521.75
51515.17
51508.59
51502.02
51496.76
51490.18
51484.92
51477.03
51471.77
51466.51
51458.61
51453.35
51445.46
51440.20
51434.94
51428.36
51421.79
51415.21
51409.95
51403.37
51396.80
51390.22
51383.65
51378.38
51373.12
51366.55
51359.97
51353.39
51346.82
51341.56
51333.67
51328.41
51321.83
51316.57
51309.99
51303.42
51298.15
51290.26
51285.00
51278.43
51271.85
51266.59
51260.01
51254.75
51248.18
51241.60
51235.02
51228.45
51223.19
51216.61
51211.35
51204.77
51198.20
51192.94
51186.36
51179.78
51173.21
51166.63
51161.37
51154.79
51149.53
51142.96
51136.38
51131.12
51123.23
51117.97
51111.39
51104.82
51099.55
51092.98
51087.72
51081.14
51074.56
51067.99
51061.41
51056.15
51049.58
51044.31
51037.74
51031.16
51025.90
51019.32
51012.75
51007.49
50999.60
50994.34
50987.76
50982.50
50975.92
50970.66
50964.08
50956.19
50950.93
50944.36
50939.10
50933.83
50927.26
50920.68
50914.11
50908.85
50903.58
50895.69
50890.43
50882.54
50877.28
50872.02
50865.44
50860.18
50853.61
50848.34
50840.45
50833.88
50828.62
50822.04
50816.78
50810.20
50804.94
50798.37
50791.79
50785.21
50778.64
50773.38
50766.80
50761.54
50754.96
50748.39
50743.13
50736.55
50729.97
50723.40
50718.14
50711.56
50704.98
50699.72
50693.15
50687.89
50681.31
50674.73
50669.47
50661.58
50656.32
50649.74
50644.48
50639.22
50632.65
50627.38
50619.49
50612.92
50607.66
50601.08
50595.82
50589.24
50583.98
50577.41
50572.14
50564.25
50557.68
50552.42
50545.84
50540.58
50534.00
50528.74
50522.17
50516.90
50510.33
50502.44
50497.18
50490.60
50485.34
50478.76
50473.50
50468.24
50461.66
50456.40
50448.51
50441.94
50436.68
50430.10
50424.84
50418.26
50413.00
50406.42
50401.16
50393.27
50388.01
50381.44
50374.86
50369.60
50363.02
50357.76
50351.18
50345.92
50339.35
50332.77
50327.51
50320.93
50315.67
50307.78
50302.52
50297.26
50290.68
50285.42
50277.53
50272.27
50265.69
50260.43
50253.86
50248.60
50242.02
50235.44
50230.18
50222.29
50217.03
50210.45
50205.19
50199.93
50193.36
50188.10
50181.52
50176.26
50168.37
50163.11
50156.53
50151.27
50144.69
50138.12
50132.86
50126.28
50121.02
50113.13
50107.87
50102.61
50096.03
50090.77
50084.19
50078.93
50072.35
50067.09
50059.20
50053.94
50047.37
50042.10
50035.53
50028.95
50023.69
50017.11
50011.85
50006.59
49998.70
49993.44
49986.86
49981.60
49975.03
49969.77
49963.19
49957.93
49951.35
49944.78
49939.52
49932.94
49927.68
49921.10
49915.84
49909.27
49904.00
49897.43
49892.17
49884.28
49877.70
49872.44
49865.86
49860.60
49854.03
49848.76
49842.19
49836.93
49830.35
49823.78
49818.51
49811.94
49806.68
49800.10
49794.84
49788.26
49783.00
49775.11
49769.85
49764.59
49758.01
49752.75
49746.18
49740.92
49734.34
49729.08
49721.19
49715.93
49709.35
49704.09
49698.83
49692.25
49686.99
49680.41
49675.15
49668.58
49662.00
49655.42
49650.16
49643.59
49638.33
49633.07
49626.49
49621.23
49614.65
49608.08
49601.50
49596.24
49589.66
49584.40
49577.83
49572.57
49567.30
49560.73
49555.47
49547.58
49542.31
49535.74
49530.48
49523.90
49518.64
49512.06
49506.80
49501.54
49493.65
49488.39
49481.81
49476.55
49469.98
49464.72
49458.14
49452.88
49446.30
49439.73
49434.47
49427.89
49422.63
49416.05
49410.79
49404.21
49398.95
49392.38
49387.12
49379.23
49373.96
49368.70
49363.44
49356.87
49351.61
49345.03
49339.77
49334.51
49326.62
49321.36
49314.78
49309.52
49302.94
49297.68
49291.10
49285.84
49279.27
49272.69
49267.43
49260.85
49255.59
49249.02
49243.76
49237.18
49231.92
49225.34
49221.40
49213.51
49208.24
49201.67
49196.41
49189.83
49184.57
49177.99
49172.73
49167.47
49159.58
49154.32
49147.74
49142.48
49135.91
49130.65
49124.07
49118.81
49113.55
49108.29
49100.40
49095.13
49088.56
49083.30
49076.72
49071.46
49066.20
49059.62
49054.36
49046.47
49041.21
49034.63
49029.37
49024.11
49018.85
49012.27
49007.01
49000.44
48995.18
48987.29
48982.02
48975.45
48970.19
48964.93
48958.35
48953.09
48947.83
48941.25
48934.68
48929.41
48922.84
48917.58
48911.00
48905.74
48899.16
48893.90
48887.33
48882.07
48875.49
48870.23
48863.65
48858.39
48851.82
48846.55
48839.98
48834.72
48829.46
48821.57
48816.30
48811.04
48804.47
48799.21
48793.95
48787.37
48782.11
48775.53
48770.27
48762.38
48758.43
48751.86
48746.60
48740.02
48734.76
48728.18
48722.92
48716.35
48709.77
48704.51
48699.25
48692.67
48687.41
48680.84
48675.57
48670.31
48663.74
48658.48
48651.90
48645.32
48640.06
48634.80
48628.23
48622.96
48616.39
48611.13
48605.87
48599.29
48592.71
48587.45
48580.88
48575.62
48569.04
48563.78
48558.52
48553.26
48546.68
48540.10
48533.53
48528.27
48521.69
48516.43
48511.17
48505.91
48499.33
48494.07
48486.18
48480.92
48474.34
48470.40
48463.82
48458.56
48451.98
48446.72
48440.15
48434.89
48428.31
48423.05
48416.47
48411.21
48404.64
48399.37
48394.11
48388.85
48382.28
48377.02
48370.44
48363.86
48358.60
48352.03
48346.77
48341.50
48336.24
48329.67
48324.41
48316.51
48311.25
48305.99
48300.73
48294.16
48288.89
48282.32
48277.06
48271.80
48266.54
48258.64
48253.38
48246.81
48241.55
48236.29
48231.02
48224.45
48219.19
48212.61
48206.03
48200.77
48195.51
48188.94
48183.68
48177.10
48171.84
48166.58
48161.32
48154.74
48148.16
48142.90
48136.33
48131.07
48125.81
48119.23
48113.97
48108.71
48103.45
48096.87
48090.29
48083.72
48078.46
48073.20
48067.93
48061.36
48056.10
48049.52
48044.26
48037.68
48032.42
48025.85
48020.59
48015.33
48008.75
48003.49
47998.23
47991.65
47986.39
47979.81
47973.24
47967.98
47962.72
47957.46
47950.88
47945.62
47939.04
47933.78
47928.52
47921.94
47915.37
47910.11
47903.53
47899.58
47893.01
47887.75
47881.17
47877.23
47870.65
47864.07
47857.50
47852.24
47846.98
47841.71
47835.14
47829.88
47823.30
47819.36
47811.46
47806.20
47799.63
47795.68
47789.10
47783.84
47777.27
47772.01
47766.75
47761.48
47753.59
47748.33
47743.07
47736.50
47731.23
47725.97
47719.40
47714.14
47708.88
47703.61
47695.72
47690.46
47685.20
47678.63
47673.36
47668.10
47662.84
47656.27
47651.01
47644.43
47639.17
47632.59
47627.33
47622.07
47616.81
47610.23
47604.97
47598.40
47594.45
47586.56
47581.30
47574.72
47569.46
47564.20
47558.94
47552.36
47547.10
47541.84
47536.58
47528.69
47523.43
47518.17
47511.59
47506.33
47501.07
47495.81
47489.23
47485.29
47478.71
47472.13
47465.56
47461.61
47455.03
47449.77
47443.20
47437.94
47432.68
47427.41
47419.52
47414.26
47409.00
47402.43
47397.16
47391.90
47386.64
47380.07
47376.12
47369.54
47362.97
47356.39
47352.45
47345.87
47340.61
47335.35
47330.09
47323.51
47318.25
47312.99
47305.10
47299.84
47294.58
47289.32
47282.74
47277.48
47272.22
47266.96
47260.38
47255.12
47248.54
47243.28
47236.71
47232.76
47226.18
47220.92
47214.35
47209.09
47203.82
47198.56
47191.99
47185.41
47180.15
47174.89
47169.63
47163.05
47157.79
47152.53
47147.27
47140.69
47135.43
47128.86
47123.60
47118.33
47111.76
47106.50
47101.24
47095.98
47089.40
47082.82
47077.56
47072.30
47065.73
47061.78
47055.20
47049.94
47044.68
47038.11
47032.84
47026.27
47021.01
47014.43
47009.17
47003.91
46998.65
46992.07
46988.13
46981.55
46976.29
46969.71
46964.45
46957.88
46952.61
46947.35
46940.78
46936.83
46930.26
46924.99
46919.73
46913.16
46906.58
46901.32
46896.06
46890.80
46885.54
46878.96
46873.70
46868.44
46863.18
46855.29
46851.34
46844.77
46839.50
46834.24
46828.98
46822.41
46817.15
46811.88
46805.31
46800.05
46793.47
46788.21
46782.95
46777.69
46771.11
46767.17
46760.59
46755.33
46750.07
46742.18
46736.92
46731.66
46726.39
46719.82
46715.87
46709.30
46704.04
46698.77
46693.51
46686.94
46680.36
46675.10
46669.84
46664.58
46658.00
46654.06
46647.48
46642.22
46636.96
46630.38
46625.12
46618.54
46613.28
46608.02
46602.76
46596.19
46592.24
46585.66
46580.40
46573.83
46567.25
46563.30
46556.73
46551.47
46546.21
46540.95
46534.37
46530.42
46523.85
46517.27
46512.01
46505.43
46501.49
46494.91
46489.65
46484.39
46479.13
46473.87
46468.61
46460.72
46455.46
46450.19
46444.93
46439.67
46433.10
46429.15
46422.57
46417.31
46412.05
46404.16
46400.22
46393.64
46388.38
46383.12
46377.86
46372.60
46367.33
46360.76
46355.50
46348.92
46343.66
46338.40
46331.82
46327.88
46321.30
46316.04
46310.78
46304.20
46300.26
46292.37
46288.42
46281.84
46276.58
46271.32
46266.06
46260.80
46254.22
46248.96
46243.70
46237.13
46231.87
46226.60
46220.03
46214.77
46209.51
46204.25
46198.98
46193.72
46188.46
46180.57
46175.31
46170.05
46164.79
46159.53
46152.95
46149.01
46142.43
46137.17
46131.91
46125.33
46120.07
46113.49
46109.55
46102.97
46099.03
46092.45
46087.19
46081.93
46075.35
46070.09
46063.52
46059.57
46052.99
46047.73
46042.47
46035.90
46031.95
46025.37
46021.43
46013.54
46008.28
46003.01
45997.75
45992.49
45985.92
45981.97
45975.39
45970.13
45964.87
45958.30
45953.04
45946.46
45942.51
45935.94
45931.99
45925.42
45920.15
45914.89
45909.63
45903.06
45896.48
45892.53
45885.96
45880.70
45875.44
45870.18
45864.91
45859.65
45854.39
45847.82
45841.24
45835.98
45830.72
45825.46
45820.20
45814.94
45809.67
45803.10
45799.15
45791.26
45787.32
45780.74
45775.48
45770.22
45764.96
45759.70
45753.12
45749.17
45742.60
45737.34
45730.76
45725.50
45720.24
45714.98
45709.72
45704.46
45699.19
45693.93
45687.36
45683.41
45675.52
45670.26
45665.00
45659.74
45654.48
45647.90
45643.95
45637.38
45633.43
45626.86
45620.28
45615.02
45609.76
45604.50
45599.24
45593.98
45588.71
45582.14
45578.19
45571.62
45566.36
45559.78
45554.52
45549.26
45544.00
45538.74
45533.47
45528.21
45522.95
45516.38
45512.43
45504.54
45499.28
45494.02
45488.76
45483.50
45478.24
45472.97
45467.71
45462.45
45457.19
45449.30
45445.35
45438.78
45433.52
45428.26
45423.00
45417.73
45412.47
45407.21
45401.95
45395.38
45390.11
45383.54
45379.59
45373.02
45367.76
45362.49
45357.23
45351.97
45346.71
45340.14
45334.87
45329.61
45324.35
45319.09
45313.83
45308.57
45301.99
45298.05
45291.47
45286.21
45279.63
45274.37
45269.11
45263.85
45258.59
45253.33
45248.07
45242.81
45236.23
45232.29
45224.39
45220.45
45215.19
45208.61
45204.67
45198.09
45194.14
45187.57
45182.31
45177.05
45170.47
45165.21
45159.95
45154.69
45149.43
45144.17
45138.90
45133.64
45128.38
45123.12
45115.23
45111.28
45104.71
45099.45
45094.19
45088.93
45084.98
45078.40
45073.14
45067.88
45061.31
45056.04
45050.78
45045.52
45040.26
45035.00
45029.74
45024.48
45019.22
45013.96
45007.38
45002.12
44995.54
44991.60
44986.34
44979.76
44975.81
44969.24
44965.29
44958.72
44953.46
44946.88
44941.62
44936.36
44931.10
44925.84
44920.57
44915.31
44910.05
44904.79
44899.53
44892.95
44887.69
44882.43
44877.17
44870.60
44866.65
44861.39
44856.13
44850.87
44844.29
44840.35
44833.77
44828.51
44823.25
44816.67
44812.73
44806.15
44800.89
44796.94
44790.37
44786.42
44778.53
44773.27
44769.32
44762.75
44758.80
44752.22
44746.96
44741.70
44736.44
44732.50
44724.60
44719.34
44714.08
44708.82
44703.56
44698.30
44693.04
44687.78
44682.52
44677.26
44672.00
44665.42
44660.16
44654.90
44649.64
44644.38
44639.11
44633.85
44628.59
44623.33
44618.07
44611.49
44606.23
44600.97
44595.71
44590.45
44585.19
44579.93
44574.67
44569.41
44564.15
44558.88
44552.31
44547.05
44541.79
44536.53
44531.27
44526.00
44520.74
44515.48
44510.22
44504.96
44498.38
44493.12
44487.86
44482.60
44477.34
44472.08
44466.82
44461.56
44456.30
44451.04
44445.77
44439.20
44433.94
44428.68
44423.42
44418.15
44412.89
44407.63
44402.37
44398.43
44391.85
44385.27
44381.33
44374.75
44369.49
44364.23
44358.97
44355.02
44348.45
44343.19
44339.24
44331.35
44327.40
44322.14
44315.57
44311.62
44305.04
44299.78
44295.84
44289.26
44285.32
44280.05
44272.16
44268.22
44262.96
44257.70
44252.43
44247.17
44241.91
44236.65
44231.39
44226.13
44220.87
44214.29
44209.03
44203.77
44198.51
44193.25
44187.99
44182.73
44177.47
44172.21
44166.94
44160.37
44156.42
44149.85
44144.59
44140.64
44134.06
44130.12
44124.86
44118.28
44114.34
44109.07
44101.18
44097.24
44091.98
44086.72
44081.45
44076.19
44070.93
44065.67
44060.41
44055.15
44048.57
44043.31
44038.05
44032.79
44028.84
44022.27
44017.01
44013.06
44006.49
44001.22
43997.28
43990.70
43985.44
43980.18
43974.92
43969.66
43964.40
43959.14
43953.88
43948.62
43943.35
43936.78
43931.52
43927.57
43921.00
43915.73
43911.79
43906.53
43899.95
43896.01
43890.75
43885.48
43878.91
43873.65
43868.39
43863.13
43857.86
43852.60
43847.34
43842.08
43838.14
43831.56
43826.30
43821.04
43814.46
43810.52
43805.25
43798.68
43794.73
43789.47
43784.21
43778.95
43773.69
43767.11
43761.85
43756.59
43752.65
43747.38
43740.81
43736.86
43731.60
43726.34
43721.08
43715.82
43709.24
43703.98
43698.72
43694.77
43688.20
43682.94
43678.99
43673.73
43667.15
43663.21
43656.63
43651.37
43646.11
43640.85
43635.59
43630.33
43625.07
43621.12
43615.86
43609.28
43605.34
43598.76
43593.50
43588.24
43582.98
43577.72
43572.46
43567.20
43563.25
43557.99
43551.41
43547.47
43540.89
43535.63
43530.37
43525.11
43519.85
43514.59
43509.33
43504.07
43500.12
43493.54
43488.28
43483.02
43477.76
43472.50
43467.24
43461.98
43458.03
43451.46
43446.20
43442.25
43436.99
43429.10
43425.15
43419.89
43414.63
43409.37
43404.11
43398.85
43394.90
43388.32
43384.38
43379.12
43372.54
43367.28
43362.02
43356.76
43352.81
43346.24
43340.98
43337.03
43331.77
43326.51
43319.93
43314.67
43309.41
43305.46
43298.89
43294.94
43289.68
43284.42
43279.16
43273.90
43268.64
43262.06
43256.80
43251.54
43247.59
43242.33
43237.07
43231.81
43226.55
43221.29
43217.34
43210.77
43204.19
43200.25
43194.99
43189.72
43184.46
43179.20
43173.94
43170.00
43163.42
43159.47
43154.21
43147.64
43142.38
43137.11
43131.85
43127.91
43122.65
43116.07
43112.13
43106.86
43101.60
43096.34
43089.77
43084.51
43080.56
43075.30
43070.04
43064.78
43059.52
43054.25
43050.31
43045.05
43037.16
43033.21
43027.95
43022.69
43018.74
43012.17
43006.91
43002.96
42997.70
42992.44
42987.18
42980.60
42975.34
42971.39
42966.13
42960.87
42955.61
42950.35
42945.09
42941.14
42934.57
42930.62
42924.05
42918.79
42913.52
42908.26
42903.00
42897.74
42893.80
42888.54
42883.27
42878.01
42871.44
42866.18
42862.23
42856.97
42851.71
42846.45
42841.19
42835.93
42831.98
42826.72
42821.46
42814.88
42809.62
42804.36
42800.41
42793.84
42789.89
42784.63
42779.37
42774.11
42770.16
42763.59
42758.33
42753.07
42747.80
42742.54
42738.60
42732.02
42728.08
42722.82
42717.55
42712.29
42708.35
42700.46
42695.20
42691.25
42685.99
42680.73
42676.78
42671.52
42664.94
42661.00
42655.74
42650.48
42645.22
42639.96
42633.38
42629.43
42624.17
42618.91
42614.97
42609.71
42603.13
42599.18
42593.92
42587.35
42583.40
42578.14
42572.88
42567.62
42562.36
42557.10
42553.15
42547.89
42542.63
42537.37
42530.79
42525.53
42521.58
42516.32
42511.06
42505.80
42501.86
42495.28
42491.33
42486.07
42480.81
42474.24
42470.29
42465.03
42459.77
42454.51
42449.25
42443.99
42440.04
42434.78
42429.52
42425.57
42417.68
42412.42
42408.47
42403.21
42397.95
42394.01
42388.75
42383.48
42378.22
42372.96
42367.70
42361.13
42357.18
42351.92
42346.66
42342.71
42336.14
42330.87
42326.93
42321.67
42316.41
42312.46
42305.89
42300.62
42295.36
42290.10
42284.84
42280.90
42275.64
42270.37
42265.11
42261.17
42255.91
42249.33
42244.07
42238.81
42233.55
42229.60
42224.34
42219.08
42215.13
42209.87
42204.61
42199.35
42192.78
42187.51
42183.57
42178.31
42173.05
42167.79
42163.84
42158.58
42153.32
42149.37
42141.48
42136.22
42132.27
42127.01
42121.75
42117.81
42112.55
42107.28
42102.02
42098.08
42092.82
42087.56
42080.98
42075.72
42070.46
42066.51
42061.25
42055.99
42052.04
42046.78
42041.52
42036.26
42031.00
42024.42
42020.48
42015.22
42009.96
42004.70
42000.75
41995.49
41990.23
41986.28
41981.02
41975.76
41969.19
41963.92
41958.66
41954.72
41949.46
41944.20
41938.93
41934.99
41929.73
41924.47
41920.52
41913.95
41908.68
41903.42
41899.48
41894.22
41888.96
41883.69
41878.43
41873.17
41869.23
41863.97
41857.39
41853.44
41848.18
41842.92
41837.66
41833.72
41828.45
41823.19
41819.25
41813.99
41808.73
41802.15
41796.89
41791.63
41787.68
41782.42
41777.16
41771.90
41767.95
41762.69
41757.43
41753.49
41746.91
41741.65
41736.39
41732.44
41727.18
41721.92
41717.97
41712.71
41707.45
41702.19
41696.93
41690.35
41686.41
41681.15
41675.89
41670.63
41666.68
41661.42
41656.16
41652.21
41646.95
41641.69
41635.12
41631.17
41625.91
41620.65
41616.70
41611.44
41606.18
41600.92
41596.97
41591.71
41586.45
41582.51
41575.93
41570.67
41565.41
41561.46
41556.20
41550.94
41545.68
41540.42
41535.16
41531.21
41525.95
41519.37
41515.43
41510.17
41504.91
41499.65
41495.70
41490.44
41485.18
41481.23
41475.97
41470.71
41464.13
41460.19
41454.93
41449.67
41445.72
41440.46
41435.20
41429.94
41425.99
41420.73
41415.47
41410.21
41404.95
41399.69
41394.43
41390.48
41385.22
41379.96
41376.01
41370.75
41365.49
41361.55
41354.97
41349.71
41344.45
41340.50
41335.24
41329.98
41326.03
41320.77
41315.51
41310.25
41306.31
41301.05
41294.47
41290.52
41285.26
41280.00
41274.74
41270.79
41265.53
41260.27
41256.33
41251.07
41245.81
41239.23
41235.28
41230.02
41224.76
41220.82
41215.55
41210.29
41205.03
41201.09
41195.83
41190.57
41185.30
41180.04
41174.78
41169.52
41165.58
41161.63
41156.37
41151.11
41147.16
41141.90
41136.64
41130.06
41126.12
41120.86
41115.60
41111.65
41106.39
41101.13
41095.87
41091.92
41086.66
41081.40
41077.45
41070.88
41065.62
41060.36
41056.41
41051.15
41045.89
41041.94
41036.68
41031.42
41027.48
41022.21
41015.64
41011.69
41006.43
41002.49
40997.23
40991.96
40988.02
40982.76
40977.50
40972.24
40968.29
40961.71
40956.45
40952.51
40947.25
40941.99
40936.72
40932.78
40927.52
40922.26
40918.31
40913.05
40909.10
40902.53
40897.27
40893.32
40888.06
40882.80
40878.85
40873.59
40868.33
40863.07
40859.13
40853.86
40847.29
40843.34
40838.08
40832.82
40827.56
40824.93
40819.67
40814.41
40809.15
40805.20
40799.94
40793.36
40789.42
40784.16
40778.90
40773.64
40769.69
40764.43
40759.17
40755.22
40751.28
40746.02
40740.75
40734.18
40730.23
40724.97
40719.71
40715.76
40710.50
40705.24
40699.98
40696.04
40690.78
40686.83
40680.25
40676.31
40671.05
40665.79
40660.53
40656.58
40651.32
40646.06
40642.11
40636.85
40631.59
40627.64
40622.38
40617.12
40611.86
40606.60
40602.65
40597.39
40592.13
40588.19
40582.93
40577.67
40573.72
40567.14
40563.20
40557.94
40552.68
40548.73
40543.47
40538.21
40532.95
40529.00
40525.06
40519.79
40513.22
40509.27
40504.01
40498.75
40493.49
40489.54
40484.28
40479.02
40475.08
40471.13
40465.87
40460.61
40455.35
40450.09
40444.83
40439.57
40435.62
40431.67
40426.41
40421.15
40417.21
40411.95
40406.68
40400.11
40396.16
40392.22
40386.96
40381.70
40377.75
40372.49
40367.23
40361.97
40358.02
40352.76
40348.81
40342.24
40338.29
40333.03
40327.77
40323.82
40318.56
40313.30
40309.36
40304.10
40300.15
40294.89
40288.31
40284.37
40279.11
40273.85
40269.90
40264.64
40260.69
40255.43
40250.17
40246.23
40240.96
40237.02
40230.44
40225.18
40221.24
40215.98
40210.71
40206.77
40202.82
40197.56
40192.30
40188.36
40183.09
40177.83
40171.26
40167.31
40163.37
40158.10
40152.84
40148.90
40143.64
40138.38
40134.43
40129.17
40125.22
40118.65
40113.39
40109.44
40104.18
40100.23
40094.97
40091.03
40085.77
40080.51
40075.24
40071.30
40067.35
40060.78
40055.52
40051.57
40046.31
40041.05
40037.10
40031.84
40027.90
40022.64
40017.37
40013.43
40009.48
40002.91
39997.65
39992.39
39988.44
39983.18
39979.23
39973.97
39970.03
39964.77
39959.50
39955.56
39950.30
39945.04
39939.78
39934.51
39930.57
39925.31
39921.36
39916.10
39912.16
39906.89
39901.63
39895.06
39891.11
39887.17
39881.91
39876.64
39872.70
39868.75
39863.49
39858.23
39854.29
39849.02
39843.76
39838.50
39833.24
39829.30
39824.03
39818.77
39814.83
39810.88
39805.62
39800.36
39795.10
39791.15
39787.21
39780.63
39775.37
39771.43
39766.16
39762.22
39756.96
39753.01
39747.75
39742.49
39738.54
39733.28
39729.34
39722.76
39717.50
39713.56
39709.61
39704.35
39699.09
39693.83
39691.20
39685.94
39680.67
39675.41
39670.15
39666.21
39660.95
39655.68
39651.74
39646.48
39642.53
39637.27
39632.01
39628.06
39622.80
39618.86
39612.28
39608.34
39603.08
39599.13
39593.87
39589.92
39584.66
39579.40
39575.46
39570.19
39566.25
39560.99
39554.41
39550.47
39546.52
39541.26
39536.00
39532.05
39526.79
39522.85
39517.58
39512.32
39508.38
39504.43
39497.86
39492.60
39488.65
39484.70
39479.44
39474.18
39468.92
39464.98
39461.03
39455.77
39450.51
39445.25
39441.30
39436.04
39430.78
39426.83
39422.89
39417.63
39412.37
39407.11
39403.16
39399.21
39393.95
39387.38
39383.43
39379.49
39374.22
39368.96
39365.02
39359.76
39355.81
39350.55
39346.60
39341.34
39337.40
39330.82
39326.88
39321.61
39317.67
39312.41
39308.46
39303.20
39297.94
39293.99
39290.05
39284.79
39279.53
39274.27
39270.32
39265.06
39259.80
39255.85
39251.91
39246.65
39241.39
39236.12
39232.18
39228.23
39221.66
39216.40
39212.45
39208.50
39203.24
39197.98
39194.04
39190.09
39184.83
39179.57
39175.62
39170.36
39165.10
39161.16
39155.89
39150.63
39146.69
39142.74
39137.48
39132.22
39126.96
39124.33
39119.07
39113.81
39107.23
39103.29
39099.34
39094.08
39090.13
39084.87
39080.93
39075.67
39071.72
39066.46
39061.20
39057.25
39051.99
39046.73
39041.47
39037.52
39033.58
39028.32
39023.06
39019.11
39015.16
39009.90
39005.96
39000.70
38994.12
38990.18
38986.23
38980.97
38975.71
38971.76
38967.82
38962.56
38957.29
38953.35
38949.40
38944.14
38938.88
38933.62
38928.36
38924.41
38920.47
38915.21
38909.95
38906.00
38902.05
38896.79
38892.85
38887.59
38882.33
38877.06
38873.12
38867.86
38862.60
38858.65
38854.71
38849.44
38845.50
38840.24
38836.29
38832.35
38825.77
38820.51
38816.56
38812.62
38807.36
38802.10
38798.15
38792.89
38788.94
38785.00
38779.74
38774.48
38769.22
38765.27
38760.01
38754.75
38750.80
38746.86
38741.60
38737.65
38732.39
38727.13
38723.18
38719.24
38712.66
38708.71
38703.45
38699.51
38695.56
38690.30
38685.04
38681.09
38677.15
38671.89
38667.94
38662.68
38656.11
38653.47
38648.21
38642.95
38639.01
38633.75
38629.80
38624.54
38620.59
38615.33
38611.39
38607.44
38600.87
38595.60
38591.66
38587.71
38582.45
38578.51
38573.25
38567.98
38564.04
38560.09
38556.15
38550.89
38544.31
38540.36
38536.42
38531.16
38527.21
38521.95
38518.01
38514.06
38508.80
38503.54
38499.59
38494.33
38489.07
38485.12
38479.86
38474.60
38470.66
38466.71
38461.45
38457.50
38452.24
38448.30
38444.35
38439.09
38433.83
38428.57
38423.31
38420.68
38415.42
38410.16
38406.21
38400.95
38397.00
38393.06
38387.80
38382.54
38377.28
38373.33
38369.38
38364.12
38358.86
38354.92
38350.97
38345.71
38341.76
38336.50
38331.24
38327.30
38322.04
38318.09
38312.83
38307.57
38303.62
38299.68
38294.42
38290.47
38285.21
38281.26
38277.32
38272.06
38266.80
38261.53
38256.27
38253.64
38248.38
38243.12
38239.18
38233.91
38229.97
38226.02
38220.76
38216.82
38210.24
38206.29
38202.35
38197.09
38193.14
38187.88
38183.94
38179.99
38174.73
38170.78
38165.52
38160.26
38156.32
38151.05
38145.79
38141.85
38136.59
38132.64
38128.70
38123.43
38119.49
38114.23
38110.28
38106.34
38101.08
38095.81
38090.55
38086.61
38082.66
38077.40
38073.46
38068.19
38064.25
38058.99
38055.04
38051.10
38045.84
38040.57
38035.31
38031.37
38027.42
38022.16
38018.22
38012.95
38009.01
38005.06
37999.80
37995.86
37990.60
37985.33
37981.39
37976.13
37972.18
37966.92
37961.66
37957.71
37953.77
37949.82
37944.56
37940.62
37935.36
37930.09
37926.15
37920.89
37916.94
37911.68
37907.74
37903.79
37898.53
37894.58
37889.32
37885.38
37881.43
37876.17
37870.91
37865.65
37861.70
37856.44
37852.50
37848.55
37843.29
37839.34
37834.08
37830.14
37826.19
37820.93
37815.67
37810.41
37806.46
37802.52
37798.57
37793.31
37788.05
37784.10
37780.16
37776.21
37770.95
37767.01
37760.43
37755.17
37752.54
37747.28
37743.33
37738.07
37734.12
37728.86
37724.92
37720.97
37715.71
37711.77
37705.19
37701.24
37697.30
37693.35
37688.09
37684.15
37678.88
37674.94
37670.99
37665.73
37661.79
37656.53
37652.58
37647.32
37643.37
37638.11
37632.85
37628.91
37623.64
37621.01
37615.75
37611.81
37606.55
37602.60
37597.34
37592.08
37588.13
37582.87
37578.93
37573.67
37569.72
37565.77
37561.83
37556.57
37552.62
37547.36
37543.42
37539.47
37532.89
37528.95
37523.69
37519.74
37515.80
37511.85
37506.59
37502.64
37497.38
37493.44
37488.18
37485.55
37478.97
37475.02
37469.76
37464.50
37460.56
37456.61
37452.66
37447.40
37443.46
37438.20
37434.25
37430.31
37426.36
37419.78
37415.84
37410.58
37406.63
37402.69
37398.74
37393.48
37389.53
37384.27
37380.33
37376.38
37371.12
37365.86
37360.60
37356.65
37352.71
37348.76
37343.50
37339.55
37334.29
37330.35
37325.09
37321.14
37317.19
37311.93
37306.67
37302.73
37297.47
37293.52
37289.57
37285.63
37280.37
37276.42
37271.16
37267.22
37263.27
37259.32
37252.75
37248.80
37243.54
37239.60
37235.65
37231.70
37226.44
37222.50
37217.24
37213.29
37209.35
37205.40
37198.82
37194.88
37189.62
37185.67
37181.73
37177.78
37172.52
37168.57
37163.31
37159.37
37154.11
37151.48
37146.21
37140.95
37135.69
37131.75
37126.49
37122.54
37118.59
37114.65
37109.39
37105.44
37100.18
37096.24
37092.29
37087.03
37081.77
37077.82
37072.56
37068.62
37064.67
37060.72
37056.78
37051.52
37047.57
37042.31
37038.36
37034.42
37029.16
37023.90
37019.95
37014.69
37010.74
37006.80
37002.85
36997.59
36993.65
36988.39
36984.44
36980.49
36975.23
36971.29
36966.03
36962.08
36956.82
36952.87
36948.93
36944.98
36939.72
36935.78
36930.52
36926.57
36921.31
36917.36
36912.10
36908.16
36904.21
36898.95
36895.00
36889.74
36887.11
36881.85
36877.91
36872.64
36868.70
36862.12
36858.18
36854.23
36850.29
36846.34
36841.08
36837.13
36831.87
36827.93
36823.98
36820.04
36814.77
36810.83
36805.57
36800.31
36796.36
36792.42
36788.47
36783.21
36779.26
36774.00
36770.06
36766.11
36762.17
36758.22
36752.96
36747.70
36742.44
36738.49
36734.55
36730.60
36725.34
36721.39
36717.45
36712.19
36708.24
36704.29
36700.35
36693.77
36689.83
36685.88
36680.62
36676.67
36672.73
36668.78
36663.52
36659.58
36655.63
36650.37
36646.42
36642.48
36637.22
36631.96
36628.01
36624.07
36618.80
36614.86
36610.91
36606.97
36601.71
36597.76
36593.81
36588.55
36584.61
36579.35
36575.40
36570.14
36566.19
36562.25
36556.99
36553.04
36549.10
36545.15
36539.89
36535.94
36532.00
36525.42
36521.48
36517.53
36513.59
36509.64
36504.38
36500.43
36495.17
36491.23
36487.28
36483.34
36479.39
36474.13
36468.87
36463.61
36459.66
36455.72
36451.77
36447.82
36442.56
36438.62
36434.67
36429.41
36425.46
36420.20
36417.57
36412.31
36407.05
36403.11
36397.84
36393.90
36389.95
36386.01
36382.06
36376.80
36372.86
36368.91
36363.65
36359.70
36353.13
36350.50
36346.55
36341.29
36337.34
36332.08
36328.14
36324.19
36320.25
36316.30
36311.04
36307.09
36301.83
36296.57
36292.63
36288.68
36284.73
36280.79
36275.53
36271.58
36267.64
36262.38
36258.43
36253.17
36250.54
36245.28
36240.02
36236.07
36232.13
36226.86
36222.92
36218.97
36215.03
36211.08
36205.82
36201.87
36197.93
36192.67
36187.41
36183.46
36179.52
36175.57
36170.31
36166.36
36162.42
36157.16
36153.21
36149.27
36145.32
36141.37
36136.11
36130.85
36126.91
36121.65
36117.70
36113.75
36109.81
36105.86
36100.60
36096.66
36092.71
36087.45
36083.50
36079.56
36074.30
36070.35
36065.09
36061.14
36057.20
36051.94
36047.99
36044.05
36040.10
36036.15
36032.21
36026.95
36023.00
36017.74
36012.48
36008.53
36004.59
36000.64
35996.70
35991.44
35987.49
35983.55
35978.28
35974.34
35970.39
35966.45
35961.19
35957.24
35951.98
35948.03
35944.09
35938.83
35934.88
35930.94
35926.99
35923.04
35919.10
35913.84
35908.58
35904.63
35899.37
35895.42
35891.48
35887.53
35883.59
35878.33
35874.38
35870.44
35865.17
35861.23
35857.28
35852.02
35848.08
35844.13
35838.87
35834.92
35830.98
35825.72
35821.77
35819.14
35813.88
35809.93
35805.99
35800.73
35795.47
35791.52
35786.26
35783.63
35779.68
35775.74
35770.48
35766.53
35762.59
35757.32
35753.38
35749.43
35745.49
35740.23
35736.28
35731.02
35727.07
35723.13
35717.87
35713.92
35709.98
35706.03
35702.08
35698.14
35692.88
35688.93
35683.67
35678.41
35674.46
35670.52
35666.57
35662.63
35658.68
35654.74
35649.48
35645.53
35641.58
35636.32
35632.38
35627.12
35623.17
35619.22
35615.28
35611.33
35606.07
35602.13
35598.18
35592.92
35588.97
35585.03
35581.08
35577.14
35571.88
35567.93
35562.67
35558.72
35554.78
35550.83
35546.89
35542.94
35537.68
35533.73
35529.79
35525.84
35520.58
35515.32
35511.38
35507.43
35503.48
35499.54
35494.28
35490.33
35486.39
35482.44
35477.18
35473.23
35469.29
35465.34
35461.40
35456.14
35452.19
35446.93
35442.98
35439.04
35433.78
35429.83
35425.89
35421.94
35417.99
35414.05
35410.10
35404.84
35399.58
35395.63
35391.69
35386.43
35383.80
35379.85
35375.91
35370.65
35366.70
35362.75
35357.49
35353.55
35349.60
35344.34
35340.39
35336.45
35332.50
35328.56
35323.30
35319.35
35315.41
35310.14
35306.20
35302.25
35298.31
35294.36
35289.10
35285.15
35281.21
35275.95
35272.00
35268.06
35264.11
35258.85
35254.90
35252.27
35247.01
35243.07
35239.12
35233.86
35228.60
35224.65
35220.71
35216.76
35212.82
35208.87
35204.93
35200.98
35195.72
35191.77
35187.83
35183.88
35177.31
35173.36
35169.41
35165.47
35161.52
35157.58
35153.63
35149.69
35144.42
35140.48
35136.53
35132.59
35127.33
35122.07
35118.12
35115.49
35110.23
35106.28
35102.34
35098.39
35093.13
35089.18
35085.24
35081.29
35077.35
35073.40
35069.46
35064.20
35058.93
35054.99
35051.04
35047.10
35043.15
35037.89
35033.94
35030.00
35026.05
35022.11
35018.16
35014.22
35008.96
35003.69
34999.75
34995.80
34991.86
34986.60
34983.97
34980.02
34976.07
34972.13
34966.87
34962.92
34958.98
34953.72
34948.45
34944.51
34940.56
34936.62
34932.67
34928.73
34924.78
34920.83
34916.89
34911.63
34907.68
34903.74
34899.79
34894.53
34889.27
34885.32
34882.69
34878.75
34873.49
34869.54
34865.59
34861.65
34857.70
34852.44
34848.50
34844.55
34839.29
34835.34
34831.40
34827.45
34823.51
34819.56
34814.30
34810.35
34806.41
34802.46
34798.52
34793.26
34789.31
34784.05
34781.42
34777.47
34772.21
34768.27
34764.32
34760.38
34756.43
34751.17
34747.22
34743.28
34739.33
34735.39
34731.44
34726.18
34722.23
34718.29
34714.34
34709.08
34705.14
34701.19
34697.24
34693.30
34688.04
34684.09
34681.46
34677.52
34672.25
34666.99
34663.05
34659.10
34655.16
34651.21
34647.27
34642.00
34638.06
34634.11
34630.17
34626.22
34622.28
34617.02
34613.07
34609.12
34605.18
34599.92
34595.97
34592.03
34588.08
34584.13
34580.19
34576.24
34572.30
34568.35
34564.41
34559.14
34553.88
34549.94
34545.99
34542.05
34538.10
34534.16
34528.89
34524.95
34521.00
34517.06
34514.43
34510.48
34503.90
34499.96
34496.01
34492.07
34488.12
34484.18
34478.92
34474.97
34471.02
34467.08
34463.13
34459.19
34455.24
34451.30
34446.03
34442.09
34438.14
34434.20
34428.94
34424.99
34421.04
34417.10
34413.15
34409.21
34405.26
34401.32
34397.37
34392.11
34388.16
34384.22
34378.96
34375.01
34371.07
34367.12
34363.17
34359.23
34355.28
34350.02
34347.39
34343.45
34339.50
34334.24
34330.29
34325.03
34321.09
34317.14
34313.20
34309.25
34305.30
34301.36
34296.10
34292.15
34288.21
34284.26
34280.31
34276.37
34272.42
34267.16
34263.22
34259.27
34255.33
34251.38
34247.43
34243.49
34238.23
34234.28
34230.34
34226.39
34221.13
34217.18
34214.55
34209.29
34205.35
34201.40
34197.45
34193.51
34189.56
34185.62
34181.67
34176.41
34172.47
34167.20
34163.26
34159.31
34155.37
34151.42
34148.79
34143.53
34139.58
34135.64
34131.69
34127.75
34123.80
34119.86
34114.59
34109.33
34105.39
34101.44
34097.50
34093.55
34089.61
34085.66
34083.03
34077.77
34073.82
34069.88
34065.93
34061.99
34058.04
34052.78
34048.83
34043.57
34039.63
34035.68
34031.73
34027.79
34023.84
34019.90
34015.95
34013.32
34008.06
34004.11
33998.85
33994.91
33990.96
33987.02
33983.07
33979.13
33975.18
33969.92
33965.97
33962.03
33958.08
33954.14
33950.19
33947.56
33942.30
33938.35
33933.09
33929.15
33925.20
33921.26
33917.31
33913.36
33909.42
33905.47
33901.53
33897.58
33892.32
33887.06
33883.11
33880.48
33876.54
33872.59
33868.65
33864.70
33860.75
33856.81
33852.86
33847.60
33843.66
33839.71
33835.76
33830.50
33826.56
33822.61
33818.67
33814.72
33810.78
33806.83
33802.88
33798.94
33794.99
33791.05
33787.10
33783.16
33779.21
33773.95
33770.00
33766.06
33762.11
33758.17
33752.90
33748.96
33745.01
33741.07
33737.12
33733.18
33729.23
33725.28
33721.34
33716.08
33713.45
33709.50
33705.56
33700.30
33696.35
33692.40
33688.46
33684.51
33680.57
33676.62
33672.68
33668.73
33664.78
33659.52
33655.58
33651.63
33647.69
33643.74
33639.79
33635.85
33631.90
33627.96
33624.01
33620.07
33616.12
33612.17
33608.23
33602.97
33599.02
33595.08
33591.13
33587.19
33583.24
33577.98
33574.03
33570.09
33566.14
33562.20
33558.25
33554.30
33549.04
33546.41
33542.47
33538.52
33534.58
33530.63
33526.68
33522.74
33518.79
33514.85
33509.59
33505.64
33501.69
33497.75
33492.49
33488.54
33484.60
33480.65
33476.71
33472.76
33468.81
33464.87
33460.92
33456.98
33453.03
33449.09
33446.45
33442.51
33437.25
33433.30
33429.36
33425.41
33420.15
33416.20
33412.26
33408.31
33404.37
33400.42
33396.48
33392.53
33388.58
33384.64
33379.38
33375.43
33371.49
33367.54
33363.59
33359.65
33355.70
33351.76
33349.13
33345.18
33341.24
33337.29
33333.34
33329.40
33324.14
33320.19
33316.25
33312.30
33308.36
33304.41
33299.15
33295.20
33291.26
33287.31
33283.37
33279.42
33275.47
33271.53
33266.27
33262.32
33258.38
33254.43
33250.48
33247.85
33243.91
33239.96
33236.02
33232.07
33228.13
33224.18
33220.23
33216.29
33211.03
33207.08
33203.14
33199.19
33195.24
33191.30
33187.35
33183.41
33179.46
33175.52
33171.57
33167.62
33163.68
33159.73
33154.47
33150.53
33146.58
33142.64
33138.69
33134.74
33130.80
33126.85
33122.91
33118.96
33115.02
33112.38
33108.44
33104.49
33099.23
33095.29
33091.34
33087.40
33083.45
33079.50
33075.56
33071.61
33067.67
33063.72
33059.78
33055.83
33051.88
33047.94
33042.68
33038.73
33034.79
33030.84
33026.89
33022.95
33019.00
33015.06
33011.11
33007.17
33003.22
32999.27
32995.33
32991.38
32986.12
32982.18
32979.55
32975.60
32971.65
32967.71
32963.76
32959.82
32955.87
32951.93
32947.98
32944.03
32940.09
32936.14
32930.88
32926.94
32922.99
32919.05
32915.10
32911.15
32907.21
32903.26
32899.32
32895.37
32891.43
32887.48
32883.53
32879.59
32874.33
32870.38
32867.75
32863.81
32859.86
32855.91
32851.97
32848.02
32844.08
32840.13
32836.19
32832.24
32828.29
32824.35
32819.09
32815.14
32812.51
32808.57
32804.62
32800.67
32796.73
32792.78
32788.84
32784.89
32780.95
32777.00
32773.05
32769.11
32763.85
32759.90
32755.96
32752.01
32749.38
32745.43
32741.49
32737.54
32733.60
32729.65
32725.71
32721.76
32717.81
32713.87
32709.92
32704.66
32700.72
32696.77
32692.82
32688.88
32684.93
32680.99
32677.04
32673.10
32669.15
32665.20
32662.57
32658.63
32654.68
32649.42
32645.48
32641.53
32637.58
32633.64
32629.69
32625.75
32621.80
32617.86
32613.91
32611.28
32607.33
32603.39
32599.44
32594.18
32590.24
32586.29
32582.34
32579.71
32575.77
32571.82
32567.88
32563.93
32559.99
32556.04
32552.09
32548.15
32544.20
32538.94
32535.00
32531.05
32528.42
32524.47
32520.53
32516.58
32512.64
32508.69
32504.75
32500.80
32496.85
32492.91
32488.96
32485.02
32479.76
32475.81
32473.18
32469.23
32465.29
32461.34
32457.40
32453.45
32449.51
32445.56
32441.61
32437.67
32433.72
32429.78
32424.52
32421.89
32417.94
32413.99
32410.05
32406.10
32402.16
32398.21
32394.27
32390.32
32386.37
32382.43
32378.48
32375.85
32370.59
32366.65
32362.70
32358.75
32354.81
32350.86
32346.92
32342.97
32339.03
32335.08
32332.45
32328.50
32324.56
32320.61
32316.67
32311.41
32307.46
32303.51
32299.57
32295.62
32291.68
32289.05
32285.10
32281.16
32277.21
32273.26
32269.32
32265.37
32261.43
32256.17
32252.22
32249.59
32245.64
32241.70
32237.75
32233.81
32229.86
32225.92
32221.97
32218.02
32214.08
32211.45
32207.50
32202.24
32198.30
32194.35
32190.40
32186.46
32182.51
32179.88
32175.94
32171.99
32168.05
32164.10
32160.15
32156.21
32152.26
32148.32
32144.37
32140.43
32136.48
32132.53
32128.59
32124.64
32120.70
32116.75
32114.12
32110.17
32106.23
32102.28
32098.34
32094.39
32089.13
32085.19
32081.24
32078.61
32074.66
32070.72
32066.77
32062.83
32058.88
32054.94
32050.99
32047.04
32044.41
32040.47
32036.52
32031.26
32027.32
32023.37
32019.42
32015.48
32012.85
32008.90
32004.96
32001.01
31997.06
31993.12
31989.17
31985.23
31982.60
31977.34
31973.39
31969.44
31965.50
31961.55
31957.61
31954.98
31951.03
31947.09
31943.14
31939.19
31935.25
31931.30
31928.67
31924.73
31919.47
31915.52
31911.57
31907.63
31903.68
31901.05
31897.11
31893.16
31889.22
31885.27
31881.32
31877.38
31874.75
31870.80
31865.54
31861.60
31857.65
31853.70
31849.76
31847.13
31843.18
31839.24
31835.29
31831.34
31827.40
31823.45
31820.82
31816.88
31812.93
31807.67
31803.72
31799.78
31797.15
31793.20
31789.26
31785.31
31781.37
31777.42
31774.79
31770.84
31766.90
31762.95
31759.01
31755.06
31749.80
31747.17
31743.22
31739.28
31735.33
31731.39
31727.44
31724.81
31720.87
31716.92
31712.97
31709.03
31705.08
31702.45
31697.19
31693.25
31689.30
31685.35
31681.41
31678.78
31674.83
31670.89
31666.94
31662.99
31659.05
31655.10
31651.16
31647.21
31644.58
31639.32
31635.37
31631.43
31627.48
31623.54
31619.59
31615.65
31613.02
31609.07
31605.12
31601.18
31597.23
31593.29
31590.66
31586.71
31581.45
31577.50
31573.56
31570.93
31566.98
31563.04
31559.09
31555.15
31551.20
31548.57
31544.62
31540.68
31536.73
31532.79
31528.84
31524.89
31520.95
31517.00
31513.06
31510.43
31506.48
31502.54
31498.59
31494.64
31492.01
31488.07
31484.12
31480.18
31476.23
31470.97
31468.34
31464.39
31460.45
31456.50
31452.56
31448.61
31445.98
31442.04
31438.09
31434.14
31430.20
31426.25
31422.31
31418.36
31413.10
31410.47
31406.52
31402.58
31398.63
31394.69
31392.06
31388.11
31384.16
31380.22
31376.27
31373.64
31369.70
31365.75
31361.81
31357.86
31353.91
31349.97
31346.02
31342.08
31339.45
31335.50
31331.56
31327.61
31323.66
31321.03
31317.09
31313.14
31309.20
31306.57
31301.30
31297.36
31293.41
31289.47
31285.52
31281.58
31278.95
31275.00
31271.05
31267.11
31263.16
31259.22
31255.27
31252.64
31247.38
31243.43
31239.49
31235.54
31232.91
31228.97
31225.02
31221.08
31218.44
31214.50
31210.55
31206.61
31202.66
31200.03
31196.09
31190.82
31186.88
31184.25
31180.30
31176.36
31172.41
31169.78
31165.84
31161.89
31157.94
31154.00
31150.05
31146.11
31143.48
31139.53
31134.27
31130.32
31126.38
31122.43
31119.80
31115.86
31111.91
31107.97
31105.33
31101.39
31097.44
31093.50
31090.87
31086.92
31082.98
31077.71
31073.77
31071.14
31067.19
31063.25
31059.30
31056.67
31052.73
31048.78
31044.83
31042.20
31038.26
31034.31
31030.37
31026.42
31021.16
31017.21
31013.27
31010.64
31006.69
31002.75
30998.80
30996.17
30992.22
30988.28
30984.33
30981.70
30977.76
30973.81
30969.87
30965.92
30961.97
30958.03
30954.08
30951.45
30947.51
30943.56
30940.93
30936.98
30933.04
30929.09
30925.15
30921.20
30917.26
30913.31
30909.36
30905.42
30901.47
30897.53
30894.90
30890.95
30887.01
30883.06
30880.43
30876.48
30872.54
30869.91
30865.96
30862.02
30858.07
30854.12
30850.18
30846.23
30842.29
30839.66
30835.71
30831.77
30827.82
30823.87
30819.93
30815.98
30813.35
30809.41
30805.46
30801.52
30797.57
30793.62
30789.68
30787.05
30783.10
30779.16
30775.21
30772.58
30768.63
30764.69
30762.06
30758.11
30754.17
30750.22
30746.28
30742.33
30738.38
30734.44
30730.49
30726.55
30722.60
30719.97
30716.02
30712.08
30708.13
30705.50
30701.56
30697.61
30694.98
30691.04
30685.77
30683.14
30679.20
30675.25
30671.31
30668.68
30664.73
30660.78
30656.84
30652.89
30648.95
30645.00
30642.37
30638.43
30634.48
30631.85
30626.59
30622.64
30620.01
30616.07
30612.12
30608.18
30605.54
30601.60
30597.65
30595.02
30591.08
30587.13
30583.19
30579.24
30576.61
30571.35
30567.40
30563.46
30559.51
30556.88
30552.94
30548.99
30546.36
30542.41
30538.47
30534.52
30531.89
30527.95
30524.00
30521.37
30516.11
30512.16
30509.53
30505.59
30501.64
30497.70
30493.75
30489.80
30487.17
30483.23
30479.28
30475.34
30472.71
30468.76
30464.81
30460.87
30456.92
30452.98
30450.35
30446.40
30442.46
30439.83
30435.88
30431.93
30427.99
30424.04
30420.10
30417.47
30413.52
30409.57
30405.63
30401.68
30397.74
30395.11
30391.16
30387.22
30383.27
30380.64
30376.69
30372.75
30370.12
30366.17
30362.23
30358.28
30354.33
30349.07
30346.44
30342.50
30338.55
30335.92
30331.98
30328.03
30325.40
30321.45
30317.51
30314.88
30310.93
30306.99
30304.36
30300.41
30296.46
30291.20
30287.26
30283.31
30280.68
30276.74
30272.79
30270.16
30266.21
30263.58
30259.64
30255.69
30253.06
30249.12
30245.17
30242.54
30237.28
30233.33
30229.39
30225.44
30221.50
30218.87
30214.92
30210.97
30208.34
30204.40
30200.45
30197.82
30193.88
30189.93
30187.30
30183.35
30178.09
30175.46
30171.52
30167.57
30163.63
30159.68
30157.05
30153.10
30149.16
30146.53
30142.58
30138.64
30136.01
30132.06
30128.11
30124.17
30120.22
30116.28
30112.33
30109.70
30105.76
30101.81
30097.86
30095.23
30091.29
30087.34
30084.71
30080.77
30076.82
30074.19
30068.93
30066.30
30062.35
30058.41
30054.46
30050.52
30046.57
30043.94
30039.99
30037.36
30033.42
30029.47
30026.84
30022.90
30018.95
30016.32
30011.06
30007.11
30004.48
30000.54
29996.59
29992.64
29988.70
29986.07
29982.12
29978.18
29975.55
29971.60
29968.97
29965.02
29961.08
29958.45
29953.19
29949.24
29945.30
29942.67
29938.72
29934.77
29930.83
29928.20
29924.25
29921.62
29917.68
29913.73
29911.10
29907.15
29903.21
29899.26
29895.32
29891.37
29887.43
29883.48
29880.85
29876.90
29874.27
29870.33
29866.38
29863.75
29859.81
29855.86
29853.23
29849.28
29844.02
29841.39
29837.45
29833.50
29829.56
29826.93
29822.98
29819.03
29816.40
29812.46
29809.83
29805.88
29801.94
29799.31
29795.36
29791.41
29786.15
29782.21
29779.58
29775.63
29773.00
29769.05
29765.11
29762.48
29758.53
29755.90
29751.96
29748.01
29744.07
29741.43
29737.49
29733.54
29728.28
29725.65
29721.71
29719.08
29715.13
29711.18
29708.55
29704.61
29701.98
29698.03
29694.09
29690.14
29686.19
29683.56
29679.62
29675.67
29671.73
29667.78
29665.15
29661.21
29658.57
29654.63
29650.68
29646.74
29642.79
29640.16
29636.22
29633.59
29629.64
29625.69
29623.06
29617.80
29615.17
29611.23
29607.28
29604.65
29600.70
29596.76
29592.81
29590.18
29586.24
29582.29
29579.66
29575.71
29573.08
29569.14
29566.51
29561.25
29557.30
29553.36
29549.41
29546.78
29542.83
29540.20
29536.26
29532.31
29529.68
29525.74
29523.11
29519.16
29515.21
29511.27
29507.32
29503.38
29499.43
29496.80
29492.86
29490.22
29486.28
29482.33
29479.70
29475.76
29473.13
29469.18
29465.24
29461.29
29458.66
29454.71
29449.45
29446.82
29442.88
29440.25
29436.30
29433.67
29429.72
29425.78
29421.83
29417.89
29415.26
29411.31
29408.68
29404.73
29402.10
29398.16
29392.90
29390.27
29386.32
29382.38
29378.43
29375.80
29371.85
29369.22
29365.28
29362.65
29358.70
29354.76
29352.12
29348.18
29344.23
29341.60
29336.34
29332.40
29329.77
29325.82
29321.87
29319.24
29315.30
29312.67
29308.72
29306.09
29302.15
29298.20
29294.25
29291.62
29287.68
29285.05
29279.79
29275.84
29273.21
29269.26
29266.63
29262.69
29258.74
29254.80
29252.17
29248.22
29245.59
29241.64
29239.01
29235.07
29231.12
29228.49
29223.23
29219.29
29215.34
29212.71
29208.76
29206.13
29202.19
29199.56
29195.61
29192.98
29189.04
29185.09
29181.14
29177.20
29174.57
29169.31
29166.68
29162.73
29160.10
29156.15
29153.52
29149.58
29145.63
29143.00
29139.06
29135.11
29132.48
29128.53
29125.90
29121.96
29119.33
29114.07
29110.12
29107.49
29103.55
29099.60
29095.65
29093.02
29089.08
29086.45
29082.50
29079.87
29075.93
29073.29
29069.35
29065.40
29061.46
29057.51
29053.57
29050.94
29046.99
29044.36
29040.41
29037.78
29033.84
29029.89
29025.95
29023.32
29019.37
29016.74
29012.79
29010.16
29006.22
29003.59
28998.33
28994.38
28990.43
28987.80
28983.86
28981.23
28977.28
28974.65
28970.71
28968.08
28964.13
28960.18
28956.24
28953.61
28949.66
28945.72
28941.77
28939.14
28935.19
28932.56
28928.62
28924.67
28920.73
28918.10
28914.15
28911.52
28907.57
28904.94
28901.00
28898.37
28894.42
28889.16
28885.22
28882.59
28878.64
28876.01
28872.06
28869.43
28865.49
28862.86
28858.91
28854.97
28851.02
28848.39
28844.44
28841.81
28837.87
28835.24
28829.98
28827.35
28823.40
28819.45
28815.51
28812.88
28808.93
28806.30
28802.36
28799.73
28797.10
28793.15
28789.20
28785.26
28782.63
28777.37
28774.74
28770.79
28768.16
28764.21
28761.58
28757.64
28753.69
28749.75
28747.12
28743.17
28740.54
28736.59
28733.96
28730.02
28727.39
28723.44
28718.18
28715.55
28711.60
28708.97
28705.03
28702.40
28698.45
28695.82
28691.88
28687.93
28683.98
28681.35
28677.41
28674.78
28670.83
28668.20
28664.26
28660.31
28656.36
28652.42
28649.79
28645.84
28643.21
28639.27
28636.64
28632.69
28630.06
28626.11
28622.17
28619.54
28615.59
28612.96
28607.70
28605.07
28601.12
28598.49
28594.55
28590.60
28586.66
28584.03
28580.08
28577.45
28574.82
28570.87
28568.24
28564.30
28560.35
28556.41
28552.46
28548.52
28545.89
28541.94
28539.31
28536.68
28532.73
28528.79
28524.84
28522.21
28518.27
28515.63
28511.69
28509.06
28506.43
28502.48
28498.54
28493.28
28490.65
28486.70
28484.07
28480.12
28477.49
28474.86
28470.92
28466.97
28463.03
28460.39
28456.45
28453.82
28449.87
28447.24
28443.30
28439.35
28435.41
28431.46
28428.83
28424.88
28422.25
28419.62
28415.68
28411.73
28407.79
28405.15
28401.21
28398.58
28394.63
28392.00
28389.37
28384.11
28380.17
28376.22
28373.59
28369.64
28367.01
28364.38
28360.44
28357.81
28353.86
28349.91
28345.97
28343.34
28340.71
28336.76
28334.13
28330.19
28326.24
28322.29
28318.35
28315.72
28311.77
28309.14
28305.20
28302.57
28299.94
28295.99
28292.04
28288.10
28285.47
28281.52
28278.89
28276.26
28271.00
28268.37
28264.42
28260.48
28257.85
28253.90
28251.27
28247.33
28244.70
28240.75
28238.12
28234.17
28230.23
28227.60
28223.65
28221.02
28218.39
28213.13
28209.18
28206.55
28202.61
28198.66
28196.03
28193.40
28189.46
28186.83
28182.88
28178.93
28176.30
28172.36
28169.73
28165.78
28163.15
28159.21
28155.26
28151.31
28147.37
28144.74
28142.11
28138.16
28135.53
28131.59
28128.96
28125.01
28121.06
28118.43
28114.49
28111.86
28109.23
28105.28
28101.34
28097.39
28093.44
28090.81
28086.87
28084.24
28080.29
28077.66
28073.72
28071.08
28067.14
28063.19
28060.56
28057.93
28053.99
28051.36
28046.10
28042.15
28039.52
28035.57
28032.94
28030.31
28026.37
28023.74
28019.79
28015.84
28013.21
28009.27
28006.64
28002.69
28000.06
27997.43
27993.49
27988.22
27985.59
27981.65
27979.02
27975.07
27972.44
27969.81
27965.87
27961.92
27957.97
27955.34
27952.71
27948.77
27946.14
27942.19
27939.56
27934.30
27930.35
27927.72
27925.09
27921.15
27918.52
27914.57
27910.63
27908.00
27904.05
27901.42
27898.79
27894.84
27892.21
27888.27
27884.32
27881.69
27876.43
27873.80
27871.17
27867.22
27864.59
27860.65
27856.70
27854.07
27851.44
27847.49
27844.86
27840.92
27838.29
27834.34
27830.40
27827.77
27825.14
27819.87
27817.24
27813.30
27809.35
27806.72
27802.78
27800.15
27797.52
27793.57
27790.94
27786.99
27783.05
27780.42
27777.79
27773.84
27771.21
27765.95
27763.32
27759.37
27755.43
27752.80
27750.17
27746.22
27743.59
27740.96
27737.01
27733.07
27730.44
27726.49
27723.86
27719.92
27717.29
27713.34
27708.08
27705.45
27702.82
27698.87
27696.24
27693.61
27689.67
27685.72
27683.09
27679.14
27676.51
27673.88
27669.94
27667.31
27663.36
27659.42
27656.79
27652.84
27648.89
27646.26
27642.32
27639.69
27635.74
27631.80
27629.17
27626.53
27622.59
27619.96
27616.01
27612.07
27609.44
27606.81
27602.86
27600.23
27596.28
27592.34
27588.39
27585.76
27581.82
27579.19
27576.56
27572.61
27569.98
27566.03
27562.09
27559.46
27556.83
27552.88
27550.25
27546.31
27541.04
27538.41
27535.78
27531.84
27529.21
27526.58
27522.63
27518.69
27516.06
27512.11
27509.48
27506.85
27504.22
27500.27
27496.33
27493.70
27489.75
27485.80
27483.17
27479.23
27475.28
27472.65
27468.71
27466.08
27463.45
27459.50
27456.87
27452.92
27448.98
27446.35
27443.72
27439.77
27437.14
27434.51
27429.25
27425.30
27422.67
27420.04
27416.10
27413.47
27409.52
27406.89
27402.94
27400.31
27396.37
27393.74
27391.11
27387.16
27383.22
27380.59
27376.64
27372.69
27370.06
27367.43
27363.49
27359.54
27356.91
27352.97
27350.34
27347.70
27343.76
27339.81
27337.18
27333.24
27330.61
27327.98
27325.35
27321.40
27316.14
27313.51
27309.56
27306.93
27304.30
27300.36
27297.73
27293.78
27291.15
27287.20
27284.57
27281.94
27278.00
27274.05
27271.42
27267.48
27264.85
27260.90
27258.27
27254.32
27250.38
27247.75
27243.80
27241.17
27238.54
27234.59
27231.96
27228.02
27225.39
27221.44
27218.81
27216.18
27212.24
27208.29
27204.34
27201.71
27197.77
27195.14
27192.51
27188.56
27184.62
27181.99
27179.35
27175.41
27172.78
27170.15
27166.20
27162.26
27159.63
27157.00
27153.05
27150.42
27145.16
27141.21
27138.58
27135.95
27133.32
27129.38
27126.75
27122.80
27118.85
27116.22
27113.59
27110.96
27107.02
27104.39
27100.44
27097.81
27092.55
27089.92
27087.29
27083.34
27079.40
27076.77
27074.14
27070.19
27067.56
27064.93
27060.98
27057.04
27054.41
27051.78
27047.83
27045.20
27041.25
27038.62
27033.36
27030.73
27028.10
27025.47
27021.53
27017.58
27014.95
27012.32
27008.37
27005.74
27003.11
26999.17
26995.22
26992.59
26989.96
26986.01
26983.38
26978.12
26975.49
26971.55
26968.92
26966.29
26963.66
26959.71
26955.76
26953.13
26950.50
26946.56
26943.93
26939.98
26937.35
26933.41
26930.78
26928.14
26922.88
26920.25
26916.31
26913.68
26909.73
26907.10
26904.47
26901.84
26897.89
26893.95
26891.32
26888.69
26884.74
26882.11
26878.17
26875.54
26871.59
26867.64
26865.01
26862.38
26858.44
26854.49
26851.86
26849.23
26845.28
26842.65
26838.71
26836.08
26832.13
26829.50
26826.87
26824.24
26820.30
26816.35
26813.72
26809.77
26807.14
26803.20
26800.57
26796.62
26793.99
26790.04
26787.41
26784.78
26780.84
26776.89
26774.26
26771.63
26769.00
26765.06
26762.42
26758.48
26754.53
26751.90
26747.96
26745.33
26741.38
26738.75
26734.80
26732.17
26729.54
26726.91
26722.97
26719.02
26716.39
26713.76
26709.82
26707.18
26704.55
26699.29
26696.66
26692.72
26690.09
26687.46
26683.51
26679.56
26676.93
26674.30
26671.67
26669.04
26665.10
26661.15
26658.52
26655.89
26651.95
26649.31
26645.37
26641.42
26638.79
26634.85
26632.22
26629.59
26625.64
26621.69
26619.06
26616.43
26613.80
26609.86
26605.91
26603.28
26600.65
26598.02
26594.07
26591.44
26586.18
26583.55
26580.92
26576.98
26574.35
26571.72
26567.77
26565.14
26561.19
26558.56
26555.93
26551.99
26549.36
26545.41
26542.78
26540.15
26537.52
26533.57
26528.31
26525.68
26523.05
26520.42
26516.48
26512.53
26509.90
26507.27
26504.64
26500.69
26498.06
26494.12
26491.49
26488.86
26484.91
26482.28
26478.33
26474.39
26471.76
26467.81
26465.18
26462.55
26458.61
26455.97
26452.03
26449.40
26446.77
26442.82
26440.19
26436.25
26433.62
26430.99
26428.35
26424.41
26420.46
26416.52
26413.89
26411.26
26407.31
26404.68
26400.73
26398.10
26395.47
26392.84
26388.90
26384.95
26382.32
26379.69
26377.06
26373.11
26370.48
26366.54
26362.59
26359.96
26357.33
26353.39
26349.44
26346.81
26344.18
26341.55
26337.60
26334.97
26331.03
26328.40
26325.77
26323.14
26319.19
26315.24
26312.61
26309.98
26306.04
26303.41
26299.46
26295.52
26292.89
26290.26
26287.62
26283.68
26279.73
26277.10
26274.47
26271.84
26269.21
26265.27
26261.32
26258.69
26256.06
26253.43
26248.17
26244.22
26241.59
26238.96
26236.33
26233.70
26229.75
26225.81
26223.18
26220.55
26217.92
26213.97
26210.03
26207.40
26204.76
26202.13
26199.50
26194.24
26190.30
26187.67
26185.04
26182.41
26178.46
26175.83
26171.88
26169.25
26166.62
26163.99
26160.05
26157.42
26153.47
26150.84
26148.21
26144.26
26141.63
26137.69
26135.06
26131.11
26128.48
26124.54
26121.90
26119.27
26116.64
26112.70
26108.75
26106.12
26103.49
26100.86
26098.23
26094.28
26090.34
26087.71
26085.08
26081.13
26077.19
26074.56
26070.61
26067.98
26065.35
26062.72
26058.77
26056.14
26052.20
26049.57
26046.94
26042.99
26040.36
26037.73
26035.10
26031.15
26028.52
26023.26
26020.63
26018.00
26015.37
26011.43
26007.48
26004.85
26002.22
25999.59
25996.96
25993.01
25990.38
25986.44
25983.81
25981.17
25977.23
25974.60
25971.97
25968.02
25964.08
25961.45
25957.50
25954.87
25952.24
25949.61
25945.66
25941.72
25939.09
25936.46
25933.83
25931.20
25927.25
25924.62
25921.99
25918.04
25915.41
25910.15
25907.52
25904.89
25902.26
25899.63
25895.68
25891.74
25889.11
25886.48
25883.85
25879.90
25877.27
25874.64
25870.69
25868.06
25865.43
25861.49
25857.54
25854.91
25852.28
25848.34
25844.39
25841.76
25839.13
25836.50
25833.87
25829.92
25827.29
25824.66
25820.72
25818.09
25814.14
25811.51
25808.88
25806.25
25803.62
25798.36
25794.41
25791.78
25789.15
25786.52
25782.57
25779.94
25777.31
25774.68
25770.74
25768.11
25764.16
25761.53
25758.90
25756.27
25752.32
25749.69
25747.06
25743.12
25739.17
25736.54
25732.59
25729.96
25727.33
25724.70
25720.76
25718.13
25715.50
25711.55
25708.92
25704.97
25702.34
25699.71
25697.08
25694.45
25690.51
25686.56
25682.62
25679.99
25677.36
25673.41
25670.78
25668.15
25665.52
25662.89
25658.94
25656.31
25652.37
25649.74
25647.10
25643.16
25640.53
25637.90
25635.27
25631.32
25627.38
25624.75
25620.80
25618.17
25615.54
25611.59
25608.96
25606.33
25603.70
25601.07
25597.13
25594.50
25590.55
25587.92
25585.29
25581.34
25578.71
25574.77
25572.14
25569.51
25565.56
25562.93
25560.30
25556.35
25553.72
25549.78
25547.15
25544.52
25541.89
25537.94
25535.31
25532.68
25530.05
25527.42
25523.47
25518.21
25515.58
25512.95
25510.32
25506.37
25503.74
25501.11
25498.48
25495.85
25491.91
25489.28
25485.33
25482.70
25480.07
25476.12
25473.49
25470.86
25468.23
25464.29
25460.34
25457.71
25455.08
25452.45
25448.50
25444.56
25441.93
25439.30
25436.67
25434.04
25430.09
25427.46
25424.83
25422.20
25418.25
25415.62
25412.99
25410.36
25405.10
25402.47
25398.52
25395.89
25393.26
25390.63
25386.69
25384.06
25381.43
25378.80
25374.85
25372.22
25369.59
25366.96
25364.33
25360.38
25356.44
25353.81
25349.86
25347.23
25343.29
25340.65
25338.02
25335.39
25332.76
25328.82
25326.19
25323.56
25320.93
25316.98
25314.35
25310.40
25307.77
25305.14
25302.51
25298.57
25294.62
25291.99
25289.36
25285.41
25282.78
25280.15
25277.52
25273.58
25270.95
25268.32
25265.69
25263.06
25259.11
25255.16
25252.53
25249.90
25247.27
25243.33
25239.38
25236.75
25234.12
25231.49
25227.54
25224.91
25222.28
25219.65
25215.71
25213.08
25210.45
25207.82
25203.87
25201.24
25197.29
25194.66
25192.03
25189.40
25185.46
25181.51
25178.88
25176.25
25172.30
25169.67
25167.04
25164.41
25161.78
25157.84
25155.21
25152.58
25149.95
25146.00
25143.37
25140.74
25138.11
25135.48
25131.53
25128.90
25123.64
25121.01
25118.38
25114.43
25111.80
25109.17
25106.54
25102.60
25099.97
25097.34
25094.71
25092.07
25088.13
25085.50
25082.87
25080.24
25076.29
25073.66
25069.72
25067.09
25064.45
25060.51
25057.88
25055.25
25052.62
25048.67
25046.04
25043.41
25040.78
25036.84
25034.20
25031.57
25027.63
25025.00
25022.37
25018.42
25014.48
25011.85
25009.22
25005.27
25002.64
25000.01
24997.38
24994.75
24990.80
24988.17
24985.54
24982.91
24978.96
24976.33
24973.70
24971.07
24968.44
24964.50
24961.87
24957.92
24955.29
24951.34
24948.71
24946.08
24943.45
24939.51
24936.88
24934.25
24931.62
24928.99
24925.04
24922.41
24919.78
24917.15
24913.20
24910.57
24907.94
24905.31
24901.37
24897.42
24894.79
24892.16
24889.53
24885.58
24882.95
24880.32
24877.69
24873.75
24871.12
24868.48
24865.85
24863.22
24859.28
24856.65
24854.02
24851.39
24846.13
24843.50
24840.86
24838.23
24835.60
24831.66
24829.03
24826.40
24823.77
24819.82
24817.19
24814.56
24811.93
24807.98
24805.35
24802.72
24800.09
24797.46
24793.52
24789.57
24786.94
24784.31
24780.36
24777.73
24775.10
24772.47
24768.53
24765.90
24763.27
24760.64
24758.00
24754.06
24751.43
24748.80
24746.17
24742.22
24739.59
24736.96
24733.02
24730.39
24726.44
24723.81
24721.18
24718.55
24714.60
24711.97
24709.34
24706.71
24702.77
24700.13
24697.50
24694.87
24692.24
24688.30
24685.67
24683.04
24680.41
24675.15
24672.51
24669.88
24667.25
24664.62
24660.68
24658.05
24655.42
24652.79
24648.84
24646.21
24643.58
24640.95
24637.00
24634.37
24631.74
24629.11
24626.48
24621.22
24618.59
24615.96
24613.33
24609.38
24606.75
24604.12
24601.49
24598.86
24596.23
24593.60
24590.97
24587.02
24584.39
24581.76
24579.13
24575.19
24572.56
24569.93
24565.98
24563.35
24559.40
24556.77
24554.14
24551.51
24547.57
24544.94
24542.31
24539.68
24535.73
24533.10
24530.47
24527.84
24525.21
24521.26
24518.63
24516.00
24513.37
24508.11
24505.48
24504.16
24501.53
24497.59
24494.96
24492.33
24489.70
24485.75
24483.12
24480.49
24477.86
24473.91
24471.28
24468.65
24466.02
24463.39
24459.45
24456.82
24452.87
24450.24
24446.29
24443.66
24441.03
24438.40
24435.77
24433.14
24430.51
24427.88
24423.93
24421.30
24418.67
24416.04
24412.10
24409.47
24406.84
24404.21
24401.58
24396.32
24393.68
24391.05
24388.42
24384.48
24381.85
24379.22
24376.59
24373.96
24371.33
24368.70
24366.06
24362.12
24359.49
24356.86
24354.23
24350.28
24347.65
24345.02
24341.08
24337.13
24334.50
24331.87
24329.24
24326.61
24322.66
24321.35
24318.72
24314.77
24312.14
24309.51
24306.88
24302.93
24300.30
24297.67
24295.04
24292.41
24288.47
24284.52
24281.89
24279.26
24275.31
24274.00
24271.37
24268.74
24264.79
24262.16
24259.53
24256.90
24252.95
24250.32
24247.69
24245.06
24241.12
24238.49
24235.86
24233.23
24230.60
24226.65
24224.02
24221.39
24217.44
24214.81
24212.18
24209.55
24205.61
24202.98
24200.34
24197.71
24195.08
24191.14
24189.82
24187.19
24183.25
24180.62
24177.99
24175.36
24170.09
24167.46
24164.83
24162.20
24159.57
24155.63
24153.00
24151.68
24147.74
24145.10
24142.47
24139.84
24135.90
24133.27
24130.64
24128.01
24125.38
24121.43
24118.80
24116.17
24112.22
24109.59
24106.96
24104.33
24101.70
24097.76
24095.13
24092.50
24089.87
24085.92
24084.60
24081.97
24078.03
24075.40
24072.77
24070.14
24067.51
24063.56
24059.61
24056.98
24054.35
24051.72
24049.09
24046.46
24042.52
24039.89
24037.26
24034.63
24031.99
24028.05
24025.42
24022.79
24020.16
24017.53
24014.90
24012.27
24008.32
24004.37
24001.74
23999.11
23996.48
23992.54
23991.22
23988.59
23984.65
23982.02
23979.39
23976.75
23972.81
23970.18
23967.55
23964.92
23962.29
23959.66
23957.03
23954.40
23950.45
23946.50
23943.87
23941.24
23937.30
23934.67
23933.35
23930.72
23926.78
23924.15
23921.51
23918.88
23914.94
23912.31
23909.68
23907.05
23904.42
23901.79
23899.16
23896.53
23891.26
23888.63
23886.00
23883.37
23880.74
23878.11
23875.48
23871.54
23868.91
23866.27
23863.64
23861.01
23857.07
23855.75
23853.12
23849.18
23846.55
23843.92
23841.29
23836.02
23833.39
23832.08
23829.45
23825.50
23822.87
23820.24
23817.61
23813.67
23811.03
23808.40
23805.77
23803.14
23800.51
23797.88
23795.25
23791.31
23788.68
23786.05
23783.41
23779.47
23776.84
23774.21
23770.26
23767.63
23765.00
23762.37
23759.74
23757.11
23754.48
23751.85
23747.90
23745.27
23742.64
23740.01
23737.38
23734.75
23732.12
23729.49
23725.54
23721.60
23718.97
23716.34
23713.71
23711.08
23708.45
23704.50
23701.87
23699.24
23696.61
23693.98
23691.35
23688.72
23686.09
23682.14
23679.51
23676.88
23674.25
23671.62
23668.99
23665.04
23662.41
23658.47
23655.84
23654.52
23650.58
23647.95
23645.32
23642.68
23638.74
23636.11
23634.79
23632.16
23628.22
23625.59
23622.96
23620.33
23616.38
23615.06
23611.12
23607.17
23604.54
23601.91
23599.28
23596.65
23594.02
23591.39
23588.76
23584.81
23582.18
23579.55
23576.92
23574.29
23571.66
23569.03
23566.40
23562.46
23559.82
23558.51
23553.25
23550.62
23547.99
23545.36
23541.41
23538.78
23537.47
23533.52
23530.89
23528.26
23525.63
23523.00
23520.37
23517.74
23515.11
23511.16
23508.53
23505.90
23503.27
23500.64
23496.69
23494.06
23491.43
23487.49
23484.86
23483.54
23479.60
23476.96
23474.33
23471.70
23467.76
23466.44
23463.81
23461.18
23457.24
23454.61
23451.98
23449.35
23446.71
23442.77
23440.14
23436.19
23433.56
23432.25
23429.62
23425.67
23423.04
23420.41
23417.78
23415.15
23412.52
23409.89
23405.94
23403.31
23400.68
23399.37
23395.42
23392.79
23390.16
23386.21
23382.27
23380.95
23378.32
23374.38
23371.75
23369.12
23366.49
23363.85
23361.22
23358.59
23355.96
23352.02
23350.70
23348.07
23344.13
23341.50
23338.87
23336.23
23333.60
23329.66
23327.03
23324.40
23320.45
23317.82
23316.51
23312.56
23309.93
23307.30
23304.67
23302.04
23299.41
23296.78
23294.15
23290.20
23288.89
23286.26
23282.31
23279.68
23277.05
23273.10
23270.47
23267.84
23265.21
23262.58
23258.64
23257.32
23254.69
23250.74
23248.11
23245.48
23242.85
23240.22
23237.59
23234.96
23232.33
23228.39
23227.07
23224.44
23220.49
23216.55
23213.92
23211.29
23208.66
23206.03
23203.40
23199.45
23198.13
23195.50
23192.87
23188.93
23186.30
23184.98
23181.04
23178.41
23175.78
23173.15
23170.51
23167.88
23165.25
23161.31
23157.36
23156.05
23153.42
23149.47
23146.84
23144.21
23141.58
23138.95
23136.32
23133.69
23131.06
23128.43
23125.80
23123.17
23119.22
23116.59
23115.28
23111.33
23108.70
23104.75
23102.12
23099.49
23096.86
23094.23
23091.60
23087.66
23086.34
23083.71
23079.76
23077.13
23075.82
23071.87
23069.24
23066.61
23063.98
23061.35
23058.72
23056.09
23053.46
23048.20
23046.88
23044.25
23040.31
23037.68
23035.05
23033.73
23029.78
23027.15
23024.52
23021.89
23019.26
23016.63
23014.00
23010.06
23008.74
23006.11
23002.16
22999.53
22998.22
22995.59
22990.33
22987.70
22985.07
22982.44
22979.81
22977.18
22974.54
22971.91
22969.28
22966.65
22964.02
22960.08
22958.76
22956.13
22952.19
22949.56
22948.24
22944.29
22941.66
22939.03
22935.09
22932.46
22929.83
22927.20
22924.57
22921.94
22919.30
22916.67
22912.73
22910.10
22908.78
22904.84
22902.21
22899.58
22898.26
22894.32
22891.68
22889.05
22886.42
22883.79
22879.85
22877.22
22874.59
22871.96
22869.33
22866.70
22862.75
22861.43
22858.80
22854.86
22852.23
22850.91
22846.97
22844.34
22841.71
22839.08
22836.44
22833.81
22831.18
22828.55
22824.61
22821.98
22819.35
22816.72
22814.09
22811.46
22807.51
22804.88
22803.56
22799.62
22796.99
22794.36
22793.04
22789.10
22786.47
22783.84
22781.21
22778.57
22775.94
22773.31
22770.68
22766.74
22764.11
22761.48
22758.85
22756.22
22753.59
22749.64
22748.32
22745.69
22741.75
22739.12
22737.80
22733.86
22731.23
22728.60
22727.28
22723.33
22720.70
22718.07
22715.44
22711.50
22708.87
22706.24
22703.61
22700.98
22698.35
22695.71
22693.08
22690.45
22687.82
22683.88
22682.56
22679.93
22675.99
22674.67
22672.04
22668.09
22665.46
22664.15
22661.52
22656.26
22653.63
22652.31
22648.37
22645.74
22643.11
22640.47
22637.84
22635.21
22632.58
22629.95
22627.32
22624.69
22622.06
22619.43
22616.80
22614.17
22611.54
22608.91
22606.28
22602.33
22599.70
22597.07
22594.44
22590.50
22589.18
22586.55
22582.60
22581.29
22578.66
22574.71
22572.08
22570.77
22566.82
22564.19
22561.56
22560.25
22556.30
22553.67
22551.04
22548.41
22544.46
22541.83
22539.20
22536.57
22533.94
22531.31
22528.68
22526.05
22523.42
22520.79
22518.16
22515.53
22512.90
22510.27
22507.64
22505.01
22501.06
22499.74
22497.11
22494.48
22491.85
22487.91
22485.28
22481.33
22480.02
22477.39
22473.44
22472.12
22469.49
22465.55
22462.92
22461.60
22458.97
22455.03
22453.71
22451.08
22447.14
22444.50
22443.19
22439.24
22436.61
22435.30
22431.35
22427.41
22424.78
22423.46
22419.52
22416.88
22415.57
22411.62
22408.99
22406.36
22403.73
22401.10
22398.47
22397.16
22393.21
22390.58
22389.26
22385.32
22382.69
22380.06
22377.43
22373.48
22370.85
22368.22
22365.59
22362.96
22360.33
22357.70
22355.07
22352.44
22349.81
22347.18
22344.55
22341.92
22339.29
22336.66
22334.02
22331.39
22328.76
22326.13
22323.50
22319.56
22316.93
22314.30
22311.67
22309.04
22306.40
22303.77
22301.14
22298.51
22295.88
22293.25
22290.62
22287.99
22285.36
22282.73
22280.10
22277.47
22274.84
22272.21
22269.58
22266.95
22263.00
22260.37
22257.74
22255.11
22252.48
22249.85
22247.22
22244.59
22241.96
22239.33
22236.70
22234.07
22231.44
22228.81
22226.18
22223.54
22220.91
22218.28
22215.65
22213.02
22210.39
22206.45
22203.82
22201.19
22198.56
22195.92
22193.29
22190.66
22188.03
22185.40
22182.77
22180.14
22177.51
22174.88
22172.25
22169.62
22166.99
22164.36
22161.73
22160.41
22156.47
22153.84
22151.21
22147.26
22144.63
22143.32
22139.37
22136.74
22135.42
22131.48
22128.85
22126.22
22124.90
22120.96
22118.33
22117.01
22113.07
22110.43
22109.12
22105.17
22102.54
22101.23
22098.60
22093.34
22092.02
22089.39
22085.45
22084.13
22081.50
22077.55
22076.24
22073.61
22069.66
22068.35
22065.72
22063.09
22060.46
22057.83
22055.19
22052.56
22049.93
22047.30
22044.67
22042.04
22038.10
22035.47
22032.84
22030.21
22027.57
22024.94
22022.31
22019.68
22017.05
22014.42
22011.79
22009.16
22006.53
22003.90
22001.27
21998.64
21997.32
21993.38
21990.75
21989.43
21985.49
21981.54
21980.23
21976.28
21974.97
21972.33
21968.39
21967.07
21964.44
21961.81
21959.18
21956.55
21953.92
21951.29
21948.66
21946.03
21943.40
21940.77
21938.14
21935.51
21932.88
21930.25
21926.30
21923.67
21921.04
21918.41
21915.78
21914.46
21910.52
21907.89
21906.57
21902.63
21900.00
21898.68
21896.05
21892.11
21890.79
21888.16
21884.21
21882.90
21880.27
21876.32
21875.01
21872.38
21868.43
21865.80
21863.17
21860.54
21857.91
21855.28
21852.65
21850.02
21847.39
21844.76
21842.13
21839.50
21836.87
21834.24
21832.92
21830.29
21826.34
21825.03
21822.40
21818.45
21817.14
21813.19
21809.25
21807.93
21805.30
21802.67
21800.04
21797.41
21794.78
21792.15
21789.52
21786.89
21784.26
21781.63
21779.00
21776.36
21775.05
21771.10
21768.47
21767.16
21764.53
21760.58
21757.95
21755.32
21751.38
21750.06
21747.43
21744.80
21742.17
21739.54
21736.91
21734.28
21731.65
21729.02
21726.39
21725.07
21721.12
21718.49
21717.18
21713.23
21710.60
21709.29
21705.34
21704.03
21700.08
21697.45
21694.82
21692.19
21689.56
21686.93
21684.30
21681.67
21679.04
21676.41
21673.78
21671.15
21668.52
21665.88
21663.25
21661.94
21659.31
21655.36
21654.05
21651.42
21648.79
21644.84
21642.21
21639.58
21636.95
21634.32
21631.69
21629.06
21627.74
21623.80
21621.17
21619.85
21615.91
21614.59
21611.96
21608.01
21606.70
21604.07
21600.12
21598.81
21596.18
21593.55
21589.60
21586.97
21584.34
21581.71
21580.39
21576.45
21573.82
21572.50
21568.56
21567.24
21564.61
21561.98
21559.35
21556.72
21554.09
21551.46
21548.83
21546.20
21543.57
21542.25
21538.31
21535.68
21533.05
21530.42
21526.47
21525.15
21522.52
21519.89
21517.26
21514.63
21512.00
21509.37
21506.74
21504.11
21501.48
21498.85
21496.22
21494.90
21492.27
21488.33
21487.01
21484.38
21481.75
21479.12
21475.18
21472.55
21469.91
21467.28
21464.65
21463.34
21460.71
21456.76
21455.45
21452.82
21450.19
21447.56
21444.93
21442.29
21439.66
21437.03
21434.40
21431.77
21430.46
21426.51
21425.20
21421.25
21417.31
21415.99
21413.36
21410.73
21408.10
21405.47
21402.84
21400.21
21397.58
21394.95
21393.63
21391.00
21387.05
21385.74
21383.11
21380.48
21377.85
21375.22
21372.59
21369.96
21367.33
21363.38
21362.07
21359.43
21355.49
21354.17
21351.54
21348.91
21346.28
21343.65
21341.02
21338.39
21335.76
21333.13
21331.81
21329.18
21325.24
21323.92
21321.29
21318.66
21316.03
21313.40
21310.77
21306.83
21304.19
21301.56
21300.25
21297.62
21294.99
21292.36
21289.73
21287.10
21284.47
21281.84
21279.21
21276.57
21273.94
21271.31
21270.00
21266.05
21264.74
21262.11
21259.48
21256.85
21252.90
21250.27
21247.64
21246.32
21242.38
21241.06
21238.43
21234.49
21233.17
21230.54
21227.91
21225.28
21223.97
21220.02
21217.39
21216.07
21212.13
21210.81
21208.18
21205.55
21202.92
21200.29
21196.35
21193.72
21192.40
21188.45
21187.14
21184.51
21181.88
21179.25
21176.62
21173.99
21171.36
21168.73
21166.10
21164.78
21162.15
21158.20
21156.89
21154.26
21151.63
21149.00
21146.37
21143.74
21142.42
21137.16
21134.53
21133.21
21130.58
21127.95
21125.32
21122.69
21120.06
21118.75
21114.80
21112.17
21110.86
21106.91
21105.59
21102.96
21100.33
21097.70
21096.39
21092.44
21091.13
21088.50
21083.24
21081.92
21079.29
21076.66
21074.03
21071.40
21068.77
21067.45
21063.51
21062.19
21059.56
21056.93
21054.30
21051.67
21049.04
21046.41
21045.09
21041.15
21039.83
21037.20
21034.57
21031.94
21028.00
21025.36
21022.73
21021.42
21017.47
21016.16
21013.53
21010.90
21008.27
21005.64
21003.01
21000.38
20997.74
20995.11
20993.80
20991.17
20988.54
20985.91
20983.28
20980.65
20979.33
20975.39
20974.07
20970.12
20967.49
20964.86
20962.23
20959.60
20956.97
20955.66
20951.71
20950.40
20947.77
20945.14
20942.50
20939.87
20937.24
20935.93
20931.98
20930.67
20928.04
20925.41
20922.78
20920.15
20917.52
20913.57
20912.25
20908.31
20906.99
20904.36
20901.73
20899.10
20896.47
20893.84
20892.53
20889.90
20887.27
20884.63
20882.00
20879.37
20876.74
20874.11
20871.48
20870.17
20866.22
20864.91
20862.28
20858.33
20855.70
20854.38
20850.44
20849.12
20846.49
20843.86
20841.23
20838.60
20835.97
20834.66
20830.71
20829.39
20826.76
20824.13
20821.50
20818.87
20816.24
20813.61
20812.30
20808.35
20807.04
20803.09
20800.46
20797.83
20796.51
20792.57
20791.25
20788.62
20785.99
20783.36
20780.73
20778.10
20776.79
20772.84
20771.52
20768.89
20766.26
20763.63
20762.32
20758.37
20757.06
20754.43
20751.80
20749.17
20745.22
20742.59
20741.27
20737.33
20736.01
20733.38
20730.75
20728.12
20726.81
20722.86
20721.55
20718.91
20716.28
20713.65
20711.02
20708.39
20707.08
20703.13
20701.82
20699.19
20696.56
20693.93
20689.98
20687.35
20684.72
20683.40
20679.46
20678.14
20675.51
20672.88
20670.25
20667.62
20664.99
20663.67
20661.04
20658.41
20657.10
20653.15
20651.84
20649.21
20646.58
20643.95
20641.32
20638.69
20637.37
20632.11
20630.79
20628.16
20625.53
20622.90
20621.59
20617.64
20616.33
20613.70
20611.07
20608.43
20605.80
20603.17
20601.86
20597.91
20596.60
20593.97
20591.34
20588.71
20587.39
20583.45
20582.13
20578.18
20575.55
20572.92
20570.29
20567.66
20566.35
20562.40
20561.09
20558.46
20555.83
20553.20
20551.88
20547.93
20546.62
20543.99
20541.36
20538.73
20536.10
20533.47
20532.15
20529.52
20526.89
20525.58
20520.31
20519.00
20516.37
20513.74
20511.11
20508.48
20505.85
20504.53
20500.59
20499.27
20496.64
20494.01
20491.38
20490.06
20486.12
20484.80
20482.17
20479.54
20476.91
20474.28
20472.97
20470.34
20466.39
20463.76
20462.44
20458.50
20457.18
20454.55
20451.92
20449.29
20446.66
20444.03
20442.72
20438.77
20437.45
20434.82
20432.19
20429.56
20428.25
20425.62
20422.99
20420.36
20417.73
20416.41
20412.46
20409.83
20407.20
20404.57
20401.94
20399.31
20396.68
20395.37
20392.74
20390.11
20388.79
20384.84
20383.53
20380.90
20378.27
20375.64
20373.01
20370.38
20369.06
20365.12
20363.80
20361.17
20358.54
20357.22
20353.28
20350.65
20348.02
20345.39
20342.76
20341.44
20337.50
20336.18
20333.55
20330.92
20328.29
20326.97
20324.34
20321.71
20319.08
20316.45
20315.14
20311.19
20309.88
20307.25
20304.62
20301.98
20298.04
20296.72
20294.09
20291.46
20288.83
20287.52
20283.57
20282.26
20279.63
20277.00
20274.36
20271.73
20270.42
20267.79
20265.16
20262.53
20261.21
20257.27
20255.95
20253.32
20250.69
20249.38
20245.43
20244.11
20240.17
20237.54
20234.91
20232.28
20229.65
20228.33
20225.70
20223.07
20221.76
20217.81
20216.49
20213.86
20211.23
20208.60
20205.97
20204.66
20202.03
20199.40
20196.77
20195.45
20191.51
20190.19
20187.56
20183.61
20182.30
20178.35
20177.04
20174.41
20171.78
20169.15
20166.52
20163.89
20162.57
20159.94
20157.31
20155.99
20152.05
20150.73
20148.10
20145.47
20144.16
20140.21
20138.90
20136.27
20133.63
20129.69
20128.37
20125.74
20123.11
20120.48
20117.85
20116.54
20112.59
20111.28
20108.65
20106.01
20104.70
20100.75
20099.44
20096.81
20094.18
20091.55
20090.23
20087.60
20084.97
20082.34
20079.71
20078.39
20073.13
20071.82
20069.19
20066.56
20065.24
20062.61
20059.98
20057.35
20054.72
20053.41
20050.77
20048.14
20045.51
20042.88
20041.57
20038.94
20036.31
20033.68
20031.05
20028.42
20027.10
20024.47
20021.84
20020.52
20015.26
20013.95
20011.32
20008.69
20007.37
20003.43
20002.11
19999.48
19996.85
19995.53
19992.90
19990.27
19987.64
19985.01
19982.38
19981.07
19978.44
19975.81
19973.18
19970.55
19969.23
19966.60
19963.97
19961.34
19957.39
19956.08
19953.45
19950.82
19949.50
19945.56
19944.24
19941.61
19938.98
19937.66
19933.72
19932.40
19929.77
19927.14
19925.83
19923.20
19920.57
19917.94
19915.31
19913.99
19911.36
19908.73
19904.78
19902.15
19899.52
19898.21
19895.58
19892.95
19891.63
19887.69
19886.37
19883.74
19881.11
19879.79
19875.85
19874.53
19871.90
19869.27
19867.96
19864.01
19862.70
19861.38
19857.44
19856.12
19853.49
19850.86
19848.23
19844.28
19842.97
19840.34
19837.71
19836.39
19832.45
19831.13
19828.50
19825.87
19824.55
19821.92
19819.29
19816.66
19814.03
19812.72
19810.09
19807.46
19804.83
19802.20
19800.88
19798.25
19795.62
19792.99
19790.36
19787.73
19785.10
19782.47
19781.15
19778.52
19775.89
19773.26
19770.63
19769.31
19766.68
19764.05
19761.42
19760.11
19757.48
19754.85
19752.22
19749.59
19748.27
19745.64
19743.01
19740.38
19739.06
19735.12
19732.49
19729.86
19728.54
19725.91
19723.28
19720.65
19718.02
19716.70
19714.07
19711.44
19708.81
19707.50
19704.87
19702.24
19699.61
19696.98
19695.66
19693.03
19690.40
19687.77
19686.45
19683.82
19679.88
19677.25
19675.93
19673.30
19670.67
19668.04
19665.41
19664.10
19661.46
19658.83
19657.52
19654.89
19652.26
19649.63
19647.00
19645.68
19643.05
19640.42
19639.11
19635.16
19633.84
19631.21
19628.58
19627.27
19623.32
19620.69
19619.38
19615.43
19614.12
19611.49
19608.86
19607.54
19603.59
19602.28
19599.65
19597.02
19595.70
19593.07
19590.44
19589.13
19585.18
19583.87
19581.24
19578.61
19577.29
19574.66
19572.03
19568.08
19565.45
19564.14
19561.51
19558.88
19557.56
19554.93
19552.30
19549.67
19548.35
19545.72
19543.09
19540.46
19537.83
19536.52
19533.89
19531.26
19529.94
19527.31
19524.68
19523.37
19519.42
19518.10
19515.47
19511.53
19510.21
19506.27
19504.95
19502.32
19499.69
19498.38
19495.75
19493.11
19491.80
19489.17
19486.54
19483.91
19481.28
19479.96
19477.33
19474.70
19472.07
19470.76
19468.13
19465.49
19464.18
19461.55
19458.92
19457.60
19452.34
19451.03
19448.40
19445.77
19444.45
19440.51
19439.19
19436.56
19433.93
19432.61
19429.98
19427.35
19426.04
19423.41
19420.78
19418.15
19416.83
19414.20
19411.57
19410.25
19406.31
19404.99
19402.36
19398.42
19397.10
19394.47
19391.84
19390.53
19387.90
19385.27
19382.63
19380.00
19378.69
19376.06
19373.43
19370.80
19369.48
19366.85
19364.22
19362.91
19360.28
19357.65
19356.33
19352.38
19351.07
19348.44
19345.81
19343.18
19340.55
19337.92
19335.29
19333.97
19331.34
19328.71
19327.39
19324.76
19322.13
19320.82
19316.87
19315.56
19312.93
19310.30
19308.98
19306.35
19303.72
19301.09
19299.78
19297.14
19294.51
19293.20
19290.57
19286.62
19285.31
19281.36
19280.05
19277.42
19274.79
19273.47
19270.84
19268.21
19265.58
19264.26
19261.63
19259.00
19257.69
19255.06
19252.43
19251.11
19247.17
19245.85
19243.22
19240.59
19239.27
19236.64
19234.01
19230.07
19228.75
19226.12
19223.49
19222.18
19219.55
19216.92
19215.60
19211.65
19210.34
19207.71
19206.39
19203.76
19201.13
19199.82
19195.87
19194.56
19193.24
19189.30
19187.98
19185.35
19182.72
19181.40
19178.77
19174.83
19172.20
19170.88
19168.25
19165.62
19164.31
19160.36
19159.04
19157.73
19155.10
19152.47
19149.84
19148.52
19145.89
19143.26
19141.95
19138.00
19136.69
19134.06
19131.42
19130.11
19127.48
19124.85
19123.53
19120.90
19116.96
19114.33
19113.01
19110.38
19107.75
19106.44
19103.80
19101.17
19098.54
19097.23
19094.60
19091.97
19090.65
19088.02
19085.39
19084.08
19081.45
19078.82
19076.18
19074.87
19072.24
19069.61
19068.29
19063.03
19061.72
19060.40
19056.46
19055.14
19052.51
19051.20
19048.56
19045.93
19044.62
19040.67
19039.36
19036.73
19034.10
19032.78
19030.15
19028.84
19026.21
19023.58
19022.26
19018.31
19017.00
19014.37
19011.74
19010.42
19006.48
19005.16
19001.22
18999.90
18997.27
18994.64
18993.33
18990.69
18988.06
18986.75
18984.12
18982.80
18978.86
18977.54
18974.91
18972.28
18970.97
18968.34
18967.02
18963.07
18961.76
18960.44
18956.50
18955.18
18952.55
18949.92
18947.29
18944.66
18943.35
18939.40
18938.09
18935.45
18932.82
18931.51
18928.88
18927.56
18924.93
18922.30
18920.99
18917.04
18915.73
18913.10
18911.78
18909.15
18906.52
18905.20
18901.26
18899.94
18897.31
18896.00
18892.05
18889.42
18888.11
18885.48
18882.85
18881.53
18878.90
18876.27
18873.64
18872.32
18869.69
18867.06
18865.75
18863.12
18860.49
18859.17
18856.54
18855.23
18851.28
18849.96
18847.33
18844.70
18843.39
18840.76
18838.13
18834.18
18832.87
18830.24
18827.61
18826.29
18823.66
18822.34
18819.71
18817.08
18815.77
18813.14
18810.51
18807.88
18806.56
18803.93
18801.30
18799.99
18797.35
18794.72
18793.41
18790.78
18789.46
18785.52
18784.20
18780.26
18777.63
18776.31
18773.68
18772.37
18768.42
18767.10
18764.47
18763.16
18760.53
18757.90
18756.58
18753.95
18751.32
18750.01
18747.38
18744.75
18742.11
18740.80
18738.17
18735.54
18734.22
18731.59
18730.28
18727.65
18723.70
18722.39
18719.76
18717.13
18714.49
18713.18
18710.55
18707.92
18706.60
18703.97
18701.34
18698.71
18697.40
18694.77
18692.14
18690.82
18688.19
18686.87
18684.24
18681.61
18680.30
18677.67
18675.04
18672.41
18669.78
18667.15
18664.52
18663.20
18660.57
18659.26
18656.62
18653.99
18652.68
18648.73
18647.42
18644.79
18643.47
18640.84
18638.21
18636.90
18634.27
18631.64
18629.00
18627.69
18626.37
18622.43
18621.11
18618.48
18617.17
18613.22
18610.59
18609.28
18606.65
18604.02
18601.38
18600.07
18597.44
18594.81
18593.49
18590.86
18589.55
18586.92
18584.29
18582.97
18580.34
18577.71
18575.08
18573.76
18571.13
18568.50
18567.19
18564.56
18563.24
18560.61
18556.67
18555.35
18552.72
18551.41
18547.46
18546.14
18543.51
18542.20
18539.57
18536.94
18535.62
18532.99
18530.36
18527.73
18526.42
18525.10
18521.16
18519.84
18517.21
18515.89
18513.26
18510.63
18509.32
18506.69
18505.37
18500.11
18498.80
18496.17
18494.85
18492.22
18489.59
18488.27
18485.64
18483.01
18481.70
18479.07
18477.75
18473.81
18472.49
18469.86
18468.55
18465.92
18463.28
18461.97
18459.34
18458.02
18455.39
18452.76
18451.45
18448.82
18444.87
18442.24
18440.93
18438.30
18436.98
18434.35
18431.72
18430.40
18427.77
18425.14
18423.83
18421.20
18419.88
18415.94
18414.62
18411.99
18410.68
18408.04
18405.41
18404.10
18401.47
18400.15
18396.21
18394.89
18393.58
18390.95
18388.32
18384.37
18383.06
18380.42
18379.11
18376.48
18373.85
18372.53
18369.90
18368.59
18364.64
18363.33
18360.70
18359.38
18356.75
18354.12
18352.81
18350.17
18348.86
18346.23
18343.60
18342.28
18339.65
18337.02
18333.08
18331.76
18329.13
18327.82
18325.19
18322.55
18321.24
18318.61
18317.29
18314.66
18312.03
18310.72
18308.09
18305.46
18302.83
18301.51
18298.88
18297.57
18294.93
18292.30
18290.99
18288.36
18287.04
18284.41
18281.78
18280.47
18276.52
18275.21
18271.26
18269.95
18267.31
18266.00
18263.37
18260.74
18259.42
18256.79
18255.48
18252.85
18250.22
18248.90
18246.27
18244.96
18241.01
18239.69
18237.06
18235.75
18233.12
18230.49
18229.17
18226.54
18225.23
18222.60
18218.65
18217.34
18214.71
18213.39
18210.76
18208.13
18205.50
18204.18
18201.55
18200.24
18197.61
18194.98
18193.66
18191.03
18189.72
18187.09
18184.45
18183.14
18180.51
18179.19
18175.25
18173.93
18171.30
18169.99
18167.36
18163.41
18162.10
18159.47
18158.15
18155.52
18152.89
18151.57
18148.94
18147.63
18145.00
18142.37
18139.74
18138.42
18135.79
18134.48
18131.85
18129.21
18127.90
18125.27
18123.95
18121.32
18118.69
18117.38
18114.75
18113.43
18110.80
18106.86
18104.23
18102.91
18100.28
18098.96
18096.33
18093.70
18092.39
18089.76
18088.44
18085.81
18083.18
18081.87
18079.24
18077.92
18075.29
18072.66
18070.03
18068.71
18066.08
18064.77
18062.14
18059.51
18058.19
18055.56
18054.25
18050.30
18047.67
18046.35
18043.72
18042.41
18039.78
18037.15
18034.52
18033.20
18030.57
18029.26
18026.63
18024.00
18022.68
18020.05
18018.74
18016.10
18013.47
18012.16
18009.53
18008.21
18005.58
18004.27
18000.32
17999.01
17995.06
17993.75
17992.43
17989.80
17987.17
17984.54
17983.22
17980.59
17979.28
17976.65
17974.02
17972.70
17970.07
17968.76
17966.13
17963.50
17960.86
17959.55
17958.23
17955.60
17954.29
17950.34
17949.03
17946.40
17945.08
17942.45
17939.82
17937.19
17934.56
17933.24
17930.61
17929.30
17926.67
17924.04
17922.72
17920.09
17918.78
17916.15
17914.83
17910.89
17909.57
17906.94
17905.62
17902.99
17901.68
17899.05
17896.42
17895.10
17892.47
17891.16
17888.53
17885.90
17883.27
17880.64
17879.32
17876.69
17875.37
17871.43
17870.11
17867.48
17866.17
17863.54
17862.22
17859.59
17856.96
17855.65
17853.02
17851.70
17849.07
17847.75
17845.12
17842.49
17841.18
17838.55
17837.23
17834.60
17831.97
17829.34
17826.71
17825.40
17822.76
17821.45
17818.82
17816.19
17813.56
17812.24
17809.61
17808.30
17805.67
17803.04
17801.72
17799.09
17797.78
17795.14
17793.83
17791.20
17788.57
17787.25
17784.62
17783.31
17780.68
17779.36
17775.42
17774.10
17770.16
17768.84
17766.21
17764.89
17762.26
17759.63
17758.32
17755.69
17754.37
17751.74
17750.43
17747.80
17745.17
17743.85
17741.22
17739.90
17737.27
17735.96
17733.33
17730.70
17728.07
17726.75
17725.44
17722.81
17721.49
17718.86
17714.92
17712.29
17710.97
17708.34
17707.02
17704.39
17703.08
17700.45
17697.82
17696.50
17693.87
17692.56
17689.93
17688.61
17685.98
17683.35
17682.03
17679.40
17678.09
17675.46
17674.14
17670.20
17668.88
17666.25
17664.94
17662.31
17660.99
17658.36
17655.73
17653.10
17650.47
17649.15
17646.52
17645.21
17642.58
17641.26
17638.63
17636.00
17634.69
17632.06
17630.74
17628.11
17626.79
17624.16
17621.53
17620.22
17617.59
17616.27
17613.64
17612.33
17609.70
17608.38
17603.12
17601.81
17599.17
17597.86
17595.23
17593.91
17591.28
17588.65
17587.34
17584.71
17583.39
17580.76
17579.45
17576.82
17575.50
17572.87
17570.24
17568.92
17566.29
17564.98
17562.35
17561.03
17558.40
17555.77
17554.46
17551.83
17550.51
17546.57
17545.25
17542.62
17541.30
17538.67
17536.04
17533.41
17532.10
17529.47
17528.15
17525.52
17524.21
17522.89
17518.95
17517.63
17515.00
17513.68
17511.05
17509.74
17507.11
17505.79
17503.16
17500.53
17499.22
17496.59
17495.27
17492.64
17490.01
17487.38
17486.06
17483.43
17480.80
17479.49
17476.86
17475.54
17472.91
17471.60
17468.97
17467.65
17463.71
17462.39
17459.76
17458.44
17457.13
17454.50
17453.18
17450.55
17449.24
17445.29
17443.98
17441.35
17440.03
17437.40
17436.09
17432.14
17430.82
17428.19
17426.88
17424.25
17421.62
17420.30
17417.67
17416.36
17413.73
17412.41
17409.78
17408.47
17405.83
17403.20
17401.89
17399.26
17397.94
17395.31
17394.00
17391.37
17390.05
17387.42
17384.79
17383.48
17380.85
17378.22
17375.58
17374.27
17371.64
17370.32
17367.69
17366.38
17362.43
17361.12
17358.49
17357.17
17355.86
17353.23
17351.91
17349.28
17347.96
17345.33
17342.70
17340.07
17338.76
17336.13
17334.81
17332.18
17330.87
17328.24
17326.92
17325.61
17320.34
17319.03
17316.40
17315.08
17312.45
17311.14
17308.51
17307.19
17304.56
17303.25
17300.62
17297.99
17296.67
17294.04
17292.72
17290.09
17288.78
17286.15
17284.83
17282.20
17280.89
17278.26
17275.63
17274.31
17271.68
17270.37
17267.74
17265.10
17262.47
17261.16
17258.53
17257.21
17254.58
17253.27
17250.64
17248.01
17246.69
17244.06
17242.75
17240.12
17238.80
17236.17
17234.85
17232.22
17230.91
17226.96
17225.65
17224.33
17221.70
17220.39
17217.76
17216.44
17213.81
17212.50
17208.55
17207.23
17204.60
17203.29
17199.34
17198.03
17195.40
17194.08
17191.45
17190.14
17188.82
17186.19
17184.88
17182.24
17180.93
17178.30
17175.67
17173.04
17171.72
17169.09
17167.78
17165.15
17163.83
17161.20
17159.89
17158.57
17155.94
17153.31
17150.68
17149.36
17145.42
17144.10
17141.47
17140.16
17137.53
17136.21
17133.58
17132.27
17129.64
17128.32
17125.69
17124.37
17123.06
17120.43
17117.80
17115.17
17113.85
17111.22
17109.91
17107.28
17105.96
17103.33
17102.02
17099.38
17096.75
17094.12
17092.81
17090.18
17087.55
17086.23
17083.60
17082.29
17079.66
17078.34
17075.71
17074.40
17071.77
17070.45
17067.82
17066.50
17063.87
17062.56
17059.93
17058.61
17055.98
17053.35
17052.04
17049.41
17048.09
17045.46
17044.15
17040.20
17038.88
17036.25
17034.94
17032.31
17030.99
17028.36
17027.05
17024.42
17023.10
17020.47
17017.84
17016.53
17013.89
17012.58
17009.95
17008.63
17006.00
17004.69
17002.06
17000.74
16998.11
16996.80
16994.17
16992.85
16991.54
16988.91
16987.59
16982.33
16981.01
16978.38
16977.07
16974.44
16973.12
16970.49
16969.18
16966.55
16965.23
16962.60
16961.29
16958.65
16957.34
16956.02
16953.39
16952.08
16949.45
16948.13
16944.19
16942.87
16940.24
16938.93
16936.30
16934.98
16932.35
16931.03
16927.09
16925.77
16924.46
16921.83
16920.51
16917.88
16916.57
16913.94
16912.62
16909.99
16908.68
16906.05
16904.73
16902.10
16899.47
16896.84
16895.52
16892.89
16891.58
16890.26
16887.63
16886.32
16883.69
16882.37
16879.74
16878.43
16875.79
16874.48
16870.53
16869.22
16866.59
16865.27
16862.64
16861.33
16858.70
16857.38
16854.75
16853.44
16850.81
16848.17
16846.86
16844.23
16842.91
16840.28
16838.97
16836.34
16835.02
16832.39
16831.08
16828.45
16827.13
16824.50
16823.19
16820.55
16819.24
16815.29
16813.98
16811.35
16810.03
16807.40
16806.09
16803.46
16802.14
16799.51
16798.20
16795.57
16794.25
16791.62
16790.30
16787.67
16785.04
16783.73
16781.10
16779.78
16777.15
16775.84
16773.21
16771.89
16769.26
16767.95
16765.31
16764.00
16760.05
16758.74
16757.42
16754.79
16753.48
16750.85
16749.53
16746.90
16745.59
16742.96
16741.64
16739.01
16737.70
16735.06
16733.75
16731.12
16729.80
16727.17
16725.86
16723.23
16721.91
16719.28
16717.97
16715.34
16714.02
16711.39
16710.08
16707.44
16703.50
16702.18
16699.55
16698.24
16695.61
16694.29
16691.66
16690.35
16687.72
16686.40
16683.77
16682.46
16679.82
16678.51
16675.88
16674.56
16671.93
16670.62
16667.99
16666.67
16664.04
16662.73
16660.10
16658.78
16657.47
16654.84
16653.52
16650.89
16648.26
16645.63
16644.31
16641.68
16640.37
16637.74
16636.42
16633.79
16632.48
16629.85
16628.53
16625.90
16624.58
16621.95
16620.64
16618.01
16616.69
16614.06
16612.75
16610.12
16608.80
16606.17
16604.86
16602.23
16600.91
16598.28
16596.96
16594.33
16591.70
16590.39
16587.76
16586.44
16583.81
16582.50
16579.87
16578.55
16575.92
16574.61
16571.98
16570.66
16568.03
16566.71
16564.08
16562.77
16560.14
16558.82
16556.19
16554.88
16552.25
16550.93
16548.30
16546.99
16544.36
16543.04
16540.41
16539.09
16535.15
16533.83
16531.20
16529.89
16527.26
16525.94
16523.31
16522.00
16520.68
16518.05
16516.74
16514.10
16512.79
16510.16
16508.84
16506.21
16504.90
16502.27
16500.95
16498.32
16497.01
16494.38
16493.06
16490.43
16489.12
16486.48
16485.17
16482.54
16479.91
16477.28
16475.96
16473.33
16472.02
16469.39
16468.07
16465.44
16464.13
16461.50
16460.18
16457.55
16456.23
16454.92
16452.29
16450.97
16448.34
16447.03
16444.40
16443.08
16440.45
16439.14
16436.51
16435.19
16432.56
16431.25
16428.61
16427.30
16423.35
16422.04
16419.41
16418.09
16415.46
16414.15
16411.52
16410.20
16407.57
16406.26
16403.63
16402.31
16399.68
16398.36
16395.73
16394.42
16391.79
16390.47
16389.16
16386.53
16385.21
16382.58
16381.27
16378.64
16377.32
16376.01
16373.37
16372.06
16369.43
16366.80
16364.17
16362.85
16360.22
16358.91
16356.28
16354.96
16353.65
16351.02
16349.70
16347.07
16345.75
16343.12
16341.81
16339.18
16337.86
16335.23
16333.92
16331.29
16329.97
16327.34
16326.03
16323.40
16322.08
16319.45
16318.13
16315.50
16314.19
16310.24
16308.93
16306.30
16304.98
16302.35
16301.04
16298.41
16297.09
16295.78
16294.46
16291.83
16290.51
16287.88
16286.57
16283.94
16282.62
16279.99
16278.68
16276.05
16274.73
16272.10
16270.79
16268.16
16266.84
16264.21
16262.89
16260.26
16258.95
16257.63
16253.69
16252.37
16249.74
16248.43
16245.80
16244.48
16241.85
16240.54
16237.91
16236.59
16235.27
16232.64
16231.33
16228.70
16227.38
16224.75
16223.44
16222.12
16219.49
16218.18
16215.55
16214.23
16211.60
16210.29
16207.65
16206.34
16203.71
16202.39
16198.45
16197.13
16194.50
16193.19
16190.56
16189.24
16187.93
16186.61
16183.98
16182.67
16180.03
16178.72
16176.09
16174.77
16172.14
16170.83
16168.20
16166.88
16164.25
16162.94
16160.31
16158.99
16156.36
16155.05
16152.41
16151.10
16148.47
16147.15
16145.84
16144.52
16140.58
16139.26
16136.63
16135.32
16132.69
16131.37
16128.74
16127.43
16124.79
16123.48
16120.85
16119.53
16116.90
16115.59
16112.96
16111.64
16109.01
16107.70
16106.38
16105.07
16102.44
16101.12
16098.49
16097.18
16094.54
16093.23
16090.60
16089.28
16085.34
16084.02
16081.39
16080.08
16077.45
16076.13
16073.50
16072.19
16070.87
16069.56
16066.92
16065.61
16062.98
16061.66
16059.03
16057.72
16055.09
16053.77
16051.14
16049.83
16047.20
16045.88
16043.25
16041.94
16039.30
16039.30
16036.67
16035.36
16032.73
16030.10
16027.47
16026.15
16023.52
16022.21
16019.58
16018.26
16015.63
16014.32
16011.68
16010.37
16007.74
16007.74
16005.11
16003.79
16001.16
15999.85
15997.22
15995.90
15993.27
15991.96
15989.33
15988.01
15985.38
15984.06
15981.43
15980.12
15978.80
15977.49
15973.54
15972.23
15969.60
15968.28
15965.65
15964.34
15961.71
15960.39
15957.76
15956.44
15953.81
15952.50
15951.18
15949.87
15947.24
15945.92
15943.29
15941.98
15939.35
15938.03
15935.40
15934.09
15931.46
15930.14
15927.51
15926.19
15924.88
15923.56
15920.93
15918.30
15915.67
15914.36
15911.73
15910.41
15907.78
15906.47
15903.84
15902.52
15899.89
15898.57
15897.26
15894.63
15893.31
15890.68
15889.37
15888.05
15885.42
15884.11
15881.48
15880.16
15877.53
15876.22
15874.90
15872.27
15870.95
15868.32
15867.01
15864.38
15861.75
15859.12
15857.80
15855.17
15853.86
15852.54
15851.23
15848.60
15847.28
15844.65
15843.33
15840.70
15839.39
15836.76
15835.44
15832.81
15831.50
15828.87
15828.87
15826.24
15824.92
15822.29
15820.98
15818.34
15817.03
15814.40
15813.08
15810.45
15809.14
15807.82
15805.19
15802.56
15801.25
15798.62
15797.30
15794.67
15793.36
15790.73
15789.41
15786.78
15786.78
15784.15
15782.83
15780.20
15778.89
15776.26
15774.94
15772.31
15771.00
15768.37
15767.05
15765.74
15763.11
15761.79
15759.16
15757.84
15756.53
15753.90
15752.58
15748.64
15747.32
15744.69
15743.38
15742.06
15739.43
15738.12
15735.49
15734.17
15731.54
15730.22
15727.59
15726.28
15724.96
15723.65
15721.02
15719.70
15717.07
15715.76
15713.13
15711.81
15709.18
15707.87
15706.55
15705.23
15702.60
15701.29
15698.66
15697.34
15693.40
15692.08
15689.45
15688.14
15686.82
15685.51
15682.88
15681.56
15678.93
15677.61
15674.98
15673.67
15671.04
15669.72
15668.41
15665.78
15664.46
15661.83
15660.52
15657.89
15656.57
15655.26
15652.63
15651.31
15649.99
15647.36
15646.05
15643.42
15642.10
15639.47
15636.84
15634.21
15634.21
15631.58
15630.27
15627.64
15626.32
15623.69
15622.37
15619.74
15618.43
15617.11
15615.80
15613.17
15611.85
15609.22
15607.91
15605.28
15603.96
15601.33
15600.02
15598.70
15596.07
15594.75
15592.12
15590.81
15589.49
15586.86
15585.55
15584.23
15580.29
15578.97
15576.34
15575.03
15572.40
15571.08
15568.45
15568.45
15565.82
15564.50
15561.87
15560.56
15557.93
15556.61
15553.98
15553.98
15551.35
15550.04
15547.41
15546.09
15543.46
15542.15
15539.51
15538.20
15536.88
15534.25
15532.94
15530.31
15528.99
15525.05
15523.73
15521.10
15521.10
15518.47
15517.16
15514.53
15513.21
15510.58
15509.26
15506.63
15506.63
15504.00
15502.69
15500.06
15498.74
15496.11
15494.80
15492.17
15490.85
15489.54
15488.22
15485.59
15484.27
15481.64
15480.33
15477.70
15476.38
15475.07
15472.44
15471.12
15467.18
15465.86
15463.23
15463.23
15460.60
15459.29
15456.66
15455.34
15452.71
15451.39
15448.76
15448.76
15446.13
15444.82
15442.19
15440.87
15438.24
15436.93
15434.30
15432.98
15431.67
15429.04
15427.72
15425.09
15423.77
15422.46
15421.14
15418.51
15417.20
15414.57
15411.94
15409.31
15407.99
15406.68
15405.36
15402.73
15401.42
15398.78
15397.47
15394.84
15393.52
15392.21
15389.58
15388.26
15386.95
15384.32
15383.00
15380.37
15379.06
15377.74
15375.11
15373.80
15371.16
15369.85
15367.22
15367.22
15364.59
15363.27
15360.64
15359.33
15355.38
15354.07
15352.75
15351.44
15348.81
15347.49
15344.86
15343.54
15340.91
15339.60
15338.28
15335.65
15334.34
15331.71
15330.39
15327.76
15327.76
15325.13
15323.82
15321.19
15319.87
15317.24
15317.24
15314.61
15313.29
15310.66
15309.35
15306.72
15305.40
15304.09
15300.14
15298.83
15296.20
15294.88
15292.25
15290.94
15289.62
15288.30
15285.67
15284.36
15281.73
15280.41
15279.10
15277.78
15275.15
15273.84
15271.21
15269.89
15267.26
15265.95
15264.63
15262.00
15260.68
15258.05
15256.74
15255.42
15254.11
15251.48
15250.16
15247.53
15246.22
15242.27
15242.27
15239.64
15238.33
15235.70
15234.38
15231.75
15230.43
15229.12
15226.49
15225.17
15222.54
15221.23
15219.91
15218.60
15215.97
15214.65
15212.02
15210.71
15208.08
15208.08
15205.44
15204.13
15201.50
15200.18
15197.55
15196.24
15194.92
15192.29
15190.98
15188.35
15185.72
15184.40
15183.09
15180.46
15179.14
15176.51
15175.19
15173.88
15172.56
15169.93
15168.62
15165.99
15164.67
15163.36
15160.73
15159.41
15156.78
15155.47
15154.15
15152.84
15150.21
15148.89
15146.26
15144.94
15142.31
15142.31
15139.68
15138.37
15135.74
15134.42
15130.48
15129.16
15127.85
15125.22
15123.90
15121.27
15119.95
15118.64
15117.32
15114.69
15113.38
15110.75
15110.75
15108.12
15106.80
15104.17
15102.86
15100.23
15098.91
15097.60
15094.97
15093.65
15091.02
15089.70
15088.39
15087.07
15084.44
15083.13
15080.50
15079.18
15077.87
15075.24
15072.61
15071.29
15068.66
15067.35
15066.03
15063.40
15062.08
15059.45
15058.14
15056.82
15055.51
15052.88
15051.56
15048.93
15048.93
15046.30
15044.99
15042.36
15041.04
15038.41
15037.09
15035.78
15033.15
15031.83
15029.20
15029.20
15026.57
15025.26
15022.63
15020.00
15017.37
15017.37
15014.74
15013.42
15010.79
15009.47
15008.16
15005.53
15004.21
15001.58
15000.27
14997.64
14997.64
14995.01
14993.69
14991.06
14989.75
14988.43
14987.12
14984.49
14983.17
14980.54
14979.22
14977.91
14975.28
14973.96
14971.33
14971.33
14968.70
14967.39
14963.44
14962.13
14959.50
14958.18
14956.87
14954.23
14952.92
14951.60
14950.29
14947.66
14946.34
14943.71
14942.40
14941.08
14939.77
14937.14
14935.82
14933.19
14931.88
14930.56
14927.93
14926.61
14923.98
14923.98
14921.35
14920.04
14917.41
14916.09
14914.78
14913.46
14910.83
14909.52
14905.57
14904.26
14902.94
14900.31
14898.99
14896.36
14895.05
14893.73
14892.42
14889.79
14888.47
14885.84
14885.84
14883.21
14881.90
14879.27
14877.95
14876.64
14874.01
14872.69
14870.06
14868.74
14867.43
14866.11
14863.48
14862.17
14860.85
14858.22
14856.91
14855.59
14851.65
14850.33
14849.02
14846.39
14845.07
14842.44
14842.44
14839.81
14838.49
14835.86
14834.55
14833.23
14830.60
14829.29
14826.66
14825.34
14824.03
14822.71
14820.08
14818.77
14816.14
14816.14
14813.50
14812.19
14809.56
14808.24
14806.93
14804.30
14802.98
14800.35
14800.35
14797.72
14795.09
14792.46
14791.15
14789.83
14787.20
14785.88
14784.57
14781.94
14780.62
14779.31
14776.68
14775.36
14774.05
14772.73
14770.10
14768.79
14766.16
14764.84
14763.53
14760.90
14759.58
14756.95
14756.95
14754.32
14753.00
14750.37
14750.37
14747.74
14746.43
14743.80
14742.48
14741.17
14737.22
14735.91
14733.28
14733.28
14730.64
14729.33
14726.70
14725.38
14724.07
14721.44
14720.12
14718.81
14716.18
14714.86
14713.55
14710.92
14709.60
14708.29
14706.97
14704.34
14703.02
14700.39
14699.08
14697.76
14695.13
14693.82
14692.50
14691.19
14688.56
14687.24
14684.61
14684.61
14680.67
14679.35
14676.72
14675.40
14674.09
14671.46
14670.14
14668.83
14667.51
14664.88
14663.57
14660.94
14659.62
14658.31
14655.68
14654.36
14653.05
14651.73
14649.10
14647.78
14645.15
14645.15
14642.52
14641.21
14638.58
14637.26
14635.95
14633.32
14632.00
14630.69
14629.37
14625.43
14624.11
14621.48
14620.16
14618.85
14617.53
14614.90
14613.59
14612.27
14609.64
14608.33
14607.01
14605.70
14603.07
14601.75
14600.44
14597.81
14596.49
14593.86
14592.54
14591.23
14589.91
14587.28
14585.97
14584.65
14583.34
14580.71
14579.39
14578.08
14575.45
14574.13
14570.19
14570.19
14567.56
14566.24
14563.61
14562.29
14560.98
14558.35
14557.03
14554.40
14554.40
14551.77
14550.46
14547.83
14547.83
14545.20
14543.88
14541.25
14539.94
14538.62
14535.99
14534.67
14533.36
14532.04
14529.41
14528.10
14526.78
14524.15
14522.84
14521.52
14520.21
14517.58
14516.26
14512.32
14512.32
14509.69
14508.37
14505.74
14504.42
14503.11
14500.48
14499.16
14496.53
14496.53
14493.90
14492.59
14489.96
14488.64
14487.33
14486.01
14483.38
14482.07
14480.75
14478.12
14476.80
14475.49
14474.17
14471.54
14470.23
14468.91
14466.28
14464.97
14462.34
14462.34
14458.39
14457.08
14454.45
14453.13
14451.81
14450.50
14447.87
14446.55
14445.24
14442.61
14442.61
14439.98
14438.66
14436.03
14434.72
14433.40
14430.77
14429.46
14428.14
14426.83
14424.19
14422.88
14421.56
14420.25
14417.62
14416.30
14414.99
14412.36
14411.04
14408.41
14408.41
14405.78
14404.47
14400.52
14399.21
14397.89
14395.26
14393.94
14392.63
14391.31
14388.68
14387.37
14386.05
14384.74
14382.11
14380.79
14379.48
14376.85
14375.53
14374.22
14372.90
14370.27
14368.95
14367.64
14365.01
14363.69
14361.06
14361.06
14358.43
14357.12
14354.49
14354.49
14351.86
14350.54
14349.23
14345.28
14343.97
14341.33
14341.33
14338.70
14337.39
14334.76
14333.44
14332.13
14329.50
14328.18
14326.87
14325.55
14322.92
14321.61
14320.29
14318.98
14316.35
14315.03
14313.71
14311.08
14309.77
14308.45
14307.14
14304.51
14303.19
14301.88
14299.25
14297.93
14296.62
14295.30
14292.67
14290.04
14288.73
14286.09
14284.78
14283.46
14282.15
14279.52
14278.20
14276.89
14275.57
14272.94
14271.63
14270.31
14267.68
14266.37
14265.05
14263.74
14261.11
14259.79
14258.47
14255.84
14254.53
14253.21
14251.90
14249.27
14247.95
14246.64
14245.32
14242.69
14241.38
14240.06
14237.43
14236.12
14232.17
14232.17
14229.54
14228.22
14226.91
14224.28
14222.96
14220.33
14220.33
14217.70
14216.39
14215.07
14213.76
14211.13
14209.81
14208.50
14205.87
14204.55
14203.24
14201.92
14199.29
14197.97
14196.66
14194.03
14192.71
14191.40
14190.08
14187.45
14186.14
14184.82
14183.51
14180.88
14179.56
14176.93
14174.30
14172.98
14171.67
14170.35
14167.72
14166.41
14165.09
14162.46
14161.15
14159.83
14158.52
14155.89
14154.57
14153.26
14151.94
14149.31
14148.00
14146.68
14144.05
14144.05
14141.42
14140.10
14137.47
14136.16
14134.84
14132.21
14132.21
14129.58
14128.27
14125.64
14124.32
14121.69
14119.06
14119.06
14116.43
14115.11
14113.80
14112.48
14109.85
14108.54
14107.22
14104.59
14103.28
14101.96
14100.65
14098.02
14096.70
14095.39
14092.76
14091.44
14090.12
14088.81
14086.18
14086.18
14083.55
14082.23
14079.60
14078.29
14076.97
14074.34
14074.34
14071.71
14070.40
14069.08
14065.14
14063.82
14061.19
14061.19
14058.56
14057.24
14055.93
14053.30
14051.98
14050.67
14049.35
14046.72
14045.41
14044.09
14042.78
14040.15
14038.83
14037.52
14034.88
14034.88
14032.25
14030.94
14028.31
14026.99
14025.68
14023.05
14023.05
14020.42
14019.10
14017.79
14016.47
14013.84
14012.53
14011.21
14007.26
14005.95
14004.63
14003.32
14000.69
13999.37
13998.06
13995.43
13995.43
13992.80
13991.48
13990.17
13987.54
13986.22
13984.91
13983.59
13980.96
13979.64
13978.33
13977.01
13974.38
13973.07
13971.75
13969.12
13969.12
13966.49
13965.18
13962.55
13961.23
13959.92
13957.29
13957.29
13954.66
13952.02
13950.71
13949.39
13946.76
13945.45
13944.13
13941.50
13941.50
13938.87
13937.56
13936.24
13933.61
13932.30
13929.67
13929.67
13927.04
13925.72
13924.40
13921.77
13920.46
13919.14
13917.83
13915.20
13915.20
13912.57
13911.25
13909.94
13907.31
13905.99
13904.68
13903.36
13900.73
13899.42
13896.78
13894.15
13892.84
13891.52
13890.21
13887.58
13886.26
13884.95
13883.63
13882.32
13879.69
13878.37
13877.06
13875.74
13873.11
13871.80
13870.48
13867.85
13867.85
13865.22
13863.90
13862.59
13859.96
13858.64
13857.33
13856.01
13853.38
13853.38
13850.75
13849.44
13846.81
13845.49
13844.18
13840.23
13840.23
13837.60
13836.28
13834.97
13832.34
13831.02
13829.71
13828.39
13825.76
13824.45
13823.13
13820.50
13820.50
13817.87
13816.56
13815.24
13813.93
13811.29
13809.98
13808.66
13806.03
13806.03
13803.40
13802.09
13800.77
13798.14
13796.83
13795.51
13794.20
13791.57
13790.25
13788.94
13787.62
13786.31
13782.36
13781.04
13779.73
13778.41
13775.78
13774.47
13773.15
13770.52
13770.52
13767.89
13766.58
13765.26
13762.63
13761.32
13760.00
13758.69
13756.05
13754.74
13753.42
13752.11
13750.79
13748.16
13746.85
13745.53
13744.22
13741.59
13740.27
13738.96
13736.33
13736.33
13733.70
13732.38
13731.07
13727.12
13725.80
13724.49
13723.17
13720.54
13719.23
13717.91
13716.60
13715.28
13712.65
13712.65
13710.02
13708.71
13707.39
13704.76
13703.45
13702.13
13700.81
13698.18
13696.87
13695.55
13692.92
13692.92
13690.29
13688.98
13687.66
13686.35
13683.72
13682.40
13681.09
13678.46
13678.46
13675.83
13674.51
13671.88
13669.25
13669.25
13666.62
13665.30
13663.99
13661.36
13660.04
13658.73
13657.41
13654.78
13653.47
13652.15
13650.84
13649.52
13646.89
13645.57
13644.26
13642.94
13640.31
13639.00
13637.68
13636.37
13635.05
13632.42
13631.11
13629.79
13627.16
13627.16
13624.53
13623.22
13621.90
13620.59
13617.95
13615.32
13614.01
13611.38
13611.38
13608.75
13607.43
13606.12
13603.49
13603.49
13600.86
13599.54
13598.23
13595.60
13594.28
13592.97
13591.65
13589.02
13587.70
13586.39
13585.07
13583.76
13581.13
13581.13
13578.50
13577.18
13575.87
13573.24
13571.92
13570.61
13569.29
13566.66
13565.35
13564.03
13562.72
13560.08
13557.45
13556.14
13554.82
13552.19
13552.19
13549.56
13548.25
13546.93
13545.62
13542.99
13541.67
13540.36
13539.04
13537.73
13535.10
13533.78
13532.46
13529.83
13529.83
13527.20
13525.89
13524.57
13521.94
13521.94
13519.31
13518.00
13516.68
13515.37
13512.74
13511.42
13510.11
13508.79
13507.48
13503.53
13502.21
13500.90
13498.27
13498.27
13495.64
13494.32
13493.01
13490.38
13490.38
13487.75
13486.43
13485.12
13483.80
13481.17
13479.86
13478.54
13477.22
13475.91
13473.28
13471.96
13470.65
13468.02
13468.02
13465.39
13464.07
13462.76
13460.13
13460.13
13457.50
13456.18
13454.87
13453.55
13450.92
13449.60
13446.97
13445.66
13444.34
13441.71
13440.40
13439.08
13436.45
13436.45
13433.82
13432.51
13431.19
13428.56
13428.56
13425.93
13424.62
13423.30
13420.67
13420.67
13418.04
13416.72
13415.41
13414.09
13412.78
13410.15
13408.83
13407.52
13406.20
13403.57
13402.26
13400.94
13399.63
13398.31
13395.68
13394.36
13393.05
13389.10
13389.10
13386.47
13385.16
13383.84
13382.53
13381.21
13378.58
13377.27
13375.95
13374.64
13373.32
13370.69
13369.38
13368.06
13366.74
13365.43
13362.80
13361.48
13360.17
13358.85
13356.22
13354.91
13353.59
13352.28
13350.96
13348.33
13348.33
13345.70
13344.39
13343.07
13340.44
13340.44
13337.81
13335.18
13333.86
13331.23
13331.23
13328.60
13327.29
13325.97
13323.34
13323.34
13320.71
13319.40
13318.08
13316.77
13315.45
13312.82
13311.50
13310.19
13308.87
13307.56
13304.93
13303.61
13302.30
13300.98
13298.35
13297.04
13295.72
13294.41
13293.09
13290.46
13289.15
13287.83
13286.52
13285.20
13282.57
13282.57
13278.62
13277.31
13275.99
13273.36
13273.36
13270.73
13269.42
13268.10
13265.47
13265.47
13262.84
13261.53
13260.21
13257.58
13257.58
13254.95
13253.63
13252.32
13251.00
13249.69
13247.06
13247.06
13244.43
13243.11
13241.80
13239.17
13239.17
13236.54
13235.22
13233.91
13231.28
13231.28
13228.65
13227.33
13226.01
13222.07
13222.07
13219.44
13218.12
13216.81
13215.49
13214.18
13211.55
13210.23
13208.92
13207.60
13206.29
13203.66
13202.34
13201.03
13199.71
13198.39
13195.76
13194.45
13193.13
13191.82
13190.50
13187.87
13186.56
13185.24
13183.93
13182.61
13181.30
13178.67
13177.35
13176.04
13174.72
13173.41
13170.77
13169.46
13166.83
13165.51
13164.20
13162.88
13160.25
13158.94
13157.62
13156.31
13154.99
13152.36
13151.05
13149.73
13148.42
13147.10
13145.79
13143.15
13141.84
13140.52
13139.21
13137.89
13135.26
13133.95
13132.63
13131.32
13130.00
13128.69
13126.06
13124.74
13123.43
13122.11
13120.80
13119.48
13116.85
13115.53
13114.22
13112.90
13110.27
13108.96
13106.33
13105.01
13103.70
13102.38
13101.07
13098.44
13097.12
13095.81
13094.49
13093.18
13090.55
13090.55
13087.91
13086.60
13085.28
13083.97
13082.65
13080.02
13078.71
13077.39
13076.08
13074.76
13072.13
13072.13
13069.50
13068.19
13066.87
13064.24
13064.24
13061.61
13060.29
13058.98
13056.35
13056.35
13052.40
13051.09
13049.77
13048.46
13047.14
13044.51
13044.51
13041.88
13040.57
13039.25
13036.62
13036.62
13033.99
13032.67
13031.36
13030.04
13028.73
13026.10
13024.78
13023.47
13022.15
13020.84
13018.21
13018.21
13015.58
13014.26
13012.95
13011.63
13010.32
13007.69
13006.37
13005.05
13003.74
13002.42
13001.11
12997.16
12995.85
12994.53
12993.22
12991.90
12989.27
12989.27
12986.64
12985.33
12984.01
12982.70
12981.38
12978.75
12978.75
12976.12
12974.80
12973.49
12970.86
12970.86
12968.23
12966.91
12965.60
12964.28
12962.97
12960.34
12959.02
12957.71
12956.39
12955.08
12953.76
12952.45
12949.81
12948.50
12947.18
12945.87
12944.55
12941.92
12939.29
12937.98
12936.66
12935.35
12934.03
12931.40
12931.40
12928.77
12927.46
12926.14
12923.51
12923.51
12920.88
12919.56
12918.25
12916.93
12915.62
12912.99
12912.99
12910.36
12909.04
12907.73
12906.41
12905.10
12903.78
12901.15
12899.84
12898.52
12897.21
12895.89
12893.26
12893.26
12890.63
12889.31
12888.00
12884.05
12884.05
12881.42
12881.42
12878.79
12877.48
12876.16
12873.53
12873.53
12870.90
12869.59
12868.27
12866.96
12865.64
12864.32
12861.69
12860.38
12859.06
12857.75
12856.43
12853.80
12853.80
12851.17
12851.17
12848.54
12847.23
12845.91
12843.28
12843.28
12840.65
12839.34
12838.02
12836.70
12835.39
12834.07
12830.13
12828.81
12827.50
12826.18
12824.87
12822.24
12822.24
12819.61
12818.29
12816.98
12815.66
12814.35
12811.72
12811.72
12809.08
12807.77
12806.45
12805.14
12803.82
12802.51
12799.88
12798.56
12797.25
12795.93
12794.62
12791.99
12791.99
12789.36
12788.04
12786.73
12785.41
12784.10
12781.46
12781.46
12778.83
12777.52
12776.20
12773.57
12772.26
12770.94
12768.31
12768.31
12765.68
12764.37
12763.05
12760.42
12760.42
12757.79
12756.48
12755.16
12753.84
12752.53
12751.21
12749.90
12747.27
12745.95
12744.64
12743.32
12742.01
12740.69
12738.06
12738.06
12735.43
12734.12
12732.80
12731.49
12730.17
12727.54
12726.22
12724.91
12723.59
12722.28
12720.96
12717.02
12717.02
12714.39
12714.39
12711.76
12710.44
12709.13
12706.50
12706.50
12703.87
12702.55
12701.24
12699.92
12698.60
12697.29
12694.66
12694.66
12692.03
12690.71
12689.40
12686.77
12686.77
12684.14
12684.14
12681.51
12680.19
12678.88
12677.56
12676.25
12674.93
12672.30
12672.30
12669.67
12668.35
12667.04
12665.72
12664.41
12660.46
12659.15
12657.83
12656.52
12655.20
12653.89
12651.26
12651.26
12648.63
12648.63
12646.00
12644.68
12643.36
12642.05
12640.73
12639.42
12636.79
12635.47
12634.16
12632.84
12631.53
12628.90
12628.90
12626.27
12624.95
12623.64
12622.32
12621.01
12619.69
12618.38
12617.06
12614.43
12614.43
12611.80
12610.48
12609.17
12605.22
12605.22
12602.59
12601.28
12599.96
12598.65
12597.33
12596.02
12593.39
12593.39
12590.76
12589.44
12588.13
12586.81
12585.49
12584.18
12582.86
12581.55
12578.92
12578.92
12576.29
12574.97
12573.66
12571.03
12571.03
12568.40
12567.08
12565.77
12564.45
12563.14
12561.82
12559.19
12559.19
12556.56
12555.24
12553.93
12552.61
12551.30
12548.67
12547.35
12546.04
12543.41
12543.41
12540.78
12539.46
12538.15
12536.83
12535.52
12534.20
12531.57
12530.25
12528.94
12527.62
12526.31
12523.68
12523.68
12521.05
12519.73
12518.42
12517.10
12515.79
12514.47
12513.16
12511.84
12509.21
12509.21
12506.58
12505.27
12503.95
12502.63
12501.32
12500.00
12497.37
12497.37
12494.74
12492.11
12490.80
12489.48
12488.17
12486.85
12484.22
12484.22
12481.59
12481.59
12478.96
12477.65
12476.33
12475.01
12473.70
12472.38
12469.75
12469.75
12467.12
12465.81
12464.49
12461.86
12461.86
12459.23
12457.92
12456.60
12455.29
12453.97
12452.66
12451.34
12450.03
12447.39
12447.39
12444.76
12443.45
12442.13
12440.82
12439.50
12436.87
12434.24
12434.24
12431.61
12430.30
12428.98
12427.67
12426.35
12425.04
12422.41
12422.41
12419.77
12418.46
12417.14
12415.83
12414.51
12413.20
12411.88
12410.57
12407.94
12407.94
12405.31
12403.99
12402.68
12401.36
12400.05
12398.73
12396.10
12396.10
12393.47
12392.15
12390.84
12389.52
12388.21
12386.89
12384.26
12384.26
12380.32
12380.32
12377.69
12376.37
12375.06
12373.74
12372.43
12371.11
12368.48
12368.48
12365.85
12364.53
12363.22
12361.90
12360.59
12359.27
12356.64
12356.64
12354.01
12352.70
12351.38
12350.07
12348.75
12347.44
12346.12
12344.81
12343.49
12342.18
12340.86
12338.23
12338.23
12335.60
12334.28
12332.97
12331.65
12330.34
12329.02
12326.39
12326.39
12322.45
12321.13
12319.82
12318.50
12317.19
12315.87
12314.56
12313.24
12310.61
12310.61
12307.98
12306.66
12305.35
12304.03
12302.72
12301.40
12298.77
12298.77
12296.14
12294.83
12293.51
12292.20
12290.88
12289.57
12286.94
12286.94
12284.31
12284.31
12281.68
12280.36
12280.36
12277.73
12276.41
12275.10
12273.78
12272.47
12271.15
12267.21
12267.21
12264.58
12263.26
12261.95
12260.63
12259.32
12258.00
12255.37
12255.37
12252.74
12251.42
12250.11
12248.79
12247.48
12246.16
12244.85
12243.53
12240.90
12240.90
12239.59
12236.96
12236.96
12234.33
12233.01
12231.70
12230.38
12229.07
12227.75
12225.12
12225.12
12222.49
12221.17
12219.86
12218.54
12217.23
12215.91
12214.60
12211.97
12209.34
12209.34
12206.71
12205.39
12205.39
12202.76
12201.45
12200.13
12198.82
12197.50
12196.18
12193.55
12193.55
12190.92
12189.61
12188.29
12186.98
12185.66
12184.35
12183.03
12181.72
12179.09
12179.09
12177.77
12175.14
12175.14
12172.51
12171.20
12169.88
12168.56
12167.25
12165.93
12163.30
12163.30
12160.67
12159.36
12158.04
12155.41
12154.10
12152.78
12151.47
12150.15
12148.84
12147.52
12146.21
12143.58
12143.58
12140.94
12139.63
12138.31
12137.00
12135.68
12134.37
12131.74
12131.74
12129.11
12127.79
12127.79
12125.16
12123.85
12122.53
12121.22
12119.90
12118.59
12117.27
12115.96
12113.32
12113.32
12110.69
12109.38
12109.38
12106.75
12105.43
12104.12
12102.80
12100.17
12098.86
12096.23
12096.23
12093.60
12092.28
12090.97
12089.65
12088.34
12087.02
12085.70
12084.39
12083.07
12081.76
12080.44
12077.81
12077.81
12075.18
12073.87
12072.55
12071.24
12069.92
12068.61
12067.29
12065.98
12064.66
12062.03
12062.03
12059.40
12058.08
12056.77
12055.45
12054.14
12052.82
12051.51
12050.19
12048.88
12047.56
12046.25
12042.30
12042.30
12039.67
12038.36
12037.04
12035.73
12034.41
12033.10
12031.78
12030.46
12029.15
12026.52
12026.52
12023.89
12022.57
12021.26
12019.94
12018.63
12017.31
12016.00
12014.68
12013.37
12012.05
12010.74
12008.11
12008.11
12005.48
12004.16
12004.16
12001.53
12000.21
11998.90
11997.58
11996.27
11994.95
11992.32
11992.32
11991.01
11987.06
11987.06
11984.43
11983.12
11981.80
11980.49
11979.17
11977.86
11976.54
11975.22
11973.91
11972.59
11971.28
11968.65
11968.65
11966.02
11964.70
11963.39
11962.07
11960.76
11959.44
11958.13
11956.81
11955.50
11952.87
11952.87
11950.24
11950.24
11948.92
11946.29
11946.29
11943.66
11942.34
11941.03
11939.71
11938.40
11937.08
11935.77
11934.45
11933.14
11929.19
11929.19
11926.56
11925.25
11923.93
11922.62
11921.30
11919.99
11918.67
11917.35
11916.04
11914.72
11913.41
11910.78
11910.78
11909.46
11906.83
11906.83
11904.20
11902.89
11901.57
11900.26
11898.94
11897.63
11896.31
11895.00
11893.68
11891.05
11891.05
11888.42
11887.10
11887.10
11884.47
11884.47
11881.84
11880.53
11879.21
11877.90
11875.27
11873.95
11872.64
11871.32
11870.01
11867.38
11867.38
11864.75
11863.43
11863.43
11860.80
11859.48
11858.17
11856.85
11855.54
11854.22
11852.91
11851.59
11850.28
11848.96
11847.65
11845.02
11845.02
11843.70
11841.07
11841.07
11838.44
11837.13
11835.81
11834.49
11833.18
11831.86
11830.55
11829.23
11827.92
11825.29
11825.29
11823.97
11821.34
11821.34
11817.40
11816.08
11814.77
11813.45
11813.45
11810.82
11809.51
11808.19
11806.87
11805.56
11804.24
11802.93
11801.61
11800.30
11797.67
11797.67
11795.04
11793.72
11793.72
11791.09
11789.78
11788.46
11787.15
11785.83
11784.52
11783.20
11781.89
11780.57
11779.25
11777.94
11775.31
11775.31
11773.99
11771.36
11771.36
11768.73
11767.42
11766.10
11764.79
11762.16
11760.84
11759.53
11758.21
11756.90
11755.58
11754.27
11752.95
11750.32
11750.32
11747.69
11747.69
11746.37
11743.74
11743.74
11741.11
11739.80
11738.48
11737.17
11735.85
11734.54
11733.22
11731.91
11730.59
11729.28
11727.96
11726.65
11724.01
11724.01
11721.38
11720.07
11720.07
11717.44
11717.44
11714.81
11713.49
11713.49
11710.86
11709.55
11706.92
11705.60
11704.29
11702.97
11701.66
11700.34
11699.03
11696.39
11696.39
11695.08
11692.45
11692.45
11689.82
11688.50
11688.50
11685.87
11684.56
11683.24
11681.93
11680.61
11679.30
11677.98
11676.67
11675.35
11674.04
11672.72
11671.41
11670.09
11668.77
11666.14
11666.14
11664.83
11662.20
11662.20
11659.57
11658.25
11656.94
11655.62
11654.31
11652.99
11650.36
11649.05
11647.73
11646.42
11645.10
11643.79
11642.47
11641.16
11639.84
11638.52
11637.21
11634.58
11634.58
11633.26
11630.63
11630.63
11628.00
11626.69
11626.69
11624.06
11622.74
11621.43
11620.11
11618.80
11617.48
11616.17
11614.85
11613.54
11612.22
11610.90
11609.59
11608.27
11606.96
11604.33
11604.33
11603.01
11600.38
11600.38
11597.75
11596.44
11596.44
11592.49
11591.18
11589.86
11588.55
11587.23
11585.92
11584.60
11583.28
11581.97
11580.65
11579.34
11578.02
11576.71
11575.39
11574.08
11572.76
11571.45
11568.82
11568.82
11567.50
11564.87
11564.87
11562.24
11560.93
11560.93
11558.30
11556.98
11555.66
11554.35
11553.03
11551.72
11550.40
11549.09
11547.77
11546.46
11545.14
11543.83
11542.51
11541.20
11538.57
11537.25
11535.94
11533.31
11533.31
11531.99
11529.36
11529.36
11528.04
11525.41
11525.41
11522.78
11521.47
11521.47
11518.84
11517.52
11516.21
11514.89
11514.89
11512.26
11510.95
11509.63
11508.32
11507.00
11505.69
11504.37
11503.06
11501.74
11500.42
11499.11
11497.79
11496.48
11495.16
11493.85
11491.22
11491.22
11489.90
11487.27
11487.27
11484.64
11482.01
11482.01
11479.38
11479.38
11476.75
11475.44
11475.44
11472.80
11471.49
11471.49
11468.86
11467.54
11466.23
11464.91
11463.60
11462.28
11460.97
11459.65
11458.34
11457.02
11455.71
11454.39
11453.08
11451.76
11450.45
11449.13
11447.82
11446.50
11445.18
11443.87
11441.24
11441.24
11439.92
11437.29
11437.29
11435.98
11433.35
11433.35
11430.72
11429.40
11429.40
11425.46
11424.14
11422.83
11421.51
11420.20
11418.88
11417.56
11416.25
11414.93
11413.62
11412.30
11410.99
11409.67
11408.36
11407.04
11405.73
11404.41
11403.10
11401.78
11400.47
11399.15
11397.84
11396.52
11393.89
11393.89
11392.58
11389.94
11389.94
11388.63
11386.00
11386.00
11383.37
11383.37
11382.05
11379.42
11379.42
11378.11
11375.48
11375.48
11372.85
11371.53
11370.22
11367.59
11366.27
11366.27
11363.64
11362.32
11361.01
11359.69
11358.38
11357.06
11355.75
11354.43
11353.12
11351.80
11350.49
11349.17
11347.86
11346.54
11345.23
11343.91
11342.60
11341.28
11339.97
11338.65
11337.34
11336.02
11334.70
11333.39
11332.07
11330.76
11329.44
11328.13
11326.81
11324.18
11324.18
11322.87
11320.24
11320.24
11318.92
11316.29
11316.29
11313.66
11312.35
11311.03
11308.40
11308.40
11307.09
11304.45
11304.45
11303.14
11300.51
11300.51
11297.88
11296.56
11296.56
11293.93
11292.62
11292.62
11289.99
11288.67
11288.67
11286.04
11284.73
11283.41
11282.10
11282.10
11279.47
11278.15
11278.15
11275.52
11274.20
11274.20
11271.57
11270.26
11268.94
11267.63
11266.31
11265.00
11263.68
11262.37
11261.05
11259.74
11257.11
11255.79
11254.48
11253.16
11251.85
11250.53
11249.21
11247.90
11246.58
11245.27
11243.95
11242.64
11241.32
11240.01
11238.69
11237.38
11236.06
11234.75
11233.43
11232.12
11230.80
11229.49
11228.17
11226.86
11225.54
11224.23
11222.91
11221.59
11220.28
11218.96
11217.65
11216.33
11215.02
11213.70
11212.39
11211.07
11209.76
11208.44
11207.13
11205.81
11204.50
11203.18
11200.55
11199.24
11197.92
11195.29
11195.29
11193.97
11191.34
11191.34
11190.03
11187.40
11187.40
11186.08
11183.45
11183.45
11182.14
11180.82
11179.51
11178.19
11176.88
11175.56
11172.93
11172.93
11171.62
11168.99
11168.99
11167.67
11165.04
11165.04
11163.72
11161.09
11161.09
11159.78
11157.15
11157.15
11155.83
11153.20
11153.20
11151.89
11149.26
11149.26
11147.94
11145.31
11144.00
11141.37
11141.37
11140.05
11137.42
11137.42
11136.10
11133.47
11133.47
11132.16
11129.53
11129.53
11128.21
11125.58
11125.58
11124.27
11121.64
11121.64
11120.32
11117.69
11117.69
11116.38
11115.06
11113.75
11112.43
11111.11
11109.80
11107.17
11107.17
11105.85
11103.22
11103.22
11101.91
11099.28
11099.28
11097.96
11095.33
11095.33
11094.02
11091.39
11091.39
11088.76
11086.13
11086.13
11084.81
11082.18
11082.18
11080.86
11079.55
11078.23
11076.92
11075.60
11074.29
11072.97
11071.66
11070.34
11069.03
11067.71
11066.40
11065.08
11063.77
11062.45
11061.14
11059.82
11058.51
11057.19
11055.87
11054.56
11053.24
11051.93
11050.61
11049.30
11047.98
11046.67
11045.35
11044.04
11042.72
11041.41
11040.09
11038.78
11037.46
11036.15
11034.83
11032.20
11030.89
11029.57
11028.25
11026.94
11025.62
11024.31
11022.99
11021.68
11020.36
11019.05
11017.73
11016.42
11015.10
11013.79
11013.79
11011.16
11009.84
11009.84
11007.21
11005.90
11005.90
11003.27
11001.95
11001.95
10999.32
10998.00
10998.00
10995.37
10994.06
10994.06
10991.43
10990.11
10990.11
10987.48
10986.17
10986.17
10983.54
10982.22
10982.22
10979.59
10979.59
10976.96
10974.33
10974.33
10973.02
10970.38
10970.38
10969.07
10966.44
10966.44
10965.12
10962.49
10962.49
10961.18
10958.55
10958.55
10957.23
10954.60
10954.60
10953.29
10950.66
10950.66
10949.34
10948.03
10946.71
10945.40
10944.08
10942.76
10941.45
10940.13
10938.82
10937.50
10936.19
10934.87
10933.56
10932.24
10930.93
10929.61
10928.30
10926.98
10925.67
10924.35
10923.04
10920.41
10919.09
10917.78
10916.46
10915.14
10913.83
10912.51
10912.51
10909.88
10908.57
10908.57
10907.25
10904.62
10904.62
10903.31
10900.68
10900.68
10899.36
10896.73
10896.73
10895.42
10892.79
10892.79
10891.47
10888.84
10888.84
10887.52
10884.89
10884.89
10883.58
10882.26
10880.95
10879.63
10878.32
10877.00
10875.69
10874.37
10873.06
10871.74
10870.43
10869.11
10867.80
10866.48
10863.85
10862.54
10861.22
10859.90
10858.59
10857.27
10857.27
10854.64
10853.33
10853.33
10850.70
10849.38
10849.38
10846.75
10846.75
10845.44
10842.81
10842.81
10841.49
10838.86
10838.86
10837.55
10836.23
10834.92
10833.60
10832.28
10830.97
10829.65
10828.34
10827.02
10825.71
10824.39
10823.08
10821.76
10820.45
10819.13
10817.82
10816.50
10815.19
10813.87
10812.56
10812.56
10808.61
10807.30
10807.30
10804.66
10803.35
10803.35
10802.03
10799.40
10799.40
10798.09
10795.46
10795.46
10794.14
10791.51
10791.51
10790.20
10787.57
10787.57
10786.25
10784.94
10783.62
10782.31
10780.99
10779.68
10778.36
10777.04
10775.73
10774.41
10773.10
10773.10
10770.47
10769.15
10769.15
10766.52
10765.21
10765.21
10762.58
10761.26
10761.26
10759.95
10757.32
10757.32
10756.00
10752.06
10752.06
10750.74
10748.11
10748.11
10746.79
10745.48
10744.16
10742.85
10741.53
10740.22
10738.90
10737.59
10736.27
10734.96
10733.64
10733.64
10731.01
10729.70
10729.70
10727.07
10725.75
10725.75
10723.12
10721.80
10721.80
10720.49
10717.86
10717.86
10716.54
10715.23
10713.91
10712.60
10711.28
10709.97
10708.65
10707.34
10706.02
10704.71
10703.39
10702.08
10700.76
10699.45
10699.45
10695.50
10694.19
10694.19
10691.55
10690.24
10690.24
10688.92
10686.29
10686.29
10684.98
10682.35
10682.35
10681.03
10679.72
10678.40
10677.09
10675.77
10674.46
10673.14
10671.83
10670.51
10669.20
10667.88
10667.88
10665.25
10663.93
10663.93
10661.30
10659.99
10659.99
10658.67
10656.04
10656.04
10654.73
10652.10
10652.10
10650.78
10649.47
10648.15
10646.84
10645.52
10644.21
10642.89
10641.58
10641.58
10637.63
10636.31
10636.31
10633.68
10632.37
10632.37
10631.05
10628.42
10628.42
10627.11
10624.48
10624.48
10623.16
10621.85
10620.53
10619.22
10617.90
10616.59
10615.27
10613.96
10613.96
10611.33
10610.01
10610.01
10607.38
10606.06
10606.06
10604.75
10602.12
10602.12
10600.80
10598.17
10598.17
10596.86
10595.54
10594.23
10592.91
10591.60
10590.28
10588.97
10587.65
10586.34
10583.71
10582.39
10581.07
10581.07
10578.44
10578.44
10577.13
10574.50
10574.50
10573.18
10571.87
10570.55
10569.24
10567.92
10566.61
10565.29
10563.98
10562.66
10561.35
10560.03
10558.72
10558.72
10556.09
10554.77
10554.77
10552.14
10550.82
10550.82
10549.51
10548.19
10546.88
10545.56
10544.25
10542.93
10541.62
10540.30
10538.99
10537.67
10536.36
10536.36
10533.73
10532.41
10532.41
10529.78
10527.15
10527.15
10525.83
10523.20
10523.20
10521.89
10520.57
10519.26
10517.94
10516.63
10515.31
10514.00
10512.68
10512.68
10510.05
10508.74
10508.74
10507.42
10504.79
10504.79
10503.48
10500.85
10500.85
10499.53
10498.21
10496.90
10495.58
10494.27
10492.95
10491.64
10490.32
10489.01
10489.01
10486.38
10485.06
10485.06
10482.43
10482.43
10481.12
10479.80
10478.49
10477.17
10475.86
10474.54
10473.23
10470.59
10469.28
10469.28
10466.65
10465.33
10465.33
10462.70
10461.39
10461.39
10460.07
10457.44
10457.44
10456.13
10454.81
10453.50
10452.18
10450.87
10449.55
10448.24
10446.92
10446.92
10445.61
10442.97
10442.97
10441.66
10439.03
10439.03
10437.71
10436.40
10435.08
10433.77
10432.45
10431.14
10429.82
10428.51
10427.19
10427.19
10424.56
10423.25
10423.25
10421.93
10419.30
10419.30
10417.99
10415.35
10414.04
10412.72
10411.41
10410.09
10408.78
10407.46
10407.46
10404.83
10403.52
10403.52
10402.20
10399.57
10399.57
10398.26
10396.94
10395.63
10394.31
10393.00
10391.68
10390.37
10389.05
10387.73
10387.73
10385.10
10383.79
10383.79
10382.47
10381.16
10379.84
10378.53
10377.21
10375.90
10374.58
10373.27
10373.27
10370.64
10369.32
10369.32
10368.01
10365.38
10365.38
10364.06
10362.75
10361.43
10358.80
10357.48
10356.17
10354.85
10353.54
10352.22
10350.91
10349.59
10348.28
10348.28
10345.65
10345.65
10344.33
10343.02
10341.70
10340.39
10339.07
10337.76
10336.44
10335.13
10333.81
10333.81
10331.18
10329.86
10329.86
10328.55
10325.92
10325.92
10324.60
10323.29
10321.97
10320.66
10319.34
10318.03
10316.71
10315.40
10315.40
10314.08
10312.77
10311.45
10310.14
10308.82
10307.51
10306.19
10304.88
10302.24
10302.24
10299.61
10298.30
10298.30
10296.98
10294.35
10294.35
10293.04
10291.72
10290.41
10289.09
10287.78
10286.46
10285.15
10283.83
10282.52
10282.52
10279.89
10279.89
10278.57
10277.26
10275.94
10274.62
10273.31
10271.99
10270.68
10269.36
10268.05
10268.05
10265.42
10264.10
10264.10
10262.79
10261.47
10260.16
10258.84
10257.53
10256.21
10254.90
10253.58
10252.27
10252.27
10249.64
10247.00
10247.00
10245.69
10244.37
10243.06
10241.74
10240.43
10239.11
10237.80
10236.48
10236.48
10235.17
10232.54
10232.54
10231.22
10229.91
10228.59
10227.28
10225.96
10224.65
10223.33
10222.02
10220.70
10220.70
10218.07
10216.75
10216.75
10215.44
10214.12
10212.81
10211.49
10210.18
10210.18
10207.55
10206.23
10206.23
10204.92
10202.29
10202.29
10200.97
10199.66
10198.34
10197.03
10195.71
10194.40
10194.40
10190.45
10189.13
10189.13
10187.82
10185.19
10185.19
10183.87
10182.56
10181.24
10179.93
10178.61
10178.61
10177.30
10174.67
10174.67
10173.35
10172.04
10170.72
10169.41
10168.09
10166.78
10165.46
10164.14
10162.83
10162.83
10161.51
10158.88
10158.88
10157.57
10156.25
10154.94
10153.62
10152.31
10150.99
10149.68
10148.36
10148.36
10147.05
10145.73
10144.42
10143.10
10141.79
10140.47
10139.16
10137.84
10136.52
10136.52
10133.89
10131.26
10131.26
10129.95
10128.63
10127.32
10126.00
10124.69
10123.37
10123.37
10120.74
10119.43
10119.43
10118.11
10115.48
10115.48
10114.17
10112.85
10112.85
10110.22
10108.90
10108.90
10107.59
10104.96
10104.96
10103.64
10102.33
10101.01
10099.70
10098.38
10097.07
10097.07
10094.44
10093.12
10093.12
10091.81
10090.49
10089.18
10087.86
10086.55
10085.23
10083.92
10082.60
10081.28
10081.28
10078.65
10077.34
10076.02
10074.71
10073.39
10072.08
10070.76
10069.45
10069.45
10068.13
10065.50
10065.50
10064.19
10062.87
10061.56
10060.24
10058.93
10057.61
10057.61
10054.98
10053.67
10053.67
10052.35
10051.03
10049.72
10048.40
10047.09
10047.09
10044.46
10043.14
10043.14
10041.83
10040.51
10039.20
10037.88
10036.57
10035.25
10035.25
10032.62
10031.31
10031.31
10029.99
10027.36
10027.36
10026.05
10024.73
10022.10
10020.78
10019.47
10018.15
10018.15
10016.84
10014.21
10014.21
10012.89
10011.58
10011.58
10008.95
10007.63
10007.63
10006.32
10003.69
10003.69
10002.37
10001.06
9999.74
9998.43
9997.11
9995.79
9994.48
9994.48
9993.16
9991.85
9990.53
9989.22
9987.90
9986.59
9985.27
9983.96
9983.96
9982.64
9981.33
9980.01
9978.70
9977.38
9976.07
9974.75
9973.44
9972.12
9972.12
9970.81
9969.49
9968.17
9965.54
9964.23
9962.91
9961.60
9960.28
9960.28
9958.97
9957.65
9956.34
9955.02
9953.71
9952.39
9951.08
9949.76
9948.45
9948.45
9947.13
9945.82
9944.50
9943.19
9941.87
9940.55
9939.24
9937.92
9937.92
9936.61
9935.29
9933.98
9932.66
9931.35
9930.03
9928.72
9927.40
9927.40
9926.09
9924.77
9923.46
9922.14
9920.83
9919.51
9918.20
9916.88
9916.88
9915.57
9914.25
9912.93
9911.62
9908.99
9907.67
9906.36
9905.04
9905.04
9903.73
9902.41
9901.10
9899.78
9898.47
9897.15
9895.84
9894.52
9893.21
9893.21
9891.89
9890.58
9889.26
9887.95
9886.63
9885.31
9884.00
9884.00
9882.68
9881.37
9880.05
9878.74
9877.42
9876.11
9874.79
9873.48
9873.48
9872.16
9870.85
9869.53
9868.22
9866.90
9865.59
9864.27
9862.96
9862.96
9861.64
9860.33
9859.01
9857.69
9856.38
9853.75
9852.43
9851.12
9851.12
9849.80
9848.49
9847.17
9845.86
9844.54
9843.23
9841.91
9841.91
9840.60
9839.28
9837.97
9836.65
9835.34
9834.02
9832.71
9831.39
9831.39
9830.07
9828.76
9827.44
9826.13
9824.81
9823.50
9822.18
9822.18
9820.87
9819.55
9818.24
9816.92
9815.61
9814.29
9812.98
9811.66
9811.66
9810.35
9809.03
9807.72
9806.40
9805.09
9803.77
9802.45
9802.45
9801.14
9799.82
9797.19
9795.88
9794.56
9793.25
9791.93
9791.93
9790.62
9789.30
9787.99
9786.67
9785.36
9784.04
9782.73
9781.41
9781.41
9780.10
9778.78
9777.47
9776.15
9774.83
9773.52
9772.20
9772.20
9770.89
9769.57
9768.26
9766.94
9765.63
9764.31
9763.00
9763.00
9761.68
9760.37
9759.05
9757.74
9756.42
9755.11
9753.79
9753.79
9752.48
9751.16
9749.85
9748.53
9747.21
9745.90
9744.58
9744.58
9743.27
9740.64
9739.32
9738.01
9736.69
9735.38
9734.06
9734.06
9732.75
9731.43
9730.12
9728.80
9727.49
9726.17
9724.86
9724.86
9723.54
9722.23
9720.91
9719.60
9718.28
9716.96
9715.65
9715.65
9714.33
9713.02
9711.70
9710.39
9709.07
9707.76
9707.76
9706.44
9705.13
9703.81
9702.50
9701.18
9699.87
9698.55
9698.55
9697.24
9695.92
9694.61
9693.29
9691.98
9690.66
9689.34
9689.34
9688.03
9685.40
9684.08
9682.77
9681.45
9680.14
9678.82
9678.82
9677.51
9676.19
9674.88
9673.56
9672.25
9670.93
9670.93
9669.62
9668.30
9666.99
9665.67
9664.36
9663.04
9661.72
9661.72
9660.41
9659.09
9657.78
9656.46
9655.15
9653.83
9653.83
9652.52
9651.20
9649.89
9648.57
9647.26
9645.94
9644.63
9644.63
9643.31
9642.00
9640.68
9639.37
9638.05
9636.74
9636.74
9635.42
9634.10
9632.79
9631.47
9628.84
9627.53
9626.21
9626.21
9624.90
9623.58
9622.27
9620.95
9619.64
9618.32
9618.32
9617.01
9615.69
9614.38
9613.06
9611.75
9610.43
9610.43
9609.12
9607.80
9606.48
9605.17
9603.85
9602.54
9602.54
9601.22
9599.91
9598.59
9597.28
9595.96
9594.65
9593.33
9593.33
9592.02
9590.70
9589.39
9588.07
9586.76
9585.44
9585.44
9584.13
9582.81
9581.50
9580.18
9578.86
9577.55
9577.55
9576.23
9574.92
9572.29
9570.97
9569.66
9568.34
9568.34
9567.03
9565.71
9564.40
9563.08
9561.77
9560.45
9559.14
9559.14
9557.82
9556.51
9555.19
9553.88
9552.56
9552.56
9551.24
9549.93
9548.61
9547.30
9545.98
9544.67
9544.67
9543.35
9542.04
9540.72
9539.41
9538.09
9536.78
9536.78
9535.46
9534.15
9532.83
9531.52
9530.20
9528.89
9528.89
9527.57
9526.26
9524.94
9523.62
9522.31
9520.99
9520.99
9519.68
9517.05
9515.73
9514.42
9513.10
9511.79
9511.79
9510.47
9509.16
9507.84
9506.53
9505.21
9503.90
9503.90
9502.58
9501.27
9499.95
9498.64
9497.32
9496.00
9496.00
9494.69
9493.37
9492.06
9490.74
9489.43
9489.43
9488.11
9486.80
9485.48
9484.17
9482.85
9481.54
9481.54
9480.22
9478.91
9477.59
9476.28
9474.96
9473.65
9473.65
9472.33
9471.02
9469.70
9468.38
9467.07
9465.75
9465.75
9464.44
9463.12
9460.49
9459.18
9457.86
9457.86
9456.55
9455.23
9453.92
9452.60
9451.29
9449.97
9449.97
9448.66
9447.34
9446.03
9444.71
9443.40
9443.40
9442.08
9440.76
9439.45
9438.13
9436.82
9435.50
9435.50
9434.19
9432.87
9431.56
9430.24
9428.93
9427.61
9427.61
9426.30
9424.98
9423.67
9422.35
9421.04
9421.04
9419.72
9418.41
9417.09
9415.78
9414.46
9413.15
9413.15
9411.83
9410.51
9409.20
9407.88
9406.57
9406.57
9403.94
9402.62
9401.31
9399.99
9398.68
9398.68
9397.36
9396.05
9394.73
9393.42
9392.10
9390.79
9390.79
9389.47
9388.16
9386.84
9385.53
9384.21
9384.21
9382.89
9381.58
9380.26
9378.95
9377.63
9377.63
9376.32
9375.00
9373.69
9372.37
9371.06
9369.74
9369.74
9368.43
9367.11
9365.80
9364.48
9363.17
9363.17
9361.85
9360.54
9359.22
9357.91
9356.59
9356.59
9355.27
9353.96
9352.64
9351.33
9348.70
9348.70
9347.38
9346.07
9344.75
9343.44
9342.12
9340.81
9340.81
9339.49
9338.18
9336.86
9335.55
9334.23
9334.23
9332.92
9331.60
9330.29
9328.97
9327.65
9327.65
9326.34
9325.02
9323.71
9322.39
9321.08
9321.08
9319.76
9318.45
9317.13
9315.82
9314.50
9314.50
9313.19
9311.87
9310.56
9309.24
9307.93
9307.93
9306.61
9305.30
9303.98
9302.67
9301.35
9301.35
9300.03
9298.72
9297.40
9296.09
9294.77
9294.77
9292.14
9290.83
9289.51
9288.20
9286.88
9285.57
9285.57
9284.25
9282.94
9281.62
9280.31
9280.31
9278.99
9277.68
9276.36
9275.05
9273.73
9273.73
9272.41
9271.10
9269.78
9268.47
9267.15
9265.84
9265.84
9264.52
9263.21
9261.89
9260.58
9260.58
9259.26
9257.95
9256.63
9255.32
9254.00
9254.00
9252.69
9251.37
9250.06
9248.74
9247.43
9247.43
9246.11
9244.79
9243.48
9242.16
9240.85
9240.85
9239.53
9238.22
9235.59
9234.27
9232.96
9232.96
9231.64
9230.33
9229.01
9227.70
9226.38
9226.38
9225.07
9223.75
9222.44
9221.12
9219.81
9219.81
9218.49
9217.17
9215.86
9214.54
9214.54
9213.23
9211.91
9210.60
9209.28
9207.97
9207.97
9206.65
9205.34
9204.02
9202.71
9201.39
9201.39
9200.08
9198.76
9197.45
9196.13
9194.82
9194.82
9193.50
9192.19
9190.87
9189.55
9189.55
9188.24
9186.92
9185.61
9184.29
9182.98
9182.98
9181.66
9179.03
9177.72
9176.40
9175.09
9175.09
9173.77
9172.46
9171.14
9169.83
9169.83
9168.51
9167.20
9165.88
9164.57
9163.25
9163.25
9161.93
9160.62
9159.30
9157.99
9156.67
9156.67
9155.36
9154.04
9152.73
9151.41
9151.41
9150.10
9148.78
9147.47
9146.15
9144.84
9144.84
9143.52
9142.21
9140.89
9139.58
9139.58
9138.26
9136.95
9135.63
9134.31
9133.00
9133.00
9131.68
9130.37
9129.05
9127.74
9126.42
9126.42
9123.79
9122.48
9121.16
9119.85
9119.85
9118.53
9117.22
9115.90
9114.59
9113.27
9113.27
9111.96
9110.64
9109.33
9108.01
9108.01
9106.69
9105.38
9104.06
9102.75
9102.75
9101.43
9100.12
9098.80
9097.49
9096.17
9096.17
9094.86
9093.54
9092.23
9090.91
9090.91
9089.60
9088.28
9086.97
9085.65
9084.34
9084.34
9083.02
9081.71
9080.39
9079.08
9079.08
9077.76
9076.44
9075.13
9073.81
9072.50
9072.50
9071.18
9069.87
9067.24
9065.92
9065.92
9064.61
9063.29
9061.98
9060.66
9060.66
9059.35
9058.03
9056.72
9055.40
9054.09
9054.09
9052.77
9051.46
9050.14
9048.82
9048.82
9047.51
9046.19
9044.88
9043.56
9043.56
9042.25
9040.93
9039.62
9038.30
9036.99
9036.99
9035.67
9034.36
9033.04
9031.73
9031.73
9030.41
9029.10
9027.78
9026.47
9026.47
9025.15
9023.84
9022.52
9021.20
9019.89
9019.89
9018.57
9017.26
9015.94
9014.63
9014.63
9013.31
9010.68
9009.37
9008.05
9008.05
9006.74
9005.42
9004.11
9002.79
9002.79
9001.48
9000.16
8998.85
8997.53
8997.53
8996.22
8994.90
8993.58
8992.27
8990.95
8990.95
8989.64
8988.32
8987.01
8985.69
8985.69
8984.38
8983.06
8981.75
8980.43
8980.43
8979.12
8977.80
8976.49
8975.17
8975.17
8973.86
8972.54
8971.23
8969.91
8969.91
8968.60
8967.28
8965.96
8964.65
8964.65
8963.33
8962.02
8960.70
8959.39
8959.39
8958.07
8955.44
8954.13
8952.81
8951.50
8951.50
8950.18
8948.87
8947.55
8946.24
8946.24
8944.92
8943.61
8942.29
8940.98
8940.98
8939.66
8938.34
8937.03
8935.71
8935.71
8934.40
8933.08
8931.77
8930.45
8930.45
8929.14
8927.82
8926.51
8925.19
8925.19
8923.88
8922.56
8921.25
8919.93
8919.93
8918.62
8917.30
8915.99
8914.67
8914.67
8913.36
8912.04
8910.72
8909.41
8909.41
8908.09
8906.78
8905.46
8904.15
8904.15
8902.83
8901.52
8898.89
8897.57
8897.57
8896.26
8894.94
8893.63
8892.31
8892.31
8891.00
8889.68
8888.37
8887.05
8887.05
8885.74
8884.42
8883.10
8881.79
8881.79
8880.47
8879.16
8877.84
8876.53
8876.53
8875.21
8873.90
8872.58
8872.58
8871.27
8869.95
8868.64
8867.32
8866.01
8866.01
8864.69
8863.38
8862.06
8860.75
8860.75
8859.43
8858.12
8856.80
8856.80
8855.48
8854.17
8852.85
8851.54
8851.54
8850.22
8848.91
8847.59
8846.28
8846.28
8844.96
8842.33
8841.02
8839.70
8839.70
8838.39
8837.07
8835.76
8834.44
8834.44
8833.13
8831.81
8830.50
8829.18
8829.18
8827.86
8826.55
8825.23
8825.23
8823.92
8822.60
8821.29
8819.97
8819.97
8818.66
8817.34
8816.03
8814.71
8814.71
8813.40
8812.08
8810.77
8809.45
8809.45
8808.14
8806.82
8805.51
8804.19
8804.19
8802.88
8801.56
8800.24
8800.24
8798.93
8797.61
8796.30
8794.98
8794.98
8793.67
8792.35
8791.04
8789.72
8789.72
8787.09
8785.78
8784.46
8783.15
8783.15
8781.83
8780.52
8779.20
8779.20
8777.89
8776.57
8775.26
8773.94
8773.94
8772.63
8771.31
8769.99
8768.68
8768.68
8767.36
8766.05
8764.73
8764.73
8763.42
8762.10
8760.79
8759.47
8759.47
8758.16
8756.84
8755.53
8754.21
8754.21
8752.90
8751.58
8750.27
8748.95
8748.95
8747.64
8746.32
8745.01
8745.01
8743.69
8742.37
8741.06
8739.74
8739.74
8738.43
8737.11
8735.80
8735.80
8734.48
8733.17
8730.54
8729.22
8729.22
8727.91
8726.59
8725.28
8725.28
8723.96
8722.65
8721.33
8720.02
8720.02
8718.70
8717.39
8716.07
8714.75
8714.75
8713.44
8712.12
8710.81
8710.81
8709.49
8708.18
8706.86
8705.55
8705.55
8704.23
8702.92
8701.60
8700.29
8700.29
8698.97
8697.66
8696.34
8696.34
8695.03
8693.71
8692.40
8691.08
8691.08
8689.77
8688.45
8687.13
8687.13
8685.82
8684.50
8683.19
8681.87
8681.87
8680.56
8679.24
8677.93
8677.93
8676.61
8673.98
8672.67
8671.35
8671.35
8670.04
8668.72
8667.41
8667.41
8666.09
8664.78
8663.46
8662.15
8662.15
8660.83
8659.51
8658.20
8658.20
8656.88
8655.57
8654.25
8652.94
8652.94
8651.62
8650.31
8648.99
8648.99
8647.68
8646.36
8645.05
8643.73
8643.73
8642.42
8641.10
8639.79
8639.79
8638.47
8637.16
8635.84
8634.53
8634.53
8633.21
8631.89
8630.58
8630.58
8629.26
8627.95
8626.63
8625.32
8625.32
8624.00
8622.69
8621.37
8621.37
8618.74
8617.43
8616.11
8614.80
8614.80
8613.48
8612.17
8610.85
8610.85
8609.54
8608.22
8606.91
8606.91
8605.59
8604.27
8602.96
8601.64
8601.64
8600.33
8599.01
8597.70
8597.70
8596.38
8595.07
8593.75
8592.44
8592.44
8591.12
8589.81
8588.49
8588.49
8587.18
8585.86
8584.55
8584.55
8583.23
8581.92
8580.60
8579.29
8579.29
8577.97
8576.65
8575.34
8575.34
8574.02
8572.71
8571.39
8571.39
8570.08
8568.76
8567.45
8567.45
8566.13
8564.82
8562.19
8560.87
8560.87
8559.56
8558.24
8556.93
8556.93
8555.61
8554.30
8552.98
8551.67
8551.67
8550.35
8549.03
8547.72
8547.72
8546.40
8545.09
8543.77
8543.77
8542.46
8541.14
8539.83
8539.83
8538.51
8537.20
8535.88
8535.88
8534.57
8533.25
8531.94
8530.62
8530.62
8529.31
8527.99
8526.68
8526.68
8525.36
8524.05
8522.73
8521.41
8521.41
8520.10
8518.78
8517.47
8517.47
8516.15
8514.84
8513.52
8513.52
8512.21
8510.89
8509.58
8509.58
8508.26
8505.63
8504.32
8504.32
8503.00
8501.69
8500.37
8499.06
8499.06
8497.74
8496.43
8495.11
8495.11
8493.79
8492.48
8491.16
8491.16
8489.85
8488.53
8487.22
8487.22
8485.90
8484.59
8483.27
8483.27
8481.96
8480.64
8479.33
8478.01
8478.01
8476.70
8475.38
8474.07
8474.07
8472.75
8471.44
8470.12
8470.12
8468.81
8467.49
8466.17
8466.17
8464.86
8463.54
8462.23
8462.23
8460.91
8459.60
8458.28
8458.28
8456.97
8455.65
8454.34
8453.02
8453.02
8451.71
8449.08
8447.76
8447.76
8446.45
8445.13
8443.82
8443.82
8442.50
8441.19
8439.87
8439.87
8438.56
8437.24
8435.92
8435.92
8434.61
8433.29
8431.98
8431.98
8430.66
8429.35
8428.03
8428.03
8426.72
8425.40
8424.09
8422.77
8422.77
8421.46
8420.14
8418.83
8418.83
8417.51
8416.20
8414.88
8414.88
8413.57
8412.25
8410.94
8410.94
8409.62
8408.30
8406.99
8406.99
8405.67
8404.36
8403.04
8403.04
8401.73
8400.41
8399.10
8399.10
8397.78
8396.47
8393.84
8393.84
8392.52
8391.21
8389.89
8389.89
8388.58
8387.26
8385.95
8385.95
8384.63
8383.32
8382.00
8382.00
8380.68
8379.37
8378.05
8378.05
8376.74
8375.42
8374.11
8374.11
8372.79
8371.48
8370.16
8370.16
8368.85
8367.53
8366.22
8366.22
8364.90
8363.59
8362.27
8362.27
8360.96
8359.64
8358.33
8358.33
8357.01
8355.70
8354.38
8354.38
8353.06
8351.75
8350.43
8350.43
8349.12
8347.80
8346.49
8346.49
8345.17
8343.86
8342.54
8342.54
8341.23
8339.91
8337.28
8337.28
8335.97
8334.65
8333.34
8333.34
8332.02
8330.71
8329.39
8329.39
8328.08
8326.76
8325.44
8325.44
8324.13
8322.81
8321.50
8321.50
8320.18
8318.87
8317.55
8317.55
8316.24
8314.92
8313.61
8313.61
8312.29
8310.98
8309.66
8309.66
8308.35
8307.03
8305.72
8305.72
8304.40
8303.09
8301.77
8301.77
8300.46
8299.14
8297.82
8297.82
8296.51
8295.19
8293.88
8293.88
8292.56
8291.25
8289.93
8289.93
8288.62
8287.30
8285.99
8285.99
8284.67
8283.36
8280.73
8280.73
8279.41
8278.10
8278.10
8276.78
8275.47
8274.15
8274.15
8272.84
8271.52
8270.20
8270.20
8268.89
8267.57
8266.26
8266.26
8264.94
8263.63
8262.31
8262.31
8261.00
8259.68
8258.37
8258.37
8257.05
8255.74
8254.42
8254.42
8253.11
8251.79
8250.48
8250.48
8249.16
8247.85
8247.85
8246.53
8245.22
8243.90
8243.90
8242.58
8241.27
8239.95
8239.95
8238.64
8237.32
8236.01
8236.01
8234.69
8233.38
8232.06
8232.06
8230.75
8229.43
8228.12
8228.12
8225.49
8224.17
8224.17
8222.86
8221.54
8220.23
8220.23
8218.91
8217.60
8216.28
8216.28
8214.96
8213.65
8212.33
8212.33
8211.02
8209.70
8208.39
8208.39
8207.07
8205.76
8205.76
8204.44
8203.13
8201.81
8201.81
8200.50
8199.18
8197.87
8197.87
8196.55
8195.24
8193.92
8193.92
8192.61
8191.29
8189.98
8189.98
8188.66
8187.34
8187.34
8186.03
8184.71
8183.40
8183.40
8182.08
8180.77
8179.45
8179.45
8178.14
8176.82
8175.51
8175.51
8174.19
8172.88
8172.88
8171.56
8168.93
8167.62
8167.62
8166.30
8164.99
8163.67
8163.67
8162.36
8161.04
8161.04
8159.72
8158.41
8157.09
8157.09
8155.78
8154.46
8153.15
8153.15
8151.83
8150.52
8149.20
8149.20
8147.89
8146.57
8146.57
8145.26
8143.94
8142.63
8142.63
8141.31
8140.00
8138.68
8138.68
8137.37
8136.05
8134.74
8134.74
8133.42
8132.11
8132.11
8130.79
8129.47
8128.16
8128.16
8126.84
8125.53
8124.21
8124.21
8122.90
8121.58
8121.58
8120.27
8118.95
8117.64
8117.64
8116.32
8115.01
8112.38
8112.38
8111.06
8109.75
8108.43
8108.43
8107.12
8105.80
8105.80
8104.49
8103.17
8101.85
8101.85
8100.54
8099.22
8097.91
8097.91
8096.59
8095.28
8095.28
8093.96
8092.65
8091.33
8091.33
8090.02
8088.70
8088.70
8087.39
8086.07
8084.76
8084.76
8083.44
8082.13
8080.81
8080.81
8079.50
8078.18
8078.18
8076.87
8075.55
8074.23
8074.23
8072.92
8071.60
8070.29
8070.29
8068.97
8067.66
8067.66
8066.34
8065.03
8063.71
8063.71
8062.40
8061.08
8061.08
8059.77
8057.14
8055.82
8055.82
8054.51
8053.19
8051.88
8051.88
8050.56
8049.25
8047.93
8047.93
8046.61
8045.30
8045.30
8043.98
8042.67
8041.35
8041.35
8040.04
8038.72
8038.72
8037.41
8036.09
8034.78
8034.78
8033.46
8032.15
8030.83
8030.83
8029.52
8028.20
8028.20
8026.89
8025.57
8025.57
8024.26
8022.94
8021.63
8021.63
8020.31
8018.99
8017.68
8017.68
8016.36
8015.05
8015.05
8013.73
8012.42
8011.10
8011.10
8009.79
8008.47
8008.47
8007.16
8005.84
8004.53
8004.53
8003.21
8000.58
7999.27
7999.27
7997.95
7996.64
7996.64
7995.32
7994.01
7994.01
7992.69
7991.37
7990.06
7990.06
7988.74
7987.43
7986.11
7986.11
7984.80
7983.48
7983.48
7982.17
7980.85
7979.54
7979.54
7978.22
7976.91
7976.91
7975.59
7974.28
7972.96
7972.96
7971.65
7970.33
7970.33
7969.02
7967.70
7966.39
7966.39
7965.07
7963.75
7963.75
7962.44
7961.12
7959.81
7959.81
7958.49
7957.18
7957.18
7955.86
7954.55
7953.23
7953.23
7951.92
7950.60
7950.60
7949.29
7947.97
7946.66
7946.66
7944.03
7942.71
7942.71
7941.40
7940.08
7938.77
7938.77
7937.45
7936.13
7936.13
7934.82
7933.50
7932.19
7932.19
7930.87
7929.56
7929.56
7928.24
7926.93
7925.61
7925.61
7924.30
7922.98
7922.98
7921.67
7920.35
7919.04
7919.04
7917.72
7916.41
7916.41
7915.09
7913.78
7913.78
7912.46
7911.15
7909.83
7909.83
7908.51
7907.20
7907.20
7905.88
7904.57
7903.25
7903.25
7901.94
7900.62
7900.62
7899.31
7897.99
7896.68
7896.68
7895.36
7894.05
7894.05
7892.73
7891.42
7891.42
7890.10
7887.47
7886.16
7886.16
7884.84
7883.53
7883.53
7882.21
7880.89
7879.58
7879.58
7878.26
7876.95
7876.95
7875.63
7874.32
7873.00
7873.00
7871.69
7870.37
7870.37
7869.06
7867.74
7867.74
7866.43
7865.11
7863.80
7863.80
7862.48
7861.17
7861.17
7859.85
7858.54
7857.22
7857.22
7855.91
7854.59
7854.59
7853.27
7851.96
7850.64
7850.64
7849.33
7848.01
7848.01
7846.70
7845.38
7845.38
7844.07
7842.75
7841.44
7841.44
7840.12
7838.81
7838.81
7837.49
7836.18
7836.18
7834.86
7832.23
7830.92
7830.92
7829.60
7828.29
7828.29
7826.97
7825.65
7825.65
7824.34
7823.02
7821.71
7821.71
7820.39
7819.08
7819.08
7817.76
7816.45
7815.13
7815.13
7813.82
7812.50
7812.50
7811.19
7809.87
7809.87
7808.56
7807.24
7807.24
7805.93
7804.61
7803.30
7803.30
7801.98
7800.67
7800.67
7799.35
7798.04
7796.72
7796.72
7795.40
7794.09
7794.09
7792.77
7791.46
7791.46
7790.14
7788.83
7787.51
7787.51
7786.20
7784.88
7784.88
7783.57
7782.25
7782.25
7780.94
7779.62
7778.31
7778.31
7775.68
7774.36
7774.36
7773.05
7771.73
7771.73
7770.42
7769.10
7769.10
7767.78
7766.47
7765.15
7765.15
7763.84
7762.52
7762.52
7761.21
7759.89
7759.89
7758.58
7757.26
7755.95
7755.95
7754.63
7753.32
7753.32
7752.00
7750.69
7750.69
7749.37
7748.06
7746.74
7746.74
7745.43
7744.11
7744.11
7742.80
7741.48
7741.48
7740.16
7738.85
7738.85
7737.53
7736.22
7734.90
7734.90
7733.59
7732.27
7732.27
7730.96
7729.64
7729.64
7728.33
7727.01
7727.01
7725.70
7724.38
7723.07
7723.07
7721.75
7719.12
7719.12
7717.81
7716.49
7716.49
7715.18
7713.86
7713.86
7712.54
7711.23
7709.91
7709.91
7708.60
7707.28
7707.28
7705.97
7704.65
7704.65
7703.34
7702.02
7702.02
7700.71
7699.39
7698.08
7698.08
7696.76
7695.45
7695.45
7694.13
7692.82
7692.82
7691.50
7690.19
7690.19
7688.87
7687.56
7686.24
7686.24
7684.92
7683.61
7683.61
7682.29
7680.98
7680.98
7679.66
7678.35
7678.35
7677.03
7675.72
7674.40
7674.40
7673.09
7671.77
7671.77
7670.46
7669.14
7669.14
7667.83
7666.51
7666.51
7663.88
7662.57
7662.57
7661.25
7659.94
7659.94
7658.62
7657.30
7655.99
7655.99
7654.67
7653.36
7653.36
7652.04
7650.73
7650.73
7649.41
7648.10
7648.10
7646.78
7645.47
7645.47
7644.15
7642.84
7641.52
7641.52
7640.21
7638.89
7638.89
7637.58
7636.26
7636.26
7634.95
7633.63
7633.63
7632.32
7631.00
7631.00
7629.68
7628.37
7627.05
7627.05
7625.74
7624.42
7624.42
7623.11
7621.79
7621.79
7620.48
7619.16
7619.16
7617.85
7616.53
7616.53
7615.22
7613.90
7613.90
7612.59
7611.27
7609.96
7609.96
7607.33
7606.01
7606.01
7604.70
7603.38
7603.38
7602.06
7600.75
7600.75
7599.43
7598.12
7598.12
7596.80
7595.49
7595.49
7594.17
7592.86
7592.86
7591.54
7590.23
7588.91
7588.91
7587.60
7586.28
7586.28
7584.97
7583.65
7583.65
7582.34
7581.02
7581.02
7579.71
7578.39
7578.39
7577.08
7575.76
7575.76
7574.44
7573.13
7573.13
7571.81
7570.50
7569.18
7569.18
7567.87
7566.55
7566.55
7565.24
7563.92
7563.92
7562.61
7561.29
7561.29
7559.98
7558.66
7558.66
7557.35
7556.03
7556.03
7554.72
7553.40
7553.40
7550.77
7549.46
7549.46
7548.14
7546.82
7546.82
7545.51
7544.19
7544.19
7542.88
7541.56
7540.25
7540.25
7538.93
7537.62
7537.62
7536.30
7534.99
7534.99
7533.67
7532.36
7532.36
7531.04
7529.73
7529.73
7528.41
7527.10
7527.10
7525.78
7524.47
7524.47
7523.15
7521.84
7521.84
7520.52
7519.20
7519.20
7517.89
7516.57
7516.57
7515.26
7513.94
7513.94
7512.63
7511.31
7511.31
7510.00
7508.68
7507.37
7507.37
7506.05
7504.74
7504.74
7503.42
7502.11
7502.11
7500.79
7499.48
7499.48
7498.16
7495.53
7495.53
7494.22
7492.90
7492.90
7491.59
7490.27
7490.27
7488.95
7487.64
7487.64
7486.32
7485.01
7485.01
7483.69
7482.38
7482.38
7481.06
7479.75
7479.75
7478.43
7477.12
7477.12
7475.80
7474.49
7474.49
7473.17
7471.86
7471.86
7470.54
7469.23
7469.23
7467.91
7466.60
7466.60
7465.28
7463.97
7463.97
7462.65
7461.33
7461.33
7460.02
7458.70
7458.70
7457.39
7456.07
7456.07
7454.76
7453.44
7453.44
7452.13
7450.81
7450.81
7449.50
7448.18
7448.18
7446.87
7445.55
7444.24
7444.24
7442.92
7441.61
7441.61
7438.98
7437.66
7437.66
7436.35
7435.03
7435.03
7433.71
7432.40
7432.40
7431.08
7429.77
7429.77
7428.45
7427.14
7427.14
7425.82
7424.51
7424.51
7423.19
7421.88
7421.88
7420.56
7419.25
7419.25
7417.93
7416.62
7416.62
7415.30
7413.99
7413.99
7412.67
7412.67
7411.36
7410.04
7410.04
7408.73
7407.41
7407.41
7406.09
7404.78
7403.46
7403.46
7402.15
7400.83
7400.83
7399.52
7398.20
7398.20
7396.89
7395.57
7395.57
7394.26
7394.26
7392.94
7391.63
7391.63
7390.31
7389.00
7389.00
7387.68
7386.37
7386.37
7385.05
7382.42
7382.42
7381.11
7379.79
7379.79
7378.47
7377.16
7377.16
7375.84
7374.53
7374.53
7373.21
7371.90
7371.90
7370.58
7369.27
7369.27
7367.95
7366.64
7366.64
7365.32
7364.01
7364.01
7362.69
7361.38
7361.38
7360.06
7358.75
7358.75
7357.43
7356.12
7356.12
7354.80
7353.49
7353.49
7352.17
7350.85
7350.85
7349.54
7348.22
7348.22
7346.91
7345.59
7345.59
7344.28
7344.28
7342.96
7341.65
7340.33
7340.33
7339.02
7337.70
7337.70
7336.39
7336.39
7335.07
7333.76
7333.76
7332.44
7331.13
7331.13
7329.81
7327.18
7327.18
7325.87
7324.55
7324.55
7323.23
7321.92
7321.92
7320.60
7319.29
7319.29
7317.97
7316.66
7316.66
7315.34
7314.03
7314.03
7312.71
7311.40
7311.40
7310.08
7308.77
7308.77
7307.45
7307.45
7306.14
7304.82
7304.82
7303.51
7302.19
7302.19
7300.88
7299.56
7299.56
7298.25
7296.93
7296.93
7295.61
7294.30
7294.30
7292.98
7291.67
7291.67
7290.35
7289.04
7289.04
7287.72
7286.41
7286.41
7285.09
7283.78
7283.78
7282.46
7282.46
7281.15
7279.83
7279.83
7278.52
7277.20
7277.20
7275.89
7274.57
7274.57
7273.26
7270.63
7270.63
7269.31
7267.99
7267.99
7266.68
7265.36
7265.36
7264.05
7262.73
7262.73
7261.42
7261.42
7260.10
7258.79
7258.79
7257.47
7256.16
7256.16
7254.84
7253.53
7253.53
7252.21
7250.90
7250.90
7249.58
7248.27
7248.27
7246.95
7245.64
7245.64
7244.32
7243.01
7243.01
7241.69
7241.69
7240.37
7239.06
7239.06
7237.74
7236.43
7236.43
7235.11
7233.80
7233.80
7232.48
7231.17
7231.17
7229.85
7228.54
7228.54
7227.22
7225.91
7225.91
7224.59
7224.59
7223.28
7221.96
7221.96
7220.65
7219.33
7219.33
7218.02
7216.70
7216.70
7214.07
7212.75
7212.75
7211.44
7210.12
7210.12
7208.81
7208.81
7207.49
7206.18
7206.18
7204.86
7203.55
7203.55
7202.23
7200.92
7200.92
7199.60
7198.29
7198.29
7196.97
7196.97
7195.66
7194.34
7194.34
7193.03
7191.71
7191.71
7190.40
7189.08
7189.08
7187.77
7186.45
7186.45
7185.13
7183.82
7183.82
7182.50
7182.50
7181.19
7179.87
7179.87
7178.56
7177.24
7177.24
7175.93
7174.61
7174.61
7173.30
7171.98
7171.98
7170.67
7170.67
7169.35
7168.04
7168.04
7166.72
7165.41
7165.41
7164.09
7162.78
7162.78
7161.46
7160.15
7160.15
7157.52
7156.20
7156.20
7154.88
7154.88
7153.57
7152.25
7152.25
7150.94
7149.62
7149.62
7148.31
7146.99
7146.99
7145.68
7144.36
7144.36
7143.05
7143.05
7141.73
7140.42
7140.42
7139.10
7137.79
7137.79
7136.47
7135.16
7135.16
7133.84
7132.53
7132.53
7131.21
7131.21
7129.90
7128.58
7128.58
7127.26
7125.95
7125.95
7124.63
7124.63
7123.32
7122.00
7122.00
7120.69
7119.37
7119.37
7118.06
7116.74
7116.74
7115.43
7114.11
7114.11
7112.80
7112.80
7111.48
7110.17
7110.17
7108.85
7107.54
7107.54
7106.22
7104.91
7104.91
7102.28
7102.28
7100.96
7099.64
7099.64
7098.33
7097.01
7097.01
7095.70
7094.38
7094.38
7093.07
7093.07
7091.75
7090.44
7090.44
7089.12
7087.81
7087.81
7086.49
7085.18
7085.18
7083.86
7083.86
7082.55
7081.23
7081.23
7079.92
7078.60
7078.60
7077.29
7075.97
7075.97
7074.66
7074.66
7073.34
7072.02
7072.02
7070.71
7069.39
7069.39
7068.08
7066.76
7066.76
7065.45
7065.45
7064.13
7062.82
7062.82
7061.50
7060.19
7060.19
7058.87
7058.87
7057.56
7056.24
7056.24
7054.93
7053.61
7053.61
7052.30
7050.98
7050.98
7049.67
7049.67
7048.35
7045.72
7045.72
7044.40
7043.09
7043.09
7041.77
7040.46
7040.46
7039.14
7039.14
7037.83
7036.51
7036.51
7035.20
7033.88
7033.88
7032.57
7032.57
7031.25
7029.94
7029.94
7028.62
7027.31
7027.31
7025.99
7024.68
7024.68
7023.36
7023.36
7022.05
7020.73
7020.73
7019.42
7018.10
7018.10
7016.78
7016.78
7015.47
7014.15
7014.15
7012.84
7011.52
7011.52
7010.21
7010.21
7008.89
7007.58
7007.58
7006.26
7004.95
7004.95
7003.63
7002.32
7002.32
7001.00
7001.00
6999.69
6998.37
6998.37
6997.06
6995.74
6995.74
6994.43
6994.43
6993.11
6991.80
6991.80
6989.16
6987.85
6987.85
6986.53
6985.22
6985.22
6983.90
6983.90
6982.59
6981.27
6981.27
6979.96
6979.96
6978.64
6977.33
6977.33
6976.01
6974.70
6974.70
6973.38
6972.07
6972.07
6970.75
6970.75
6969.44
6968.12
6968.12
6966.81
6966.81
6965.49
6964.18
6964.18
6962.86
6961.54
6961.54
6960.23
6960.23
6958.91
6957.60
6957.60
6956.28
6954.97
6954.97
6953.65
6952.34
6952.34
6951.02
6951.02
6949.71
6948.39
6948.39
6947.08
6947.08
6945.76
6944.45
6944.45
6943.13
6941.82
6941.82
6940.50
6940.50
6939.19
6937.87
6937.87
6936.56
6933.92
6933.92
6932.61
6932.61
6931.29
6929.98
6929.98
6928.66
6927.35
6927.35
6926.03
6926.03
6924.72
6923.40
6923.40
6922.09
6920.77
6920.77
6919.46
6919.46
6918.14
6916.83
6916.83
6915.51
6914.20
6914.20
6912.88
6912.88
6911.57
6910.25
6910.25
6908.94
6908.94
6907.62
6906.30
6906.30
6904.99
6903.67
6903.67
6902.36
6902.36
6901.04
6899.73
6899.73
6898.41
6897.10
6897.10
6895.78
6895.78
6894.47
6893.15
6893.15
6891.84
6891.84
6890.52
6889.21
6889.21
6887.89
6886.58
6886.58
6885.26
6885.26
6883.95
6882.63
6882.63
6881.32
6880.00
6880.00
6877.37
6877.37
6876.05
6874.74
6874.74
6873.42
6873.42
6872.11
6870.79
6870.79
6869.48
6868.16
6868.16
6866.85
6866.85
6865.53
6864.22
6864.22
6862.90
6862.90
6861.59
6860.27
6860.27
6858.96
6857.64
6857.64
6856.33
6856.33
6855.01
6853.70
6853.70
6852.38
6851.07
6851.07
6849.75
6849.75
6848.43
6847.12
6847.12
6845.80
6845.80
6844.49
6843.17
6843.17
6841.86
6841.86
6840.54
6839.23
6839.23
6837.91
6836.60
6836.60
6835.28
6835.28
6833.97
6832.65
6832.65
6831.34
6831.34
6830.02
6828.71
6828.71
6827.39
6826.08
6826.08
6824.76
6824.76
6823.45
6820.81
6820.81
6819.50
6819.50
6818.18
6816.87
6816.87
6815.55
6815.55
6814.24
6812.92
6812.92
6811.61
6810.29
6810.29
6808.98
6808.98
6807.66
6806.35
6806.35
6805.03
6805.03
6803.72
6802.40
6802.40
6801.09
6801.09
6799.77
6798.46
6798.46
6797.14
6795.83
6795.83
6794.51
6794.51
6793.19
6791.88
6791.88
6790.56
6790.56
6789.25
6787.93
6787.93
6786.62
6786.62
6785.30
6783.99
6783.99
6782.67
6782.67
6781.36
6780.04
6780.04
6778.73
6777.41
6777.41
6776.10
6776.10
6774.78
6773.47
6773.47
6772.15
6772.15
6770.84
6769.52
6769.52
6768.21
6768.21
6765.57
6764.26
6764.26
6762.94
6762.94
6761.63
6760.31
6760.31
6759.00
6759.00
6757.68
6756.37
6756.37
6755.05
6753.74
6753.74
6752.42
6752.42
6751.11
6749.79
6749.79
6748.48
6748.48
6747.16
6745.85
6745.85
6744.53
6744.53
6743.22
6741.90
6741.90
6740.59
6740.59
6739.27
6737.95
6737.95
6736.64
6736.64
6735.32
6734.01
6734.01
6732.69
6732.69
6731.38
6730.06
6730.06
6728.75
6727.43
6727.43
6726.12
6726.12
6724.80
6723.49
6723.49
6722.17
6722.17
6720.86
6719.54
6719.54
6718.23
6718.23
6716.91
6715.60
6715.60
6714.28
6714.28
6712.97
6711.65
6711.65
6709.02
6709.02
6707.70
6706.39
6706.39
6705.07
6705.07
6703.76
6702.44
6702.44
6701.13
6701.13
6699.81
6698.50
6698.50
6697.18
6697.18
6695.87
6694.55
6694.55
6693.24
6693.24
6691.92
6690.61
6690.61
6689.29
6689.29
6687.98
6686.66
6686.66
6685.35
6685.35
6684.03
6682.71
6682.71
6681.40
6681.40
6680.08
6678.77
6678.77
6677.45
6677.45
6676.14
6674.82
6674.82
6673.51
6673.51
6672.19
6670.88
6670.88
6669.56
6669.56
6668.25
6666.93
6666.93
6665.62
6665.62
6664.30
6662.99
6662.99
6661.67
6661.67
6660.36
6659.04
6659.04
6657.73
6657.73
6656.41
6655.09
6655.09
6652.46
6652.46
6651.15
6649.83
6649.83
6648.52
6648.52
6647.20
6645.89
6645.89
6644.57
6644.57
6643.26
6641.94
6641.94
6640.63
6640.63
6639.31
6638.00
6638.00
6636.68
6636.68
6635.37
6635.37
6634.05
6632.74
6632.74
6631.42
6631.42
6630.11
6628.79
6628.79
6627.47
6627.47
6626.16
6624.84
6624.84
6623.53
6623.53
6622.21
6620.90
6620.90
6619.58
6619.58
6618.27
6616.95
6616.95
6615.64
6615.64
6614.32
6613.01
6613.01
6611.69
6611.69
6610.38
6609.06
6609.06
6607.75
6607.75
6606.43
6606.43
6605.12
6603.80
6603.80
6602.49
6602.49
6601.17
6599.85
6599.85
6597.22
6597.22
6595.91
6594.59
6594.59
6593.28
6593.28
6591.96
6590.65
6590.65
6589.33
6589.33
6588.02
6586.70
6586.70
6585.39
6585.39
6584.07
6582.76
6582.76
6581.44
6581.44
6580.13
6580.13
6578.81
6577.50
6577.50
6576.18
6576.18
6574.87
6573.55
6573.55
6572.23
6572.23
6570.92
6569.60
6569.60
6568.29
6568.29
6566.97
6566.97
6565.66
6564.34
6564.34
6563.03
6563.03
6561.71
6560.40
6560.40
6559.08
6559.08
6557.77
6556.45
6556.45
6555.14
6555.14
6553.82
6553.82
6552.51
6551.19
6551.19
6549.88
6549.88
6548.56
6547.25
6547.25
6545.93
6545.93
6544.61
6543.30
6543.30
6540.67
6540.67
6539.35
6539.35
6538.04
6536.72
6536.72
6535.41
6535.41
6534.09
6532.78
6532.78
6531.46
6531.46
6530.15
6528.83
6528.83
6527.52
6527.52
6526.20
6526.20
6524.89
6523.57
6523.57
6522.26
6522.26
6520.94
6519.63
6519.63
6518.31
6518.31
6517.00
6517.00
6515.68
6514.36
6514.36
6513.05
6513.05
6511.73
6510.42
6510.42
6509.10
6509.10
6507.79
6507.79
6506.47
6505.16
6505.16
6503.84
6503.84
6502.53
6501.21
6501.21
6499.90
6499.90
6498.58
6497.27
6497.27
6495.95
6495.95
6494.64
6494.64
6493.32
6492.01
6492.01
6490.69
6490.69
6489.38
6489.38
6488.06
6486.74
6486.74
6484.11
6484.11
6482.80
6481.48
6481.48
6480.17
6480.17
6478.85
6478.85
6477.54
6476.22
6476.22
6474.91
6474.91
6473.59
6472.28
6472.28
6470.96
6470.96
6469.65
6469.65
6468.33
6467.02
6467.02
6465.70
6465.70
6464.39
6464.39
6463.07
6461.76
6461.76
6460.44
6460.44
6459.12
6457.81
6457.81
6456.49
6456.49
6455.18
6455.18
6453.86
6452.55
6452.55
6451.23
6451.23
6449.92
6448.60
6448.60
6447.29
6447.29
6445.97
6445.97
6444.66
6443.34
6443.34
6442.03
6442.03
6440.71
6440.71
6439.40
6438.08
6438.08
6436.77
6436.77
6435.45
6434.14
6434.14
6432.82
6432.82
6431.50
6431.50
6430.19
6427.56
6427.56
6426.24
6426.24
6424.93
6424.93
6423.61
6422.30
6422.30
6420.98
6420.98
6419.67
6419.67
6418.35
6417.04
6417.04
6415.72
6415.72
6414.41
6413.09
6413.09
6411.78
6411.78
6410.46
6410.46
6409.15
6407.83
6407.83
6406.52
6406.52
6405.20
6405.20
6403.88
6402.57
6402.57
6401.25
6401.25
6399.94
6399.94
6398.62
6397.31
6397.31
6395.99
6395.99
6394.68
6394.68
6393.36
6392.05
6392.05
6390.73
6390.73
6389.42
6389.42
6388.10
6386.79
6386.79
6385.47
6385.47
6384.16
6384.16
6382.84
6381.53
6381.53
6380.21
6380.21
6378.90
6378.90
6377.58
6376.26
6376.26
6374.95
6374.95
6372.32
6372.32
6371.00
6369.69
6369.69
6368.37
6368.37
6367.06
6367.06
6365.74
6364.43
6364.43
6363.11
6363.11
6361.80
6361.80
6360.48
6359.17
6359.17
6357.85
6357.85
6356.54
6355.22
6355.22
6353.91
6353.91
6352.59
6352.59
6351.28
6349.96
6349.96
6348.64
6348.64
6347.33
6347.33
6346.01
6346.01
6344.70
6343.38
6343.38
6342.07
6342.07
6340.75
6340.75
6339.44
6338.12
6338.12
6336.81
6336.81
6335.49
6335.49
6334.18
6332.86
6332.86
6331.55
6331.55
6330.23
6330.23
6328.92
6327.60
6327.60
6326.29
6326.29
6324.97
6324.97
6323.66
6322.34
6322.34
6321.02
6321.02
6319.71
6319.71
6318.39
6318.39
6315.76
6314.45
6314.45
6313.13
6313.13
6311.82
6311.82
6310.50
6309.19
6309.19
6307.87
6307.87
6306.56
6306.56
6305.24
6303.93
6303.93
6302.61
6302.61
6301.30
6301.30
6299.98
6298.67
6298.67
6297.35
6297.35
6296.04
6296.04
6294.72
6294.72
6293.40
6292.09
6292.09
6290.77
6290.77
6289.46
6289.46
6288.14
6286.83
6286.83
6285.51
6285.51
6284.20
6284.20
6282.88
6281.57
6281.57
6280.25
6280.25
6278.94
6278.94
6277.62
6277.62
6276.31
6274.99
6274.99
6273.68
6273.68
6272.36
6272.36
6271.05
6269.73
6269.73
6268.42
6268.42
6267.10
6267.10
6265.78
6265.78
6264.47
6263.15
6263.15
6261.84
6261.84
6259.21
6259.21
6257.89
6257.89
6256.58
6255.26
6255.26
6253.95
6253.95
6252.63
6252.63
6251.32
6250.00
6250.00
6248.69
6248.69
6247.37
6247.37
6246.06
6246.06
6244.74
6243.43
6243.43
6242.11
6242.11
6240.80
6240.80
6239.48
6238.16
6238.16
6236.85
6236.85
6235.53
6235.53
6234.22
6234.22
6232.90
6231.59
6231.59
6230.27
6230.27
6228.96
6228.96
6227.64
6226.33
6226.33
6225.01
6225.01
6223.70
6223.70
6222.38
6222.38
6221.07
6219.75
6219.75
6218.44
6218.44
6217.12
6217.12
6215.81
6215.81
6214.49
6213.18
6213.18
6211.86
6211.86
6210.55
6210.55
6209.23
6209.23
6207.91
6206.60
6206.60
6203.97
6203.97
6202.65
6202.65
6201.34
6201.34
6200.02
6198.71
6198.71
6197.39
6197.39
6196.08
6196.08
6194.76
6194.76
6193.45
6192.13
6192.13
6190.82
6190.82
6189.50
6189.50
6188.19
6188.19
6186.87
6185.56
6185.56
6184.24
6184.24
6182.93
6182.93
6181.61
6181.61
6180.29
6178.98
6178.98
6177.66
6177.66
6176.35
6176.35
6175.03
6175.03
6173.72
6172.40
6172.40
6171.09
6171.09
6169.77
6169.77
6168.46
6168.46
6167.14
6165.83
6165.83
6164.51
6164.51
6163.20
6163.20
6161.88
6161.88
6160.57
6159.25
6159.25
6157.94
6157.94
6156.62
6156.62
6155.31
6155.31
6153.99
6152.67
6152.67
6151.36
6151.36
6150.04
6150.04
6147.41
6147.41
6146.10
6144.78
6144.78
6143.47
6143.47
6142.15
6142.15
6140.84
6140.84
6139.52
6139.52
6138.21
6136.89
6136.89
6135.58
6135.58
6134.26
6134.26
6132.95
6132.95
6131.63
6131.63
6130.32
6129.00
6129.00
6127.69
6127.69
6126.37
6126.37
6125.05
6125.05
6123.74
6122.42
6122.42
6121.11
6121.11
6119.79
6119.79
6118.48
6118.48
6117.16
6117.16
6115.85
6114.53
6114.53
6113.22
6113.22
6111.90
6111.90
6110.59
6110.59
6109.27
6107.96
6107.96
6106.64
6106.64
6105.33
6105.33
6104.01
6104.01
6102.70
6102.70
6101.38
6100.07
6100.07
6098.75
6098.75
6097.43
6097.43
6096.12
6096.12
6094.80
6094.80
6093.49
6090.86
6090.86
6089.54
6089.54
6088.23
6088.23
6086.91
6086.91
6085.60
6084.28
6084.28
6082.97
6082.97
6081.65
6081.65
6080.34
6080.34
6079.02
6079.02
6077.71
6076.39
6076.39
6075.08
6075.08
6073.76
6073.76
6072.45
6072.45
6071.13
6071.13
6069.81
6068.50
6068.50
6067.18
6067.18
6065.87
6065.87
6064.55
6064.55
6063.24
6063.24
6061.92
6061.92
6060.61
6059.29
6059.29
6057.98
6057.98
6056.66
6056.66
6055.35
6055.35
6054.03
6054.03
6052.72
6051.40
6051.40
6050.09
6050.09
6048.77
6048.77
6047.46
6047.46
6046.14
6046.14
6044.83
6043.51
6043.51
6042.19
6042.19
6040.88
6040.88
6039.56
6039.56
6038.25
6038.25
6035.62
6035.62
6034.30
6032.99
6032.99
6031.67
6031.67
6030.36
6030.36
6029.04
6029.04
6027.73
6027.73
6026.41
6025.10
6025.10
6023.78
6023.78
6022.47
6022.47
6021.15
6021.15
6019.84
6019.84
6018.52
6018.52
6017.21
6015.89
6015.89
6014.57
6014.57
6013.26
6013.26
6011.94
6011.94
6010.63
6010.63
6009.31
6008.00
6008.00
6006.68
6006.68
6005.37
6005.37
6004.05
6004.05
6002.74
6002.74
6001.42
6001.42
6000.11
5998.79
5998.79
5997.48
5997.48
5996.16
5996.16
5994.85
5994.85
5993.53
5993.53
5992.22
5992.22
5990.90
5990.90
5989.59
5988.27
5988.27
5986.95
5986.95
5985.64
5985.64
5984.32
5984.32
5983.01
5983.01
5981.69
5981.69
5979.06
5977.75
5977.75
5976.43
5976.43
5975.12
5975.12
5973.80
5973.80
5972.49
5972.49
5971.17
5971.17
5969.86
5968.54
5968.54
5967.23
5967.23
5965.91
5965.91
5964.60
5964.60
5963.28
5963.28
5961.97
5961.97
5960.65
5959.33
5959.33
5958.02
5958.02
5956.70
5956.70
5955.39
5955.39
5954.07
5954.07
5952.76
5952.76
5951.44
5951.44
5950.13
5948.81
5948.81
5947.50
5947.50
5946.18
5946.18
5944.87
5944.87
5943.55
5943.55
5942.24
5942.24
5940.92
5940.92
5939.61
5938.29
5938.29
5936.98
5936.98
5935.66
5935.66
5934.35
5934.35
5933.03
5933.03
5931.71
5931.71
5930.40
5930.40
5929.08
5927.77
5927.77
5926.45
5926.45
5925.14
5925.14
5922.51
5922.51
5921.19
5921.19
5919.88
5919.88
5918.56
5918.56
5917.25
5917.25
5915.93
5914.62
5914.62
5913.30
5913.30
5911.99
5911.99
5910.67
5910.67
5909.36
5909.36
5908.04
5908.04
5906.73
5906.73
5905.41
5904.10
5904.10
5902.78
5902.78
5901.46
5901.46
5900.15
5900.15
5898.83
5898.83
5897.52
5897.52
5896.20
5896.20
5894.89
5894.89
5893.57
5892.26
5892.26
5890.94
5890.94
5889.63
5889.63
5888.31
5888.31
5887.00
5887.00
5885.68
5885.68
5884.37
5884.37
5883.05
5883.05
5881.74
5881.74
5880.42
5879.11
5879.11
5877.79
5877.79
5876.48
5876.48
5875.16
5875.16
5873.84
5873.84
5872.53
5872.53
5871.21
5871.21
5869.90
5869.90
5867.27
5865.95
5865.95
5864.64
5864.64
5863.32
5863.32
5862.01
5862.01
5860.69
5860.69
5859.38
5859.38
5858.06
5858.06
5856.75
5856.75
5855.43
5854.12
5854.12
5852.80
5852.80
5851.49
5851.49
5850.17
5850.17
5848.86
5848.86
5847.54
5847.54
5846.22
5846.22
5844.91
5844.91
5843.59
5843.59
5842.28
5842.28
5840.96
5840.96
5839.65
5838.33
5838.33
5837.02
5837.02
5835.70
5835.70
5834.39
5834.39
5833.07
5833.07
5831.76
5831.76
5830.44
5830.44
5829.13
5829.13
5827.81
5827.81
5826.50
5826.50
5825.18
5823.87
5823.87
5822.55
5822.55
5821.24
5821.24
5819.92
5819.92
5818.60
5818.60
5817.29
5817.29
5815.97
5815.97
5814.66
5814.66
5813.34
5813.34
5810.71
5810.71
5809.40
5808.08
5808.08
5806.77
5806.77
5805.45
5805.45
5804.14
5804.14
5802.82
5802.82
5801.51
5801.51
5800.19
5800.19
5798.88
5798.88
5797.56
5797.56
5796.25
5796.25
5794.93
5794.93
5793.62
5793.62
5792.30
5790.98
5790.98
5789.67
5789.67
5788.35
5788.35
5787.04
5787.04
5785.72
5785.72
5784.41
5784.41
5783.09
5783.09
5781.78
5781.78
5780.46
5780.46
5779.15
5779.15
5777.83
5777.83
5776.52
5776.52
5775.20
5775.20
5773.89
5772.57
5772.57
5771.26
5771.26
5769.94
5769.94
5768.63
5768.63
5767.31
5767.31
5766.00
5766.00
5764.68
5764.68
5763.36
5763.36
5762.05
5762.05
5760.73
5760.73
5759.42
5759.42
5758.10
5758.10
5756.79
5756.79
5754.16
5754.16
5752.84
5751.53
5751.53
5750.21
5750.21
5748.90
5748.90
5747.58
5747.58
5746.27
5746.27
5744.95
5744.95
5743.64
5743.64
5742.32
5742.32
5741.01
5741.01
5739.69
5739.69
5738.38
5738.38
5737.06
5737.06
5735.74
5735.74
5734.43
5734.43
5733.11
5733.11
5731.80
5730.48
5730.48
5729.17
5729.17
5727.85
5727.85
5726.54
5726.54
5725.22
5725.22
5723.91
5723.91
5722.59
5722.59
5721.28
5721.28
5719.96
5719.96
5718.65
5718.65
5717.33
5717.33
5716.02
5716.02
5714.70
5714.70
5713.39
5713.39
5712.07
5712.07
5710.76
5710.76
5709.44
5708.12
5708.12
5708.12
5706.81
5705.49
5705.49
5704.18
5704.18
5702.86
5702.86
5701.55
5701.55
5700.23
5700.23
5697.60
5697.60
5696.29
5696.29
5694.97
5694.97
5693.66
5693.66
5692.34
5692.34
5691.03
5691.03
5689.71
5689.71
5688.40
5688.40
5687.08
5687.08
5685.77
5685.77
5684.45
5684.45
5683.14
5683.14
5681.82
5681.82
5680.50
5680.50
5679.19
5679.19
5677.87
5677.87
5676.56
5676.56
5675.24
5673.93
5673.93
5673.93
5672.61
5671.30
5671.30
5669.98
5669.98
5668.67
5668.67
5667.35
5667.35
5666.04
5666.04
5664.72
5664.72
5663.41
5663.41
5662.09
5662.09
5660.78
5660.78
5659.46
5659.46
5658.15
5658.15
5656.83
5656.83
5655.52
5655.52
5654.20
5654.20
5652.88
5652.88
5651.57
5651.57
5650.25
5650.25
5648.94
5648.94
5647.62
5647.62
5646.31
5646.31
5644.99
5644.99
5642.36
5642.36
5641.05
5641.05
5639.73
5639.73
5638.42
5638.42
5637.10
5637.10
5635.79
5635.79
5634.47
5634.47
5633.16
5633.16
5631.84
5631.84
5630.53
5630.53
5629.21
5627.90
5627.90
5627.90
5626.58
5625.26
5625.26
5623.95
5623.95
5622.63
5622.63
5621.32
5621.32
5620.00
5620.00
5618.69
5618.69
5617.37
5617.37
5616.06
5616.06
5614.74
5614.74
5613.43
5613.43
5612.11
5612.11
5610.80
5610.80
5609.48
5609.48
5608.17
5608.17
5606.85
5606.85
5605.54
5605.54
5604.22
5604.22
5602.91
5602.91
5601.59
5601.59
5600.28
5600.28
5598.96
5598.96
5597.64
5597.64
5596.33
5596.33
5595.01
5595.01
5593.70
5593.70
5592.38
5592.38
5591.07
5591.07
5589.75
5589.75
5588.44
5588.44
5585.81
5585.81
5584.49
5584.49
5583.18
5583.18
5581.86
5581.86
5580.55
5580.55
5579.23
5579.23
5577.92
5577.92
5576.60
5576.60
5575.29
5575.29
5573.97
5573.97
5572.66
5572.66
5571.34
5571.34
5570.03
5570.03
5568.71
5568.71
5567.39
5567.39
5566.08
5566.08
5564.76
5564.76
5563.45
5563.45
5562.13
5562.13
5560.82
5560.82
5559.50
5559.50
5558.19
5558.19
5556.87
5556.87
5555.56
5555.56
5554.24
5554.24
5552.93
5552.93
5551.61
5551.61
5550.30
5550.30
5548.98
5548.98
5547.67
5547.67
5546.35
5546.35
5545.04
5545.04
5543.72
5543.72
5542.41
5542.41
5541.09
5541.09
5539.77
5539.77
5538.46
5538.46
5537.14
5537.14
5535.83
5535.83
5534.51
5534.51
5533.20
5533.20
5531.88
5531.88
5529.25
5529.25
5527.94
5527.94
5526.62
5526.62
5525.31
5525.31
5523.99
5523.99
5522.68
5522.68
5521.36
5521.36
5520.05
5520.05
5518.73
5518.73
5517.42
5517.42
5516.10
5516.10
5514.79
5514.79
5513.47
5513.47
5512.15
5512.15
5512.15
5510.84
5509.52
5509.52
5509.52
5508.21
5508.21
5506.89
5506.89
5505.58
5505.58
5504.26
5504.26
5502.95
5502.95
5501.63
5501.63
5500.32
5500.32
5499.00
5499.00
5497.69
5497.69
5496.37
5496.37
5495.06
5495.06
5493.74
5493.74
5492.43
5492.43
5491.11
5491.11
5489.80
5489.80
5488.48
5488.48
5487.17
5487.17
5485.85
5485.85
5484.53
5484.53
5483.22
5483.22
5481.90
5481.90
5480.59
5480.59
5479.27
5479.27
5477.96
5477.96
5476.64
5476.64
5474.01
5474.01
5472.70
5472.70
5471.38
5471.38
5470.07
5470.07
5468.75
5468.75
5467.44
5467.44
5466.12
5466.12
5466.12
5464.81
5463.49
5463.49
5463.49
5462.18
5462.18
5460.86
5460.86
5459.55
5459.55
5458.23
5458.23
5456.91
5456.91
5455.60
5455.60
5454.28
5454.28
5452.97
5452.97
5451.65
5451.65
5450.34
5450.34
5449.02
5449.02
5447.71
5447.71
5446.39
5446.39
5445.08
5445.08
5443.76
5443.76
5442.45
5442.45
5441.13
5441.13
5439.82
5439.82
5438.50
5438.50
5437.19
5437.19
5435.87
5435.87
5434.56
5434.56
5434.56
5433.24
5433.24
5431.93
5431.93
5430.61
5430.61
5429.29
5429.29
5427.98
5427.98
5426.66
5426.66
5425.35
5425.35
5424.03
5424.03
5422.72
5422.72
5421.40
5421.40
5420.09
5420.09
5417.46
5417.46
5416.14
5416.14
5414.83
5414.83
5413.51
5413.51
5412.20
5412.20
5410.88
5410.88
5409.57
5409.57
5408.25
5408.25
5408.25
5406.94
5406.94
5405.62
5405.62
5404.31
5404.31
5402.99
5402.99
5401.67
5401.67
5400.36
5400.36
5399.04
5399.04
5397.73
5397.73
5396.41
5396.41
5395.10
5395.10
5393.78
5393.78
5392.47
5392.47
5391.15
5391.15
5389.84
5389.84
5388.52
5388.52
5388.52
5387.21
5387.21
5385.89
5385.89
5384.58
5384.58
5383.26
5383.26
5381.95
5381.95
5380.63
5380.63
5379.32
5379.32
5378.00
5378.00
5376.69
5376.69
5375.37
5375.37
5374.05
5374.05
5372.74
5372.74
5371.42
5371.42
5370.11
5370.11
5368.79
5368.79
5368.79
5367.48
5367.48
5366.16
5366.16
5364.85
5364.85
5363.53
5363.53
5360.90
5360.90
5359.59
5359.59
5358.27
5358.27
5356.96
5356.96
5355.64
5355.64
5354.33
5354.33
5353.01
5353.01
5351.70
5351.70
5350.38
5350.38
5350.38
5349.07
5349.07
5347.75
5347.75
5346.43
5346.43
5345.12
5345.12
5343.80
5343.80
5342.49
5342.49
5341.17
5341.17
5339.86
5339.86
5338.54
5338.54
5337.23
5337.23
5337.23
5335.91
5335.91
5334.60
5334.60
5333.28
5333.28
5331.97
5331.97
5330.65
5330.65
5329.34
5329.34
5328.02
5328.02
5326.71
5326.71
5325.39
5325.39
5324.08
5324.08
5322.76
5322.76
5321.45
5321.45
5321.45
5320.13
5320.13
5318.81
5318.81
5317.50
5317.50
5316.18
5316.18
5314.87
5314.87
5313.55
5313.55
5312.24
5312.24
5310.92
5310.92
5309.61
5309.61
5308.29
5308.29
5308.29
5305.66
5305.66
5304.35
5304.35
5303.03
5303.03
5301.72
5301.72
5300.40
5300.40
5299.09
5299.09
5297.77
5297.77
5296.46
5296.46
5295.14
5295.14
5293.83
5293.83
5293.83
5292.51
5292.51
5291.19
5291.19
5289.88
5289.88
5288.56
5288.56
5287.25
5287.25
5285.93
5285.93
5284.62
5284.62
5283.30
5283.30
5281.99
5281.99
5281.99
5280.67
5280.67
5279.36
5279.36
5278.04
5278.04
5276.73
5276.73
5275.41
5275.41
5274.10
5274.10
5272.78
5272.78
5271.47
5271.47
5270.15
5270.15
5268.84
5268.84
5268.84
5267.52
5267.52
5266.21
5266.21
5264.89
5264.89
5263.58
5263.58
5262.26
5262.26
5260.94
5260.94
5259.63
5259.63
5258.31
5258.31
5257.00
5257.00
5257.00
5255.68
5255.68
5254.37
5254.37
5253.05
5253.05
5251.74
5251.74
5249.11
5249.11
5247.79
5247.79
5246.48
5246.48
5246.48
5245.16
5245.16
5243.85
5243.85
5242.53
5242.53
5241.22
5241.22
5239.90
5239.90
5238.59
5238.59
5237.27
5237.27
5235.96
5235.96
5235.96
5234.64
5234.64
5233.32
5233.32
5232.01
5232.01
5230.69
5230.69
5229.38
5229.38
5228.06
5228.06
5226.75
5226.75
5225.43
5225.43
5224.12
5224.12
5224.12
5222.80
5222.80
5221.49
5221.49
5220.17
5220.17
5218.86
5218.86
5217.54
5217.54
5216.23
5216.23
5216.23
5214.91
5214.91
5213.60
5213.60
5212.28
5212.28
5210.97
5210.97
5209.65
5209.65
5208.34
5208.34
5207.02
5207.02
5205.70
5205.70
5205.70
5204.39
5204.39
5203.07
5203.07
5201.76
5201.76
5200.44
5200.44
5199.13
5199.13
5197.81
5197.81
5196.50
5196.50
5196.50
5195.18
5195.18
5192.55
5192.55
5191.24
5191.24
5189.92
5189.92
5188.61
5188.61
5187.29
5187.29
5185.98
5185.98
5185.98
5184.66
5184.66
5183.35
5183.35
5182.03
5182.03
5180.72
5180.72
5179.40
5179.40
5178.08
5178.08
5178.08
5176.77
5176.77
5175.45
5175.45
5174.14
5174.14
5172.82
5172.82
5171.51
5171.51
5170.19
5170.19
5168.88
5168.88
5168.88
5167.56
5167.56
5166.25
5166.25
5164.93
5164.93
5163.62
5163.62
5162.30
5162.30
5160.99
5160.99
5160.99
5159.67
5159.67
5158.36
5158.36
5157.04
5157.04
5155.73
5155.73
5154.41
5154.41
5153.10
5153.10
5153.10
5151.78
5151.78
5150.46
5150.46
5149.15
5149.15
5147.83
5147.83
5146.52
5146.52
5145.20
5145.20
5143.89
5143.89
5143.89
5142.57
5142.57
5141.26
5141.26
5139.94
5139.94
5138.63
5138.63
5136.00
5136.00
5134.68
5134.68
5134.68
5133.37
5133.37
5132.05
5132.05
5130.74
5130.74
5129.42
5129.42
5128.11
5128.11
5126.79
5126.79
5126.79
5125.48
5125.48
5124.16
5124.16
5122.84
5122.84
5121.53
5121.53
5120.21
5120.21
5120.21
5118.90
5118.90
5117.58
5117.58
5116.27
5116.27
5114.95
5114.95
5113.64
5113.64
5112.32
5112.32
5112.32
5111.01
5111.01
5109.69
5109.69
5108.38
5108.38
5107.06
5107.06
5105.75
5105.75
5104.43
5104.43
5104.43
5103.12
5103.12
5101.80
5101.80
5100.49
5100.49
5099.17
5099.17
5097.86
5097.86
5097.86
5096.54
5096.54
5095.22
5095.22
5093.91
5093.91
5092.59
5092.59
5091.28
5091.28
5089.96
5089.96
5089.96
5088.65
5088.65
5087.33
5087.33
5086.02
5086.02
5084.70
5084.70
5084.70
5083.39
5083.39
5080.76
5080.76
5079.44
5079.44
5078.13
5078.13
5076.81
5076.81
5075.50
5075.50
5075.50
5074.18
5074.18
5072.87
5072.87
5071.55
5071.55
5070.24
5070.24
5068.92
5068.92
5068.92
5067.60
5067.60
5066.29
5066.29
5064.97
5064.97
5063.66
5063.66
5062.34
5062.34
5062.34
5061.03
5061.03
5059.71
5059.71
5058.40
5058.40
5057.08
5057.08
5055.77
5055.77
5055.77
5054.45
5054.45
5053.14
5053.14
5051.82
5051.82
5050.51
5050.51
5049.19
5049.19
5049.19
5047.88
5047.88
5046.56
5046.56
5045.25
5045.25
5043.93
5043.93
5043.93
5042.62
5042.62
5041.30
5041.30
5039.98
5039.98
5038.67
5038.67
5037.35
5037.35
5037.35
5036.04
5036.04
5034.72
5034.72
5033.41
5033.41
5032.09
5032.09
5030.78
5030.78
5030.78
5029.46
5029.46
5028.15
5028.15
5026.83
5026.83
5024.20
5024.20
5022.89
5022.89
5022.89
5021.57
5021.57
5020.26
5020.26
5018.94
5018.94
5017.63
5017.63
5016.31
5016.31
5016.31
5015.00
5015.00
5013.68
5013.68
5012.36
5012.36
5011.05
5011.05
5011.05
5009.73
5009.73
5008.42
5008.42
5007.10
5007.10
5005.79
5005.79
5005.79
5004.47
5004.47
5003.16
5003.16
5001.84
5001.84
5000.53
5000.53
5000.53
4999.21
4999.21
4997.90
4997.90
4996.58
4996.58
4995.27
4995.27
4993.95
4993.95
4993.95
4992.64
4992.64
4991.32
4991.32
4990.01
4990.01
4988.69
4988.69
4988.69
4987.38
4987.38
4986.06
4986.06
4984.74
4984.74
4983.43
4983.43
4983.43
4982.11
4982.11
4980.80
4980.80
4979.48
4979.48
4978.17
4978.17
4976.85
4976.85
4976.85
4975.54
4975.54
4974.22
4974.22
4972.91
4972.91
4971.59
4971.59
4971.59
4970.28
4970.28
4967.65
4967.65
4966.33
4966.33
4965.02
4965.02
4965.02
4963.70
4963.70
4962.39
4962.39
4961.07
4961.07
4959.76
4959.76
4959.76
4958.44
4958.44
4957.12
4957.12
4955.81
4955.81
4954.49
4954.49
4953.18
4953.18
4953.18
4951.86
4951.86
4950.55
4950.55
4949.23
4949.23
4947.92
4947.92
4947.92
4946.60
4946.60
4945.29
4945.29
4943.97
4943.97
4943.97
4942.66
4942.66
4941.34
4941.34
4940.03
4940.03
4938.71
4938.71
4938.71
4937.40
4937.40
4936.08
4936.08
4934.77
4934.77
4933.45
4933.45
4933.45
4932.14
4932.14
4930.82
4930.82
4929.51
4929.51
4928.19
4928.19
4928.19
4926.87
4926.87
4925.56
4925.56
4924.24
4924.24
4922.93
4922.93
4922.93
4921.61
4921.61
4920.30
4920.30
4918.98
4918.98
4917.67
4917.67
4917.67
4916.35
4916.35
4915.04
4915.04
4912.41
4912.41
4912.41
4911.09
4911.09
4909.78
4909.78
4908.46
4908.46
4907.15
4907.15
4907.15
4905.83
4905.83
4904.52
4904.52
4903.20
4903.20
4901.89
4901.89
4901.89
4900.57
4900.57
4899.25
4899.25
4897.94
4897.94
4896.62
4896.62
4896.62
4895.31
4895.31
4893.99
4893.99
4892.68
4892.68
4892.68
4891.36
4891.36
4890.05
4890.05
4888.73
4888.73
4887.42
4887.42
4887.42
4886.10
4886.10
4884.79
4884.79
4883.47
4883.47
4883.47
4882.16
4882.16
4880.84
4880.84
4879.53
4879.53
4878.21
4878.21
4878.21
4876.90
4876.90
4875.58
4875.58
4874.27
4874.27
4872.95
4872.95
4872.95
4871.63
4871.63
4870.32
4870.32
4869.00
4869.00
4869.00
4867.69
4867.69
4866.37
4866.37
4865.06
4865.06
4865.06
4863.74
4863.74
4862.43
4862.43
4861.11
4861.11
4859.80
4859.80
4859.80
4858.48
4858.48
4855.85
4855.85
4854.54
4854.54
4854.54
4853.22
4853.22
4851.91
4851.91
4850.59
4850.59
4849.28
4849.28
4849.28
4847.96
4847.96
4846.65
4846.65
4845.33
4845.33
4845.33
4844.01
4844.01
4842.70
4842.70
4841.38
4841.38
4841.38
4840.07
4840.07
4838.75
4838.75
4837.44
4837.44
4836.12
4836.12
4836.12
4834.81
4834.81
4833.49
4833.49
4832.18
4832.18
4832.18
4830.86
4830.86
4829.55
4829.55
4828.23
4828.23
4828.23
4826.92
4826.92
4825.60
4825.60
4824.29
4824.29
4824.29
4822.97
4822.97
4821.66
4821.66
4820.34
4820.34
4819.03
4819.03
4819.03
4817.71
4817.71
4816.39
4816.39
4815.08
4815.08
4815.08
4813.76
4813.76
4812.45
4812.45
4811.13
4811.13
4811.13
4809.82
4809.82
4808.50
4808.50
4807.19
4807.19
4807.19
4805.87
4805.87
4804.56
4804.56
4803.24
4803.24
4803.24
4801.93
4801.93
4799.30
4799.30
4797.98
4797.98
4797.98
4796.67
4796.67
4795.35
4795.35
4794.04
4794.04
4792.72
4792.72
4792.72
4791.41
4791.41
4790.09
4790.09
4788.77
4788.77
4788.77
4787.46
4787.46
4786.14
4786.14
4784.83
4784.83
4784.83
4783.51
4783.51
4782.20
4782.20
4780.88
4780.88
4780.88
4779.57
4779.57
4778.25
4778.25
4776.94
4776.94
4776.94
4775.62
4775.62
4774.31
4774.31
4772.99
4772.99
4772.99
4771.68
4771.68
4770.36
4770.36
4770.36
4769.05
4769.05
4767.73
4767.73
4766.42
4766.42
4765.10
4765.10
4765.10
4763.79
4763.79
4762.47
4762.47
4761.15
4761.15
4761.15
4759.84
4759.84
4758.52
4758.52
4758.52
4757.21
4757.21
4755.89
4755.89
4754.58
4754.58
4753.26
4753.26
4753.26
4751.95
4751.95
4750.63
4750.63
4750.63
4749.32
4749.32
4748.00
4748.00
4746.69
4746.69
4746.69
4744.06
4744.06
4742.74
4742.74
4741.43
4741.43
4741.43
4740.11
4740.11
4738.80
4738.80
4737.48
4737.48
4737.48
4736.17
4736.17
4734.85
4734.85
4733.53
4733.53
4733.53
4732.22
4732.22
4730.90
4730.90
4729.59
4729.59
4729.59
4728.27
4728.27
4726.96
4726.96
4725.64
4725.64
4725.64
4724.33
4724.33
4723.01
4723.01
4723.01
4721.70
4721.70
4720.38
4720.38
4719.07
4719.07
4719.07
4717.75
4717.75
4716.44
4716.44
4715.12
4715.12
4715.12
4713.81
4713.81
4712.49
4712.49
4712.49
4711.18
4711.18
4709.86
4709.86
4708.55
4708.55
4708.55
4707.23
4707.23
4705.91
4705.91
4704.60
4704.60
4704.60
4703.28
4703.28
4701.97
4701.97
4700.65
4700.65
4700.65
4699.34
4699.34
4698.02
4698.02
4698.02
4696.71
4696.71
4695.39
4695.39
4694.08
4694.08
4694.08
4692.76
4692.76
4691.45
4691.45
4690.13
4690.13
4690.13
4687.50
4687.50
4686.19
4686.19
4686.19
4684.87
4684.87
4683.56
4683.56
4682.24
4682.24
4682.24
4680.93
4680.93
4679.61
4679.61
4678.29
4678.29
4678.29
4676.98
4676.98
4675.66
4675.66
4674.35
4674.35
4674.35
4673.03
4673.03
4671.72
4671.72
4671.72
4670.40
4670.40
4669.09
4669.09
4669.09
4667.77
4667.77
4666.46
4666.46
4665.14
4665.14
4665.14
4663.83
4663.83
4662.51
4662.51
4661.20
4661.20
4661.20
4659.88
4659.88
4658.57
4658.57
4657.25
4657.25
4657.25
4655.94
4655.94
4654.62
4654.62
4654.62
4653.31
4653.31
4651.99
4651.99
4651.99
4650.67
4650.67
4649.36
4649.36
4648.04
4648.04
4648.04
4646.73
4646.73
4645.41
4645.41
4645.41
4644.10
4644.10
4642.78
4642.78
4641.47
4641.47
4641.47
4640.15
4640.15
4638.84
4638.84
4637.52
4637.52
4637.52
4636.21
4636.21
4634.89
4634.89
4634.89
4633.58
4633.58
4630.95
4630.95
4630.95
4629.63
4629.63
4628.32
4628.32
4627.00
4627.00
4627.00
4625.69
4625.69
4624.37
4624.37
4624.37
4623.06
4623.06
4621.74
4621.74
4620.42
4620.42
4620.42
4619.11
4619.11
4617.79
4617.79
4617.79
4616.48
4616.48
4615.16
4615.16
4613.85
4613.85
4613.85
4612.53
4612.53
4611.22
4611.22
4611.22
4609.90
4609.90
4608.59
4608.59
4608.59
4607.27
4607.27
4605.96
4605.96
4604.64
4604.64
4604.64
4603.33
4603.33
4602.01
4602.01
4602.01
4600.70
4600.70
4599.38
4599.38
4598.07
4598.07
4598.07
4596.75
4596.75
4595.44
4595.44
4595.44
4594.12
4594.12
4592.80
4592.80
4592.80
4591.49
4591.49
4590.17
4590.17
4588.86
4588.86
4588.86
4587.54
4587.54
4586.23
4586.23
4586.23
4584.91
4584.91
4583.60
4583.60
4583.60
4582.28
4582.28
4580.97
4580.97
4579.65
4579.65
4579.65
4578.34
4578.34
4575.71
4575.71
4575.71
4574.39
4574.39
4573.08
4573.08
4573.08
4571.76
4571.76
4570.45
4570.45
4570.45
4569.13
4569.13
4567.82
4567.82
4566.50
4566.50
4566.50
4565.18
4565.18
4563.87
4563.87
4563.87
4562.55
4562.55
4561.24
4561.24
4561.24
4559.92
4559.92
4558.61
4558.61
4557.29
4557.29
4557.29
4555.98
4555.98
4554.66
4554.66
4554.66
4553.35
4553.35
4552.03
4552.03
4552.03
4550.72
4550.72
4549.40
4549.40
4549.40
4548.09
4548.09
4546.77
4546.77
4545.46
4545.46
4545.46
4544.14
4544.14
4542.83
4542.83
4542.83
4541.51
4541.51
4540.20
4540.20
4540.20
4538.88
4538.88
4537.56
4537.56
4537.56
4536.25
4536.25
4534.93
4534.93
4533.62
4533.62
4533.62
4532.30
4532.30
4530.99
4530.99
4530.99
4529.67
4529.67
4528.36
4528.36
4528.36
4527.04
4527.04
4525.73
4525.73
4525.73
4524.41
4524.41
4523.10
4523.10
4523.10
4521.78
4521.78
4519.15
4519.15
4519.15
4517.84
4517.84
4516.52
4516.52
4515.21
4515.21
4515.21
4513.89
4513.89
4512.58
4512.58
4512.58
4511.26
4511.26
4509.94
4509.94
4509.94
4508.63
4508.63
4507.31
4507.31
4507.31
4506.00
4506.00
4504.68
4504.68
4504.68
4503.37
4503.37
4502.05
4502.05
4502.05
4500.74
4500.74
4499.42
4499.42
4499.42
4498.11
4498.11
4496.79
4496.79
4496.79
4495.48
4495.48
4494.16
4494.16
4492.85
4492.85
4492.85
4491.53
4491.53
4490.22
4490.22
4490.22
4488.90
4488.90
4487.59
4487.59
4487.59
4486.27
4486.27
4484.96
4484.96
4484.96
4483.64
4483.64
4482.32
4482.32
4482.32
4481.01
4481.01
4479.69
4479.69
4479.69
4478.38
4478.38
4477.06
4477.06
4477.06
4475.75
4475.75
4474.43
4474.43
4474.43
4473.12
4473.12
4471.80
4471.80
4471.80
4470.49
4470.49
4469.17
4469.17
4469.17
4467.86
4467.86
4466.54
4466.54
4466.54
4465.23
4465.23
4462.60
4462.60
4462.60
4461.28
4461.28
4459.97
4459.97
4459.97
4458.65
4458.65
4457.34
4457.34
4457.34
4456.02
4456.02
4454.70
4454.70
4454.70
4453.39
4453.39
4452.07
4452.07
4452.07
4450.76
4450.76
4449.44
4449.44
4449.44
4448.13
4448.13
4446.81
4446.81
4446.81
4445.50
4445.50
4444.18
4444.18
4444.18
4442.87
4442.87
4441.55
4441.55
4441.55
4440.24
4440.24
4438.92
4438.92
4438.92
4437.61
4437.61
4436.29
4436.29
4436.29
4434.98
4434.98
4433.66
4433.66
4433.66
4432.35
4432.35
4431.03
4431.03
4431.03
4429.72
4429.72
4428.40
4428.40
4428.40
4427.08
4427.08
4425.77
4425.77
4425.77
4424.45
4424.45
4424.45
4423.14
4423.14
4421.82
4421.82
4421.82
4420.51
4420.51
4419.19
4419.19
4419.19
4417.88
4417.88
4416.56
4416.56
4416.56
4415.25
4415.25
4413.93
4413.93
4413.93
4412.62
4412.62
4411.30
4411.30
4411.30
4409.99
4409.99
4408.67
4408.67
4408.67
4406.04
4406.04
4404.73
4404.73
4404.73
4403.41
4403.41
4402.10
4402.10
4402.10
4400.78
4400.78
4399.46
4399.46
4399.46
4398.15
4398.15
4398.15
4396.83
4396.83
4395.52
4395.52
4395.52
4394.20
4394.20
4392.89
4392.89
4391.57
4391.57
4391.57
4390.26
4390.26
4390.26
4388.94
4388.94
4387.63
4387.63
4387.63
4386.31
4386.31
4385.00
4385.00
4385.00
4383.68
4383.68
4382.37
4382.37
4382.37
4381.05
4381.05
4379.74
4379.74
4379.74
4378.42
4378.42
4378.42
4377.11
4377.11
4375.79
4375.79
4375.79
4374.48
4374.48
4373.16
4373.16
4373.16
4371.84
4371.84
4370.53
4370.53
4370.53
4369.21
4369.21
4367.90
4367.90
4367.90
4366.58
4366.58
4365.27
4365.27
4365.27
4363.95
4363.95
4363.95
4362.64
4362.64
4361.32
4361.32
4361.32
4360.01
4360.01
4358.69
4358.69
4358.69
4357.38
4357.38
4356.06
4356.06
4356.06
4354.75
4354.75
4353.43
4353.43
4353.43
4350.80
4350.80
4350.80
4349.49
4349.49
4348.17
4348.17
4348.17
4346.86
4346.86
4345.54
4345.54
4345.54
4344.22
4344.22
4342.91
4342.91
4342.91
4341.59
4341.59
4340.28
4340.28
4340.28
4338.96
4338.96
4338.96
4337.65
4337.65
4336.33
4336.33
4336.33
4335.02
4335.02
4333.70
4333.70
4333.70
4332.39
4332.39
4332.39
4331.07
4331.07
4329.76
4329.76
4329.76
4328.44
4328.44
4327.13
4327.13
4327.13
4325.81
4325.81
4324.50
4324.50
4324.50
4323.18
4323.18
4323.18
4321.87
4321.87
4320.55
4320.55
4320.55
4319.24
4319.24
4317.92
4317.92
4317.92
4316.60
4316.60
4315.29
4315.29
4315.29
4313.97
4313.97
4313.97
4312.66
4312.66
4311.34
4311.34
4311.34
4310.03
4310.03
4308.71
4308.71
4308.71
4307.40
4307.40
4306.08
4306.08
4306.08
4304.77
4304.77
4304.77
4303.45
4303.45
4302.14
4302.14
4302.14
4300.82
4300.82
4299.51
4299.51
4299.51
4298.19
4298.19
4298.19
4296.88
4296.88
4294.25
4294.25
4294.25
4292.93
4292.93
4291.62
4291.62
4291.62
4290.30
4290.30
4290.30
4288.99
4288.99
4287.67
4287.67
4287.67
4286.35
4286.35
4285.04
4285.04
4285.04
4283.72
4283.72
4283.72
4282.41
4282.41
4281.09
4281.09
4281.09
4279.78
4279.78
4278.46
4278.46
4278.46
4277.15
4277.15
4277.15
4275.83
4275.83
4274.52
4274.52
4274.52
4273.20
4273.20
4271.89
4271.89
4271.89
4270.57
4270.57
4270.57
4269.26
4269.26
4267.94
4267.94
4267.94
4266.63
4266.63
4265.31
4265.31
4265.31
4264.00
4264.00
4264.00
4262.68
4262.68
4261.37
4261.37
4261.37
4260.05
4260.05
4260.05
4258.73
4258.73
4257.42
4257.42
4257.42
4256.10
4256.10
4254.79
4254.79
4254.79
4253.47
4253.47
4253.47
4252.16
4252.16
4250.84
4250.84
4250.84
4249.53
4249.53
4249.53
4248.21
4248.21
4246.90
4246.90
4246.90
4245.58
4245.58
4244.27
4244.27
4244.27
4242.95
4242.95
4242.95
4241.64
4241.64
4240.32
4240.32
4240.32
4237.69
4237.69
4236.38
4236.38
4236.38
4235.06
4235.06
4235.06
4233.75
4233.75
4232.43
4232.43
4232.43
4231.11
4231.11
4231.11
4229.80
4229.80
4228.48
4228.48
4228.48
4227.17
4227.17
4227.17
4225.85
4225.85
4224.54
4224.54
4224.54
4223.22
4223.22
4221.91
4221.91
4221.91
4220.59
4220.59
4220.59
4219.28
4219.28
4217.96
4217.96
4217.96
4216.65
4216.65
4216.65
4215.33
4215.33
4214.02
4214.02
4214.02
4212.70
4212.70
4212.70
4211.39
4211.39
4210.07
4210.07
4210.07
4208.76
4208.76
4208.76
4207.44
4207.44
4206.13
4206.13
4206.13
4204.81
4204.81
4203.49
4203.49
4203.49
4202.18
4202.18
4202.18
4200.86
4200.86
4199.55
4199.55
4199.55
4198.23
4198.23
4198.23
4196.92
4196.92
4195.60
4195.60
4195.60
4194.29
4194.29
4194.29
4192.97
4192.97
4191.66
4191.66
4191.66
4190.34
4190.34
4190.34
4189.03
4189.03
4187.71
4187.71
4187.71
4186.40
4186.40
4186.40
4185.08
4185.08
4182.45
4182.45
4182.45
4181.14
4181.14
4181.14
4179.82
4179.82
4178.51
4178.51
4178.51
4177.19
4177.19
4177.19
4175.87
4175.87
4174.56
4174.56
4174.56
4173.24
4173.24
4173.24
4171.93
4171.93
4170.61
4170.61
4170.61
