IEC 61083-2 TDG Version 2.1.0
Data File Version  2.1.0
08 LI-A8
16 bits, 25995 samples at 10ns
1.000000e-008
0.00
0.00
0.00
0.00
0.00
0.00
0.00
0.00
0.00
0.00
0.00
0.00
0.00
0.00
0.00
0.00
0.00
0.00
0.00
0.00
0.00
0.00
0.00
0.00
0.00
0.00
0.00
0.00
0.00
0.00
0.00
0.00
0.00
0.00
0.00
0.00
0.00
0.00
0.00
0.00
0.00
0.00
0.00
0.00
0.00
0.00
0.00
0.00
0.00
0.00
0.00
0.00
0.00
0.00
0.00
0.00
0.00
0.00
0.00
0.00
0.00
0.00
0.00
0.00
0.00
0.00
0.00
0.00
0.00
0.00
0.00
0.00
0.00
0.00
0.00
0.00
0.00
0.00
0.00
0.00
0.00
0.00
0.00
0.00
0.00
0.00
0.00
0.00
0.00
0.00
0.00
0.00
0.00
0.00
0.00
0.00
0.00
0.00
0.00
0.00
0.00
0.00
0.00
0.00
0.00
0.00
0.00
0.00
0.00
0.00
0.00
0.00
0.00
0.00
0.00
0.00
0.00
0.00
0.00
0.00
0.00
0.00
0.00
0.00
0.00
0.00
0.00
0.00
0.00
0.00
0.00
0.00
0.00
0.00
0.00
0.00
0.00
0.00
0.00
0.00
0.00
0.00
0.00
0.00
0.00
0.00
0.00
0.00
0.00
0.00
0.00
0.00
0.00
0.00
0.00
0.00
0.00
0.00
0.00
0.00
0.00
0.00
0.00
0.00
0.00
0.00
0.00
0.00
0.00
0.00
0.00
0.00
0.00
0.00
0.00
0.00
0.00
0.00
0.00
0.00
0.00
0.00
0.00
0.00
0.00
0.00
0.00
0.00
0.00
0.00
0.00
0.00
0.00
0.00
0.00
0.00
0.00
0.00
0.00
0.00
0.00
0.00
0.00
0.00
0.00
0.00
0.00
0.00
0.00
0.00
0.00
0.00
0.00
0.00
0.00
0.00
0.00
0.00
0.00
0.00
0.00
0.00
0.00
0.00
0.00
0.00
0.00
0.00
0.00
0.00
0.00
0.00
0.00
0.00
0.00
0.00
0.00
0.00
0.00
0.00
0.00
0.00
0.00
0.00
0.00
0.00
0.00
0.00
0.00
0.00
0.00
0.00
0.00
0.00
0.00
0.00
0.00
0.00
0.00
0.00
0.00
0.00
0.00
0.00
0.00
0.00
0.00
0.00
0.00
0.00
0.00
0.00
0.00
0.00
0.00
0.00
0.00
0.00
0.00
0.00
0.00
0.00
0.00
0.00
0.00
0.00
0.00
0.00
0.00
0.00
0.00
0.00
0.00
0.00
0.00
0.00
0.00
0.00
0.00
0.00
0.00
0.00
0.00
0.00
0.00
0.00
0.00
0.00
0.00
0.00
0.00
0.00
0.00
0.00
0.00
0.00
0.00
0.00
0.00
0.00
0.00
0.00
0.00
0.00
0.00
0.00
0.00
0.00
0.00
0.00
0.00
0.00
0.00
0.00
0.00
0.00
0.00
0.00
0.00
0.00
0.00
0.00
0.00
0.00
0.00
0.00
0.00
0.00
0.00
0.00
0.00
0.00
0.00
0.00
0.00
0.00
0.00
0.00
0.00
0.00
0.00
0.00
0.00
0.00
0.00
0.00
0.00
0.00
0.00
0.00
0.00
0.00
0.00
0.00
0.00
0.00
0.00
0.00
0.00
0.00
0.00
0.00
0.00
0.00
0.00
0.00
0.00
0.00
0.00
0.00
0.00
0.00
0.00
0.00
0.00
0.00
0.00
0.00
0.00
0.00
0.00
0.00
0.00
0.00
0.00
0.00
0.00
0.00
0.00
0.00
0.00
0.00
0.00
0.00
0.00
0.00
0.00
0.00
0.00
0.00
0.00
0.00
0.00
0.00
0.00
0.00
0.00
0.00
0.00
0.00
0.00
0.00
0.00
0.00
0.00
0.00
0.00
0.00
0.00
0.00
0.00
0.00
0.00
0.00
0.00
0.00
0.00
0.00
0.00
0.00
0.00
0.00
0.00
0.00
0.00
0.00
0.00
0.00
0.00
0.00
0.00
0.00
0.00
0.00
0.00
0.00
0.00
0.00
0.00
0.00
0.00
0.00
0.00
0.00
0.00
0.00
0.00
0.00
0.00
0.00
0.00
0.00
0.00
0.00
0.00
0.00
0.00
0.00
0.00
0.00
0.00
0.00
0.00
0.00
0.00
0.00
0.00
0.00
0.00
0.00
0.00
0.00
0.00
0.00
0.00
0.00
0.00
0.00
0.00
0.00
0.00
0.00
0.00
0.00
0.00
0.00
0.00
0.00
0.00
0.00
0.00
0.00
0.00
0.00
0.00
0.00
0.00
0.00
0.00
0.00
0.00
0.00
0.00
0.00
0.00
0.00
0.00
0.00
0.00
0.00
0.00
0.00
0.00
0.00
0.00
0.00
0.00
0.00
0.00
0.00
0.00
0.00
0.00
0.00
0.00
0.00
0.00
0.00
0.00
0.00
0.00
0.00
0.00
0.00
0.00
0.00
0.00
0.00
0.00
0.00
0.00
0.00
0.00
0.00
0.00
0.00
0.00
0.00
0.00
0.00
0.00
0.00
0.00
0.00
0.00
0.00
0.00
0.00
0.00
0.00
0.00
0.00
0.00
0.00
0.00
0.00
0.00
0.00
0.00
0.00
0.00
0.00
0.00
0.00
0.00
0.00
0.00
0.00
0.00
0.00
0.00
0.00
0.00
0.00
0.00
0.00
0.00
0.00
0.00
0.00
0.00
0.00
0.00
0.00
0.00
0.00
0.00
0.00
0.00
0.00
0.00
0.00
0.00
0.00
0.00
0.00
0.00
0.00
0.00
0.00
0.00
0.00
0.00
0.00
0.00
0.00
0.00
0.00
0.00
0.00
0.00
0.00
0.00
0.00
0.00
0.00
0.00
0.00
0.00
0.00
0.00
0.00
0.00
0.00
0.00
0.00
0.00
0.00
0.00
0.00
0.00
0.00
0.00
0.00
0.00
0.00
0.00
0.00
0.00
0.00
0.00
0.00
0.00
0.00
0.00
0.00
0.00
0.00
0.00
0.00
0.00
0.00
0.00
0.00
0.00
0.00
0.00
0.00
0.00
0.00
0.00
0.00
0.00
0.00
0.00
0.00
0.00
0.00
0.00
0.00
0.00
0.00
0.00
0.00
0.00
0.00
0.00
0.00
0.00
0.00
0.00
0.00
0.00
0.00
0.00
0.00
0.00
0.00
0.00
0.00
0.00
0.00
0.00
0.00
0.00
0.00
0.00
0.00
0.00
0.00
0.00
0.00
0.00
0.00
0.00
0.00
0.00
0.00
0.00
0.00
0.00
0.00
0.00
0.00
0.00
0.00
0.00
0.00
0.00
0.00
0.00
0.00
0.00
0.00
0.00
0.00
0.00
0.00
0.00
0.00
0.00
0.00
0.00
0.00
0.00
0.00
0.00
0.00
0.00
0.00
0.00
0.00
0.00
0.00
0.00
0.00
0.00
0.00
0.00
0.00
0.00
0.00
0.00
0.00
0.00
0.00
0.00
0.00
0.00
0.00
0.00
0.00
0.00
0.00
0.00
0.00
0.00
0.00
0.00
0.00
0.00
0.00
0.00
0.00
0.00
0.00
0.00
0.00
0.00
0.00
0.00
0.00
0.00
0.00
0.00
0.00
0.00
0.00
0.00
0.00
0.00
0.00
0.00
0.00
0.00
0.00
0.00
0.00
0.00
0.00
0.00
0.00
0.00
0.00
0.00
0.00
0.00
0.00
0.00
0.00
0.00
0.00
0.00
0.00
0.00
0.00
0.00
0.00
0.00
0.00
0.00
0.00
0.00
0.00
0.00
0.00
0.00
0.00
0.00
0.00
0.00
0.00
0.00
0.00
0.00
0.00
0.00
0.00
0.00
0.00
0.00
0.00
0.00
0.00
0.00
0.00
0.00
0.00
0.00
0.00
0.00
0.00
0.00
0.00
0.00
0.00
0.00
0.00
0.00
0.00
0.00
0.00
0.00
0.00
0.00
0.00
0.00
0.00
0.00
0.00
0.00
0.00
0.00
0.00
0.00
0.00
0.00
0.00
0.00
0.00
0.00
0.00
0.00
0.00
0.00
0.00
0.00
0.00
0.00
0.00
0.00
0.00
0.00
0.00
0.00
0.00
0.00
0.00
0.00
0.00
0.00
0.00
0.00
0.00
0.00
0.00
0.00
0.00
0.00
0.00
0.00
0.00
0.00
0.00
0.00
0.00
0.00
0.00
0.00
0.00
0.00
0.00
0.00
0.00
0.00
0.00
0.00
0.00
0.00
0.00
0.00
0.00
0.00
0.00
0.00
0.00
0.00
0.00
0.00
0.00
0.00
0.00
0.00
0.00
0.00
0.00
0.00
0.00
0.00
0.00
0.00
0.00
0.00
0.00
0.00
0.00
0.00
0.00
0.00
0.00
0.00
10.45
47.76
107.46
189.55
294.03
420.90
570.15
740.30
932.84
1143.29
1376.13
1628.37
1900.01
2189.56
2500.01
2826.88
3173.15
3534.35
3914.95
4313.46
4725.40
5155.25
5598.54
6058.24
6534.37
7022.43
7525.42
8041.84
8573.18
9114.98
9670.21
10237.37
10817.97
11407.53
12009.02
12622.46
13246.35
13879.18
14522.47
15174.71
15837.41
16506.07
17185.17
17870.25
18564.29
19267.28
19974.74
20691.16
21413.56
22138.93
22874.76
23613.57
24358.35
25107.61
25861.34
26619.56
27382.25
28147.92
28918.08
29689.72
30464.36
31243.46
32024.07
32806.16
33589.75
34374.83
35162.89
35950.95
36742.00
37530.07
38319.63
39112.17
39901.72
40691.28
41480.84
42267.41
43056.97
43842.05
44627.12
45410.71
46191.31
46970.42
47748.04
48521.18
49294.32
50064.47
50830.15
51594.33
52355.53
53109.26
53863.00
54612.26
55358.53
56098.83
56836.15
57567.50
58297.35
59019.75
59740.64
60452.59
61161.55
61864.54
62563.05
63255.59
63942.16
64624.26
65300.38
65970.53
66634.71
67292.93
67943.68
68589.95
69230.25
69863.09
70488.47
71109.37
71724.30
72328.78
72928.78
73522.81
74109.38
74688.49
75260.14
75825.81
76384.02
76934.77
77478.06
78015.38
78545.23
79066.13
79581.06
80088.52
80588.53
81079.57
81564.65
82040.77
82512.42
82975.11
83430.33
83876.61
84316.91
84749.75
85175.12
85591.54
86001.99
86403.49
86797.52
87184.09
87564.69
87934.84
88300.51
88657.23
89006.49
89348.28
89681.12
90010.97
90330.37
90640.82
90945.30
91243.81
91533.37
91816.95
92093.07
92361.73
92624.42
92879.64
93124.42
93364.72
93599.05
93824.42
94043.83
94257.26
94463.23
94663.24
94854.28
95039.36
95218.46
95391.60
95557.27
95716.97
95869.21
96016.97
96157.27
96291.60
96419.96
96542.35
96658.77
96769.22
96872.20
96970.71
97061.76
97149.82
97230.41
97306.53
97376.68
97439.37
97499.07
97552.80
97602.06
97645.34
97682.66
97715.49
97743.85
97766.24
97787.13
97799.07
97808.03
97812.51
97812.51
97808.03
97799.07
97785.64
97766.24
97743.85
97716.98
97688.63
97652.81
97615.49
97572.21
97525.94
97478.18
97424.45
97367.73
97306.53
97243.85
97176.68
97106.53
97033.40
96957.28
96875.19
96793.10
96708.02
96618.47
96527.43
96433.39
96336.38
96236.38
96136.38
96031.90
95924.44
95815.48
95703.54
95590.11
95473.69
95355.78
95236.37
95115.48
94991.60
94866.22
94739.36
94611.00
94479.65
94348.31
94212.49
94078.16
93942.34
93803.53
93664.72
93525.92
93384.12
93240.84
93097.55
92954.27
92806.51
92661.73
92513.97
92367.70
92216.95
92069.19
91916.95
91767.70
91616.95
91463.22
91312.47
91160.23
91006.50
90854.26
90700.53
90546.79
90394.55
90239.33
90087.09
89931.86
89778.13
89622.91
89470.67
89318.43
89163.20
89010.96
88857.23
88704.99
88552.75
88400.51
88249.77
88099.02
87946.78
87797.52
87646.78
87497.52
87349.76
87200.51
87054.24
86907.97
86761.70
86615.43
86472.14
86328.86
86185.57
86042.29
85901.99
85761.69
85622.88
85485.57
85345.27
85209.45
85073.63
84939.30
84806.46
84673.63
84542.28
84412.43
84282.58
84154.22
84027.35
83901.98
83776.61
83654.22
83531.83
83409.44
83288.54
83170.63
83052.72
82937.79
82822.87
82707.94
82596.00
82484.06
82375.10
82266.15
82158.69
82054.21
81948.24
81845.25
81743.76
81642.26
81543.76
81445.25
81348.23
81252.71
81160.17
81066.14
80975.10
80884.05
80795.99
80709.42
80622.86
80539.27
80457.18
80373.60
80294.50
80215.39
80137.78
80060.17
79985.54
79912.40
79839.27
79769.12
79698.97
79630.31
79563.15
79498.97
79433.30
79370.61
79309.42
79248.22
79190.01
79131.80
79075.09
79018.37
78964.64
78910.91
78860.16
78809.41
78760.16
78712.40
78664.64
78619.86
78575.08
78531.80
78490.01
78449.71
78407.92
78372.10
78333.29
78297.47
78261.65
78227.32
78194.48
78163.14
78131.80
78101.95
78072.09
78045.23
78018.36
77992.99
77967.62
77942.24
77921.35
77898.96
77878.06
77858.66
77839.26
77821.35
77803.44
77787.02
77770.60
77757.17
77743.73
77730.30
77718.36
77704.93
77695.97
77685.53
77676.57
77669.11
77661.64
77655.67
77649.70
77642.24
77639.26
77634.78
77631.79
77628.81
77627.32
77625.82
77624.33
77624.33
77624.33
77625.82
77627.32
77630.30
77633.29
77636.27
77639.26
77643.73
77649.70
77654.18
77660.15
77666.12
77673.58
77679.55
77687.02
77694.48
77703.44
77712.39
77721.35
77731.79
77740.75
77751.20
77760.15
77772.09
77784.03
77794.48
77806.42
77818.36
77830.30
77842.24
77855.68
77867.62
77881.05
77892.99
77909.41
77922.84
77936.27
77949.71
77963.14
77978.06
77992.99
78007.92
78022.84
78037.77
78052.69
78067.62
78082.54
78098.96
78113.89
78128.81
78143.74
78160.15
78176.57
78191.50
78206.42
78222.84
78239.26
78254.19
78269.11
78285.53
78301.95
78316.87
78331.80
78348.22
78363.14
78378.07
78394.48
78407.92
78424.34
78439.26
78454.19
78469.11
78484.04
78498.96
78512.40
78527.32
78542.25
78557.17
78570.60
78585.53
78598.96
78612.40
78625.83
78640.75
78652.69
78667.62
78679.56
78692.99
78703.44
78716.87
78730.31
78742.25
78752.70
78764.64
78776.58
78787.02
78800.46
78810.90
78821.35
78831.80
78842.25
78851.20
78863.14
78872.10
78881.05
78890.01
78898.96
78907.92
78915.38
78925.83
78933.29
78940.76
78949.71
78955.68
78963.14
78969.11
78976.58
78982.55
78991.50
78995.98
79001.95
79007.92
79012.40
79016.88
79021.35
79027.32
79030.31
79034.79
79039.26
79042.25
79045.23
79049.71
79052.70
79055.68
79057.17
79060.16
79061.65
79063.15
79064.64
79066.13
79067.62
79067.62
79069.12
79069.12
79069.12
79069.12
79069.12
79067.62
79066.13
79066.13
79064.64
79063.15
79060.16
79058.67
79057.17
79054.19
79051.20
79049.71
79045.23
79040.76
79037.77
79033.29
79030.31
79025.83
79021.35
79016.88
79012.40
79007.92
79001.95
78997.47
78991.50
78985.53
78978.07
78972.10
78967.62
78960.16
78954.19
78946.73
78940.76
78933.29
78925.83
78916.88
78909.41
78901.95
78892.99
78885.53
78878.07
78869.11
78860.16
78851.20
78840.76
78831.80
78822.85
78813.89
78804.93
78794.49
78784.04
78773.59
78764.64
78752.70
78743.74
78733.29
78721.35
78710.90
78700.46
78690.01
78678.07
78667.62
78654.19
78643.74
78631.80
78619.86
78609.41
78595.98
78584.04
78572.10
78560.16
78548.22
78534.78
78521.35
78509.41
78497.47
78484.04
78470.60
78457.17
78445.23
78431.80
78419.86
78404.93
78392.99
78379.56
78366.13
78352.69
78339.26
78324.33
78312.39
78298.96
78285.53
78270.60
78257.17
78243.74
78230.30
78213.89
78200.45
78187.02
78173.59
78160.15
78145.23
78131.80
78116.87
78103.44
78087.02
78073.59
78058.66
78045.23
78031.80
78015.38
78001.94
77988.51
77973.59
77958.66
77945.23
77930.30
77916.87
77901.94
77887.02
77872.09
77858.66
77845.23
77828.81
77815.38
77800.45
77787.02
77772.09
77757.17
77743.73
77728.81
77715.38
77700.45
77685.53
77672.09
77657.17
77642.24
77627.32
77613.88
77600.45
77587.02
77572.09
77557.17
77543.73
77530.30
77513.88
77500.45
77487.02
77473.58
77460.15
77445.23
77430.30
77416.87
77404.93
77390.00
77376.57
77361.64
77349.70
77336.27
77321.34
77307.91
77294.48
77281.05
77267.61
77254.18
77240.75
77227.31
77215.37
77198.96
77187.01
77173.58
77161.64
77148.21
77134.78
77121.34
77109.40
77095.97
77084.03
77069.10
77057.16
77043.73
77031.79
77019.85
77004.92
76992.98
76981.04
76969.10
76957.16
76943.73
76930.30
76918.36
76906.42
76894.48
76882.54
76869.10
76858.65
76846.71
76834.77
76822.83
76809.40
76797.46
76785.52
76775.07
76763.13
76751.19
76739.25
76727.31
76716.86
76704.92
76694.47
76681.04
76670.59
76658.65
76648.21
76636.27
76624.32
76613.88
76601.94
76591.49
76581.04
76569.10
76557.16
76546.71
76536.26
76525.82
76515.37
76504.92
76492.98
76482.53
76472.09
76461.64
76451.19
76440.74
76428.80
76418.35
76407.91
76398.95
76388.50
76378.05
76366.11
76357.16
76346.71
76336.26
76325.82
76316.86
76304.92
76295.96
76285.52
76276.56
76266.11
76257.16
76246.71
76236.26
76225.82
76216.86
76207.90
76197.46
76188.50
76176.56
76167.61
76158.65
76148.20
76139.25
76130.29
76121.34
76109.40
76100.44
76091.49
76082.53
76072.08
76063.13
76054.17
76043.72
76034.77
76025.81
76016.86
76007.90
75998.95
75987.01
75978.05
75970.59
75961.63
75952.68
75942.23
75933.28
75922.83
75915.37
75906.41
75897.46
75888.50
75879.54
75870.59
75860.14
75851.19
75842.23
75834.77
75825.81
75816.86
75807.90
75798.95
75788.50
75779.54
75770.59
75763.13
75754.17
75745.22
75736.26
75727.30
75718.35
75709.39
75701.93
75692.98
75684.02
75675.07
75664.62
75657.16
75648.20
75639.24
75630.29
75622.83
75613.87
75603.42
75594.47
75587.01
75578.05
75569.09
75560.14
75552.68
75542.23
75533.27
75524.32
75516.86
75507.90
75498.95
75491.48
75482.53
75472.08
75463.12
75455.66
75446.71
75437.75
75430.29
75421.33
75410.89
75403.42
75394.47
75385.51
75378.05
75369.09
75360.14
75352.68
75342.23
75333.27
75325.81
75316.85
75307.90
75300.44
75291.48
75281.03
75272.08
75264.62
75255.66
75246.70
75237.75
75230.29
75219.84
75210.88
75201.93
75192.97
75185.51
75176.56
75167.60
75157.15
75148.20
75140.73
75131.78
75122.82
75113.87
75106.41
75095.96
75087.00
75079.54
75070.58
75061.63
75052.67
75043.72
75034.76
75024.32
75015.36
75006.41
74998.94
74989.99
74981.03
74973.57
74963.12
74954.17
74945.21
74936.26
74927.30
74918.34
74909.39
74898.94
74891.48
74882.52
74873.57
74864.61
74855.66
74846.70
74836.25
74827.30
74818.34
74810.88
74801.93
74792.97
74782.52
74772.08
74763.12
74755.66
74746.70
74737.75
74728.79
74719.84
74709.39
74700.43
74691.48
74682.52
74673.57
74664.61
74655.66
74645.21
74636.25
74627.30
74618.34
74609.39
74600.43
74591.48
74581.03
74572.07
74563.12
74552.67
74545.21
74536.25
74527.30
74515.36
74506.40
74497.45
74489.98
74479.54
74470.58
74461.63
74451.18
74442.22
74433.27
74424.31
74413.86
74406.40
74397.45
74385.51
74376.55
74367.60
74358.64
74349.68
74340.73
74330.28
74321.33
74312.37
74301.92
74292.97
74284.01
74275.06
74264.61
74255.65
74246.70
74237.74
74227.30
74218.34
74209.39
74198.94
74189.98
74179.53
74170.58
74163.12
74152.67
74143.71
74133.27
74124.31
74115.36
74104.91
74095.95
74087.00
74076.55
74066.10
74058.64
74049.68
74039.24
74030.28
74021.32
74010.88
74000.43
73991.47
73982.52
73973.56
73964.61
73954.16
73945.20
73934.76
73925.80
73916.85
73907.89
73897.44
73888.49
73878.04
73869.09
73860.13
73849.68
73842.22
73831.77
73821.32
73812.37
73803.41
73792.97
73784.01
73775.05
73766.10
73755.65
73745.20
73737.74
73727.29
73718.34
73709.38
73700.43
73688.49
73679.53
73670.58
73661.62
73652.67
73642.22
73633.26
73622.81
73613.86
73603.41
73595.95
73585.50
73576.55
73566.10
73557.14
73548.19
73537.74
73528.78
73519.83
73510.87
73500.43
73491.47
73482.52
73472.07
73463.11
73454.16
73445.20
73434.75
73424.31
73415.35
73406.40
73397.44
73386.99
73379.53
73369.08
73358.63
73349.68
73340.72
73331.77
73322.81
73310.87
73303.41
73292.96
73284.01
73275.05
73266.10
73257.14
73245.20
73236.25
73227.29
73218.33
73209.38
73200.42
73191.47
73181.02
73172.07
73161.62
73152.66
73143.71
73134.75
73125.80
73115.35
73106.39
73097.44
73086.99
73078.04
73069.08
73060.13
73049.68
73040.72
73031.77
73022.81
73013.86
73003.41
72992.96
72984.01
72975.05
72966.09
72957.14
72948.18
72939.23
72928.78
72919.83
72909.38
72901.92
72892.96
72882.51
72873.56
72863.11
72854.15
72845.20
72836.24
72827.29
72818.33
72809.38
72798.93
72789.97
72779.53
72770.57
72763.11
72754.15
72743.71
72733.26
72724.30
72715.35
72706.39
72697.44
72688.48
72679.53
72669.08
72660.12
72651.17
72642.21
72633.26
72624.30
72615.35
72604.90
72595.94
72586.99
72578.03
72569.08
72560.12
72551.17
72540.72
72530.27
72522.81
72513.85
72504.90
72495.94
72485.49
72475.05
72467.58
72458.63
72449.67
72440.72
72430.27
72419.82
72412.36
72403.40
72394.45
72385.49
72375.05
72366.09
72358.63
72348.18
72339.23
72330.27
72321.31
72310.87
72303.40
72294.45
72284.00
72275.05
72266.09
72257.14
72248.18
72239.22
72230.27
72219.82
72210.87
72201.91
72192.96
72184.00
72175.05
72164.60
72155.64
72146.69
72137.73
72128.78
72119.82
72112.36
72103.40
72092.96
72084.00
72073.55
72066.09
72057.13
72048.18
72039.22
72028.78
72019.82
72010.87
72001.91
71992.95
71985.49
71976.54
71964.60
71955.64
71946.69
71937.73
71930.27
71921.31
71912.36
71901.91
71892.95
71884.00
71875.04
71866.09
71857.13
71849.67
71839.22
71830.27
71821.31
71810.86
71801.91
71794.45
71785.49
71775.04
71766.09
71757.13
71748.18
71739.22
71730.27
71721.31
71712.36
71703.40
71694.45
71685.49
71676.54
71667.58
71658.62
71648.18
71639.22
71631.76
71622.80
71613.85
71604.89
71595.94
71585.49
71576.53
71567.58
71558.62
71551.16
71542.21
71533.25
71522.80
71513.85
71504.89
71495.94
71486.98
71478.03
71470.56
71458.62
71449.67
71440.71
71431.76
71422.80
71415.34
71406.38
71395.94
71388.47
71379.52
71370.56
71361.61
71352.65
71343.70
71333.25
71324.29
71315.34
71307.88
71298.92
71289.97
71281.01
71270.56
71261.61
71252.65
71243.70
71234.74
71227.28
71218.32
71207.88
71198.92
71189.97
71181.01
71172.05
71163.10
71154.14
71145.19
71136.23
71127.28
71118.32
71109.37
71100.41
71091.46
71081.01
71072.05
71064.59
71055.64
71046.68
71037.73
71028.77
71019.81
71010.86
71001.90
70992.95
70983.99
70975.04
70966.08
70958.62
70948.17
70939.22
70930.26
70921.31
70912.35
70903.40
70894.44
70883.99
70876.53
70867.58
70858.62
70849.66
70842.20
70833.25
70822.80
70813.84
70804.89
70795.93
70786.98
70778.02
70770.56
70760.11
70751.16
70742.20
70733.25
70724.29
70715.34
70707.87
70697.42
70688.47
70679.51
70670.56
70663.10
70654.14
70645.19
70634.74
70625.78
70616.83
70607.87
70598.92
70591.45
70582.50
70573.54
70563.10
70555.63
70546.68
70537.72
70528.77
70519.81
70510.86
70500.41
70492.95
70483.99
70475.04
70466.08
70457.12
70448.17
70439.21
70430.26
70421.30
70412.35
70404.89
70395.93
70386.98
70376.53
70367.57
70358.62
70349.66
70340.71
70333.24
70324.29
70313.84
70306.38
70297.42
70288.47
70279.51
70270.56
70261.60
70251.15
70243.69
70234.74
70225.78
70216.83
70207.87
70200.41
70191.45
70181.00
70173.54
70164.59
70155.63
70146.68
70137.72
70128.76
70118.32
70110.85
70101.90
70092.94
70083.99
70075.03
70067.57
70057.12
70048.17
70040.70
70031.75
70022.79
70013.84
70004.88
69994.44
69986.97
69978.02
69969.06
69960.11
69951.15
69942.20
69933.24
69924.29
69915.33
69907.87
69898.91
69889.96
69882.49
69873.54
69863.09
69854.14
69845.18
69836.23
69828.76
69819.81
69810.85
69800.40
69791.45
69782.49
69775.03
69766.08
69757.12
69748.17
69739.21
69730.26
69721.30
69713.84
69704.88
69695.93
69686.97
69678.02
69669.06
69660.11
69651.15
69642.19
69634.73
69625.78
69615.33
69606.37
69597.42
69589.96
69581.00
69572.05
69563.09
69555.63
69545.18
69536.22
69528.76
69519.81
69510.85
69503.39
69494.43
69483.98
69475.03
69467.57
69458.61
69449.66
69440.70
69431.75
69422.79
69413.84
69404.88
69395.92
69388.46
69379.51
69370.55
69360.10
69352.64
69343.69
69334.73
69325.78
69318.31
69309.36
69300.40
69289.95
69282.49
69273.54
69264.58
69257.12
69248.16
69239.21
69230.25
69221.30
69212.34
69204.88
69195.92
69186.97
69178.01
69169.06
69160.10
69151.15
69143.68
69134.73
69125.77
69116.82
69109.36
69098.91
69089.95
69081.00
69073.53
69064.58
69055.62
69046.67
69037.71
69028.76
69019.80
69012.34
69003.39
68994.43
68985.47
68976.52
68967.56
68958.61
68951.15
68942.19
68933.24
68924.28
68916.82
68906.37
68897.41
68889.95
68881.00
68872.04
68863.09
68855.62
68845.18
68836.22
68828.76
68819.80
68810.85
68803.38
68794.43
68783.98
68776.52
68767.56
68758.61
68749.65
68742.19
68733.23
68722.79
68715.32
68706.37
68697.41
68689.95
68681.00
68672.04
68664.58
68654.13
68645.17
68637.71
68628.76
68619.80
68612.34
68603.38
68592.94
68585.47
68576.52
68567.56
68560.10
68551.14
68542.19
68534.73
68524.28
68515.32
68507.86
68498.90
68489.95
68482.49
68473.53
68463.08
68455.62
68446.67
68437.71
68430.25
68421.29
68413.83
68403.38
68394.43
68386.96
68378.01
68369.05
68361.59
68352.64
68343.68
68334.72
68325.77
68316.81
68309.35
68300.40
68292.93
68283.98
68273.53
68266.07
68257.11
68248.16
68240.69
68231.74
68224.28
68213.83
68204.87
68197.41
68188.46
68180.99
68172.04
68163.08
68155.62
68145.17
68136.22
68128.75
68119.80
68110.84
68103.38
68094.42
68083.98
68075.02
68067.56
68058.60
68049.65
68042.19
68033.23
68025.77
68015.32
68006.36
67998.90
67989.95
67982.48
67973.53
67966.07
67955.62
67946.66
67939.20
67930.24
67922.78
67913.83
67904.87
67897.41
67886.96
67879.50
67870.54
67861.59
67854.12
67845.17
67836.21
67827.26
67818.30
67809.35
67801.89
67792.93
67783.98
67776.51
67766.06
67758.60
67749.65
67742.18
67733.23
67725.77
67716.81
67707.86
67698.90
67689.94
67682.48
67673.53
67666.06
67657.11
67648.15
67639.20
67630.24
67621.29
67613.82
67604.87
67595.91
67588.45
67579.50
67570.54
67561.59
67554.12
67545.17
67537.71
67528.75
67521.29
67510.84
67501.88
67494.42
67485.47
67478.00
67469.05
67460.09
67452.63
67442.18
67433.23
67425.76
67416.81
67409.35
67400.39
67392.93
67382.48
67375.02
67366.06
67358.60
67349.64
67342.18
67333.23
67324.27
67315.32
67306.36
67297.41
67289.94
67280.99
67273.52
67264.57
67255.61
67246.66
67239.20
67230.24
67222.78
67213.82
67206.36
67197.40
67186.96
67179.49
67170.54
67161.58
67154.12
67145.17
67137.70
67127.25
67119.79
67110.84
67103.37
67094.42
67086.96
67078.00
67070.54
67060.09
67051.14
67043.67
67034.72
67027.25
67018.30
67010.84
67000.39
66992.93
66983.97
66976.51
66967.55
66960.09
66951.13
66943.67
66933.22
66924.27
66916.81
66907.85
66900.39
66891.43
66883.97
66873.52
66866.06
66857.10
66849.64
66840.69
66833.22
66824.27
66815.31
66806.36
66797.40
66789.94
66780.98
66773.52
66766.06
66757.10
66748.15
66739.19
66730.24
66722.77
66713.82
66706.36
66697.40
66689.94
66679.49
66672.03
66663.07
66655.61
66646.66
66639.19
66630.24
66619.79
66612.33
66604.86
66595.91
66588.45
66579.49
66572.03
66563.07
66554.12
66545.16
66537.70
66528.74
66519.79
66512.33
66504.86
66495.91
66486.95
66478.00
66470.53
66461.58
66454.12
66445.16
66436.21
66427.25
66419.79
66410.83
66403.37
66394.41
66386.95
66378.00
66370.53
66360.09
66352.62
66343.67
66336.21
66327.25
66319.79
66312.32
66301.88
66294.41
66285.46
66276.50
66269.04
66260.09
66252.62
66245.16
66234.71
66227.25
66218.29
66210.83
66201.88
66192.92
66185.46
66178.00
66167.55
66160.09
66152.62
66143.67
66134.71
66127.25
66118.29
66109.34
66101.88
66092.92
66085.46
66076.50
66069.04
66060.08
66052.62
66042.17
66034.71
66025.76
66018.29
66010.83
66001.88
65994.41
65985.46
65975.01
65967.55
65960.08
65951.13
65943.67
65936.20
65927.25
65918.29
65909.34
65900.38
65892.92
65885.46
65876.50
65869.04
65861.58
65851.13
65842.17
65834.71
65825.75
65818.29
65810.83
65803.37
65794.41
65783.96
65776.50
65767.55
65760.08
65752.62
65743.66
65736.20
65727.25
65718.29
65709.34
65701.87
65694.41
65685.46
65677.99
65670.53
65660.08
65651.13
65643.66
65634.71
65627.25
65619.78
65612.32
65603.37
65594.41
65585.45
65576.50
65569.04
65561.57
65554.11
65545.16
65536.20
65527.25
65518.29
65510.83
65503.36
65495.90
65486.95
65479.48
65469.04
65461.57
65452.62
65445.16
65437.69
65428.74
65421.27
65412.32
65403.36
65394.41
65386.95
65379.48
65372.02
65363.07
65354.11
65345.16
65337.69
65328.74
65321.27
65313.81
65304.86
65297.39
65288.44
65279.48
65272.02
65263.06
65255.60
65246.65
65239.18
65230.23
65222.77
65213.81
65206.35
65197.39
65189.93
65180.97
65173.51
65164.56
65157.09
65148.14
65139.18
65131.72
65122.77
65115.30
65107.84
65100.38
65089.93
65082.47
65073.51
65066.05
65058.59
65049.63
65042.17
65033.21
65024.26
65015.30
65007.84
65000.38
64992.91
64983.96
64975.00
64967.54
64958.59
64951.12
64943.66
64934.70
64925.75
64918.29
64910.82
64903.36
64892.91
64885.45
64876.50
64869.03
64861.57
64852.61
64845.15
64836.20
64827.24
64819.78
64810.82
64803.36
64795.90
64786.94
64779.48
64770.52
64761.57
64754.11
64746.64
64737.69
64730.23
64721.27
64713.81
64704.85
64697.39
64688.43
64680.97
64672.02
64664.55
64657.09
64649.63
64639.18
64631.72
64622.76
64615.30
64607.84
64598.88
64591.42
64583.96
64573.51
64566.05
64558.58
64549.63
64542.17
64534.70
64525.75
64516.79
64509.33
64500.37
64492.91
64485.45
64477.99
64469.03
64461.57
64451.12
64443.66
64436.19
64428.73
64419.78
64410.82
64403.36
64395.90
64386.94
64379.48
64370.52
64363.06
64354.10
64346.64
64339.18
64330.22
64321.27
64313.81
64306.34
64298.88
64289.93
64280.97
64273.51
64266.04
64257.09
64248.13
64240.67
64233.21
64225.75
64216.79
64209.33
64198.88
64191.42
64183.95
64176.49
64167.54
64160.07
64152.61
64143.66
64134.70
64127.24
64118.28
64110.82
64103.36
64095.89
64086.94
64079.48
64070.52
64061.57
64054.10
64046.64
64037.68
64030.22
64022.76
64015.30
64004.85
63997.39
63989.92
63982.46
63973.51
63966.04
63957.09
63949.62
63940.67
63933.21
63924.25
63916.79
63909.33
63901.86
63894.40
63885.45
63876.49
63867.53
63860.07
63852.61
63843.65
63836.19
63828.73
63821.27
63812.31
63803.36
63795.89
63788.43
63780.97
63772.01
63764.55
63757.09
63748.13
63739.18
63731.71
63722.76
63715.29
63707.83
63700.37
63691.41
63682.46
63675.00
63667.53
63658.58
63651.12
63643.65
63636.19
63625.74
63618.28
63610.82
63603.35
63595.89
63586.94
63579.47
63572.01
63564.55
63554.10
63546.64
63539.17
63530.22
63522.76
63515.29
63506.34
63497.38
63489.92
63482.46
63473.50
63466.04
63458.58
63451.11
63442.16
63433.20
63425.74
63418.28
63410.82
63401.86
63394.40
63386.93
63379.47
63369.02
63361.56
63354.10
63346.64
63337.68
63330.22
63322.76
63315.29
63304.84
63297.38
63289.92
63282.46
63274.99
63266.04
63258.58
63251.11
63242.16
63233.20
63225.74
63218.28
63210.81
63201.86
63194.40
63186.93
63177.98
63169.02
63161.56
63154.10
63146.63
63139.17
63130.22
63122.75
63113.80
63106.34
63098.87
63091.41
63083.95
63074.99
63067.53
63060.07
63051.11
63042.16
63034.69
63027.23
63019.77
63010.81
63003.35
62995.89
62986.93
62979.47
62970.51
62963.05
62955.59
62948.13
62939.17
62931.71
62922.75
62915.29
62906.33
62900.36
62892.90
62883.95
62876.48
62869.02
62860.07
62851.11
62843.65
62836.19
62828.72
62819.77
62812.30
62804.84
62795.89
62788.42
62779.47
62773.50
62764.54
62757.08
62749.62
62742.15
62733.20
62724.24
62716.78
62709.32
62701.86
62692.90
62685.44
62677.98
62669.02
62661.56
62654.09
62646.63
62637.68
62630.21
62622.75
62615.29
62604.84
62597.38
62589.92
62582.45
62574.99
62567.53
62560.06
62551.11
62542.15
62534.69
62527.23
62519.77
62510.81
62503.35
62495.88
62488.42
62480.96
62472.00
62464.54
62455.59
62448.12
62440.66
62433.20
62425.74
62418.27
62409.32
62400.36
62392.90
62385.44
62377.97
62369.02
62361.56
62355.59
62345.14
62337.67
62330.21
62322.75
62313.79
62306.33
62298.87
62291.41
62282.45
62274.99
62267.53
62258.57
62251.11
62243.64
62236.18
62228.72
62219.76
62212.30
62203.35
62195.88
62188.42
62180.96
62173.49
62166.03
62157.08
62148.12
62140.66
62133.20
62125.73
62118.27
62110.81
62103.35
62092.90
62085.43
62077.97
62070.51
62063.05
62055.58
62048.12
62039.17
62030.21
62024.24
62015.28
62007.82
62000.36
61992.90
61983.94
61977.97
61969.02
61960.06
61952.60
61945.14
61937.67
61930.21
61922.75
61915.28
61904.84
61897.37
61891.40
61882.45
61874.99
61867.52
61860.06
61851.10
61845.13
61836.18
61827.22
61819.76
61812.30
61804.84
61797.37
61789.91
61782.45
61772.00
61766.03
61758.57
61749.61
61742.15
61734.69
61727.22
61719.76
61710.81
61703.34
61694.39
61688.42
61680.95
61672.00
61664.54
61657.07
61648.12
61640.66
61633.19
61625.73
61616.78
61610.81
61603.34
61594.39
61585.43
61577.97
61570.51
61563.04
61555.58
61548.12
61540.66
61533.19
61522.74
61515.28
61509.31
61500.36
61492.89
61485.43
61477.97
61470.51
61463.04
61454.09
61445.13
61439.16
61431.70
61422.74
61415.28
61409.31
61400.36
61391.40
61383.94
61376.48
61369.01
61361.55
61354.09
61346.62
61339.16
61330.21
61321.25
61315.28
61307.82
61298.86
61291.40
61283.94
61276.47
61267.52
61260.06
61252.59
61245.13
61237.67
61228.71
61222.74
61215.28
61206.33
61197.37
61191.40
61182.44
61174.98
61169.01
61160.06
61152.59
61145.13
61136.18
61128.71
61121.25
61113.79
61106.32
61098.86
61091.40
61083.94
61074.98
61066.03
61058.56
61052.59
61043.64
61036.17
61030.20
61021.25
61012.29
61004.83
60997.37
60989.91
60982.44
60974.98
60967.52
60960.05
60952.59
60943.64
60936.17
60928.71
60921.25
60913.79
60904.83
60898.86
60891.40
60880.95
60874.98
60867.52
60858.56
60852.59
60845.13
60836.17
60828.71
60821.25
60812.29
60804.83
60797.37
60789.90
60782.44
60774.98
60767.52
60758.56
60751.10
60743.64
60736.17
60728.71
60721.25
60713.78
60706.32
60698.86
60689.90
60682.44
60674.98
60667.52
60660.05
60652.59
60645.13
60637.67
60628.71
60621.25
60613.78
60606.32
60598.86
60591.40
60583.93
60576.47
60569.01
60560.05
60552.59
60545.13
60537.66
60528.71
60522.74
60515.28
60507.81
60498.86
60491.40
60483.93
60476.47
60469.01
60461.54
60454.08
60446.62
60437.66
60430.20
60422.74
60415.28
60407.81
60400.35
60392.89
60385.42
60377.96
60369.01
60361.54
60354.08
60346.62
60339.16
60331.69
60324.23
60316.77
60307.81
60300.35
60292.89
60285.42
60277.96
60270.50
60263.04
60255.57
60246.62
60239.16
60231.69
60224.23
60216.77
60209.30
60203.33
60194.38
60186.92
60177.96
60170.50
60164.53
60155.57
60148.11
60142.14
60133.18
60127.21
60118.26
60109.30
60103.33
60094.38
60088.41
60080.95
60071.99
60066.02
60057.06
60049.60
60042.14
60034.68
60027.21
60019.75
60012.29
60004.83
59997.36
59988.41
59980.94
59973.48
59966.02
59960.05
59951.09
59943.63
59936.17
59927.21
59921.24
59912.29
59906.32
59898.85
59889.90
59883.93
59876.47
59869.00
59860.05
59852.59
59845.12
59837.66
59830.20
59822.73
59815.27
59807.81
59798.85
59791.39
59785.42
59776.47
59770.50
59763.03
59754.08
59748.11
59740.64
59731.69
59724.23
59716.76
59709.30
59701.84
59694.38
59688.41
59679.45
59670.50
59663.03
59655.57
59649.60
59640.64
59634.67
59627.21
59619.75
59610.79
59603.33
59595.87
59588.41
59580.94
59574.97
59566.02
59558.55
59552.58
59542.14
59536.17
59528.70
59521.24
59513.78
59506.32
59498.85
59491.39
59482.43
59474.97
59467.51
59461.54
59452.58
59446.61
59439.15
59431.69
59424.23
59415.27
59407.81
59400.34
59392.88
59386.91
59377.96
59371.99
59364.52
59355.57
59348.11
59340.64
59333.18
59325.72
59318.25
59312.28
59303.33
59297.36
59286.91
59280.94
59273.48
59266.02
59258.55
59251.09
59243.63
59236.16
59227.21
59221.24
59212.28
59206.31
59198.85
59191.39
59183.93
59176.46
59169.00
59160.04
59154.07
59146.61
59139.15
59131.69
59124.22
59116.76
59109.30
59100.34
59094.37
59085.42
59079.45
59070.49
59064.52
59057.06
59049.60
59043.63
59033.18
59027.21
59018.25
59012.28
59004.82
58997.36
58989.89
58982.43
58973.48
58966.01
58960.04
58952.58
58945.12
58937.66
58930.19
58922.73
58915.27
58906.31
58900.34
58892.88
58885.42
58877.95
58870.49
58863.03
58855.57
58849.59
58839.15
58833.18
58825.71
58818.25
58810.79
58803.33
58797.36
58788.40
58780.94
58773.48
58766.01
58758.55
58751.09
58745.12
58736.16
58730.19
58722.73
58713.77
58706.31
58698.85
58692.88
58685.41
58677.95
58670.49
58663.03
58654.07
58646.61
58639.15
58633.18
58625.71
58618.25
58610.79
58603.32
58597.35
58586.91
58580.94
58573.47
58566.01
58558.55
58551.09
58545.12
58536.16
58530.19
58521.23
58513.77
58506.31
58498.85
58492.88
58485.41
58477.95
58470.49
58463.03
58454.07
58448.10
58440.64
58433.17
58425.71
58418.25
58412.28
58403.32
58395.86
58388.40
58380.94
58373.47
58367.50
58360.04
58352.58
58345.11
58336.16
58330.19
58321.23
58315.26
58307.80
58300.34
58292.88
58286.91
58279.44
58270.49
58263.02
58255.56
58249.59
58240.64
58234.67
58227.20
58219.74
58212.28
58204.82
58197.35
58189.89
58182.43
58174.96
58168.99
58160.04
58154.07
58145.11
58137.65
58130.19
58124.22
58116.75
58109.29
58101.83
58094.37
58088.40
58079.44
58071.98
58064.52
58058.55
58049.59
58043.62
58036.16
58028.69
58021.23
58013.77
58006.31
57998.84
57991.38
57983.92
57977.95
57970.49
57963.02
57954.07
57948.10
57939.14
57933.17
57925.71
57918.25
57910.78
57904.81
57897.35
57888.40
57882.43
57874.96
57867.50
57860.04
57854.07
57845.11
57839.14
57831.68
57822.72
57815.26
57809.29
57801.83
57794.36
57786.90
57780.93
57773.47
57766.01
57757.05
57749.59
57743.62
57736.16
57728.69
57721.23
57715.26
57707.80
57698.84
57691.38
57685.41
57677.95
57670.48
57663.02
57657.05
57648.10
57642.13
57633.17
57627.20
57618.24
57612.27
57604.81
57597.35
57589.89
57583.92
57576.45
57567.50
57560.04
57554.07
57546.60
57539.14
57533.17
57525.71
57518.24
57510.78
57503.32
57495.86
57488.39
57480.93
57474.96
57467.50
57460.03
57452.57
57446.60
57437.65
57430.18
57422.72
57416.75
57409.29
57401.83
57394.36
57388.39
57379.44
57371.97
57364.51
57358.54
57351.08
57343.62
57336.15
57330.18
57322.72
57313.77
57306.30
57300.33
57292.87
57285.41
57277.94
57271.97
57264.51
57257.05
57248.09
57242.12
57234.66
57227.20
57219.73
57213.76
57206.30
57200.33
57189.88
57183.91
57176.45
57170.48
57161.53
57155.56
57148.09
57142.12
57134.66
57125.70
57118.24
57112.27
57104.81
57097.35
57089.88
57083.91
57076.45
57070.48
57060.03
57054.06
57046.60
57040.63
57033.17
57025.70
57018.24
57012.27
57004.81
56995.85
56988.39
56982.42
56974.96
56967.49
56961.52
56954.06
56946.60
56940.63
56931.67
56924.21
56916.75
56910.78
56903.32
56895.85
56889.88
56882.42
56874.96
56866.00
56860.03
56852.57
56846.60
56837.64
56831.67
56824.21
56818.24
56810.78
56801.82
56794.36
56788.39
56780.93
56774.96
56767.49
56760.03
56752.57
56746.60
56737.64
56730.18
56724.21
56716.75
56709.28
56701.82
56695.85
56688.39
56682.42
56671.97
56666.00
56658.54
56652.57
56645.10
56639.13
56630.18
56624.21
56615.25
56609.28
56601.82
56594.36
56588.39
56580.93
56573.46
56566.00
56560.03
56551.07
56545.10
56537.64
56530.18
56522.72
56516.75
56509.28
56503.31
56495.85
56486.89
56479.43
56473.46
56466.00
56458.54
56452.57
56445.10
56439.13
56431.67
56422.72
56415.25
56409.28
56401.82
56395.85
56388.39
56380.92
56373.46
56367.49
56358.54
56351.07
56345.10
56337.64
56331.67
56324.21
56318.24
56309.28
56303.31
56294.36
56288.39
56280.92
56273.46
56267.49
56260.03
56254.06
56245.10
56239.13
56230.18
56224.21
56216.74
56210.77
56203.31
56195.85
56189.88
56182.42
56174.95
56166.00
56160.03
56152.56
56146.59
56139.13
56131.67
56125.70
56118.24
56112.27
56103.31
56095.85
56088.38
56082.41
56074.95
56068.98
56061.52
56054.06
56048.09
56039.13
56033.16
56025.70
56018.24
56010.77
56004.80
55997.34
55991.37
55983.91
55974.95
55968.98
55961.52
55955.55
55948.09
55942.12
55934.65
55927.19
55919.73
55912.26
55904.80
55897.34
55891.37
55883.91
55877.94
55870.47
55863.01
55857.04
55848.09
55842.11
55834.65
55828.68
55821.22
55813.76
55807.79
55800.32
55792.86
55783.91
55777.94
55770.47
55764.50
55757.04
55751.07
55743.61
55736.14
55730.17
55721.22
55715.25
55707.79
55700.32
55694.35
55686.89
55680.92
55673.46
55667.49
55658.53
55651.07
55645.10
55637.64
55631.67
55624.20
55618.23
55609.28
55603.31
55594.35
55588.38
55580.92
55573.46
55567.49
55560.02
55554.05
55546.59
55539.13
55531.67
55524.20
55518.23
55510.77
55504.80
55497.34
55489.87
55483.90
55476.44
55468.98
55461.52
55455.55
55448.08
55440.62
55434.65
55427.19
55421.22
55413.75
55404.80
55398.83
55391.37
55385.40
55377.93
55371.96
55364.50
55357.04
55351.07
55342.11
55336.14
55328.68
55322.71
55315.25
55307.78
55301.81
55294.35
55288.38
55280.92
55271.96
55265.99
55258.53
55252.56
55245.10
55239.13
55231.66
55224.20
55218.23
55209.28
55203.31
55197.33
55189.87
55183.90
55176.44
55168.98
55163.01
55155.54
55148.08
55140.62
55133.16
55127.19
55119.72
55113.75
55106.29
55100.32
55092.86
55083.90
55077.93
55070.47
55064.50
55057.04
55051.07
55043.60
55036.14
55030.17
55021.21
55015.24
55009.27
55001.81
54995.84
54988.38
54980.92
54974.95
54967.48
54961.51
54952.56
54945.09
54939.12
54931.66
54925.69
54918.23
54912.26
54904.80
54895.84
54891.36
54883.90
54876.44
54870.47
54863.00
54857.03
54849.57
54842.11
54836.14
54827.18
54821.21
54813.75
54807.78
54800.32
54794.35
54786.88
54780.91
54773.45
54765.99
54758.53
54752.56
54745.09
54737.63
54731.66
54724.20
54718.23
54712.26
54703.30
54697.33
54689.87
54682.41
54676.44
54668.97
54663.00
54655.54
54649.57
54640.62
54634.65
54627.18
54621.21
54613.75
54607.78
54600.32
54594.35
54586.88
54579.42
54571.96
54565.99
54558.53
54552.56
54545.09
54539.12
54531.66
54524.20
54518.23
54509.27
54503.30
54497.33
54489.87
54483.90
54476.44
54468.97
54463.00
54455.54
54448.08
54442.11
54434.64
54428.67
54421.21
54413.75
54407.78
54400.32
54394.35
54388.38
54379.42
54373.45
54365.99
54358.52
54352.55
54345.09
54339.12
54333.15
54325.69
54318.23
54310.76
54303.30
54297.33
54289.87
54283.90
54277.93
54270.46
54264.49
54255.54
54248.08
54242.11
54236.14
54228.67
54222.70
54215.24
54209.27
54201.81
54194.34
54188.37
54180.91
54173.45
54167.48
54160.02
54154.05
54148.08
54140.61
54134.64
54125.69
54118.22
54112.25
54106.28
54098.82
54092.85
54085.39
54079.42
54071.96
54064.49
54057.03
54051.06
54043.60
54037.63
54030.16
54024.19
54018.22
54010.76
54001.81
53995.84
53989.87
53982.40
53976.43
53968.97
53963.00
53955.54
53949.57
53943.60
53934.64
53927.18
53921.21
53915.24
53907.78
53901.81
53894.34
53888.37
53880.91
53873.45
53865.98
53860.01
53852.55
53846.58
53840.61
53833.15
53827.18
53819.72
53812.25
53806.28
53798.82
53791.36
53785.39
53777.92
53771.95
53765.98
53758.52
53752.55
53743.60
53737.63
53731.65
53724.19
53716.73
53710.76
53704.79
53697.33
53691.36
53682.40
53676.43
53670.46
53663.00
53655.53
53651.06
53643.59
53636.13
53630.16
53621.21
53615.24
53609.27
53601.80
53595.83
53589.86
53582.40
53574.94
53568.97
53561.50
53554.04
53548.07
53540.61
53534.64
53528.67
53521.21
53515.24
53507.77
53501.80
53492.85
53486.88
53479.41
53473.44
53467.47
53460.01
53454.04
53448.07
53440.61
53434.64
53425.68
53419.71
53412.25
53406.28
53398.82
53392.85
53386.88
53379.41
53373.44
53365.98
53358.52
53352.55
53345.09
53339.12
53331.65
53325.68
53318.22
53312.25
53306.28
53297.32
53291.35
53285.38
53277.92
53271.95
53265.98
53258.52
53251.06
53245.08
53237.62
53230.16
53224.19
53216.73
53210.76
53204.79
53197.32
53191.35
53185.38
53177.92
53168.97
53164.49
53157.02
53149.56
53143.59
53137.62
53130.16
53124.19
53118.22
53109.26
53103.29
53097.32
53089.86
53083.89
53076.43
53070.46
53062.99
53057.02
53051.05
53042.10
53036.13
53030.16
53022.70
53016.73
53009.26
53003.29
52997.32
52989.86
52982.40
52976.43
52968.96
52962.99
52955.53
52949.56
52942.10
52936.13
52930.16
52922.69
52915.23
52909.26
52901.80
52895.83
52889.86
52882.40
52876.43
52870.46
52862.99
52855.53
52848.07
52842.10
52836.13
52828.66
52822.69
52816.72
52809.26
52803.29
52797.32
52788.37
52782.40
52776.43
52768.96
52761.50
52757.02
52749.56
52742.10
52736.13
52728.66
52721.20
52715.23
52709.26
52701.80
52695.83
52689.86
52682.40
52676.42
52670.45
52661.50
52655.53
52649.56
52642.10
52636.13
52628.66
52622.69
52616.72
52609.26
52601.80
52595.83
52588.36
52582.39
52576.42
52568.96
52562.99
52557.02
52549.56
52543.59
52536.13
52528.66
52522.69
52516.72
52509.26
52503.29
52495.83
52491.35
52483.89
52476.42
52468.96
52462.99
52455.53
52449.56
52443.59
52437.62
52430.15
52424.18
52418.21
52409.26
52403.29
52397.32
52389.86
52383.89
52377.92
52370.45
52364.48
52358.51
52352.54
52343.59
52336.12
52330.15
52324.18
52316.72
52310.75
52304.78
52298.81
52291.35
52285.38
52277.92
52270.45
52264.48
52258.51
52251.05
52245.08
52239.11
52233.14
52225.68
52218.21
52212.24
52204.78
52198.81
52192.84
52185.38
52179.41
52171.94
52167.47
52160.00
52151.05
52145.08
52139.11
52133.14
52125.68
52119.71
52113.74
52106.27
52100.30
52094.33
52086.87
52079.41
52073.44
52067.47
52060.00
52054.03
52048.06
52042.09
52034.63
52027.17
52021.20
52013.73
52007.76
52001.79
51995.82
51988.36
51980.90
51976.42
51968.96
51961.50
51954.03
51949.55
51942.09
51934.63
51928.66
51922.69
51916.72
51909.26
51903.29
51895.82
51889.85
51882.39
51876.42
51870.45
51862.99
51857.02
51851.05
51845.08
51836.12
51830.15
51824.18
51818.21
51810.75
51804.78
51798.81
51791.35
51785.37
51779.40
51771.94
51764.48
51758.51
51752.54
51746.57
51739.11
51733.14
51727.17
51719.70
51713.73
51706.27
51700.30
51692.84
51686.87
51680.90
51674.93
51667.46
51661.49
51655.52
51649.55
51640.60
51634.63
51628.66
51621.19
51615.22
51607.76
51603.28
51595.82
51589.85
51580.90
51574.93
51568.96
51562.99
51555.52
51549.55
51543.58
51537.61
51530.15
51524.18
51516.72
51510.75
51503.28
51497.31
51491.34
51485.37
51477.91
51471.94
51465.97
51460.00
51451.04
51445.07
51439.10
51433.13
51425.67
51419.70
51413.73
51407.76
51400.30
51394.33
51386.87
51380.89
51373.43
51367.46
51361.49
51355.52
51348.06
51342.09
51336.12
51330.15
51321.19
51315.22
51309.25
51303.28
51295.82
51289.85
51283.88
51277.91
51270.45
51262.98
51257.01
51251.04
51245.07
51237.61
51231.64
51225.67
51219.70
51212.24
51206.27
51198.80
51192.83
51185.37
51179.40
51173.43
51167.46
51160.00
51154.03
51148.06
51142.09
51134.62
51127.16
51121.19
51115.22
51109.25
51101.79
51095.82
51089.85
51083.88
51077.91
51068.95
51062.98
51057.01
51051.04
51043.58
51037.61
51031.64
51025.67
51018.21
51012.24
51006.27
50998.80
50992.83
50985.37
50980.89
50973.43
50967.46
50960.00
50955.52
50949.55
50940.59
50934.62
50928.65
50922.68
50915.22
50909.25
50903.28
50897.31
50891.34
50883.88
50876.41
50870.44
50864.47
50858.50
50851.04
50845.07
50839.10
50833.13
50825.67
50819.70
50812.23
50806.26
50800.29
50792.83
50786.86
50780.89
50774.92
50768.95
50761.49
50754.03
50748.06
50742.09
50736.12
50728.65
50722.68
50716.71
50710.74
50704.77
50697.31
50689.85
50683.88
50677.91
50671.94
50664.47
50658.50
50652.53
50646.56
50640.59
50633.13
50628.65
50619.70
50613.73
50607.76
50601.79
50595.82
50588.35
50582.38
50576.41
50570.44
50562.98
50555.52
50549.55
50543.58
50537.61
50531.64
50525.67
50518.20
50512.23
50506.26
50498.80
50492.83
50485.37
50479.40
50473.43
50467.46
50461.49
50454.02
50448.05
50443.58
50434.62
50428.65
50422.68
50415.22
50410.74
50403.28
50397.31
50391.34
50385.37
50379.40
50373.43
50364.47
50358.50
50352.53
50346.56
50340.59
50333.13
50327.16
50321.19
50315.22
50307.75
50301.78
50294.32
50288.35
50282.38
50276.41
50270.44
50262.98
50257.01
50252.53
50243.57
50237.60
50231.63
50225.66
50219.69
50213.72
50206.26
50200.29
50194.32
50188.35
50182.38
50174.92
50167.46
50161.48
50155.51
50149.54
50143.57
50137.60
50130.14
50124.17
50119.69
50110.74
50104.77
50098.80
50092.83
50086.86
50080.89
50073.42
50067.45
50061.48
50055.51
50048.05
50042.08
50034.62
50028.65
50022.68
50016.71
50010.74
50004.77
49997.30
49991.33
49983.87
49979.39
49971.93
49965.96
49959.99
49954.02
49948.05
49942.08
49934.62
49928.65
49921.18
49915.21
49909.24
49903.27
49897.30
49889.84
49883.87
49877.90
49871.93
49865.96
49858.50
49851.04
49846.56
49840.59
49834.62
49827.15
49821.18
49815.21
49809.24
49803.27
49795.81
49788.35
49782.38
49776.41
49770.44
49764.47
49758.50
49752.53
49745.06
49740.59
49733.12
49727.15
49719.69
49713.72
49707.75
49701.78
49695.81
49689.84
49683.87
49676.41
49668.94
49662.97
49658.50
49651.03
49645.06
49639.09
49633.12
49627.15
49621.18
49615.21
49606.26
49600.29
49594.32
49588.35
49582.38
49576.41
49570.44
49564.47
49557.00
49552.53
49546.56
49537.60
49531.63
49525.66
49519.69
49513.72
49507.75
49501.78
49495.81
49488.35
49482.38
49474.91
49470.44
49462.97
49457.00
49451.03
49445.06
49439.09
49433.12
49427.15
49421.18
49412.23
49406.26
49400.29
49394.32
49388.35
49382.38
49376.41
49370.44
49364.47
49358.50
49351.03
49345.06
49339.09
49331.63
49325.66
49319.69
49313.72
49307.75
49301.78
49295.81
49288.35
49282.38
49276.41
49270.43
49264.46
49258.49
49251.03
49245.06
49239.09
49233.12
49228.64
49219.69
49213.72
49207.75
49201.78
49195.81
49189.84
49183.87
49177.90
49171.93
49164.46
49157.00
49151.03
49146.55
49140.58
49133.12
49127.15
49121.18
49115.21
49109.24
49103.27
49095.81
49089.84
49083.87
49076.40
49070.43
49065.96
49059.99
49054.02
49046.55
49040.58
49033.12
49027.15
49021.18
49015.21
49009.24
49003.27
48997.30
48991.33
48985.36
48979.39
48973.42
48965.96
48959.99
48954.02
48946.55
48940.58
48934.61
48930.13
48924.16
48918.19
48910.73
48903.27
48897.30
48891.33
48885.36
48879.39
48873.42
48867.45
48861.48
48855.51
48849.54
48842.07
48836.10
48830.13
48824.16
48818.19
48812.22
48804.76
48798.79
48794.31
48788.34
48782.37
48774.91
48767.45
48761.48
48755.51
48749.54
48745.06
48739.09
48731.63
48725.66
48719.69
48712.22
48706.25
48700.28
48694.31
48688.34
48682.37
48676.40
48670.43
48664.46
48658.49
48651.03
48645.06
48639.09
48633.12
48627.15
48621.18
48615.21
48609.24
48603.27
48597.30
48591.33
48583.86
48577.89
48571.92
48565.95
48558.49
48554.01
48548.04
48542.07
48536.10
48530.13
48522.67
48515.21
48509.24
48503.27
48498.79
48492.82
48486.85
48480.88
48474.91
48467.45
48459.98
48454.01
48448.04
48443.56
48437.59
48431.62
48425.65
48418.19
48412.22
48406.25
48400.28
48392.82
48388.34
48382.37
48376.40
48370.43
48362.97
48357.00
48351.03
48345.06
48340.58
48334.61
48327.15
48321.18
48315.21
48307.74
48301.77
48295.80
48289.83
48285.35
48279.38
48273.41
48265.95
48259.98
48254.01
48246.55
48240.58
48234.61
48230.13
48224.16
48218.19
48212.22
48204.76
48198.79
48192.82
48186.85
48179.38
48174.91
48168.94
48162.97
48157.00
48151.03
48145.06
48137.59
48131.62
48125.65
48119.68
48113.71
48107.74
48101.77
48095.80
48089.83
48083.86
48076.40
48070.43
48064.46
48058.49
48052.52
48046.55
48042.07
48036.10
48030.13
48022.67
48016.70
48009.23
48003.26
47997.29
47991.32
47986.85
47980.88
47974.91
47968.93
47962.96
47956.99
47949.53
47943.56
47937.59
47931.62
47925.65
47919.68
47913.71
47907.74
47901.77
47895.80
47889.83
47882.37
47876.40
47870.43
47864.46
47858.49
47854.01
47848.04
47842.07
47836.10
47830.13
47822.67
47816.70
47810.72
47804.75
47798.78
47792.81
47786.84
47780.87
47774.90
47768.93
47762.96
47755.50
47749.53
47743.56
47737.59
47731.62
47725.65
47719.68
47715.20
47709.23
47703.26
47697.29
47689.83
47683.86
47677.89
47671.92
47665.95
47659.98
47654.01
47648.04
47642.07
47637.59
47630.13
47624.16
47618.19
47612.22
47606.25
47600.28
47594.31
47588.34
47582.37
47576.40
47570.43
47562.96
47556.99
47552.51
47546.54
47540.57
47534.60
47528.63
47522.66
47516.69
47510.72
47503.26
47497.29
47491.32
47485.35
47479.38
47474.90
47468.93
47462.96
47456.99
47451.02
47445.05
47437.59
47431.62
47425.65
47419.68
47413.71
47407.74
47401.77
47397.29
47391.32
47385.35
47379.38
47371.92
47365.95
47359.98
47354.01
47348.04
47342.07
47336.10
47330.13
47324.16
47318.18
47312.21
47306.24
47300.27
47294.30
47288.33
47282.36
47276.39
47270.42
47264.45
47258.48
47252.51
47245.05
47239.08
47234.60
47228.63
47222.66
47216.69
47210.72
47204.75
47198.78
47192.81
47185.35
47180.87
47174.90
47168.93
47162.96
47156.99
47151.02
47145.05
47139.08
47133.11
47127.14
47121.17
47115.20
47109.23
47103.26
47097.29
47091.32
47085.35
47079.38
47073.41
47067.44
47061.47
47054.00
47049.53
47043.56
47037.59
47031.62
47025.65
47019.68
47015.20
47009.23
47003.26
46997.29
46989.82
46983.85
46977.88
46971.91
46965.94
46959.97
46955.50
46949.53
46943.56
46937.59
46930.12
46924.15
46918.18
46912.21
46907.73
46901.76
46895.79
46889.82
46883.85
46877.88
46873.41
46865.94
46859.97
46854.00
46848.03
46842.06
46836.09
46830.12
46824.15
46818.18
46812.21
46806.24
46800.27
46794.30
46788.33
46782.36
46776.39
46771.91
46765.94
46759.97
46754.00
46748.03
46742.06
46736.09
46730.12
46724.15
46718.18
46712.21
46706.24
46700.27
46694.30
46688.33
46682.36
46677.88
46670.42
46664.45
46658.48
46652.51
46646.54
46642.06
46636.09
46630.12
46624.15
46618.18
46612.21
46606.24
46600.27
46594.30
46588.33
46582.36
46576.39
46571.91
46565.94
46559.97
46554.00
46546.54
46540.57
46534.60
46528.63
46522.66
46518.18
46512.21
46506.24
46500.27
46494.30
46488.33
46480.87
46476.39
46470.42
46464.45
46458.48
46452.51
46448.03
46442.06
46436.09
46430.12
46425.64
46418.18
46412.21
46406.24
46400.27
46394.30
46388.33
46383.85
46377.88
46371.91
46365.94
46359.97
46352.51
46346.54
46342.06
46336.09
46330.12
46324.15
46318.18
46312.21
46306.24
46301.76
46295.79
46288.33
46282.36
46276.39
46270.42
46265.94
46259.97
46254.00
46248.03
46242.06
46237.58
46231.61
46224.15
46218.18
46212.21
46207.73
46201.76
46195.79
46189.82
46183.85
46179.37
46173.40
46165.94
46159.97
46155.49
46149.52
46143.55
46137.58
46131.61
46125.64
46121.16
46115.19
46109.22
46101.76
46095.79
46091.31
46085.34
46079.37
46073.40
46067.43
46061.46
46056.98
46051.01
46045.04
46037.58
46031.61
46027.13
46021.16
46015.19
46009.22
46003.25
45997.28
45992.80
45986.83
45980.86
45973.40
45967.43
45962.95
45956.98
45951.01
45945.04
45939.07
45934.59
45928.62
45922.65
45916.68
45909.22
45904.74
45898.77
45892.80
45886.83
45880.86
45876.39
45870.42
45864.45
45858.47
45852.50
45846.53
45840.56
45834.59
45828.62
45822.65
45818.18
45812.21
45806.24
45800.27
45794.30
45789.82
45782.36
45776.38
45770.41
45765.94
45759.97
45754.00
45748.03
45742.06
45737.58
45731.61
45725.64
45718.18
45713.70
45707.73
45701.76
45695.79
45689.82
45685.34
45679.37
45673.40
45667.43
45662.95
45655.49
45649.52
45643.55
45639.07
45633.10
45627.13
45621.16
45615.19
45610.71
45604.74
45598.77
45591.31
45586.83
45580.86
45574.89
45568.92
45564.44
45558.47
45552.50
45546.53
45542.06
45536.08
45528.62
45522.65
45518.17
45512.20
45506.23
45500.26
45495.79
45489.82
45483.85
45477.88
45473.40
45467.43
45459.97
45453.99
45449.52
45443.55
45437.58
45431.61
45427.13
45421.16
45415.19
45409.22
45403.25
45397.28
45391.31
45385.34
45379.37
45374.89
45368.92
45362.95
45356.98
45351.01
45346.53
45340.56
45333.10
45327.13
45321.16
45316.68
45310.71
45304.74
45300.26
45294.29
45288.32
45282.35
45277.87
45270.41
45264.44
45259.96
45253.99
45248.02
45242.05
45237.58
45231.61
45225.64
45221.16
45215.19
45207.72
45201.75
45197.28
45191.31
45185.34
45180.86
45174.89
45168.92
45162.95
45158.47
45152.50
45145.04
45139.07
45133.10
45128.62
45122.65
45116.68
45110.71
45104.74
45100.26
45094.29
45088.32
45082.35
45076.38
45070.41
45065.93
45059.96
45053.99
45048.02
45043.54
45037.57
45031.60
45027.13
45021.16
45013.69
45009.22
45003.25
44997.28
44992.80
44986.83
44980.86
44974.89
44970.41
44964.44
44958.47
44951.01
44945.04
44940.56
44934.59
44928.62
44922.65
44918.17
44912.20
44906.23
44901.75
44895.78
44888.32
44883.84
44877.87
44871.90
44867.42
44861.45
44855.48
44851.01
44845.04
44839.07
44834.59
44827.13
44821.16
44815.19
44809.22
44804.74
44798.77
44792.80
44786.83
44782.35
44776.38
44770.41
44765.93
44758.47
44752.50
44748.02
44742.05
44737.57
44731.60
44725.63
44721.15
44715.18
44709.21
44703.24
44697.27
44691.30
44685.33
44679.36
44673.39
44668.92
44662.95
44656.98
44652.50
44646.53
44642.05
44634.59
44628.62
44624.14
44618.17
44612.20
44607.72
44601.75
44595.78
44591.30
44585.33
44579.36
44571.90
44565.93
44561.45
44555.48
44549.51
44545.03
44539.06
44534.59
44528.62
44522.65
44518.17
44512.20
44504.74
44500.26
44494.29
44488.32
44483.84
44477.87
44471.90
44465.93
44459.96
44455.48
44449.51
44443.54
44437.57
44431.60
44427.12
44421.15
44416.68
44410.71
44404.74
44400.26
44394.29
44388.32
44380.85
44376.38
44370.41
44364.44
44358.47
44353.99
44348.02
44343.54
44337.57
44331.60
44327.12
44321.15
44315.18
44309.21
44303.24
44297.27
44292.79
44286.82
44280.85
44274.88
44270.41
44264.44
44259.96
44252.50
44246.53
44242.05
44236.08
44231.60
44225.63
44219.66
44215.18
44209.21
44203.24
44197.27
44192.79
44185.33
44179.36
44174.88
44168.91
44164.44
44158.47
44153.99
44148.02
44142.05
44136.08
44131.60
44124.14
44118.17
44113.69
44107.72
44101.75
44097.27
44091.30
44086.82
44080.85
44076.37
44070.40
44062.94
44056.97
44052.49
44046.52
44040.55
44036.08
44030.11
44024.14
44019.66
44013.69
44009.21
44003.24
43997.27
43991.30
43985.33
43979.36
43973.39
43968.91
43962.94
43958.46
43952.49
43948.02
43942.05
43937.57
43930.11
43924.14
43918.17
43913.69
43907.72
43901.75
43897.27
43891.30
43886.82
43880.85
43874.88
43868.91
43862.94
43858.46
43852.49
43846.52
43840.55
43836.08
43830.10
43825.63
43819.66
43815.18
43807.72
43801.75
43797.27
43791.30
43785.33
43780.85
43774.88
43768.91
43764.43
43758.46
43753.99
43748.01
43742.04
43736.07
43730.10
43725.63
43719.66
43713.69
43709.21
43703.24
43697.27
43692.79
43686.82
43680.85
43674.88
43670.40
43664.43
43658.46
43652.49
43648.01
43642.04
43637.57
43631.60
43627.12
43621.15
43615.18
43609.21
43603.24
43597.27
43592.79
43586.82
43582.34
43576.37
43571.89
43565.92
43561.45
43555.48
43548.01
43542.04
43537.57
43531.60
43527.12
43521.15
43516.67
43510.70
43506.22
43500.25
43494.28
43486.82
43482.34
43476.37
43471.89
43465.92
43461.45
43455.48
43451.00
43445.03
43439.06
43433.09
43428.61
43421.15
43416.67
43410.70
43406.22
43400.25
43395.77
43389.80
43383.83
43379.36
43373.39
43367.42
43361.45
43356.97
43351.00
43346.52
43340.55
43334.58
43328.61
43324.13
43318.16
43313.68
43307.71
43303.24
43295.77
43291.30
43285.33
43279.36
43273.39
43268.91
43262.94
43258.46
43253.98
43248.01
43243.53
43237.56
43230.10
43224.13
43219.65
43213.68
43209.21
43203.24
43198.76
43192.79
43188.31
43182.34
43176.37
43170.40
43164.43
43159.95
43153.98
43149.50
43143.53
43137.56
43133.09
43127.12
43122.64
43116.67
43112.19
43104.73
43100.25
43094.28
43088.31
43082.34
43077.86
43073.38
43067.41
43062.94
43056.97
43052.49
43046.52
43039.06
43034.58
43028.61
43024.13
43018.16
43013.68
43007.71
43001.74
42997.26
42991.29
42986.82
42979.35
42974.88
42968.91
42964.43
42958.46
42952.49
42948.01
42942.04
42937.56
42931.59
42927.11
42921.14
42915.17
42909.20
42903.23
42898.76
42892.79
42888.31
42883.83
42877.86
42871.89
42867.41
42861.44
42855.47
42849.50
42845.02
42839.05
42834.58
42828.61
42822.64
42818.16
42812.19
42807.71
42801.74
42797.26
42791.29
42785.32
42779.35
42773.38
42768.90
42764.43
42758.46
42753.98
42748.01
42742.04
42737.56
42731.59
42727.11
42719.65
42715.17
42709.20
42704.73
42698.76
42692.78
42688.31
42683.83
42677.86
42673.38
42667.41
42659.95
42655.47
42649.50
42645.02
42639.05
42634.58
42628.61
42624.13
42618.16
42613.68
42607.71
42603.23
42595.77
42591.29
42585.32
42579.35
42574.87
42568.90
42564.43
42559.95
42553.98
42548.01
42543.53
42537.56
42531.59
42525.62
42521.14
42516.66
42510.69
42504.72
42500.25
42494.28
42489.80
42483.83
42479.35
42473.38
42465.92
42461.44
42456.96
42450.99
42446.51
42440.54
42436.07
42430.10
42424.13
42419.65
42415.17
42409.20
42403.23
42397.26
42391.29
42386.81
42382.34
42376.37
42371.89
42365.92
42359.95
42355.47
42350.99
42345.02
42339.05
42333.08
42327.11
42322.63
42316.66
42312.19
42307.71
42301.74
42297.26
42291.29
42285.32
42280.84
42274.87
42268.90
42264.42
42258.45
42252.48
42248.01
42243.53
42237.56
42233.08
42227.11
42221.14
42215.17
42210.69
42204.72
42200.24
42194.27
42189.80
42183.83
42179.35
42173.38
42168.90
42164.42
42158.45
42150.99
42146.51
42140.54
42136.07
42131.59
42125.62
42119.65
42115.17
42109.20
42104.72
42100.24
42094.27
42086.81
42082.33
42077.86
42071.89
42067.41
42061.44
42056.96
42050.99
42046.51
42040.54
42036.06
42031.59
42024.12
42018.15
42013.68
42007.71
42003.23
41998.75
41992.78
41986.81
41982.33
41977.86
41971.89
41967.41
41959.94
41953.97
41949.50
41945.02
41940.54
41934.57
41928.60
41924.12
41918.15
41913.68
41909.20
41903.23
41895.77
41891.29
41886.81
41880.84
41876.36
41870.39
41865.91
41859.94
41855.47
41850.99
41845.02
41840.54
41834.57
41827.11
41822.63
41818.15
41813.68
41807.71
41801.73
41797.26
41791.29
41786.81
41782.33
41776.36
41768.90
41764.42
41759.94
41753.97
41749.50
41743.53
41739.05
41733.08
41728.60
41724.12
41718.15
41712.18
41707.70
41701.73
41695.76
41691.29
41685.32
41680.84
41674.87
41670.39
41665.91
41659.94
41653.97
41649.50
41645.02
41639.05
41633.08
41627.11
41622.63
41618.15
41612.18
41607.70
41601.73
41597.26
41591.29
41586.81
41582.33
41574.87
41570.39
41564.42
41559.94
41553.97
41549.49
41545.02
41539.05
41533.08
41528.60
41524.12
41519.64
41512.18
41506.21
41501.73
41497.26
41491.29
41486.81
41480.84
41476.36
41471.88
41465.91
41461.43
41455.46
41449.49
41443.52
41439.05
41434.57
41428.60
41422.63
41418.15
41413.67
41409.20
41403.23
41397.25
41392.78
41386.81
41382.33
41376.36
41370.39
41365.91
41361.43
41355.46
41350.99
41345.02
41340.54
41336.06
41330.09
41325.61
41318.15
41313.67
41307.70
41303.22
41298.75
41292.78
41288.30
41282.33
41277.85
41273.37
41267.40
41262.93
41255.46
41250.99
41246.51
41240.54
41234.57
41230.09
41225.61
41221.13
41215.16
41209.19
41204.72
41200.24
41194.27
41188.30
41182.33
41177.85
41173.37
41168.90
41162.93
41156.96
41152.48
41148.00
41142.03
41137.55
41130.09
41125.61
41121.13
41115.16
41110.69
41104.72
41100.24
41095.76
41089.79
41085.31
41079.34
41074.87
41070.39
41062.92
41058.45
41053.97
41048.00
41043.52
41037.55
41033.07
41028.60
41022.63
41018.15
41012.18
41007.70
41001.73
40995.76
40991.28
40985.31
40980.83
40976.36
40971.88
40965.91
40959.94
40955.46
40950.98
40946.51
40939.04
40933.07
40928.60
40924.12
40919.64
40913.67
40909.19
40903.22
40898.74
40894.27
40888.30
40883.82
40879.34
40871.88
40867.40
40861.43
40856.95
40852.48
40846.51
40842.03
40836.06
40831.58
40827.10
40821.13
40816.65
40809.19
40804.71
40800.24
40794.27
40789.79
40785.31
40780.83
40774.86
40768.89
40764.42
40759.94
40755.46
40748.00
40742.03
40737.55
40733.07
40728.59
40722.62
40718.15
40713.67
40707.70
40703.22
40697.25
40692.77
40688.30
40682.33
40676.36
40670.39
40665.91
40661.43
40656.95
40650.98
40646.50
40642.03
40636.06
40630.09
40625.61
40619.64
40615.16
40609.19
40604.71
40600.24
40594.27
40589.79
40583.82
40579.34
40574.86
40570.38
40564.41
40558.44
40552.47
40548.00
40543.52
40537.55
40533.07
40528.59
40522.62
40518.15
40512.18
40507.70
40503.22
40497.25
40491.28
40486.80
40482.32
40476.35
40471.88
40465.91
40461.43
40456.95
40450.98
40446.50
40442.03
40437.55
40430.09
40425.61
40419.64
40415.16
40410.68
40404.71
40400.23
40395.76
40389.79
40385.31
40380.83
40376.35
40370.38
40362.92
40358.44
40353.97
40349.49
40343.52
40339.04
40334.56
40330.08
40324.11
40318.14
40313.67
40309.19
40303.22
40297.25
40292.77
40288.29
40282.32
40277.85
40273.37
40268.89
40262.92
40256.95
40252.47
40247.99
40243.52
40236.05
40231.58
40227.10
40222.62
40216.65
40212.17
40207.70
40201.73
40197.25
40191.28
40186.80
40182.32
40174.86
40170.38
40165.90
40161.43
40155.46
40150.98
40146.50
40142.02
40136.05
40130.08
40125.61
40121.13
40116.65
40109.19
40104.71
40100.23
40094.26
40089.78
40085.31
40080.83
40074.86
40070.38
40065.90
40059.93
40055.46
40047.99
40043.52
40039.04
40034.56
40028.59
40024.11
40019.64
40013.66
40009.19
40004.71
40000.23
39994.26
39989.78
39983.81
39979.34
39973.37
39967.40
39962.92
39958.44
39953.96
39947.99
39943.52
39939.04
39933.07
39928.59
39924.11
39918.14
39912.17
39907.69
39903.22
39898.74
39892.77
39888.29
39883.81
39877.84
39873.37
39868.89
39864.41
39856.95
39852.47
39846.50
39842.02
39837.54
39831.57
39827.10
39822.62
39818.14
39812.17
39807.69
39803.22
39797.25
39791.28
39786.80
39782.32
39776.35
39771.87
39767.39
39762.92
39756.95
39752.47
39747.99
39742.02
39737.54
39733.07
39727.10
39721.13
39716.65
39712.17
39707.69
39701.72
39697.25
39692.77
39686.80
39682.32
39677.84
39673.36
39665.90
39661.42
39656.95
39652.47
39646.50
39642.02
39637.54
39631.57
39627.10
39622.62
39618.14
39612.17
39607.69
39601.72
39597.24
39591.27
39586.80
39582.32
39577.84
39571.87
39567.39
39562.92
39556.95
39552.47
39547.99
39543.51
39536.05
39531.57
39527.09
39522.62
39516.65
39512.17
39507.69
39501.72
39497.24
39492.77
39488.29
39482.32
39477.84
39471.87
39467.39
39461.42
39456.95
39452.47
39446.50
39442.02
39437.54
39433.06
39427.09
39422.62
39418.14
39413.66
39406.20
39401.72
39397.24
39391.27
39386.80
39382.32
39377.84
39371.87
39367.39
39362.91
39358.44
39352.47
39346.50
39342.02
39336.05
39331.57
39327.09
39322.62
39316.65
39312.17
39307.69
39303.21
39298.74
39294.26
39288.29
39282.32
39277.84
39273.36
39267.39
39262.91
39258.44
39253.96
39247.99
39243.51
39239.03
39233.06
39228.59
39224.11
39218.14
39212.17
39207.69
39203.21
39198.73
39192.76
39188.29
39183.81
39179.33
39174.85
39170.38
39164.41
39159.93
39153.96
39147.99
39143.51
39139.03
39134.56
39128.59
39124.11
39119.63
39115.15
39109.18
39104.70
39100.23
39092.76
39089.78
39085.30
39079.33
39074.85
39070.38
39065.90
39059.93
39055.45
39050.97
39045.00
39040.52
39036.05
39031.57
39024.11
39019.63
39015.15
39010.67
39006.20
39001.72
38995.75
38991.27
38986.79
38982.32
38976.35
38971.87
38967.39
38959.93
38955.45
38950.97
38946.49
38942.02
38937.54
38931.57
38927.09
38922.61
38918.14
38912.17
38907.69
38901.72
38897.24
38891.27
38888.29
38882.32
38877.84
38873.36
38868.88
38862.91
38858.43
38853.96
38849.48
38843.51
38837.54
38833.06
38828.58
38824.11
38819.63
38813.66
38809.18
38804.70
38798.73
38794.25
38789.78
38785.30
38780.82
38776.34
38768.88
38764.40
38759.93
38755.45
38749.48
38745.00
38740.52
38736.05
38731.57
38727.09
38721.12
38716.64
38712.16
38706.19
38700.22
38695.75
38691.27
38686.79
38682.31
38677.84
38671.87
38667.39
38662.91
38658.43
38652.46
38649.48
38642.02
38637.54
38633.06
38628.58
38622.61
38618.13
38613.66
38609.18
38604.70
38600.22
38594.25
38589.78
38585.30
38579.33
38573.36
38570.37
38564.40
38559.93
38555.45
38550.97
38545.00
38540.52
38536.04
38531.57
38527.09
38522.61
38515.15
38510.67
38506.19
38500.22
38495.75
38492.76
38486.79
38482.31
38477.84
38473.36
38467.39
38462.91
38458.43
38452.46
38447.98
38443.51
38437.54
38433.06
38428.58
38424.10
38419.63
38415.15
38409.18
38404.70
38400.22
38394.25
38389.77
38385.30
38379.33
38374.85
38370.37
38364.40
38361.42
38356.94
38350.97
38346.49
38342.01
38337.54
38331.57
38327.09
38321.12
38316.64
38312.16
38307.68
38301.71
38298.73
38292.76
38288.28
38283.80
38279.33
38273.36
38270.37
38262.91
38258.43
38253.95
38249.48
38243.51
38240.52
38234.55
38230.07
38225.59
38221.12
38215.15
38212.16
38206.19
38200.22
38195.74
38191.27
38185.30
38182.31
38176.34
38171.86
38167.39
38162.91
38158.43
38153.95
38149.47
38143.50
38139.03
38133.06
38128.58
38124.10
38119.62
38113.65
38109.18
38104.70
38100.22
38095.74
38091.27
38085.30
38080.82
38076.34
38070.37
38065.89
38061.41
38055.44
38052.46
38046.49
38042.01
38037.53
38033.06
38028.58
38024.10
38018.13
38013.65
38007.68
38003.21
37998.73
37994.25
37988.28
37983.80
37980.82
37974.85
37970.37
37965.89
37959.92
37956.94
37952.46
37945.00
37940.52
37936.04
37931.56
37927.09
37922.61
37916.64
37912.16
37907.68
37903.20
37898.73
37894.25
37888.28
37885.29
37879.32
37873.35
37868.88
37864.40
37859.92
37855.44
37850.97
37845.00
37842.01
37836.04
37831.56
37827.09
37822.61
37816.64
37812.16
37806.19
37801.71
37798.73
37792.76
37788.28
37783.80
37779.32
37774.85
37770.37
37764.40
37759.92
37753.95
37749.47
37744.99
37740.52
37736.04
37731.56
37725.59
37721.11
37718.13
37712.16
37707.68
37703.20
37697.23
37694.25
37688.28
37682.31
37677.83
37673.35
37668.88
37664.40
37659.92
37655.44
37650.96
37644.99
37640.52
37637.53
37631.56
37625.59
37621.11
37616.64
37612.16
37607.68
37601.71
37598.73
37592.76
37588.28
37583.80
37579.32
37574.84
37570.37
37562.90
37559.92
37555.44
37549.47
37544.99
37540.52
37536.04
37531.56
37527.08
37522.61
37518.13
37512.16
37507.68
37503.20
37497.23
37492.75
37488.28
37483.80
37479.32
37474.84
37470.37
37465.89
37459.92
37455.44
37450.96
37446.49
37442.01
37436.04
37431.56
37427.08
37421.11
37418.13
37413.65
37407.68
37403.20
37398.72
37394.25
37389.77
37385.29
37380.81
37376.34
37368.87
37365.89
37361.41
37355.44
37350.96
37346.49
37342.01
37337.53
37333.05
37328.57
37324.10
37318.13
37315.14
37310.66
37303.20
37300.22
37294.25
37289.77
37285.29
37280.81
37276.34
37271.86
37267.38
37262.90
37258.42
37252.45
37249.47
37242.01
37237.53
37233.05
37228.57
37224.10
37219.62
37215.14
37210.66
37206.19
37201.71
37197.23
37191.26
37188.28
37180.81
37176.33
37173.35
37167.38
37162.90
37158.42
37153.95
37149.47
37144.99
37140.51
37136.04
37130.07
37127.08
37122.60
37115.14
37112.16
37106.19
37101.71
37097.23
37092.75
37088.27
37083.80
37079.32
37074.84
37070.36
37065.89
37061.41
37055.44
37050.96
37044.99
37040.51
37037.53
37031.56
37027.08
37022.60
37018.13
37013.65
37009.17
37004.69
37000.21
36994.24
36989.77
36985.29
36979.32
36976.33
36970.36
36965.89
36962.90
36956.93
36952.45
36947.98
36943.50
36939.02
36934.54
36930.06
36924.09
36919.62
36915.14
36909.17
36906.18
36901.71
36895.74
36892.75
36886.78
36882.30
36879.32
36873.35
36868.87
36864.39
36858.42
36853.95
36849.47
36844.99
36840.51
36836.03
36831.56
36827.08
36822.60
36818.12
36813.65
36809.17
36803.20
36798.72
36794.24
36788.27
36785.29
36779.32
36774.84
36771.86
36765.88
36762.90
36756.93
36752.45
36747.97
36743.50
36739.02
36733.05
36728.57
36724.09
36719.62
36715.14
36710.66
36706.18
36701.71
36697.23
36692.75
36688.27
36683.79
36679.32
36673.35
36668.87
36664.39
36658.42
36655.44
36649.47
36646.48
36640.51
36636.03
36633.05
36627.08
36622.60
36618.12
36613.65
36610.66
36603.20
36598.72
36594.24
36589.76
36585.29
36580.81
36576.33
36571.85
36567.38
36562.90
36558.42
36553.94
36549.47
36543.50
36539.02
36534.54
36530.06
36525.58
36521.11
36516.63
36512.15
36507.67
36503.20
36498.72
36494.24
36488.27
36485.29
36477.82
36474.84
36470.36
36464.39
36461.41
36455.44
36452.45
36447.97
36442.00
36439.02
36433.05
36430.06
36424.09
36419.61
36415.14
36409.17
36406.18
36400.21
36395.73
36392.75
36386.78
36383.79
36377.82
36373.35
36370.36
36364.39
36361.40
36355.43
36349.46
36344.99
36340.51
36337.52
36331.55
36327.08
36322.60
36318.12
36315.14
36309.17
36306.18
36300.21
36295.73
36291.26
36285.29
36282.30
36276.33
36271.85
36267.37
36262.90
36259.91
36253.94
36250.96
36244.99
36240.51
36236.03
36231.55
36228.57
36221.11
36218.12
36212.15
36207.67
36204.69
36198.72
36195.73
36189.76
36185.28
36180.81
36176.33
36173.34
36167.37
36164.39
36156.93
36152.45
36149.46
36143.49
36140.51
36134.54
36131.55
36127.08
36122.60
36118.12
36112.15
36109.16
36103.19
36100.21
36094.24
36089.76
36085.28
36079.31
36076.33
36071.85
36067.37
36062.90
36058.42
36053.94
36049.46
36044.99
36040.51
36036.03
36030.06
36025.58
36021.10
36016.63
36012.15
36007.67
36003.19
35998.72
35994.24
35989.76
35985.28
35980.81
35976.33
35970.36
35965.88
35961.40
35958.42
35952.45
35949.46
35943.49
35939.01
35936.03
35930.06
35927.07
35921.10
35918.12
35912.15
35909.16
35903.19
35898.72
35894.24
35889.76
35885.28
35880.81
35876.33
35871.85
35867.37
35862.89
35858.42
35853.94
35849.46
35844.98
35839.01
35834.54
35830.06
35825.58
35822.60
35816.63
35813.64
35807.67
35803.19
35800.21
35794.24
35791.25
35785.28
35782.30
35776.33
35771.85
35767.37
35762.89
35758.42
35753.94
35749.46
35744.98
35740.51
35736.03
35731.55
35727.07
35722.60
35719.61
35712.15
35709.16
35703.19
35700.21
35695.73
35691.25
35686.77
35682.30
35677.82
35673.34
35668.86
35664.39
35659.91
35655.43
35649.46
35644.98
35640.51
35636.03
35631.55
35627.07
35622.59
35618.12
35615.13
35609.16
35606.18
35600.21
35597.22
35592.74
35586.77
35582.30
35577.82
35573.34
35568.86
35564.39
35559.91
35556.92
35550.95
35547.97
35542.00
35539.01
35534.53
35530.06
35524.09
35519.61
35515.13
35510.65
35506.18
35501.70
35497.22
35492.74
35488.27
35483.79
35479.31
35476.33
35470.35
35467.37
35459.91
35456.92
35452.44
35447.97
35443.49
35439.01
35434.53
35430.06
35425.58
35421.10
35418.12
35412.15
35409.16
35403.19
35400.21
35394.24
35389.76
35385.28
35380.80
35376.32
35371.85
35367.37
35362.89
35358.41
35353.94
35350.95
35344.98
35342.00
35337.52
35331.55
35327.07
35322.59
35318.12
35313.64
35309.16
35304.68
35300.20
35295.73
35291.25
35288.26
35283.79
35279.31
35274.83
35268.86
35264.38
35259.91
35255.43
35250.95
35246.47
35242.00
35237.52
35234.53
35230.06
35225.58
35221.10
35216.62
35212.14
35207.67
35201.70
35197.22
35194.23
35188.26
35185.28
35180.80
35176.32
35171.85
35167.37
35162.89
35158.41
35155.43
35149.46
35146.47
35139.01
35136.02
35130.05
35127.07
35122.59
35118.11
35113.64
35109.16
35104.68
35100.20
35097.22
35091.25
35088.26
35083.79
35077.82
35073.34
35068.86
35064.38
35059.90
35055.43
35052.44
35047.96
35043.49
35039.01
35034.53
35030.05
35025.58
35022.59
35016.62
35012.14
35006.17
35003.19
34997.22
34994.23
34989.76
34985.28
34980.80
34976.32
34971.84
34967.37
34964.38
34959.90
34955.43
34949.46
34944.98
34940.50
34937.52
34931.55
34928.56
34922.59
34919.61
34915.13
34910.65
34906.17
34901.69
34897.22
34892.74
34886.77
34883.78
34879.31
34874.83
34870.35
34865.87
34861.40
34856.92
34853.93
34847.96
34844.98
34840.50
34836.02
34831.55
34827.07
34821.10
34818.11
34812.14
34809.16
34804.68
34800.20
34795.72
34791.25
34786.77
34782.29
34779.31
34774.83
34770.35
34765.87
34761.40
34755.43
34750.95
34746.47
34743.49
34739.01
34734.53
34730.05
34725.57
34721.10
34718.11
34712.14
34709.16
34703.19
34700.20
34694.23
34689.75
34685.28
34680.80
34676.32
34673.34
34668.86
34664.38
34659.90
34655.42
34650.95
34646.47
34643.48
34639.01
34634.53
34628.56
34624.08
34619.60
34616.62
34610.65
34607.66
34603.19
34598.71
34594.23
34589.75
34585.28
34582.29
34576.32
34573.33
34567.36
34562.89
34558.41
34555.42
34549.45
34546.47
34541.99
34537.51
34533.04
34528.56
34524.08
34521.10
34515.13
34512.14
34507.66
34501.69
34497.21
34494.23
34488.26
34485.27
34480.80
34476.32
34471.84
34467.36
34462.89
34459.90
34455.42
34450.95
34446.47
34440.50
34436.02
34433.04
34428.56
34424.08
34419.60
34415.12
34410.65
34407.66
34401.69
34398.71
34394.23
34389.75
34385.27
34380.80
34374.83
34371.84
34367.36
34362.89
34358.41
34353.93
34349.45
34346.47
34341.99
34337.51
34333.03
34328.56
34324.08
34321.09
34316.62
34310.65
34306.17
34301.69
34297.21
34294.23
34289.75
34285.27
34280.80
34276.32
34271.84
34268.86
34264.38
34259.90
34255.42
34249.45
34244.97
34241.99
34237.51
34233.03
34228.56
34224.08
34219.60
34216.62
34212.14
34207.66
34203.18
34200.20
34194.23
34191.24
34185.27
34180.80
34176.32
34173.33
34167.36
34164.38
34159.90
34155.42
34150.94
34147.96
34141.99
34139.00
34134.53
34130.05
34125.57
34121.09
34116.62
34112.14
34107.66
34104.68
34098.71
34095.72
34091.24
34086.76
34082.29
34077.81
34073.33
34070.35
34065.87
34061.39
34055.42
34050.94
34047.96
34043.48
34039.00
34034.53
34030.05
34025.57
34022.59
34018.11
34013.63
34009.15
34006.17
34000.20
33997.21
33991.24
33986.76
33982.29
33979.30
33974.82
33970.35
33965.87
33962.88
33956.91
33953.93
33949.45
33944.97
33940.50
33937.51
33933.03
33927.06
33922.58
33918.11
33915.12
33910.64
33906.17
33901.69
33897.21
33892.73
33889.75
33885.27
33880.79
33876.32
33873.33
33865.87
33862.88
33858.41
33855.42
33849.45
33846.46
33841.99
33837.51
33833.03
33830.05
33825.57
33821.09
33816.61
33812.14
33809.15
33803.18
33798.70
33794.23
33789.75
33785.27
33782.29
33777.81
33773.33
33768.85
33765.87
33761.39
33756.91
33752.43
33749.45
33744.97
33739.00
33734.52
33730.05
33727.06
33722.58
33718.11
33713.63
33709.15
33704.67
33701.69
33697.21
33692.73
33688.26
33685.27
33680.79
33674.82
33670.34
33667.36
33662.88
33658.40
33653.93
33649.45
33646.46
33641.99
33637.51
33633.03
33630.05
33624.08
33621.09
33616.61
33612.14
33606.17
33603.18
33598.70
33594.22
33589.75
33586.76
33582.28
33577.81
33573.33
33568.85
33565.87
33561.39
33556.91
33552.43
33547.96
33543.48
33539.00
33534.52
33531.54
33527.06
33522.58
33518.10
33513.63
33510.64
33506.16
33501.69
33497.21
33494.22
33489.75
33483.78
33479.30
33476.31
33471.84
33467.36
33462.88
33458.40
33455.42
33450.94
33446.46
33441.98
33439.00
33434.52
33431.54
33425.57
33421.09
33416.61
33412.13
33407.66
33403.18
33400.19
33395.72
33392.73
33386.76
33383.78
33379.30
33376.31
33370.34
33367.36
33362.88
33356.91
33353.92
33349.45
33344.97
33340.49
33337.51
33333.03
33328.55
33324.07
33321.09
33316.61
33312.13
33307.66
33303.18
33300.19
33294.22
33289.75
33285.27
33282.28
33277.80
33273.33
33268.85
33265.86
33261.39
33256.91
33253.92
33247.95
33244.97
33240.49
33237.51
33233.03
33227.06
33222.58
33218.10
33215.12
33210.64
33206.16
33201.69
33198.70
33194.22
33189.74
33185.27
33182.28
33177.80
33173.33
33170.34
33164.37
33159.89
33155.42
33152.43
33147.95
33143.48
33139.00
33134.52
33131.54
33127.06
33124.07
33118.10
33115.12
33110.64
33107.65
33101.68
33097.21
33092.73
33088.25
33085.27
33080.79
33077.80
33071.83
33068.85
33064.37
33059.89
33056.91
33052.43
33047.95
33043.48
33039.00
33034.52
33030.04
33027.06
33022.58
33018.10
33013.62
33010.64
33006.16
33001.68
32997.21
32994.22
32989.74
32985.27
32982.28
32974.82
32971.83
32967.36
32964.37
32959.89
32955.41
32950.94
32946.46
32943.47
32939.00
32936.01
32931.53
32927.06
32922.58
32919.59
32915.12
32909.15
32906.16
32901.68
32897.21
32892.73
32889.74
32885.27
32880.79
32877.80
32871.83
32868.85
32864.37
32861.38
32856.91
32852.43
32847.95
32841.98
32839.00
32834.52
32831.53
32827.06
32822.58
32819.59
32813.62
32810.64
32806.16
32803.18
32798.70
32794.22
32791.23
32783.77
32780.79
32776.31
32773.32
32768.85
32764.37
32761.38
32756.91
32752.43
32747.95
32744.97
32740.49
32736.01
32733.03
32728.55
32724.07
32718.10
32715.12
32710.64
32706.16
32703.17
32698.70
32694.22
32689.74
32686.76
32682.28
32677.80
32674.82
32670.34
32665.86
32661.38
32656.91
32652.43
32647.95
32644.97
32640.49
32637.50
32631.53
32628.55
32624.07
32621.08
32616.61
32612.13
32609.14
32604.67
32600.19
32595.71
32591.23
32586.76
32582.28
32579.29
32574.82
32570.34
32567.35
32562.88
32558.40
32553.92
32550.94
32546.46
32541.98
32538.99
32534.52
32531.53
32524.07
32521.08
32516.61
32513.62
32509.14
32504.67
32501.68
32497.20
32492.73
32488.25
32485.26
32480.79
32476.31
32473.32
32468.84
32462.87
32459.89
32455.41
32452.43
32446.46
32443.47
32438.99
32434.52
32431.53
32427.05
32424.07
32419.59
32415.11
32412.13
32406.16
32401.68
32397.20
32394.22
32389.74
32385.26
32382.28
32377.80
32374.81
32370.34
32365.86
32361.38
32356.90
32353.92
32349.44
32346.46
32341.98
32336.01
32333.02
32328.55
32325.56
32321.08
32316.61
32312.13
32307.65
32304.66
32300.19
32297.20
32292.72
32288.25
32285.26
32280.78
32276.31
32271.83
32267.35
32264.37
32258.40
32255.41
32250.93
32246.46
32243.47
32238.99
32236.01
32231.53
32227.05
32224.07
32219.59
32216.60
32210.63
32206.16
32201.68
32197.20
32194.22
32189.74
32186.75
32182.28
32177.80
32174.81
32170.34
32165.86
32162.87
32158.40
32155.41
32150.93
32144.96
32140.48
32136.01
32133.02
32128.54
32125.56
32121.08
32116.60
32113.62
32109.14
32106.16
32101.68
32097.20
32094.22
32089.74
32085.26
32080.78
32076.31
32071.83
32067.35
32064.37
32059.89
32055.41
32052.42
32047.95
32044.96
32040.48
32036.01
32033.02
32028.54
32025.56
32019.59
32015.11
32012.13
32007.65
32003.17
32000.19
31995.71
31992.72
31988.25
31983.77
31979.29
31974.81
31971.83
31967.35
31964.36
31959.89
31953.92
31950.93
31946.45
31943.47
31938.99
31934.51
31931.53
31927.05
31922.57
31919.59
31915.11
31912.13
31907.65
31903.17
31900.18
31895.71
31891.23
31886.75
31882.27
31879.29
31874.81
31870.33
31865.86
31862.87
31858.39
31853.92
31850.93
31846.45
31841.98
31838.99
31834.51
31831.53
31825.56
31821.08
31818.09
31813.62
31810.63
31806.15
31801.68
31798.69
31794.21
31789.74
31786.75
31782.27
31779.29
31774.81
31770.33
31767.35
31761.38
31758.39
31753.92
31749.44
31746.45
31741.98
31737.50
31734.51
31730.03
31727.05
31722.57
31718.09
31715.11
31710.63
31706.15
31703.17
31697.20
31694.21
31689.74
31685.26
31682.27
31677.80
31674.81
31670.33
31665.86
31662.87
31658.39
31653.91
31650.93
31646.45
31643.47
31638.99
31633.02
31630.03
31625.56
31622.57
31618.09
31613.62
31610.63
31606.15
31601.68
31598.69
31594.21
31591.23
31586.75
31582.27
31579.29
31573.32
31570.33
31565.85
31561.38
31558.39
31553.91
31549.44
31546.45
31541.97
31538.99
31534.51
31530.03
31527.05
31522.57
31518.09
31515.11
31509.14
31506.15
31501.68
31497.20
31494.21
31489.73
31486.75
31482.27
31477.79
31474.81
31470.33
31465.85
31462.87
31458.39
31455.41
31452.42
31447.94
31441.97
31438.99
31434.51
31431.53
31427.05
31422.57
31419.59
31415.11
31410.63
31407.64
31403.17
31400.18
31395.70
31391.23
31388.24
31382.27
31379.29
31374.81
31370.33
31367.35
31362.87
31358.39
31355.41
31350.93
31347.94
31343.47
31338.99
31336.00
31333.02
31328.54
31325.55
31321.08
31315.11
31312.12
31307.64
31303.17
31300.18
31295.70
31292.72
31288.24
31283.76
31280.78
31276.30
31273.32
31268.84
31264.36
31261.38
31256.90
31250.93
31247.94
31244.96
31240.48
31237.49
31233.02
31228.54
31225.55
31221.08
31218.09
31213.61
31209.14
31206.15
31201.67
31197.20
31194.21
31188.24
31185.26
31180.78
31177.79
31173.32
31170.33
31165.85
31162.87
31158.39
31153.91
31150.93
31146.45
31141.97
31138.99
31134.51
31131.52
31125.55
31121.08
31118.09
31115.11
31110.63
31107.64
31103.17
31098.69
31095.70
31091.23
31086.75
31083.76
31079.28
31076.30
31071.82
31067.34
31062.87
31059.88
31055.40
31052.42
31047.94
31043.46
31040.48
31036.00
31031.52
31028.54
31024.06
31021.08
31016.60
31013.61
31009.14
31006.15
31000.18
30997.19
30992.72
30988.24
30985.25
30980.78
30977.79
30973.31
30968.84
30965.85
30962.87
30958.39
30953.91
30950.93
30946.45
30943.46
30938.99
30933.02
30930.03
30925.55
30922.57
30919.58
30915.10
30910.63
30907.64
30903.16
30898.69
30895.70
30891.22
30888.24
30883.76
30880.78
30876.30
30871.82
30867.34
30864.36
30859.88
30855.40
30852.42
30847.94
30843.46
30841.97
30837.49
30833.01
30830.03
30825.55
30821.07
30818.09
30813.61
30810.63
30806.15
30801.67
30797.19
30794.21
30789.73
30786.75
30782.27
30777.79
30774.81
30771.82
30767.34
30762.86
30759.88
30755.40
30752.42
30747.94
30741.97
30738.98
30736.00
30731.52
30728.54
30724.06
30719.58
30716.60
30712.12
30707.64
30706.15
30701.67
30697.19
30694.21
30689.73
30685.25
30680.77
30676.30
30673.31
30670.33
30665.85
30661.37
30658.39
30653.91
30650.92
30646.45
30643.46
30638.98
30636.00
30631.52
30627.04
30624.06
30619.58
30615.10
30612.12
30607.64
30603.16
30600.18
30595.70
30592.71
30588.24
30583.76
30580.77
30577.79
30573.31
30570.33
30565.85
30561.37
30558.39
30553.91
30549.43
30544.95
30541.97
30537.49
30534.51
30530.03
30527.04
30522.57
30519.58
30515.10
30512.12
30507.64
30503.16
30500.18
30497.19
30492.71
30488.24
30483.76
30479.28
30476.30
30473.31
30468.83
30464.36
30461.37
30456.89
30453.91
30450.92
30446.45
30441.97
30438.98
30434.50
30431.52
30425.55
30422.56
30418.09
30415.10
30410.62
30407.64
30403.16
30400.18
30395.70
30392.71
30388.24
30383.76
30380.77
30377.79
30373.31
30370.33
30365.85
30359.88
30356.89
30353.91
30349.43
30346.44
30341.97
30337.49
30334.50
30331.52
30327.04
30324.06
30319.58
30315.10
30312.12
30309.13
30304.65
30301.67
30295.70
30291.22
30288.24
30285.25
30280.77
30276.29
30273.31
30268.83
30265.85
30262.86
30258.38
30253.91
30250.92
30246.44
30243.46
30240.47
30234.50
30230.03
30227.04
30222.56
30219.58
30216.59
30212.12
30207.64
30204.65
30200.18
30197.19
30194.20
30189.73
30185.25
30182.26
30179.28
30174.80
30168.83
30165.85
30161.37
30158.38
30155.40
30150.92
30146.44
30143.46
30140.47
30136.00
30133.01
30128.53
30124.06
30121.07
30118.09
30113.61
30110.62
30104.65
30100.17
30097.19
30094.20
30089.73
30086.74
30082.26
30079.28
30074.80
30071.82
30067.34
30062.86
30061.37
30056.89
30052.41
30049.43
30043.46
30040.47
30036.00
30033.01
30028.53
30025.55
30022.56
30018.08
30013.61
30010.62
30007.64
30003.16
30000.17
29995.70
29991.22
29988.23
29985.25
29979.28
29976.29
29971.82
29968.83
29964.35
29961.37
29956.89
29952.41
29950.92
29946.44
29941.96
29938.98
29935.99
29931.52
29927.04
29924.05
29919.58
29915.10
29912.11
29907.64
29903.16
29900.17
29897.19
29892.71
29889.73
29885.25
29882.26
29877.79
29874.80
29870.32
29867.34
29864.35
29859.87
29855.40
29850.92
29847.93
29843.46
29840.47
29835.99
29833.01
29828.53
29825.55
29821.07
29818.08
29815.10
29810.62
29806.14
29803.16
29800.17
29795.70
29791.22
29786.74
29783.75
29779.28
29776.29
29771.81
29768.83
29764.35
29761.37
29756.89
29753.90
29750.92
29746.44
29741.96
29738.98
29735.99
29731.52
29728.53
29724.05
29719.58
29715.10
29712.11
29709.13
29704.65
29701.66
29697.19
29692.71
29689.72
29686.74
29682.26
29679.28
29676.29
29671.81
29667.34
29664.35
29659.87
29655.40
29652.41
29649.43
29644.95
29640.47
29637.49
29634.50
29630.02
29627.04
29622.56
29619.57
29615.10
29612.11
29607.63
29604.65
29601.66
29595.69
29591.22
29588.23
29585.25
29580.77
29576.29
29574.80
29570.32
29565.84
29562.86
29559.87
29555.40
29550.92
29549.43
29544.95
29540.47
29537.48
29533.01
29528.53
29524.05
29521.07
29518.08
29513.60
29510.62
29507.63
29503.16
29498.68
29495.69
29492.71
29488.23
29485.25
29480.77
29477.78
29473.31
29468.83
29465.84
29461.36
29458.38
29453.90
29450.92
29446.44
29443.45
29438.98
29435.99
29433.01
29428.53
29425.54
29421.07
29418.08
29413.60
29410.62
29406.14
29401.66
29398.68
29394.20
29391.22
29386.74
29383.75
29380.77
29376.29
29373.30
29368.83
29365.84
29361.36
29358.38
29355.39
29350.92
29347.93
29341.96
29338.98
29335.99
29331.51
29328.53
29324.05
29321.07
29316.59
29313.60
29310.62
29306.14
29303.15
29298.68
29295.69
29291.21
29288.23
29285.24
29279.27
29276.29
29273.30
29268.83
29264.35
29261.36
29258.38
29253.90
29250.92
29247.93
29243.45
29238.98
29235.99
29233.01
29228.53
29225.54
29222.56
29218.08
29212.11
29209.12
29206.14
29201.66
29198.68
29195.69
29191.21
29188.23
29183.75
29180.77
29177.78
29173.30
29170.32
29167.33
29162.86
29158.38
29155.39
29150.92
29146.44
29143.45
29140.47
29135.99
29131.51
29128.53
29125.54
29121.06
29118.08
29115.09
29110.62
29107.63
29103.15
29100.17
29097.18
29092.71
29088.23
29085.24
29080.77
29076.29
29073.30
29070.32
29065.84
29062.86
29059.87
29055.39
29052.41
29047.93
29044.94
29040.47
29037.48
29034.50
29030.02
29027.03
29021.06
29018.08
29015.09
29010.62
29007.63
29004.65
29000.17
28997.18
28992.71
28989.72
28986.74
28982.26
28979.27
28976.29
28971.81
28967.33
28964.35
28959.87
28955.39
28952.41
28949.42
28944.94
28941.96
28937.48
28934.50
28931.51
28927.03
28924.05
28921.06
28916.59
28912.11
28909.12
28906.14
28901.66
28897.18
28894.20
28889.72
28886.73
28882.26
28879.27
28876.29
28871.81
28868.82
28865.84
28861.36
28858.38
28853.90
28850.91
28847.93
28843.45
28840.47
28837.48
28831.51
28827.03
28824.05
28821.06
28818.08
28813.60
28810.61
28807.63
28803.15
28798.67
28795.69
28792.70
28788.23
28785.24
28782.26
28779.27
28774.79
28768.82
28765.84
28762.85
28758.38
28755.39
28752.41
28747.93
28744.94
28740.47
28738.97
28734.49
28730.02
28727.03
28724.05
28719.57
28716.58
28713.60
28710.61
28704.64
28700.17
28697.18
28694.20
28689.72
28686.73
28683.75
28680.76
28676.29
28671.81
28668.82
28665.84
28661.36
28658.38
28655.39
28652.40
28647.93
28641.96
28638.97
28635.99
28631.51
28628.52
28625.54
28622.55
28618.08
28613.60
28610.61
28607.63
28604.64
28600.17
28597.18
28594.20
28589.72
28585.24
28582.26
28577.78
28574.79
28570.31
28567.33
28564.34
28559.87
28556.88
28552.40
28549.42
28546.43
28541.96
28538.97
28535.99
28531.51
28528.52
28524.05
28522.55
28518.08
28512.11
28509.12
28506.14
28503.15
28498.67
28495.69
28492.70
28488.22
28485.24
28480.76
28477.78
28474.79
28470.31
28467.33
28464.34
28459.87
28456.88
28450.91
28447.93
28444.94
28440.46
28437.48
28434.49
28431.51
28427.03
28422.55
28419.57
28416.58
28413.60
28409.12
28406.13
28403.15
28398.67
28395.69
28391.21
28389.72
28383.75
28379.27
28376.28
28373.30
28370.31
28365.84
28361.36
28359.87
28355.39
28352.40
28347.93
28344.94
28341.96
28337.48
28334.49
28331.51
28328.52
28322.55
28318.07
28315.09
28312.10
28309.12
28304.64
28301.66
28298.67
28294.19
28291.21
28286.73
28283.75
28280.76
28277.78
28273.30
28270.31
28267.33
28262.85
28258.37
28253.90
28252.40
28247.92
28243.45
28240.46
28237.48
28234.49
28230.01
28227.03
28224.04
28219.57
28216.58
28212.10
28209.12
28206.13
28203.15
28198.67
28194.19
28191.21
28186.73
28183.75
28179.27
28176.28
28173.30
28170.31
28165.83
28162.85
28159.86
28155.39
28152.40
28147.92
28146.43
28141.95
28138.97
28134.49
28130.01
28127.03
28122.55
28119.57
28116.58
28113.60
28109.12
28106.13
28101.66
28098.67
28095.69
28091.21
28088.22
28085.24
28082.25
28077.77
28074.79
28068.82
28065.83
28062.85
28058.37
28055.39
28052.40
28049.42
28044.94
28041.95
28038.97
28035.98
28031.51
28028.52
28024.04
28021.06
28018.07
28013.60
28010.61
28007.63
28003.15
27998.67
27995.68
27991.21
27988.22
27985.24
27982.25
27977.77
27974.79
27971.80
27967.33
27964.34
27959.86
27958.37
27953.89
27950.91
27946.43
27943.45
27938.97
27935.98
27931.51
27928.52
27925.54
27922.55
27918.07
27913.59
27910.61
27907.62
27904.64
27900.16
27897.18
27894.19
27891.21
27886.73
27883.74
27877.77
27876.28
27871.80
27868.82
27864.34
27861.36
27858.37
27855.39
27850.91
27847.92
27844.94
27841.95
27837.47
27833.00
27830.01
27827.03
27824.04
27819.56
27816.58
27812.10
27809.12
27804.64
27801.65
27797.18
27795.68
27791.21
27788.22
27783.74
27780.76
27777.77
27774.79
27770.31
27767.33
27764.34
27761.36
27756.88
27753.89
27747.92
27744.94
27741.95
27738.97
27734.49
27731.50
27728.52
27725.53
27721.06
27718.07
27715.09
27712.10
27707.62
27704.64
27700.16
27697.18
27694.19
27691.21
27685.24
27682.25
27679.26
27676.28
27671.80
27668.82
27664.34
27661.35
27658.37
27655.38
27650.91
27647.92
27644.94
27641.95
27637.47
27634.49
27631.50
27628.52
27622.55
27619.56
27615.09
27612.10
27609.12
27606.13
27601.65
27598.67
27595.68
27592.70
27588.22
27585.23
27580.76
27579.26
27574.79
27571.80
27567.32
27564.34
27561.35
27556.88
27553.89
27549.41
27546.43
27543.44
27540.46
27535.98
27533.00
27528.52
27527.03
27522.55
27519.56
27515.08
27512.10
27509.11
27506.13
27501.65
27498.67
27494.19
27491.20
27486.73
27483.74
27480.76
27476.28
27473.29
27470.31
27467.32
27462.85
27459.86
27456.88
27453.89
27449.41
27446.43
27443.44
27440.46
27435.98
27431.50
27428.52
27424.04
27421.05
27418.07
27415.08
27410.61
27407.62
27404.64
27401.65
27397.17
27394.19
27391.20
27388.22
27383.74
27380.76
27377.77
27373.29
27370.31
27365.83
27362.85
27358.37
27355.38
27352.40
27349.41
27344.93
27341.95
27338.96
27335.98
27332.99
27328.52
27325.53
27321.05
27318.07
27315.08
27312.10
27307.62
27303.14
27300.16
27297.17
27294.19
27289.71
27286.73
27283.74
27280.76
27276.28
27273.29
27270.31
27265.83
27262.84
27259.86
27256.87
27252.40
27249.41
27246.43
27243.44
27238.96
27234.49
27231.50
27228.52
27225.53
27221.05
27218.07
27213.59
27210.61
27207.62
27204.64
27201.65
27197.17
27194.19
27191.20
27188.22
27185.23
27180.75
27176.28
27173.29
27170.31
27165.83
27162.84
27159.86
27155.38
27152.40
27149.41
27146.43
27141.95
27138.96
27135.98
27132.99
27130.01
27125.53
27122.55
27119.56
27116.58
27112.10
27107.62
27104.63
27100.16
27097.17
27094.19
27091.20
27088.22
27083.74
27080.75
27077.77
27074.78
27070.31
27067.32
27064.34
27061.35
27058.37
27053.89
27049.41
27046.43
27041.95
27040.46
27035.98
27032.99
27028.51
27025.53
27022.54
27019.56
27016.57
27012.10
27009.11
27006.13
27003.14
27000.16
26995.68
26992.69
26988.22
26985.23
26982.25
26977.77
26974.78
26970.31
26967.32
26964.34
26961.35
26958.37
26953.89
26950.90
26947.92
26944.93
26941.95
26937.47
26934.48
26931.50
26928.51
26925.53
26919.56
26916.57
26913.59
26909.11
26906.13
26903.14
26900.16
26897.17
26892.69
26889.71
26886.72
26883.74
26880.75
26876.28
26873.29
26870.31
26867.32
26864.33
26859.86
26855.38
26852.39
26849.41
26846.42
26841.95
26838.96
26834.48
26831.50
26828.51
26825.53
26822.54
26819.56
26815.08
26812.10
26809.11
26806.13
26803.14
26798.66
26794.19
26791.20
26788.22
26785.23
26780.75
26777.77
26774.78
26771.80
26768.81
26764.33
26761.35
26758.36
26753.89
26750.90
26747.92
26744.93
26741.95
26737.47
26734.48
26730.01
26727.02
26724.04
26719.56
26716.57
26713.59
26710.60
26707.62
26704.63
26700.15
26697.17
26692.69
26691.20
26688.21
26683.74
26680.75
26677.77
26673.29
26670.30
26665.83
26662.84
26659.86
26655.38
26652.39
26649.41
26646.42
26643.44
26640.45
26635.98
26632.99
26630.01
26627.02
26624.03
26619.56
26616.57
26613.59
26610.60
26607.62
26603.14
26598.66
26595.68
26591.20
26588.21
26585.23
26582.24
26579.26
26576.27
26571.80
26568.81
26565.83
26562.84
26559.86
26556.87
26552.39
26549.41
26546.42
26543.44
26538.96
26534.48
26531.50
26528.51
26525.53
26522.54
26519.56
26515.08
26512.09
26509.11
26504.63
26501.65
26500.15
26495.68
26492.69
26489.71
26485.23
26482.24
26479.26
26474.78
26471.80
26467.32
26464.33
26461.35
26458.36
26455.38
26452.39
26447.91
26444.93
26441.94
26438.96
26435.97
26432.99
26428.51
26425.53
26422.54
26419.56
26416.57
26412.09
26407.62
26404.63
26401.65
26397.17
26394.18
26392.69
26388.21
26385.23
26382.24
26377.76
26374.78
26371.79
26368.81
26365.82
26362.84
26358.36
26355.38
26352.39
26347.91
26344.93
26341.94
26337.47
26334.48
26331.50
26328.51
26325.53
26322.54
26318.06
26315.08
26312.09
26309.11
26306.12
26303.14
26298.66
26295.67
26292.69
26288.21
26286.72
26282.24
26279.26
26274.78
26271.79
26268.81
26264.33
26261.35
26258.36
26255.38
26252.39
26249.41
26244.93
26241.94
26238.96
26235.97
26232.99
26230.00
26225.53
26221.05
26218.06
26215.08
26212.09
26209.11
26206.12
26201.64
26198.66
26195.67
26192.69
26189.70
26186.72
26182.24
26179.26
26176.27
26173.29
26170.30
26167.32
26164.33
26159.85
26155.38
26152.39
26149.41
26146.42
26143.44
26138.96
26135.97
26132.99
26130.00
26125.52
26124.03
26121.05
26116.57
26113.58
26110.60
26106.12
26103.14
26100.15
26098.66
26092.69
26089.70
26086.72
26082.24
26079.26
26076.27
26073.29
26070.30
26067.32
26064.33
26059.85
26056.87
26053.88
26050.90
26047.91
26044.93
26041.94
26037.46
26034.48
26031.49
26027.02
26024.03
26021.05
26018.06
26013.58
26010.60
26007.61
26004.63
26001.64
25998.66
25995.67
25991.20
25988.21
25985.23
25982.24
25979.26
25976.27
25973.28
25968.81
25964.33
25961.34
25958.36
25955.37
25952.39
25949.40
25944.93
25941.94
25938.96
25935.97
25932.99
25930.00
25927.02
25922.54
25919.55
25916.57
25913.58
25909.11
25907.61
25904.63
25898.66
25895.67
25892.69
25889.70
25885.22
25882.24
25880.75
25877.76
25873.28
25870.30
25867.31
25862.84
25859.85
25856.87
25855.37
25850.90
25847.91
25844.93
25841.94
25835.97
25832.99
25830.00
25827.02
25824.03
25821.05
25818.06
25815.08
25810.60
25807.61
25804.63
25801.64
25798.66
25795.67
25792.69
25788.21
25785.22
25782.24
25779.25
25774.78
25771.79
25768.81
25765.82
25761.34
25758.36
25755.37
25752.39
25749.40
25746.42
25743.43
25740.45
25735.97
25732.99
25730.00
25727.01
25724.03
25721.04
25718.06
25715.07
25709.10
25706.12
25703.13
25700.15
25697.16
25694.18
25691.19
25688.21
25683.73
25680.75
25677.76
25674.78
25671.79
25668.81
25665.82
25662.84
25658.36
25655.37
25652.39
25649.40
25644.92
25641.94
25638.95
25635.97
25632.98
25628.51
25625.52
25622.54
25619.55
25616.57
25613.58
25610.60
25607.61
25603.13
25600.15
25597.16
25594.18
25591.19
25588.21
25583.73
25580.75
25577.76
25573.28
25570.30
25567.31
25564.33
25561.34
25558.36
25555.37
25552.39
25547.91
25544.92
25541.94
25538.95
25535.97
25532.98
25530.00
25527.01
25524.03
25518.06
25515.07
25512.09
25509.10
25506.12
25503.13
25500.15
25497.16
25494.18
25489.70
25486.71
25483.73
25480.74
25477.76
25474.77
25471.79
25468.80
25465.82
25461.34
25458.36
25453.88
25450.89
25449.40
25444.92
25441.94
25438.95
25435.97
25432.98
25428.51
25425.52
25424.03
25421.04
25416.57
25413.58
25410.60
25407.61
25404.62
25400.15
25397.16
25395.67
25391.19
25388.21
25383.73
25380.74
25377.76
25374.77
25371.79
25368.80
25365.82
25362.83
25359.85
25356.86
25352.39
25349.40
25346.42
25343.43
25340.45
25337.46
25334.48
25331.49
25327.01
25322.53
25319.55
25316.56
25313.58
25310.59
25307.61
25304.62
25301.64
25298.65
25295.67
25292.68
25288.21
25285.22
25282.24
25279.25
25276.27
25273.28
25270.30
25267.31
25262.83
25259.85
25255.37
25252.39
25249.40
25246.42
25243.43
25240.44
25237.46
25234.47
25231.49
25228.50
25224.03
25221.04
25218.06
25215.07
25212.09
25209.10
25206.12
25203.13
25198.65
25195.67
25192.68
25188.21
25185.22
25182.24
25180.74
25177.76
25174.77
25170.30
25167.31
25164.33
25161.34
25158.35
25153.88
25152.38
25149.40
25146.41
25143.43
25140.44
25134.47
25131.49
25128.50
25125.52
25122.53
25119.55
25116.56
25113.58
25110.59
25107.61
25104.62
25101.64
25097.16
25094.18
25091.19
25088.21
25085.22
25082.23
25079.25
25076.26
25071.79
25068.80
25065.82
25061.34
25058.35
25055.37
25052.38
25049.40
25046.41
25043.43
25040.44
25037.46
25034.47
25031.49
25028.50
25025.52
25021.04
25019.55
25016.56
25013.58
25009.10
25006.12
25001.64
24998.65
24995.67
24992.68
24989.70
24986.71
24983.73
24980.74
24977.76
24974.77
24971.79
24968.80
24965.82
24961.34
24958.35
24955.37
24952.38
24949.40
24944.92
24941.94
24938.95
24935.97
24932.98
24930.00
24927.01
24924.03
24919.55
24916.56
24913.58
24910.59
24909.10
24906.11
24903.13
24898.65
24895.67
24892.68
24889.70
24886.71
24882.23
24879.25
24876.26
24873.28
24870.29
24867.31
24864.32
24861.34
24858.35
24853.88
24850.89
24847.91
24844.92
24841.94
24838.95
24835.96
24832.98
24829.99
24827.01
24824.02
24821.04
24816.56
24813.58
24809.10
24806.11
24803.13
24801.64
24798.65
24795.67
24792.68
24789.70
24785.22
24782.23
24779.25
24776.26
24773.28
24770.29
24767.31
24764.32
24761.34
24758.35
24753.87
24750.89
24747.90
24744.92
24741.93
24737.46
24734.47
24731.49
24728.50
24725.52
24722.53
24721.04
24718.05
24713.58
24710.59
24707.61
24704.62
24701.64
24698.65
24695.67
24691.19
24688.20
24685.22
24682.23
24679.25
24676.26
24673.28
24670.29
24667.31
24664.32
24659.84
24656.86
24653.87
24650.89
24647.90
24644.92
24641.93
24640.44
24637.46
24632.98
24629.99
24625.52
24622.53
24619.55
24616.56
24613.58
24610.59
24607.61
24604.62
24601.64
24598.65
24595.67
24592.68
24589.69
24586.71
24583.72
24580.74
24576.26
24573.28
24570.29
24567.31
24562.83
24559.84
24558.35
24555.37
24552.38
24549.40
24544.92
24541.93
24538.95
24535.96
24532.98
24529.99
24527.01
24524.02
24521.04
24518.05
24515.07
24512.08
24509.10
24506.11
24503.13
24498.65
24495.66
24492.68
24489.69
24486.71
24482.23
24479.25
24477.75
24474.77
24471.78
24468.80
24465.81
24462.83
24459.84
24456.86
24453.87
24449.40
24446.41
24443.43
24440.44
24435.96
24432.98
24429.99
24427.01
24425.51
24422.53
24419.54
24416.56
24412.08
24409.10
24406.11
24403.13
24400.14
24397.16
24394.17
24391.19
24388.20
24385.22
24382.23
24379.25
24376.26
24371.78
24368.80
24365.81
24362.83
24359.84
24356.86
24353.87
24350.89
24347.90
24344.92
24341.93
24338.95
24335.96
24332.98
24329.99
24327.01
24324.02
24321.04
24318.05
24315.07
24312.08
24307.60
24304.62
24301.63
24298.65
24294.17
24291.19
24289.69
24286.71
24283.72
24280.74
24277.75
24274.77
24271.78
24268.80
24265.81
24262.83
24259.84
24256.86
24253.87
24249.39
24244.92
24241.93
24238.95
24235.96
24234.47
24231.48
24228.50
24225.51
24222.53
24219.54
24216.56
24213.57
24210.59
24207.60
24204.62
24201.63
24197.16
24194.17
24191.19
24188.20
24185.21
24183.72
24179.24
24176.26
24173.27
24170.29
24167.30
24164.32
24161.33
24158.35
24155.36
24152.38
24149.39
24146.41
24141.93
24138.95
24135.96
24132.98
24129.99
24128.50
24125.51
24122.53
24118.05
24115.07
24112.08
24109.10
24106.11
24103.12
24100.14
24097.15
24094.17
24091.18
24088.20
24085.21
24082.23
24079.24
24076.26
24073.27
24070.29
24067.30
24064.32
24061.33
24058.35
24053.87
24050.89
24047.90
24044.92
24041.93
24038.95
24035.96
24032.98
24029.99
24027.00
24024.02
24021.03
24018.05
24015.06
24012.08
24009.09
24006.11
24003.12
24000.14
23997.15
23994.17
23989.69
23986.71
23983.72
23980.74
23977.75
23974.77
23971.78
23968.80
23965.81
23962.83
23959.84
23956.86
23953.87
23950.89
23947.90
23944.91
23941.93
23940.44
23937.45
23934.47
23931.48
23927.00
23924.02
23921.03
23918.05
23915.06
23912.08
23909.09
23906.11
23903.12
23900.14
23897.15
23894.17
23891.18
23888.20
23885.21
23882.23
23879.24
23876.26
23873.27
23870.29
23867.30
23862.82
23859.84
23856.85
23853.87
23850.88
23847.90
23844.91
23841.93
23838.94
23835.96
23832.97
23829.99
23827.00
23824.02
23821.03
23818.05
23815.06
23812.08
23809.09
23806.11
23804.62
23801.63
23797.15
23794.17
23791.18
23788.20
23785.21
23782.23
23779.24
23776.26
23773.27
23770.29
23767.30
23764.32
23761.33
23758.35
23755.36
23752.38
23749.39
23746.41
23743.42
23740.44
23737.45
23732.97
23729.99
23727.00
23724.02
23722.53
23719.54
23716.56
23713.57
23710.59
23707.60
23704.62
23701.63
23698.64
23695.66
23692.67
23689.69
23686.70
23683.72
23680.73
23677.75
23674.76
23670.29
23667.30
23664.32
23661.33
23658.35
23655.36
23652.38
23649.39
23646.41
23643.42
23641.93
23638.94
23635.96
23632.97
23629.99
23627.00
23624.02
23621.03
23618.05
23616.55
23613.57
23610.58
23606.11
23603.12
23600.14
23597.15
23594.17
23591.18
23588.20
23585.21
23582.23
23579.24
23576.26
23573.27
23570.29
23567.30
23564.32
23561.33
23558.35
23555.36
23552.38
23549.39
23546.41
23541.93
23538.94
23535.96
23534.46
23531.48
23528.49
23525.51
23522.52
23519.54
23516.55
23513.57
23510.58
23507.60
23504.61
23501.63
23498.64
23497.15
23494.17
23491.18
23488.20
23485.21
23480.73
23477.75
23474.76
23471.78
23468.79
23465.81
23462.82
23459.84
23456.85
23453.87
23450.88
23447.90
23444.91
23441.93
23438.94
23435.96
23432.97
23429.99
23428.49
23425.51
23422.52
23419.54
23415.06
23412.08
23409.09
23406.11
23403.12
23401.63
23398.64
23395.66
23392.67
23389.69
23386.70
23383.72
23380.73
23377.75
23374.76
23371.78
23368.79
23365.81
23362.82
23359.84
23356.85
23352.37
23349.39
23347.90
23344.91
23341.93
23338.94
23335.96
23332.97
23329.99
23327.00
23324.02
23321.03
23318.05
23315.06
23312.08
23309.09
23306.11
23303.12
23300.14
23297.15
23295.66
23292.67
23288.19
23285.21
23282.22
23279.24
23276.25
23273.27
23270.28
23267.30
23265.81
23262.82
23259.84
23256.85
23253.87
23250.88
23247.90
23244.91
23241.93
23240.43
23237.45
23234.46
23231.48
23228.49
23224.02
23221.03
23218.05
23215.06
23212.07
23209.09
23206.10
23203.12
23201.63
23198.64
23195.66
23192.67
23189.69
23186.70
23183.72
23180.73
23177.75
23174.76
23171.78
23168.79
23165.81
23161.33
23159.84
23156.85
23153.87
23150.88
23147.90
23144.91
23141.93
23138.94
23135.96
23132.97
23129.98
23127.00
23124.01
23122.52
23119.54
23116.55
23113.57
23110.58
23107.60
23104.61
23101.63
23097.15
23094.16
23091.18
23088.19
23085.21
23083.72
23080.73
23077.75
23074.76
23071.78
23068.79
23065.81
23062.82
23059.84
23056.85
23053.87
23050.88
23049.39
23046.40
23043.42
23040.43
23037.45
23032.97
23029.98
23027.00
23024.01
23022.52
23019.54
23016.55
23013.57
23010.58
23007.60
23004.61
23001.63
22998.64
22997.15
22994.16
22991.18
22988.19
22985.21
22982.22
22979.24
22976.25
22973.27
22968.79
22967.30
22964.31
22961.33
22958.34
22955.36
22952.37
22949.39
22946.40
22943.42
22941.92
22938.94
22935.95
22932.97
22929.98
22927.00
22924.01
22921.03
22918.04
22916.55
22913.57
22910.58
22906.10
22903.12
22900.13
22897.15
22894.16
22891.18
22888.19
22886.70
22883.71
22880.73
22877.74
22874.76
22871.77
22868.79
22865.80
22862.82
22861.33
22858.34
22855.36
22852.37
22849.39
22846.40
22841.92
22838.94
22835.95
22834.46
22831.48
22828.49
22825.51
22822.52
22819.54
22816.55
22813.57
22810.58
22807.59
22806.10
22803.12
22800.13
22797.15
22794.16
22791.18
22788.19
22785.21
22782.22
22779.24
22776.25
22773.27
22770.28
22767.30
22764.31
22761.33
22758.34
22755.36
22753.86
22750.88
22747.89
22744.91
22741.92
22738.94
22735.95
22732.97
22729.98
22728.49
22725.50
22722.52
22719.53
22715.06
22712.07
22709.09
22707.59
22704.61
22701.62
22698.64
22695.65
22692.67
22689.68
22686.70
22685.21
22682.22
22679.24
22676.25
22673.27
22670.28
22667.30
22665.80
22662.82
22659.83
22656.85
22652.37
22649.39
22646.40
22643.41
22641.92
22638.94
22635.95
22632.97
22629.98
22627.00
22624.01
22622.52
22619.53
22616.55
22613.56
22610.58
22607.59
22604.61
22603.12
22600.13
22597.15
22594.16
22591.18
22586.70
22583.71
22582.22
22579.24
22576.25
22573.27
22570.28
22567.30
22565.80
22562.82
22559.83
22556.85
22553.86
22550.88
22547.89
22544.91
22541.92
22538.94
22537.44
22534.46
22531.47
22528.49
22524.01
22521.03
22518.04
22515.06
22512.07
22510.58
22507.59
22504.61
22501.62
22498.64
22495.65
22492.67
22491.18
22488.19
22485.21
22482.22
22479.23
22476.25
22473.26
22471.77
22468.79
22465.80
22461.32
22458.34
22455.35
22453.86
22450.88
22447.89
22444.91
22441.92
22438.94
22437.44
22434.46
22431.47
22428.49
22425.50
22422.52
22421.03
22418.04
22415.06
22412.07
22409.09
22406.10
22404.61
22401.62
22397.14
22394.16
22391.17
22388.19
22385.20
22382.22
22379.23
22376.25
22374.76
22371.77
22368.79
22365.80
22362.82
22359.83
22356.85
22355.35
22352.37
22349.38
22346.40
22343.41
22340.43
22338.94
22335.95
22331.47
22328.49
22325.50
22322.52
22321.02
22318.04
22315.05
22312.07
22309.08
22307.59
22304.61
22301.62
22298.64
22295.65
22292.67
22291.17
22288.19
22285.20
22282.22
22279.23
22276.25
22273.26
22268.79
22267.29
22264.31
22261.32
22258.34
22255.35
22252.37
22249.38
22246.40
22244.91
22241.92
22238.93
22235.95
22232.96
22231.47
22228.49
22225.50
22222.52
22219.53
22218.04
22215.05
22212.07
22209.08
22204.61
22203.11
22200.13
22197.14
22194.16
22191.17
22188.19
22186.70
22183.71
22180.73
22177.74
22174.76
22171.77
22168.79
22165.80
22162.82
22161.32
22158.34
22155.35
22152.37
22149.38
22146.40
22144.90
22140.43
22137.44
22134.46
22131.47
22129.98
22126.99
22124.01
22121.02
22119.53
22116.55
22113.56
22110.58
22107.59
22106.10
22103.11
22100.13
22097.14
22094.16
22091.17
22088.19
22085.20
22082.22
22080.73
22076.25
22073.26
22070.28
22067.29
22064.31
22062.81
22059.83
22056.84
22053.86
22052.37
22049.38
22046.40
22043.41
22040.43
22038.93
22035.95
22032.96
22029.98
22026.99
22025.50
22022.52
22019.53
22015.05
22012.07
22009.08
22006.10
22003.11
22000.13
21998.64
21995.65
21992.66
21989.68
21988.19
21985.20
21982.22
21979.23
21976.25
21974.75
21971.77
21968.78
21965.80
21964.31
21961.32
21958.34
21955.35
21950.87
21947.89
21944.90
21943.41
21940.43
21937.44
21934.46
21931.47
21928.49
21926.99
21924.01
21921.02
21918.04
21915.05
21913.56
21910.57
21907.59
21904.60
21903.11
21900.13
21897.14
21894.16
21892.66
21889.68
21885.20
21882.22
21879.23
21876.25
21873.26
21870.28
21867.29
21865.80
21862.81
21859.83
21856.84
21855.35
21852.37
21849.38
21846.40
21844.90
21841.92
21838.93
21835.95
21834.45
21831.47
21828.48
21824.01
21821.02
21818.04
21815.05
21812.07
21810.57
21807.59
21804.60
21801.62
21798.63
21797.14
21794.16
21791.17
21788.19
21786.69
21783.71
21780.72
21777.74
21776.25
21773.26
21770.28
21767.29
21764.31
21759.83
21756.84
21755.35
21752.36
21749.38
21746.39
21743.41
21741.92
21738.93
21735.95
21732.96
21731.47
21728.48
21725.50
21722.51
21721.02
21718.04
21715.05
21712.07
21709.08
21706.10
21703.11
21701.62
21698.63
21694.16
21691.17
21689.68
21686.69
21683.71
21680.72
21679.23
21676.25
21673.26
21670.27
21668.78
21665.80
21662.81
21659.83
21656.84
21653.86
21650.87
21649.38
21646.39
21643.41
21640.42
21638.93
21635.95
21631.47
21628.48
21626.99
21624.01
21621.02
21618.04
21616.54
21613.56
21610.57
21607.59
21604.60
21601.62
21598.63
21597.14
21594.16
21591.17
21588.18
21586.69
21583.71
21580.72
21579.23
21576.24
21573.26
21568.78
21567.29
21564.30
21561.32
21558.33
21555.35
21552.36
21549.38
21547.89
21544.90
21541.92
21538.93
21537.44
21534.45
21531.47
21528.48
21526.99
21524.01
21521.02
21518.04
21515.05
21513.56
21510.57
21507.59
21503.11
21500.12
21498.63
21495.65
21492.66
21489.68
21488.18
21485.20
21482.21
21480.72
21477.74
21474.75
21471.77
21468.78
21465.80
21462.81
21461.32
21458.33
21455.35
21452.36
21450.87
21447.89
21444.90
21443.41
21438.93
21435.95
21432.96
21431.47
21428.48
21425.50
21422.51
21419.53
21416.54
21415.05
21412.06
21409.08
21406.09
21404.60
21401.62
21398.63
21397.14
21394.15
21391.17
21388.18
21385.20
21382.21
21377.74
21376.24
21373.26
21370.27
21368.78
21365.80
21362.81
21361.32
21358.33
21355.35
21352.36
21350.87
21347.88
21344.90
21341.91
21338.93
21335.94
21334.45
21331.47
21328.48
21325.50
21324.00
21321.02
21318.03
21316.54
21312.06
21309.08
21306.09
21303.11
21300.12
21298.63
21295.65
21292.66
21289.68
21288.18
21285.20
21282.21
21280.72
21277.74
21274.75
21271.77
21270.27
21267.29
21264.30
21261.32
21258.33
21256.84
21253.85
21249.38
21246.39
21244.90
21241.91
21238.93
21237.44
21234.45
21231.47
21228.48
21225.50
21222.51
21221.02
21218.03
21215.05
21213.56
21210.57
21207.59
21206.09
21203.11
21200.12
21197.14
21194.15
21191.17
21189.68
21185.20
21182.21
21179.23
21177.73
21174.75
21171.76
21170.27
21167.29
21164.30
21162.81
21159.82
21156.84
21153.85
21150.87
21147.88
21146.39
21143.41
21140.42
21138.93
21135.94
21132.96
21131.47
21128.48
21125.50
21121.02
21118.03
21115.05
21113.56
21110.57
21107.59
21106.09
21103.11
21100.12
21098.63
21095.64
21092.66
21089.67
21086.69
21083.70
21082.21
21079.23
21076.24
21074.75
21071.76
21068.78
21067.29
21064.30
21061.32
21056.84
21055.35
21052.36
21049.38
21046.39
21043.41
21041.91
21038.93
21035.94
21034.45
21031.47
21028.48
21026.99
21024.00
21021.02
21018.03
21015.05
21013.55
21010.57
21007.58
21006.09
21003.11
21000.12
20998.63
20994.15
20991.17
20988.18
20985.20
20982.21
20980.72
20977.73
20974.75
20973.26
20970.27
20967.29
20965.79
20962.81
20959.82
20956.84
20953.85
20952.36
20949.38
20946.39
20944.90
20941.91
20938.93
20937.43
20934.45
20929.97
20926.99
20924.00
20921.02
20919.52
20916.54
20915.05
20912.06
20909.08
20907.58
20904.60
20901.61
20898.63
20895.64
20894.15
20891.17
20888.18
20885.20
20883.70
20880.72
20879.23
20876.24
20873.26
20870.27
20865.79
20864.30
20861.31
20858.33
20855.34
20853.85
20850.87
20849.37
20846.39
20843.40
20840.42
20838.93
20835.94
20832.96
20829.97
20826.99
20825.49
20822.51
20821.02
20818.03
20815.05
20813.55
20810.57
20807.58
20803.11
20800.12
20798.63
20795.64
20792.66
20791.17
20788.18
20785.20
20783.70
20780.72
20777.73
20774.75
20771.76
20770.27
20767.28
20764.30
20762.81
20759.82
20758.33
20755.34
20752.36
20749.37
20746.39
20743.40
20740.42
20737.43
20735.94
20732.96
20729.97
20728.48
20725.49
20722.51
20719.52
20716.54
20715.05
20712.06
20709.08
20707.58
20704.60
20703.11
20700.12
20697.13
20694.15
20691.16
20688.18
20686.69
20683.70
20682.21
20679.22
20674.75
20673.25
20670.27
20667.28
20664.30
20661.31
20659.82
20656.84
20655.34
20652.36
20649.37
20647.88
20644.90
20641.91
20638.93
20635.94
20634.45
20631.46
20628.48
20626.99
20624.00
20622.51
20619.52
20616.54
20612.06
20609.07
20607.58
20604.60
20601.61
20600.12
20597.13
20595.64
20592.66
20589.67
20586.69
20583.70
20582.21
20579.22
20576.24
20574.75
20571.76
20570.27
20567.28
20564.30
20561.31
20558.33
20556.84
20553.85
20549.37
20547.88
20544.90
20543.40
20540.42
20537.43
20534.45
20531.46
20529.97
20526.98
20524.00
20522.51
20519.52
20516.54
20515.04
20512.06
20509.07
20506.09
20504.60
20501.61
20500.12
20497.13
20494.15
20491.16
20489.67
20485.19
20482.21
20479.22
20477.73
20474.75
20473.25
20470.27
20467.28
20464.30
20462.81
20459.82
20456.84
20455.34
20452.36
20449.37
20447.88
20444.89
20441.91
20438.92
20435.94
20434.45
20431.46
20429.97
20426.98
20425.49
20421.01
20418.03
20415.04
20412.06
20410.57
20407.58
20406.09
20403.10
20400.12
20398.63
20395.64
20392.66
20389.67
20386.69
20385.19
20382.21
20380.72
20377.73
20376.24
20373.25
20370.27
20367.28
20364.30
20362.80
20358.33
20356.83
20353.85
20350.86
20349.37
20346.39
20343.40
20340.42
20338.92
20335.94
20332.95
20331.46
20328.48
20326.98
20324.00
20321.01
20318.03
20315.04
20313.55
20310.57
20309.07
20306.09
20303.10
20301.61
20298.63
20294.15
20291.16
20289.67
20286.68
20285.19
20282.21
20279.22
20276.24
20273.25
20271.76
20268.77
20267.28
20264.30
20262.80
20259.82
20256.83
20253.85
20250.86
20249.37
20246.39
20244.89
20241.91
20240.42
20237.43
20234.45
20229.97
20226.98
20225.49
20222.51
20221.01
20218.03
20216.54
20213.55
20210.56
20207.58
20204.59
20203.10
20200.12
20198.62
20195.64
20192.65
20191.16
20188.18
20185.19
20182.21
20180.71
20177.73
20176.24
20173.25
20170.27
20165.79
20164.30
20161.31
20159.82
20156.83
20153.85
20152.36
20149.37
20146.39
20143.40
20141.91
20138.92
20137.43
20134.45
20132.95
20129.97
20126.98
20124.00
20121.01
20119.52
20116.53
20115.04
20112.06
20110.56
20107.58
20103.10
20100.12
20097.13
20095.64
20092.65
20091.16
20088.18
20085.19
20083.70
20080.71
20077.73
20076.24
20073.25
20071.76
20068.77
20065.79
20062.80
20059.82
20058.33
20055.34
20053.85
20050.86
20049.37
20046.38
20043.40
20038.92
20037.43
20034.44
20032.95
20029.97
20028.47
20025.49
20022.50
20019.52
20016.53
20015.04
20012.06
20010.56
20007.58
20004.59
20003.10
20000.12
19997.13
19995.64
19992.65
19991.16
19988.18
19985.19
19982.21
19979.22
19976.24
19973.25
19971.76
19968.77
19967.28
19964.29
19961.31
19958.32
19956.83
19953.85
19952.35
19949.37
19947.88
19944.89
19941.91
19938.92
19937.43
19934.44
19932.95
19929.97
19926.98
19924.00
19922.50
19919.52
19916.53
19915.04
19910.56
19909.07
19906.09
19903.10
19900.12
19898.62
19895.64
19894.15
19891.16
19889.67
19886.68
19883.70
19880.71
19879.22
19876.23
19874.74
19871.76
19870.26
19867.28
19864.29
19861.31
19859.82
19856.83
19855.34
19852.35
19847.88
19844.89
19843.40
19840.41
19838.92
19835.94
19834.44
19831.46
19828.47
19825.49
19824.00
19821.01
19819.52
19816.53
19815.04
19812.06
19809.07
19806.08
19804.59
19801.61
19800.11
19797.13
19794.14
19791.16
19789.67
19786.68
19783.70
19780.71
19779.22
19776.23
19773.25
19770.26
19768.77
19765.79
19764.29
19761.31
19759.82
19756.83
19753.85
19750.86
19749.37
19746.38
19744.89
19741.91
19738.92
19735.94
19734.44
19731.46
19729.97
19726.98
19725.49
19721.01
19718.02
19715.04
19713.55
19710.56
19709.07
19706.08
19704.59
19701.61
19698.62
19695.64
19694.14
19691.16
19689.67
19686.68
19683.70
19680.71
19679.22
19676.23
19674.74
19671.76
19670.26
19667.28
19664.29
19661.31
19659.82
19655.34
19653.85
19652.35
19649.37
19646.38
19643.40
19641.90
19638.92
19637.43
19634.44
19631.46
19628.47
19626.98
19623.99
19622.50
19619.52
19618.02
19615.04
19612.05
19609.07
19607.58
19604.59
19603.10
19600.11
19598.62
19595.64
19591.16
19589.67
19586.68
19585.19
19582.20
19579.22
19576.23
19574.74
19571.76
19570.26
19567.28
19565.79
19562.80
19559.81
19556.83
19555.34
19552.35
19550.86
19547.87
19546.38
19543.40
19540.41
19538.92
19535.93
19534.44
19529.96
19526.98
19523.99
19522.50
19519.52
19518.02
19515.04
19513.55
19510.56
19507.58
19506.08
19503.10
19501.61
19498.62
19495.64
19492.65
19491.16
19488.17
19486.68
19483.70
19482.20
19479.22
19476.23
19474.74
19471.75
19470.26
19465.78
19464.29
19461.31
19458.32
19455.34
19453.84
19450.86
19449.37
19446.38
19443.40
19441.90
19438.92
19437.43
19434.44
19432.95
19429.96
19426.98
19423.99
19422.50
19419.52
19418.02
19415.04
19412.05
19410.56
19407.58
19406.08
19401.61
19400.11
19397.13
19394.14
19392.65
19389.66
19388.17
19385.19
19383.69
19380.71
19377.72
19374.74
19373.25
19370.26
19368.77
19365.78
19362.80
19361.31
19358.32
19356.83
19353.84
19352.35
19349.37
19346.38
19344.89
19341.90
19338.92
19335.93
19332.95
19329.96
19328.47
19325.49
19323.99
19322.50
19319.52
19316.53
19313.54
19312.05
19309.07
19307.57
19304.59
19303.10
19300.11
19297.13
19295.63
19292.65
19291.16
19288.17
19285.19
19283.69
19280.71
19279.22
19274.74
19273.25
19270.26
19267.28
19265.78
19262.80
19261.31
19258.32
19255.34
19252.35
19250.86
19249.37
19246.38
19244.89
19241.90
19238.92
19235.93
19234.44
19231.45
19229.96
19226.98
19223.99
19222.50
19219.51
19218.02
19215.04
19213.54
19209.07
19206.08
19204.59
19201.60
19200.11
19197.13
19195.63
19192.65
19189.66
19188.17
19185.19
19183.69
19180.71
19177.72
19176.23
19173.25
19171.75
19168.77
19167.28
19164.29
19161.31
19159.81
19156.83
19155.33
19152.35
19149.36
19146.38
19143.39
19141.90
19138.92
19137.42
19134.44
19131.45
19129.96
19126.98
19125.48
19122.50
19119.51
19118.02
19115.04
19113.54
19110.56
19109.07
19106.08
19103.10
19101.60
19098.62
19097.13
19094.14
19091.16
19089.66
19086.68
19083.69
19080.71
19079.22
19076.23
19073.24
19071.75
19068.77
19067.27
19064.29
19061.30
19059.81
19056.83
19055.33
19053.84
19050.86
19047.87
19044.89
19043.39
19040.41
19038.92
19035.93
19034.44
19031.45
19028.47
19026.98
19025.48
19022.50
19018.02
19015.04
19013.54
19012.05
19009.07
19006.08
19004.59
19001.60
19000.11
18997.13
18995.63
18992.65
18989.66
18988.17
18985.18
18983.69
18980.71
18979.21
18976.23
18973.24
18971.75
18968.77
18967.27
18964.29
18961.30
18959.81
18955.33
18953.84
18952.35
18949.36
18946.38
18943.39
18941.90
18940.41
18937.42
18934.44
18932.95
18929.96
18928.47
18925.48
18923.99
18921.01
18918.02
18916.53
18913.54
18912.05
18909.06
18906.08
18904.59
18901.60
18900.11
18898.62
18895.63
18891.15
18889.66
18886.68
18885.18
18882.20
18879.21
18877.72
18874.74
18873.24
18870.26
18868.77
18865.78
18862.80
18861.30
18859.81
18856.83
18853.84
18850.86
18849.36
18847.87
18844.89
18843.39
18840.41
18837.42
18835.93
18832.95
18831.45
18826.97
18823.99
18822.50
18819.51
18818.02
18816.53
18813.54
18810.56
18809.06
18806.08
18804.59
18801.60
18798.62
18797.12
18794.14
18792.65
18791.15
18788.17
18785.18
18782.20
18780.71
18779.21
18776.23
18773.24
18771.75
18768.77
18767.27
18762.80
18761.30
18758.32
18755.33
18753.84
18752.35
18749.36
18746.38
18743.39
18741.90
18740.41
18737.42
18735.93
18732.94
18729.96
18728.47
18726.97
18723.99
18721.00
18718.02
18716.53
18715.03
18712.05
18710.56
18707.57
18704.59
18701.60
18700.11
18697.12
18694.14
18691.15
18689.66
18688.17
18685.18
18682.20
18680.71
18677.72
18676.23
18674.74
18671.75
18668.76
18667.27
18664.29
18662.79
18659.81
18656.82
18655.33
18652.35
18650.85
18649.36
18646.38
18643.39
18641.90
18637.42
18635.93
18632.94
18629.96
18628.47
18625.48
18623.99
18622.50
18619.51
18616.53
18615.03
18612.05
18610.56
18607.57
18604.59
18603.09
18601.60
18598.62
18597.12
18594.14
18591.15
18589.66
18586.67
18585.18
18582.20
18579.21
18577.72
18576.23
18571.75
18570.26
18567.27
18564.29
18562.79
18561.30
18558.32
18555.33
18553.84
18550.85
18549.36
18547.87
18544.88
18541.90
18540.41
18537.42
18535.93
18532.94
18529.96
18528.47
18526.97
18523.99
18522.50
18519.51
18516.53
18515.03
18510.56
18509.06
18506.08
18503.09
18501.60
18500.11
18497.12
18494.14
18492.64
18489.66
18488.17
18486.67
18483.69
18480.70
18479.21
18476.23
18474.73
18471.75
18468.76
18467.27
18465.78
18462.79
18461.30
18458.32
18455.33
18453.84
18452.35
18449.36
18444.88
18443.39
18440.41
18438.91
18437.42
18434.44
18431.45
18429.96
18426.97
18425.48
18422.49
18421.00
18418.02
18416.52
18413.54
18412.05
18409.06
18407.57
18404.58
18403.09
18400.11
18397.12
18395.63
18394.14
18391.15
18388.17
18386.67
18382.20
18380.70
18379.21
18376.23
18373.24
18371.75
18368.76
18367.27
18364.29
18361.30
18359.81
18358.32
18355.33
18353.84
18350.85
18347.87
18346.38
18344.88
18341.90
18338.91
18337.42
18335.93
18332.94
18331.45
18328.46
18325.48
18323.99
18322.49
18318.02
18315.03
18313.54
18310.55
18309.06
18306.08
18304.58
18301.60
18300.11
18298.61
18295.63
18292.64
18291.15
18288.17
18286.67
18283.69
18280.70
18279.21
18277.72
18274.73
18273.24
18270.26
18268.76
18265.78
18264.29
18261.30
18258.31
18255.33
18253.84
18250.85
18249.36
18246.37
18243.39
18241.90
18240.40
18237.42
18234.43
18232.94
18231.45
18228.46
18225.48
18223.99
18221.00
18219.51
18218.02
18215.03
18212.05
18210.55
18209.06
18206.08
18203.09
18201.60
18198.61
18197.12
18195.63
18191.15
18188.17
18186.67
18185.18
18182.19
18179.21
18177.72
18174.73
18173.24
18170.25
18168.76
18165.78
18164.28
18162.79
18159.81
18156.82
18155.33
18152.34
18150.85
18147.87
18146.37
18143.39
18141.90
18140.40
18137.42
18134.43
18132.94
18131.45
18126.97
18123.99
18122.49
18119.51
18118.02
18116.52
18113.54
18110.55
18109.06
18107.57
18104.58
18101.60
18100.10
18098.61
18095.63
18092.64
18091.15
18088.16
18086.67
18085.18
18082.19
18079.21
18077.72
18076.22
18073.24
18070.25
18068.76
18067.27
18062.79
18061.30
18058.31
18055.33
18053.84
18052.34
18049.36
18046.37
18044.88
18043.39
18040.40
18037.42
18035.93
18034.43
18031.45
18029.96
18026.97
18025.48
18022.49
18021.00
18018.01
18015.03
18013.54
18012.04
18009.06
18007.57
18004.58
18003.09
17998.61
17997.12
17994.13
17992.64
17989.66
17988.16
17985.18
17983.69
17980.70
17979.21
17977.72
17974.73
17971.75
17970.25
17968.76
17965.78
17962.79
17961.30
17959.81
17956.82
17955.33
17952.34
17950.85
17947.87
17946.37
17943.39
17940.40
17938.91
17935.92
17932.94
17929.95
17928.46
17926.97
17925.48
17922.49
17919.51
17918.01
17916.52
17913.54
17910.55
17909.06
17906.07
17904.58
17901.60
17900.10
17897.12
17895.63
17894.13
17891.15
17888.16
17886.67
17885.18
17882.19
17879.21
17877.72
17876.22
17873.24
17870.25
17867.27
17865.78
17864.28
17861.30
17858.31
17856.82
17855.33
17852.34
17849.36
17847.86
17844.88
17843.39
17841.89
17838.91
17835.92
17834.43
17832.94
17829.95
17826.97
17825.48
17823.98
17821.00
17819.51
17816.52
17815.03
17813.54
17809.06
17806.07
17804.58
17803.09
17800.10
17797.12
17795.63
17794.13
17791.15
17789.66
17786.67
17785.18
17782.19
17780.70
17777.72
17776.22
17773.24
17771.74
17768.76
17767.27
17765.77
17762.79
17761.30
17758.31
17756.82
17753.83
17752.34
17749.36
17747.86
17743.39
17741.89
17738.91
17737.42
17734.43
17732.94
17731.45
17728.46
17725.48
17723.98
17722.49
17719.51
17716.52
17715.03
17713.54
17712.04
17709.06
17706.07
17704.58
17703.09
17700.10
17697.12
17695.62
17694.13
17691.15
17688.16
17686.67
17685.18
17682.19
17679.21
17676.22
17674.73
17673.24
17670.25
17667.27
17665.77
17664.28
17661.30
17658.31
17656.82
17655.33
17653.83
17650.85
17647.86
17646.37
17644.88
17641.89
17638.91
17637.42
17635.92
17632.94
17631.45
17628.46
17626.97
17625.48
17622.49
17618.01
17616.52
17615.03
17612.04
17609.06
17607.56
17606.07
17604.58
17601.59
17598.61
17597.12
17595.62
17592.64
17589.65
17588.16
17586.67
17583.68
17580.70
17579.21
17577.71
17576.22
17573.24
17570.25
17568.76
17567.27
17564.28
17561.30
17559.80
17558.31
17553.83
17552.34
17549.36
17547.86
17546.37
17543.39
17540.40
17538.91
17537.42
17534.43
17532.94
17529.95
17528.46
17525.47
17523.98
17522.49
17519.50
17518.01
17515.03
17513.53
17510.55
17509.06
17506.07
17504.58
17503.09
17500.10
17497.12
17495.62
17494.13
17492.64
17488.16
17485.18
17483.68
17482.19
17479.21
17476.22
17474.73
17473.24
17470.25
17468.76
17465.77
17464.28
17462.79
17459.80
17456.82
17455.33
17453.83
17450.85
17449.35
17446.37
17444.88
17443.38
17440.40
17438.91
17435.92
17434.43
17431.44
17429.95
17426.97
17423.98
17421.00
17419.50
17418.01
17415.03
17413.53
17410.55
17409.06
17407.56
17404.58
17401.59
17400.10
17398.61
17395.62
17394.13
17391.15
17389.65
17388.16
17385.18
17383.68
17380.70
17379.21
17376.22
17374.73
17373.24
17370.25
17367.26
17365.77
17362.79
17361.29
17358.31
17355.32
17353.83
17352.34
17349.35
17347.86
17344.88
17343.38
17340.40
17338.91
17337.41
17334.43
17332.94
17329.95
17328.46
17326.97
17323.98
17321.00
17319.50
17318.01
17315.03
17312.04
17310.55
17309.06
17307.56
17304.58
17303.09
17298.61
17297.12
17294.13
17292.64
17291.15
17288.16
17285.17
17283.68
17282.19
17280.70
17277.71
17274.73
17273.23
17271.74
17268.76
17267.26
17264.28
17262.79
17259.80
17258.31
17256.82
17253.83
17252.34
17249.35
17247.86
17246.37
17243.38
17240.40
17238.91
17235.92
17232.94
17231.44
17229.95
17226.97
17225.47
17222.49
17221.00
17219.50
17216.52
17213.53
17212.04
17210.55
17207.56
17206.07
17203.08
17201.59
17200.10
17197.11
17195.62
17194.13
17191.14
17188.16
17186.67
17185.17
17182.19
17180.70
17177.71
17176.22
17174.73
17170.25
17168.76
17167.26
17164.28
17161.29
17159.80
17158.31
17155.32
17153.83
17150.85
17149.35
17146.37
17144.88
17143.38
17141.89
17138.91
17135.92
17134.43
17132.94
17129.95
17128.46
17125.47
17123.98
17120.99
17119.50
17118.01
17116.52
17113.53
17110.55
17107.56
17106.07
17103.08
17101.59
17098.61
17097.11
17094.13
17092.64
17091.14
17089.65
17086.67
17083.68
17082.19
17080.70
17077.71
17076.22
17074.73
17071.74
17068.76
17067.26
17065.77
17064.28
17061.29
17058.31
17056.82
17055.32
17052.34
17050.85
17049.35
17044.87
17041.89
17040.40
17038.90
17037.41
17034.43
17032.93
17029.95
17028.46
17025.47
17023.98
17022.49
17019.50
17018.01
17015.02
17013.53
17012.04
17009.05
17007.56
17006.07
17003.08
17000.10
16998.61
16997.11
16994.13
16992.64
16991.14
16988.16
16985.17
16983.68
16980.70
16979.20
16976.22
16974.73
16971.74
16970.25
16967.26
16965.77
16964.28
16961.29
16959.80
16956.81
16955.32
16953.83
16950.84
16949.35
16947.86
16944.87
16941.89
16940.40
16938.90
16935.92
16934.43
16932.93
16931.44
16928.46
16925.47
16923.98
16922.49
16919.50
16916.52
16915.02
16912.04
16909.05
16907.56
16906.07
16903.08
16901.59
16900.10
16898.61
16895.62
16892.64
16891.14
16889.65
16886.67
16885.17
16883.68
16880.69
16877.71
16876.22
16874.72
16873.23
16870.25
16868.75
16867.26
16864.28
16861.29
16859.80
16858.31
16853.83
16852.34
16850.84
16849.35
16846.37
16843.38
16841.89
16840.40
16837.41
16835.92
16834.43
16831.44
16828.46
16826.96
16825.47
16822.49
16820.99
16819.50
16818.01
16815.02
16812.04
16810.55
16809.05
16806.07
16804.58
16803.08
16800.10
16797.11
16795.62
16794.13
16792.63
16788.16
16786.66
16785.17
16782.19
16780.69
16777.71
16776.22
16773.23
16771.74
16770.25
16768.75
16765.77
16764.28
16761.29
16759.80
16756.81
16755.32
16753.83
16750.84
16749.35
16747.86
16744.87
16741.89
16740.40
16738.90
16737.41
16734.43
16732.93
16731.44
16728.46
16723.98
16722.49
16720.99
16718.01
16716.51
16715.02
16713.53
16710.54
16709.05
16706.07
16704.57
16701.59
16700.10
16698.60
16695.62
16694.13
16692.63
16689.65
16688.16
16685.17
16683.68
16682.19
16679.20
16677.71
16676.22
16673.23
16671.74
16670.25
16667.26
16664.28
16661.29
16659.80
16658.31
16655.32
16653.83
16652.34
16649.35
16646.37
16644.87
16643.38
16640.39
16638.90
16637.41
16634.42
16632.93
16631.44
16629.95
16626.96
16623.98
16622.48
16620.99
16618.01
16616.51
16615.02
16612.04
16610.54
16609.05
16606.07
16604.57
16601.59
16598.60
16597.11
16594.13
16592.63
16591.14
16588.16
16586.66
16585.17
16582.19
16579.20
16577.71
16576.22
16574.72
16571.74
16570.25
16568.75
16565.77
16564.28
16561.29
16559.80
16556.81
16555.32
16553.83
16552.33
16549.35
16547.86
16546.36
16543.38
16541.89
16538.90
16537.41
16532.93
16531.44
16529.95
16526.96
16525.47
16523.98
16522.48
16519.50
16518.01
16515.02
16513.53
16510.54
16509.05
16507.56
16504.57
16503.08
16501.59
16500.10
16497.11
16495.62
16494.13
16491.14
16488.16
16486.66
16485.17
16482.19
16480.69
16479.20
16476.21
16474.72
16473.23
16470.24
16467.26
16464.27
16462.78
16461.29
16458.30
16456.81
16455.32
16452.33
16450.84
16449.35
16446.36
16444.87
16443.38
16441.89
16438.90
16435.92
16434.42
16432.93
16429.95
16428.45
16426.96
16423.98
16422.48
16420.99
16419.50
16416.51
16415.02
16412.04
16410.54
16406.07
16404.57
16403.08
16400.10
16398.60
16397.11
16394.12
16392.63
16391.14
16389.65
16386.66
16385.17
16382.18
16380.69
16377.71
16376.21
16374.72
16371.74
16370.24
16368.75
16365.77
16364.27
16362.78
16361.29
16358.30
16356.81
16355.32
16352.33
16349.35
16347.86
16346.36
16341.89
16340.39
16338.90
16337.41
16334.42
16332.93
16331.44
16328.45
16326.96
16325.47
16322.48
16320.99
16318.01
16316.51
16313.53
16312.03
16310.54
16309.05
16306.06
16304.57
16303.08
16300.09
16298.60
16297.11
16294.12
16292.63
16291.14
16288.15
16285.17
16283.68
16282.18
16279.20
16276.21
16274.72
16273.23
16270.24
16268.75
16267.26
16264.27
16262.78
16261.29
16258.30
16256.81
16255.32
16253.83
16250.84
16247.86
16246.36
16244.87
16241.89
16240.39
16238.90
16235.92
16234.42
16232.93
16229.94
16228.45
16226.96
16225.47
16222.48
16220.99
16219.50
16215.02
16213.53
16212.03
16209.05
16206.06
16204.57
16203.08
16201.59
16198.60
16197.11
16195.62
16192.63
16191.14
16189.65
16186.66
16185.17
16183.68
16180.69
16179.20
16177.71
16176.21
16173.23
16171.74
16170.24
16167.26
16165.77
16162.78
16161.29
16158.30
16156.81
16155.32
16150.84
16149.35
16147.85
16146.36
16143.38
16141.88
16140.39
16137.41
16135.91
16134.42
16131.44
16129.94
16128.45
16125.47
16123.97
16122.48
16120.99
16118.00
16116.51
16115.02
16112.03
16109.05
16107.56
16106.06
16103.08
16101.59
16100.09
16097.11
16095.62
16094.12
16092.63
16088.15
16086.66
16085.17
16082.18
16080.69
16079.20
16076.21
16074.72
16073.23
16070.24
16068.75
16067.26
16065.76
16062.78
16061.29
16059.79
16056.81
16055.32
16053.82
16050.84
16049.35
16047.85
16044.87
16041.88
16040.39
16038.90
16037.41
16034.42
16032.93
16031.44
16028.45
16025.47
16023.97
16020.99
16019.50
16018.00
16015.02
16013.53
16012.03
16010.54
16007.56
16006.06
16004.57
16001.59
16000.09
15998.60
15995.62
15994.12
15992.63
15989.64
15988.15
15986.66
15985.17
15982.18
15980.69
15979.20
15976.21
15974.72
15973.23
15970.24
15968.75
15967.26
15964.27
15961.29
15959.79
15958.30
15955.32
15953.82
15952.33
15949.35
15946.36
15944.87
15943.38
15940.39
15938.90
15937.41
15934.42
15932.93
15931.44
15929.94
15926.96
15925.47
15923.97
15920.99
15919.50
15918.00
15915.02
15913.53
15912.03
15909.05
15907.55
15906.06
15904.57
15901.58
15900.09
15897.11
15894.12
15892.63
15891.14
15888.15
15886.66
15885.17
15882.18
15880.69
15879.20
15877.70
15874.72
15873.23
15871.73
15868.75
15867.26
15865.76
15862.78
15861.29
15859.79
15856.81
15855.32
15853.82
15852.33
15849.35
15847.85
15846.36
15843.38
15841.88
15840.39
15837.41
15835.91
15832.93
15829.94
15828.45
15826.96
15825.46
15822.48
15820.99
15819.49
15816.51
15815.02
15813.52
15810.54
15809.05
15807.55
15804.57
15803.08
15801.58
15798.60
15797.11
15795.61
15794.12
15791.14
15789.64
15788.15
15785.17
15783.67
15782.18
15779.20
15777.70
15776.21
15773.23
15770.24
15768.75
15767.26
15764.27
15762.78
15761.29
15758.30
15756.81
15755.32
15752.33
15750.84
15749.35
15746.36
15744.87
15743.37
15741.88
15738.90
15737.40
15735.91
15732.93
15731.43
15729.94
15726.96
15725.46
15723.97
15720.99
15719.49
15718.00
15716.51
15713.52
15712.03
15710.54
15709.05
15706.06
15703.08
15701.58
15700.09
15697.11
15695.61
15694.12
15691.14
15689.64
15688.15
15686.66
15683.67
15682.18
15680.69
15677.70
15676.21
15674.72
15671.73
15670.24
15668.75
15665.76
15664.27
15662.78
15661.28
15658.30
15656.81
15655.31
15652.33
15650.84
15649.34
15646.36
15644.87
15641.88
15638.90
15637.40
15635.91
15634.42
15631.43
15629.94
15628.45
15625.46
15623.97
15622.48
15619.49
15618.00
15616.51
15615.02
15613.52
15610.54
15609.05
15607.55
15606.06
15603.08
15601.58
15600.09
15597.11
15595.61
15594.12
15591.14
15589.64
15588.15
15585.16
15583.67
15582.18
15579.19
15576.21
15574.72
15573.22
15570.24
15568.75
15567.25
15564.27
15562.78
15561.28
15558.30
15556.81
15555.31
15553.82
15550.84
15550.84
15547.85
15546.36
15544.87
15541.88
15540.39
15538.90
15535.91
15534.42
15532.93
15529.94
15528.45
15526.96
15525.46
15522.48
15520.99
15519.49
15515.02
15513.52
15512.03
15509.05
15507.55
15506.06
15503.07
15501.58
15500.09
15498.60
15497.10
15495.61
15492.63
15491.13
15489.64
15486.66
15485.16
15483.67
15480.69
15479.19
15477.70
15474.72
15473.22
15471.73
15470.24
15467.25
15465.76
15464.27
15461.28
15459.79
15458.30
15456.81
15455.31
15450.84
15449.34
15447.85
15446.36
15443.37
15441.88
15440.39
15437.40
15435.91
15434.42
15431.43
15429.94
15428.45
15425.46
15423.97
15422.48
15420.98
15418.00
15418.00
15415.01
15413.52
15412.03
15409.04
15407.55
15406.06
15403.07
15401.58
15400.09
15397.10
15395.61
15394.12
15392.63
15388.15
15386.66
15385.16
15382.18
15380.69
15379.19
15377.70
15376.21
15373.22
15371.73
15370.24
15367.25
15365.76
15364.27
15362.78
15359.79
15358.30
15356.81
15353.82
15352.33
15350.84
15347.85
15347.85
15344.87
15343.37
15341.88
15340.39
15337.40
15335.91
15334.42
15331.43
15329.94
15328.45
15323.97
15322.48
15320.98
15318.00
15316.51
15315.01
15313.52
15312.03
15310.54
15307.55
15306.06
15304.57
15301.58
15300.09
15298.60
15295.61
15294.12
15292.63
15289.64
15288.15
15286.66
15285.16
15283.67
15282.18
15279.19
15277.70
15276.21
15273.22
15271.73
15270.24
15267.25
15265.76
15264.27
15259.79
15259.79
15258.30
15255.31
15253.82
15252.33
15249.34
15247.85
15246.36
15243.37
15241.88
15240.39
15237.40
15235.91
15234.42
15232.92
15231.43
15229.94
15226.95
15225.46
15223.97
15220.98
15219.49
15218.00
15215.01
15213.52
15212.03
15209.04
15209.04
15206.06
15204.57
15203.07
15201.58
15198.60
15195.61
15194.12
15191.13
15189.64
15188.15
15185.16
15185.16
15182.18
15180.69
15179.19
15177.70
15174.71
15173.22
15171.73
15168.74
15167.25
15165.76
15162.77
15162.77
15159.79
15158.30
15156.80
15153.82
15152.33
15150.83
15149.34
15146.36
15144.86
15143.37
15140.39
15140.39
15137.40
15135.91
15132.92
15129.94
15128.45
15126.95
15123.97
15122.48
15120.98
15119.49
15118.00
15116.51
15113.52
15112.03
15110.54
15107.55
15106.06
15104.57
15101.58
15100.09
15098.60
15097.10
15095.61
15094.12
15091.13
15089.64
15088.15
15085.16
15083.67
15082.18
15079.19
15077.70
15076.21
15074.71
15073.22
15071.73
15067.25
15065.76
15064.27
15061.28
15059.79
15058.30
15056.80
15055.31
15052.33
15050.83
15049.34
15046.36
15044.86
15043.37
15041.88
15038.89
15038.89
15035.91
15034.42
15032.92
15029.94
15028.45
15026.95
15023.97
15022.48
15020.98
15019.49
15018.00
15016.50
15013.52
15012.03
15010.53
15007.55
15004.56
15003.07
15000.09
15000.09
14997.10
14995.61
14994.12
14991.13
14989.64
14988.15
14986.65
14983.67
14983.67
14980.68
14979.19
14977.70
14974.71
14973.22
14971.73
14968.74
14967.25
14965.76
14964.27
14962.77
14961.28
14958.30
14956.80
14955.31
14952.33
14950.83
14949.34
14947.85
14946.36
14941.88
14940.39
14938.89
14935.91
14934.41
14932.92
14931.43
14929.94
14928.44
14925.46
14923.97
14922.47
14919.49
14918.00
14916.50
14915.01
14913.52
14910.53
14909.04
14907.55
14906.06
14903.07
14901.58
14900.09
14898.59
14897.10
14894.12
14892.62
14891.13
14888.15
14886.65
14885.16
14883.67
14882.18
14880.68
14876.21
14874.71
14873.22
14870.24
14868.74
14867.25
14865.76
14864.27
14861.28
14859.79
14858.30
14855.31
14853.82
14852.32
14850.83
14849.34
14847.85
14844.86
14843.37
14841.88
14838.89
14837.40
14835.91
14834.41
14832.92
14829.94
14828.44
14826.95
14825.46
14822.47
14822.47
14819.49
14818.00
14816.50
14812.03
14810.53
14809.04
14806.06
14806.06
14803.07
14801.58
14800.09
14798.59
14795.61
14794.12
14792.62
14791.13
14789.64
14786.65
14785.16
14783.67
14780.68
14779.19
14777.70
14776.21
14774.71
14773.22
14770.23
14768.74
14767.25
14765.76
14764.26
14761.28
14759.79
14758.29
14755.31
14753.82
14750.83
14749.34
14747.85
14746.35
14743.37
14741.88
14740.38
14737.40
14737.40
14734.41
14732.92
14731.43
14728.44
14726.95
14725.46
14723.97
14722.47
14719.49
14718.00
14716.50
14715.01
14712.03
14712.03
14709.04
14707.55
14706.06
14703.07
14701.58
14700.09
14698.59
14697.10
14694.12
14692.62
14691.13
14689.64
14685.16
14685.16
14682.17
14680.68
14679.19
14676.20
14674.71
14673.22
14671.73
14670.23
14667.25
14665.76
14664.26
14662.77
14659.79
14659.79
14656.80
14655.31
14653.82
14650.83
14649.34
14647.85
14646.35
14644.86
14641.88
14640.38
14638.89
14637.40
14635.91
14634.41
14631.43
14629.94
14628.44
14625.46
14622.47
14620.98
14619.49
14618.00
14615.01
14613.52
14612.03
14610.53
14609.04
14607.55
14604.56
14603.07
14601.58
14598.59
14598.59
14595.61
14594.11
14592.62
14589.64
14588.14
14586.65
14585.16
14583.67
14582.17
14579.19
14577.70
14576.20
14574.71
14573.22
14570.23
14568.74
14567.25
14564.26
14564.26
14559.79
14558.29
14556.80
14555.31
14552.32
14552.32
14549.34
14547.85
14546.35
14543.37
14541.88
14540.38
14538.89
14537.40
14534.41
14532.92
14531.43
14529.93
14528.44
14526.95
14523.96
14522.47
14520.98
14517.99
14517.99
14515.01
14513.52
14512.02
14509.04
14507.55
14506.05
14504.56
14503.07
14501.58
14498.59
14495.61
14494.11
14492.62
14491.13
14488.14
14486.65
14485.16
14483.67
14482.17
14479.19
14477.70
14476.20
14474.71
14473.22
14471.73
14468.74
14467.25
14465.76
14464.26
14462.77
14459.79
14458.29
14456.80
14453.82
14453.82
14450.83
14449.34
14447.84
14446.35
14443.37
14443.37
14440.38
14438.89
14437.40
14434.41
14434.41
14429.93
14428.44
14426.95
14423.96
14422.47
14422.47
14419.49
14417.99
14416.50
14413.52
14412.02
14410.53
14409.04
14407.55
14404.56
14403.07
14401.58
14400.08
14398.59
14397.10
14394.11
14392.62
14391.13
14389.64
14388.14
14385.16
14383.67
14382.17
14380.68
14379.19
14376.20
14374.71
14373.22
14371.73
14370.23
14367.25
14364.26
14362.77
14361.28
14359.78
14358.29
14355.31
14353.81
14352.32
14350.83
14349.34
14346.35
14344.86
14343.37
14341.87
14340.38
14338.89
14335.90
14334.41
14332.92
14331.43
14329.93
14326.95
14325.46
14323.96
14322.47
14320.98
14317.99
14316.50
14315.01
14313.52
14312.02
14310.53
14307.55
14304.56
14303.07
14301.58
14300.08
14297.10
14295.61
14294.11
14292.62
14291.13
14288.14
14286.65
14286.65
14283.66
14282.17
14280.68
14277.69
14277.69
14274.71
14273.22
14271.72
14268.74
14268.74
14265.75
14264.26
14262.77
14261.28
14259.78
14258.29
14255.31
14253.81
14252.32
14250.83
14249.34
14246.35
14244.86
14243.37
14240.38
14238.89
14235.90
14234.41
14232.92
14231.43
14229.93
14228.44
14225.46
14223.96
14222.47
14220.98
14219.49
14216.50
14215.01
14213.52
14212.02
14210.53
14207.55
14206.05
14206.05
14203.07
14201.57
14200.08
14197.10
14197.10
14194.11
14192.62
14191.13
14188.14
14188.14
14185.16
14183.66
14182.17
14180.68
14179.19
14176.20
14173.22
14171.72
14170.23
14168.74
14167.25
14164.26
14162.77
14161.28
14159.78
14158.29
14155.31
14153.81
14153.81
14150.83
14149.34
14147.84
14144.86
14144.86
14141.87
14140.38
14138.89
14137.40
14135.90
14132.92
14131.43
14129.93
14128.44
14126.95
14125.46
14122.47
14120.98
14119.48
14117.99
14116.50
14112.02
14112.02
14109.04
14107.54
14106.05
14103.07
14103.07
14100.08
14098.59
14097.10
14095.60
14094.11
14092.62
14089.63
14088.14
14086.65
14085.16
14083.66
14080.68
14080.68
14077.69
14076.20
14074.71
14073.22
14071.72
14070.23
14067.25
14065.75
14064.26
14062.77
14061.28
14058.29
14056.80
14055.31
14053.81
14052.32
14047.84
14047.84
14044.86
14043.37
14041.87
14040.38
14038.89
14037.39
14034.41
14032.92
14031.42
14029.93
14028.44
14025.45
14023.96
14022.47
14020.98
14019.48
14017.99
14016.50
14015.01
14012.02
14010.53
14009.04
14007.54
14006.05
14003.07
14001.57
14000.08
13998.59
13997.10
13994.11
13994.11
13992.62
13989.63
13988.14
13985.16
13983.66
13982.17
13979.19
13977.69
13976.20
13974.71
13973.22
13970.23
13970.23
13967.25
13965.75
13964.26
13962.77
13961.27
13959.78
13956.80
13956.80
13953.81
13952.32
13950.83
13947.84
13947.84
13944.86
13943.36
13941.87
13940.38
13938.89
13937.39
13934.41
13934.41
13931.42
13929.93
13928.44
13926.95
13925.45
13920.98
13919.48
13917.99
13916.50
13915.01
13912.02
13912.02
13910.53
13907.54
13906.05
13904.56
13903.07
13901.57
13898.59
13897.10
13895.60
13894.11
13892.62
13889.63
13889.63
13886.65
13885.16
13883.66
13882.17
13880.68
13879.18
13876.20
13876.20
13873.21
13871.72
13870.23
13868.74
13867.24
13864.26
13862.77
13861.27
13858.29
13856.80
13855.30
13853.81
13852.32
13849.33
13847.84
13846.35
13844.86
13843.36
13840.38
13840.38
13837.39
13835.90
13834.41
13832.92
13831.42
13829.93
13826.95
13826.95
13823.96
13822.47
13820.98
13819.48
13817.99
13815.01
13813.51
13812.02
13810.53
13809.04
13806.05
13806.05
13803.07
13801.57
13800.08
13798.59
13797.09
13794.11
13791.12
13791.12
13788.14
13786.65
13785.15
13783.66
13782.17
13779.18
13779.18
13776.20
13774.71
13773.21
13771.72
13770.23
13768.74
13765.75
13765.75
13762.77
13761.27
13759.78
13758.29
13756.80
13753.81
13752.32
13750.83
13749.33
13747.84
13746.35
13744.86
13743.36
13740.38
13740.38
13737.39
13735.90
13734.41
13731.42
13729.93
13726.95
13725.45
13723.96
13722.47
13720.98
13719.48
13717.99
13716.50
13713.51
13713.51
13710.53
13709.03
13707.54
13706.05
13704.56
13701.57
13700.08
13698.59
13697.09
13695.60
13694.11
13692.62
13691.12
13688.14
13688.14
13685.15
13683.66
13682.17
13680.68
13679.18
13676.20
13676.20
13673.21
13671.72
13670.23
13667.24
13665.75
13664.26
13661.27
13661.27
13658.29
13656.80
13655.30
13653.81
13652.32
13649.33
13649.33
13646.35
13644.86
13643.36
13641.87
13640.38
13638.89
13637.39
13635.90
13632.91
13631.42
13629.93
13628.44
13626.94
13623.96
13623.96
13620.97
13619.48
13617.99
13616.50
13615.00
13613.51
13612.02
13610.53
13607.54
13607.54
13603.06
13601.57
13600.08
13598.59
13597.09
13594.11
13594.11
13591.12
13589.63
13588.14
13586.65
13585.15
13583.66
13582.17
13580.68
13577.69
13576.20
13574.71
13573.21
13571.72
13570.23
13568.74
13565.75
13564.26
13562.77
13561.27
13559.78
13558.29
13556.80
13555.30
13552.32
13552.32
13549.33
13547.84
13546.35
13544.85
13543.36
13538.88
13538.88
13535.90
13534.41
13532.91
13531.42
13529.93
13528.44
13526.94
13525.45
13522.47
13522.47
13519.48
13517.99
13516.50
13515.00
13513.51
13510.53
13510.53
13507.54
13506.05
13506.05
13503.06
13501.57
13500.08
13498.59
13497.09
13494.11
13494.11
13491.12
13489.63
13488.14
13486.65
13485.15
13482.17
13482.17
13480.68
13476.20
13476.20
13473.21
13471.72
13470.23
13468.73
13467.24
13464.26
13464.26
13461.27
13459.78
13458.29
13456.79
13455.30
13452.32
13452.32
13450.82
13447.84
13447.84
13444.85
13443.36
13441.87
13440.38
13438.88
13435.90
13435.90
13432.91
13431.42
13429.93
13428.44
13426.94
13425.45
13423.96
13422.47
13419.48
13419.48
13416.50
13415.00
13412.02
13410.53
13409.03
13407.54
13406.05
13403.06
13403.06
13400.08
13398.59
13397.09
13395.60
13394.11
13392.61
13391.12
13389.63
13386.64
13386.64
13383.66
13382.17
13380.67
13379.18
13377.69
13374.70
13374.70
13371.72
13370.23
13370.23
13367.24
13365.75
13364.26
13362.76
13361.27
13359.78
13358.29
13355.30
13355.30
13352.32
13350.82
13347.84
13346.35
13344.85
13343.36
13341.87
13340.38
13337.39
13337.39
13334.41
13332.91
13331.42
13329.93
13328.44
13326.94
13325.45
13322.47
13320.97
13319.48
13317.99
13316.50
13315.00
13313.51
13312.02
13310.52
13309.03
13306.05
13306.05
13303.06
13301.57
13300.08
13298.58
13297.09
13295.60
13294.11
13291.12
13291.12
13289.63
13285.15
13285.15
13282.17
13280.67
13279.18
13277.69
13276.20
13273.21
13273.21
13270.23
13268.73
13267.24
13265.75
13264.26
13262.76
13261.27
13259.78
13258.29
13256.79
13253.81
13253.81
13250.82
13249.33
13247.84
13246.35
13244.85
13243.36
13241.87
13238.88
13238.88
13237.39
13234.41
13234.41
13231.42
13229.93
13228.43
13226.94
13225.45
13223.96
13220.97
13217.99
13217.99
13215.00
13213.51
13212.02
13210.52
13209.03
13207.54
13206.05
13204.55
13203.06
13201.57
13198.58
13198.58
13195.60
13194.11
13192.61
13191.12
13189.63
13188.14
13186.64
13183.66
13183.66
13182.17
13179.18
13179.18
13176.20
13174.70
13173.21
13171.72
13170.23
13168.73
13167.24
13164.26
13164.26
13161.27
13159.78
13156.79
13155.30
13153.81
13152.32
13150.82
13149.33
13147.84
13146.34
13143.36
13143.36
13140.37
13138.88
13137.39
13135.90
13134.40
13132.91
13131.42
13128.43
13128.43
13126.94
13123.96
13123.96
13120.97
13119.48
13117.99
13116.49
13115.00
13113.51
13112.02
13109.03
13109.03
13106.05
13104.55
13103.06
13101.57
13100.08
13098.58
13097.09
13094.11
13092.61
13091.12
13089.63
13088.14
13085.15
13085.15
13082.17
13080.67
13079.18
13077.69
13076.20
13074.70
13073.21
13071.72
13070.23
13068.73
13065.75
13065.75
13062.76
13061.27
13059.78
13058.28
13056.79
13055.30
13053.81
13052.31
13050.82
13049.33
13047.84
13046.34
13043.36
13043.36
13040.37
13038.88
13037.39
13035.90
13034.40
13032.91
13029.93
13028.43
13026.94
13023.96
13023.96
13020.97
13019.48
13019.48
13016.49
13015.00
13013.51
13012.02
13010.52
13009.03
13007.54
13004.55
13004.55
13001.57
13001.57
12998.58
12997.09
12995.60
12994.11
12992.61
12991.12
12989.63
12988.14
12986.64
12985.15
12983.66
12982.16
12979.18
12979.18
12976.19
12974.70
12973.21
12971.72
12970.22
12968.73
12965.75
12964.25
12962.76
12961.27
12959.78
12958.28
12955.30
12955.30
12952.31
12950.82
12949.33
12947.84
12946.34
12944.85
12943.36
12941.87
12940.37
12938.88
12937.39
12935.90
12932.91
12932.91
12929.93
12928.43
12926.94
12925.45
12923.96
12922.46
12920.97
12919.48
12917.99
12915.00
12915.00
12913.51
12912.02
12910.52
12907.54
12907.54
12904.55
12901.57
12900.07
12898.58
12897.09
12895.60
12894.10
12892.61
12891.12
12888.13
12888.13
12886.64
12883.66
12883.66
12880.67
12880.67
12877.69
12876.19
12874.70
12873.21
12871.72
12870.22
12868.73
12867.24
12865.75
12862.76
12862.76
12859.78
12858.28
12858.28
12855.30
12855.30
12852.31
12850.82
12849.33
12847.84
12846.34
12844.85
12843.36
12841.87
12838.88
12835.90
12835.90
12832.91
12831.42
12831.42
12828.43
12828.43
12825.45
12823.95
12822.46
12820.97
12819.48
12817.98
12816.49
12815.00
12813.51
12810.52
12810.52
12807.54
12807.54
12806.04
12803.06
12803.06
12800.07
12798.58
12797.09
12795.60
12794.10
12792.61
12791.12
12789.63
12788.13
12786.64
12785.15
12782.16
12782.16
12779.18
12777.69
12777.69
12773.21
12773.21
12770.22
12768.73
12767.24
12765.75
12764.25
12762.76
12761.27
12759.78
12758.28
12755.30
12755.30
12752.31
12752.31
12750.82
12747.84
12747.84
12744.85
12744.85
12741.86
12740.37
12738.88
12737.39
12735.89
12734.40
12732.91
12731.42
12729.92
12728.43
12726.94
12725.45
12723.95
12722.46
12719.48
12719.48
12716.49
12716.49
12713.51
12710.52
12709.03
12707.54
12706.04
12704.55
12703.06
12701.57
12700.07
12698.58
12697.09
12695.60
12694.10
12692.61
12691.12
12689.63
12686.64
12686.64
12683.66
12683.66
12680.67
12679.18
12677.69
12676.19
12674.70
12673.21
12671.72
12670.22
12668.73
12667.24
12665.75
12664.25
12662.76
12661.27
12659.77
12658.28
12655.30
12655.30
12652.31
12652.31
12647.83
12646.34
12644.85
12643.36
12643.36
12640.37
12638.88
12637.39
12635.89
12634.40
12632.91
12631.42
12629.92
12628.43
12626.94
12625.45
12622.46
12622.46
12619.48
12619.48
12616.49
12615.00
12615.00
12612.01
12612.01
12609.03
12607.54
12606.04
12604.55
12603.06
12601.57
12600.07
12598.58
12597.09
12595.60
12594.10
12592.61
12591.12
12589.63
12588.13
12586.64
12583.66
12582.16
12579.18
12579.18
12576.19
12576.19
12573.21
12571.71
12570.22
12568.73
12567.24
12565.74
12564.25
12562.76
12561.27
12559.77
12558.28
12556.79
12555.30
12553.80
12552.31
12550.82
12549.33
12547.83
12544.85
12544.85
12541.86
12541.86
12538.88
12538.88
12535.89
12534.40
12534.40
12531.42
12531.42
12528.43
12526.94
12525.45
12523.95
12522.46
12519.48
12517.98
12516.49
12515.00
12513.51
12512.01
12510.52
12509.03
12507.54
12506.04
12504.55
12503.06
12501.57
12500.07
12498.58
12495.59
12495.59
12492.61
12492.61
12489.62
12489.62
12486.64
12485.15
12483.65
12482.16
12482.16
12479.18
12479.18
12476.19
12474.70
12473.21
12471.71
12470.22
12468.73
12467.24
12465.74
12464.25
12462.76
12461.27
12459.77
12456.79
12453.80
12453.80
12452.31
12450.82
12449.33
12447.83
12446.34
12443.36
12443.36
12440.37
12440.37
12437.39
12437.39
12434.40
12432.91
12431.42
12429.92
12428.43
12426.94
12426.94
12423.95
12422.46
12420.97
12419.47
12417.98
12416.49
12415.00
12413.50
12412.01
12410.52
12409.03
12407.53
12406.04
12404.55
12403.06
12401.56
12400.07
12398.58
12397.09
12395.59
12392.61
12391.12
12389.62
12388.13
12385.15
12385.15
12382.16
12382.16
12379.18
12379.18
12376.19
12374.70
12374.70
12371.71
12371.71
12368.73
12368.73
12365.74
12365.74
12362.76
12361.27
12359.77
12358.28
12356.79
12355.30
12353.80
12352.31
12350.82
12349.33
12347.83
12346.34
12344.85
12343.36
12341.86
12340.37
12338.88
12337.38
12335.89
12334.40
12332.91
12331.41
12328.43
12326.94
12325.44
12323.95
12320.97
12320.97
12319.47
12317.98
12316.49
12315.00
12313.50
12312.01
12310.52
12307.53
12307.53
12304.55
12304.55
12301.56
12301.56
12298.58
12298.58
12295.59
12294.10
12294.10
12291.12
12291.12
12288.13
12288.13
12285.15
12285.15
12282.16
12280.67
12279.18
12277.68
12276.19
12274.70
12273.21
12271.71
12270.22
12268.73
12265.74
12264.25
12262.76
12261.27
12259.77
12258.28
12256.79
12255.29
12253.80
12252.31
12250.82
12249.32
12247.83
12246.34
12244.85
12243.35
12241.86
12240.37
12238.88
12237.38
12235.89
12234.40
12232.91
12231.41
12229.92
12228.43
12226.94
12225.44
12223.95
12222.46
12220.97
12219.47
12217.98
12215.00
12215.00
12213.50
12212.01
12210.52
12209.03
12207.53
12206.04
12204.55
12201.56
12200.07
12197.09
12197.09
12194.10
12194.10
12191.12
12191.12
12188.13
12188.13
12185.15
12185.15
12183.65
12182.16
12180.67
12177.68
12177.68
12174.70
12174.70
12171.71
12171.71
12168.73
12168.73
12165.74
12165.74
12162.76
12162.76
12159.77
12158.28
12158.28
12155.29
12155.29
12152.31
12152.31
12149.32
12149.32
12146.34
12146.34
12143.35
12143.35
12140.37
12140.37
12135.89
12134.40
12132.91
12131.41
12131.41
12128.43
12128.43
12125.44
12125.44
12122.46
12122.46
12119.47
12119.47
12116.49
12116.49
12113.50
12112.01
12110.52
12109.03
12107.53
12106.04
12104.55
12103.06
12103.06
12100.07
12100.07
12097.09
12097.09
12094.10
12094.10
12091.11
12091.11
12088.13
12086.64
12085.14
12083.65
12082.16
12080.67
12079.17
12077.68
12077.68
12073.20
12073.20
12070.22
12070.22
12067.23
12067.23
12064.25
12064.25
12061.26
12061.26
12058.28
12058.28
12055.29
12053.80
12052.31
12050.82
12050.82
12047.83
12047.83
12044.85
12044.85
12041.86
12041.86
12038.88
12038.88
12035.89
12035.89
12032.91
12032.91
12029.92
12029.92
12026.94
12026.94
12023.95
12023.95
12022.46
12019.47
12019.47
12016.49
12016.49
12013.50
12013.50
12009.02
12009.02
12006.04
12006.04
12003.05
12003.05
12000.07
12000.07
11997.08
11997.08
11995.59
11994.10
11992.61
11991.11
11989.62
11988.13
11986.64
11985.14
11983.65
11982.16
11980.67
11979.17
11977.68
11976.19
11974.70
11971.71
11971.71
11970.22
11968.73
11967.23
11965.74
11964.25
11962.76
11961.26
11959.77
11958.28
11956.79
11955.29
11953.80
11952.31
11950.82
11949.32
11946.34
11944.85
11943.35
11941.86
11940.37
11938.88
11937.38
11935.89
11934.40
11932.91
11931.41
11929.92
11928.43
11926.93
11925.44
11923.95
11922.46
11920.96
11919.47
11917.98
11916.49
11914.99
11914.99
11912.01
11912.01
11909.02
11909.02
11906.04
11906.04
11903.05
11903.05
11900.07
11900.07
11897.08
11897.08
11894.10
11894.10
11891.11
11891.11
11889.62
11888.13
11886.64
11885.14
11882.16
11880.67
11879.17
11877.68
11876.19
11874.70
11873.20
11871.71
11870.22
11868.73
11867.23
11865.74
11864.25
11862.76
11861.26
11859.77
11858.28
11856.79
11855.29
11853.80
11852.31
11850.81
11849.32
11847.83
11846.34
11844.84
11843.35
11841.86
11840.37
11838.87
11837.38
11835.89
11834.40
11834.40
11831.41
11831.41
11828.43
11828.43
11825.44
11825.44
11822.46
11822.46
11817.98
11817.98
11814.99
11814.99
11812.01
11812.01
11809.02
11809.02
11807.53
11806.04
11804.55
11803.05
11801.56
11800.07
11798.58
11797.08
11795.59
11794.10
11792.61
11791.11
11789.62
11788.13
11786.64
11785.14
11783.65
11782.16
11780.67
11779.17
11777.68
11776.19
11774.70
11773.20
11771.71
11770.22
11770.22
11767.23
11767.23
11764.25
11764.25
11761.26
11761.26
11758.28
11758.28
11753.80
11753.80
11752.31
11750.81
11749.32
11747.83
11746.34
11744.84
11743.35
11741.86
11740.37
11738.87
11737.38
11735.89
11734.40
11732.90
11731.41
11729.92
11728.43
11726.93
11725.44
11723.95
11723.95
11720.96
11720.96
11717.98
11717.98
11714.99
11714.99
11712.01
11712.01
11709.02
11709.02
11706.04
11706.04
11703.05
11703.05
11701.56
11700.07
11698.58
11697.08
11695.59
11694.10
11691.11
11689.62
11688.13
11686.63
11685.14
11683.65
11682.16
11680.66
11679.17
11677.68
11676.19
11674.69
11673.20
11671.71
11671.71
11668.72
11668.72
11665.74
11665.74
11662.75
11662.75
11659.77
11659.77
11658.28
11656.78
11655.29
11653.80
11652.31
11650.81
11649.32
11647.83
11646.34
11644.84
11643.35
11641.86
11640.37
11638.87
11637.38
11635.89
11634.40
11634.40
11631.41
11631.41
11626.93
11626.93
11623.95
11623.95
11620.96
11620.96
11619.47
11617.98
11616.49
11614.99
11613.50
11612.01
11610.52
11609.02
11607.53
11606.04
11604.54
11603.05
11601.56
11600.07
11598.57
11597.08
11595.59
11594.10
11592.60
11591.11
11591.11
11588.13
11588.13
11586.63
11585.14
11583.65
11582.16
11580.66
11579.17
11577.68
11576.19
11574.69
11573.20
11571.71
11570.22
11568.72
11567.23
11564.25
11564.25
11561.26
11561.26
11558.28
11558.28
11555.29
11555.29
11552.31
11552.31
11549.32
11549.32
11547.83
11546.34
11544.84
11543.35
11541.86
11540.37
11538.87
11537.38
11535.89
11534.40
11532.90
11532.90
11529.92
11529.92
11526.93
11526.93
11523.95
11523.95
11520.96
11520.96
11517.98
11517.98
11516.48
11514.99
11513.50
11512.01
11510.51
11509.02
11507.53
11506.04
11504.54
11503.05
11500.07
11500.07
11497.08
11497.08
11494.10
11494.10
11491.11
11491.11
11488.13
11488.13
11485.14
11485.14
11483.65
11482.16
11480.66
11479.17
11477.68
11476.19
11474.69
11473.20
11471.71
11470.22
11468.72
11468.72
11465.74
11465.74
11462.75
11462.75
11459.77
11459.77
11458.28
11456.78
11455.29
11453.80
11452.31
11450.81
11449.32
11447.83
11446.34
11444.84
11443.35
11443.35
11440.36
11440.36
11435.89
11435.89
11432.90
11432.90
11429.92
11429.92
11428.42
11426.93
11425.44
11423.95
11422.45
11420.96
11419.47
11417.98
11416.48
11416.48
11413.50
11413.50
11410.51
11410.51
11407.53
11407.53
11404.54
11404.54
11403.05
11401.56
11400.07
11398.57
11397.08
11395.59
11394.10
11394.10
11391.11
11391.11
11388.13
11388.13
11385.14
11385.14
11382.16
11382.16
11380.66
11379.17
11377.68
11376.19
11373.20
11371.71
11370.22
11368.72
11367.23
11367.23
11364.24
11364.24
11361.26
11361.26
11358.27
11358.27
11356.78
11355.29
11353.80
11352.30
11350.81
11349.32
11347.83
11347.83
11344.84
11344.84
11341.86
11341.86
11338.87
11338.87
11335.89
11335.89
11334.39
11332.90
11331.41
11329.92
11328.42
11326.93
11325.44
11323.95
11322.45
11322.45
11319.47
11319.47
11316.48
11316.48
11314.99
11313.50
11312.01
11309.02
11307.53
11306.04
11304.54
11303.05
11301.56
11300.07
11298.57
11297.08
11295.59
11295.59
11294.10
11292.60
11291.11
11289.62
11288.13
11286.63
11285.14
11283.65
11282.15
11280.66
11279.17
11277.68
11276.18
11274.69
11274.69
11271.71
11271.71
11268.72
11268.72
11267.23
11265.74
11264.24
11262.75
11261.26
11259.77
11258.27
11258.27
11255.29
11255.29
11252.30
11252.30
11249.32
11249.32
11247.83
11244.84
11243.35
11241.86
11240.36
11240.36
11237.38
11237.38
11234.39
11234.39
11231.41
11231.41
11229.92
11228.42
11226.93
11225.44
11223.95
11222.45
11220.96
11219.47
11217.98
11216.48
11214.99
11214.99
11213.50
11212.01
11210.51
11209.02
11207.53
11206.04
11204.54
11203.05
11201.56
11200.06
11198.57
11197.08
11197.08
11194.09
11194.09
11191.11
11191.11
11189.62
11188.12
11186.63
11185.14
11182.15
11180.66
11179.17
11179.17
11176.18
11176.18
11173.20
11173.20
11171.71
11170.21
11168.72
11167.23
11165.74
11164.24
11162.75
11161.26
11159.77
11159.77
11156.78
11156.78
11155.29
11153.80
11152.30
11150.81
11149.32
11147.83
11146.33
11144.84
11143.35
11141.86
11141.86
11138.87
11138.87
11135.89
11135.89
11134.39
11132.90
11131.41
11129.92
11128.42
11126.93
11125.44
11125.44
11122.45
11122.45
11117.97
11117.97
11116.48
11114.99
11113.50
11112.00
11110.51
11109.02
11107.53
11106.03
11104.54
11104.54
11103.05
11101.56
11100.06
11098.57
11097.08
11095.59
11094.09
11092.60
11091.11
11089.62
11089.62
11086.63
11086.63
11083.65
11083.65
11082.15
11080.66
11079.17
11077.68
11076.18
11076.18
11073.20
11073.20
11070.21
11070.21
11068.72
11067.23
11065.74
11064.24
11062.75
11061.26
11059.77
11058.27
11056.78
11053.80
11053.80
11052.30
11050.81
11049.32
11047.83
11046.33
11044.84
11043.35
11041.86
11040.36
11040.36
11037.38
11037.38
11034.39
11034.39
11032.90
11031.41
11029.91
11028.42
11026.93
11025.44
11023.94
11023.94
11022.45
11020.96
11019.47
11017.97
11016.48
11014.99
11013.50
11012.00
11010.51
11009.02
11009.02
11006.03
11006.03
11003.05
11003.05
11001.56
11000.06
10998.57
10997.08
10995.59
10995.59
10991.11
10991.11
10989.62
10988.12
10986.63
10985.14
10983.65
10982.15
10980.66
10979.17
10977.68
10976.18
10976.18
10973.20
10973.20
10971.71
10970.21
10968.72
10967.23
10965.74
10965.74
10962.75
10962.75
10959.77
10959.77
10958.27
10956.78
10955.29
10953.79
10952.30
10950.81
10949.32
10947.82
10947.82
10946.33
10944.84
10943.35
10941.85
10940.36
10938.87
10937.38
10937.38
10934.39
10934.39
10931.41
10931.41
10929.91
10926.93
10925.44
10923.94
10922.45
10920.96
10919.47
10917.97
10917.97
10916.48
10914.99
10913.50
10912.00
10910.51
10909.02
10907.53
10907.53
10904.54
10904.54
10901.56
10901.56
10900.06
10898.57
10897.08
10895.59
10894.09
10892.60
10891.11
10891.11
10889.62
10888.12
10886.63
10885.14
10883.65
10882.15
10880.66
10879.17
10879.17
10876.18
10876.18
10874.69
10873.20
10871.70
10870.21
10868.72
10867.23
10865.73
10865.73
10862.75
10861.26
10859.76
10858.27
10856.78
10855.29
10853.79
10852.30
10852.30
10849.32
10849.32
10846.33
10846.33
10844.84
10843.35
10841.85
10840.36
10838.87
10837.38
10835.88
10835.88
10834.39
10832.90
10831.41
10829.91
10828.42
10826.93
10826.93
10823.94
10823.94
10820.96
10820.96
10819.47
10817.97
10816.48
10814.99
10813.50
10812.00
10812.00
10810.51
10809.02
10807.53
10806.03
10804.54
10803.05
10800.06
10800.06
10797.08
10797.08
10794.09
10794.09
10792.60
10791.11
10789.61
10788.12
10786.63
10785.14
10785.14
10783.64
10782.15
10780.66
10779.17
10777.67
10776.18
10774.69
10774.69
10771.70
10771.70
10770.21
10768.72
10767.23
10765.73
10764.24
10762.75
10761.26
10759.76
10759.76
10756.78
10756.78
10755.29
10753.79
10752.30
10752.30
10749.32
10749.32
10747.82
10746.33
10744.84
10743.35
10741.85
10740.36
10738.87
10735.88
10735.88
10732.90
10732.90
10731.41
10729.91
10728.42
10728.42
10725.44
10725.44
10722.45
10722.45
10720.96
10719.47
10717.97
10716.48
10714.99
10713.49
10713.49
10710.51
10710.51
10709.02
10707.52
10706.03
10704.54
10703.05
10703.05
10700.06
10700.06
10698.57
10697.08
10695.58
10694.09
10692.60
10691.11
10691.11
10688.12
10688.12
10686.63
10685.14
10683.64
10682.15
10680.66
10679.17
10677.67
10676.18
10676.18
10674.69
10671.70
10670.21
10668.72
10667.23
10667.23
10664.24
10664.24
10662.75
10661.26
10659.76
10658.27
10656.78
10655.29
10655.29
10652.30
10652.30
10650.81
10649.32
10647.82
10646.33
10644.84
10644.84
10641.85
10641.85
10640.36
10638.87
10637.38
10635.88
10634.39
10632.90
10632.90
10629.91
10629.91
10628.42
10626.93
10625.43
10623.94
10622.45
10622.45
10620.96
10619.46
10617.97
10616.48
10614.99
10613.49
10613.49
10609.02
10609.02
10607.52
10606.03
10604.54
10603.05
10601.55
10600.06
10600.06
10597.08
10597.08
10594.09
10594.09
10592.60
10591.11
10589.61
10589.61
10586.63
10586.63
10585.14
10583.64
10582.15
10580.66
10579.17
10577.67
10577.67
10574.69
10574.69
10573.20
10571.70
10570.21
10568.72
10567.23
10567.23
10565.73
10564.24
10562.75
10561.26
10559.76
10558.27
10558.27
10555.29
10555.29
10553.79
10552.30
10550.81
10549.31
10547.82
10544.84
10544.84
10541.85
10541.85
10540.36
10538.87
10537.37
10537.37
10534.39
10534.39
10532.90
10531.40
10529.91
10528.42
10526.93
10525.43
10525.43
10522.45
10522.45
10520.96
10519.46
10517.97
10516.48
10514.99
10513.49
10513.49
10512.00
10510.51
10509.02
10509.02
10506.03
10506.03
10504.54
10503.05
10501.55
10500.06
10498.57
10497.08
10497.08
10494.09
10494.09
10492.60
10491.11
10489.61
10488.12
10486.63
10486.63
10485.14
10483.64
10480.66
10479.17
10477.67
10476.18
10476.18
10473.20
10473.20
10471.70
10470.21
10468.72
10467.22
10465.73
10464.24
10464.24
10461.25
10461.25
10459.76
10458.27
10456.78
10456.78
10455.28
10453.79
10452.30
10450.81
10449.31
10447.82
10447.82
10444.84
10444.84
10443.34
10441.85
10440.36
10438.87
10437.37
10435.88
10435.88
10432.90
10432.90
10431.40
10429.91
10428.42
10428.42
10426.93
10425.43
10423.94
10422.45
10420.96
10419.46
10419.46
10414.99
10414.99
10413.49
10412.00
10410.51
10409.02
10407.52
10406.03
10406.03
10404.54
10403.05
10401.55
10401.55
10398.57
10398.57
10397.08
10395.58
10394.09
10392.60
10391.11
10389.61
10389.61
10386.63
10386.63
10385.13
10383.64
10382.15
10380.66
10380.66
10379.16
10377.67
10376.18
10374.69
10373.19
10373.19
10370.21
10370.21
10368.72
10367.22
10365.73
10364.24
10362.75
10361.25
10361.25
10359.76
10358.27
10356.78
10353.79
10352.30
10350.81
10350.81
10349.31
10347.82
10346.33
10344.84
10343.34
10343.34
10341.85
10340.36
10338.87
10337.37
10335.88
10334.39
10334.39
10331.40
10331.40
10329.91
10328.42
10326.93
10325.43
10325.43
10323.94
10322.45
10320.96
10319.46
10317.97
10317.97
10314.99
10314.99
10313.49
10312.00
10310.51
10309.01
10309.01
10306.03
10306.03
10304.54
10303.04
10301.55
10300.06
10300.06
10298.57
10297.07
10295.58
10294.09
10292.60
10292.60
10288.12
10288.12
10286.63
10285.13
10283.64
10282.15
10282.15
10279.16
10279.16
10277.67
10276.18
10274.69
10273.19
10273.19
10271.70
10270.21
10268.72
10267.22
10265.73
10265.73
10262.75
10262.75
10261.25
10259.76
10258.27
10256.78
10256.78
10253.79
10253.79
10252.30
10250.81
10249.31
10247.82
10247.82
10244.84
10244.84
10243.34
10241.85
10240.36
10240.36
10238.87
10237.37
10235.88
10234.39
10232.90
10231.40
10231.40
10228.42
10228.42
10225.43
10223.94
10222.45
10220.95
10220.95
10217.97
10217.97
10216.48
10216.48
10213.49
10213.49
10212.00
10210.51
10209.01
10207.52
10207.52
10204.54
10204.54
10203.04
10201.55
10200.06
10198.57
10198.57
10195.58
10195.58
10194.09
10192.60
10191.10
10191.10
10188.12
10188.12
10186.63
10185.13
10183.64
10182.15
10182.15
10179.16
10179.16
10177.67
10176.18
10174.69
10173.19
10173.19
10170.21
10170.21
10168.72
10167.22
10165.73
10162.75
10162.75
10161.25
10159.76
10158.27
10158.27
10155.28
10155.28
10153.79
10152.30
10150.81
10149.31
10149.31
10146.33
10146.33
10144.83
10143.34
10141.85
10140.36
10140.36
10137.37
10137.37
10135.88
10135.88
10132.89
10132.89
10131.40
10129.91
10128.42
10126.92
10126.92
10123.94
10123.94
10122.45
10120.95
10119.46
10117.97
10117.97
10114.98
10114.98
10113.49
10112.00
10110.51
10110.51
10109.01
10107.52
10106.03
10104.54
10104.54
10101.55
10101.55
10098.57
10097.07
10095.58
10094.09
10094.09
10091.10
10091.10
10089.61
10088.12
10086.63
10085.13
10085.13
10082.15
10082.15
10080.66
10080.66
10077.67
10077.67
10076.18
10074.69
10073.19
10071.70
10071.70
10068.72
10068.72
10067.22
10065.73
10064.24
10062.74
10062.74
10061.25
10059.76
10058.27
10056.77
10055.28
10055.28
10053.79
10052.30
10050.80
10049.31
10049.31
10047.82
10046.33
10044.83
10043.34
10043.34
10040.36
10040.36
10038.86
10037.37
10034.39
10032.89
10032.89
10029.91
10029.91
10028.42
10028.42
10025.43
10025.43
10023.94
10022.45
10020.95
10019.46
10019.46
10016.48
10016.48
10014.98
10013.49
10012.00
10010.51
10010.51
10009.01
10007.52
10006.03
10004.54
10004.54
10001.55
10001.55
10000.06
9998.57
9997.07
9997.07
9995.58
9994.09
9992.60
9991.10
9989.61
9989.61
9988.12
9986.63
9985.13
9983.64
9982.15
9982.15
9980.65
9979.16
9977.67
9976.18
9976.18
9974.68
9971.70
9970.21
9968.71
9967.22
9967.22
9965.73
9964.24
9962.74
9961.25
9959.76
9959.76
9958.27
9956.77
9955.28
9953.79
9952.30
9952.30
9950.80
9949.31
9947.82
9946.33
9946.33
9944.83
9943.34
9941.85
9940.36
9938.86
9938.86
9937.37
9935.88
9934.39
9932.89
9931.40
9931.40
9929.91
9928.42
9926.92
9925.43
9925.43
9923.94
9922.45
9920.95
9919.46
9917.97
9917.97
9916.48
9914.98
9913.49
9912.00
9912.00
9910.51
9907.52
9906.03
9904.54
9904.54
9903.04
9901.55
9900.06
9898.56
9897.07
9897.07
9895.58
9894.09
9892.59
9891.10
9889.61
9889.61
9888.12
9886.62
9885.13
9883.64
9883.64
9882.15
9880.65
9879.16
9877.67
9877.67
9876.18
9874.68
9873.19
9871.70
9870.21
9870.21
9868.71
9867.22
9865.73
9864.24
9864.24
9862.74
9861.25
9859.76
9858.27
9856.77
9856.77
9855.28
9853.79
9852.30
9850.80
9850.80
9849.31
9847.82
9846.33
9843.34
9841.85
9841.85
9840.36
9838.86
9837.37
9835.88
9835.88
9834.39
9832.89
9831.40
9829.91
9829.91
9828.42
9826.92
9825.43
9823.94
9823.94
9822.45
9820.95
9819.46
9817.97
9816.47
9816.47
9814.98
9813.49
9812.00
9810.50
9810.50
9809.01
9807.52
9806.03
9804.53
9803.04
9803.04
9801.55
9800.06
9798.56
9797.07
9797.07
9795.58
9794.09
9792.59
9791.10
9791.10
9789.61
9788.12
9786.62
9785.13
9785.13
9783.64
9782.15
9779.16
9777.67
9776.18
9776.18
9774.68
9773.19
9771.70
9770.21
9770.21
9768.71
9767.22
9765.73
9764.24
9764.24
9762.74
9761.25
9759.76
9758.27
9758.27
9756.77
9755.28
9753.79
9752.30
9752.30
9750.80
9749.31
9747.82
9746.33
9746.33
9744.83
9743.34
9741.85
9740.35
9738.86
9738.86
9737.37
9735.88
9734.38
9732.89
9732.89
9731.40
9729.91
9728.41
9726.92
9726.92
9725.43
9723.94
9722.44
9720.95
9720.95
9719.46
9716.47
9714.98
9713.49
9713.49
9712.00
9710.50
9709.01
9707.52
9707.52
9706.03
9704.53
9703.04
9701.55
9701.55
9700.06
9698.56
9697.07
9695.58
9695.58
9694.09
9692.59
9691.10
9689.61
9689.61
9688.12
9686.62
9685.13
9683.64
9683.64
9682.15
9680.65
9679.16
9677.67
9677.67
9676.18
9674.68
9673.19
9671.70
9671.70
9670.21
9668.71
9667.22
9665.73
9665.73
9664.24
9662.74
9661.25
9659.76
9659.76
9658.26
9656.77
9655.28
9652.29
9652.29
9650.80
9649.31
9647.82
9646.32
9646.32
9644.83
9643.34
9641.85
9640.35
9640.35
9638.86
9637.37
9635.88
9634.38
9634.38
9632.89
9631.40
9629.91
9628.41
9628.41
9626.92
9625.43
9623.94
9622.44
9622.44
9620.95
9619.46
9617.97
9616.47
9616.47
9614.98
9613.49
9612.00
9612.00
9610.50
9609.01
9607.52
9606.03
9606.03
9604.53
9603.04
9601.55
9600.06
9600.06
9598.56
9597.07
9595.58
9594.09
9594.09
9592.59
9591.10
9588.12
9586.62
9586.62
9585.13
9583.64
9582.15
9580.65
9580.65
9579.16
9577.67
9576.17
9574.68
9574.68
9573.19
9571.70
9570.20
9570.20
9568.71
9567.22
9565.73
9564.23
9564.23
9562.74
9561.25
9559.76
9558.26
9558.26
9556.77
9555.28
9553.79
9553.79
9552.29
9550.80
9549.31
9547.82
9547.82
9546.32
9544.83
9543.34
9541.85
9541.85
9540.35
9538.86
9537.37
9535.88
9535.88
9534.38
9532.89
9531.40
9529.91
9529.91
9528.41
9525.43
9523.94
9523.94
9522.44
9520.95
9519.46
9517.97
9517.97
9516.47
9514.98
9513.49
9512.00
9512.00
9510.50
9509.01
9507.52
9507.52
9506.03
9504.53
9503.04
9501.55
9501.55
9500.06
9498.56
9497.07
9495.58
9495.58
9494.08
9492.59
9491.10
9491.10
9489.61
9488.11
9486.62
9485.13
9485.13
9483.64
9482.14
9480.65
9479.16
9479.16
9477.67
9476.17
9474.68
9474.68
9473.19
9471.70
9470.20
9468.71
9468.71
9467.22
9465.73
9464.23
9464.23
9461.25
9459.76
9458.26
9456.77
9456.77
9455.28
9453.79
9452.29
9450.80
9450.80
9449.31
9447.82
9446.32
9446.32
9444.83
9443.34
9441.85
9440.35
9440.35
9438.86
9437.37
9435.88
9435.88
9434.38
9432.89
9431.40
9429.91
9429.91
9428.41
9426.92
9425.43
9425.43
9423.94
9422.44
9420.95
9419.46
9419.46
9417.97
9416.47
9414.98
9414.98
9413.49
9411.99
9410.50
9409.01
9409.01
9407.52
9406.02
9404.53
9404.53
9403.04
9401.55
9400.05
9397.07
9397.07
9395.58
9394.08
9392.59
9392.59
9391.10
9389.61
9388.11
9386.62
9386.62
9385.13
9383.64
9382.14
9382.14
9380.65
9379.16
9377.67
9376.17
9376.17
9374.68
9373.19
9371.70
9371.70
9370.20
9368.71
9367.22
9365.73
9365.73
9364.23
9362.74
9361.25
9361.25
9359.76
9358.26
9356.77
9356.77
9355.28
9353.79
9352.29
9350.80
9350.80
9349.31
9347.82
9346.32
9346.32
9344.83
9343.34
9341.85
9340.35
9340.35
9338.86
9337.37
9334.38
9334.38
9332.89
9331.40
9329.90
9329.90
9328.41
9326.92
9325.43
9323.93
9323.93
9322.44
9320.95
9319.46
9319.46
9317.96
9316.47
9314.98
9314.98
9313.49
9311.99
9310.50
9309.01
9309.01
9307.52
9306.02
9304.53
9304.53
9303.04
9301.55
9300.05
9300.05
9298.56
9297.07
9295.58
9294.08
9294.08
9292.59
9291.10
9289.61
9289.61
9288.11
9286.62
9285.13
9285.13
9283.64
9282.14
9280.65
9279.16
9279.16
9277.67
9276.17
9274.68
9274.68
9273.19
9270.20
9268.71
9268.71
9267.22
9265.73
9264.23
9262.74
9262.74
9261.25
9259.76
9258.26
9258.26
9256.77
9255.28
9253.79
9253.79
9252.29
9250.80
9249.31
9249.31
9247.81
9246.32
9244.83
9243.34
9243.34
9241.84
9240.35
9238.86
9238.86
9237.37
9235.87
9234.38
9234.38
9232.89
9231.40
9229.90
9229.90
9228.41
9226.92
9225.43
9225.43
9223.93
9222.44
9220.95
9219.46
9219.46
9217.96
9216.47
9214.98
9214.98
9213.49
9211.99
9210.50
9210.50
9209.01
9206.02
9204.53
9204.53
9203.04
9201.55
9200.05
9198.56
9198.56
9197.07
9195.58
9194.08
9194.08
9192.59
9191.10
9189.61
9189.61
9188.11
9186.62
9185.13
9185.13
9183.64
9182.14
9180.65
9180.65
9179.16
9177.67
9176.17
9176.17
9174.68
9173.19
9171.69
9171.69
9170.20
9168.71
9167.22
9165.72
9165.72
9164.23
9162.74
9161.25
9161.25
9159.75
9158.26
9156.77
9156.77
9155.28
9153.78
9152.29
9152.29
9150.80
9149.31
9147.81
9147.81
9146.32
9143.34
9141.84
9141.84
9140.35
9138.86
9137.37
9137.37
9135.87
9134.38
9132.89
9132.89
9131.40
9129.90
9128.41
9128.41
9126.92
9125.43
9123.93
9122.44
9122.44
9120.95
9119.46
9117.96
9117.96
9116.47
9114.98
9113.49
9113.49
9111.99
9110.50
9109.01
9109.01
9107.52
9106.02
9104.53
9104.53
9103.04
9101.55
9100.05
9100.05
9098.56
9097.07
9095.58
9095.58
9094.08
9092.59
9091.10
9091.10
9089.60
9088.11
9086.62
9086.62
9085.13
9083.63
9082.14
9082.14
9079.16
9077.66
9076.17
9076.17
9074.68
9073.19
9071.69
9071.69
9070.20
9068.71
9067.22
9067.22
9065.72
9064.23
9062.74
9062.74
9061.25
9059.75
9058.26
9058.26
9056.77
9055.28
9053.78
9053.78
9052.29
9050.80
9049.31
9049.31
9047.81
9046.32
9044.83
9044.83
9043.34
9041.84
9040.35
9040.35
9038.86
9037.37
9037.37
9035.87
9034.38
9032.89
9031.40
9031.40
9029.90
9028.41
9026.92
9026.92
9025.43
9023.93
9023.93
9022.44
9020.95
9019.46
9019.46
9017.96
9014.98
9013.49
9013.49
9011.99
9010.50
9009.01
9009.01
9007.51
9006.02
9004.53
9004.53
9003.04
9001.54
9000.05
9000.05
8998.56
8997.07
8995.57
8995.57
8994.08
8992.59
8991.10
8991.10
8989.60
8988.11
8986.62
8986.62
8985.13
8983.63
8982.14
8982.14
8980.65
8979.16
8977.66
8977.66
8976.17
8974.68
8974.68
8973.19
8971.69
8970.20
8970.20
8968.71
8967.22
8965.72
8965.72
8964.23
8962.74
8961.25
8961.25
8959.75
8958.26
8956.77
8956.77
8955.28
8953.78
8950.80
8950.80
8949.31
8947.81
8946.32
8946.32
8944.83
8943.34
8943.34
8941.84
8940.35
8938.86
8938.86
8937.37
8935.87
8934.38
8934.38
8932.89
8931.40
8929.90
8929.90
8928.41
8926.92
8925.42
8925.42
8923.93
8922.44
8922.44
8920.95
8919.45
8917.96
8917.96
8916.47
8914.98
8913.48
8913.48
8911.99
8910.50
8909.01
8909.01
8907.51
8906.02
8904.53
8904.53
8903.04
8901.54
8901.54
8900.05
8898.56
8897.07
8897.07
8895.57
8894.08
8892.59
8892.59
8891.10
8888.11
8886.62
8886.62
8885.13
8883.63
8882.14
8882.14
8880.65
8879.16
8879.16
8877.66
8876.17
8874.68
8874.68
8873.19
8871.69
8870.20
8870.20
8868.71
8867.22
8865.72
8865.72
8864.23
8862.74
8862.74
8861.25
8859.75
8858.26
8858.26
8856.77
8855.28
8853.78
8853.78
8852.29
8850.80
8849.31
8849.31
8847.81
8846.32
8846.32
8844.83
8843.33
8841.84
8841.84
8840.35
8838.86
8837.36
8837.36
8835.87
8834.38
8834.38
8832.89
8831.39
8829.90
8829.90
8828.41
8826.92
8823.93
8823.93
8822.44
8820.95
8819.45
8819.45
8817.96
8816.47
8816.47
8814.98
8813.48
8811.99
8811.99
8810.50
8809.01
8807.51
8807.51
8806.02
8804.53
8804.53
8803.04
8801.54
8800.05
8800.05
8798.56
8797.07
8795.57
8795.57
8794.08
8792.59
8792.59
8791.10
8789.60
8788.11
8788.11
8786.62
8785.13
8783.63
8783.63
8782.14
8780.65
8780.65
8779.16
8777.66
8776.17
8776.17
8774.68
8773.19
8773.19
8771.69
8770.20
8768.71
8768.71
8767.22
8765.72
8764.23
8764.23
8762.74
8759.75
8759.75
8758.26
8756.77
8755.27
8755.27
8753.78
8752.29
8750.80
8750.80
8749.30
8747.81
8747.81
8746.32
8744.83
8743.33
8743.33
8741.84
8740.35
8740.35
8738.86
8737.36
8735.87
8735.87
8734.38
8732.89
8731.39
8731.39
8729.90
8728.41
8728.41
8726.92
8725.42
8723.93
8723.93
8722.44
8720.95
8719.45
8719.45
8717.96
8716.47
8716.47
8714.98
8713.48
8711.99
8711.99
8710.50
8709.01
8709.01
8707.51
8706.02
8704.53
8704.53
8703.04
8701.54
8701.54
8700.05
8697.07
8695.57
8695.57
8694.08
8692.59
8691.10
8691.10
8689.60
8688.11
8688.11
8686.62
8685.12
8685.12
8683.63
8682.14
8680.65
8680.65
8679.15
8677.66
8676.17
8676.17
8674.68
8673.18
8673.18
8671.69
8670.20
8668.71
8668.71
8667.21
8665.72
8665.72
8664.23
8662.74
8661.24
8661.24
8659.75
8658.26
8658.26
8656.77
8655.27
8653.78
8653.78
8652.29
8650.80
8650.80
8649.30
8647.81
8646.32
8646.32
8644.83
8643.33
8643.33
8641.84
8640.35
8638.86
8638.86
8637.36
8635.87
8635.87
8632.89
8631.39
8629.90
8629.90
8628.41
8626.92
8626.92
8625.42
8623.93
8622.44
8622.44
8620.95
8619.45
8619.45
8617.96
8616.47
8614.98
8614.98
8613.48
8611.99
8611.99
8610.50
8609.01
8607.51
8607.51
8606.02
8604.53
8604.53
8603.03
8601.54
8600.05
8600.05
8598.56
8597.06
8597.06
8595.57
8594.08
8594.08
8592.59
8591.09
8589.60
8589.60
8588.11
8586.62
8586.62
8585.12
8583.63
8582.14
8582.14
8580.65
8579.15
8579.15
8577.66
8576.17
8574.68
8574.68
8573.18
8571.69
8571.69
8568.71
8567.21
8567.21
8565.72
8564.23
8562.74
8562.74
8561.24
8559.75
8559.75
8558.26
8556.77
8555.27
8555.27
8553.78
8552.29
8552.29
8550.80
8549.30
8547.81
8547.81
8546.32
8544.83
8544.83
8543.33
8541.84
8540.35
8540.35
8538.86
8537.36
8537.36
8535.87
8534.38
8534.38
8532.89
8531.39
8529.90
8529.90
8528.41
8526.92
8526.92
8525.42
8523.93
8523.93
8522.44
8520.94
8519.45
8519.45
8517.96
8516.47
8516.47
8514.97
8513.48
8511.99
8511.99
8510.50
8509.00
8509.00
8506.02
8504.53
8504.53
8503.03
8501.54
8500.05
8500.05
8498.56
8497.06
8497.06
8495.57
8494.08
8494.08
8492.59
8491.09
8489.60
8489.60
8488.11
8486.62
8486.62
8485.12
8483.63
8482.14
8482.14
8480.65
8479.15
8479.15
8477.66
8476.17
8476.17
8474.68
8473.18
8471.69
8471.69
8470.20
8468.71
8468.71
8467.21
8465.72
8465.72
8464.23
8462.74
8461.24
8461.24
8459.75
8458.26
8458.26
8456.77
8455.27
8455.27
8453.78
8452.29
8450.80
8450.80
8449.30
8447.81
8447.81
8446.32
8444.83
8444.83
8441.84
8440.35
8440.35
8438.85
8437.36
8435.87
8435.87
8434.38
8432.88
8432.88
8431.39
8429.90
8429.90
8428.41
8426.91
8425.42
8425.42
8423.93
8422.44
8422.44
8420.94
8419.45
8419.45
8417.96
8416.47
8416.47
8414.97
8413.48
8411.99
8411.99
8410.50
8409.00
8409.00
8407.51
8406.02
8406.02
8404.53
8403.03
8401.54
8401.54
8400.05
8398.56
8398.56
8397.06
8395.57
8395.57
8394.08
8392.59
8392.59
8391.09
8389.60
8388.11
8388.11
8386.62
8385.12
8385.12
8383.63
8382.14
8382.14
8380.65
8377.66
8377.66
8376.17
8374.68
8373.18
8373.18
8371.69
8370.20
8370.20
8368.71
8367.21
8367.21
8365.72
8364.23
8362.74
8362.74
8361.24
8359.75
8359.75
8358.26
8356.76
8356.76
8355.27
8353.78
8353.78
8352.29
8350.79
8350.79
8349.30
8347.81
8346.32
8346.32
8344.82
8343.33
8343.33
8341.84
8340.35
8340.35
8338.85
8337.36
8337.36
8335.87
8334.38
8332.88
8332.88
8331.39
8329.90
8329.90
8328.41
8326.91
8326.91
8325.42
8323.93
8323.93
8322.44
8320.94
8320.94
8319.45
8317.96
8314.97
8314.97
8313.48
8311.99
8311.99
8310.50
8309.00
8309.00
8307.51
8306.02
8306.02
8304.53
8303.03
8303.03
8301.54
8300.05
8298.56
8298.56
8297.06
8295.57
8295.57
8294.08
8292.59
8292.59
8291.09
8289.60
8289.60
8288.11
8286.62
8286.62
8285.12
8283.63
8283.63
8282.14
8280.65
8279.15
8279.15
8277.66
8276.17
8276.17
8274.67
8273.18
8273.18
8271.69
8270.20
8270.20
8268.70
8267.21
8267.21
8265.72
8264.23
8264.23
8262.73
8261.24
8261.24
8259.75
8258.26
8256.76
8256.76
8255.27
8253.78
8253.78
8250.79
8249.30
8249.30
8247.81
8246.32
8246.32
8244.82
8243.33
8243.33
8241.84
8240.35
8240.35
8238.85
8237.36
8235.87
8235.87
8234.38
8232.88
8232.88
8231.39
8229.90
8229.90
8228.41
8226.91
8226.91
8225.42
8223.93
8223.93
8222.44
8220.94
8220.94
8219.45
8217.96
8217.96
8216.47
8214.97
8214.97
8213.48
8211.99
8211.99
8210.50
8209.00
8207.51
8207.51
8206.02
8204.53
8204.53
8203.03
8201.54
8201.54
8200.05
8198.56
8198.56
8197.06
8195.57
8195.57
8194.08
8192.58
8192.58
8191.09
8189.60
8189.60
8186.61
8185.12
8185.12
8183.63
8182.14
8182.14
8180.64
8179.15
8179.15
8177.66
8176.17
8174.67
8174.67
8173.18
8171.69
8171.69
8170.20
8168.70
8168.70
8167.21
8165.72
8165.72
8164.23
8162.73
8162.73
8161.24
8159.75
8159.75
8158.26
8156.76
8156.76
8155.27
8153.78
8153.78
8152.29
8150.79
8150.79
8149.30
8147.81
8147.81
8146.32
8144.82
8144.82
8143.33
8141.84
8141.84
8140.35
8138.85
8137.36
8137.36
8135.87
8134.38
8134.38
8132.88
8131.39
8131.39
8129.90
8128.41
8128.41
8126.91
8125.42
8125.42
8122.44
8120.94
8120.94
8119.45
8117.96
8117.96
8116.46
8114.97
8114.97
8113.48
8111.99
8111.99
8110.49
8109.00
8109.00
8107.51
8106.02
8106.02
8104.52
8103.03
8103.03
8101.54
8100.05
8100.05
8098.55
8097.06
8097.06
8095.57
8094.08
8094.08
8092.58
8091.09
8091.09
8089.60
8088.11
8088.11
8086.61
8085.12
8085.12
8083.63
8082.14
8082.14
8080.64
8079.15
8079.15
8077.66
8076.17
8076.17
8074.67
8073.18
8073.18
8071.69
8070.20
8070.20
8068.70
8067.21
8067.21
8065.72
8064.23
8064.23
8062.73
8059.75
8059.75
8058.26
8056.76
8056.76
8055.27
8053.78
8053.78
8052.29
8050.79
8050.79
8049.30
8047.81
8047.81
8046.32
8044.82
8044.82
8043.33
8041.84
8041.84
8040.35
8038.85
8038.85
8037.36
8035.87
8035.87
8034.37
8032.88
8032.88
8031.39
8029.90
8029.90
8028.40
8026.91
8026.91
8025.42
8023.93
8023.93
8022.43
8020.94
8020.94
8019.45
8017.96
8017.96
8016.46
8014.97
8014.97
8013.48
8011.99
8011.99
8010.49
8009.00
8009.00
8007.51
8006.02
8006.02
8004.52
8003.03
8003.03
8001.54
8000.05
8000.05
7998.55
7995.57
7995.57
7994.08
7992.58
7992.58
7991.09
7989.60
7989.60
7988.11
7988.11
7986.61
7985.12
7985.12
7983.63
7982.14
7982.14
7980.64
7979.15
7979.15
7977.66
7976.17
7976.17
7974.67
7973.18
7973.18
7971.69
7970.20
7970.20
7968.70
7967.21
7967.21
7965.72
7964.23
7964.23
7962.73
7961.24
7961.24
7959.75
7958.26
7958.26
7956.76
7955.27
7955.27
7953.78
7952.28
7952.28
7950.79
7949.30
7949.30
7947.81
7947.81
7946.31
7944.82
7944.82
7943.33
7941.84
7941.84
7940.34
7938.85
7938.85
7937.36
7935.87
7935.87
7934.37
7931.39
7931.39
7929.90
7928.40
7928.40
7926.91
7925.42
7925.42
7923.93
7922.43
7922.43
7920.94
7919.45
7919.45
7917.96
7916.46
7916.46
7914.97
7914.97
7913.48
7911.99
7911.99
7910.49
7909.00
7909.00
7907.51
7906.02
7906.02
7904.52
7903.03
7903.03
7901.54
7900.05
7900.05
7898.55
7897.06
7897.06
7895.57
7894.08
7894.08
7892.58
7892.58
7891.09
7889.60
7889.60
7888.11
7886.61
7886.61
7885.12
7883.63
7883.63
7882.14
7880.64
7880.64
7879.15
7877.66
7877.66
7876.17
7874.67
7874.67
7873.18
7871.69
7871.69
7868.70
7868.70
7867.21
7865.72
7865.72
7864.22
7862.73
7862.73
7861.24
7859.75
7859.75
7858.25
7856.76
7856.76
7855.27
7853.78
7853.78
7852.28
7850.79
7850.79
7849.30
7849.30
7847.81
7846.31
7846.31
7844.82
7843.33
7843.33
7841.84
7840.34
7840.34
7838.85
7837.36
7837.36
7835.87
7834.37
7834.37
7832.88
7832.88
7831.39
7829.90
7829.90
7828.40
7826.91
7826.91
7825.42
7823.93
7823.93
7822.43
7820.94
7820.94
7819.45
7817.96
7817.96
7816.46
7816.46
7814.97
7813.48
7813.48
7811.99
7810.49
7810.49
7809.00
7807.51
7807.51
7804.52
7803.03
7803.03
7801.54
7800.05
7800.05
7798.55
7798.55
7797.06
7795.57
7795.57
7794.08
7792.58
7792.58
7791.09
7789.60
7789.60
7788.10
7786.61
7786.61
7785.12
7785.12
7783.63
7782.13
7782.13
7780.64
7779.15
7779.15
7777.66
7776.16
7776.16
7774.67
7773.18
7773.18
7771.69
7770.19
7770.19
7768.70
7768.70
7767.21
7765.72
7765.72
7764.22
7762.73
7762.73
7761.24
7759.75
7759.75
7758.25
7758.25
7756.76
7755.27
7755.27
7753.78
7752.28
7752.28
7750.79
7749.30
7749.30
7747.81
7746.31
7746.31
7744.82
7744.82
7743.33
7740.34
7740.34
7738.85
7737.36
7737.36
7735.87
7734.37
7734.37
7732.88
7731.39
7731.39
7729.90
7729.90
7728.40
7726.91
7726.91
7725.42
7723.93
7723.93
7722.43
7720.94
7720.94
7719.45
7719.45
7717.96
7716.46
7716.46
7714.97
7713.48
7713.48
7711.99
7710.49
7710.49
7709.00
7709.00
7707.51
7706.01
7706.01
7704.52
7703.03
7703.03
7701.54
7700.04
7700.04
7698.55
7698.55
7697.06
7695.57
7695.57
7694.07
7692.58
7692.58
7691.09
7689.60
7689.60
7688.10
7688.10
7686.61
7685.12
7685.12
7683.63
7682.13
7682.13
7680.64
7677.66
7677.66
7676.16
7676.16
7674.67
7673.18
7673.18
7671.69
7670.19
7670.19
7668.70
7667.21
7667.21
7665.72
7665.72
7664.22
7662.73
7662.73
7661.24
7659.75
7659.75
7658.25
7658.25
7656.76
7655.27
7655.27
7653.78
7652.28
7652.28
7650.79
7649.30
7649.30
7647.81
7647.81
7646.31
7644.82
7644.82
7643.33
7641.84
7641.84
7640.34
7640.34
7638.85
7637.36
7637.36
7635.87
7634.37
7634.37
7632.88
7631.39
7631.39
7629.89
7629.89
7628.40
7626.91
7626.91
7625.42
7623.92
7623.92
7622.43
7622.43
7620.94
7619.45
7619.45
7617.95
7616.46
7616.46
7613.48
7611.98
7611.98
7610.49
7610.49
7609.00
7607.51
7607.51
7606.01
7604.52
7604.52
7603.03
7603.03
7601.54
7600.04
7600.04
7598.55
7597.06
7597.06
7595.57
7595.57
7594.07
7592.58
7592.58
7591.09
7589.60
7589.60
7588.10
7588.10
7586.61
7585.12
7585.12
7583.63
7582.13
7582.13
7580.64
7580.64
7579.15
7577.66
7577.66
7576.16
7574.67
7574.67
7573.18
7571.69
7571.69
7570.19
7570.19
7568.70
7567.21
7567.21
7565.72
7564.22
7564.22
7562.73
7562.73
7561.24
7559.75
7559.75
7558.25
7558.25
7556.76
7555.27
7555.27
7553.78
7552.28
7552.28
7549.30
7547.80
7547.80
7546.31
7546.31
7544.82
7543.33
7543.33
7541.83
7541.83
7540.34
7538.85
7538.85
7537.36
7535.86
7535.86
7534.37
7534.37
7532.88
7531.39
7531.39
7529.89
7528.40
7528.40
7526.91
7526.91
7525.42
7523.92
7523.92
7522.43
7520.94
7520.94
7519.45
7519.45
7517.95
7516.46
7516.46
7514.97
7513.48
7513.48
7511.98
7511.98
7510.49
7509.00
7509.00
7507.51
7506.01
7506.01
7504.52
7504.52
7503.03
7501.54
7501.54
7500.04
7500.04
7498.55
7497.06
7497.06
7495.57
7494.07
7494.07
7492.58
7492.58
7491.09
7489.60
7489.60
7486.61
7485.12
7485.12
7483.63
7483.63
7482.13
7480.64
7480.64
7479.15
7479.15
7477.66
7476.16
7476.16
7474.67
7473.18
7473.18
7471.69
7471.69
7470.19
7468.70
7468.70
7467.21
7467.21
7465.71
7464.22
7464.22
7462.73
7461.24
7461.24
7459.74
7459.74
7458.25
7456.76
7456.76
7455.27
7453.77
7453.77
7452.28
7452.28
7450.79
7449.30
7449.30
7447.80
7447.80
7446.31
7444.82
7444.82
7443.33
7441.83
7441.83
7440.34
7440.34
7438.85
7437.36
7437.36
7435.86
7435.86
7434.37
7432.88
7432.88
7431.39
7429.89
7429.89
7428.40
7428.40
7426.91
7425.42
7425.42
7422.43
7422.43
7420.94
7419.45
7419.45
7417.95
7417.95
7416.46
7414.97
7414.97
7413.48
7411.98
7411.98
7410.49
7410.49
7409.00
7407.51
7407.51
7406.01
7406.01
7404.52
7403.03
7403.03
7401.54
7400.04
7400.04
7398.55
7398.55
7397.06
7395.57
7395.57
7394.07
7394.07
7392.58
7391.09
7391.09
7389.60
7389.60
7388.10
7386.61
7386.61
7385.12
7383.62
7383.62
7382.13
7382.13
7380.64
7379.15
7379.15
7377.65
7377.65
7376.16
7374.67
7374.67
7373.18
7373.18
7371.68
7370.19
7370.19
7368.70
7367.21
7367.21
7365.71
7365.71
7364.22
7362.73
7362.73
7361.24
7361.24
7358.25
7356.76
7356.76
7355.27
7355.27
7353.77
7352.28
7352.28
7350.79
7350.79
7349.30
7347.80
7347.80
7346.31
7346.31
7344.82
7343.33
7343.33
7341.83
7340.34
7340.34
7338.85
7338.85
7337.36
7335.86
7335.86
7334.37
7334.37
7332.88
7331.39
7331.39
7329.89
7329.89
7328.40
7326.91
7326.91
7325.42
7325.42
7323.92
7322.43
7322.43
7320.94
7320.94
7319.45
7317.95
7317.95
7316.46
7316.46
7314.97
7313.48
7313.48
7311.98
7311.98
7310.49
7309.00
7309.00
7307.51
7306.01
7306.01
7304.52
7304.52
7303.03
7301.53
7301.53
7300.04
7300.04
7298.55
7297.06
7297.06
7294.07
7294.07
7292.58
7291.09
7291.09
7289.59
7289.59
7288.10
7286.61
7286.61
7285.12
7285.12
7283.62
7282.13
7282.13
7280.64
7280.64
7279.15
7277.65
7277.65
7276.16
7276.16
7274.67
7273.18
7273.18
7271.68
7271.68
7270.19
7268.70
7268.70
7267.21
7267.21
7265.71
7264.22
7264.22
7262.73
7262.73
7261.24
7259.74
7259.74
7258.25
7258.25
7256.76
7255.27
7255.27
7253.77
7253.77
7252.28
7250.79
7250.79
7249.30
7249.30
7247.80
7246.31
7246.31
7244.82
7244.82
7243.33
7241.83
7241.83
7240.34
7240.34
7238.85
7237.36
7237.36
7235.86
7235.86
7234.37
7231.39
7231.39
7229.89
7229.89
7228.40
7226.91
7226.91
7225.42
7225.42
7223.92
7222.43
7222.43
7220.94
7220.94
7219.44
7217.95
7217.95
7216.46
7216.46
7214.97
7213.47
7213.47
7211.98
7211.98
7210.49
7209.00
7209.00
7207.50
7207.50
7206.01
7204.52
7204.52
7203.03
7203.03
7201.53
7201.53
7200.04
7198.55
7198.55
7197.06
7197.06
7195.56
7194.07
7194.07
7192.58
7192.58
7191.09
7189.59
7189.59
7188.10
7188.10
7186.61
7185.12
7185.12
7183.62
7183.62
7182.13
7180.64
7180.64
7179.15
7179.15
7177.65
7176.16
7176.16
7174.67
7174.67
7173.18
7171.68
7171.68
7170.19
7170.19
7167.21
7167.21
7165.71
7164.22
7164.22
7162.73
7162.73
7161.24
7159.74
7159.74
7158.25
7158.25
7156.76
7155.27
7155.27
7153.77
7153.77
7152.28
7150.79
7150.79
7149.30
7149.30
7147.80
7147.80
7146.31
7144.82
7144.82
7143.33
7143.33
7141.83
7140.34
7140.34
7138.85
7138.85
7137.35
7135.86
7135.86
7134.37
7134.37
7132.88
7131.38
7131.38
7129.89
7129.89
7128.40
7128.40
7126.91
7125.41
7125.41
7123.92
7123.92
7122.43
7120.94
7120.94
7119.44
7119.44
7117.95
7116.46
7116.46
7114.97
7114.97
7113.47
7111.98
7111.98
7110.49
7110.49
7109.00
7109.00
7107.50
7106.01
7106.01
7103.03
7103.03
7101.53
7100.04
7100.04
7098.55
7098.55
7097.06
7097.06
7095.56
7094.07
7094.07
7092.58
7092.58
7091.09
7089.59
7089.59
7088.10
7088.10
7086.61
7085.12
7085.12
7083.62
7083.62
7082.13
7082.13
7080.64
7079.15
7079.15
7077.65
7077.65
7076.16
7074.67
7074.67
7073.18
7073.18
7071.68
7071.68
7070.19
7068.70
7068.70
7067.21
7067.21
7065.71
7064.22
7064.22
7062.73
7062.73
7061.23
7061.23
7059.74
7058.25
7058.25
7056.76
7056.76
7055.26
7053.77
7053.77
7052.28
7052.28
7050.79
7050.79
7049.29
7047.80
7047.80
7046.31
7046.31
7044.82
7043.32
7043.32
7040.34
7040.34
7038.85
7038.85
7037.35
7035.86
7035.86
7034.37
7034.37
7032.88
7031.38
7031.38
7029.89
7029.89
7028.40
7028.40
7026.91
7025.41
7025.41
7023.92
7023.92
7022.43
7022.43
7020.94
7019.44
7019.44
7017.95
7017.95
7016.46
7014.97
7014.97
7013.47
7013.47
7011.98
7011.98
7010.49
7009.00
7009.00
7007.50
7007.50
7006.01
7004.52
7004.52
7003.03
7003.03
7001.53
7001.53
7000.04
6998.55
6998.55
6997.06
6997.06
6995.56
6995.56
6994.07
6992.58
6992.58
6991.09
6991.09
6989.59
6988.10
6988.10
6986.61
6986.61
6985.12
6985.12
6983.62
6982.13
6982.13
6980.64
6980.64
6979.14
6979.14
6976.16
6974.67
6974.67
6973.17
6973.17
6971.68
6971.68
6970.19
6968.70
6968.70
6967.20
6967.20
6965.71
6965.71
6964.22
6962.73
6962.73
6961.23
6961.23
6959.74
6958.25
6958.25
6956.76
6956.76
6955.26
6955.26
6953.77
6952.28
6952.28
6950.79
6950.79
6949.29
6949.29
6947.80
6946.31
6946.31
6944.82
6944.82
6943.32
6943.32
6941.83
6940.34
6940.34
6938.85
6938.85
6937.35
6937.35
6935.86
6934.37
6934.37
6932.88
6932.88
6931.38
6931.38
6929.89
6928.40
6928.40
6926.91
6926.91
6925.41
6925.41
6923.92
6922.43
6922.43
6920.94
6920.94
6919.44
6917.95
6917.95
6916.46
6916.46
6914.97
6914.97
6911.98
6911.98
6910.49
6909.00
6909.00
6907.50
6907.50
6906.01
6906.01
6904.52
6903.03
6903.03
6901.53
6901.53
6900.04
6900.04
6898.55
6897.05
6897.05
6895.56
6895.56
6894.07
6894.07
6892.58
6891.08
6891.08
6889.59
6889.59
6888.10
6888.10
6886.61
6885.11
6885.11
6883.62
6883.62
6882.13
6882.13
6880.64
6879.14
6879.14
6877.65
6877.65
6876.16
6876.16
6874.67
6873.17
6873.17
6871.68
6871.68
6870.19
6870.19
6868.70
6867.20
6867.20
6865.71
6865.71
6864.22
6864.22
6862.73
6862.73
6861.23
6859.74
6859.74
6858.25
6858.25
6856.76
6856.76
6855.26
6853.77
6853.77
6852.28
6852.28
6849.29
6849.29
6847.80
6846.31
6846.31
6844.82
6844.82
6843.32
6843.32
6841.83
6840.34
6840.34
6838.85
6838.85
6837.35
6837.35
6835.86
6835.86
6834.37
6832.88
6832.88
6831.38
6831.38
6829.89
6829.89
6828.40
6826.91
6826.91
6825.41
6825.41
6823.92
6823.92
6822.43
6820.94
6820.94
6819.44
6819.44
6817.95
6817.95
6816.46
6816.46
6814.96
6813.47
6813.47
6811.98
6811.98
6810.49
6810.49
6808.99
6807.50
6807.50
6806.01
6806.01
6804.52
6804.52
6803.02
6803.02
6801.53
6800.04
6800.04
6798.55
6798.55
6797.05
6797.05
6795.56
6794.07
6794.07
6792.58
6792.58
6791.08
6791.08
6789.59
6789.59
6788.10
6785.11
6785.11
6783.62
6783.62
6782.13
6782.13
6780.64
6779.14
6779.14
6777.65
6777.65
6776.16
6776.16
6774.67
6774.67
6773.17
6771.68
6771.68
6770.19
6770.19
6768.70
6768.70
6767.20
6765.71
6765.71
6764.22
6764.22
6762.73
6762.73
6761.23
6761.23
6759.74
6759.74
6758.25
6756.76
6756.76
6755.26
6755.26
6753.77
6753.77
6752.28
6750.79
6750.79
6749.29
6749.29
6747.80
6747.80
6746.31
6746.31
6744.82
6743.32
6743.32
6741.83
6741.83
6740.34
6740.34
6738.85
6738.85
6737.35
6735.86
6735.86
6734.37
6734.37
6732.87
6732.87
6731.38
6731.38
6729.89
6728.40
6728.40
6726.90
6726.90
6725.41
6725.41
6723.92
6723.92
6720.93
6719.44
6719.44
6717.95
6717.95
6716.46
6716.46
6714.96
6714.96
6713.47
6711.98
6711.98
6710.49
6710.49
6708.99
6708.99
6707.50
6707.50
6706.01
6704.52
6704.52
6703.02
6703.02
6701.53
6701.53
6700.04
6700.04
6698.55
6697.05
6697.05
6695.56
6695.56
6694.07
6694.07
6692.58
6692.58
6691.08
6689.59
6689.59
6688.10
6688.10
6686.61
6686.61
6685.11
6685.11
6683.62
6682.13
6682.13
6680.64
6680.64
6679.14
6679.14
6677.65
6677.65
6676.16
6674.67
6674.67
6673.17
6673.17
6671.68
6671.68
6670.19
6670.19
6668.70
6668.70
6667.20
6665.71
6665.71
6664.22
6664.22
6662.73
6662.73
6661.23
6661.23
6658.25
6658.25
6656.76
6655.26
6655.26
6653.77
6653.77
6652.28
6652.28
6650.78
6650.78
6649.29
6647.80
6647.80
6646.31
6646.31
6644.81
6644.81
6643.32
6643.32
6641.83
6641.83
6640.34
6638.84
6638.84
6637.35
6637.35
6635.86
6635.86
6634.37
6634.37
6632.87
6631.38
6631.38
6629.89
6629.89
6628.40
6628.40
6626.90
6626.90
6625.41
6625.41
6623.92
6622.43
6622.43
6620.93
6620.93
6619.44
6619.44
6617.95
6617.95
6616.46
6616.46
6614.96
6613.47
6613.47
6611.98
6611.98
6610.49
6610.49
6608.99
6608.99
6607.50
6606.01
6606.01
6604.52
6604.52
6603.02
6603.02
6601.53
6601.53
6600.04
6600.04
6598.55
6598.55
6597.05
6594.07
6594.07
6592.58
6592.58
6591.08
6591.08
6589.59
6589.59
6588.10
6588.10
6586.61
6585.11
6585.11
6583.62
6583.62
6582.13
6582.13
6580.64
6580.64
6579.14
6577.65
6577.65
6576.16
6576.16
6574.66
6574.66
6573.17
6573.17
6571.68
6571.68
6570.19
6570.19
6568.69
6567.20
6567.20
6565.71
6565.71
6564.22
6564.22
6562.72
6562.72
6561.23
6561.23
6559.74
6558.25
6558.25
6556.75
6556.75
6555.26
6555.26
6553.77
6553.77
6552.28
6552.28
6550.78
6550.78
6549.29
6547.80
6547.80
6546.31
6546.31
6544.81
6544.81
6543.32
6543.32
6541.83
6541.83
6540.34
6540.34
6538.84
6537.35
6537.35
6535.86
6535.86
6534.37
6534.37
6532.87
6532.87
6529.89
6529.89
6528.40
6526.90
6526.90
6525.41
6525.41
6523.92
6523.92
6522.43
6522.43
6520.93
6520.93
6519.44
6519.44
6517.95
6516.46
6516.46
6514.96
6514.96
6513.47
6513.47
6511.98
6511.98
6510.49
6510.49
6508.99
6508.99
6507.50
6506.01
6506.01
6504.52
6504.52
6503.02
6503.02
6501.53
6501.53
6500.04
6500.04
6498.55
6498.55
6497.05
6495.56
6495.56
6494.07
6494.07
6492.57
6492.57
6491.08
6491.08
6489.59
6489.59
6488.10
6488.10
6486.60
6486.60
6485.11
6483.62
6483.62
6482.13
6482.13
6480.63
6480.63
6479.14
6479.14
6477.65
6477.65
6476.16
6476.16
6474.66
6473.17
6473.17
6471.68
6471.68
6470.19
6470.19
6468.69
6468.69
6465.71
6465.71
6464.22
6464.22
6462.72
6462.72
6461.23
6459.74
6459.74
6458.25
6458.25
6456.75
6456.75
6455.26
6455.26
6453.77
6453.77
6452.28
6452.28
6450.78
6449.29
6449.29
6447.80
6447.80
6446.31
6446.31
6444.81
6444.81
6443.32
6443.32
6441.83
6441.83
6440.34
6440.34
6438.84
6437.35
6437.35
6435.86
6435.86
6434.37
6434.37
6432.87
6432.87
6431.38
6431.38
6429.89
6429.89
6428.40
6428.40
6426.90
6426.90
6425.41
6423.92
6423.92
6422.43
6422.43
6420.93
6420.93
6419.44
6419.44
6417.95
6417.95
6416.46
6416.46
6414.96
6414.96
6413.47
6411.98
6411.98
6410.48
6410.48
6408.99
6408.99
6407.50
6407.50
6406.01
6406.01
6403.02
6403.02
6401.53
6401.53
6400.04
6400.04
6398.54
6398.54
6397.05
6395.56
6395.56
6394.07
6394.07
6392.57
6392.57
6391.08
6391.08
6389.59
6389.59
6388.10
6388.10
6386.60
6386.60
6385.11
6383.62
6383.62
6382.13
6382.13
6380.63
6380.63
6379.14
6379.14
6377.65
6377.65
6376.16
6376.16
6374.66
6374.66
6373.17
6373.17
6371.68
6371.68
6370.19
6368.69
6368.69
6367.20
6367.20
6365.71
6365.71
6364.22
6364.22
6362.72
6362.72
6361.23
6361.23
6359.74
6359.74
6358.25
6358.25
6356.75
6356.75
6355.26
6355.26
6353.77
6352.28
6352.28
6350.78
6350.78
6349.29
6349.29
6347.80
6347.80
6346.31
6346.31
6344.81
6344.81
6343.32
6343.32
6341.83
6341.83
6338.84
6338.84
6337.35
6335.86
6335.86
6334.37
6334.37
6332.87
6332.87
6331.38
6331.38
6329.89
6329.89
6328.39
6328.39
6326.90
6326.90
6325.41
6325.41
6323.92
6323.92
6322.42
6322.42
6320.93
6319.44
6319.44
6317.95
6317.95
6316.45
6316.45
6314.96
6314.96
6313.47
6313.47
6311.98
6311.98
6310.48
6310.48
6308.99
6308.99
6307.50
6307.50
6306.01
6306.01
6304.51
6304.51
6303.02
6303.02
6301.53
6300.04
6300.04
6298.54
6298.54
6297.05
6297.05
6295.56
6295.56
6294.07
6294.07
6292.57
6292.57
6291.08
6291.08
6289.59
6289.59
6288.10
6288.10
6286.60
6286.60
6285.11
6285.11
6283.62
6282.13
6282.13
6280.63
6280.63
6279.14
6279.14
6277.65
6277.65
6274.66
6274.66
6273.17
6273.17
6271.68
6271.68
6270.19
6270.19
6268.69
6268.69
6267.20
6267.20
6265.71
6265.71
6264.22
6264.22
6262.72
6262.72
6261.23
6259.74
6259.74
6258.25
6258.25
6256.75
6256.75
6255.26
6255.26
6253.77
6253.77
6252.28
6252.28
6250.78
6250.78
6249.29
6249.29
6247.80
6247.80
6246.30
6246.30
6244.81
6244.81
6243.32
6243.32
6241.83
6241.83
6240.33
6240.33
6238.84
6238.84
6237.35
6235.86
6235.86
6234.36
6234.36
6232.87
6232.87
6231.38
6231.38
6229.89
6229.89
6228.39
6228.39
6226.90
6226.90
6225.41
6225.41
6223.92
6223.92
6222.42
6222.42
6220.93
6220.93
6219.44
6219.44
6217.95
6217.95
6216.45
6216.45
6214.96
6214.96
6211.98
6211.98
6210.48
6210.48
6208.99
6207.50
6207.50
6206.01
6206.01
6204.51
6204.51
6203.02
6203.02
6201.53
6201.53
6200.04
6200.04
6198.54
6198.54
6197.05
6197.05
6195.56
6195.56
6194.07
6194.07
6192.57
6192.57
6191.08
6191.08
6189.59
6189.59
6188.10
6188.10
6186.60
6186.60
6185.11
6185.11
6183.62
6183.62
6182.13
6182.13
6180.63
6180.63
6179.14
6179.14
6177.65
6176.16
6176.16
6174.66
6174.66
6173.17
6173.17
6171.68
6171.68
6170.19
6170.19
6168.69
6168.69
6167.20
6167.20
6165.71
6165.71
6164.21
6164.21
6162.72
6162.72
6161.23
6161.23
6159.74
6159.74
6158.24
6158.24
6156.75
6156.75
6155.26
6155.26
6153.77
6153.77
6152.27
6152.27
6150.78
6150.78
6147.80
6147.80
6146.30
6146.30
6144.81
6144.81
6143.32
6143.32
6141.83
6141.83
6140.33
6140.33
6138.84
6138.84
6137.35
6137.35
6135.86
6134.36
6134.36
6134.36
6132.87
6131.38
6131.38
6129.89
6129.89
6128.39
6128.39
6126.90
6126.90
6125.41
6125.41
6123.92
6123.92
6122.42
6122.42
6120.93
6120.93
6119.44
6119.44
6117.95
6117.95
6116.45
6116.45
6114.96
6114.96
6113.47
6113.47
6111.98
6111.98
6110.48
6110.48
6108.99
6108.99
6107.50
6107.50
6106.01
6106.01
6104.51
6104.51
6103.02
6103.02
6101.53
6101.53
6100.04
6100.04
6098.54
6098.54
6097.05
6097.05
6095.56
6095.56
6094.07
6094.07
6092.57
6092.57
6091.08
6091.08
6089.59
6089.59
6088.10
6088.10
6086.60
6086.60
6083.62
6083.62
6082.12
6082.12
6080.63
6080.63
6079.14
6079.14
6077.65
6077.65
6076.15
6076.15
6074.66
6074.66
6073.17
6073.17
6071.68
6071.68
6070.18
6070.18
6068.69
6068.69
6067.20
6067.20
6065.71
6065.71
6064.21
6064.21
6062.72
6062.72
6061.23
6061.23
6059.74
6059.74
6058.24
6058.24
6056.75
6056.75
6055.26
6055.26
6053.77
6053.77
6052.27
6052.27
6050.78
6050.78
6049.29
6049.29
6047.80
6047.80
6046.30
6046.30
6044.81
6044.81
6043.32
6043.32
6041.83
6041.83
6040.33
6040.33
6038.84
6038.84
6037.35
6037.35
6035.86
6035.86
6034.36
6034.36
6032.87
6032.87
6031.38
6031.38
6029.89
6029.89
6028.39
6028.39
6026.90
6026.90
6025.41
6025.41
6023.92
6023.92
6020.93
6020.93
6019.44
6019.44
6017.95
6017.95
6016.45
6016.45
6014.96
6014.96
6013.47
6013.47
6011.98
6011.98
6010.48
6010.48
6008.99
6008.99
6007.50
6007.50
6006.00
6006.00
6004.51
6004.51
6003.02
6003.02
6001.53
6001.53
6000.03
6000.03
5998.54
5998.54
5997.05
5997.05
5995.56
5995.56
5994.06
5994.06
5992.57
5992.57
5991.08
5991.08
5989.59
5989.59
5988.09
5988.09
5986.60
5986.60
5985.11
5985.11
5983.62
5983.62
5982.12
5982.12
5980.63
5980.63
5979.14
5979.14
5977.65
5977.65
5976.15
5976.15
5974.66
5974.66
5973.17
5973.17
5971.68
5971.68
5970.18
5970.18
5968.69
5968.69
5967.20
5967.20
5965.71
5965.71
5964.21
5964.21
5964.21
5962.72
5962.72
5961.23
5961.23
5959.74
5959.74
5956.75
5956.75
5955.26
5955.26
5953.77
5953.77
5952.27
5952.27
5950.78
5950.78
5949.29
5949.29
5947.80
5947.80
5946.30
5946.30
5944.81
5944.81
5943.32
5943.32
5941.83
5941.83
5940.33
5940.33
5938.84
5938.84
5937.35
5937.35
5935.86
5935.86
5934.36
5934.36
5932.87
5932.87
5931.38
5931.38
5929.89
5929.89
5928.39
5928.39
5926.90
5926.90
5925.41
5925.41
5923.91
5923.91
5922.42
5922.42
5920.93
5920.93
5919.44
5919.44
5919.44
5917.94
5917.94
5916.45
5916.45
5914.96
5914.96
5913.47
5913.47
5911.97
5911.97
5910.48
5910.48
5908.99
5908.99
5907.50
5907.50
5906.00
5906.00
5904.51
5904.51
5903.02
5903.02
5901.53
5901.53
5900.03
5900.03
5898.54
5898.54
5897.05
5897.05
5895.56
5895.56
5892.57
5892.57
5891.08
5891.08
5889.59
5889.59
5888.09
5888.09
5886.60
5886.60
5886.60
5885.11
5885.11
5883.62
5883.62
5882.12
5882.12
5880.63
5880.63
5879.14
5879.14
5877.65
5877.65
5876.15
5876.15
5874.66
5874.66
5873.17
5873.17
5871.68
5871.68
5870.18
5870.18
5868.69
5868.69
5867.20
5867.20
5865.71
5865.71
5864.21
5864.21
5862.72
5862.72
5861.23
5861.23
5861.23
5859.74
5859.74
5858.24
5858.24
5856.75
5856.75
5855.26
5855.26
5853.77
5853.77
5852.27
5852.27
5850.78
5850.78
5849.29
5849.29
5847.80
5847.80
5846.30
5846.30
5844.81
5844.81
5843.32
5843.32
5841.82
5841.82
5840.33
5840.33
5838.84
5838.84
5838.84
5837.35
5837.35
5835.85
5835.85
5834.36
5834.36
5832.87
5832.87
5831.38
5831.38
5828.39
5828.39
5826.90
5826.90
5825.41
5825.41
5823.91
5823.91
5822.42
5822.42
5820.93
5820.93
5819.44
5819.44
5817.94
5817.94
5817.94
5816.45
5816.45
5814.96
5814.96
5813.47
5813.47
5811.97
5811.97
5810.48
5810.48
5808.99
5808.99
5807.50
5807.50
5806.00
5806.00
5804.51
5804.51
5803.02
5803.02
5801.53
5801.53
5801.53
5800.03
5800.03
5798.54
5798.54
5797.05
5797.05
5795.56
5795.56
5794.06
5794.06
5792.57
5792.57
5791.08
5791.08
5789.59
5789.59
5788.09
5788.09
5786.60
5786.60
5785.11
5785.11
5783.62
5783.62
5783.62
5782.12
5782.12
5780.63
5780.63
5779.14
5779.14
5777.65
5777.65
5776.15
5776.15
5774.66
5774.66
5773.17
5773.17
5771.68
5771.68
5770.18
5770.18
5768.69
5768.69
5768.69
5765.71
5765.71
5764.21
5764.21
5762.72
5762.72
5761.23
5761.23
5759.73
5759.73
5758.24
5758.24
5756.75
5756.75
5755.26
5755.26
5753.76
5753.76
5752.27
5752.27
5752.27
5750.78
5750.78
5749.29
5749.29
5747.79
5747.79
5746.30
5746.30
5744.81
5744.81
5743.32
5743.32
5741.82
5741.82
5740.33
5740.33
5738.84
5738.84
5737.35
5737.35
5735.85
5735.85
5735.85
5734.36
5734.36
5732.87
5732.87
5731.38
5731.38
5729.88
5729.88
5728.39
5728.39
5726.90
5726.90
5725.41
5725.41
5723.91
5723.91
5723.91
5722.42
5722.42
5720.93
5720.93
5719.44
5719.44
5717.94
5717.94
5716.45
5716.45
5714.96
5714.96
5713.47
5713.47
5711.97
5711.97
5710.48
5710.48
5710.48
5708.99
5708.99
5707.50
5707.50
5706.00
5706.00
5704.51
5704.51
5701.53
5701.53
5700.03
5700.03
5698.54
5698.54
5697.05
5697.05
5697.05
5695.56
5695.56
5694.06
5694.06
5692.57
5692.57
5691.08
5691.08
5689.59
5689.59
5688.09
5688.09
5686.60
5686.60
5685.11
5685.11
5685.11
5683.62
5683.62
5682.12
5682.12
5680.63
5680.63
5679.14
5679.14
5677.64
5677.64
5676.15
5676.15
5674.66
5674.66
5673.17
5673.17
5673.17
5671.67
5671.67
5670.18
5670.18
5668.69
5668.69
5667.20
5667.20
5665.70
5665.70
5664.21
5664.21
5662.72
5662.72
5661.23
5661.23
5661.23
5659.73
5659.73
5658.24
5658.24
5656.75
5656.75
5655.26
5655.26
5653.76
5653.76
5652.27
5652.27
5650.78
5650.78
5650.78
5649.29
5649.29
5647.79
5647.79
5646.30
5646.30
5644.81
5644.81
5643.32
5643.32
5641.82
5641.82
5640.33
5640.33
5640.33
5637.35
5637.35
5635.85
5635.85
5634.36
5634.36
5632.87
5632.87
5631.38
5631.38
5629.88
5629.88
5628.39
5628.39
5628.39
5626.90
5626.90
5625.41
5625.41
5623.91
5623.91
5622.42
5622.42
5620.93
5620.93
5619.44
5619.44
5619.44
5617.94
5617.94
5616.45
5616.45
5614.96
5614.96
5613.47
5613.47
5611.97
5611.97
5610.48
5610.48
5608.99
5608.99
5608.99
5607.50
5607.50
5606.00
5606.00
5604.51
5604.51
5603.02
5603.02
5601.53
5601.53
5600.03
5600.03
5600.03
5598.54
5598.54
5597.05
5597.05
5595.55
5595.55
5594.06
5594.06
5592.57
5592.57
5591.08
5591.08
5591.08
5589.58
5589.58
5588.09
5588.09
5586.60
5586.60
5585.11
5585.11
5583.61
5583.61
5582.12
5582.12
5582.12
5580.63
5580.63
5579.14
5579.14
5577.64
5577.64
5574.66
5574.66
5573.17
5573.17
5571.67
5571.67
5571.67
5570.18
5570.18
5568.69
5568.69
5567.20
5567.20
5565.70
5565.70
5564.21
5564.21
5564.21
5562.72
5562.72
5561.23
5561.23
5559.73
5559.73
5558.24
5558.24
5556.75
5556.75
5555.26
5555.26
5553.76
5553.76
5553.76
5552.27
5552.27
5550.78
5550.78
5549.29
5549.29
5547.79
5547.79
5546.30
5546.30
5546.30
5544.81
5544.81
5543.32
5543.32
5541.82
5541.82
5540.33
5540.33
5538.84
5538.84
5537.35
5537.35
5537.35
5535.85
5535.85
5534.36
5534.36
5532.87
5532.87
5531.38
5531.38
5529.88
5529.88
5529.88
5528.39
5528.39
5526.90
5526.90
5525.41
5525.41
5523.91
5523.91
5522.42
5522.42
5520.93
5520.93
5520.93
5519.43
5519.43
5517.94
5517.94
5516.45
5516.45
5514.96
5514.96
5514.96
5513.46
5513.46
5510.48
5510.48
5508.99
5508.99
5507.49
5507.49
5506.00
5506.00
5504.51
5504.51
5504.51
5503.02
5503.02
5501.52
5501.52
5500.03
5500.03
5498.54
5498.54
5498.54
5497.05
5497.05
5495.55
5495.55
5494.06
5494.06
5492.57
5492.57
5491.08
5491.08
5489.58
5489.58
5489.58
5488.09
5488.09
5486.60
5486.60
5485.11
5485.11
5483.61
5483.61
5483.61
5482.12
5482.12
5480.63
5480.63
5479.14
5479.14
5477.64
5477.64
5476.15
5476.15
5476.15
5474.66
5474.66
5473.17
5473.17
5471.67
5471.67
5470.18
5470.18
5468.69
5468.69
5468.69
5467.20
5467.20
5465.70
5465.70
5464.21
5464.21
5462.72
5462.72
5461.23
5461.23
5461.23
5459.73
5459.73
5458.24
5458.24
5456.75
5456.75
5455.26
5455.26
5455.26
5453.76
5453.76
5452.27
5452.27
5450.78
5450.78
5449.29
5449.29
5446.30
5446.30
5446.30
5444.81
5444.81
5443.32
5443.32
5441.82
5441.82
5440.33
5440.33
5438.84
5438.84
5438.84
5437.34
5437.34
5435.85
5435.85
5434.36
5434.36
5432.87
5432.87
5432.87
5431.37
5431.37
5429.88
5429.88
5428.39
5428.39
5426.90
5426.90
5426.90
5425.40
5425.40
5423.91
5423.91
5422.42
5422.42
5420.93
5420.93
5419.43
5419.43
5419.43
5417.94
5417.94
5416.45
5416.45
5414.96
5414.96
5413.46
5413.46
5413.46
5411.97
5411.97
5410.48
5410.48
5408.99
5408.99
5407.49
5407.49
5407.49
5406.00
5406.00
5404.51
5404.51
5403.02
5403.02
5401.52
5401.52
5401.52
5400.03
5400.03
5398.54
5398.54
5397.05
5397.05
5395.55
5395.55
5395.55
5394.06
5394.06
5392.57
5392.57
5391.08
5391.08
5389.58
5389.58
5388.09
5388.09
5388.09
5386.60
5386.60
5383.61
5383.61
5382.12
5382.12
5380.63
5380.63
5380.63
5379.14
5379.14
5377.64
5377.64
5376.15
5376.15
5374.66
5374.66
5374.66
5373.17
5373.17
5371.67
5371.67
5370.18
5370.18
5370.18
5368.69
5368.69
5367.20
5367.20
5365.70
5365.70
5364.21
5364.21
5364.21
5362.72
5362.72
5361.23
5361.23
5359.73
5359.73
5358.24
5358.24
5358.24
5356.75
5356.75
5355.25
5355.25
5353.76
5353.76
5352.27
5352.27
5352.27
5350.78
5350.78
5349.28
5349.28
5347.79
5347.79
5346.30
5346.30
5346.30
5344.81
5344.81
5343.31
5343.31
5341.82
5341.82
5340.33
5340.33
5340.33
5338.84
5338.84
5337.34
5337.34
5335.85
5335.85
5334.36
5334.36
5334.36
5332.87
5332.87
5331.37
5331.37
5329.88
5329.88
5328.39
5328.39
5328.39
5326.90
5326.90
5325.40
5325.40
5323.91
5323.91
5323.91
5322.42
5322.42
5319.43
5319.43
5317.94
5317.94
5316.45
5316.45
5316.45
5314.96
5314.96
5313.46
5313.46
5311.97
5311.97
5310.48
5310.48
5310.48
5308.99
5308.99
5307.49
5307.49
5306.00
5306.00
5306.00
5304.51
5304.51
5303.02
5303.02
5301.52
5301.52
5300.03
5300.03
5300.03
5298.54
5298.54
5297.05
5297.05
5295.55
5295.55
5295.55
5294.06
5294.06
5292.57
5292.57
5291.08
5291.08
5289.58
5289.58
5289.58
5288.09
5288.09
5286.60
5286.60
5285.11
5285.11
5285.11
5283.61
5283.61
5282.12
5282.12
5280.63
5280.63
5279.14
5279.14
5279.14
5277.64
5277.64
5276.15
5276.15
5274.66
5274.66
5274.66
5273.16
5273.16
5271.67
5271.67
5270.18
5270.18
5270.18
5268.69
5268.69
5267.19
5267.19
5265.70
5265.70
5264.21
5264.21
5264.21
5262.72
5262.72
5261.22
5261.22
5259.73
5259.73
5259.73
5258.24
5258.24
5255.25
5255.25
5253.76
5253.76
5253.76
5252.27
5252.27
5250.78
5250.78
5249.28
5249.28
5247.79
5247.79
5247.79
5246.30
5246.30
5244.81
5244.81
5243.31
5243.31
5243.31
5241.82
5241.82
5240.33
5240.33
5238.84
5238.84
5238.84
5237.34
5237.34
5235.85
5235.85
5234.36
5234.36
5234.36
5232.87
5232.87
5231.37
5231.37
5229.88
5229.88
5229.88
5228.39
5228.39
5226.90
5226.90
5225.40
5225.40
5223.91
5223.91
5223.91
5222.42
5222.42
5220.93
5220.93
5219.43
5219.43
5219.43
5217.94
5217.94
5216.45
5216.45
5214.96
5214.96
5214.96
5213.46
5213.46
5211.97
5211.97
5210.48
5210.48
5210.48
5208.99
5208.99
5207.49
5207.49
5206.00
5206.00
5206.00
5204.51
5204.51
5203.02
5203.02
5201.52
5201.52
5201.52
5200.03
5200.03
5198.54
5198.54
5197.05
5197.05
5197.05
5195.55
5195.55
5192.57
5192.57
5191.07
5191.07
5191.07
5189.58
5189.58
5188.09
5188.09
5186.60
5186.60
5186.60
5185.10
5185.10
5183.61
5183.61
5182.12
5182.12
5180.63
5180.63
5180.63
5179.13
5179.13
5177.64
5177.64
5176.15
5176.15
5176.15
5174.66
5174.66
5173.16
5173.16
5171.67
5171.67
5171.67
5170.18
5170.18
5168.69
5168.69
5168.69
5167.19
5167.19
5165.70
5165.70
5164.21
5164.21
5164.21
5162.72
5162.72
5161.22
5161.22
5159.73
5159.73
5159.73
5158.24
5158.24
5156.75
5156.75
5155.25
5155.25
5155.25
5153.76
5153.76
5152.27
5152.27
5150.78
5150.78
5150.78
5149.28
5149.28
5147.79
5147.79
5146.30
5146.30
5146.30
5144.81
5144.81
5143.31
5143.31
5141.82
5141.82
5141.82
5140.33
5140.33
5138.84
5138.84
5138.84
5137.34
5137.34
5135.85
5135.85
5134.36
5134.36
5132.87
5132.87
5132.87
5131.37
5131.37
5128.39
5128.39
5128.39
5126.90
5126.90
5125.40
5125.40
5123.91
5123.91
5123.91
5122.42
5122.42
5120.93
5120.93
5119.43
5119.43
5119.43
5117.94
5117.94
5116.45
5116.45
5116.45
5114.96
5114.96
5113.46
5113.46
5111.97
5111.97
5111.97
5110.48
5110.48
5108.98
5108.98
5107.49
5107.49
5107.49
5106.00
5106.00
5104.51
5104.51
5103.01
5103.01
5103.01
5101.52
5101.52
5100.03
5100.03
5100.03
5098.54
5098.54
5097.04
5097.04
5095.55
5095.55
5095.55
5094.06
5094.06
5092.57
5092.57
5091.07
5091.07
5091.07
5089.58
5089.58
5088.09
5088.09
5088.09
5086.60
5086.60
5085.10
5085.10
5083.61
5083.61
5083.61
5082.12
5082.12
5080.63
5080.63
5079.13
5079.13
5079.13
5077.64
5077.64
5076.15
5076.15
5076.15
5074.66
5074.66
5073.16
5073.16
5071.67
5071.67
5071.67
5070.18
5070.18
5068.69
5068.69
5068.69
5067.19
5067.19
5064.21
5064.21
5062.72
5062.72
5062.72
5061.22
5061.22
5059.73
5059.73
5058.24
5058.24
5058.24
5056.75
5056.75
5055.25
5055.25
5055.25
5053.76
5053.76
5052.27
5052.27
5050.78
5050.78
5050.78
5049.28
5049.28
5047.79
5047.79
5047.79
5046.30
5046.30
5044.81
5044.81
5043.31
5043.31
5043.31
5041.82
5041.82
5040.33
5040.33
5040.33
5038.84
5038.84
5037.34
5037.34
5035.85
5035.85
5035.85
5034.36
5034.36
5032.87
5032.87
5032.87
5031.37
5031.37
5029.88
5029.88
5028.39
5028.39
5028.39
5026.89
5026.89
5025.40
5025.40
5025.40
5023.91
5023.91
5022.42
5022.42
5020.92
5020.92
5020.92
5019.43
5019.43
5017.94
5017.94
5017.94
5016.45
5016.45
5014.95
5014.95
5014.95
5013.46
5013.46
5011.97
5011.97
5010.48
5010.48
5010.48
5008.98
5008.98
5007.49
5007.49
5007.49
5006.00
5006.00
5004.51
5004.51
5003.01
5003.01
5003.01
5000.03
5000.03
4998.54
4998.54
4998.54
4997.04
4997.04
4995.55
4995.55
4994.06
4994.06
4994.06
4992.57
4992.57
4991.07
4991.07
4991.07
4989.58
4989.58
4988.09
4988.09
4988.09
4986.60
4986.60
4985.10
4985.10
4983.61
4983.61
4983.61
4982.12
4982.12
4980.63
4980.63
4980.63
4979.13
4979.13
4977.64
4977.64
4977.64
4976.15
4976.15
4974.66
4974.66
4973.16
4973.16
4973.16
4971.67
4971.67
4970.18
4970.18
4970.18
4968.69
4968.69
4967.19
4967.19
4967.19
4965.70
4965.70
4964.21
4964.21
4964.21
4962.72
4962.72
4961.22
4961.22
4959.73
4959.73
4959.73
4958.24
4958.24
4956.75
4956.75
4956.75
4955.25
4955.25
4953.76
4953.76
4953.76
4952.27
4952.27
4950.77
4950.77
4949.28
4949.28
4949.28
4947.79
4947.79
4946.30
4946.30
4946.30
4944.80
4944.80
4943.31
4943.31
4943.31
4941.82
4941.82
4940.33
4940.33
4940.33
4937.34
4937.34
4935.85
4935.85
4934.36
4934.36
4934.36
4932.86
4932.86
4931.37
4931.37
4931.37
4929.88
4929.88
4928.39
4928.39
4928.39
4926.89
4926.89
4925.40
4925.40
4925.40
4923.91
4923.91
4922.42
4922.42
4922.42
4920.92
4920.92
4919.43
4919.43
4917.94
4917.94
4917.94
4916.45
4916.45
4914.95
4914.95
4914.95
4913.46
4913.46
4911.97
4911.97
4911.97
4910.48
4910.48
4908.98
4908.98
4908.98
4907.49
4907.49
4906.00
4906.00
4906.00
4904.51
4904.51
4903.01
4903.01
4903.01
4901.52
4901.52
4900.03
4900.03
4900.03
4898.54
4898.54
4897.04
4897.04
4895.55
4895.55
4895.55
4894.06
4894.06
4892.57
4892.57
4892.57
4891.07
4891.07
4889.58
4889.58
4889.58
4888.09
4888.09
4886.60
4886.60
4886.60
4885.10
4885.10
4883.61
4883.61
4883.61
4882.12
4882.12
4880.63
4880.63
4880.63
4879.13
4879.13
4877.64
4877.64
4877.64
4876.15
4876.15
4873.16
4873.16
4873.16
4871.67
4871.67
4870.18
4870.18
4870.18
4868.68
4868.68
4867.19
4867.19
4867.19
4865.70
4865.70
4864.21
4864.21
4862.71
4862.71
4862.71
4861.22
4861.22
4859.73
4859.73
4859.73
4858.24
4858.24
4856.74
4856.74
4856.74
4855.25
4855.25
4853.76
4853.76
4853.76
4852.27
4852.27
4850.77
4850.77
4850.77
4849.28
4849.28
4847.79
4847.79
4847.79
4846.30
4846.30
4844.80
4844.80
4844.80
4843.31
4843.31
4841.82
4841.82
4841.82
4840.33
4840.33
4838.83
4838.83
4838.83
4837.34
4837.34
4835.85
4835.85
4835.85
4834.36
4834.36
4832.86
4832.86
4832.86
4831.37
4831.37
4829.88
4829.88
4829.88
4828.39
4828.39
4826.89
4826.89
4826.89
4825.40
4825.40
4823.91
4823.91
4823.91
4822.42
4822.42
4820.92
4820.92
4820.92
4819.43
4819.43
4817.94
4817.94
4817.94
4816.45
4816.45
4814.95
4814.95
4814.95
4813.46
4813.46
4813.46
4811.97
4811.97
4808.98
4808.98
4808.98
4807.49
4807.49
4806.00
4806.00
4806.00
4804.51
4804.51
4803.01
4803.01
4803.01
4801.52
4801.52
4800.03
4800.03
4800.03
4798.54
4798.54
4797.04
4797.04
4797.04
4795.55
4795.55
4794.06
4794.06
4794.06
4792.57
4792.57
4791.07
4791.07
4791.07
4789.58
4789.58
4788.09
4788.09
4788.09
4786.59
4786.59
4785.10
4785.10
4785.10
4783.61
4783.61
4782.12
4782.12
4782.12
4780.62
4780.62
4779.13
4779.13
4779.13
4777.64
4777.64
4776.15
4776.15
4776.15
4774.65
4774.65
4774.65
4773.16
4773.16
4771.67
4771.67
4771.67
4770.18
4770.18
4768.68
4768.68
4768.68
4767.19
4767.19
4765.70
4765.70
4765.70
4764.21
4764.21
4762.71
4762.71
4762.71
4761.22
4761.22
4759.73
4759.73
4759.73
4758.24
4758.24
4756.74
4756.74
4756.74
4755.25
4755.25
4755.25
4753.76
4753.76
4752.27
4752.27
4752.27
4750.77
4750.77
4749.28
4749.28
4749.28
4746.30
4746.30
4744.80
4744.80
4744.80
4743.31
4743.31
4741.82
4741.82
4741.82
4740.33
4740.33
4738.83
4738.83
4738.83
4737.34
4737.34
4737.34
4735.85
4735.85
4734.36
4734.36
4734.36
4732.86
4732.86
4731.37
4731.37
4731.37
4729.88
4729.88
4728.39
4728.39
4728.39
4726.89
4726.89
4726.89
4725.40
4725.40
4723.91
4723.91
4723.91
4722.42
4722.42
4720.92
4720.92
4720.92
4719.43
4719.43
4717.94
4717.94
4717.94
4716.45
4716.45
4714.95
4714.95
4714.95
4713.46
4713.46
4713.46
4711.97
4711.97
4710.48
4710.48
4710.48
4708.98
4708.98
4707.49
4707.49
4707.49
4706.00
4706.00
4704.50
4704.50
4704.50
4703.01
4703.01
4703.01
4701.52
4701.52
4700.03
4700.03
4700.03
4698.53
4698.53
4697.04
4697.04
4697.04
4695.55
4695.55
4694.06
4694.06
4694.06
4692.56
4692.56
4692.56
4691.07
4691.07
4689.58
4689.58
4689.58
4688.09
4688.09
4686.59
4686.59
4686.59
4685.10
4685.10
4685.10
4682.12
4682.12
4680.62
4680.62
4680.62
4679.13
4679.13
4677.64
4677.64
4677.64
4676.15
4676.15
4674.65
4674.65
4674.65
4673.16
4673.16
4673.16
4671.67
4671.67
4670.18
4670.18
4670.18
4668.68
4668.68
4667.19
4667.19
4667.19
4665.70
4665.70
4665.70
4664.21
4664.21
4662.71
4662.71
4662.71
4661.22
4661.22
4659.73
4659.73
4659.73
4658.24
4658.24
4658.24
4656.74
4656.74
4655.25
4655.25
4655.25
4653.76
4653.76
4652.27
4652.27
4652.27
4650.77
4650.77
4650.77
4649.28
4649.28
4647.79
4647.79
4647.79
4646.30
4646.30
4644.80
4644.80
4644.80
4643.31
4643.31
4641.82
4641.82
4641.82
4640.33
4640.33
4640.33
4638.83
4638.83
4637.34
4637.34
4637.34
4635.85
4635.85
4635.85
4634.36
4634.36
4632.86
4632.86
4632.86
4631.37
4631.37
4629.88
4629.88
4629.88
4628.39
4628.39
4628.39
4626.89
4626.89
4625.40
4625.40
4625.40
4623.91
4623.91
4622.41
4622.41
4622.41
4620.92
4620.92
4620.92
4617.94
4617.94
4616.44
4616.44
4616.44
4614.95
4614.95
4614.95
4613.46
4613.46
4611.97
4611.97
4611.97
4610.47
4610.47
4608.98
4608.98
4608.98
4607.49
4607.49
4607.49
4606.00
4606.00
4604.50
4604.50
4604.50
4603.01
4603.01
4603.01
4601.52
4601.52
4600.03
4600.03
4600.03
4598.53
4598.53
4598.53
4597.04
4597.04
4595.55
4595.55
4595.55
4594.06
4594.06
4592.56
4592.56
4592.56
4591.07
4591.07
4591.07
4589.58
4589.58
4588.09
4588.09
4588.09
4586.59
4586.59
4586.59
4585.10
4585.10
4583.61
4583.61
4583.61
4582.12
4582.12
4580.62
4580.62
4580.62
4579.13
4579.13
4579.13
4577.64
4577.64
4576.15
4576.15
4576.15
4574.65
4574.65
4574.65
4573.16
4573.16
4571.67
4571.67
4571.67
4570.18
4570.18
4570.18
4568.68
4568.68
4567.19
4567.19
4567.19
4565.70
4565.70
4565.70
4564.21
4564.21
4562.71
4562.71
4562.71
4561.22
4561.22
4561.22
4559.73
4559.73
4558.24
4558.24
4558.24
4555.25
4555.25
4555.25
4553.76
4553.76
4552.27
4552.27
4552.27
4550.77
4550.77
4549.28
4549.28
4549.28
4547.79
4547.79
4547.79
4546.30
4546.30
4544.80
4544.80
4544.80
4543.31
4543.31
4543.31
4541.82
4541.82
4540.32
4540.32
4540.32
4538.83
4538.83
4538.83
4537.34
4537.34
4535.85
4535.85
4535.85
4534.35
4534.35
4534.35
4532.86
4532.86
4531.37
4531.37
4531.37
4529.88
4529.88
4529.88
4528.38
4528.38
4526.89
4526.89
4526.89
4525.40
4525.40
4525.40
4523.91
4523.91
4522.41
4522.41
4522.41
4520.92
4520.92
4520.92
4519.43
4519.43
4517.94
4517.94
4517.94
4516.44
4516.44
4516.44
4514.95
4514.95
4513.46
4513.46
4513.46
4511.97
4511.97
4511.97
4510.47
4510.47
4510.47
4508.98
4508.98
4507.49
4507.49
4507.49
4506.00
4506.00
4506.00
4504.50
4504.50
4503.01
4503.01
4503.01
4501.52
4501.52
4501.52
4500.03
4500.03
4498.53
4498.53
4498.53
4497.04
4497.04
4497.04
4495.55
4495.55
4494.06
4494.06
4494.06
4491.07
4491.07
4491.07
4489.58
4489.58
4489.58
4488.09
4488.09
4486.59
4486.59
4486.59
4485.10
4485.10
4485.10
4483.61
4483.61
4482.12
4482.12
4482.12
4480.62
4480.62
4480.62
4479.13
4479.13
4477.64
4477.64
4477.64
4476.15
4476.15
4476.15
4474.65
4474.65
4474.65
4473.16
4473.16
4471.67
4471.67
4471.67
4470.18
4470.18
4468.68
4468.68
4468.68
4467.19
4467.19
4467.19
4465.70
4465.70
4465.70
4464.20
4464.20
4462.71
4462.71
4462.71
4461.22
4461.22
4461.22
4459.73
4459.73
4458.23
4458.23
4458.23
4456.74
4456.74
4456.74
4455.25
4455.25
4455.25
4453.76
4453.76
4452.26
4452.26
4452.26
4450.77
4450.77
4450.77
4449.28
4449.28
4447.79
4447.79
4447.79
4446.29
4446.29
4446.29
4444.80
4444.80
4444.80
4443.31
4443.31
4443.31
4441.82
4441.82
4440.32
4440.32
4440.32
4438.83
4438.83
4438.83
4437.34
4437.34
4435.85
4435.85
4435.85
4434.35
4434.35
4434.35
4432.86
4432.86
4432.86
4431.37
4431.37
4429.88
4429.88
4429.88
4426.89
4426.89
4426.89
4425.40
4425.40
4423.91
4423.91
4423.91
4422.41
4422.41
4422.41
4420.92
4420.92
4420.92
4419.43
4419.43
4417.94
4417.94
4417.94
4416.44
4416.44
4416.44
4414.95
4414.95
4414.95
4413.46
4413.46
4411.97
4411.97
4411.97
4410.47
4410.47
4410.47
4408.98
4408.98
4408.98
4407.49
4407.49
4406.00
4406.00
4406.00
4404.50
4404.50
4404.50
4403.01
4403.01
4403.01
4401.52
4401.52
4400.03
4400.03
4400.03
4398.53
4398.53
4398.53
4397.04
4397.04
4397.04
4395.55
4395.55
4394.06
4394.06
4394.06
4392.56
4392.56
4392.56
4391.07
4391.07
4391.07
4389.58
4389.58
4388.09
4388.09
4388.09
4386.59
4386.59
4386.59
4385.10
4385.10
4385.10
4383.61
4383.61
4382.11
4382.11
4382.11
4380.62
4380.62
4380.62
4379.13
4379.13
4379.13
4377.64
4377.64
4376.14
4376.14
4376.14
4374.65
4374.65
4374.65
4373.16
4373.16
4373.16
4371.67
4371.67
4370.17
4370.17
4370.17
4368.68
4368.68
4368.68
4367.19
4367.19
4367.19
4364.20
4364.20
4364.20
4362.71
4362.71
4361.22
4361.22
4361.22
4359.73
4359.73
4359.73
4358.23
4358.23
4358.23
4356.74
4356.74
4355.25
4355.25
4355.25
4353.76
4353.76
4353.76
4352.26
4352.26
4352.26
4350.77
4350.77
4350.77
4349.28
4349.28
4347.79
4347.79
4347.79
4346.29
4346.29
4346.29
4344.80
4344.80
4344.80
4343.31
4343.31
4341.82
4341.82
4341.82
4340.32
4340.32
4340.32
4338.83
4338.83
4338.83
4337.34
4337.34
4337.34
4335.85
4335.85
4334.35
4334.35
4334.35
4332.86
4332.86
4332.86
4331.37
4331.37
4331.37
4329.88
4329.88
4329.88
4328.38
4328.38
4326.89
4326.89
4326.89
4325.40
4325.40
4325.40
4323.91
4323.91
4323.91
4322.41
4322.41
4322.41
4320.92
4320.92
4319.43
4319.43
4319.43
4317.94
4317.94
4317.94
4316.44
4316.44
4316.44
4314.95
4314.95
4313.46
4313.46
4313.46
4311.97
4311.97
4311.97
4310.47
4310.47
4310.47
4308.98
4308.98
4308.98
4307.49
4307.49
4307.49
4306.00
4306.00
4304.50
4304.50
4304.50
4303.01
4303.01
4303.01
4300.02
4300.02
4300.02
4298.53
4298.53
4298.53
4297.04
4297.04
4295.55
4295.55
4295.55
4294.05
4294.05
4294.05
4292.56
4292.56
4292.56
4291.07
4291.07
4291.07
4289.58
4289.58
4289.58
4288.08
4288.08
4286.59
4286.59
4286.59
4285.10
4285.10
4285.10
4283.61
4283.61
4283.61
4282.11
4282.11
4282.11
4280.62
4280.62
4280.62
4279.13
4279.13
4277.64
4277.64
4277.64
4276.14
4276.14
4276.14
4274.65
4274.65
4274.65
4273.16
4273.16
4273.16
4271.67
4271.67
4270.17
4270.17
4270.17
4268.68
4268.68
4268.68
4267.19
4267.19
4267.19
4265.70
4265.70
4265.70
4264.20
4264.20
4264.20
4262.71
4262.71
4261.22
4261.22
4261.22
4259.73
4259.73
4259.73
4258.23
4258.23
4258.23
4256.74
4256.74
4256.74
4255.25
4255.25
4255.25
4253.76
4253.76
4253.76
4252.26
4252.26
4250.77
4250.77
4250.77
4249.28
4249.28
4249.28
4247.79
4247.79
4247.79
4246.29
4246.29
4246.29
4244.80
4244.80
4243.31
4243.31
4243.31
4241.82
4241.82
4241.82
4240.32
4240.32
4240.32
4238.83
4238.83
4238.83
4235.85
4235.85
4235.85
4234.35
4234.35
4234.35
4232.86
4232.86
4231.37
4231.37
4231.37
4229.88
4229.88
4229.88
4228.38
4228.38
4228.38
4226.89
4226.89
4226.89
4225.40
4225.40
4225.40
4223.91
4223.91
4223.91
4222.41
4222.41
4220.92
4220.92
4220.92
4219.43
4219.43
4219.43
4217.93
4217.93
4217.93
4216.44
4216.44
4216.44
4214.95
4214.95
4214.95
4213.46
4213.46
4213.46
4211.96
4211.96
4211.96
4210.47
4210.47
4210.47
4208.98
4208.98
4207.49
4207.49
4207.49
4205.99
4205.99
4205.99
4204.50
4204.50
4204.50
4203.01
4203.01
4203.01
4201.52
4201.52
4201.52
4200.02
4200.02
4200.02
4198.53
4198.53
4198.53
4197.04
4197.04
4195.55
4195.55
4195.55
4194.05
4194.05
4194.05
4192.56
4192.56
4192.56
4191.07
4191.07
4191.07
4189.58
4189.58
4189.58
4188.08
4188.08
4188.08
4186.59
4186.59
4186.59
4185.10
4185.10
4183.61
4183.61
4183.61
4182.11
4182.11
4182.11
4180.62
4180.62
4180.62
4179.13
4179.13
4179.13
4177.64
4177.64
4177.64
4176.14
4176.14
4176.14
4174.65
4174.65
4174.65
4171.67
4171.67
4171.67
4170.17
4170.17
4170.17
4168.68
4168.68
4167.19
4167.19
4167.19
4165.70
4165.70
4165.70
4164.20
4164.20
4164.20
4162.71
4162.71
4162.71
4161.22
4161.22
4161.22
4159.73
4159.73
4159.73
4158.23
4158.23
4158.23
4156.74
4156.74
4156.74
4155.25
4155.25
4155.25
4153.76
4153.76
4152.26
4152.26
4152.26
4150.77
4150.77
4150.77
4149.28
4149.28
4149.28
4147.79
4147.79
4147.79
4146.29
4146.29
4146.29
4144.80
4144.80
4144.80
4143.31
4143.31
4143.31
4141.82
4141.82
4141.82
4140.32
4140.32
4140.32
4138.83
4138.83
4138.83
4137.34
4137.34
4137.34
4135.84
4135.84
4135.84
4134.35
4134.35
4132.86
4132.86
4132.86
4131.37
4131.37
4131.37
4129.87
4129.87
4129.87
4128.38
4128.38
4128.38
4126.89
4126.89
4126.89
4125.40
4125.40
4125.40
4123.90
4123.90
4123.90
4122.41
4122.41
4122.41
4120.92
4120.92
4120.92
4119.43
4119.43
4119.43
4117.93
4117.93
4117.93
4116.44
4116.44
4116.44
4114.95
4114.95
4113.46
4113.46
4113.46
4113.46
4111.96
4111.96
4108.98
4108.98
4108.98
4107.49
4107.49
4107.49
4105.99
4105.99
4105.99
4104.50
4104.50
4104.50
4103.01
4103.01
4103.01
4101.52
4101.52
4101.52
4100.02
4100.02
4100.02
4098.53
4098.53
4098.53
4097.04
4097.04
4097.04
4095.55
4095.55
4095.55
4094.05
4094.05
4094.05
4092.56
4092.56
4092.56
4091.07
4091.07
4091.07
4089.58
4089.58
4089.58
4088.08
4088.08
4088.08
4086.59
4086.59
4086.59
4085.10
4085.10
4085.10
4083.61
4083.61
4083.61
4082.11
4082.11
4080.62
4080.62
4080.62
4080.62
4079.13
4079.13
4079.13
4077.64
4077.64
4076.14
4076.14
4076.14
4076.14
4074.65
4074.65
4073.16
4073.16
4073.16
4071.67
4071.67
4071.67
4070.17
4070.17
4070.17
4068.68
4068.68
4068.68
4067.19
4067.19
4067.19
4065.70
4065.70
4065.70
4064.20
4064.20
4064.20
4062.71
4062.71
4062.71
4061.22
4061.22
4061.22
4059.73
4059.73
4059.73
4058.23
4058.23
4058.23
4056.74
4056.74
4056.74
4055.25
4055.25
4055.25
4053.75
4053.75
4053.75
4052.26
4052.26
4052.26
4050.77
4050.77
4050.77
4049.28
4049.28
4049.28
4047.78
4047.78
4047.78
4044.80
4044.80
4044.80
4043.31
4043.31
4043.31
4041.81
4041.81
4041.81
4040.32
4040.32
4040.32
4038.83
4038.83
4038.83
4037.34
4037.34
4037.34
4035.84
4035.84
4035.84
4034.35
4034.35
4034.35
4032.86
4032.86
4032.86
4031.37
4031.37
4031.37
4029.87
4029.87
4029.87
4028.38
4028.38
4028.38
4026.89
4026.89
4026.89
4025.40
4025.40
4025.40
4023.90
4023.90
4023.90
4022.41
4022.41
4022.41
4020.92
4020.92
4020.92
4019.43
4019.43
4019.43
4017.93
4017.93
4017.93
4016.44
4016.44
4016.44
4014.95
4014.95
4014.95
4013.46
4013.46
4013.46
4011.96
4011.96
4011.96
4010.47
4010.47
4010.47
4008.98
4008.98
4008.98
4007.49
4007.49
4007.49
4005.99
4005.99
4005.99
4004.50
4004.50
4004.50
4003.01
4003.01
4003.01
4001.52
4001.52
4001.52
4000.02
4000.02
4000.02
3998.53
3998.53
3998.53
3997.04
3997.04
3997.04
3995.55
3995.55
3995.55
3994.05
3994.05
3994.05
3992.56
3992.56
3992.56
3991.07
3991.07
3991.07
3989.58
3989.58
3989.58
3988.08
3988.08
3988.08
3986.59
3986.59
3986.59
3985.10
3985.10
3985.10
3985.10
3983.61
3983.61
3983.61
3980.62
3980.62
3980.62
3979.13
3979.13
3979.13
3977.64
3977.64
3977.64
3976.14
3976.14
3976.14
3974.65
3974.65
3974.65
3973.16
3973.16
3973.16
3971.66
3971.66
3971.66
3970.17
3970.17
3970.17
3968.68
3968.68
3968.68
3967.19
3967.19
3967.19
3965.69
3965.69
3965.69
3964.20
3964.20
3964.20
3962.71
3962.71
3962.71
3961.22
3961.22
3961.22
3959.72
3959.72
3959.72
3958.23
3958.23
3958.23
3956.74
3956.74
3956.74
3955.25
3955.25
3955.25
3953.75
3953.75
3953.75
3952.26
3952.26
3952.26
3952.26
3950.77
3950.77
3950.77
3949.28
3949.28
3949.28
3947.78
3947.78
3947.78
3946.29
3946.29
3946.29
3944.80
3944.80
3944.80
3943.31
3943.31
3943.31
3941.81
3941.81
3941.81
3940.32
3940.32
3940.32
3938.83
3938.83
3938.83
3937.34
3937.34
3937.34
3935.84
3935.84
3935.84
3934.35
3934.35
3934.35
3932.86
3932.86
3932.86
3931.37
3931.37
3931.37
3929.87
3929.87
3929.87
3929.87
3928.38
3928.38
3928.38
3926.89
3926.89
3926.89
3925.40
3925.40
3925.40
3923.90
3923.90
3923.90
3922.41
3922.41
3922.41
3920.92
3920.92
3920.92
3917.93
3917.93
3917.93
3916.44
3916.44
3916.44
3914.95
3914.95
3914.95
3913.46
3913.46
3913.46
3913.46
3911.96
3911.96
3911.96
3910.47
3910.47
3910.47
3908.98
3908.98
3908.98
3907.49
3907.49
3907.49
3905.99
3905.99
3905.99
3904.50
3904.50
3904.50
3903.01
3903.01
3903.01
3901.52
3901.52
3901.52
3900.02
3900.02
3900.02
3898.53
3898.53
3898.53
3897.04
3897.04
3897.04
3897.04
3895.54
3895.54
3895.54
3894.05
3894.05
3894.05
3892.56
3892.56
3892.56
3891.07
3891.07
3891.07
3889.57
3889.57
3889.57
3888.08
3888.08
3888.08
3886.59
3886.59
3886.59
3885.10
3885.10
3885.10
3883.60
3883.60
3883.60
3882.11
3882.11
3882.11
3882.11
3880.62
3880.62
3880.62
3879.13
3879.13
3879.13
3877.63
3877.63
3877.63
3876.14
3876.14
3876.14
3874.65
3874.65
3874.65
3873.16
3873.16
3873.16
3871.66
3871.66
3871.66
3871.66
3870.17
3870.17
3870.17
3868.68
3868.68
3868.68
3867.19
3867.19
3867.19
3865.69
3865.69
3865.69
3864.20
3864.20
3864.20
3862.71
3862.71
3862.71
3861.22
3861.22
3861.22
3859.72
3859.72
3859.72
3859.72
3858.23
3858.23
3858.23
3856.74
3856.74
3856.74
3853.75
3853.75
3853.75
3852.26
3852.26
3852.26
3850.77
3850.77
3850.77
3849.28
3849.28
3849.28
3847.78
3847.78
3847.78
3847.78
3846.29
3846.29
3846.29
3844.80
3844.80
3844.80
3843.31
3843.31
3843.31
3841.81
3841.81
3841.81
3840.32
3840.32
3840.32
3838.83
3838.83
3838.83
3837.34
3837.34
3837.34
3837.34
3835.84
3835.84
3835.84
3834.35
3834.35
3834.35
3832.86
3832.86
3832.86
3831.37
3831.37
3831.37
3829.87
3829.87
3829.87
3828.38
3828.38
3828.38
3826.89
3826.89
3826.89
3826.89
3825.40
3825.40
3825.40
3823.90
3823.90
3823.90
3822.41
3822.41
3822.41
3820.92
3820.92
3820.92
3819.43
3819.43
3819.43
3817.93
3817.93
3817.93
3816.44
3816.44
3816.44
3816.44
3814.95
3814.95
3814.95
3813.45
3813.45
3813.45
3811.96
3811.96
3811.96
3810.47
3810.47
3810.47
3808.98
3808.98
3808.98
3808.98
3807.48
3807.48
3807.48
3805.99
3805.99
3805.99
3804.50
3804.50
3804.50
3803.01
3803.01
3803.01
3801.51
3801.51
3801.51
3801.51
3800.02
3800.02
3800.02
3798.53
3798.53
3798.53
3797.04
3797.04
3797.04
3795.54
3795.54
3795.54
3794.05
3794.05
3794.05
3792.56
3792.56
3792.56
3792.56
3789.57
3789.57
3789.57
3788.08
3788.08
3788.08
3786.59
3786.59
3786.59
3785.10
3785.10
3785.10
3783.60
3783.60
3783.60
3783.60
3782.11
3782.11
3782.11
3780.62
3780.62
3780.62
3779.13
3779.13
3779.13
3777.63
3777.63
3777.63
3776.14
3776.14
3776.14
3776.14
3774.65
3774.65
3774.65
3773.16
3773.16
3773.16
3771.66
3771.66
3771.66
3770.17
3770.17
3770.17
3768.68
3768.68
3768.68
3768.68
3767.19
3767.19
3767.19
3765.69
3765.69
3765.69
3764.20
3764.20
3764.20
3762.71
3762.71
3762.71
3762.71
3761.22
3761.22
3761.22
3759.72
3759.72
3759.72
3758.23
3758.23
3758.23
3756.74
3756.74
3756.74
3755.25
3755.25
3755.25
3755.25
3753.75
3753.75
3753.75
3752.26
3752.26
3752.26
3750.77
3750.77
3750.77
3749.28
3749.28
3749.28
3747.78
3747.78
3747.78
3747.78
3746.29
3746.29
3746.29
3744.80
3744.80
3744.80
3743.31
3743.31
3743.31
3741.81
3741.81
3741.81
3741.81
3740.32
3740.32
3740.32
3738.83
3738.83
3738.83
3737.34
3737.34
3737.34
3735.84
3735.84
3735.84
3735.84
3734.35
3734.35
3734.35
3732.86
3732.86
3732.86
3731.36
3731.36
3731.36
3729.87
3729.87
3729.87
3729.87
3726.89
3726.89
3726.89
3725.39
3725.39
3725.39
3723.90
3723.90
3723.90
3722.41
3722.41
3722.41
3722.41
3720.92
3720.92
3720.92
3719.42
3719.42
3719.42
3717.93
3717.93
3717.93
3716.44
3716.44
3716.44
3714.95
3714.95
3714.95
3714.95
3713.45
3713.45
3713.45
3711.96
3711.96
3711.96
3710.47
3710.47
3710.47
3708.98
3708.98
3708.98
3708.98
3707.48
3707.48
3707.48
3705.99
3705.99
3705.99
3704.50
3704.50
3704.50
3704.50
3703.01
3703.01
3703.01
3701.51
3701.51
3701.51
3700.02
3700.02
3700.02
3698.53
3698.53
3698.53
3698.53
3697.04
3697.04
3697.04
3695.54
3695.54
3695.54
3694.05
3694.05
3694.05
3692.56
3692.56
3692.56
3692.56
3691.07
3691.07
3691.07
3689.57
3689.57
3689.57
3688.08
3688.08
3688.08
3688.08
3686.59
3686.59
3686.59
3685.10
3685.10
3685.10
3683.60
3683.60
3683.60
3682.11
3682.11
3682.11
3682.11
3680.62
3680.62
3680.62
3679.13
3679.13
3679.13
3677.63
3677.63
3677.63
3677.63
3676.14
3676.14
3676.14
3674.65
3674.65
3674.65
3673.16
3673.16
3673.16
3671.66
3671.66
3671.66
3671.66
3670.17
3670.17
3670.17
3668.68
3668.68
3668.68
3667.19
3667.19
3667.19
3667.19
3665.69
3665.69
3665.69
3662.71
3662.71
3662.71
3661.22
3661.22
3661.22
3659.72
3659.72
3659.72
3659.72
3658.23
3658.23
3658.23
3656.74
3656.74
3656.74
3655.25
3655.25
3655.25
3655.25
3653.75
3653.75
3653.75
3652.26
3652.26
3652.26
3650.77
3650.77
3650.77
3650.77
3649.27
3649.27
3649.27
3647.78
3647.78
3647.78
3646.29
3646.29
3646.29
3646.29
3644.80
3644.80
3644.80
3643.30
3643.30
3643.30
3641.81
3641.81
3641.81
3641.81
3640.32
3640.32
3640.32
3638.83
3638.83
3638.83
3637.33
3637.33
3637.33
3637.33
3635.84
3635.84
3635.84
3634.35
3634.35
3634.35
3632.86
3632.86
3632.86
3632.86
3631.36
3631.36
3631.36
3629.87
3629.87
3629.87
3628.38
3628.38
3628.38
3628.38
3626.89
3626.89
3626.89
3625.39
3625.39
3625.39
3623.90
3623.90
3623.90
3622.41
3622.41
3622.41
3622.41
3620.92
3620.92
3620.92
3619.42
3619.42
3619.42
3619.42
3617.93
3617.93
3617.93
3616.44
3616.44
3616.44
3614.95
3614.95
3614.95
3614.95
3613.45
3613.45
3613.45
3611.96
3611.96
3611.96
3610.47
3610.47
3610.47
3610.47
3608.98
3608.98
3608.98
3607.48
3607.48
3607.48
3605.99
