IEC 61083-2 TDG Version 2.1.0
Data File Version  2.1.0
27 LI-M15
16 bits, 11999 samples at 10ns
1.000000e-008
-542.8
-542.8
-542.8
-542.8
-542.8
-542.8
-542.8
-542.8
-542.8
15.3
-542.8
-542.8
-542.8
15.3
-1100.9
-542.8
-1658.9
-542.8
-542.8
-542.8
-542.8
-542.8
-542.8
-542.8
-542.8
-542.8
-542.8
-542.8
-1100.9
-542.8
-1100.9
-542.8
-542.8
-1100.9
-542.8
-542.8
-1100.9
15.3
-542.8
-542.8
-1658.9
-542.8
-542.8
-542.8
-542.8
-542.8
-542.8
-542.8
-542.8
-542.8
-542.8
-542.8
-1100.9
-542.8
-1100.9
-542.8
-1100.9
-542.8
-542.8
-542.8
-542.8
-542.8
-1100.9
-542.8
-1100.9
-542.8
-542.8
-542.8
-542.8
-542.8
-1100.9
-542.8
-542.8
-542.8
-542.8
-542.8
-542.8
-542.8
-1100.9
-542.8
-1100.9
-542.8
-542.8
-542.8
-542.8
15.3
-542.8
-542.8
-1100.9
-542.8
-542.8
-542.8
-542.8
-542.8
-542.8
-542.8
-542.8
-542.8
-542.8
-542.8
-542.8
-542.8
-542.8
-542.8
-542.8
-542.8
-542.8
-542.8
-542.8
-542.8
-1100.9
-542.8
-542.8
-542.8
-542.8
-542.8
-542.8
-542.8
-542.8
-542.8
-542.8
-542.8
-542.8
-542.8
-542.8
-542.8
-542.8
-542.8
-542.8
-542.8
-542.8
-542.8
-542.8
-542.8
-542.8
-542.8
-542.8
-542.8
-542.8
-542.8
-542.8
15.3
-542.8
-542.8
-1100.9
-542.8
-542.8
-542.8
-542.8
15.3
-542.8
-542.8
-542.8
-542.8
-542.8
-542.8
-542.8
-542.8
-542.8
-542.8
-542.8
-542.8
-542.8
-542.8
-1100.9
-542.8
-1100.9
-542.8
-542.8
-542.8
-542.8
-542.8
-542.8
-542.8
-542.8
-542.8
-542.8
-542.8
-1100.9
-542.8
-542.8
-542.8
-1100.9
-542.8
-542.8
-542.8
-542.8
-542.8
-542.8
-542.8
-542.8
-542.8
-542.8
-542.8
-542.8
-542.8
-542.8
-542.8
-542.8
15.3
-542.8
-542.8
-542.8
15.3
-1658.9
-542.8
-1100.9
-542.8
-542.8
-542.8
-542.8
-542.8
-1100.9
-542.8
-542.8
-542.8
-542.8
-542.8
-1100.9
-542.8
-542.8
-542.8
-542.8
15.3
-1100.9
-542.8
-1100.9
-542.8
-542.8
-542.8
-542.8
15.3
-542.8
-542.8
-1100.9
-542.8
-542.8
-542.8
-1100.9
-542.8
-1100.9
-542.8
-542.8
-542.8
-1100.9
-542.8
-542.8
-542.8
-542.8
-542.8
-542.8
-542.8
-542.8
-542.8
-542.8
-542.8
-542.8
-542.8
-542.8
-542.8
-542.8
-542.8
-1100.9
-542.8
-542.8
-542.8
-542.8
-542.8
-542.8
-542.8
-542.8
-542.8
-542.8
15.3
-1100.9
-542.8
-542.8
-542.8
-542.8
-542.8
-542.8
-542.8
-542.8
-542.8
-542.8
-542.8
-542.8
-542.8
-542.8
-542.8
-542.8
-542.8
-542.8
-542.8
-542.8
-542.8
-542.8
-542.8
-542.8
-542.8
-542.8
-542.8
-1100.9
-542.8
-542.8
-542.8
-1100.9
-542.8
-1100.9
-542.8
-542.8
-542.8
-542.8
-542.8
-542.8
-542.8
-542.8
-542.8
-542.8
-542.8
-542.8
-542.8
-1100.9
-542.8
-542.8
-542.8
-542.8
-542.8
-542.8
-542.8
-542.8
-542.8
-542.8
-542.8
-542.8
-542.8
-542.8
-542.8
-542.8
-542.8
-542.8
-542.8
-542.8
-542.8
-542.8
-542.8
-542.8
-542.8
-1100.9
-542.8
-542.8
-542.8
-542.8
-1100.9
-542.8
-542.8
-542.8
-542.8
-542.8
-542.8
-542.8
-542.8
-542.8
-542.8
-542.8
-542.8
-1100.9
-542.8
-542.8
-542.8
-542.8
15.3
-1100.9
-542.8
-1658.9
-542.8
-542.8
-542.8
-542.8
-542.8
-542.8
-542.8
-1100.9
-542.8
-542.8
-542.8
-542.8
-542.8
-542.8
-542.8
-542.8
-542.8
-1100.9
-542.8
-542.8
-542.8
-542.8
-542.8
-542.8
-542.8
-542.8
15.3
-542.8
-542.8
-1100.9
-542.8
-542.8
-542.8
-542.8
-542.8
-542.8
-542.8
-1100.9
-542.8
-542.8
-542.8
-542.8
-542.8
-542.8
-542.8
-1100.9
-542.8
-542.8
-542.8
-542.8
-542.8
-542.8
-542.8
-542.8
-542.8
-542.8
-542.8
-542.8
-542.8
-542.8
-542.8
-542.8
-542.8
-542.8
-542.8
-542.8
-542.8
-542.8
-542.8
-1658.9
-542.8
-542.8
15.3
-542.8
-542.8
-542.8
-542.8
-1100.9
-542.8
-542.8
-542.8
-542.8
-542.8
-542.8
-542.8
-542.8
-542.8
-542.8
-542.8
-542.8
-542.8
-542.8
-542.8
-542.8
-542.8
-542.8
-542.8
-542.8
-542.8
-542.8
-542.8
-1100.9
-542.8
-542.8
-542.8
-542.8
-542.8
-542.8
-542.8
-542.8
-542.8
-542.8
-542.8
-542.8
-542.8
-542.8
-542.8
-1100.9
-542.8
-542.8
-542.8
-542.8
-542.8
-1100.9
-542.8
-542.8
-542.8
-542.8
15.3
-542.8
-542.8
-1100.9
-542.8
-1100.9
-1100.9
-542.8
-542.8
-542.8
-542.8
-1100.9
-542.8
-542.8
-1100.9
-542.8
-542.8
-542.8
-542.8
-1100.9
-542.8
-542.8
-542.8
-542.8
-542.8
-542.8
-542.8
-542.8
-542.8
-542.8
-542.8
-542.8
-542.8
-542.8
-542.8
-542.8
-542.8
-542.8
-542.8
-1100.9
-1100.9
-542.8
-542.8
15.3
-542.8
-542.8
-542.8
-1100.9
-1100.9
-542.8
-542.8
-542.8
-542.8
-542.8
-542.8
-542.8
-542.8
-542.8
-542.8
-1100.9
-542.8
-1100.9
-542.8
-1100.9
-542.8
-542.8
-542.8
-542.8
-542.8
-542.8
-542.8
-542.8
-542.8
-542.8
-1100.9
-542.8
-542.8
-542.8
-542.8
-542.8
-542.8
1689.5
-1658.9
1131.4
2247.6
4479.9
10626.5
13416.8
16214.9
22361.4
17889.1
9502.6
2805.7
3371.4
6154.2
14540.7
35204.9
54187.3
78207.6
102220.3
121218.0
127914.9
123450.3
116745.7
117861.9
114513.4
129589.2
148028.8
161430.3
178188.0
186008.8
192713.4
202758.8
192713.4
188241.1
188241.1
185443.0
191031.5
202208.4
219524.1
236274.2
255822.2
271463.8
283191.1
294926.1
303855.3
309443.8
313350.3
317822.6
331224.2
338486.9
344067.7
358600.7
366979.5
369769.9
374792.6
377583.0
377583.0
373676.5
371444.1
371444.1
369204.2
369204.2
370878.4
372002.2
373676.5
379257.3
382613.4
386519.9
393790.3
398247.3
403277.6
409982.2
412772.6
418361.1
422267.6
422833.4
425058.0
428414.1
430088.4
431762.6
432878.8
435111.1
437909.1
438467.2
440699.5
442931.9
446288.0
447404.2
452426.9
452992.6
457457.2
460247.6
463045.7
465278.0
468068.4
467518.0
469192.2
468626.5
469742.6
471975.0
468626.5
471424.5
473098.8
474773.0
477563.4
476447.2
478687.2
480361.4
484826.1
484268.0
485384.2
486500.3
484826.1
486500.3
485942.2
485384.2
484826.1
485942.2
485384.2
482035.7
484268.0
486500.3
483709.9
485942.2
487616.5
487616.5
489290.7
489856.4
491530.7
490965.0
492088.8
490414.5
493204.9
490965.0
490965.0
490965.0
488740.3
488182.2
488740.3
487616.5
489856.4
490965.0
492088.8
494321.1
493204.9
494321.1
496561.0
494879.2
496561.0
495995.3
495995.3
493204.9
495995.3
492646.8
493763.0
494321.1
493204.9
494321.1
495995.3
494321.1
495437.2
496561.0
496561.0
496561.0
496561.0
497111.5
496561.0
495995.3
497111.5
496561.0
497669.6
496561.0
495995.3
497111.5
495995.3
496561.0
494879.2
495437.2
494321.1
494321.1
497111.5
495437.2
497111.5
497669.6
498235.3
498235.3
498235.3
498785.7
497669.6
496561.0
496561.0
495995.3
495437.2
495437.2
494879.2
494879.2
494879.2
495995.3
494879.2
497111.5
497111.5
496561.0
499343.8
498785.7
498785.7
497669.6
497669.6
497669.6
495995.3
494879.2
495995.3
495437.2
494321.1
496561.0
496561.0
495995.3
497111.5
497111.5
497669.6
497111.5
498235.3
496561.0
497669.6
497111.5
496561.0
495995.3
497111.5
495995.3
495995.3
496561.0
497111.5
497111.5
495437.2
495995.3
497111.5
495995.3
496561.0
496561.0
495995.3
496561.0
495437.2
497111.5
497111.5
496561.0
497111.5
497111.5
495995.3
495995.3
496561.0
494879.2
494879.2
494321.1
494321.1
494879.2
495995.3
495995.3
497111.5
495995.3
496561.0
496561.0
497111.5
496561.0
495995.3
496561.0
494879.2
495437.2
495437.2
494321.1
495437.2
494321.1
495437.2
495437.2
495437.2
495995.3
496561.0
495995.3
496561.0
495995.3
495995.3
495437.2
494879.2
494321.1
494879.2
494321.1
494321.1
494879.2
494879.2
494879.2
495437.2
494879.2
494321.1
494321.1
494321.1
495437.2
494879.2
495437.2
494879.2
494321.1
494321.1
494321.1
494321.1
494321.1
494321.1
494321.1
493204.9
493763.0
494321.1
493204.9
494879.2
494321.1
493763.0
494321.1
494321.1
494321.1
494321.1
493763.0
493204.9
494321.1
493763.0
493204.9
494321.1
493204.9
493204.9
493204.9
492646.8
493204.9
493763.0
493204.9
493204.9
493204.9
493204.9
492088.8
494321.1
492646.8
494321.1
492646.8
492646.8
492088.8
492088.8
492088.8
492646.8
492088.8
492646.8
492088.8
493204.9
492088.8
492088.8
492646.8
492088.8
492646.8
492646.8
492088.8
492088.8
492088.8
492088.8
490965.0
492088.8
490965.0
492088.8
492088.8
490965.0
492088.8
490965.0
490965.0
491530.7
490965.0
492088.8
490965.0
490965.0
490965.0
490965.0
490965.0
490965.0
491530.7
490965.0
492088.8
490965.0
489856.4
490965.0
490414.5
490965.0
490965.0
490414.5
489856.4
490414.5
490414.5
490965.0
489856.4
490965.0
489856.4
489856.4
489856.4
490414.5
490414.5
489856.4
489856.4
489856.4
489856.4
489856.4
489856.4
489856.4
489856.4
489856.4
489856.4
489856.4
489290.7
489856.4
489856.4
489856.4
488740.3
489856.4
489290.7
489290.7
489290.7
488740.3
489856.4
488740.3
488182.2
489290.7
488740.3
489290.7
488740.3
488740.3
488740.3
488182.2
488740.3
488182.2
488740.3
488740.3
488182.2
488182.2
488182.2
488182.2
487616.5
488182.2
488182.2
487616.5
488740.3
487616.5
487616.5
488182.2
486500.3
487616.5
487058.4
487616.5
487616.5
487616.5
487616.5
487616.5
486500.3
487616.5
487058.4
487616.5
487058.4
487058.4
486500.3
487058.4
486500.3
486500.3
486500.3
486500.3
486500.3
486500.3
486500.3
486500.3
485942.2
486500.3
486500.3
486500.3
485942.2
486500.3
485384.2
486500.3
485384.2
485942.2
485384.2
485942.2
485942.2
485384.2
485942.2
485942.2
484826.1
485384.2
485384.2
485942.2
484826.1
485384.2
485384.2
484826.1
484826.1
484826.1
484826.1
484826.1
484826.1
484268.0
484826.1
484826.1
484268.0
485384.2
483709.9
483709.9
484268.0
484268.0
483709.9
484826.1
483709.9
483709.9
483709.9
483709.9
483709.9
483709.9
483709.9
483709.9
483144.2
483709.9
483144.2
483144.2
483144.2
483709.9
483144.2
483144.2
483144.2
483709.9
482593.8
483144.2
483144.2
483144.2
482593.8
483144.2
482035.7
482593.8
482593.8
482035.7
482593.8
482593.8
482593.8
482593.8
482035.7
482035.7
482035.7
482035.7
482035.7
482035.7
481470.0
482035.7
481470.0
482035.7
480919.5
482035.7
480919.5
482035.7
480919.5
481470.0
480919.5
480919.5
480361.4
480919.5
480919.5
480919.5
480919.5
480919.5
480361.4
480919.5
480361.4
480919.5
480361.4
480919.5
480361.4
480361.4
479795.7
480919.5
479795.7
479795.7
479795.7
480361.4
479795.7
479795.7
479795.7
479795.7
479237.6
479795.7
479237.6
479795.7
479237.6
479237.6
479237.6
479237.6
479237.6
479237.6
479237.6
478687.2
479237.6
478687.2
478687.2
478687.2
478121.5
478687.2
478687.2
478687.2
478687.2
478687.2
478121.5
478687.2
478121.5
478687.2
478121.5
478121.5
478687.2
478687.2
478121.5
478121.5
478121.5
478121.5
477563.4
477563.4
477563.4
477563.4
477013.0
477563.4
477013.0
477013.0
477563.4
477563.4
476447.2
477013.0
477013.0
477013.0
476447.2
476447.2
476447.2
476447.2
476447.2
476447.2
476447.2
476447.2
476447.2
476447.2
476447.2
476447.2
475889.2
476447.2
475323.4
476447.2
475323.4
475323.4
476447.2
475323.4
475323.4
476447.2
475323.4
475889.2
475889.2
475323.4
475889.2
475889.2
474773.0
475889.2
475323.4
475323.4
475323.4
474773.0
474773.0
475323.4
474773.0
474773.0
474773.0
474773.0
474214.9
474773.0
474214.9
474773.0
474214.9
474214.9
474214.9
474214.9
474214.9
474214.9
474214.9
474214.9
474214.9
474214.9
473649.2
474214.9
473649.2
474214.9
473098.8
473649.2
473649.2
473098.8
473098.8
473649.2
473098.8
473098.8
473649.2
473098.8
473098.8
473098.8
473098.8
473098.8
473098.8
473098.8
473098.8
473098.8
473098.8
473098.8
472540.7
472540.7
472540.7
472540.7
472540.7
472540.7
471975.0
472540.7
471975.0
472540.7
471975.0
471975.0
471975.0
471975.0
471975.0
471975.0
471975.0
471975.0
471424.5
471975.0
471975.0
471975.0
471975.0
471975.0
471424.5
471424.5
471424.5
471424.5
471424.5
471424.5
470866.4
471424.5
470866.4
471424.5
470866.4
470866.4
470866.4
470866.4
470300.7
470866.4
470866.4
470866.4
469742.6
470300.7
469742.6
470866.4
470300.7
470300.7
469742.6
470300.7
469742.6
470300.7
469742.6
469742.6
469742.6
469742.6
469742.6
469192.2
469192.2
469742.6
469742.6
469192.2
468626.5
469192.2
468626.5
469192.2
468626.5
468626.5
469192.2
468626.5
468068.4
468626.5
468626.5
468626.5
468068.4
468626.5
468626.5
468626.5
468626.5
468626.5
468068.4
468068.4
468068.4
468068.4
468068.4
467518.0
468068.4
468068.4
467518.0
467518.0
467518.0
467518.0
467518.0
467518.0
467518.0
467518.0
466952.2
467518.0
466952.2
467518.0
466952.2
466952.2
466952.2
466952.2
466952.2
466394.2
466394.2
466952.2
466394.2
466394.2
466952.2
465836.1
466394.2
466952.2
465836.1
465836.1
466394.2
465836.1
465836.1
465836.1
465278.0
465836.1
465278.0
465836.1
465278.0
465836.1
465278.0
465278.0
465278.0
465278.0
465278.0
465278.0
465278.0
465836.1
464719.9
465278.0
464719.9
465278.0
464719.9
465278.0
464719.9
464719.9
464161.8
464719.9
464161.8
464161.8
464161.8
464161.8
464161.8
464161.8
464161.8
464161.8
463603.8
464161.8
463603.8
464161.8
463045.7
464161.8
463045.7
463603.8
463603.8
463603.8
463603.8
463603.8
463045.7
463603.8
463045.7
463045.7
463045.7
463045.7
462479.9
463045.7
463045.7
463045.7
462479.9
462479.9
462479.9
462479.9
461921.9
462479.9
461921.9
462479.9
462479.9
462479.9
461921.9
461921.9
461921.9
461921.9
461921.9
461921.9
461371.4
461371.4
461371.4
461921.9
461371.4
461921.9
461371.4
461921.9
461371.4
461371.4
460805.7
461371.4
461371.4
461371.4
460805.7
460805.7
460805.7
460805.7
460805.7
460805.7
460805.7
460805.7
460247.6
460805.7
460247.6
460805.7
459697.2
460247.6
460247.6
460247.6
460247.6
460247.6
459697.2
459697.2
459697.2
459697.2
459697.2
459697.2
459697.2
459697.2
459131.5
459131.5
458573.4
459131.5
459131.5
459131.5
459131.5
459131.5
458573.4
459131.5
459131.5
459131.5
458573.4
458573.4
458573.4
458573.4
458573.4
458573.4
458573.4
458573.4
458573.4
458573.4
458015.3
458573.4
457457.2
458015.3
457457.2
458015.3
458015.3
457457.2
457457.2
458015.3
457457.2
457457.2
458573.4
457457.2
456899.2
458015.3
456899.2
457457.2
457457.2
456899.2
456341.1
456899.2
456899.2
456899.2
456341.1
456899.2
456341.1
456899.2
456341.1
456899.2
456341.1
456341.1
456341.1
456341.1
456341.1
456341.1
456341.1
456341.1
455783.0
456341.1
456341.1
456341.1
456341.1
455224.9
455224.9
455224.9
455224.9
455783.0
455224.9
455783.0
455224.9
455224.9
455224.9
455224.9
454666.8
455224.9
454666.8
455224.9
454666.8
455224.9
454666.8
454666.8
454666.8
454666.8
454666.8
454101.1
454101.1
454666.8
454101.1
454101.1
454101.1
454101.1
454101.1
454101.1
454101.1
454101.1
454101.1
454101.1
454101.1
454101.1
453550.7
454101.1
454101.1
454101.1
453550.7
454101.1
453550.7
452992.6
453550.7
453550.7
452992.6
453550.7
453550.7
452992.6
453550.7
452992.6
452992.6
453550.7
452992.6
452992.6
452992.6
452992.6
452426.9
452992.6
452426.9
452992.6
452426.9
452426.9
452426.9
452426.9
452426.9
451876.4
451876.4
451876.4
452426.9
452426.9
451876.4
451876.4
451310.7
451876.4
451310.7
451876.4
451876.4
451876.4
451310.7
451876.4
451310.7
451876.4
451310.7
451876.4
450752.6
451310.7
450752.6
451310.7
450752.6
450752.6
450752.6
450752.6
450752.6
450752.6
450752.6
450752.6
450202.2
450202.2
450202.2
450752.6
450202.2
450202.2
450202.2
450202.2
450202.2
450202.2
449636.5
449636.5
449636.5
450202.2
449636.5
449636.5
449636.5
449636.5
449636.5
449636.5
449078.4
449636.5
449078.4
449636.5
449078.4
449078.4
449078.4
449078.4
449078.4
448520.3
448520.3
448520.3
447962.2
447962.2
448520.3
449078.4
447962.2
448520.3
448520.3
448520.3
447962.2
447962.2
447962.2
447962.2
447404.2
447962.2
447404.2
447962.2
447404.2
447404.2
447404.2
447962.2
447404.2
447404.2
447404.2
447404.2
447404.2
447404.2
447404.2
447404.2
446846.1
447404.2
446846.1
446846.1
446846.1
446846.1
446288.0
446288.0
446288.0
446288.0
446288.0
446288.0
446288.0
446288.0
446288.0
446288.0
445729.9
446288.0
445729.9
445729.9
445171.8
445729.9
445729.9
445729.9
445729.9
445729.9
445171.8
445171.8
445171.8
445171.8
445171.8
445171.8
445171.8
445171.8
445171.8
445171.8
444606.1
444606.1
444055.7
444606.1
444606.1
444606.1
444606.1
444606.1
444606.1
444055.7
444055.7
444055.7
444055.7
444055.7
443497.6
444055.7
443497.6
444055.7
443497.6
444055.7
443497.6
443497.6
443497.6
443497.6
443497.6
443497.6
442931.9
443497.6
443497.6
443497.6
442931.9
442931.9
442931.9
442931.9
442931.9
442931.9
442931.9
442931.9
442381.4
442931.9
442931.9
442381.4
442931.9
442381.4
442381.4
442381.4
442381.4
442381.4
442381.4
441823.4
441823.4
442381.4
441257.6
441823.4
441823.4
441823.4
441257.6
441257.6
441823.4
441823.4
441257.6
441257.6
441257.6
441823.4
440699.5
441257.6
441257.6
441257.6
441257.6
441257.6
440699.5
440699.5
440699.5
440699.5
440699.5
440699.5
440699.5
440699.5
440699.5
440699.5
440699.5
440699.5
440149.1
440149.1
440149.1
440699.5
440149.1
439583.4
439583.4
440149.1
439583.4
439583.4
440149.1
439025.3
439025.3
439583.4
439583.4
439583.4
439583.4
439583.4
439025.3
439025.3
439025.3
439583.4
438467.2
438467.2
439025.3
439025.3
438467.2
438467.2
438467.2
438467.2
438467.2
438467.2
438467.2
438467.2
439025.3
438467.2
438467.2
438467.2
437909.1
438467.2
438467.2
438467.2
437909.1
437909.1
437909.1
438467.2
437909.1
437909.1
437351.1
438467.2
437909.1
437351.1
437351.1
437351.1
437351.1
437351.1
437351.1
437351.1
436785.3
437351.1
437351.1
437351.1
437351.1
437351.1
436785.3
437351.1
436785.3
436785.3
436785.3
436234.9
436785.3
436785.3
436785.3
436785.3
436234.9
436234.9
436234.9
436785.3
436234.9
436234.9
436234.9
436234.9
436234.9
436234.9
436234.9
436234.9
435676.8
436234.9
436234.9
436234.9
436234.9
435676.8
435111.1
436234.9
435111.1
435111.1
435676.8
435676.8
435111.1
435676.8
435111.1
435676.8
435111.1
435111.1
435111.1
435111.1
435111.1
435111.1
435111.1
435111.1
434002.6
434560.7
434560.7
435111.1
434002.6
434560.7
434002.6
434560.7
434002.6
434002.6
434560.7
434002.6
434002.6
434002.6
434002.6
434002.6
434002.6
434002.6
433436.9
434002.6
432878.8
434002.6
432878.8
433436.9
433436.9
432878.8
433436.9
433436.9
432878.8
432878.8
432878.8
432878.8
432878.8
432878.8
432328.4
432878.8
432328.4
432878.8
432328.4
432878.8
432328.4
432878.8
432328.4
432328.4
432328.4
432328.4
431762.6
431762.6
432328.4
432328.4
431762.6
432328.4
431762.6
431762.6
431204.5
431762.6
431762.6
431762.6
431762.6
431204.5
431204.5
431204.5
431204.5
431762.6
431204.5
431204.5
430654.1
431204.5
431204.5
430654.1
431204.5
430654.1
430088.4
430654.1
430088.4
430088.4
430088.4
430654.1
430088.4
430088.4
430088.4
430088.4
430088.4
430088.4
430088.4
430088.4
430088.4
430088.4
429530.3
430088.4
429530.3
430088.4
429530.3
429530.3
429530.3
429530.3
428972.2
429530.3
428972.2
429530.3
428972.2
429530.3
428414.1
428972.2
428972.2
428414.1
428414.1
428414.1
428414.1
428414.1
428414.1
428414.1
428414.1
428414.1
428414.1
428414.1
428414.1
428414.1
428414.1
428414.1
427856.1
427856.1
428414.1
427856.1
428414.1
427856.1
427290.3
427290.3
427290.3
427856.1
427290.3
427290.3
427290.3
427290.3
427290.3
427290.3
427290.3
426739.9
426739.9
426739.9
426739.9
427290.3
426739.9
427290.3
426181.8
426181.8
426181.8
426181.8
426181.8
426181.8
426181.8
426181.8
426181.8
426181.8
426181.8
426181.8
425616.1
426181.8
425616.1
425616.1
425616.1
425616.1
425616.1
425616.1
425616.1
425616.1
425058.0
425616.1
425058.0
425058.0
425058.0
425058.0
425058.0
425058.0
425058.0
425058.0
425058.0
425058.0
425058.0
425058.0
424507.6
425058.0
424507.6
424507.6
424507.6
424507.6
424507.6
424507.6
424507.6
424507.6
424507.6
424507.6
423941.9
423941.9
423941.9
423941.9
423941.9
423941.9
423941.9
423383.8
423941.9
423383.8
423383.8
423383.8
423383.8
423383.8
423383.8
423383.8
422833.4
422833.4
422833.4
422833.4
422833.4
422833.4
422833.4
422833.4
422833.4
422833.4
422833.4
422833.4
422833.4
422833.4
422833.4
422833.4
422833.4
422833.4
422267.6
422833.4
422267.6
422267.6
421709.5
422267.6
422267.6
421709.5
422267.6
421709.5
421159.1
421709.5
421709.5
421709.5
420593.4
421159.1
421159.1
421709.5
421159.1
421159.1
420593.4
421159.1
421159.1
420593.4
420593.4
420593.4
420593.4
420593.4
420593.4
421159.1
420593.4
420593.4
420593.4
420593.4
420593.4
420593.4
420593.4
420593.4
420035.3
420593.4
420593.4
420593.4
420593.4
420035.3
420035.3
420035.3
420035.3
419477.2
419477.2
420035.3
419477.2
419477.2
419477.2
419477.2
419477.2
419477.2
419477.2
419477.2
419477.2
419477.2
418919.1
419477.2
418919.1
419477.2
418919.1
419477.2
418919.1
419477.2
418919.1
418919.1
418361.1
418919.1
418361.1
418919.1
418361.1
418919.1
418361.1
418361.1
418361.1
418361.1
418361.1
418361.1
418361.1
418361.1
417803.0
418361.1
417803.0
418361.1
418361.1
417803.0
417803.0
417803.0
417803.0
417803.0
417244.9
417244.9
417244.9
417803.0
417244.9
417244.9
417803.0
417244.9
417244.9
417244.9
417244.9
417244.9
416686.8
417244.9
417244.9
417244.9
416686.8
416128.7
416686.8
416686.8
416686.8
416686.8
416686.8
416686.8
416128.7
416686.8
416128.7
416128.7
416128.7
416128.7
416128.7
416128.7
416128.7
416128.7
416128.7
416128.7
415012.6
415563.0
415012.6
415563.0
416128.7
415563.0
415563.0
415563.0
415563.0
415563.0
415012.6
415012.6
415563.0
415012.6
415012.6
415012.6
415012.6
415012.6
415012.6
415012.6
414446.9
415012.6
414446.9
415012.6
414446.9
414446.9
414446.9
414446.9
413888.8
414446.9
413888.8
414446.9
413888.8
413888.8
414446.9
413888.8
413338.3
413888.8
413888.8
413888.8
413888.8
413888.8
413888.8
413338.3
413338.3
413888.8
413338.3
413888.8
413338.3
413338.3
413338.3
413338.3
413338.3
413338.3
413338.3
412772.6
412772.6
412772.6
412214.5
412772.6
412772.6
412214.5
412214.5
412772.6
412214.5
412214.5
412214.5
412214.5
412214.5
412214.5
412214.5
412214.5
412214.5
412214.5
411656.5
412214.5
411656.5
411656.5
411656.5
411656.5
411656.5
411656.5
411656.5
411656.5
411656.5
411656.5
411098.4
411098.4
410540.3
411098.4
411098.4
411098.4
411098.4
411098.4
410540.3
411098.4
410540.3
410540.3
410540.3
410540.3
410540.3
410540.3
410540.3
410540.3
409982.2
410540.3
410540.3
409982.2
409982.2
409982.2
409424.1
409982.2
409424.1
409982.2
409424.1
409424.1
409424.1
409424.1
409982.2
409424.1
409424.1
409424.1
409424.1
409424.1
409424.1
409424.1
408866.1
408866.1
408308.0
408866.1
408866.1
408866.1
409424.1
408866.1
408308.0
408866.1
408308.0
408308.0
408308.0
408308.0
408308.0
408308.0
408308.0
408308.0
407742.3
408308.0
408308.0
408308.0
407742.3
408308.0
407742.3
407742.3
407742.3
407742.3
407191.8
407742.3
407191.8
407191.8
407191.8
407742.3
407191.8
407191.8
407191.8
407191.8
407191.8
407191.8
407191.8
407191.8
406633.7
407191.8
406633.7
407191.8
406633.7
406633.7
406633.7
406068.0
406633.7
407191.8
406633.7
406633.7
406633.7
406068.0
406068.0
406068.0
405517.6
406068.0
406068.0
406068.0
405517.6
405517.6
405517.6
405517.6
405517.6
405517.6
405517.6
405517.6
404959.5
404959.5
404959.5
404959.5
404959.5
404959.5
404959.5
404959.5
404959.5
404959.5
404959.5
404959.5
404959.5
404959.5
404959.5
404959.5
404959.5
404959.5
403835.7
404959.5
404393.8
403835.7
404959.5
404959.5
403835.7
404959.5
404393.8
403835.7
404393.8
404959.5
403277.6
403835.7
403835.7
403835.7
403835.7
403835.7
403835.7
403835.7
403277.6
403277.6
403277.6
403835.7
403277.6
403277.6
403277.6
403277.6
402719.5
402719.5
402719.5
403277.6
402719.5
402719.5
402719.5
402719.5
402719.5
402719.5
402719.5
402719.5
402719.5
402719.5
402719.5
402719.5
402161.5
402719.5
402719.5
402719.5
401603.4
402161.5
402161.5
402161.5
402719.5
402719.5
401603.4
401603.4
401603.4
402161.5
401603.4
402161.5
401603.4
401603.4
401603.4
401603.4
401603.4
401603.4
401045.3
401603.4
401045.3
401603.4
401603.4
401603.4
401045.3
401045.3
401045.3
401603.4
401045.3
400487.2
401045.3
401045.3
400487.2
400487.2
400487.2
401045.3
400487.2
400487.2
399921.5
400487.2
400487.2
400487.2
399921.5
400487.2
400487.2
399921.5
399921.5
399921.5
400487.2
399921.5
399921.5
399921.5
399371.1
399921.5
399371.1
399371.1
399921.5
399371.1
399371.1
399921.5
399371.1
399371.1
399371.1
399371.1
398813.0
399371.1
399371.1
399371.1
399371.1
399371.1
398813.0
398813.0
398813.0
398813.0
398813.0
398813.0
398813.0
398247.3
398247.3
398813.0
398247.3
398813.0
398247.3
398247.3
398247.3
398247.3
398247.3
398247.3
398247.3
398247.3
398247.3
398247.3
397696.8
398247.3
397696.8
398247.3
397138.7
397696.8
397138.7
397138.7
397696.8
397138.7
397138.7
397138.7
397138.7
397138.7
397138.7
397138.7
397138.7
397138.7
397138.7
397138.7
396573.0
397138.7
396573.0
397138.7
396573.0
397138.7
396573.0
396573.0
396573.0
396573.0
396573.0
396573.0
396022.6
396573.0
396022.6
396022.6
396573.0
396022.6
396022.6
396022.6
396022.6
395464.5
396022.6
396022.6
395464.5
395464.5
394898.8
396022.6
395464.5
394898.8
395464.5
394898.8
395464.5
395464.5
394898.8
395464.5
394898.8
394340.7
394898.8
394898.8
394898.8
394340.7
394340.7
394898.8
394340.7
394340.7
394340.7
394340.7
394340.7
394340.7
394340.7
394340.7
393790.3
394340.7
393790.3
394340.7
394340.7
393790.3
393790.3
394340.7
393790.3
393790.3
393790.3
393224.5
393790.3
393790.3
393790.3
393790.3
393790.3
393224.5
392666.5
393224.5
392666.5
392666.5
392666.5
392666.5
392666.5
392666.5
392666.5
392666.5
393224.5
392666.5
392666.5
392666.5
392666.5
392666.5
392666.5
392666.5
392666.5
392666.5
392116.0
392666.5
392116.0
392116.0
392116.0
392116.0
392116.0
391550.3
391550.3
392116.0
391550.3
391550.3
391550.3
391550.3
391550.3
391550.3
390992.2
391550.3
391550.3
391550.3
391550.3
390992.2
390992.2
390992.2
390992.2
390992.2
390426.5
390426.5
390426.5
390426.5
390426.5
390426.5
390426.5
390426.5
390426.5
390426.5
390426.5
390426.5
390426.5
390426.5
389876.1
390426.5
389318.0
389876.1
389876.1
389876.1
389876.1
389876.1
389876.1
389318.0
389318.0
389876.1
389318.0
389876.1
389876.1
389318.0
389318.0
389318.0
389318.0
388752.3
389318.0
389318.0
389318.0
389318.0
388752.3
388752.3
389318.0
388752.3
388752.3
388752.3
389318.0
388752.3
388201.8
388752.3
388201.8
388752.3
388201.8
388752.3
388752.3
388201.8
388201.8
388201.8
387643.7
388201.8
387643.7
388201.8
387643.7
388201.8
387643.7
388201.8
387643.7
387643.7
387643.7
387078.0
387078.0
387078.0
387078.0
387643.7
387078.0
387078.0
387078.0
387078.0
387078.0
387078.0
387078.0
387078.0
387078.0
387078.0
387078.0
387078.0
387078.0
387078.0
386519.9
386519.9
385969.5
386519.9
386519.9
385969.5
386519.9
387078.0
385969.5
385969.5
385969.5
385969.5
385969.5
385969.5
385403.8
385969.5
385969.5
385969.5
385403.8
385969.5
385969.5
385969.5
385403.8
385403.8
385403.8
385403.8
385403.8
385403.8
385403.8
385403.8
385403.8
385403.8
384845.7
385403.8
384845.7
385403.8
384845.7
384845.7
384845.7
384845.7
384845.7
384845.7
384845.7
384845.7
384295.3
384845.7
384845.7
384845.7
384845.7
384295.3
384295.3
384295.3
384845.7
384295.3
383729.5
384845.7
384295.3
384295.3
383729.5
384295.3
383729.5
383729.5
383729.5
383729.5
383171.5
383729.5
383729.5
383729.5
383729.5
383729.5
383729.5
383729.5
383729.5
383729.5
383171.5
383171.5
383171.5
383729.5
383171.5
382613.4
383171.5
382613.4
383171.5
382613.4
382613.4
383171.5
382613.4
382613.4
382613.4
383171.5
382613.4
383171.5
382613.4
382613.4
382055.3
382613.4
382613.4
382613.4
382055.3
382613.4
382055.3
382055.3
382055.3
382055.3
382055.3
381497.2
382055.3
381497.2
381497.2
382055.3
381497.2
381497.2
381497.2
381497.2
381497.2
381497.2
381497.2
381497.2
381497.2
381497.2
380939.1
381497.2
381497.2
381497.2
380939.1
380939.1
380939.1
380939.1
380939.1
380939.1
380381.1
380939.1
380381.1
380939.1
380939.1
380381.1
380381.1
380381.1
380381.1
380381.1
380381.1
380381.1
380381.1
380381.1
379823.0
380381.1
379823.0
379823.0
379823.0
379823.0
379257.3
379823.0
379257.3
379823.0
379823.0
379823.0
379257.3
379823.0
379823.0
379257.3
379257.3
379257.3
378699.2
379257.3
379257.3
379257.3
378699.2
378699.2
379257.3
379257.3
379257.3
378699.2
378699.2
378699.2
378699.2
378699.2
378699.2
378699.2
378148.7
378699.2
378148.7
378699.2
378148.7
378148.7
378148.7
378148.7
378148.7
378699.2
378148.7
378148.7
377583.0
377583.0
377583.0
378148.7
378148.7
377583.0
377583.0
377583.0
377583.0
377583.0
377583.0
377583.0
377583.0
377583.0
377024.9
377024.9
377024.9
377583.0
377024.9
377024.9
376474.5
377024.9
376474.5
376474.5
376474.5
377024.9
376474.5
376474.5
376474.5
376474.5
376474.5
376474.5
376474.5
376474.5
376474.5
376474.5
375908.8
376474.5
375908.8
375908.8
375908.8
375350.7
375908.8
375908.8
375908.8
375908.8
375350.7
375908.8
375350.7
375908.8
375908.8
375908.8
375350.7
375350.7
375350.7
375350.7
375350.7
375350.7
374792.6
375350.7
374792.6
374792.6
374792.6
374792.6
374792.6
374792.6
374792.6
374792.6
374234.5
374792.6
374792.6
374792.6
374234.5
374792.6
374792.6
374234.5
373676.5
373676.5
373676.5
374234.5
373676.5
374234.5
373676.5
374234.5
373676.5
373676.5
373676.5
373676.5
373118.4
373676.5
373676.5
373676.5
373118.4
373676.5
373676.5
373118.4
373118.4
373118.4
373118.4
373118.4
373118.4
372560.3
372560.3
372560.3
372560.3
373118.4
372560.3
372560.3
372560.3
372560.3
372560.3
372560.3
372002.2
372560.3
372560.3
372002.2
372002.2
372002.2
372002.2
372002.2
372002.2
372002.2
372002.2
372002.2
371444.1
372002.2
371444.1
372002.2
371444.1
371444.1
371444.1
372002.2
371444.1
371444.1
371444.1
371444.1
371444.1
371444.1
370878.4
370878.4
370878.4
370878.4
370878.4
371444.1
371444.1
370878.4
370328.0
370878.4
370878.4
370878.4
370328.0
370328.0
370328.0
370328.0
370878.4
370328.0
369769.9
369769.9
370328.0
370328.0
369769.9
370328.0
370328.0
369769.9
369769.9
370328.0
369769.9
369769.9
369769.9
369204.2
369769.9
369204.2
369204.2
369204.2
369204.2
369204.2
369204.2
369769.9
369204.2
369204.2
369204.2
369204.2
369204.2
369204.2
369204.2
369204.2
369204.2
369204.2
369204.2
369204.2
368653.7
368653.7
369204.2
369204.2
368088.0
368653.7
368653.7
368088.0
368653.7
368653.7
368088.0
368653.7
368653.7
368088.0
368653.7
368088.0
368088.0
368088.0
368088.0
368088.0
368088.0
368088.0
368088.0
368088.0
367529.9
368088.0
367529.9
367529.9
366979.5
366979.5
367529.9
367529.9
367529.9
367529.9
367529.9
366979.5
367529.9
366979.5
366979.5
366979.5
366979.5
366979.5
366979.5
366979.5
366979.5
366979.5
366979.5
366979.5
366979.5
366979.5
366979.5
366979.5
366413.8
366979.5
366979.5
366979.5
366413.8
365855.7
365855.7
366413.8
365855.7
366413.8
366413.8
366413.8
365855.7
366413.8
365855.7
365855.7
365855.7
365855.7
365297.6
365855.7
365855.7
365855.7
365855.7
365855.7
365297.6
365855.7
365297.6
365855.7
364739.5
365297.6
365297.6
365297.6
365297.6
364739.5
364739.5
365297.6
365297.6
364739.5
364739.5
364739.5
364739.5
364739.5
364739.5
364739.5
364739.5
364739.5
364739.5
364739.5
364739.5
364739.5
364739.5
364739.5
364739.5
364739.5
363623.4
364181.5
364181.5
364181.5
364181.5
364181.5
363623.4
363623.4
363623.4
364181.5
363623.4
363623.4
363623.4
363623.4
363065.3
363623.4
363623.4
363623.4
363623.4
363623.4
363623.4
363623.4
363065.3
363623.4
363065.3
363623.4
363065.3
363065.3
363065.3
363065.3
363065.3
362507.2
363065.3
363623.4
362507.2
362507.2
362507.2
362507.2
362507.2
363065.3
362507.2
362507.2
362507.2
362507.2
362507.2
362507.2
362507.2
362507.2
362507.2
361949.1
361949.1
361949.1
361949.1
361949.1
361383.4
361383.4
361383.4
361383.4
361383.4
361383.4
361383.4
361383.4
361383.4
361383.4
361383.4
361383.4
361383.4
361383.4
361383.4
361383.4
360833.0
361383.4
360833.0
360833.0
361383.4
361383.4
360833.0
360833.0
360274.9
360833.0
360833.0
360833.0
360274.9
360833.0
360274.9
360833.0
360833.0
360274.9
360833.0
360274.9
360274.9
360274.9
360274.9
360274.9
360274.9
360274.9
360274.9
360274.9
359709.2
359709.2
359709.2
360274.9
359709.2
359709.2
359709.2
359709.2
359158.7
359709.2
359158.7
359158.7
359158.7
359709.2
359709.2
359158.7
359158.7
359158.7
358600.7
358600.7
359158.7
358600.7
358600.7
358600.7
358600.7
358600.7
358600.7
358600.7
358600.7
358600.7
358600.7
358600.7
358600.7
358034.9
358034.9
358034.9
358600.7
358034.9
358034.9
358034.9
358034.9
358034.9
358034.9
358034.9
358034.9
357476.9
357476.9
358034.9
358034.9
358034.9
356926.4
357476.9
357476.9
357476.9
357476.9
357476.9
357476.9
357476.9
356926.4
357476.9
356926.4
356926.4
356926.4
356926.4
356926.4
356926.4
356926.4
356926.4
356926.4
356926.4
356926.4
356926.4
356360.7
356360.7
356360.7
356926.4
355802.6
356360.7
356360.7
356360.7
356360.7
355802.6
355802.6
355802.6
355802.6
355802.6
356360.7
355802.6
355802.6
355244.5
355244.5
355802.6
355802.6
355802.6
355244.5
355244.5
355244.5
355244.5
355244.5
355244.5
354686.5
354686.5
354686.5
354686.5
354686.5
355244.5
354686.5
355244.5
354686.5
354686.5
354686.5
354686.5
354686.5
354686.5
354128.4
354686.5
354686.5
354686.5
354128.4
354128.4
353562.7
354128.4
354128.4
354128.4
354128.4
354128.4
354128.4
353562.7
353562.7
354128.4
353562.7
353562.7
353562.7
353562.7
353562.7
353562.7
353562.7
353562.7
353562.7
353562.7
353012.2
353562.7
353562.7
353562.7
353012.2
353012.2
353012.2
353562.7
353562.7
353012.2
352454.1
353012.2
353562.7
352454.1
353012.2
352454.1
352454.1
353012.2
352454.1
352454.1
352454.1
352454.1
352454.1
352454.1
351888.4
351888.4
352454.1
351888.4
351888.4
351888.4
351888.4
351888.4
351338.0
351338.0
351338.0
351888.4
351338.0
351338.0
351338.0
351338.0
351338.0
351338.0
351338.0
351338.0
351338.0
351338.0
351338.0
351338.0
351338.0
351338.0
351338.0
351338.0
351338.0
351338.0
351338.0
351338.0
351338.0
351338.0
351338.0
350779.9
350779.9
350779.9
351338.0
350214.2
350214.2
350214.2
350214.2
350214.2
350214.2
350214.2
350214.2
349656.1
350214.2
350214.2
350214.2
350214.2
350214.2
350214.2
350214.2
350214.2
349656.1
349656.1
349656.1
350214.2
350214.2
349656.1
349656.1
349656.1
349656.1
349656.1
349656.1
349105.7
349105.7
349105.7
349105.7
349105.7
349105.7
349105.7
349105.7
349656.1
349105.7
349105.7
349105.7
349105.7
349105.7
349105.7
349105.7
349105.7
349105.7
349105.7
349105.7
349105.7
348539.9
349105.7
349105.7
349105.7
348539.9
349105.7
347981.9
348539.9
347981.9
348539.9
349105.7
347981.9
347981.9
347981.9
347981.9
347981.9
347981.9
347981.9
347981.9
347981.9
347981.9
347981.9
347981.9
347981.9
347431.4
347431.4
347431.4
347431.4
347981.9
347431.4
346865.7
347431.4
346865.7
346865.7
347431.4
346865.7
346865.7
347431.4
347431.4
347431.4
346865.7
346865.7
346865.7
347431.4
346865.7
346865.7
346865.7
346865.7
346865.7
346865.7
346865.7
346865.7
346307.6
346865.7
346865.7
346865.7
346307.6
346865.7
346307.6
346307.6
345757.2
346307.6
346307.6
346307.6
346307.6
346307.6
345757.2
346307.6
345757.2
345757.2
345757.2
345757.2
345757.2
345757.2
345757.2
345757.2
345757.2
345757.2
345757.2
345757.2
345757.2
345191.5
345757.2
345191.5
345191.5
345191.5
344633.4
345191.5
345191.5
344633.4
345191.5
344633.4
344633.4
345191.5
344633.4
344633.4
344633.4
344633.4
344633.4
345191.5
344633.4
344633.4
344633.4
344633.4
344067.7
344633.4
344633.4
344633.4
344067.7
344067.7
344067.7
344067.7
343517.2
343517.2
344067.7
343517.2
344067.7
344067.7
343517.2
343517.2
344067.7
343517.2
343517.2
343517.2
343517.2
343517.2
343517.2
343517.2
343517.2
342959.1
342959.1
343517.2
343517.2
343517.2
343517.2
342959.1
342959.1
343517.2
342959.1
342959.1
342393.4
342959.1
342959.1
342959.1
342959.1
342959.1
342959.1
342959.1
342959.1
342959.1
342393.4
342393.4
342393.4
342393.4
342393.4
342393.4
342393.4
342393.4
341843.0
341843.0
341843.0
342393.4
341843.0
341843.0
341843.0
341843.0
341284.9
341843.0
341284.9
341284.9
341843.0
341843.0
341284.9
341284.9
341843.0
341284.9
341284.9
341284.9
341284.9
340719.2
340719.2
341284.9
340719.2
340719.2
340719.2
340719.2
340719.2
340719.2
340719.2
340719.2
340719.2
340161.1
340719.2
340719.2
340161.1
340719.2
340161.1
340719.2
340719.2
340161.1
339610.7
340161.1
340161.1
340161.1
339610.7
340161.1
340161.1
340161.1
339610.7
340161.1
339610.7
340161.1
339610.7
339610.7
339044.9
339610.7
339610.7
339044.9
339610.7
339610.7
339610.7
339044.9
339610.7
339044.9
339044.9
339044.9
339044.9
339044.9
339044.9
339044.9
339044.9
339044.9
338486.9
339044.9
339044.9
338486.9
338486.9
338486.9
338486.9
338486.9
337936.4
337936.4
338486.9
338486.9
338486.9
337936.4
337936.4
337936.4
337936.4
337936.4
337936.4
337936.4
337936.4
337936.4
337370.7
337936.4
337370.7
337936.4
337370.7
337936.4
337370.7
337936.4
337936.4
337370.7
337370.7
337370.7
337936.4
337370.7
336812.6
336812.6
336812.6
336812.6
336812.6
337370.7
336812.6
336812.6
336812.6
336812.6
336254.5
336812.6
336812.6
336812.6
336254.5
336812.6
336812.6
336254.5
336254.5
336254.5
336812.6
336254.5
336254.5
335696.5
335696.5
336254.5
336254.5
336254.5
336254.5
335696.5
335696.5
335696.5
335696.5
335696.5
335696.5
335696.5
335696.5
335696.5
335696.5
335696.5
335138.4
335696.5
335696.5
335696.5
335138.4
335696.5
335138.4
335696.5
335138.4
335138.4
335138.4
335696.5
335138.4
334580.3
335138.4
335138.4
334580.3
334580.3
335138.4
334580.3
334580.3
334580.3
334580.3
334580.3
334580.3
334580.3
334580.3
334022.2
334022.2
334580.3
334580.3
334580.3
334022.2
334022.2
334022.2
334022.2
334022.2
334022.2
334022.2
334022.2
334022.2
333464.1
333464.1
333464.1
333464.1
333464.1
333464.1
333464.1
333464.1
333464.1
333464.1
333464.1
333464.1
333464.1
333464.1
333464.1
332906.1
333464.1
333464.1
333464.1
332906.1
332906.1
332906.1
333464.1
332340.3
333464.1
332340.3
332340.3
333464.1
332906.1
332340.3
332906.1
332906.1
332340.3
332906.1
332906.1
332340.3
332906.1
332340.3
331789.9
332906.1
332340.3
332340.3
332340.3
331789.9
332340.3
332340.3
332340.3
332340.3
332340.3
331224.2
331789.9
331789.9
331789.9
331789.9
331789.9
331789.9
331789.9
331789.9
331789.9
331789.9
331789.9
331789.9
331789.9
331224.2
331224.2
331224.2
331224.2
331224.2
331224.2
331224.2
331224.2
331224.2
331224.2
331224.2
331224.2
331224.2
331224.2
331224.2
331224.2
331224.2
330666.1
330666.1
331224.2
330115.7
330666.1
330666.1
330115.7
330115.7
330666.1
330115.7
330115.7
330115.7
330666.1
330115.7
330666.1
330115.7
330666.1
330115.7
330115.7
330115.7
330115.7
330115.7
330115.7
330115.7
330115.7
329549.9
330115.7
329549.9
330115.7
329549.9
329549.9
330115.7
328991.9
328991.9
329549.9
329549.9
329549.9
328991.9
329549.9
328991.9
328991.9
328991.9
329549.9
328991.9
328991.9
328991.9
328991.9
328991.9
328991.9
328433.8
328433.8
328991.9
328991.9
328433.8
328433.8
328433.8
328991.9
328991.9
328433.8
327875.7
328991.9
328991.9
328433.8
328433.8
327875.7
327875.7
327875.7
327875.7
327875.7
327875.7
327875.7
327875.7
327875.7
327875.7
327875.7
327875.7
327875.7
327875.7
327875.7
327875.7
327875.7
327875.7
327317.6
327317.6
327875.7
327875.7
327317.6
327317.6
327317.6
327875.7
327317.6
327317.6
327317.6
327317.6
327317.6
326759.5
327317.6
326759.5
326759.5
326759.5
326759.5
326759.5
326759.5
326759.5
326759.5
326759.5
326201.5
326201.5
326201.5
326759.5
325643.4
326759.5
326759.5
326201.5
326759.5
326201.5
326201.5
325643.4
326201.5
326201.5
326201.5
326201.5
325643.4
325643.4
325643.4
325643.4
325643.4
325643.4
325643.4
325643.4
325643.4
325085.3
325643.4
325085.3
325085.3
325643.4
325085.3
325085.3
325085.3
325085.3
325643.4
325085.3
325085.3
325085.3
325085.3
324519.6
325085.3
324519.6
325085.3
325085.3
325085.3
325085.3
325085.3
323969.1
324519.6
324519.6
324519.6
324519.6
324519.6
323969.1
324519.6
324519.6
324519.6
323969.1
324519.6
323969.1
324519.6
323969.1
323969.1
323411.1
323969.1
323969.1
323969.1
323969.1
323411.1
323969.1
323969.1
323411.1
323969.1
323411.1
323969.1
323411.1
323969.1
322845.3
323969.1
323411.1
323411.1
323411.1
323411.1
322845.3
322845.3
322845.3
323411.1
322845.3
322845.3
322294.9
322845.3
322845.3
322294.9
322845.3
322294.9
322294.9
322294.9
322845.3
322294.9
322294.9
322294.9
322294.9
322294.9
322294.9
322294.9
321736.8
321736.8
322294.9
321736.8
322294.9
321736.8
322294.9
321736.8
321736.8
322294.9
322294.9
322294.9
321736.8
321171.1
321736.8
321736.8
321736.8
321736.8
321171.1
321171.1
321171.1
321171.1
321171.1
321171.1
321171.1
321171.1
321171.1
321171.1
321171.1
321171.1
320613.0
321171.1
320613.0
321171.1
321171.1
320613.0
320613.0
320613.0
320613.0
320613.0
320054.9
320054.9
320054.9
320613.0
320054.9
320054.9
320054.9
320054.9
320054.9
320054.9
320054.9
320054.9
320054.9
319496.9
320054.9
320054.9
320054.9
319496.9
320054.9
320054.9
320054.9
320054.9
319496.9
319496.9
318938.8
318938.8
319496.9
319496.9
318938.8
319496.9
319496.9
318938.8
318938.8
318938.8
318938.8
318938.8
318938.8
318938.8
318938.8
318938.8
318380.7
318938.8
318938.8
318380.7
318938.8
318938.8
318938.8
318938.8
318380.7
318380.7
318380.7
318380.7
318380.7
317822.6
318380.7
318380.7
318380.7
318380.7
318380.7
318380.7
317822.6
317822.6
317822.6
317822.6
317822.6
317822.6
317822.6
317822.6
317822.6
317822.6
317822.6
317822.6
317822.6
317264.5
317822.6
317822.6
317264.5
317822.6
316706.5
317822.6
317264.5
317264.5
317264.5
317264.5
317264.5
317264.5
317264.5
316698.8
316706.5
317264.5
317264.5
316698.8
316698.8
316698.8
316148.4
316698.8
316148.4
316698.8
316148.4
316148.4
316148.4
316698.8
316148.4
316148.4
316148.4
316148.4
316148.4
316148.4
316148.4
316698.8
316148.4
316148.4
316148.4
315590.3
316148.4
315590.3
315590.3
315590.3
315590.3
315590.3
315590.3
315590.3
315590.3
315590.3
315590.3
315590.3
315590.3
315590.3
315590.3
315590.3
315590.3
315590.3
314474.1
315590.3
315590.3
315024.6
315590.3
315590.3
315590.3
315590.3
314474.1
315024.6
315024.6
315024.6
315024.6
314474.1
315024.6
314474.1
314474.1
315024.6
314474.1
314474.1
315024.6
314474.1
314474.1
314474.1
313916.1
314474.1
315590.3
314474.1
314474.1
314474.1
314474.1
313350.3
313916.1
314474.1
313916.1
314474.1
314474.1
313916.1
314474.1
313916.1
313916.1
313916.1
313350.3
313916.1
313916.1
313350.3
313916.1
313350.3
313916.1
313916.1
313350.3
313350.3
313350.3
313350.3
313350.3
313350.3
313350.3
313350.3
313350.3
313350.3
313350.3
313350.3
312799.9
312799.9
312799.9
312799.9
313350.3
313350.3
312799.9
312799.9
312799.9
312241.8
312799.9
312799.9
312241.8
312799.9
312241.8
312241.8
312241.8
312241.8
312241.8
312799.9
312241.8
312241.8
312241.8
312241.8
312241.8
312241.8
312241.8
312241.8
312241.8
312241.8
311676.1
312241.8
311676.1
311676.1
312241.8
312241.8
311676.1
311118.0
311676.1
311676.1
311118.0
311676.1
311118.0
311118.0
311118.0
311676.1
311118.0
311118.0
311118.0
311118.0
311118.0
311118.0
311118.0
311118.0
311118.0
311118.0
311118.0
311118.0
311118.0
311118.0
310567.6
310567.6
310567.6
311118.0
311118.0
310567.6
310567.6
310567.6
311118.0
310001.9
310001.9
310567.6
310567.6
310567.6
310001.9
310001.9
310567.6
310567.6
310001.9
310001.9
310001.9
310001.9
310001.9
310001.9
309443.8
310001.9
310001.9
310001.9
310001.9
310001.9
310001.9
310001.9
310001.9
310001.9
309443.8
309443.8
309443.8
309443.8
309443.8
308893.3
309443.8
309443.8
309443.8
309443.8
308893.3
308893.3
308893.3
309443.8
309443.8
308893.3
309443.8
309443.8
308893.3
308893.3
308893.3
308893.3
308893.3
308893.3
308893.3
308893.3
308893.3
308893.3
308327.6
308327.6
308893.3
308327.6
308327.6
308327.6
308893.3
308327.6
308327.6
308327.6
308327.6
308327.6
307769.5
308327.6
307769.5
307769.5
307769.5
307769.5
307769.5
307769.5
307769.5
307769.5
307769.5
307203.8
307769.5
307203.8
307203.8
307769.5
307203.8
307769.5
307203.8
307769.5
307203.8
307203.8
307203.8
307203.8
306653.4
307203.8
307203.8
306653.4
307203.8
306653.4
306653.4
307203.8
307203.8
307203.8
306653.4
307203.8
306653.4
306653.4
306653.4
306653.4
306653.4
306653.4
306653.4
306653.4
306095.3
306095.3
306095.3
306653.4
306095.3
306095.3
306653.4
306095.3
306095.3
306095.3
306095.3
306095.3
306095.3
305529.6
306095.3
306095.3
305529.6
305529.6
306095.3
304979.1
305529.6
306095.3
306095.3
305529.6
304979.1
305529.6
304979.1
304979.1
304979.1
304979.1
304979.1
304979.1
304979.1
304979.1
304979.1
304979.1
304979.1
304979.1
304979.1
304979.1
304979.1
304979.1
304979.1
304979.1
304421.1
304421.1
304421.1
304421.1
304421.1
304421.1
304421.1
304979.1
304421.1
304421.1
304421.1
304421.1
304421.1
304421.1
303855.3
304421.1
303297.2
304421.1
303855.3
304421.1
304421.1
303855.3
303855.3
303297.2
303297.2
303297.2
303297.2
303297.2
303297.2
303297.2
303297.2
303297.2
303297.2
303297.2
303297.2
303297.2
303297.2
303297.2
303297.2
303297.2
303297.2
303297.2
302746.8
302746.8
303297.2
302746.8
302746.8
302746.8
302746.8
302746.8
302746.8
302746.8
302746.8
302746.8
302181.1
302746.8
302746.8
302746.8
302181.1
302181.1
302181.1
302181.1
302181.1
302181.1
302181.1
302181.1
302181.1
302181.1
302181.1
301623.0
302181.1
301072.6
301623.0
301623.0
301623.0
301623.0
301623.0
302181.1
301072.6
301623.0
301072.6
301072.6
301623.0
301072.6
301072.6
301072.6
301072.6
301072.6
301072.6
301072.6
301072.6
301072.6
301072.6
301072.6
301072.6
301072.6
300506.8
300506.8
300506.8
300506.8
300506.8
300506.8
300506.8
300506.8
300506.8
300506.8
300506.8
300506.8
300506.8
300506.8
299948.8
300506.8
299948.8
300506.8
299948.8
299948.8
299948.8
299948.8
299948.8
299948.8
299948.8
299948.8
299948.8
299948.8
299948.8
299948.8
299390.7
299948.8
299948.8
299390.7
299948.8
299948.8
299390.7
299390.7
299390.7
299390.7
298832.6
299390.7
299390.7
299390.7
299390.7
299390.7
298832.6
299390.7
299390.7
298832.6
298832.6
299390.7
298832.6
298832.6
298832.6
298832.6
298832.6
298832.6
298832.6
298274.5
298274.5
298274.5
298274.5
298832.6
298832.6
298274.5
298274.5
297716.5
298274.5
298274.5
298274.5
297716.5
297716.5
297716.5
297716.5
297716.5
298274.5
297716.5
297716.5
297716.5
297716.5
297716.5
297716.5
297716.5
297716.5
297716.5
297716.5
297716.5
297716.5
297716.5
297716.5
297716.5
297158.4
297158.4
297716.5
297716.5
297158.4
296600.3
297716.5
297716.5
296600.3
296600.3
296600.3
297158.4
296600.3
296600.3
297158.4
296600.3
296600.3
296600.3
296034.6
296600.3
296600.3
296600.3
296600.3
296600.3
296600.3
296600.3
296034.6
296034.6
296034.6
296600.3
296034.6
296600.3
296600.3
296034.6
296034.6
296034.6
296034.6
296034.6
296034.6
296034.6
295476.5
296034.6
296034.6
295476.5
295476.5
295476.5
296034.6
295476.5
296034.6
296034.6
295476.5
295476.5
295476.5
296034.6
295476.5
296034.6
294926.1
295476.5
295476.5
295476.5
294926.1
295476.5
295476.5
295476.5
295476.5
295476.5
295476.5
294926.1
294926.1
295476.5
295476.5
294926.1
294926.1
294926.1
295476.5
294926.1
294926.1
294926.1
294360.3
294360.3
294926.1
294926.1
294360.3
294360.3
294360.3
294360.3
294360.3
294360.3
294360.3
294360.3
294360.3
294360.3
294360.3
294360.3
294360.3
294360.3
294360.3
294360.3
294360.3
294360.3
293802.2
294360.3
294360.3
294360.3
294360.3
293802.2
293802.2
293802.2
293802.2
294360.3
293251.8
293802.2
293251.8
294360.3
293802.2
293802.2
293251.8
293802.2
293251.8
293251.8
293251.8
293251.8
293251.8
293251.8
293251.8
293251.8
293251.8
293251.8
293251.8
293251.8
293251.8
293251.8
292686.1
292686.1
293251.8
292686.1
292686.1
292686.1
292686.1
292686.1
292686.1
293251.8
292686.1
292686.1
292686.1
292686.1
292686.1
292686.1
292128.0
292128.0
292128.0
292128.0
292128.0
292128.0
292128.0
292128.0
292128.0
292128.0
292128.0
292128.0
292128.0
292128.0
292128.0
292128.0
291577.6
292128.0
292128.0
291577.6
292128.0
292128.0
291577.6
291577.6
291577.6
291577.6
291577.6
291577.6
291011.8
291577.6
291011.8
291577.6
291577.6
291577.6
291577.6
291011.8
291011.8
291577.6
291011.8
291011.8
291011.8
291011.8
291011.8
291011.8
291011.8
291011.8
291011.8
291011.8
291011.8
291011.8
290453.8
291011.8
290453.8
290453.8
289895.7
290453.8
290453.8
290453.8
290453.8
289895.7
289895.7
290453.8
289895.7
289895.7
289895.7
289895.7
289895.7
289895.7
289895.7
289337.6
289895.7
289895.7
289895.7
289895.7
289337.6
289895.7
289895.7
289895.7
289895.7
289895.7
289337.6
289337.6
289895.7
289337.6
289337.6
289337.6
289337.6
289337.6
289337.6
289337.6
289337.6
289337.6
288779.5
289337.6
289337.6
288779.5
288779.5
288779.5
288779.5
288779.5
288779.5
288779.5
288779.5
289337.6
288779.5
288779.5
288779.5
288779.5
288779.5
288779.5
288779.5
288779.5
288779.5
288779.5
288221.4
288779.5
288221.4
288779.5
288221.4
287663.4
288221.4
288221.4
288221.4
288221.4
288221.4
287663.4
287663.4
287663.4
288221.4
287663.4
288221.4
287663.4
288221.4
287663.4
287663.4
287663.4
287105.3
287663.4
287105.3
287105.3
287105.3
287663.4
287105.3
287105.3
287105.3
287105.3
287105.3
287105.3
287105.3
287105.3
287105.3
286547.2
287105.3
287105.3
286547.2
286547.2
286547.2
286547.2
287105.3
287105.3
286547.2
286547.2
286547.2
286547.2
286547.2
286547.2
286547.2
286547.2
286547.2
285981.5
286547.2
285981.5
286547.2
286547.2
285981.5
285981.5
285981.5
286547.2
285981.5
285981.5
285981.5
285431.1
285981.5
285981.5
285431.1
285431.1
285431.1
285981.5
285431.1
285431.1
285431.1
285431.1
285431.1
285431.1
285431.1
285431.1
285431.1
285431.1
285431.1
285431.1
285431.1
285431.1
285431.1
284873.0
285431.1
284873.0
284873.0
284873.0
284307.2
284873.0
284307.2
284307.2
284307.2
284873.0
284307.2
284307.2
284307.2
284307.2
284307.2
284307.2
283756.8
284307.2
284307.2
284307.2
284307.2
283756.8
284307.2
284307.2
284307.2
284307.2
284307.2
284307.2
283756.8
283756.8
283756.8
283756.8
283756.8
283756.8
283191.1
283756.8
283191.1
283191.1
283191.1
283191.1
283191.1
283191.1
283756.8
283756.8
283191.1
283191.1
283191.1
283191.1
283191.1
283191.1
283191.1
283191.1
283191.1
282633.0
283191.1
283191.1
283191.1
282633.0
282633.0
282633.0
282074.9
282633.0
282633.0
282633.0
282074.9
282633.0
282633.0
282633.0
282074.9
282633.0
282633.0
282074.9
282074.9
282633.0
282633.0
282074.9
282074.9
282074.9
282074.9
282074.9
282074.9
282074.9
282074.9
282074.9
282074.9
282074.9
282074.9
281516.8
281516.8
282074.9
282074.9
281516.8
281516.8
281516.8
281516.8
282074.9
282074.9
281516.8
281516.8
281516.8
281516.8
280958.8
281516.8
280958.8
281516.8
280958.8
280958.8
281516.8
280958.8
281516.8
280958.8
280958.8
280958.8
280400.7
280400.7
280958.8
280958.8
280958.8
280958.8
280958.8
280400.7
280400.7
280400.7
280958.8
280400.7
280400.7
280400.7
279842.6
280400.7
280400.7
280400.7
279842.6
280400.7
279842.6
279842.6
279842.6
279842.6
280400.7
279842.6
279842.6
279842.6
279842.6
279842.6
279842.6
279842.6
279842.6
279842.6
279842.6
279842.6
279842.6
279842.6
279842.6
279842.6
279842.6
279842.6
279842.6
279842.6
279284.5
279842.6
279842.6
279842.6
279842.6
279284.5
279284.5
279842.6
278726.4
278726.4
279284.5
279284.5
279284.5
279284.5
278726.4
278726.4
279284.5
278726.4
278726.4
278726.4
278726.4
278726.4
278726.4
278726.4
278726.4
278726.4
278726.4
278726.4
278726.4
278726.4
278726.4
278160.7
277610.3
279284.5
278726.4
278726.4
278160.7
278160.7
277610.3
278726.4
278160.7
278160.7
278726.4
278160.7
278160.7
278160.7
278726.4
277610.3
277610.3
277610.3
277610.3
278160.7
277610.3
277610.3
277610.3
277610.3
277610.3
277610.3
277610.3
277610.3
277610.3
277610.3
277610.3
277610.3
277610.3
277610.3
277610.3
277610.3
277610.3
277610.3
277610.3
277610.3
277052.2
277610.3
276486.5
277610.3
277610.3
277052.2
277610.3
277052.2
277052.2
277052.2
277052.2
277610.3
277610.3
276486.5
277052.2
276486.5
276486.5
277052.2
276486.5
277052.2
277052.2
276486.5
276486.5
276486.5
276486.5
276486.5
277052.2
275936.0
276486.5
276486.5
276486.5
276486.5
276486.5
276486.5
275936.0
276486.5
275936.0
275936.0
275936.0
275378.0
275936.0
275936.0
275936.0
275936.0
275378.0
275936.0
275936.0
275378.0
275378.0
275936.0
275378.0
275378.0
275378.0
275378.0
275378.0
275378.0
275378.0
275378.0
275378.0
275378.0
275378.0
275378.0
275378.0
275378.0
275378.0
275378.0
275378.0
275378.0
275378.0
275378.0
275378.0
275378.0
275378.0
275378.0
275378.0
275378.0
274812.2
274812.2
274812.2
274254.2
274254.2
274254.2
274812.2
274254.2
274254.2
274254.2
274254.2
274254.2
274254.2
274254.2
274254.2
274254.2
274254.2
274254.2
274254.2
274254.2
274254.2
274254.2
274254.2
274254.2
274254.2
273703.7
273703.7
273703.7
273703.7
273703.7
273703.7
273703.7
273703.7
273703.7
273138.0
273703.7
273138.0
273703.7
273703.7
273138.0
273138.0
273138.0
273138.0
273138.0
273703.7
273138.0
273138.0
273138.0
273138.0
273138.0
273138.0
273138.0
273138.0
273138.0
273138.0
273138.0
273138.0
273138.0
273138.0
273138.0
273138.0
273138.0
273138.0
273138.0
272579.9
272579.9
272579.9
272021.8
272021.8
272021.8
272579.9
272021.8
272579.9
272021.8
272579.9
272579.9
272021.8
272579.9
272021.8
272021.8
272021.8
272021.8
272021.8
272021.8
272021.8
271463.8
272021.8
272021.8
272021.8
271463.8
271463.8
272021.8
272021.8
271463.8
272021.8
271463.8
271463.8
271463.8
272021.8
271463.8
271463.8
271463.8
271463.8
271463.8
271463.8
271463.8
270905.7
271463.8
270905.7
271463.8
271463.8
270905.7
271463.8
270340.0
270905.7
271463.8
270905.7
270905.7
270905.7
270340.0
270905.7
270905.7
270905.7
270905.7
270905.7
270340.0
270905.7
270340.0
270905.7
270340.0
270340.0
270340.0
270340.0
270340.0
270340.0
270340.0
270340.0
270340.0
270340.0
270340.0
270340.0
270340.0
270340.0
270340.0
270340.0
269789.5
269789.5
269789.5
269789.5
269789.5
270340.0
269231.4
269789.5
269789.5
269231.4
269231.4
269789.5
269231.4
269231.4
269231.4
269231.4
269231.4
269231.4
269231.4
269789.5
269231.4
269231.4
269231.4
269231.4
269231.4
269231.4
269231.4
269231.4
269231.4
268665.7
268665.7
268665.7
268665.7
269231.4
268665.7
268115.3
268665.7
268665.7
268665.7
268665.7
268665.7
268665.7
268115.3
268115.3
268665.7
268115.3
268665.7
268665.7
268665.7
268665.7
268115.3
268115.3
268115.3
267557.2
268115.3
267557.2
268115.3
267557.2
268115.3
268115.3
268115.3
268115.3
267557.2
267557.2
267557.2
267557.2
267557.2
267557.2
267557.2
267557.2
267557.2
267557.2
266991.5
267557.2
266991.5
267557.2
267557.2
267557.2
266433.4
266991.5
267557.2
266991.5
267557.2
266991.5
266991.5
266991.5
266991.5
267557.2
266433.4
266991.5
266991.5
266433.4
266433.4
266433.4
266433.4
266433.4
266433.4
266433.4
266433.4
266433.4
266433.4
266433.4
265883.0
266433.4
266433.4
266433.4
266433.4
265883.0
266433.4
266433.4
265883.0
265883.0
265883.0
265317.2
265883.0
265317.2
265883.0
265883.0
265317.2
265317.2
265883.0
265317.2
265883.0
265317.2
265317.2
265317.2
265883.0
265317.2
265317.2
265317.2
265317.2
265317.2
265317.2
265317.2
265317.2
265317.2
264759.2
265317.2
265317.2
265317.2
265317.2
264759.2
264759.2
264208.7
264759.2
265317.2
264759.2
264759.2
264759.2
264759.2
264759.2
264759.2
264759.2
264759.2
264208.7
264759.2
264759.2
264208.7
264208.7
264759.2
264208.7
264208.7
264208.7
264208.7
264208.7
264208.7
264208.7
264208.7
264208.7
264208.7
263643.0
264208.7
264208.7
264208.7
264208.7
264208.7
264208.7
264208.7
263643.0
263643.0
264208.7
263643.0
263643.0
263643.0
263643.0
263084.9
263643.0
263084.9
263643.0
263084.9
263643.0
263084.9
263084.9
263084.9
263084.9
263643.0
263084.9
263084.9
263084.9
263084.9
263084.9
263084.9
263084.9
262534.5
263084.9
262534.5
263084.9
263084.9
263084.9
262534.5
262534.5
262534.5
262534.5
262534.5
262534.5
263084.9
262534.5
261968.8
261968.8
261968.8
261968.8
261968.8
262534.5
261968.8
262534.5
261968.8
261968.8
261968.8
261968.8
261968.8
261968.8
261968.8
261968.8
261968.8
261968.8
261968.8
261968.8
261968.8
261968.8
261968.8
261968.8
261968.8
261968.8
261968.8
261968.8
261968.8
261968.8
261968.8
261968.8
261968.8
261968.8
261410.7
261410.7
261410.7
261410.7
261410.7
260852.6
261410.7
260852.6
261968.8
261968.8
260852.6
260852.6
260852.6
260852.6
260852.6
261410.7
261410.7
260852.6
260852.6
260294.5
260852.6
260852.6
260852.6
260852.6
260852.6
260852.6
260294.5
260852.6
260852.6
260852.6
260852.6
260852.6
260294.5
260852.6
260294.5
260852.6
260852.6
260852.6
260294.5
259736.4
260294.5
260294.5
260294.5
260294.5
260294.5
259736.4
260294.5
260294.5
260294.5
260294.5
260294.5
259736.4
259736.4
259736.4
259736.4
260294.5
259736.4
260294.5
259736.4
259736.4
259736.4
259736.4
259736.4
259736.4
259736.4
259736.4
259736.4
259736.4
259736.4
259170.7
259736.4
259736.4
259170.7
259736.4
259736.4
259170.7
259170.7
259170.7
259170.7
259170.7
259736.4
259736.4
258620.3
259170.7
259170.7
259170.7
258620.3
258620.3
258620.3
259170.7
258620.3
259170.7
259170.7
258620.3
259170.7
258620.3
258620.3
258620.3
258620.3
258620.3
258620.3
258620.3
258620.3
258620.3
258620.3
258620.3
258620.3
258620.3
258620.3
258062.2
258620.3
258620.3
258062.2
258062.2
258062.2
258062.2
258620.3
258062.2
258062.2
258062.2
258062.2
258062.2
257496.5
258062.2
258062.2
257496.5
258062.2
257496.5
258062.2
257496.5
257496.5
257496.5
257496.5
257496.5
257496.5
257496.5
257496.5
257496.5
257496.5
257496.5
257496.5
257496.5
257496.5
257496.5
256938.4
257496.5
257496.5
256938.4
256938.4
257496.5
256938.4
256938.4
256938.4
256938.4
256938.4
256938.4
256938.4
256388.0
256388.0
256388.0
256938.4
256388.0
256938.4
256388.0
256938.4
256388.0
256388.0
256388.0
256388.0
255822.2
256388.0
256388.0
256388.0
256388.0
256388.0
256388.0
256388.0
256388.0
256388.0
256388.0
256388.0
256388.0
256388.0
256388.0
256388.0
256388.0
256388.0
256388.0
256388.0
255822.2
255822.2
255822.2
255822.2
255822.2
255822.2
255264.2
255264.2
255822.2
255822.2
255822.2
255264.2
255822.2
255264.2
255264.2
255264.2
255264.2
255264.2
255264.2
255264.2
255264.2
255822.2
255264.2
255264.2
255264.2
255264.2
255264.2
255264.2
255264.2
254713.7
255264.2
255264.2
254713.7
255264.2
254713.7
255264.2
254713.7
254713.7
254713.7
254713.7
254713.7
254713.7
254148.0
254713.7
254713.7
254148.0
254148.0
254148.0
254148.0
254148.0
254713.7
254148.0
254148.0
254148.0
254148.0
254148.0
254148.0
254148.0
254148.0
254148.0
254148.0
254148.0
254148.0
254148.0
254148.0
253589.9
253589.9
253589.9
253589.9
254148.0
253589.9
253589.9
254148.0
253589.9
253589.9
253589.9
253589.9
253589.9
253589.9
253589.9
253589.9
253031.8
253031.8
253589.9
253589.9
253589.9
253031.8
253031.8
253589.9
253031.8
253031.8
253031.8
253031.8
253031.8
253031.8
253031.8
253031.8
253031.8
253031.8
252473.8
253031.8
252473.8
252473.8
253031.8
253031.8
252473.8
252473.8
252473.8
252473.8
252473.8
252473.8
252473.8
253031.8
252473.8
252473.8
252473.8
252473.8
252473.8
252473.8
251357.6
251915.7
251915.7
251915.7
251915.7
252473.8
252473.8
251915.7
251915.7
251915.7
251915.7
251357.6
251357.6
251357.6
251915.7
251357.6
251357.6
251915.7
251357.6
251357.6
251357.6
251357.6
251357.6
251357.6
251357.6
251357.6
251357.6
251357.6
251357.6
251357.6
251357.6
251357.6
251357.6
251357.6
251357.6
251357.6
251357.6
251357.6
250799.5
250799.5
250799.5
251357.6
250799.5
250241.4
250799.5
250799.5
250799.5
250799.5
249683.4
250799.5
250241.4
250241.4
250241.4
250241.4
250241.4
250241.4
250241.4
250241.4
250241.4
250241.4
249683.4
249683.4
250241.4
250241.4
250241.4
249683.4
249683.4
249683.4
249683.4
249683.4
249683.4
249683.4
249683.4
249683.4
249683.4
249683.4
249683.4
249683.4
249683.4
249683.4
249683.4
249683.4
249117.6
249683.4
249683.4
249683.4
249683.4
249683.4
249683.4
249117.6
249683.4
249683.4
249117.6
249117.6
249683.4
249117.6
249117.6
249117.6
249117.6
249117.6
249117.6
249117.6
249117.6
248567.2
248567.2
248567.2
248567.2
248567.2
248567.2
248567.2
248567.2
248567.2
248001.5
248001.5
248001.5
248001.5
248567.2
248567.2
248001.5
248001.5
248567.2
248567.2
248001.5
247443.4
248001.5
248567.2
248001.5
247443.4
247443.4
247443.4
248001.5
247443.4
248001.5
247443.4
247443.4
247443.4
248001.5
247443.4
247443.4
247443.4
247443.4
247443.4
247443.4
247443.4
247443.4
248001.5
247443.4
246893.0
247443.4
247443.4
247443.4
247443.4
247443.4
247443.4
247443.4
246893.0
246893.0
246893.0
246893.0
246893.0
246893.0
246893.0
246893.0
246893.0
246327.2
246893.0
246327.2
246327.2
246893.0
246327.2
246327.2
246327.2
246327.2
246327.2
246327.2
246327.2
246327.2
246327.2
246327.2
246327.2
246327.2
246327.2
246327.2
245769.2
246327.2
245769.2
246327.2
246327.2
245769.2
246327.2
245769.2
246327.2
246327.2
245769.2
246327.2
245769.2
245769.2
245769.2
245769.2
245769.2
245769.2
245769.2
245769.2
245211.1
245769.2
245769.2
245769.2
245769.2
245211.1
245211.1
245211.1
245769.2
245211.1
245211.1
245211.1
245211.1
245211.1
245211.1
245211.1
245211.1
244653.0
245211.1
245211.1
244653.0
245211.1
244653.0
245211.1
244653.0
245211.1
244653.0
244653.0
244653.0
245211.1
244653.0
244653.0
244653.0
244653.0
244653.0
244094.9
244094.9
244653.0
244094.9
244094.9
244094.9
244094.9
244094.9
244094.9
244094.9
244094.9
244094.9
244094.9
244094.9
244094.9
244094.9
244094.9
244094.9
244094.9
244094.9
244094.9
244094.9
244094.9
244094.9
244094.9
244094.9
244094.9
244094.9
244094.9
243536.8
244094.9
243536.8
244094.9
243536.8
243536.8
244094.9
243536.8
243536.8
242978.8
243536.8
243536.8
243536.8
243536.8
243536.8
242978.8
242978.8
243536.8
242978.8
242978.8
243536.8
242978.8
242978.8
243536.8
242978.8
242978.8
243536.8
242978.8
242978.8
242978.8
242978.8
242420.7
242978.8
242978.8
242978.8
242978.8
242978.8
242978.8
242978.8
242420.7
242420.7
242420.7
242420.7
242420.7
242420.7
242420.7
242420.7
242420.7
242420.7
242420.7
242420.7
242420.7
242420.7
242420.7
242420.7
242420.7
242420.7
242420.7
242420.7
241862.6
242420.7
241862.6
241862.6
241862.6
241862.6
241862.6
241862.6
241862.6
241862.6
241862.6
241862.6
241862.6
241862.6
241862.6
241862.6
241862.6
241862.6
241862.6
241296.9
241862.6
241862.6
241296.9
241862.6
241862.6
241296.9
241296.9
241296.9
241296.9
241862.6
240746.4
241296.9
241296.9
241296.9
241296.9
241296.9
241296.9
240746.4
240746.4
240746.4
241296.9
241296.9
241296.9
240746.4
241296.9
241296.9
241296.9
240746.4
241296.9
240746.4
240746.4
240746.4
240746.4
240746.4
240746.4
240746.4
240746.4
240746.4
240746.4
240188.4
240746.4
240746.4
240746.4
240188.4
240188.4
240746.4
240188.4
240746.4
240746.4
240188.4
240188.4
240188.4
240188.4
240188.4
239622.6
240188.4
240188.4
239622.6
240188.4
239622.6
240188.4
240188.4
239622.6
239622.6
239622.6
239622.6
239622.6
239622.6
239622.6
239622.6
239622.6
239622.6
239622.6
239622.6
239622.6
239622.6
239622.6
239622.6
239622.6
239622.6
239072.2
239072.2
239622.6
239622.6
239622.6
239072.2
239622.6
239072.2
239072.2
239072.2
239072.2
239072.2
239072.2
239072.2
239622.6
239072.2
238514.1
239072.2
238514.1
238514.1
239072.2
239072.2
238514.1
238514.1
238514.1
239072.2
238514.1
238514.1
238514.1
238514.1
239072.2
238514.1
238514.1
238514.1
238514.1
238514.1
238514.1
238514.1
238514.1
237948.4
238514.1
237948.4
238514.1
238514.1
238514.1
238514.1
237948.4
238514.1
237948.4
237948.4
238514.1
238514.1
238514.1
237948.4
237948.4
237948.4
237948.4
237398.0
237948.4
237948.4
237398.0
237948.4
237948.4
237398.0
237398.0
237948.4
237398.0
237398.0
237398.0
237398.0
237398.0
237398.0
237398.0
237398.0
236832.2
237398.0
237398.0
236832.2
237398.0
236832.2
237398.0
236832.2
237398.0
237398.0
237398.0
237398.0
236832.2
236832.2
237398.0
236832.2
236832.2
237398.0
236832.2
236832.2
236832.2
236832.2
236832.2
236832.2
236274.2
236274.2
236274.2
236832.2
236274.2
236832.2
236832.2
236274.2
236274.2
236274.2
236274.2
236274.2
236274.2
236274.2
236274.2
236274.2
236274.2
236274.2
236274.2
236274.2
236274.2
236274.2
236274.2
236274.2
235716.1
236274.2
235716.1
235716.1
235716.1
235716.1
235716.1
235716.1
236274.2
235716.1
235716.1
235716.1
235716.1
235716.1
235716.1
235716.1
235158.0
235716.1
235716.1
235716.1
235716.1
235158.0
235158.0
235158.0
235716.1
235158.0
235158.0
235158.0
235158.0
235158.0
235158.0
235158.0
235158.0
235158.0
235158.0
235158.0
234599.9
234599.9
235158.0
234599.9
234599.9
234599.9
234041.8
234599.9
234599.9
234599.9
234599.9
234599.9
234041.8
234599.9
234599.9
235158.0
234041.8
234599.9
234041.8
234599.9
234041.8
234599.9
234041.8
234599.9
234599.9
234599.9
233483.8
234041.8
233483.8
234041.8
234041.8
233483.8
234041.8
233483.8
233483.8
234041.8
233483.8
233483.8
233483.8
233483.8
233483.8
233483.8
233483.8
233483.8
233483.8
233483.8
233483.8
232925.7
233483.8
233483.8
232925.7
233483.8
232925.7
233483.8
233483.8
233483.8
233483.8
232925.7
232925.7
233483.8
232925.7
232925.7
233483.8
232925.7
232925.7
232925.7
232925.7
232925.7
232925.7
232925.7
232925.7
232925.7
232925.7
232367.6
232925.7
232925.7
232367.6
232925.7
232367.6
232925.7
232367.6
232925.7
232367.6
232367.6
232925.7
232367.6
232925.7
232367.6
231801.9
232367.6
231801.9
231801.9
232367.6
232367.6
231801.9
231801.9
231801.9
231801.9
232367.6
231801.9
231801.9
231801.9
231801.9
231801.9
231801.9
231801.9
231251.4
231801.9
231801.9
231801.9
231251.4
231801.9
231801.9
231801.9
231251.4
231801.9
231251.4
231251.4
231801.9
231251.4
230693.4
230693.4
231251.4
231251.4
231251.4
230693.4
231251.4
230693.4
231251.4
231801.9
230693.4
230693.4
231251.4
231251.4
230693.4
230693.4
231251.4
230693.4
231251.4
230693.4
231251.4
230693.4
230693.4
231251.4
230127.6
230127.6
230693.4
230693.4
230693.4
230693.4
230693.4
230693.4
230127.6
229577.2
229577.2
230127.6
230127.6
230127.6
229577.2
230127.6
230127.6
229577.2
229577.2
230127.6
229577.2
229577.2
229577.2
230127.6
229577.2
229577.2
229577.2
229577.2
229577.2
229577.2
229577.2
229577.2
229577.2
229577.2
229577.2
229577.2
229577.2
229577.2
229577.2
229577.2
229577.2
229577.2
229577.2
229577.2
229577.2
229019.1
229019.1
229019.1
229577.2
229019.1
229019.1
229019.1
229019.1
229019.1
229019.1
229019.1
229019.1
229019.1
228453.4
229019.1
228453.4
229019.1
229019.1
228453.4
228453.4
229019.1
228453.4
228453.4
228453.4
228453.4
228453.4
228453.4
228453.4
228453.4
228453.4
228453.4
228453.4
228453.4
228453.4
228453.4
228453.4
228453.4
228453.4
227895.3
228453.4
227895.3
227895.3
227895.3
228453.4
228453.4
227895.3
227895.3
227895.3
227895.3
227344.9
227895.3
227895.3
227895.3
227895.3
227344.9
227895.3
227344.9
227344.9
227344.9
227344.9
227344.9
226779.2
227895.3
227344.9
227344.9
227344.9
227344.9
227344.9
227344.9
227344.9
227344.9
227344.9
226779.2
227344.9
226779.2
226779.2
227344.9
226779.2
226779.2
226779.2
227344.9
226779.2
226779.2
226779.2
226221.1
226779.2
226779.2
226779.2
226779.2
226779.2
226221.1
226221.1
226221.1
226779.2
226221.1
226221.1
226221.1
226221.1
226221.1
226221.1
226221.1
226221.1
226221.1
226221.1
226221.1
226221.1
226221.1
226221.1
226221.1
226221.1
226221.1
226221.1
226221.1
226221.1
226221.1
226221.1
226221.1
226221.1
226221.1
226221.1
226221.1
226221.1
226221.1
225670.6
226221.1
226221.1
226221.1
226221.1
226221.1
226221.1
225670.6
225670.6
225670.6
225670.6
225670.6
226221.1
225670.6
225670.6
225670.6
226221.1
225670.6
226221.1
226221.1
225670.6
225670.6
225104.9
225670.6
224546.8
225104.9
225104.9
225670.6
225104.9
225104.9
225104.9
225104.9
225104.9
225104.9
225104.9
225104.9
225104.9
225104.9
225104.9
225104.9
225104.9
225104.9
225104.9
225104.9
225104.9
225104.9
225104.9
224546.8
225104.9
224546.8
225104.9
225104.9
224546.8
225104.9
224546.8
224546.8
223981.1
224546.8
224546.8
224546.8
223981.1
224546.8
224546.8
224546.8
224546.8
224546.8
223981.1
223981.1
224546.8
223981.1
223981.1
223981.1
223981.1
223981.1
223981.1
223981.1
223981.1
223981.1
224546.8
223981.1
223981.1
223981.1
224546.8
223981.1
223981.1
223981.1
223981.1
223981.1
223981.1
223981.1
223981.1
223981.1
223430.7
223981.1
223981.1
223981.1
223981.1
223981.1
223430.7
223430.7
223430.7
223981.1
223430.7
223430.7
223430.7
223430.7
222872.6
223430.7
222872.6
223430.7
222872.6
223430.7
222872.6
222872.6
222872.6
222872.6
222872.6
223430.7
222872.6
222872.6
222872.6
222872.6
222872.6
222306.9
222872.6
222872.6
222306.9
222872.6
222306.9
222306.9
222872.6
222306.9
222872.6
222306.9
222306.9
222872.6
222306.9
222872.6
222306.9
222306.9
222872.6
222306.9
222306.9
222306.9
221756.4
221756.4
222306.9
222306.9
221756.4
222306.9
222306.9
221756.4
222306.9
221756.4
221756.4
221756.4
221756.4
221756.4
221756.4
221756.4
221756.4
221756.4
221756.4
221756.4
221756.4
221756.4
221756.4
221756.4
221756.4
221756.4
221756.4
221198.4
221756.4
221198.4
221198.4
221756.4
221198.4
221198.4
221756.4
221198.4
221756.4
221756.4
221198.4
221198.4
221198.4
221198.4
221756.4
220632.6
221198.4
221198.4
220632.6
221198.4
220632.6
221198.4
220632.6
220632.6
220632.6
220632.6
220632.6
220632.6
221198.4
220632.6
220632.6
220632.6
220632.6
220632.6
221198.4
220632.6
220632.6
220632.6
220074.6
220632.6
220632.6
220632.6
220632.6
220632.6
220632.6
220632.6
220632.6
220632.6
220074.6
220632.6
220074.6
220074.6
220074.6
220074.6
220074.6
220074.6
220074.6
220074.6
220074.6
220074.6
220074.6
220074.6
220074.6
220074.6
219524.1
220074.6
220074.6
219524.1
219524.1
220074.6
219524.1
220074.6
219524.1
220074.6
219524.1
219524.1
219524.1
219524.1
219524.1
218958.4
219524.1
219524.1
219524.1
219524.1
219524.1
218958.4
219524.1
219524.1
218958.4
219524.1
218958.4
219524.1
219524.1
218958.4
218958.4
218958.4
219524.1
219524.1
218958.4
218958.4
218958.4
218958.4
218400.3
218958.4
218958.4
218958.4
218400.3
218400.3
218400.3
218400.3
218400.3
218400.3
218400.3
218400.3
218400.3
218400.3
218400.3
218400.3
218400.3
218400.3
218400.3
218958.4
218400.3
218400.3
218400.3
218400.3
217849.9
218400.3
217849.9
218400.3
218400.3
218400.3
217849.9
217849.9
218400.3
217849.9
217849.9
217849.9
217849.9
217849.9
217284.2
217849.9
217849.9
217849.9
217849.9
217849.9
217849.9
217849.9
217849.9
217849.9
217284.2
217284.2
217284.2
217284.2
217849.9
217849.9
217284.2
217284.2
217849.9
217284.2
217284.2
217849.9
217284.2
217849.9
217284.2
217284.2
217284.2
217284.2
216726.1
217284.2
217284.2
217284.2
217284.2
217284.2
216726.1
216726.1
216726.1
217284.2
217284.2
216726.1
216726.1
216726.1
216726.1
216726.1
216726.1
217284.2
216726.1
217284.2
217284.2
216726.1
216726.1
216726.1
216726.1
216168.0
216168.0
216726.1
216726.1
215609.9
216168.0
216168.0
216168.0
216726.1
215609.9
216168.0
215609.9
216726.1
215609.9
215609.9
215609.9
216168.0
215609.9
216168.0
215609.9
215609.9
215609.9
215609.9
215609.9
215609.9
215609.9
215609.9
215609.9
215609.9
215609.9
215609.9
215609.9
215609.9
215051.8
215051.8
215051.8
215609.9
215051.8
215051.8
215609.9
215051.8
215051.8
215051.8
215051.8
215051.8
215051.8
215051.8
215051.8
215051.8
215051.8
215051.8
215051.8
215051.8
215051.8
215051.8
215051.8
215051.8
215051.8
214493.8
214493.8
214493.8
214493.8
215051.8
214493.8
215051.8
214493.8
213935.7
214493.8
214493.8
214493.8
214493.8
214493.8
213935.7
213935.7
213935.7
214493.8
214493.8
213935.7
213935.7
213935.7
214493.8
214493.8
213935.7
213935.7
213935.7
213935.7
213935.7
213935.7
213935.7
213935.7
213935.7
213935.7
213935.7
213377.6
213935.7
213935.7
213935.7
213377.6
213377.6
213377.6
213935.7
213377.6
213377.6
213377.6
213377.6
213377.6
213377.6
213377.6
213377.6
213377.6
213377.6
212811.9
213377.6
212811.9
212811.9
212811.9
212811.9
212811.9
212811.9
212811.9
213377.6
212811.9
212811.9
212811.9
212811.9
212811.9
212811.9
212811.9
213377.6
212811.9
213377.6
212811.9
212811.9
212261.4
212811.9
212811.9
212811.9
212261.4
212811.9
212811.9
212811.9
212811.9
212811.9
212811.9
211703.4
211703.4
212253.8
212253.8
212253.8
211703.4
212253.8
211703.4
211703.4
211703.4
211703.4
212253.8
211703.4
211703.4
211703.4
211703.4
211703.4
211703.4
212253.8
211703.4
211703.4
211703.4
211703.4
211703.4
211137.6
211137.6
211703.4
211703.4
211137.6
211703.4
211703.4
211137.6
211703.4
211703.4
211137.6
211137.6
211137.6
211137.6
211137.6
211137.6
211703.4
211137.6
211137.6
211137.6
211137.6
211137.6
211137.6
211137.6
211137.6
210579.6
211137.6
211137.6
210579.6
210579.6
210579.6
210579.6
211137.6
210579.6
211137.6
210579.6
211137.6
210579.6
210579.6
210579.6
210579.6
210579.6
210579.6
210579.6
210579.6
210579.6
210579.6
210029.1
210579.6
210579.6
210579.6
210579.6
210579.6
210029.1
210579.6
210029.1
210029.1
210029.1
210029.1
210579.6
210029.1
210029.1
210029.1
210029.1
210029.1
210029.1
210579.6
210029.1
210029.1
210029.1
209463.4
210029.1
210029.1
210029.1
210029.1
210029.1
209463.4
209463.4
209463.4
209463.4
209463.4
209463.4
209463.4
210029.1
209463.4
209463.4
209463.4
209463.4
209463.4
209463.4
209463.4
209463.4
209463.4
208905.3
209463.4
209463.4
208905.3
209463.4
209463.4
209463.4
208905.3
208354.9
208905.3
208905.3
208354.9
208354.9
208905.3
208905.3
208905.3
208354.9
208905.3
208354.9
208354.9
208354.9
208905.3
208905.3
208354.9
208354.9
208354.9
208354.9
208905.3
208905.3
208905.3
208354.9
208354.9
208354.9
208354.9
208354.9
208354.9
208354.9
208354.9
208354.9
208354.9
208354.9
208354.9
208354.9
208354.9
208354.9
208354.9
208354.9
208354.9
208354.9
208354.9
208354.9
208354.9
208354.9
208354.9
208354.9
208354.9
208354.9
208354.9
208354.9
208354.9
208354.9
208354.9
208354.9
208354.9
207789.2
208354.9
208354.9
207789.2
207789.2
207789.2
207789.2
207231.1
207789.2
207231.1
207231.1
207231.1
207789.2
207789.2
207231.1
207231.1
207231.1
207231.1
207231.1
207231.1
207231.1
207789.2
207231.1
207789.2
206673.0
207231.1
207231.1
207231.1
207231.1
207231.1
207231.1
207231.1
207231.1
207231.1
207231.1
207231.1
207789.2
207231.1
207231.1
207231.1
207231.1
207231.1
206673.0
207231.1
206673.0
207231.1
206673.0
206673.0
206673.0
206673.0
207231.1
207231.1
206673.0
207231.1
206673.0
206673.0
206673.0
206673.0
206114.9
206673.0
206673.0
206673.0
206673.0
206114.9
206114.9
206114.9
206114.9
206114.9
206114.9
206673.0
206673.0
206114.9
206114.9
206114.9
206114.9
206114.9
206114.9
206114.9
206114.9
206114.9
206114.9
206114.9
206114.9
206114.9
206114.9
206114.9
206114.9
206114.9
206114.9
206114.9
205556.8
206114.9
205556.8
206114.9
206114.9
206114.9
205556.8
206114.9
205556.8
205556.8
205556.8
204998.8
205556.8
206114.9
205556.8
205556.8
205556.8
205556.8
205556.8
204998.8
205556.8
204998.8
204998.8
204998.8
204998.8
204998.8
205556.8
204998.8
204998.8
204998.8
204998.8
204998.8
204998.8
204998.8
204998.8
204998.8
204440.7
204998.8
204998.8
204998.8
204440.7
204998.8
204440.7
204998.8
204440.7
204998.8
204440.7
204998.8
204440.7
204440.7
204440.7
204440.7
204440.7
204440.7
204440.7
203882.6
204440.7
204440.7
204440.7
204440.7
203882.6
203882.6
204440.7
203882.6
204440.7
204998.8
203882.6
203882.6
203882.6
203882.6
203882.6
203882.6
203882.6
203882.6
203882.6
203882.6
203882.6
203882.6
203882.6
203882.6
203882.6
203882.6
203882.6
203882.6
203882.6
203882.6
203882.6
203882.6
203882.6
203882.6
203324.5
203882.6
203324.5
203324.5
203324.5
203324.5
202758.8
203882.6
203324.5
203882.6
202758.8
203324.5
203324.5
202758.8
203324.5
203324.5
203324.5
203324.5
202758.8
202758.8
203324.5
203324.5
203324.5
202758.8
202758.8
203324.5
203324.5
203324.5
202758.8
202758.8
202758.8
203324.5
202758.8
202758.8
202758.8
202758.8
202758.8
202758.8
202758.8
202758.8
202758.8
202758.8
202208.4
202758.8
202758.8
202758.8
202758.8
202758.8
202758.8
202758.8
202208.4
202758.8
202208.4
202758.8
202208.4
202758.8
202208.4
202208.4
202208.4
202208.4
202208.4
201650.3
202208.4
202758.8
202208.4
201650.3
202208.4
201650.3
202208.4
201650.3
201650.3
202208.4
201650.3
202208.4
201650.3
202208.4
201650.3
202208.4
201650.3
201650.3
201084.6
201650.3
201650.3
201650.3
201650.3
201084.6
201650.3
201650.3
201084.6
201650.3
201650.3
201650.3
201084.6
201650.3
201084.6
201650.3
201650.3
201084.6
201650.3
201650.3
201650.3
201084.6
201650.3
201084.6
201650.3
201084.6
201084.6
200534.1
201084.6
201084.6
201084.6
201084.6
200534.1
200534.1
201084.6
201084.6
200534.1
200534.1
200534.1
201084.6
200534.1
200534.1
200534.1
201084.6
200534.1
200534.1
200534.1
200534.1
200534.1
200534.1
200534.1
200534.1
200534.1
200534.1
200534.1
200534.1
200534.1
200534.1
200534.1
199968.4
199968.4
200534.1
199968.4
199968.4
199968.4
199968.4
199968.4
199968.4
200534.1
199968.4
199968.4
199968.4
199968.4
199968.4
199968.4
199968.4
199968.4
199968.4
199410.3
199968.4
199968.4
199968.4
199968.4
199968.4
199410.3
199410.3
199968.4
199410.3
199410.3
199410.3
199968.4
199410.3
199410.3
199968.4
199410.3
199410.3
199410.3
199410.3
199410.3
199410.3
199410.3
199410.3
198852.2
199410.3
199410.3
199410.3
199410.3
199410.3
199410.3
199410.3
198852.2
199410.3
198852.2
199410.3
199410.3
198852.2
199410.3
198852.2
198852.2
198852.2
198852.2
198852.2
198852.2
199410.3
198852.2
198294.2
198852.2
198852.2
198852.2
198294.2
198294.2
198852.2
198852.2
198294.2
198294.2
198852.2
197736.1
198852.2
197736.1
198294.2
198294.2
198852.2
197736.1
197736.1
197736.1
197736.1
197736.1
198294.2
197736.1
198294.2
197736.1
197736.1
197736.1
197736.1
197736.1
197736.1
198294.2
197736.1
197736.1
197736.1
197736.1
197736.1
197736.1
197736.1
197736.1
197736.1
197736.1
197736.1
197736.1
197178.0
197736.1
197736.1
197736.1
197178.0
197178.0
197178.0
197736.1
197736.1
197178.0
197178.0
197178.0
197736.1
197178.0
197178.0
197178.0
197178.0
197178.0
197178.0
197178.0
197178.0
197178.0
197178.0
197178.0
197178.0
196619.9
196619.9
197178.0
196619.9
197178.0
197178.0
196619.9
197178.0
196619.9
197178.0
197178.0
196619.9
196061.8
197178.0
196619.9
196619.9
197178.0
196619.9
196061.8
196619.9
196619.9
197178.0
196619.9
196619.9
196619.9
196619.9
196061.8
196619.9
196061.8
196061.8
196061.8
196061.8
196061.8
196061.8
196619.9
196061.8
196061.8
196061.8
196061.8
196061.8
196061.8
195503.8
196061.8
196061.8
196061.8
196061.8
196061.8
196061.8
195503.8
196061.8
196061.8
195503.8
196061.8
196061.8
194938.0
195503.8
196061.8
196061.8
196061.8
195503.8
195503.8
195503.8
195503.8
195503.8
194938.0
194938.0
194938.0
194938.0
194938.0
194938.0
195503.8
194938.0
194938.0
194938.0
194938.0
194938.0
194938.0
194938.0
194938.0
194938.0
194387.6
194938.0
194938.0
194387.6
194387.6
194938.0
194938.0
194938.0
194938.0
194387.6
194387.6
194387.6
194938.0
194387.6
194387.6
194387.6
194387.6
194387.6
194387.6
194387.6
194387.6
194938.0
194387.6
193829.5
194387.6
193829.5
193829.5
193829.5
193829.5
193829.5
193829.5
194387.6
193829.5
193829.5
193829.5
193829.5
193829.5
193829.5
193829.5
193829.5
193829.5
193829.5
193829.5
193829.5
193829.5
193829.5
193829.5
193829.5
193829.5
193829.5
193829.5
193829.5
193829.5
193263.8
193263.8
193829.5
193829.5
193263.8
193829.5
193829.5
193263.8
193829.5
193263.8
193263.8
193263.8
193263.8
193263.8
192713.4
193263.8
193263.8
192713.4
193263.8
193263.8
192713.4
192713.4
192713.4
193263.8
193263.8
192713.4
192713.4
193263.8
192713.4
192713.4
192713.4
192713.4
192713.4
192713.4
192713.4
192713.4
192713.4
192713.4
192713.4
192713.4
192713.4
192713.4
192713.4
192713.4
192713.4
192713.4
192713.4
192155.3
192155.3
192155.3
192713.4
192155.3
192713.4
192155.3
192155.3
191589.6
192155.3
192155.3
192155.3
192155.3
192155.3
191589.6
192155.3
191589.6
192155.3
192155.3
192155.3
192155.3
191589.6
191589.6
192155.3
191589.6
191589.6
191589.6
192155.3
191589.6
191589.6
191589.6
191589.6
191589.6
191589.6
191589.6
191589.6
191031.5
191589.6
191589.6
191589.6
191589.6
191589.6
191589.6
191031.5
191589.6
191589.6
191589.6
191589.6
191031.5
191031.5
191031.5
191031.5
191031.5
191031.5
191031.5
191031.5
191031.5
191031.5
191031.5
191031.5
190481.0
190481.0
191031.5
190481.0
190481.0
191031.5
190481.0
191031.5
190481.0
190481.0
190481.0
191031.5
190481.0
191031.5
190481.0
190481.0
190481.0
190481.0
190481.0
190481.0
190481.0
190481.0
190481.0
190481.0
190481.0
190481.0
190481.0
190481.0
190481.0
190481.0
190481.0
190481.0
190481.0
190481.0
190481.0
190481.0
189915.3
190481.0
189915.3
190481.0
189915.3
190481.0
190481.0
190481.0
189915.3
190481.0
190481.0
190481.0
190481.0
190481.0
190481.0
189915.3
189915.3
190481.0
189915.3
189915.3
189915.3
189915.3
189915.3
189915.3
189915.3
189915.3
189357.2
189357.2
189357.2
189357.2
189915.3
189915.3
189357.2
188799.2
189357.2
190481.0
189357.2
189915.3
189357.2
189357.2
189357.2
189357.2
189357.2
189357.2
189357.2
188799.2
189357.2
189357.2
189357.2
189357.2
189357.2
189357.2
188799.2
188799.2
189357.2
189357.2
188799.2
189357.2
188799.2
189357.2
189357.2
189357.2
188799.2
189357.2
188799.2
189357.2
188799.2
189357.2
188799.2
188799.2
189357.2
188241.1
188241.1
188799.2
188241.1
188799.2
188241.1
188241.1
188241.1
188241.1
188241.1
188241.1
188241.1
188799.2
188799.2
188241.1
188241.1
188241.1
188241.1
188241.1
188241.1
188799.2
188241.1
188241.1
188799.2
188241.1
188241.1
188799.2
188241.1
188241.1
188241.1
188241.1
188241.1
188241.1
188241.1
188241.1
188241.1
188241.1
188241.1
188241.1
188241.1
188241.1
188241.1
188241.1
187683.0
188241.1
188241.1
188241.1
188241.1
188241.1
187683.0
187683.0
187683.0
187683.0
187683.0
187683.0
187683.0
187117.3
187117.3
187683.0
187683.0
187683.0
187683.0
188241.1
187683.0
187117.3
187117.3
187117.3
187683.0
187683.0
187117.3
187117.3
187117.3
187117.3
187117.3
187117.3
187117.3
187117.3
187117.3
187117.3
187117.3
187117.3
187117.3
187117.3
187117.3
187117.3
187117.3
187117.3
187117.3
187117.3
187117.3
186566.8
187117.3
187117.3
186566.8
187117.3
186566.8
186566.8
187117.3
186566.8
186008.8
187117.3
186566.8
186566.8
186566.8
186008.8
186566.8
186008.8
186566.8
186566.8
186008.8
186566.8
186008.8
186008.8
186008.8
186566.8
186008.8
186566.8
186008.8
186566.8
186008.8
186008.8
186008.8
186008.8
186008.8
186008.8
186008.8
186008.8
186008.8
185443.0
186008.8
186008.8
186008.8
186008.8
186008.8
186008.8
186008.8
186008.8
186008.8
186008.8
186008.8
186008.8
185443.0
185443.0
186008.8
184892.6
185443.0
186008.8
185443.0
185443.0
186008.8
185443.0
185443.0
185443.0
184892.6
184892.6
185443.0
185443.0
185443.0
184892.6
186008.8
185443.0
185443.0
184892.6
185443.0
184892.6
185443.0
184892.6
184892.6
184892.6
184892.6
185443.0
184892.6
185443.0
184892.6
184892.6
184334.5
184892.6
184892.6
184334.5
184892.6
184892.6
184892.6
184892.6
184892.6
184892.6
184892.6
184892.6
184892.6
184892.6
184334.5
184892.6
184892.6
184892.6
184334.5
184892.6
184334.5
184892.6
184892.6
184892.6
184334.5
184334.5
184334.5
184892.6
184334.5
184334.5
184334.5
184334.5
184334.5
184334.5
183768.8
183768.8
184334.5
184334.5
184334.5
183768.8
184334.5
183768.8
184334.5
184334.5
183768.8
184334.5
184334.5
183768.8
184334.5
183768.8
183768.8
183768.8
183768.8
183768.8
184334.5
183768.8
183768.8
183768.8
183768.8
183768.8
183768.8
183768.8
183768.8
183768.8
183768.8
183768.8
183768.8
183768.8
183218.4
183768.8
183218.4
183218.4
183768.8
183218.4
183218.4
183218.4
182660.3
183218.4
183218.4
183218.4
183218.4
183218.4
183218.4
183218.4
183218.4
183218.4
183218.4
182660.3
183218.4
183218.4
183218.4
182660.3
183218.4
183218.4
182660.3
182660.3
182660.3
182660.3
182660.3
182660.3
182660.3
182660.3
182660.3
182660.3
182660.3
182660.3
183218.4
182660.3
182660.3
182660.3
182660.3
182660.3
182660.3
182660.3
182660.3
182660.3
182094.6
182660.3
182660.3
182094.6
182660.3
182094.6
182094.6
182660.3
182094.6
182094.6
182094.6
182094.6
182094.6
182094.6
182094.6
182094.6
182094.6
182660.3
182094.6
182094.6
182094.6
181536.5
182094.6
182094.6
182094.6
182094.6
182094.6
181536.5
181536.5
182094.6
182094.6
182094.6
182094.6
182094.6
181536.5
181536.5
182094.6
181536.5
181536.5
182094.6
181536.5
182094.6
181536.5
181536.5
181536.5
182094.6
181536.5
181536.5
181536.5
181536.5
180986.0
181536.5
181536.5
181536.5
180986.0
181536.5
180986.0
181536.5
181536.5
181536.5
181536.5
181536.5
180986.0
181536.5
180986.0
180986.0
180986.0
180986.0
181536.5
180986.0
180986.0
180986.0
180986.0
180986.0
180986.0
180986.0
181536.5
180986.0
180986.0
180986.0
180986.0
180420.3
180420.3
180986.0
180986.0
180986.0
179862.2
180986.0
180420.3
180986.0
179862.2
180420.3
179862.2
180420.3
180420.3
180420.3
180420.3
180420.3
179862.2
180420.3
179862.2
179862.2
180420.3
179862.2
180420.3
179862.2
179862.2
179862.2
179862.2
179862.2
179311.8
179862.2
179862.2
179862.2
179862.2
179862.2
179311.8
179862.2
179862.2
179862.2
179862.2
179311.8
179311.8
179862.2
179862.2
179862.2
179311.8
179862.2
179862.2
179311.8
179862.2
179311.8
179311.8
179311.8
179311.8
179862.2
179311.8
179311.8
179862.2
179311.8
179311.8
179311.8
179311.8
179311.8
179311.8
179311.8
179311.8
178746.1
178746.1
179311.8
178746.1
179311.8
179311.8
179311.8
179311.8
178746.1
178746.1
179311.8
178188.0
178746.1
178746.1
179311.8
178746.1
178746.1
178746.1
178746.1
178746.1
178746.1
178746.1
178188.0
178188.0
178188.0
178746.1
178746.1
178188.0
178746.1
178746.1
178188.0
178188.0
178188.0
178188.0
178188.0
178188.0
178188.0
178188.0
178188.0
178188.0
178188.0
178188.0
178188.0
178188.0
178188.0
178188.0
178188.0
178188.0
178188.0
178188.0
178188.0
177629.9
178188.0
177629.9
178188.0
178188.0
178188.0
178188.0
177629.9
178188.0
177629.9
177629.9
178188.0
177629.9
177629.9
177629.9
177629.9
177629.9
177629.9
177071.8
177629.9
177071.8
177071.8
177071.8
177071.8
177071.8
177629.9
177629.9
177629.9
177071.8
177071.8
177071.8
177071.8
177071.8
177071.8
177071.8
177071.8
177071.8
177071.8
177071.8
177071.8
177071.8
177071.8
177071.8
177071.8
177071.8
177071.8
175948.0
177071.8
177071.8
177071.8
176513.8
177071.8
177071.8
177071.8
177071.8
176513.8
175948.0
176513.8
176513.8
176513.8
175948.0
175948.0
176513.8
176513.8
175948.0
175948.0
175948.0
176513.8
176513.8
176513.8
175948.0
175948.0
175948.0
176513.8
175948.0
175948.0
175948.0
175948.0
175948.0
175948.0
175948.0
175948.0
175948.0
175948.0
175948.0
175948.0
175948.0
175948.0
175948.0
176513.8
175948.0
175948.0
175397.6
175948.0
175948.0
175948.0
175397.6
175397.6
175948.0
175397.6
175397.6
175397.6
175397.6
175397.6
175397.6
175948.0
175397.6
175397.6
175397.6
175397.6
175397.6
175397.6
175397.6
175397.6
174839.5
174839.5
174839.5
174839.5
175397.6
175397.6
174839.5
175397.6
175397.6
174839.5
174839.5
174839.5
174839.5
174839.5
174839.5
174839.5
174839.5
175397.6
174839.5
174839.5
174839.5
174839.5
174839.5
174839.5
174839.5
174839.5
174839.5
174839.5
174839.5
174839.5
174839.5
174839.5
174273.8
174839.5
174273.8
174839.5
174839.5
174273.8
174839.5
174273.8
174839.5
174839.5
174273.8
174839.5
174273.8
174273.8
174273.8
174273.8
174273.8
174273.8
174273.8
174273.8
174273.8
174273.8
174273.8
174273.8
173715.7
173715.7
173715.7
174273.8
174273.8
174273.8
174273.8
174273.8
174273.8
173715.7
173715.7
174273.8
173715.7
173715.7
173715.7
173715.7
173715.7
173715.7
173715.7
173715.7
173715.7
173715.7
173165.3
173715.7
173165.3
173715.7
173715.7
173715.7
173715.7
173715.7
173165.3
173165.3
173165.3
173715.7
172599.6
173165.3
173165.3
173165.3
173165.3
173715.7
173165.3
173165.3
173165.3
173165.3
173165.3
173165.3
173165.3
173165.3
172599.6
172599.6
172599.6
172599.6
172599.6
172599.6
172599.6
172599.6
172599.6
173165.3
172599.6
172599.6
172599.6
172599.6
172599.6
172599.6
172599.6
172599.6
172599.6
172599.6
172599.6
172599.6
172599.6
173165.3
172599.6
172599.6
172599.6
172599.6
172599.6
172599.6
172599.6
172599.6
172599.6
172599.6
172599.6
172599.6
172599.6
172599.6
172599.6
172599.6
172599.6
172599.6
172599.6
172599.6
172599.6
172599.6
172599.6
172599.6
172041.5
172599.6
172599.6
172599.6
172599.6
172599.6
172041.5
172599.6
172599.6
172599.6
172041.5
172041.5
172041.5
172041.5
172041.5
171491.0
171491.0
172041.5
172041.5
172041.5
172041.5
171491.0
171491.0
172041.5
172041.5
171491.0
171491.0
171491.0
171491.0
171491.0
171491.0
171491.0
171491.0
171491.0
171491.0
171491.0
171491.0
171491.0
171491.0
171491.0
171491.0
171491.0
171491.0
171491.0
171491.0
171491.0
170925.3
171491.0
171491.0
170367.2
170925.3
171491.0
171491.0
171491.0
171491.0
171491.0
170925.3
170925.3
171491.0
171491.0
171491.0
171491.0
170925.3
171491.0
170925.3
171491.0
170925.3
170925.3
170925.3
170367.2
170925.3
171491.0
170367.2
171491.0
170925.3
170367.2
170367.2
170925.3
170925.3
170925.3
170925.3
170925.3
170367.2
170367.2
170367.2
170367.2
170367.2
170925.3
170367.2
170925.3
170925.3
170367.2
170925.3
170925.3
170367.2
170925.3
170367.2
170367.2
170367.2
170367.2
170367.2
170367.2
170367.2
170367.2
170367.2
170367.2
170367.2
170367.2
170367.2
170367.2
170367.2
170367.2
170367.2
170367.2
170367.2
169809.2
170367.2
170367.2
170367.2
169809.2
169809.2
169809.2
169809.2
169809.2
170367.2
170367.2
170367.2
170367.2
169251.1
169809.2
169809.2
169809.2
169251.1
169251.1
169809.2
169809.2
169251.1
169251.1
169809.2
169809.2
169809.2
169251.1
169251.1
169251.1
169809.2
169251.1
169251.1
169251.1
169251.1
169251.1
169251.1
169251.1
169251.1
169251.1
169251.1
169251.1
169251.1
169251.1
168693.0
169251.1
169251.1
169251.1
168693.0
169251.1
168693.0
168693.0
169251.1
169251.1
169251.1
168693.0
169251.1
168693.0
169251.1
168693.0
168693.0
169251.1
169251.1
168693.0
168693.0
168134.9
168693.0
168693.0
168693.0
168693.0
168693.0
168693.0
168693.0
168693.0
168693.0
168134.9
168693.0
168693.0
168134.9
168693.0
168134.9
168693.0
168134.9
168134.9
168134.9
168693.0
168134.9
168693.0
168134.9
168693.0
168134.9
168134.9
168134.9
168134.9
168134.9
168134.9
168134.9
168134.9
168134.9
168134.9
168134.9
168134.9
168134.9
168134.9
168134.9
167576.8
168134.9
168134.9
167576.8
168134.9
167576.8
167576.8
168134.9
167576.8
168134.9
168134.9
168134.9
168134.9
168134.9
167576.8
167576.8
167576.8
168134.9
167576.8
167576.8
168134.9
167576.8
167576.8
167576.8
167576.8
167576.8
168134.9
167576.8
167576.8
167576.8
167576.8
167018.8
167576.8
167018.8
167576.8
167018.8
167576.8
167018.8
167576.8
167018.8
167018.8
167018.8
167576.8
167018.8
167018.8
167018.8
167018.8
167018.8
167018.8
167576.8
167018.8
167018.8
167018.8
167018.8
167018.8
167018.8
167018.8
167018.8
167018.8
166460.7
167018.8
167018.8
167018.8
167018.8
167018.8
167018.8
167018.8
167018.8
167018.8
167018.8
167018.8
167018.8
167018.8
166460.7
167018.8
166460.7
167018.8
166460.7
166460.7
166460.7
166460.7
166460.7
165894.9
166460.7
167018.8
166460.7
166460.7
166460.7
166460.7
166460.7
166460.7
165894.9
165894.9
166460.7
166460.7
166460.7
166460.7
165894.9
165894.9
165894.9
165894.9
165894.9
165894.9
165344.5
165894.9
165894.9
165894.9
165894.9
165894.9
165894.9
165894.9
165894.9
165344.5
165894.9
165894.9
165894.9
166460.7
165894.9
165894.9
165894.9
165894.9
165894.9
165894.9
165894.9
165894.9
165894.9
165894.9
165344.5
165894.9
165344.5
165344.5
165344.5
165894.9
165894.9
165894.9
165344.5
165344.5
165344.5
165344.5
165344.5
165894.9
164778.8
165344.5
164778.8
165344.5
165344.5
165344.5
165344.5
165344.5
165344.5
165344.5
164778.8
164778.8
164778.8
165344.5
164778.8
164778.8
164778.8
165344.5
164778.8
164778.8
164778.8
164778.8
164778.8
164778.8
164778.8
164778.8
165344.5
164778.8
164778.8
164778.8
164778.8
164778.8
164778.8
164220.7
164778.8
164778.8
164220.7
164778.8
164778.8
164220.7
164220.7
164778.8
164220.7
164778.8
164220.7
164220.7
164220.7
164220.7
164220.7
164778.8
164220.7
164778.8
164778.8
164220.7
164220.7
164220.7
164220.7
164220.7
163670.3
164220.7
164778.8
164220.7
163670.3
163670.3
164220.7
164220.7
164220.7
164220.7
163670.3
163670.3
163670.3
164220.7
164220.7
164220.7
163670.3
163670.3
164220.7
164220.7
164220.7
163670.3
163670.3
163670.3
164220.7
163670.3
164220.7
163670.3
163670.3
164220.7
163670.3
163670.3
163670.3
163670.3
163670.3
163670.3
163104.5
163670.3
163104.5
163670.3
163104.5
163104.5
163670.3
163104.5
163670.3
163104.5
163670.3
163670.3
163104.5
163104.5
163670.3
163104.5
163104.5
163104.5
163104.5
163670.3
163104.5
163104.5
162546.5
163104.5
163104.5
163104.5
162546.5
163104.5
163104.5
162546.5
162546.5
162546.5
162546.5
162546.5
162546.5
162546.5
161996.0
163104.5
162546.5
162546.5
162546.5
163104.5
162546.5
163104.5
161988.4
162546.5
161988.4
162546.5
162546.5
161988.4
162546.5
161988.4
162546.5
161988.4
161988.4
161988.4
161988.4
162546.5
161988.4
161988.4
162546.5
161988.4
161988.4
162546.5
161988.4
162546.5
161988.4
161988.4
161988.4
161988.4
161988.4
161988.4
161988.4
161988.4
161988.4
161988.4
161988.4
161988.4
161430.3
161988.4
161988.4
161988.4
161430.3
161988.4
161988.4
161430.3
161988.4
161430.3
161430.3
161988.4
161988.4
161988.4
161988.4
161430.3
161430.3
161430.3
161430.3
161430.3
161430.3
161430.3
161430.3
161430.3
161430.3
161430.3
160872.2
161430.3
161430.3
161430.3
161430.3
161430.3
160872.2
160872.2
161430.3
161430.3
160872.2
161430.3
160872.2
161430.3
161430.3
161430.3
160872.2
160872.2
160314.2
160872.2
161430.3
161430.3
160314.2
160872.2
160872.2
160314.2
160872.2
160872.2
160314.2
160314.2
160314.2
160872.2
160314.2
160314.2
160314.2
160872.2
160314.2
160314.2
160314.2
160872.2
160314.2
160314.2
160314.2
160872.2
160314.2
160314.2
160314.2
160314.2
160314.2
160314.2
160314.2
159756.1
160314.2
159756.1
160314.2
160314.2
160314.2
160314.2
160314.2
160314.2
159756.1
160314.2
159756.1
160314.2
160314.2
159756.1
160314.2
160314.2
159756.1
159756.1
159756.1
159756.1
159198.0
160314.2
159756.1
159756.1
159198.0
159756.1
159198.0
159756.1
159198.0
160314.2
159198.0
159198.0
159756.1
159198.0
159198.0
159198.0
159198.0
159198.0
159756.1
159756.1
159198.0
159198.0
159198.0
159756.1
159198.0
159198.0
159198.0
159756.1
159198.0
159198.0
159198.0
159198.0
158639.9
159198.0
159756.1
159198.0
159198.0
159198.0
159198.0
159198.0
158639.9
159198.0
158639.9
159198.0
158639.9
158081.8
158639.9
158639.9
158639.9
159198.0
158081.8
158639.9
158081.8
158639.9
158639.9
159198.0
158081.8
158639.9
159198.0
158639.9
158081.8
158639.9
158081.8
158081.8
158081.8
158081.8
158081.8
158081.8
158081.8
158081.8
158081.8
158081.8
158081.8
158081.8
158639.9
158081.8
158081.8
158081.8
158081.8
158081.8
158081.8
158081.8
158081.8
158074.2
157523.8
158081.8
158081.8
158081.8
158081.8
158074.2
157523.8
157523.8
158074.2
157523.8
158074.2
157523.8
157523.8
158074.2
157523.8
157523.8
157523.8
157523.8
157523.8
157523.8
157523.8
157523.8
157523.8
157523.8
157523.8
157523.8
156965.7
157523.8
157523.8
157523.8
157523.8
157523.8
156965.7
157523.8
157523.8
157523.8
156965.7
157523.8
156965.7
156965.7
157523.8
157523.8
157523.8
156965.7
157523.8
157523.8
156965.7
157523.8
157523.8
156965.7
156965.7
156965.7
156965.7
156965.7
156965.7
157523.8
156965.7
156965.7
156965.7
156965.7
156965.7
156965.7
156965.7
156965.7
156965.7
156965.7
156965.7
156399.9
156965.7
156399.9
156965.7
156965.7
156965.7
156965.7
156399.9
156399.9
156399.9
156965.7
156399.9
156399.9
156965.7
156399.9
156399.9
156965.7
156399.9
156965.7
156399.9
156399.9
156399.9
156399.9
156399.9
156399.9
156399.9
156399.9
156399.9
156399.9
156399.9
156399.9
155849.5
155849.5
156399.9
156399.9
156399.9
156399.9
155849.5
156399.9
155291.4
155849.5
155849.5
155849.5
155849.5
155849.5
155849.5
155849.5
155849.5
155849.5
155849.5
155849.5
155849.5
155849.5
155849.5
155849.5
155849.5
155849.5
155849.5
155849.5
155849.5
155849.5
155849.5
155849.5
155849.5
155291.4
155291.4
155849.5
155291.4
155291.4
155849.5
155849.5
155291.4
155849.5
155849.5
155849.5
155291.4
155291.4
154725.7
155291.4
155291.4
155849.5
154725.7
155291.4
155291.4
155291.4
155291.4
155291.4
154725.7
155291.4
155291.4
155291.4
155291.4
155291.4
154725.7
155291.4
154725.7
154725.7
154725.7
155291.4
154725.7
155291.4
154725.7
154725.7
154725.7
154725.7
154725.7
155291.4
154725.7
154725.7
154725.7
154725.7
154725.7
154725.7
154725.7
154725.7
154725.7
154175.3
154725.7
154725.7
154175.3
154175.3
154725.7
154725.7
154175.3
154725.7
154725.7
154175.3
154725.7
154725.7
154175.3
154725.7
154175.3
154175.3
154175.3
154175.3
154175.3
154175.3
154175.3
154175.3
154175.3
154175.3
154175.3
154175.3
154175.3
154175.3
154175.3
154175.3
154175.3
154175.3
154175.3
154175.3
154175.3
154175.3
154175.3
154175.3
154175.3
154175.3
154175.3
154175.3
154175.3
154175.3
154175.3
154175.3
154175.3
154175.3
153617.2
154175.3
154175.3
154175.3
153617.2
153617.2
154175.3
154175.3
154175.3
153617.2
153617.2
154175.3
154175.3
154175.3
153617.2
153617.2
154175.3
153617.2
153617.2
153051.5
153617.2
154175.3
153617.2
153617.2
153051.5
154175.3
153617.2
153617.2
153617.2
153617.2
153617.2
153617.2
153617.2
153617.2
153617.2
153617.2
153051.5
153617.2
153617.2
153617.2
153051.5
153051.5
153617.2
153617.2
153617.2
153617.2
153051.5
153617.2
153051.5
153051.5
152493.4
153051.5
153051.5
153051.5
153051.5
153051.5
153051.5
153617.2
153051.5
153617.2
153617.2
153051.5
152493.4
153051.5
152493.4
153051.5
152493.4
153051.5
152493.4
153051.5
152493.4
153051.5
152493.4
153051.5
152493.4
152493.4
152493.4
153051.5
152493.4
153051.5
152493.4
152493.4
152493.4
153051.5
152493.4
152493.4
152493.4
152493.4
152493.4
152493.4
152493.4
152493.4
152493.4
152493.4
152493.4
152493.4
152493.4
152493.4
152493.4
152493.4
152493.4
152493.4
152493.4
152493.4
152493.4
152493.4
152493.4
151935.3
151935.3
152493.4
151935.3
152493.4
152493.4
152493.4
151935.3
151935.3
151935.3
152493.4
151377.2
151377.2
151935.3
151377.2
151935.3
151377.2
151935.3
151935.3
151377.2
151377.2
151377.2
151935.3
151935.3
151935.3
151377.2
151377.2
151377.2
151935.3
151377.2
151935.3
151935.3
151377.2
151377.2
151935.3
151377.2
151377.2
151377.2
151377.2
151377.2
151377.2
151377.2
151377.2
151377.2
151377.2
151377.2
151377.2
151377.2
151377.2
151377.2
150819.1
151377.2
150819.1
150819.1
150819.1
151377.2
150819.1
150819.1
151377.2
150819.1
150819.1
150819.1
150819.1
150819.1
150819.1
150819.1
150819.1
150819.1
150819.1
150819.1
151377.2
150819.1
150819.1
150819.1
150819.1
150819.1
150819.1
150819.1
150819.1
150819.1
150261.1
150819.1
150819.1
150261.1
150261.1
150261.1
150819.1
150261.1
150261.1
150261.1
150261.1
150819.1
150261.1
150261.1
150261.1
150261.1
150261.1
150261.1
150261.1
150261.1
150261.1
150261.1
150261.1
150261.1
150261.1
150261.1
150261.1
150261.1
150261.1
150261.1
150261.1
150261.1
149703.0
149703.0
150261.1
150261.1
149703.0
149703.0
149703.0
149703.0
150261.1
149703.0
149703.0
150261.1
149703.0
150261.1
149703.0
150261.1
149703.0
149703.0
150261.1
149144.9
149144.9
149703.0
150261.1
150261.1
149144.9
149703.0
149703.0
149144.9
149703.0
149144.9
149703.0
149144.9
149703.0
149144.9
149703.0
149144.9
149703.0
149144.9
149144.9
149144.9
149144.9
149144.9
149144.9
149144.9
149144.9
149144.9
149144.9
149144.9
149144.9
149144.9
149144.9
149144.9
149144.9
149144.9
149144.9
149144.9
149144.9
149144.9
149144.9
148579.2
149144.9
149144.9
149144.9
149144.9
149144.9
149144.9
149144.9
148579.2
149144.9
149144.9
149144.9
148579.2
148579.2
149144.9
149144.9
149144.9
149144.9
149144.9
149144.9
148579.2
149144.9
149144.9
148579.2
148579.2
148579.2
148579.2
148579.2
148579.2
149144.9
148579.2
149144.9
148028.8
148579.2
148028.8
148579.2
148579.2
148028.8
148579.2
148579.2
148028.8
148579.2
148579.2
148579.2
148028.8
148028.8
148028.8
148579.2
148028.8
148028.8
148579.2
148028.8
148028.8
148028.8
148579.2
148579.2
148579.2
148579.2
148028.8
148028.8
148028.8
148028.8
148028.8
148028.8
148028.8
148028.8
148028.8
148028.8
148028.8
148028.8
148028.8
148028.8
148028.8
148028.8
148028.8
147470.7
148028.8
147470.7
147470.7
148028.8
147470.7
147470.7
147470.7
147470.7
147470.7
146904.9
147470.7
148028.8
148028.8
148028.8
147470.7
147470.7
148028.8
146904.9
146904.9
148028.8
147470.7
147470.7
147470.7
146904.9
147470.7
146904.9
146904.9
147470.7
146904.9
146904.9
146904.9
147470.7
147470.7
146904.9
146904.9
146904.9
146904.9
146904.9
146904.9
146904.9
146904.9
146904.9
146904.9
146904.9
146904.9
146904.9
146904.9
146904.9
146904.9
146904.9
146904.9
146904.9
146354.5
146904.9
146904.9
146904.9
146904.9
146354.5
146904.9
146904.9
146354.5
146904.9
146904.9
146904.9
146904.9
146354.5
146354.5
146904.9
146354.5
146904.9
146904.9
146354.5
146354.5
146354.5
146354.5
146354.5
146354.5
146354.5
146354.5
146354.5
146354.5
146354.5
146904.9
146354.5
146904.9
146354.5
145796.4
146354.5
146354.5
145796.4
146354.5
146354.5
146354.5
146354.5
146354.5
146354.5
146354.5
146354.5
145796.4
146354.5
146354.5
145796.4
145796.4
146354.5
145796.4
146354.5
145796.4
145796.4
146354.5
145796.4
145796.4
145796.4
146354.5
145796.4
145796.4
145796.4
145796.4
145796.4
145796.4
145796.4
145796.4
145796.4
145230.7
145796.4
145796.4
145796.4
145230.7
145796.4
145230.7
145230.7
145230.7
145796.4
145230.7
145230.7
145230.7
145230.7
145230.7
145796.4
145230.7
145230.7
145230.7
145230.7
145230.7
145230.7
145230.7
145230.7
145230.7
145230.7
144672.6
145230.7
145230.7
145230.7
144122.2
144672.6
144672.6
145796.4
145230.7
145230.7
145230.7
144672.6
144122.2
145230.7
145230.7
145230.7
144672.6
144672.6
144122.2
144672.6
144672.6
144672.6
144672.6
145230.7
144122.2
144122.2
144672.6
144672.6
144672.6
144122.2
144122.2
144672.6
144122.2
144672.6
144672.6
144122.2
144672.6
144122.2
144672.6
144122.2
144122.2
144122.2
144122.2
144122.2
144122.2
144672.6
144122.2
144672.6
144122.2
144122.2
144122.2
144122.2
144122.2
144122.2
144122.2
144122.2
144122.2
144122.2
144122.2
144122.2
144122.2
144122.2
144122.2
144122.2
143556.5
144122.2
144122.2
144122.2
144122.2
144122.2
143556.5
144122.2
143556.5
143556.5
144122.2
144122.2
143556.5
143556.5
143556.5
144122.2
143556.5
143556.5
144122.2
143556.5
143556.5
143556.5
143556.5
143556.5
143556.5
144122.2
143556.5
143556.5
143556.5
143556.5
143556.5
143556.5
142998.4
143556.5
143556.5
142998.4
142998.4
143556.5
143556.5
143556.5
142998.4
143556.5
142998.4
143556.5
142998.4
143556.5
143556.5
142998.4
143556.5
142998.4
143556.5
142998.4
142998.4
143556.5
142448.0
142998.4
142998.4
143556.5
142448.0
142998.4
143556.5
142998.4
142998.4
142998.4
142448.0
142998.4
142448.0
142448.0
142998.4
142448.0
142448.0
142448.0
142448.0
142448.0
142448.0
142448.0
142448.0
142998.4
142448.0
142448.0
142448.0
142998.4
142998.4
142448.0
142448.0
142448.0
142448.0
142448.0
142448.0
142448.0
141882.2
142448.0
142448.0
142448.0
142448.0
142448.0
141882.2
141882.2
142448.0
142448.0
141882.2
142448.0
142448.0
141882.2
141882.2
141882.2
141882.2
142448.0
142448.0
141882.2
142448.0
141882.2
142448.0
141882.2
141882.2
142448.0
141882.2
141882.2
141882.2
141324.1
141324.1
141882.2
141324.1
141882.2
141324.1
141324.1
141882.2
141882.2
141324.1
141324.1
141324.1
141324.1
141324.1
141324.1
141324.1
141324.1
141324.1
141324.1
141324.1
141324.1
141882.2
141324.1
141324.1
141324.1
141324.1
141324.1
141324.1
141324.1
141324.1
141324.1
141324.1
141324.1
141324.1
141324.1
141324.1
141324.1
141324.1
141324.1
140758.4
141324.1
141324.1
140758.4
140758.4
141324.1
140758.4
141324.1
140758.4
141324.1
140758.4
140758.4
140758.4
141324.1
141324.1
140758.4
140758.4
140758.4
140758.4
140758.4
140758.4
140758.4
140208.0
140208.0
140208.0
140758.4
140758.4
140758.4
140208.0
140208.0
140758.4
140758.4
140208.0
140208.0
140208.0
140208.0
140208.0
140208.0
140208.0
140208.0
140208.0
140208.0
140208.0
140208.0
140208.0
140208.0
139649.9
140208.0
140208.0
140208.0
140208.0
140208.0
140208.0
140208.0
140208.0
139649.9
140208.0
140208.0
140208.0
140208.0
139649.9
140208.0
139649.9
139649.9
139649.9
140208.0
140208.0
140208.0
139649.9
139649.9
139649.9
139649.9
139649.9
139649.9
139649.9
139649.9
139649.9
140208.0
139649.9
139649.9
139649.9
139649.9
139084.2
139649.9
140208.0
139649.9
139649.9
139649.9
139649.9
139649.9
139649.9
139084.2
139649.9
139649.9
139649.9
139084.2
139084.2
139649.9
139649.9
139649.9
139084.2
139084.2
139084.2
139649.9
139084.2
139084.2
139084.2
139084.2
139084.2
139084.2
139084.2
139084.2
139084.2
139084.2
139084.2
139084.2
139084.2
139084.2
139084.2
139084.2
139084.2
139084.2
139084.2
139084.2
139084.2
139084.2
139084.2
139084.2
138533.7
139084.2
138533.7
139084.2
139084.2
139084.2
139084.2
139084.2
139084.2
139084.2
137975.7
138533.7
139084.2
139084.2
139084.2
139084.2
139084.2
139084.2
138533.7
138533.7
138533.7
138533.7
138533.7
138533.7
138533.7
138533.7
138533.7
138533.7
138533.7
138533.7
138533.7
138533.7
138533.7
137975.7
138533.7
138533.7
138533.7
138533.7
138533.7
138533.7
137975.7
138533.7
138533.7
138533.7
137975.7
138533.7
138533.7
138533.7
137975.7
138533.7
137975.7
137975.7
137975.7
137975.7
137975.7
138533.7
137975.7
137975.7
137975.7
137975.7
137975.7
137975.7
137975.7
137975.7
137975.7
137975.7
137975.7
137975.7
137975.7
137975.7
137975.7
137975.7
137975.7
137975.7
137975.7
137975.7
137409.9
137975.7
137975.7
137975.7
137409.9
137975.7
137975.7
137975.7
137975.7
137975.7
137409.9
137975.7
137975.7
136851.9
136851.9
136851.9
136851.9
136851.9
136851.9
137409.9
136851.9
137409.9
136851.9
136851.9
136851.9
136851.9
136851.9
136851.9
136851.9
137409.9
136851.9
136851.9
136851.9
136851.9
136851.9
136851.9
136851.9
137409.9
137409.9
136851.9
136851.9
136851.9
136851.9
136851.9
136851.9
136851.9
136851.9
136851.9
136851.9
136851.9
136851.9
136851.9
136301.4
136851.9
136851.9
136851.9
136851.9
136851.9
136851.9
136851.9
136301.4
136851.9
136851.9
136851.9
136851.9
136851.9
136851.9
136851.9
136851.9
136851.9
136851.9
136851.9
136851.9
136851.9
136851.9
136851.9
136851.9
136851.9
136301.4
136301.4
136301.4
136301.4
136301.4
136301.4
136301.4
136851.9
136301.4
136301.4
136301.4
136301.4
136301.4
136301.4
136301.4
136301.4
136301.4
136851.9
136301.4
136301.4
136301.4
136301.4
136301.4
136301.4
136301.4
136301.4
136301.4
136301.4
136301.4
136301.4
136301.4
136301.4
136301.4
136301.4
135735.7
136301.4
135735.7
136301.4
135735.7
136301.4
135735.7
136301.4
135177.6
135735.7
135735.7
135735.7
136301.4
135735.7
136301.4
135735.7
136301.4
135735.7
135735.7
135735.7
135735.7
136301.4
135735.7
135735.7
135735.7
135735.7
135735.7
135735.7
135735.7
135735.7
135735.7
135735.7
135735.7
135735.7
135735.7
135735.7
135177.6
135735.7
135177.6
135735.7
135177.6
135735.7
135177.6
135735.7
135735.7
135735.7
135177.6
135177.6
135735.7
135735.7
135177.6
135735.7
135177.6
135735.7
135177.6
135177.6
135735.7
135177.6
135177.6
135177.6
135177.6
135177.6
135177.6
135735.7
135177.6
135177.6
135177.6
135177.6
135177.6
135735.7
134627.2
135177.6
135177.6
134627.2
135177.6
135177.6
134627.2
135177.6
134627.2
135177.6
135177.6
135177.6
134627.2
134627.2
134627.2
135177.6
134627.2
134627.2
134627.2
134627.2
134627.2
134627.2
134627.2
134627.2
134627.2
134627.2
134627.2
134627.2
134627.2
134627.2
134627.2
134627.2
134627.2
134627.2
134061.5
134627.2
134627.2
134627.2
134627.2
134627.2
134061.5
134627.2
134627.2
134627.2
134061.5
134627.2
134627.2
134627.2
134061.5
134627.2
133503.4
134061.5
134627.2
134627.2
134061.5
134061.5
134061.5
134061.5
134061.5
134627.2
134061.5
134061.5
134061.5
133503.4
134061.5
133503.4
133503.4
134061.5
134061.5
133503.4
133503.4
134061.5
133503.4
134061.5
134061.5
133503.4
133503.4
133503.4
133503.4
133503.4
133503.4
134061.5
133503.4
134061.5
133503.4
134061.5
133503.4
133503.4
133503.4
133503.4
133503.4
133503.4
133503.4
133503.4
133503.4
133503.4
133503.4
133503.4
133503.4
133503.4
134061.5
133503.4
133503.4
133503.4
133503.4
133503.4
133503.4
133503.4
133503.4
133503.4
132953.0
133503.4
132953.0
132953.0
133503.4
133503.4
133503.4
133503.4
133503.4
133503.4
133503.4
132953.0
133503.4
132953.0
133503.4
132953.0
132953.0
133503.4
132953.0
132953.0
132387.2
132953.0
132953.0
132953.0
132953.0
132953.0
132387.2
132953.0
132387.2
132387.2
132387.2
132953.0
132953.0
132953.0
132953.0
132953.0
132953.0
132387.2
132387.2
132387.2
132387.2
132953.0
132387.2
132387.2
132387.2
132387.2
132387.2
132387.2
132387.2
132387.2
132387.2
132387.2
132387.2
132953.0
132387.2
132387.2
132387.2
132387.2
132387.2
132387.2
132387.2
132387.2
132387.2
132387.2
131829.1
132387.2
132387.2
132387.2
132387.2
132387.2
132387.2
132387.2
132387.2
132387.2
131829.1
132387.2
131271.1
131829.1
132387.2
131829.1
131829.1
132387.2
131829.1
131829.1
131829.1
131829.1
131829.1
131829.1
131829.1
131829.1
131829.1
132387.2
131829.1
132387.2
131829.1
131829.1
131829.1
131829.1
131829.1
131271.1
131829.1
131271.1
131271.1
131271.1
131829.1
131271.1
131271.1
131271.1
131829.1
131829.1
131829.1
131271.1
131271.1
131271.1
131271.1
131829.1
131829.1
131829.1
131271.1
131829.1
131271.1
131271.1
131271.1
131829.1
131271.1
131271.1
131271.1
131271.1
131271.1
131271.1
131271.1
131271.1
131271.1
131271.1
131271.1
131271.1
131271.1
131271.1
131271.1
131271.1
131271.1
131271.1
131271.1
131271.1
131271.1
131271.1
130713.0
131271.1
131271.1
131271.1
131271.1
131271.1
130713.0
131271.1
130713.0
130713.0
130713.0
130713.0
131271.1
130713.0
130713.0
131271.1
131271.1
130713.0
131271.1
131271.1
130713.0
130713.0
130154.9
130713.0
130713.0
130713.0
130713.0
130154.9
130713.0
130713.0
130713.0
131271.1
130154.9
130713.0
130713.0
130154.9
130713.0
130154.9
130154.9
130713.0
130713.0
130154.9
130154.9
130154.9
130713.0
130713.0
130713.0
130713.0
130154.9
130154.9
130154.9
130154.9
130154.9
130154.9
130154.9
130713.0
130154.9
130154.9
130154.9
130154.9
130154.9
130154.9
130154.9
130154.9
129589.2
130154.9
130154.9
130154.9
130154.9
130154.9
129589.2
130154.9
129589.2
130154.9
130154.9
130154.9
130154.9
130154.9
129589.2
129589.2
129589.2
129589.2
129589.2
129589.2
129589.2
130154.9
129589.2
129589.2
129589.2
129589.2
129589.2
129589.2
130154.9
129589.2
129589.2
129589.2
129038.7
129589.2
129038.7
129038.7
129589.2
129038.7
129589.2
129589.2
129589.2
129589.2
129589.2
129589.2
129038.7
129038.7
129038.7
129038.7
129038.7
129038.7
129038.7
129038.7
129038.7
129038.7
129038.7
129589.2
129038.7
129038.7
129038.7
129038.7
129038.7
129038.7
129038.7
129038.7
129038.7
129038.7
129038.7
129038.7
129038.7
129038.7
129038.7
129038.7
128480.7
129038.7
129038.7
129038.7
129038.7
129038.7
128480.7
129038.7
128480.7
128480.7
129038.7
129038.7
129038.7
129038.7
128480.7
129038.7
129038.7
128480.7
128480.7
128480.7
129038.7
128480.7
128480.7
129038.7
128480.7
