IEC 61083-2 TDG Version 2.1.0
Data File Version  2.1.0
13 LI-M1
16 bits, 54135 samples at 10ns
1.000000e-008
-10579.2
-10579.2
-10579.2
-10579.2
-10579.2
-10579.2
-10579.2
-10579.2
-10579.2
-10579.2
-10579.2
-10579.2
-10579.2
-10579.2
-10579.2
-10579.2
-10579.2
-10579.2
-10579.2
-10579.2
-10579.2
-10579.2
-10579.2
-10579.2
-10579.2
-10579.2
-10579.2
-10579.2
-10579.2
-10579.2
-10579.2
-10579.2
-10579.2
-10579.2
-10579.2
-10579.2
-10579.2
-10579.2
-10579.2
-10579.2
-10579.2
-10579.2
-10579.2
-10579.2
-10579.2
-10579.2
-10579.2
-10579.2
-10579.2
-10579.2
-10579.2
-10579.2
-10579.2
-10579.2
-10579.2
-10579.2
-10579.2
-10579.2
-10579.2
-10579.2
-10579.2
-10579.2
-10579.2
-10579.2
-10579.2
-10579.2
-10579.2
-10579.2
-10579.2
-10579.2
-10579.2
-10579.2
-10579.2
-10579.2
-10579.2
-10579.2
-10579.2
-10579.2
-10579.2
-10579.2
-10579.2
-10579.2
-10579.2
-10579.2
-10579.2
-10579.2
-10579.2
-10579.2
-10579.2
-10579.2
-10579.2
-10579.2
-10579.2
-10579.2
-10579.2
-10579.2
-10579.2
-10579.2
-10579.2
-10579.2
-10579.2
-10579.2
-10579.2
-10579.2
-10579.2
-10579.2
-10579.2
-10579.2
-10579.2
-10579.2
-10579.2
-10579.2
-10579.2
-10579.2
-10579.2
-10579.2
-10579.2
-10579.2
-10579.2
-10579.2
-10579.2
-10579.2
-10579.2
-10579.2
-10579.2
-10579.2
-10579.2
-10579.2
-10579.2
-10579.2
-10579.2
-10579.2
-10579.2
-10579.2
-10579.2
-10579.2
-10579.2
-10579.2
-10579.2
-10579.2
-10579.2
-10579.2
-10579.2
-10579.2
-10579.2
-10579.2
-10579.2
-10579.2
-10579.2
-10579.2
-10579.2
-10579.2
-10579.2
-10579.2
-10579.2
-10579.2
-10579.2
-10579.2
-10579.2
-10579.2
-10579.2
-10579.2
-10579.2
-10579.2
-10579.2
-10579.2
-10579.2
-10579.2
-10579.2
-10579.2
-10579.2
-10579.2
-10579.2
-10579.2
-10579.2
-10579.2
-10579.2
-10579.2
-10579.2
-10579.2
-10579.2
-10579.2
-10579.2
-10579.2
-10579.2
-10579.2
-10579.2
-10579.2
-10579.2
-10579.2
-10579.2
-10579.2
-10579.2
-10579.2
-10579.2
-10579.2
-10579.2
-10579.2
-10579.2
-10579.2
-10579.2
-10579.2
-10579.2
-10579.2
-10579.2
-10579.2
-10579.2
-10579.2
-10579.2
-10579.2
-10579.2
-10579.2
-10579.2
-10579.2
-10579.2
-10579.2
-10579.2
-10579.2
-10579.2
-10579.2
-10579.2
-10579.2
-10579.2
-10579.2
-10579.2
-10579.2
-10579.2
-10579.2
-10579.2
-10579.2
-10579.2
-10579.2
-10579.2
-10579.2
-10579.2
-10579.2
-10579.2
-10579.2
-10579.2
-10579.2
-10579.2
-10579.2
-10579.2
-10579.2
-10579.2
-10579.2
-10579.2
-10579.2
-10579.2
-10579.2
-10579.2
-10579.2
-10579.2
-10579.2
-10579.2
-10579.2
-10579.2
-10579.2
-10579.2
-10579.2
-10579.2
-10579.2
-10579.2
-10579.2
-10579.2
-10579.2
-10579.2
-10579.2
-10579.2
-10579.2
-10579.2
-10579.2
-10579.2
-10579.2
-10579.2
-10579.2
-10579.2
-10579.2
-10579.2
-10579.2
-10579.2
-10579.2
-10579.2
-10579.2
-10579.2
-10579.2
-10579.2
-10579.2
-10579.2
-10579.2
-10579.2
-10579.2
-10579.2
-10579.2
-10579.2
-10579.2
-10579.2
-10579.2
-10579.2
-10579.2
-10579.2
-10579.2
-10579.2
-10579.2
-10579.2
-10579.2
-10579.2
-10579.2
-10579.2
-10579.2
-10579.2
-10579.2
-10579.2
-10579.2
-10579.2
-10579.2
-10579.2
-10579.2
-10579.2
-10579.2
-10579.2
-10579.2
-10579.2
-10579.2
-10579.2
-10579.2
-10579.2
-10579.2
-10579.2
-10579.2
-10579.2
-10579.2
-10579.2
-10579.2
-10579.2
-10579.2
-10579.2
-10579.2
-10579.2
-10579.2
-10579.2
-10579.2
-10579.2
-10579.2
-10579.2
-10579.2
-10579.2
-10579.2
-10579.2
-10579.2
-10579.2
-10579.2
-10579.2
-10579.2
-10579.2
-10579.2
-10579.2
-10579.2
-10579.2
-10579.2
-10579.2
-10579.2
-10579.2
-10579.2
-10579.2
-10579.2
-10579.2
-10579.2
-10579.2
-10579.2
-10579.2
-10579.2
-10579.2
-10579.2
-10579.2
-10579.2
-10579.2
-10579.2
-10579.2
-10579.2
-10579.2
-10579.2
-10579.2
-10579.2
-10579.2
-10579.2
-10579.2
-10579.2
-10579.2
-10579.2
-10579.2
-10579.2
-10579.2
-10579.2
-10579.2
-10579.2
-10579.2
-10579.2
-10579.2
-10579.2
-10579.2
-10579.2
-10579.2
-10579.2
-10579.2
-10579.2
-10579.2
-10579.2
-10579.2
-10579.2
-10579.2
-10579.2
-10579.2
-10579.2
-10579.2
-10579.2
-10579.2
-10579.2
-10579.2
-10579.2
-10579.2
-10579.2
-10579.2
-10579.2
-10579.2
-10579.2
-10579.2
-10579.2
-10579.2
-10579.2
-10579.2
-10579.2
-10579.2
-10579.2
-10579.2
-10579.2
-10579.2
-10579.2
-10579.2
-10579.2
-10579.2
-10579.2
-10579.2
-10579.2
-10579.2
-10579.2
-10579.2
-10579.2
-10579.2
-10579.2
-10579.2
-10579.2
-10579.2
-10579.2
-10579.2
-10579.2
-10579.2
-10579.2
-10579.2
-10579.2
-10579.2
-10579.2
-10579.2
-10579.2
-10579.2
-10579.2
-10579.2
-10579.2
-10579.2
-10579.2
-10579.2
-10579.2
-10579.2
-10579.2
-10579.2
-10579.2
-10579.2
-10579.2
-10579.2
-10579.2
-10579.2
-10579.2
-10579.2
-10579.2
-10579.2
-10579.2
-10579.2
-10579.2
-10579.2
-10579.2
-10579.2
-10579.2
-10579.2
-10579.2
-10579.2
-10579.2
-10579.2
-10579.2
-10579.2
-10579.2
-10579.2
-10579.2
-10579.2
-10579.2
-10579.2
-10579.2
-10579.2
-10579.2
-10579.2
-10579.2
-10579.2
-10579.2
-10579.2
-10579.2
-10579.2
-10579.2
-10579.2
-10579.2
-10579.2
-10579.2
-10579.2
-10579.2
-10579.2
-10579.2
-10579.2
-10579.2
-10579.2
-10579.2
-10579.2
-10579.2
-10579.2
-10579.2
-10579.2
-10579.2
-10579.2
-10579.2
-10579.2
-10579.2
-10579.2
-10579.2
-10579.2
-10579.2
-10579.2
-10579.2
-10579.2
-10579.2
-10579.2
-10579.2
-10579.2
-10579.2
-10579.2
-10579.2
-10579.2
-10579.2
-10579.2
-10579.2
-10579.2
-10579.2
-10579.2
-10579.2
-10579.2
-10579.2
-10579.2
-10579.2
-10579.2
-10579.2
-10579.2
-10579.2
-10579.2
-10579.2
-10579.2
-10579.2
-10579.2
-10579.2
-10579.2
-10579.2
-10579.2
-10579.2
-10579.2
-10579.2
-10579.2
-10579.2
-10579.2
-10579.2
-10579.2
-10579.2
-10579.2
-10579.2
-10579.2
-10579.2
-10579.2
-10579.2
-10579.2
-10579.2
-10579.2
-10579.2
-10579.2
-10579.2
-10579.2
-10579.2
-10579.2
-10579.2
-10579.2
-10579.2
-10579.2
-10579.2
-10579.2
-10579.2
-10579.2
-10579.2
-10579.2
-10579.2
-10579.2
-10579.2
-10579.2
-10579.2
-10579.2
-10579.2
-10579.2
-10579.2
-10579.2
-10579.2
-10579.2
-10579.2
-10579.2
-10579.2
-10579.2
-10579.2
-10579.2
-10579.2
-10579.2
-10579.2
-10579.2
-10579.2
-10579.2
-10579.2
-10579.2
-10579.2
-10579.2
-10579.2
-10579.2
-10579.2
-10579.2
-10579.2
-10579.2
-10579.2
-10579.2
-10579.2
-10579.2
-10579.2
-10579.2
-10579.2
-10579.2
-10579.2
-10579.2
-10579.2
-10579.2
-10579.2
-10579.2
-10579.2
-10579.2
-10579.2
-10579.2
-10579.2
-10579.2
-10579.2
-10579.2
-10579.2
-10579.2
-10579.2
-10579.2
-10579.2
-10579.2
-10579.2
-10579.2
-10579.2
-10579.2
-10579.2
-10579.2
-10579.2
-10579.2
-10579.2
-10579.2
-10579.2
-10579.2
-10579.2
-10579.2
-10579.2
-10579.2
-10579.2
-10579.2
-10579.2
-10579.2
-10579.2
-10579.2
-10579.2
-10579.2
-10579.2
-10579.2
-10579.2
-10579.2
-10579.2
-10579.2
-10579.2
-10579.2
-10579.2
-10579.2
-10579.2
-10579.2
-10579.2
-10579.2
-10579.2
-10579.2
-10579.2
-10579.2
-10579.2
-10579.2
-10579.2
-10579.2
-10579.2
-10579.2
-10579.2
-10579.2
-10579.2
-10579.2
-10579.2
-10579.2
-10579.2
-10579.2
-10579.2
-10579.2
-10579.2
-10579.2
-10579.2
-10579.2
-10579.2
-10579.2
-10579.2
-10579.2
-10579.2
-10579.2
-10579.2
-10579.2
-10579.2
-10579.2
-10579.2
-10579.2
-10579.2
-10579.2
-10579.2
-10579.2
-10579.2
-10579.2
-10579.2
-10579.2
-10579.2
-10579.2
-10579.2
-10579.2
-10579.2
-10579.2
-10579.2
-10579.2
-10579.2
-10579.2
-10579.2
-10579.2
-10579.2
-10579.2
-10579.2
-10579.2
-10579.2
-10579.2
-10579.2
-10579.2
-10579.2
-10579.2
-10579.2
-10579.2
-10579.2
-10579.2
-10579.2
-10579.2
-10579.2
-10579.2
-10579.2
-10579.2
-10579.2
-10579.2
-10579.2
-10579.2
-10579.2
-10579.2
-10579.2
-10579.2
-10579.2
-10579.2
-10579.2
-10579.2
-10579.2
-10579.2
-10579.2
-10579.2
-10579.2
-10579.2
-10579.2
-10579.2
-10579.2
-10579.2
-10579.2
-10579.2
-10579.2
-10579.2
-10579.2
-10579.2
-10579.2
-10579.2
-10579.2
-10579.2
-10579.2
-10579.2
-10579.2
-10579.2
-10579.2
-10579.2
-10579.2
-10579.2
-10579.2
-10579.2
-10579.2
-10579.2
-10579.2
-10579.2
-10579.2
-10579.2
-10579.2
-10579.2
-10579.2
-10579.2
-10579.2
-10579.2
-10579.2
-10579.2
-10579.2
-10579.2
-10579.2
-10579.2
-10579.2
-10579.2
-10579.2
-10579.2
-10579.2
-10579.2
-10579.2
-10579.2
-10579.2
-10579.2
-10579.2
-10579.2
-10579.2
-10579.2
-10579.2
-10579.2
-10579.2
-10579.2
-10579.2
-10579.2
-10579.2
-10579.2
-10579.2
-10579.2
-10579.2
-10579.2
-10579.2
-10579.2
-10579.2
-10579.2
-10579.2
-10579.2
-10579.2
-10579.2
-10579.2
-10579.2
-10579.2
-10579.2
-10579.2
-10579.2
-10579.2
-10579.2
-10579.2
-10579.2
-10579.2
-10579.2
-10579.2
-10579.2
-10579.2
-10579.2
-10579.2
-10579.2
-10579.2
-10579.2
-10579.2
-10579.2
-10579.2
-10579.2
-10579.2
-10579.2
-10579.2
-10579.2
-10579.2
-10579.2
-10579.2
-10579.2
-10579.2
-10579.2
-10579.2
-10579.2
-10579.2
-10579.2
-10579.2
-10579.2
-10579.2
-10579.2
-10579.2
-10579.2
-10579.2
-10579.2
-10579.2
-10579.2
-10579.2
-10579.2
-10579.2
-10579.2
-10579.2
-10579.2
-10579.2
-10579.2
-10579.2
-10579.2
-10579.2
-10579.2
-10579.2
-10579.2
-10579.2
-10579.2
-10579.2
-10579.2
-10579.2
-10579.2
-10579.2
-10579.2
-10579.2
-10579.2
-10579.2
-10579.2
-10579.2
-10579.2
-10579.2
-10579.2
-10579.2
-10579.2
-10579.2
-10579.2
-10579.2
-10579.2
-10579.2
-10579.2
-10579.2
-10579.2
-10579.2
-10579.2
-10579.2
-10579.2
-10579.2
-10579.2
-10579.2
-10579.2
-10579.2
-10579.2
-10579.2
-10579.2
-10579.2
-10579.2
-10579.2
-10579.2
-10579.2
-10579.2
-10579.2
-10579.2
-10579.2
-10579.2
-10579.2
-10579.2
-10579.2
-10579.2
-10579.2
-10579.2
-10579.2
-10579.2
-10579.2
-10447.3
-5787.8
-937.8
3882.9
9113.9
15341.3
24440.5
40631.6
68090.6
103681.7
137441.2
162936.7
182615.1
207861.5
234558.5
256713.2
259204.2
243745.7
215744.6
190102.6
167024.8
144621.0
115579.6
83666.2
56236.6
52602.8
68793.9
98626.5
125558.0
150994.9
178439.2
219598.3
264933.3
308993.7
340496.7
363970.2
382901.3
406257.5
427371.9
444090.5
453101.8
456340.0
455226.4
453189.7
449526.6
444354.2
438610.4
429628.4
417994.2
405187.9
397216.9
396235.1
406023.1
417466.7
429950.7
446083.2
468824.0
498422.2
535273.5
569018.4
597708.1
621049.7
642325.3
662648.4
684583.3
698737.7
704452.2
703587.7
703866.1
705507.2
705184.8
702107.8
696950.1
692173.3
687147.5
682825.0
682575.9
683528.3
685433.2
687938.8
693975.6
703617.0
715764.0
730709.6
747809.2
765436.3
781524.8
796338.6
812485.7
826728.0
838801.7
849937.7
856238.3
858568.1
861205.5
862377.7
861894.2
859842.9
855916.0
851109.9
848604.3
846743.4
845292.8
844516.3
843446.6
843080.3
846831.4
851271.1
856326.2
863579.3
869645.4
875403.9
885045.3
893411.9
900254.7
907551.7
913764.4
919141.9
925105.5
928475.5
929618.4
931655.2
931010.4
928241.1
926746.5
924797.8
922292.2
919141.9
915727.8
912855.9
912811.9
912841.2
912987.8
914555.6
916108.8
917808.5
920856.2
924592.6
928534.2
931787.0
934365.9
936812.9
940974.2
943641.0
945047.6
947655.8
948710.8
948549.6
949531.3
949047.8
947289.5
946615.4
944959.7
942468.8
940900.9
939333.1
937750.6
936094.9
934834.8
934278.0
935054.6
935845.8
936725.0
938380.7
939479.6
940270.9
941912.0
943084.2
943816.8
944666.7
944901.1
945018.3
947699.7
948373.8
947304.1
947450.6
946527.5
944945.1
945047.6
944212.4
942512.7
941794.7
940563.9
938966.8
938073.0
937750.6
937838.5
937926.5
937399.0
936666.3
937486.9
937838.5
937897.2
939684.8
939933.9
939054.7
939846.0
940241.6
940241.6
941179.3
941150.0
940168.3
939303.8
938908.2
939054.7
939128.0
938629.8
937838.5
937897.2
937486.9
936607.7
935845.8
934981.3
934248.7
934234.0
934278.0
934278.0
934365.9
933779.8
933149.7
934908.0
935201.1
934278.0
935230.4
935157.1
934248.7
934234.0
934278.0
934278.0
934365.9
933882.4
933076.5
933149.7
932710.1
931874.9
931948.2
931508.6
930702.7
930761.4
930336.4
929501.2
929603.8
929091.0
928358.3
929178.9
929603.8
929559.8
930497.6
930424.3
929501.2
929501.2
929457.3
929559.8
930497.6
930424.3
929501.2
929603.8
929091.0
928358.3
929369.4
928768.6
927171.5
928050.6
928036.0
927171.5
927127.5
927171.5
927171.5
927083.6
927552.4
928387.6
928578.1
927552.4
925955.3
925896.7
925926.0
926013.9
926937.0
926790.5
925999.3
926922.4
926863.8
925955.3
925955.3
925999.3
925999.3
925999.3
926043.2
925955.3
925105.5
924651.2
924797.8
925764.8
925618.3
924783.1
925750.2
925662.3
924783.1
924753.8
924783.1
924783.1
924885.7
924343.5
923610.9
924534.0
924475.4
923566.9
923654.8
923171.3
922438.7
923259.2
923698.8
923610.9
923698.8
923171.3
922438.7
923259.2
923698.8
923610.9
923698.8
923171.3
922438.7
923376.4
923259.2
922438.7
923464.4
922849.0
921222.5
922057.7
922526.6
922438.7
922526.6
922013.8
921222.5
921193.2
921222.5
921222.5
921222.5
921222.5
921222.5
921222.5
921222.5
921222.5
921222.5
921222.5
921222.5
921222.5
921222.5
921222.5
921310.4
920856.2
920021.0
920021.0
920050.3
920050.3
920050.3
920050.3
920050.3
920050.3
920094.3
920021.0
919083.2
919185.8
920050.3
920094.3
920050.3
920050.3
920138.2
919640.0
918848.8
918819.5
918848.8
918848.8
918980.7
918394.6
917720.6
919478.9
919859.8
918848.8
918819.5
918848.8
918848.8
918848.8
918848.8
918848.8
918980.7
918467.8
917647.3
917647.3
917676.6
917676.6
917676.6
917676.6
917676.6
917779.2
917237.0
916504.4
917412.8
917324.9
916504.4
917324.9
917779.2
917676.6
917779.2
917295.6
916475.1
916460.4
916504.4
916504.4
916504.4
916460.4
916504.4
917471.5
917368.9
916475.1
916548.3
916064.8
915302.9
916240.6
916167.4
915302.9
915288.2
915302.9
915302.9
915302.9
915288.2
915332.2
916357.9
915727.8
914101.4
914921.9
915390.8
915302.9
915390.8
914863.3
914130.7
915039.1
914951.2
914130.7
915039.1
914995.2
914101.4
914101.4
914130.7
914130.7
914130.7
914130.7
914130.7
914130.7
914160.0
914101.4
913148.9
913236.9
914130.7
914247.9
913720.4
912929.2
912899.9
912899.9
912958.5
913881.6
913808.3
912929.2
912987.8
912548.2
911727.6
911727.6
911683.7
911786.3
912724.0
912636.1
911727.6
911727.6
911742.3
911742.3
911830.2
911302.7
910570.1
911390.6
911830.2
911742.3
911830.2
911302.7
910570.1
911493.2
911390.6
910570.1
911595.8
910995.0
909383.2
910218.4
910643.4
910570.1
910643.4
910130.5
909383.2
910233.1
910643.4
910570.1
910643.4
910130.5
909383.2
910233.1
910716.6
910555.4
909764.2
908797.1
908225.7
910101.2
909910.7
908167.1
909090.2
909016.9
908211.0
909060.9
909471.1
909383.2
909471.1
909002.3
908167.1
908167.1
908137.8
908225.7
909251.4
908650.6
906994.9
907830.1
908269.6
908211.0
908211.0
908211.0
908211.0
908269.6
907786.1
906994.9
906965.6
906994.9
906994.9
906994.9
906994.9
906994.9
906994.9
906994.9
906994.9
907097.4
906569.9
905837.3
906760.4
906657.9
905837.3
906672.5
907156.0
906994.9
906203.6
905251.2
904665.1
906438.1
906804.4
905793.4
905895.9
905397.7
904665.1
905558.9
905500.3
904621.1
904606.5
904665.1
904665.1
904665.1
904665.1
904665.1
904709.1
904210.9
903448.9
904372.1
904328.1
903448.9
903419.6
903419.6
903492.9
904416.0
904269.5
903448.9
904474.6
903888.5
902247.4
903068.0
903536.9
903448.9
903536.9
903009.4
902276.7
903111.9
903536.9
903448.9
903536.9
903009.4
902276.7
903185.2
903155.9
902247.4
902320.7
901793.2
901104.5
901925.1
902364.6
902276.7
902364.6
901866.5
901075.2
901045.9
901075.2
901075.2
901163.1
900621.0
899888.4
900752.9
901163.1
901075.2
901163.1
900679.6
899873.7
899873.7
899888.4
899888.4
899888.4
899888.4
899888.4
899888.4
899888.4
899888.4
899888.4
899888.4
899888.4
899990.9
899434.1
898716.2
899551.4
899990.9
899888.4
899990.9
899434.1
898716.2
899639.3
899551.4
898716.2
899551.4
900020.2
899873.7
899111.8
898130.0
897543.9
899346.2
899668.6
898686.8
898613.6
899214.3
899873.7
898174.0
897353.5
897514.6
897514.6
897514.6
897514.6
897514.6
897514.6
897514.6
897602.6
897089.7
896342.4
897265.5
897221.6
896313.1
896313.1
896342.4
896342.4
896342.4
896342.4
896342.4
896445.0
895888.2
895184.9
896005.4
896445.0
896342.4
896445.0
895888.2
895184.9
896093.3
896034.7
895155.6
895111.6
895155.6
895155.6
895155.6
895155.6
895155.6
895228.8
894716.0
893983.4
894818.6
895228.8
895155.6
895228.8
894774.6
893954.1
893954.1
893910.1
893998.0
894935.8
894862.5
893954.1
893954.1
893910.1
893998.0
894935.8
894862.5
893954.1
893954.1
893983.4
893983.4
894056.6
893514.5
892796.5
893705.0
893646.4
892781.9
892737.9
892796.5
892796.5
892796.5
892825.8
892781.9
891902.7
891463.1
891624.3
892474.2
892869.8
892796.5
892869.8
892386.2
891609.7
891565.7
891609.7
891609.7
891609.7
891565.7
891624.3
892562.1
892474.2
891609.7
891565.7
891609.7
891609.7
891609.7
891653.6
891609.7
890715.8
890305.6
890422.8
890422.8
890422.8
890422.8
890422.8
890422.8
890422.8
890422.8
890422.8
890422.8
890496.1
889953.9
889221.3
890056.5
890496.1
890422.8
890496.1
889997.9
889221.3
889192.0
889192.0
889250.6
890203.0
890100.4
889221.3
889192.0
889221.3
889221.3
889221.3
889221.3
889221.3
889309.2
888781.7
888049.1
889045.4
888430.0
886876.9
888635.2
888972.2
888049.1
888986.8
888972.2
888005.1
887140.6
886745.0
886876.9
886920.8
886334.7
885704.7
887477.6
887814.6
886832.9
886891.5
886466.6
885660.7
885558.1
886085.6
886876.9
886979.4
886408.0
885660.7
886598.5
886554.5
885660.7
885631.4
885660.7
885660.7
885660.7
885660.7
885660.7
885748.6
885235.8
884488.5
885411.6
885323.7
884488.5
885411.6
885382.3
884459.2
884547.1
884019.6
883301.6
884151.5
884547.1
884547.1
885470.2
885323.7
884488.5
885484.9
884898.8
883301.6
884210.1
884107.5
883330.9
884239.4
884107.5
883330.9
884239.4
884166.1
883301.6
883360.2
882847.4
882114.8
882979.3
883389.6
883301.6
883301.6
883360.2
883301.6
882407.8
881968.3
882158.7
883081.8
882993.9
882100.1
882100.1
882114.8
882114.8
882217.3
881631.2
880942.6
882744.8
883081.8
882100.1
882173.4
881675.2
880942.6
881851.0
881807.1
880927.9
880986.5
880415.1
879770.4
881572.6
881880.3
880927.9
880898.6
880986.5
880927.9
880063.4
879594.5
879770.4
880693.5
880561.6
879741.1
880678.8
880605.6
879741.1
879682.4
879682.4
879770.4
880693.5
880561.6
879741.1
880678.8
880605.6
879741.1
879682.4
879682.4
879770.4
880810.7
880180.6
878539.5
879433.4
879433.4
878539.5
878510.2
878510.2
878598.2
879535.9
879433.4
878539.5
878510.2
878568.9
878568.9
878568.9
878568.9
878568.9
878656.8
878100.0
877396.6
878217.2
878686.1
878539.5
877777.6
876839.8
876195.1
877015.7
877440.6
877367.3
877367.3
877367.3
877367.3
877367.3
877367.3
877367.3
877440.6
876986.4
876165.8
876121.9
876195.1
876195.1
876195.1
876195.1
876195.1
876195.1
876195.1
876195.1
876268.4
875784.9
874993.6
874949.7
874935.0
875008.3
875960.7
875872.8
874993.6
874949.7
875008.3
875008.3
875008.3
874935.0
875008.3
875960.7
875931.4
874949.7
874085.2
873733.5
873821.4
873733.5
874217.0
875008.3
875140.1
874612.7
873777.5
873762.8
873821.4
873821.4
873821.4
873821.4
873821.4
873821.4
873821.4
873821.4
873924.0
873381.8
872605.3
873469.8
873967.9
873777.5
872942.3
872546.6
872605.3
872605.3
872605.3
872605.3
872722.5
872224.3
871403.7
871403.7
871447.7
871447.7
871447.7
871389.1
871477.0
872414.8
872268.2
871477.0
872370.8
872326.9
871403.7
871506.3
871008.1
870275.5
871198.6
871096.0
870275.5
871096.0
871535.6
871447.7
871535.6
871008.1
870275.5
871198.6
871096.0
870275.5
871096.0
871594.2
871403.7
870553.9
870187.6
870231.5
870363.4
869792.0
869059.3
869923.8
870378.1
870231.5
869381.7
868956.8
869103.3
870026.4
869938.5
869059.3
869044.7
869059.3
869059.3
869059.3
869059.3
869059.3
869147.2
868619.7
867887.1
868810.2
868707.7
867887.1
868810.2
868766.3
867872.5
867843.2
867887.1
867887.1
867975.0
867447.5
866685.6
867638.0
867550.1
866685.6
866656.3
866685.6
866685.6
866685.6
866685.6
866685.6
866685.6
866685.6
866685.6
866685.6
866685.6
866685.6
866802.8
866304.6
865484.1
865484.1
865454.8
865542.7
866480.5
866319.3
865513.4
866539.1
865953.0
864311.9
865147.1
865601.3
865513.4
865601.3
865059.2
864326.5
865293.6
865205.7
864311.9
864282.6
864311.9
864326.5
864429.1
863887.0
863139.7
864077.4
864033.5
863139.7
863022.5
863550.0
864326.5
864370.5
864311.9
864326.5
864531.7
863491.3
861938.2
862670.8
863652.5
864311.9
863491.3
863051.8
863139.7
863212.9
862773.4
861938.2
861938.2
861894.2
861952.8
862919.9
862861.3
861938.2
861938.2
861952.8
861952.8
861952.8
861952.8
861952.8
861952.8
861952.8
861952.8
862055.4
861513.2
860766.0
861703.7
861615.8
860766.0
861703.7
861615.8
860766.0
861615.8
862055.4
861952.8
862055.4
861513.2
860766.0
861703.7
861615.8
860766.0
861703.7
861645.1
860766.0
860824.6
860326.4
859593.8
860429.0
860795.3
860795.3
861747.7
861645.1
860766.0
860824.6
860326.4
859593.8
860531.5
860414.3
859593.8
860531.5
860472.9
859564.5
859652.4
859212.8
858392.2
858348.3
858348.3
858421.6
859374.0
859256.7
858392.2
858348.3
858421.6
858421.6
858494.8
857982.0
857220.0
858055.2
858494.8
858421.6
858494.8
857982.0
857220.0
858055.2
858538.8
858392.2
857542.4
857132.1
857220.0
857220.0
857264.0
857176.1
856326.2
855901.3
856047.8
856912.3
857351.9
857176.1
856326.2
855959.9
856047.8
856047.8
855989.2
856047.8
857088.2
856502.1
854817.0
854773.1
854817.0
854875.6
855813.4
855681.5
854831.7
855769.4
855710.8
854831.7
854890.3
854436.0
853615.5
853556.9
854069.7
854875.6
854890.3
854817.0
854743.8
854685.1
854597.2
854553.3
854494.7
854392.1
854333.5
854245.6
854187.0
854143.0
854055.1
853952.5
853908.6
853835.3
853747.4
853688.8
853600.9
853556.9
853483.6
853410.4
853337.1
853263.8
853175.9
853102.7
853029.4
852985.4
852897.5
852838.9
852751.0
852692.4
852648.4
852545.9
852487.3
852428.6
852340.7
852252.8
852194.2
852150.2
852091.6
852003.7
851915.8
851842.5
851769.3
851725.3
851637.4
851578.8
851490.9
851432.3
851329.7
851271.1
851227.1
851168.5
851080.6
851022.0
850934.1
850875.5
850787.6
850743.6
850670.3
850582.4
850523.8
850435.9
850377.3
850318.7
850260.1
850172.1
850084.2
850011.0
849952.4
849864.4
849820.5
849761.9
849674.0
849615.3
849527.4
849454.2
849410.2
849336.9
849263.7
849175.8
849117.2
849043.9
848970.6
848912.0
848838.8
848750.8
848692.2
848604.3
848545.7
848501.8
848413.8
848355.2
848267.3
848194.0
848106.1
848062.2
848003.6
847945.0
847857.0
847798.4
847710.5
847666.6
847578.6
847505.4
847432.1
847373.5
847285.6
847241.6
847139.1
847095.1
847036.5
846933.9
846875.3
846787.4
846743.4
846655.5
846596.9
846538.3
846465.0
846391.8
846318.5
846245.3
846172.0
846113.4
846025.5
845966.9
845922.9
845835.0
845776.4
845673.8
845615.2
845571.2
845468.7
845424.7
845336.8
845278.2
845190.3
845131.7
845073.0
844999.8
844926.5
844853.3
844780.0
844706.7
844662.8
844560.2
844516.3
844443.0
844355.1
844296.5
844208.5
844164.6
844106.0
844032.7
843959.5
843886.2
843798.3
843739.7
843666.4
843593.1
843534.5
843475.9
843388.0
843344.0
843256.1
843182.9
843094.9
843036.3
842977.7
842933.8
842845.9
842787.2
842699.3
842640.7
842552.8
842479.5
842420.9
842362.3
842274.4
842215.8
842127.9
842069.3
842025.3
841922.7
841864.1
841805.5
841717.6
841673.6
841571.1
841527.1
841453.9
841395.3
841292.7
841248.7
841146.2
841102.2
841014.3
840955.7
840897.1
840853.1
840765.2
840691.9
840604.0
840545.4
840457.5
840398.9
840354.9
840281.7
840208.4
840135.1
840047.2
839973.9
839930.0
839842.1
839783.5
839724.9
839636.9
839578.3
839490.4
839431.8
839373.2
839285.3
839226.7
839182.7
839094.8
839021.5
838948.3
838875.0
838801.7
838757.8
838655.2
838611.3
838552.6
838464.7
838406.1
838318.2
838274.2
838201.0
838127.7
838054.5
837981.2
837907.9
837834.7
837776.1
837702.8
837644.2
837570.9
837483.0
837439.1
837351.1
837292.5
837204.6
837146.0
837102.0
837043.4
836955.5
836882.3
836809.0
836735.7
836662.5
836603.9
836530.6
836472.0
836413.4
836310.8
836266.8
836164.3
836120.3
836032.4
835973.8
835915.2
835856.6
835798.0
835695.4
835636.8
835548.9
835490.3
835402.3
835358.4
835299.8
835241.2
835153.2
835094.6
834992.1
834948.1
834889.5
834801.6
834743.0
834669.7
834625.8
834537.8
834479.2
834376.7
834318.1
834230.1
834171.5
834127.6
834069.0
833981.0
833922.4
833863.8
833775.9
833702.6
833629.4
833556.1
833497.5
833453.6
833365.6
833307.0
833248.4
833145.8
833087.2
832999.3
832955.4
832896.8
832808.8
832750.2
832677.0
832618.4
832530.4
832471.8
832383.9
832325.3
832281.3
832178.8
832134.8
832076.2
831988.3
831915.0
831827.1
831783.2
831724.5
831651.3
831578.0
831504.8
831460.8
831358.2
831299.6
831211.7
831153.1
831094.5
831006.6
830962.6
830904.0
830830.7
830757.5
830669.6
830625.6
830537.7
830479.1
830391.2
830332.6
830273.9
830230.0
830142.1
830068.8
830010.2
829922.3
829878.3
829790.4
829731.8
829658.5
829599.9
829512.0
829468.0
829394.8
829306.9
829248.3
829160.3
829101.7
829057.8
828969.9
828911.2
828852.6
828764.7
828706.1
828632.9
828544.9
828486.3
828427.7
828339.8
828281.2
828237.2
828164.0
828076.1
828017.4
827958.8
827885.6
827812.3
827739.0
827665.8
827607.2
827548.6
827460.6
827402.0
827343.4
827255.5
827196.9
827152.9
827065.0
827006.4
826918.5
826845.2
826772.0
826728.0
826669.4
826581.5
826522.9
826435.0
826391.0
826273.8
826229.8
826171.2
826127.3
826054.0
825966.1
825907.5
825848.9
825760.9
825687.7
825599.8
825555.8
825497.2
825409.3
825350.7
825306.7
825233.5
825160.2
825086.9
825013.7
824925.7
824867.1
824779.2
824735.3
824676.7
824618.0
824530.1
824486.2
824412.9
824325.0
824266.4
824193.1
824119.9
824061.2
824002.6
823914.7
823856.1
823782.8
823738.9
823651.0
823592.4
823533.8
823445.8
823372.6
823314.0
823240.7
823167.4
823108.8
823020.9
822977.0
822918.3
822859.7
822771.8
822713.2
822625.3
822566.7
822493.4
822420.2
822346.9
822288.3
822244.3
822156.4
822097.8
822039.2
821936.6
821892.7
821834.1
821746.1
821687.5
821599.6
821541.0
821482.4
821423.8
821365.2
821262.6
821204.0
821160.0
821072.1
821013.5
820954.9
820867.0
820793.7
820749.8
820647.2
820588.6
820530.0
820486.0
820383.4
820339.5
820280.9
820193.0
820134.4
820031.8
819987.8
819914.6
819856.0
819768.0
819709.4
819665.5
819606.9
819518.9
819460.3
819401.7
819299.2
819255.2
819181.9
819108.7
819035.4
818976.8
818888.9
818844.9
818771.7
818713.1
818625.1
818581.2
818522.6
818434.7
818376.0
818302.8
818214.9
818156.3
818097.6
818009.7
817951.1
817907.2
817848.5
817760.6
817702.0
817628.8
817540.8
817467.6
817423.6
817335.7
817277.1
817218.5
817130.6
817086.6
817028.0
816969.4
816866.8
816822.9
816749.6
816691.0
816603.1
816544.5
816500.5
816397.9
816354.0
816251.4
816192.8
816134.2
816090.2
816002.3
815943.7
815870.5
815811.8
815767.9
815665.3
815606.7
815518.8
815460.2
815416.2
815313.7
815269.7
815196.4
815137.8
815035.3
814991.3
814932.7
814874.1
814786.2
814727.5
814683.6
814595.7
814537.1
814463.8
814375.9
814302.6
814258.7
814170.8
814112.1
814053.5
814009.6
813907.0
813863.0
813789.8
813716.5
813643.3
813584.6
813526.0
813438.1
813379.5
813320.9
813233.0
813174.4
813115.8
813027.9
812969.2
812896.0
812852.0
812793.4
812705.5
812646.9
812602.9
812529.7
812441.7
812383.1
812295.2
812236.6
812178.0
812104.7
812031.5
811972.9
811899.6
811811.7
811767.7
811709.1
811650.5
811562.6
811518.6
811445.4
811386.8
811284.2
811225.6
811181.6
811093.7
811035.1
810976.5
810888.6
810830.0
810786.0
810698.1
810624.8
810551.6
810493.0
810449.0
810361.1
810302.5
810243.9
810185.2
810112.0
810024.1
809965.5
809877.5
809818.9
809775.0
809687.1
809628.5
809569.8
809481.9
809408.7
809364.7
809291.4
809232.8
809144.9
809086.3
809042.3
808983.7
808895.8
808837.2
808778.6
808690.7
808632.1
808558.8
808485.5
808412.3
808368.3
808280.4
808221.8
808148.5
808104.6
808002.0
807958.1
807899.4
807826.2
807782.2
807694.3
807635.7
807577.1
807518.5
807415.9
807372.0
807298.7
807225.4
807152.2
807108.2
807005.6
806961.7
806888.4
806800.5
806741.9
806697.9
806639.3
806551.4
806492.8
806419.5
806375.6
806302.3
806214.4
806155.8
806111.8
806053.2
805965.3
805906.7
805833.4
805760.2
805701.6
805628.3
805540.4
805481.8
805423.2
805335.2
805291.3
805232.7
805159.4
805086.2
804998.2
804954.3
804895.7
804837.1
804749.1
804705.2
804646.6
804573.3
804500.0
804412.1
804368.2
804309.6
804221.6
804163.0
804119.1
804016.5
803972.6
803913.9
803826.0
803752.8
803694.2
803635.5
803547.6
803489.0
803430.4
803386.5
803298.5
803239.9
803166.7
803093.4
803049.4
802961.5
802902.9
802844.3
802800.3
802712.4
802653.8
802580.6
802492.6
802419.4
802375.4
802316.8
802228.9
802170.3
802126.3
802023.8
801979.8
801906.5
801833.3
801760.0
801686.8
801642.8
801584.2
801496.3
801437.7
801393.7
801335.1
801232.5
801173.9
801100.6
801056.7
800998.1
800910.2
800851.6
800807.6
800749.0
800646.4
800587.8
800514.5
800441.3
800382.7
800324.1
800265.5
800177.5
800133.6
800075.0
799987.1
799913.8
799840.5
799796.6
799694.0
799650.0
799591.4
799532.8
799444.9
799386.3
799327.7
799254.4
799181.2
799107.9
799063.9
799005.3
798946.7
798858.8
798814.8
798741.6
798668.3
798595.1
798521.8
798477.8
798419.2
798360.6
798272.7
798228.7
798155.5
798082.2
798009.0
797935.7
797891.7
797803.8
797745.2
797686.6
797642.6
797525.4
797481.5
797408.2
797349.6
797261.7
797203.1
797159.1
797071.2
797012.6
796954.0
796895.4
796807.4
796748.8
796675.6
796617.0
796573.0
796485.1
796426.5
796367.9
796323.9
796221.3
796162.7
796089.5
796030.9
795986.9
795899.0
795840.4
795781.8
795737.8
795635.2
795576.6
795503.4
795444.8
795400.8
795312.9
795254.3
795195.7
795151.7
795034.5
794990.5
794917.3
794858.6
794770.7
794712.1
794668.2
794609.6
794521.6
794463.0
794389.8
794331.2
794243.2
794184.6
794126.0
794082.1
793994.1
793935.5
793876.9
793789.0
793730.4
793657.1
793598.5
793539.9
793452.0
793408.0
793349.4
793290.8
793202.9
793144.3
793071.0
793012.4
792924.5
792865.9
792821.9
792763.3
792675.4
792616.8
792572.8
792484.9
792426.3
792338.4
792279.8
792235.8
792177.2
792089.3
792030.7
791957.4
791898.8
791840.2
791752.3
791693.7
791635.1
791591.1
791503.2
791444.6
791371.3
791327.4
791254.1
791166.2
791107.6
791049.0
791005.0
790917.1
790858.5
790785.2
790726.6
790682.7
790580.1
790521.5
790462.9
790418.9
790331.0
790272.4
790199.1
790140.5
790096.6
789994.0
789935.4
789876.8
789832.8
789744.9
789686.3
789613.0
789554.4
789510.5
789407.9
789349.3
789290.7
789217.4
789144.1
789085.5
789026.9
788968.3
788924.4
788836.4
788763.2
788704.6
788631.3
788558.0
788499.4
788440.8
788382.2
788338.2
788235.7
788191.7
788118.5
788045.2
787971.9
787913.3
787854.7
787796.1
787752.1
787649.6
787605.6
787532.4
787459.1
787385.8
787312.6
787268.6
787210.0
787151.4
787063.5
787019.5
786946.3
786873.0
786829.0
786726.5
786682.5
786623.9
786565.3
786477.4
786433.4
786360.1
786301.5
786228.3
786140.4
786096.4
786037.8
785979.2
785891.3
785847.3
785774.0
785715.4
785642.2
785554.3
785510.3
785451.7
785393.1
785305.2
785261.2
785187.9
785129.3
785070.7
784968.2
784924.2
784865.6
784807.0
784719.1
784675.1
784601.8
784543.2
784484.6
784382.1
784338.1
784279.5
784206.2
784133.0
784059.7
784015.7
783957.1
783898.5
783810.6
783737.3
783693.4
783620.1
783561.5
783473.6
783429.6
783371.0
783312.4
783268.5
783151.2
783107.3
783034.0
782975.4
782931.4
782872.8
782784.9
782726.3
782667.7
782609.1
782550.5
782447.9
782389.3
782330.7
782286.7
782228.1
782140.2
782081.6
782023.0
781964.4
781891.1
781803.2
781744.6
781700.6
781627.4
781568.8
781480.8
781436.9
781378.3
781319.7
781261.1
781158.5
781114.5
781041.3
780982.7
780938.7
780836.1
780792.2
780733.6
780674.9
780572.4
780528.4
780455.2
780396.5
780337.9
780250.0
780206.1
780147.5
780088.8
779986.3
779942.3
779869.1
779810.4
779751.8
779707.9
779620.0
779561.4
779502.7
779429.5
779370.9
779283.0
779224.3
779165.7
779121.8
779048.5
778989.9
778902.0
778843.4
778799.4
778726.2
778667.5
778608.9
778535.7
778462.4
778403.8
778345.2
778301.2
778213.3
778140.1
778081.4
778008.2
777949.6
777876.3
777817.7
777759.1
777715.1
777627.2
777568.6
777495.3
777422.1
777363.5
777290.2
777231.6
777173.0
777129.0
777070.4
776982.5
776923.9
776836.0
776792.0
776733.4
776674.8
776586.9
776542.9
776469.7
776411.0
776352.4
776308.5
776235.2
776147.3
776088.7
776015.4
775971.5
775883.6
775824.9
775766.3
775722.4
775649.1
775561.2
775502.6
775429.3
775385.4
775326.8
775238.8
775180.2
775136.3
775077.7
774989.7
774916.5
774843.2
774799.3
774740.7
774682.0
774638.1
774564.8
774491.6
774418.3
774345.0
774301.1
774242.5
774183.9
774095.9
774022.7
773978.7
773920.1
773861.5
773758.9
773715.0
773656.4
773583.1
773509.8
773436.6
773392.6
773334.0
773275.4
773187.5
773128.9
773070.3
772997.0
772938.4
772894.4
772835.8
772747.9
772689.3
772645.3
772572.1
772498.8
772454.8
772396.2
772308.3
772249.7
772191.1
772132.5
772059.2
771986.0
771927.4
771854.1
771810.1
771722.2
771663.6
771605.0
771531.7
771487.8
771429.2
771341.3
771268.0
771224.0
771150.8
771092.2
771048.2
770989.6
770931.0
770843.1
770784.5
770725.8
770667.2
770564.7
770506.1
770447.4
770403.5
770344.9
770257.0
770198.4
770139.7
770081.1
770007.9
769963.9
769905.3
769817.4
769758.8
769685.5
769641.6
769582.9
769524.3
769480.4
769363.2
769319.2
769245.9
769187.3
769143.4
769055.4
768996.8
768938.2
768894.3
768791.7
768718.4
768659.8
768601.2
768557.3
768498.7
768425.4
768366.8
768322.8
768234.9
768176.3
768103.0
768059.1
767985.8
767912.5
767839.3
767780.7
767736.7
767678.1
767590.2
767516.9
767473.0
767399.7
767341.1
767282.5
767238.5
767150.6
767092.0
767033.4
766960.1
766916.2
766842.9
766784.3
766696.4
766652.4
766593.8
766520.6
766447.3
766374.0
766330.1
766256.8
766198.2
766124.9
766081.0
766022.4
765934.4
765875.8
765831.9
765773.3
765700.0
765656.1
765538.8
765494.9
765436.3
765377.7
765333.7
765245.8
765187.2
765113.9
765055.3
764996.7
764938.1
764879.5
764820.9
764747.6
764674.3
764615.7
764571.8
764513.1
764454.5
764352.0
764293.4
764234.8
764176.1
764117.5
764029.6
763971.0
763927.0
763868.4
763795.2
763736.6
763678.0
763619.3
763546.1
763472.8
763414.2
763355.6
763297.0
763253.0
763165.1
763091.8
763033.2
762960.0
762916.0
762857.4
762798.8
762754.8
762666.9
762608.3
762535.1
762461.8
762417.8
762359.2
762271.3
762212.7
762168.7
762095.5
762036.9
761978.3
761875.7
761831.7
761773.1
761714.5
761641.2
761597.3
761538.7
761480.1
761392.1
761348.2
761289.6
761201.7
761128.4
761055.1
761011.2
760952.6
760894.0
760835.4
760776.7
760718.1
760674.2
760600.9
760513.0
760454.4
760381.1
760337.2
760234.6
760190.6
760132.0
760073.4
760029.5
759941.5
759882.9
759839.0
759780.4
759721.8
759633.8
759589.9
759516.6
759458.0
759355.4
759296.8
759252.9
759194.3
759135.7
759062.4
759018.4
758959.8
758901.2
758857.3
758754.7
758696.1
758622.8
758564.2
758520.2
758432.3
758373.7
758315.1
758241.8
758197.9
758124.6
758080.7
758022.1
757948.8
757875.5
757802.3
757758.3
757699.7
757641.1
757553.2
757479.9
757436.0
757362.7
757304.1
757260.1
757201.5
757142.9
757069.6
756996.4
756937.8
756864.5
756805.9
756761.9
756703.3
756630.1
756571.4
756483.5
756439.6
756381.0
756322.4
756278.4
756190.5
756117.2
756044.0
755985.3
755941.4
755882.8
755809.5
755750.9
755706.9
755648.3
755575.1
755487.2
755443.2
755369.9
755311.3
755223.4
755164.8
755120.8
755062.2
754989.0
754930.4
754871.7
754813.1
754769.2
754710.6
754622.7
754564.0
754490.8
754446.8
754373.6
754315.0
754271.0
754197.7
754139.1
754051.2
753992.6
753948.6
753890.0
753831.4
753728.8
753684.9
753611.6
753553.0
753494.4
753450.4
753391.8
753318.6
753274.6
753172.1
753113.4
753054.8
752996.2
752937.6
752879.0
752820.4
752776.4
752717.8
752644.6
752571.3
752483.4
752439.4
752380.8
752322.2
752234.3
752175.7
752131.7
752058.5
751999.8
751955.9
751897.3
751824.0
751750.7
751692.1
751618.9
751560.3
751501.7
751457.7
751399.1
751325.8
751281.9
751208.6
751150.0
751062.1
751003.5
750959.5
750886.2
750827.6
750783.7
750725.1
750666.5
750578.5
750490.6
750446.7
750388.1
750329.4
750285.5
750212.2
750153.6
750065.7
749992.4
749948.5
749889.9
749831.3
749758.0
749714.0
749626.1
749567.5
749508.9
749464.9
749406.3
749318.4
749259.8
749215.9
749157.2
749098.6
749010.7
748966.8
748893.5
748834.9
748790.9
748717.7
748659.1
748585.8
748541.8
748453.9
748395.3
748336.7
748292.7
748234.1
748160.9
748087.6
748043.6
747985.0
747911.8
747838.5
747765.2
747721.3
747662.7
747604.1
747560.1
747472.2
747413.6
747369.6
747267.1
747223.1
747164.5
747105.9
747047.3
746988.7
746930.1
746871.4
746812.8
746739.6
746666.3
746593.0
746549.1
746490.5
746431.9
746387.9
746314.6
746241.4
746182.8
746138.8
746050.9
745992.3
745933.7
745860.4
745816.5
745757.8
745699.2
745655.3
745567.4
745494.1
745420.8
745376.9
745318.3
745259.7
745186.4
745142.4
745083.8
745025.2
744966.6
744878.7
744820.1
744746.8
744688.2
744644.2
744585.6
744527.0
744453.8
744409.8
744307.2
744248.6
744190.0
744146.1
744087.4
744014.2
743970.2
743911.6
743853.0
743809.0
743706.5
743647.9
743574.6
743516.0
743472.0
743413.4
743354.8
743281.6
743237.6
743149.7
743076.4
743017.8
742973.9
742915.2
742842.0
742783.4
742739.4
742680.8
742607.5
742534.3
742446.4
742402.4
742343.8
742299.8
742241.2
742168.0
742109.4
742065.4
741977.5
741918.9
741845.6
741801.6
741728.4
741669.8
741611.2
741567.2
741508.6
741435.3
741376.7
741332.8
741274.2
741200.9
741142.3
741069.0
740995.8
740937.1
740893.2
740834.6
740776.0
740702.7
740658.7
740585.5
740526.9
740439.0
740395.0
740336.4
740263.1
740204.5
740160.6
740101.9
740028.7
739970.1
739867.5
739823.5
739764.9
739706.3
739662.4
739589.1
739530.5
739486.5
739427.9
739354.7
739281.4
739237.4
739178.8
739120.2
739076.3
738988.4
738929.7
738856.5
738797.9
738739.3
738680.6
738622.0
738563.4
738504.8
738416.9
738358.3
738299.7
738255.7
738197.1
738109.2
738065.2
738006.6
737948.0
737904.1
737801.5
737772.2
737713.6
737669.6
737596.4
737523.1
737435.2
737376.6
737332.6
737274.0
737215.4
737156.8
737098.2
737039.6
736951.6
736893.0
736834.4
736775.8
736702.5
736658.6
736600.0
736541.4
736497.4
736424.1
736365.5
736306.9
736263.0
736189.7
736116.4
736043.2
735969.9
735926.0
735867.4
735823.4
735764.8
735691.5
735632.9
735574.3
735515.7
735427.8
735369.2
735325.2
735281.2
735222.6
735134.7
735090.8
735017.5
734944.2
734885.6
734841.7
734783.1
734709.8
734665.8
734563.3
734519.3
734460.7
734416.7
734343.5
734270.2
734211.6
734167.7
734109.0
734050.4
733977.2
733933.2
733874.6
733816.0
733772.0
733669.5
733610.9
733537.6
733479.0
733435.0
733376.4
733317.8
733259.2
733200.6
733142.0
733083.4
733024.7
732951.5
732892.9
732805.0
732761.0
732702.4
732643.8
732599.8
732526.6
732453.3
732409.3
732350.7
732277.5
732218.9
732174.9
732116.3
732057.7
731984.4
731925.8
731837.9
731779.3
731720.7
731676.7
731618.1
731544.8
731486.2
731442.3
731383.7
731325.0
731266.4
731193.2
731134.6
731046.7
731002.7
730944.1
730885.5
730812.2
730768.3
730709.6
730651.0
730592.4
730519.2
730460.5
730401.9
730358.0
730299.4
730226.1
730152.8
730079.6
730035.6
730021.0
729933.1
729859.8
729786.5
729727.9
729684.0
729625.4
729552.1
729493.5
729449.5
729390.9
729317.6
729259.0
729200.4
729141.8
729097.9
729039.2
728951.3
728892.7
728819.5
728775.5
728702.2
728643.6
728599.7
728526.4
728467.8
728409.2
728365.2
728306.6
728233.4
728189.4
728072.2
728028.2
727969.6
727940.3
727881.7
727793.8
727735.2
727691.2
727632.6
727574.0
727500.7
727442.1
727383.5
727324.9
727280.9
727207.7
727149.1
727105.1
727046.5
726973.2
726900.0
726812.1
726768.1
726709.5
726665.5
726606.9
726533.7
726475.0
726416.4
726372.5
726313.9
726226.0
726182.0
726123.4
726064.8
726020.8
725947.6
725888.9
725830.3
725742.4
725698.5
725639.8
725566.6
725537.3
725449.4
725390.8
725332.1
725288.2
725214.9
725156.3
725112.4
725053.7
724995.1
724907.2
724863.3
724804.7
724746.0
724702.1
724628.8
724540.9
724482.3
724423.7
724394.4
724321.1
724233.2
724189.2
724130.6
724072.0
724028.1
723954.8
723896.2
723837.6
723793.6
723720.4
723647.1
723588.5
723544.5
723485.9
723427.3
723368.7
723310.1
723251.5
723207.5
723148.9
723046.3
722987.7
722914.5
722870.5
722841.2
722753.3
722709.3
722636.1
722577.5
722518.8
722460.2
722401.6
722328.4
722284.4
722225.8
722167.2
722123.2
722050.0
721991.4
721903.4
721888.8
721800.9
721742.3
721698.3
721595.7
721551.8
721493.2
721449.2
721405.3
721317.3
721258.7
721200.1
721141.5
721068.2
721009.6
720965.7
720907.1
720848.5
720789.8
720731.2
720672.6
720628.7
720555.4
720482.1
720423.5
720379.6
720321.0
720262.3
720189.1
720130.5
720057.2
720042.6
719969.3
719896.0
719822.8
719749.5
719705.6
719646.9
719603.0
719544.4
719471.1
719412.5
719339.2
719295.3
719222.0
719163.4
719104.8
719060.8
719002.2
718929.0
718885.0
718826.4
718767.8
718709.2
718635.9
718577.3
718518.7
718474.7
718416.1
718328.2
718298.9
718240.3
718181.7
718137.7
718035.2
717976.5
717903.3
717888.6
717830.0
717742.1
717683.5
717610.2
717566.3
717507.7
717434.4
717390.4
717317.2
717258.6
717214.6
717156.0
717097.4
717024.1
716980.2
716921.6
716863.0
716789.7
716731.1
716672.5
716628.5
716569.9
716496.6
716438.0
716394.1
716306.2
716276.8
716188.9
716145.0
716086.4
715998.4
715939.8
715910.5
715851.9
715808.0
715705.4
715661.4
715588.2
715558.9
715500.3
715412.3
715353.7
715309.8
715251.2
715177.9
715119.3
715075.3
715016.7
714943.5
714884.9
714826.2
714767.6
714723.7
714665.1
714591.8
714533.2
714489.2
714430.6
714372.0
714298.7
714240.1
714181.5
714137.6
714064.3
714005.7
713947.1
713903.1
713844.5
713771.3
713698.0
713654.0
713595.4
713551.5
713478.2
713419.6
713361.0
713317.0
713258.4
713185.2
713126.5
713024.0
713009.3
712950.7
712892.1
712833.5
712745.6
712687.0
712672.3
712599.0
712540.4
712437.9
712393.9
712335.3
712291.3
712247.4
712159.5
712100.9
712042.3
712012.9
711954.3
711866.4
711807.8
711749.2
711690.6
711661.3
711573.4
711514.8
711456.1
711412.2
711338.9
711280.3
711207.1
711163.1
711104.5
711031.2
710987.3
710928.7
710870.0
710826.1
710752.8
710694.2
710635.6
710577.0
710518.4
710445.1
710401.2
710342.6
710283.9
710240.0
710166.7
710108.1
710049.5
710005.5
709932.3
709859.0
709815.1
709756.4
709697.8
709653.9
709580.6
709522.0
709463.4
709419.4
709360.8
709272.9
709214.3
709170.3
709111.7
709053.1
708994.5
708935.9
708877.3
708833.3
708760.1
708686.8
708628.2
708584.2
708525.6
708452.4
708408.4
708349.8
708291.2
708247.2
708174.0
708115.4
708042.1
707998.1
707939.5
707866.3
707807.7
707763.7
707705.1
707661.1
707587.9
707529.3
707456.0
707412.0
707353.4
707280.2
707221.6
707177.6
707119.0
707060.4
707001.8
706943.2
706884.5
706825.9
706767.3
706694.1
706635.4
706591.5
706532.9
706474.3
706415.7
706357.0
706298.4
706254.5
706166.6
706108.0
706049.3
706005.4
705946.8
705873.5
705814.9
705770.9
705712.3
705668.4
705580.5
705521.9
705463.2
705419.3
705360.7
705287.4
705228.8
705184.8
705126.2
705067.6
705009.0
704935.7
704877.1
704833.2
704774.6
704701.3
704642.7
704598.7
704540.1
704481.5
704408.3
704364.3
704291.0
704247.1
704188.5
704115.2
704056.6
704012.6
703968.7
703895.4
703822.2
703778.2
703704.9
703675.6
703587.7
703529.1
703470.5
703426.5
703382.6
703294.7
703236.0
703192.1
703148.1
703104.2
703001.6
702943.0
702884.4
702855.1
702796.5
702708.6
702649.9
702635.3
702562.0
702518.1
702415.5
702386.2
702342.2
702269.0
702210.4
702122.5
702107.8
702049.2
701975.9
701932.0
701873.4
701800.1
701756.1
701682.9
701624.3
701565.7
701521.7
701463.1
701389.8
701331.2
701287.3
701228.6
701140.7
701096.8
701038.2
700979.6
700935.6
700862.3
700803.7
700745.1
700701.2
700642.5
700554.6
700510.7
700452.1
700393.4
700349.5
700276.2
700217.6
700159.0
700129.7
700056.4
699983.2
699909.9
699895.3
699822.0
699763.4
699690.1
699631.5
699616.9
699543.6
699470.3
699397.1
699382.4
699309.2
699235.9
699177.3
699133.3
699074.7
699030.8
698957.5
698898.9
698854.9
698796.3
698737.7
698649.8
698605.8
698547.2
698488.6
698415.3
698371.4
698312.8
698254.2
698210.2
698137.0
698063.7
698019.7
697961.1
697902.5
697829.2
697785.3
697726.7
697668.1
697624.1
697550.8
697536.2
697433.6
697375.0
697316.4
697287.1
697228.5
697140.6
697082.0
697052.7
696994.0
696950.1
696847.5
696803.6
696745.0
696701.0
696642.4
696583.8
696525.2
696466.6
696407.9
696364.0
696305.4
696232.1
696158.9
696114.9
696056.3
695983.0
695924.4
695880.5
695821.8
695763.2
695733.9
695646.0
695572.7
695528.8
695484.8
695440.9
695338.3
695294.3
695250.4
695206.4
695147.8
695059.9
695045.3
694972.0
694898.7
694840.1
694796.2
694737.6
694664.3
694620.3
694561.7
694503.1
694459.2
694385.9
694312.6
694254.0
694210.1
694151.4
694078.2
694034.2
693975.6
693931.7
693873.0
693799.8
693770.5
693726.5
693638.6
693565.3
693536.0
693477.4
693404.2
693345.6
693301.6
693243.0
693184.4
693125.8
693052.5
692993.9
692949.9
692891.3
692818.1
692759.5
692715.5
692656.9
692598.3
692525.0
692510.4
692407.8
692349.2
692305.2
692261.3
692217.3
692129.4
692085.4
692026.8
691982.9
691924.3
691880.3
691792.4
691733.8
691675.2
691631.2
691572.6
691499.3
691440.7
691396.8
691338.2
691294.2
691220.9
691147.7
691089.1
691059.8
691001.1
690913.2
690854.6
690840.0
690766.7
690722.7
690664.1
690605.5
690517.6
690473.6
690415.0
690356.4
690312.5
690239.2
690180.6
690136.6
690078.0
690019.4
689931.5
689887.5
689872.9
689799.6
689726.4
689682.4
689638.5
689579.8
689506.6
689448.0
689404.0
689345.4
689272.1
689213.5
689154.9
689096.3
689052.3
688993.7
688920.5
688861.9
688817.9
688759.3
688730.0
688656.7
688568.8
688510.2
688480.9
688422.3
688363.7
688319.7
688261.1
688187.8
688143.9
688085.3
688012.0
687938.8
687894.8
687836.2
687777.6
687748.3
687660.4
687601.7
687587.1
687513.8
687440.6
687352.6
687338.0
687279.4
687220.8
687162.2
687103.6
687059.6
687001.0
686927.7
686869.1
686810.5
686751.9
686693.3
686634.7
686605.4
686517.5
686473.5
686429.5
686370.9
686327.0
686268.4
686180.4
686136.5
686077.9
686019.3
685975.3
685902.0
685843.4
685784.8
685740.9
685696.9
685609.0
685535.7
685506.4
685447.8
685403.9
685345.2
685286.6
685228.0
685169.4
685110.8
685066.8
685008.2
684920.3
684861.7
684817.8
684759.1
684700.5
684627.3
684612.6
684568.7
684495.4
684436.8
684378.2
684334.2
684261.0
684187.7
684143.7
684085.1
684026.5
683982.6
683938.6
683850.7
683792.1
683762.8
683689.5
683645.5
683543.0
683528.3
683455.1
683411.1
683352.5
683293.9
683249.9
683176.7
683118.1
683059.4
683015.5
682927.6
682869.0
682854.3
682781.0
682737.1
682678.5
682619.9
682575.9
682502.6
682429.4
682370.8
682326.8
682268.2
682194.9
682180.3
682092.4
682033.8
682004.5
681945.8
681887.2
681843.3
681755.4
681696.8
681652.8
681594.2
681535.6
681462.3
681418.4
681359.7
681330.4
681271.8
681169.3
681154.6
681096.0
681022.7
680964.1
680920.2
680861.6
680802.9
680744.3
680685.7
680627.1
680583.2
680509.9
680465.9
680422.0
680334.1
680290.1
680246.1
680187.5
680128.9
680055.7
680011.7
679953.1
679879.8
679835.9
679791.9
679704.0
679689.3
679616.1
679557.5
679513.5
679454.9
679396.3
679337.7
679264.4
679205.8
679161.9
679103.2
679030.0
679015.3
678956.7
678883.5
678839.5
678780.9
678722.3
678663.7
678590.4
678531.8
678473.2
678429.2
678385.3
678341.3
678253.4
678224.1
678150.8
678106.9
678033.6
677975.0
677931.0
677857.8
677799.2
677755.2
677711.2
677623.3
677564.7
677550.1
677476.8
677418.2
677359.6
677301.0
677257.0
677183.8
677125.1
677066.5
677022.6
676964.0
676934.7
676876.1
676773.5
676744.2
676685.6
676627.0
676583.0
676524.4
676451.1
676392.5
676348.6
676304.6
676260.6
676143.4
676128.8
676084.8
676011.6
675952.9
675894.3
675850.4
675791.8
675718.5
675703.8
675615.9
675542.7
675513.4
675454.8
675396.1
675352.2
675278.9
675220.3
675176.4
675117.7
675073.8
674985.9
674927.3
674883.3
674839.3
674780.7
674722.1
674678.2
674604.9
674546.3
674487.7
674443.7
674385.1
674355.8
674282.5
674223.9
674150.7
674106.7
674048.1
673989.5
673945.5
673901.6
673813.7
673769.7
673725.7
673652.5
673608.5
673549.9
673491.3
673432.7
673374.1
673315.5
673271.5
673212.9
673139.6
673125.0
673051.7
672978.5
672934.5
672875.9
672817.3
672773.3
672700.1
672641.5
672582.8
672553.5
672494.9
672451.0
672377.7
672304.4
672260.5
672201.9
672143.3
672114.0
672026.0
671967.4
671952.8
671879.5
671820.9
671762.3
671703.7
671645.1
671571.8
671527.9
671469.2
671410.6
671381.3
671322.7
671278.8
671220.2
671132.2
671073.6
671029.7
670971.1
670941.8
670853.8
670824.5
670780.6
670707.3
670648.7
670590.1
670531.5
670472.9
670399.6
670385.0
670297.0
670238.4
670209.1
670150.5
670091.9
670047.9
669974.7
669901.4
669857.5
669813.5
669754.9
669667.0
669652.3
669579.1
669535.1
669476.5
669417.9
669373.9
669286.0
669271.4
669212.8
669124.8
669080.9
669036.9
668978.3
668919.7
668861.1
668802.5
668743.9
668714.6
668641.3
668582.7
668538.7
668480.1
668406.9
668362.9
668304.3
668245.7
668201.7
668157.8
668099.2
668040.5
667967.3
667908.7
667864.7
667806.1
667747.5
667718.2
667630.3
667615.6
667542.4
667483.7
667410.5
667366.5
667293.3
667234.7
667220.0
667146.7
667088.1
667044.2
666985.6
666926.9
666853.7
666795.1
666736.5
666677.9
666648.6
666589.9
666546.0
666487.4
666414.1
666370.2
666311.5
666267.6
666223.6
666121.1
666091.8
666047.8
665974.5
665915.9
665872.0
665813.4
665754.7
665725.4
665666.8
665622.9
665535.0
665476.3
665417.7
665373.8
665329.8
665241.9
665183.3
665168.6
665095.4
665051.4
664992.8
664919.5
664875.6
664802.3
664787.7
664685.1
664655.8
664597.2
664553.2
664494.6
664421.4
664377.4
664318.8
664260.2
664216.2
664157.6
664099.0
664055.0
663981.8
663923.2
663908.5
663820.6
663762.0
663732.7
663659.4
663600.8
663542.2
663483.6
663425.0
663381.0
663337.1
663278.5
663234.5
663175.9
663102.6
663044.0
662985.4
662926.8
662882.8
662838.9
662794.9
662736.3
662663.0
662604.4
662560.5
662501.9
662472.6
662399.3
662340.7
662296.7
662223.5
662164.9
662106.2
662062.3
661989.0
661974.4
661915.8
661842.5
661769.2
661725.3
661666.7
661608.1
661578.8
661520.1
661476.2
661402.9
661344.3
661285.7
661241.7
661197.8
661095.2
661080.6
661022.0
660963.3
660904.7
660846.1
660802.2
660743.6
660699.6
660655.6
660597.0
660509.1
660465.2
660406.5
660347.9
660318.6
660230.7
660201.4
660157.5
660084.2
660025.6
659981.6
659908.4
659849.8
659820.4
659761.8
659717.9
659644.6
659586.0
659527.4
659498.1
659439.5
659351.6
659336.9
659249.0
659190.4
659146.4
659087.8
659029.2
658999.9
658941.3
658897.3
658824.1
658765.5
658706.9
658648.2
658604.3
658560.3
658501.7
658443.1
658369.8
658325.9
658311.2
658208.7
658164.7
658120.7
658076.8
658003.5
657930.3
657886.3
657827.7
657783.7
657739.8
657681.2
657622.6
657578.6
657505.3
657446.7
657432.1
657329.5
657285.5
657241.6
657183.0
657124.4
657095.1
657007.2
656963.2
656919.2
656860.6
656787.4
656743.4
656670.1
656611.5
656596.9
656523.6
656479.7
656421.0
656362.4
656318.5
656274.5
656215.9
656157.3
656084.0
656025.4
655981.5
655922.9
655878.9
655791.0
655776.3
655717.7
655659.1
655600.5
655527.2
655483.3
655439.3
655380.7
655336.8
655278.1
655204.9
655160.9
655102.3
655073.0
655014.4
654955.8
654897.2
654838.6
654765.3
654750.7
654662.7
654618.8
654574.8
654516.2
654457.6
654428.3
654340.4
654325.7
654237.8
654179.2
654120.6
654076.6
654018.0
653944.8
653930.1
653871.5
653798.2
653754.3
653695.7
653622.4
653593.1
653534.5
653490.5
653431.9
653358.7
653300.0
653285.4
653197.5
653168.2
653109.6
653036.3
652992.3
652948.4
652860.5
652801.9
652772.6
652713.9
652670.0
652611.4
652552.8
652479.5
652464.9
652406.2
652333.0
652274.4
652215.8
652171.8
652127.8
652083.9
652025.3
651966.7
651893.4
651849.4
651834.8
651717.6
651688.3
651629.7
651585.7
651512.4
651497.8
651395.2
651365.9
651307.3
651263.3
651204.7
651131.5
651058.2
651043.5
650999.6
650926.3
650867.7
650809.1
650765.2
650721.2
650677.2
650618.6
650560.0
650472.1
650428.1
650413.5
650340.2
650281.6
650223.0
650179.0
650120.4
650091.1
650032.5
649973.9
649886.0
649842.0
649783.4
649754.1
649695.5
649636.9
649592.9
649534.3
649461.1
649446.4
649358.5
649314.5
649255.9
649197.3
649138.7
649109.4
649021.5
649006.8
648933.6
648875.0
648816.4
648772.4
648713.8
648684.5
648611.2
648552.6
648479.3
648435.4
648376.8
648347.5
648288.9
648230.3
648186.3
648127.7
648054.4
648025.1
647966.5
647893.2
647849.3
647790.7
647732.1
647702.8
647644.2
647600.2
647541.6
647468.3
647395.1
647380.4
647292.5
647263.2
647204.6
647146.0
647102.0
647058.0
646970.1
646955.5
646882.2
646823.6
646765.0
646706.4
646647.8
646618.5
646559.9
646486.6
646471.9
646384.0
646354.7
646296.1
646237.5
646193.5
646120.3
646047.0
646032.4
645973.8
645900.5
645856.5
645797.9
645739.3
645710.0
645651.4
645607.4
645548.8
645460.9
645402.3
645387.7
645314.4
645270.4
645211.8
645153.2
645123.9
645065.3
645021.3
644962.7
644874.8
644816.2
644801.5
644728.3
644684.3
644625.7
644567.1
644523.2
644479.2
644420.6
644376.6
644303.4
644230.1
644186.1
644142.2
644098.2
644039.6
643981.0
643907.7
643893.1
643834.5
643775.9
643717.3
643644.0
643600.0
643556.1
643497.5
643453.5
643394.9
643321.6
643277.7
643248.4
643189.8
643131.2
643072.5
643013.9
642970.0
642911.4
642867.4
642808.8
642735.5
642691.6
642662.3
642574.4
642545.1
642486.4
642427.8
642383.9
642325.3
642281.3
642222.7
642149.4
642105.5
642076.2
641988.3
641958.9
641900.3
641841.7
641812.4
641739.2
641695.2
641636.6
641563.3
641504.7
641490.1
641402.2
641372.8
641314.2
641255.6
641226.3
641167.7
641109.1
641035.8
640977.2
640918.6
640889.3
640816.0
640786.7
640728.1
640669.5
640640.2
640581.6
640523.0
640449.7
640391.1
640332.5
640303.2
640229.9
640200.6
640142.0
640083.4
640054.1
639995.5
639936.9
639863.6
639805.0
639746.4
639717.1
639643.8
639614.5
639555.9
639497.3
639468.0
639409.4
639350.8
639292.2
639218.9
639160.3
639131.0
639057.7
639028.4
638969.8
638911.2
638881.9
638823.3
638750.0
638706.1
638632.8
638574.2
638544.9
638486.3
638427.7
638383.7
638310.5
638295.8
638237.2
638163.9
638105.3
638061.4
638002.8
637958.8
637900.2
637841.6
637797.6
637724.4
637709.7
637651.1
637577.8
637519.2
637475.3
637431.3
637372.7
637314.1
637255.5
637211.5
637167.6
637123.6
637065.0
636991.7
636933.1
636889.2
636845.2
636801.2
636728.0
636669.4
636625.4
636581.5
636522.8
636478.9
636434.9
636347.0
636332.4
636259.1
636215.1
636141.9
636083.3
636054.0
635995.3
635936.7
635878.1
635848.8
635760.9
635731.6
635673.0
635629.0
635585.1
635497.2
635467.9
635409.2
635350.6
635321.3
635262.7
635218.8
635145.5
635086.9
635028.3
634999.0
634940.4
634881.8
634823.1
634764.5
634735.2
634676.6
634632.7
634559.4
634500.8
634486.1
634412.9
634354.3
634310.3
634237.0
634207.7
634149.1
634090.5
634046.6
633973.3
633944.0
633900.0
633826.8
633768.2
633724.2
633680.2
633607.0
633563.0
633504.4
633431.1
633387.2
633357.9
633284.6
633240.7
633226.0
633123.4
633094.1
633035.5
632976.9
632933.0
632889.0
632830.4
632771.8
632698.5
632683.9
632639.9
632566.6
632508.0
632449.4
632420.1
632346.9
632302.9
632244.3
632185.7
632156.4
632097.8
632053.8
631980.5
631921.9
631907.3
631834.0
631760.8
631716.8
631658.2
631614.2
631570.3
631511.7
631453.0
631423.7
631335.8
631321.2
631247.9
631189.3
631174.6
631072.1
631028.1
630984.2
630925.6
630896.2
630837.6
630779.0
630705.8
630661.8
630647.2
630573.9
630500.6
630442.0
630398.1
630354.1
630310.1
630251.5
630192.9
630119.7
630105.0
630046.4
629987.8
629958.5
629855.9
629826.6
629768.0
629724.0
629680.1
629606.8
629577.5
629518.9
629460.3
629431.0
629372.4
629328.4
629240.5
629181.9
629167.2
629094.0
629035.4
628991.4
628932.8
628903.5
628844.9
628786.3
628742.3
628669.1
628625.1
628581.1
628507.9
628493.2
628405.3
628361.4
628317.4
628258.8
628214.8
628126.9
628112.3
628053.6
627980.4
627951.1
627907.1
627833.9
627775.2
627731.3
627687.3
627628.7
627584.8
627526.2
627467.5
627438.2
627365.0
627321.0
627277.1
627189.1
627174.5
627101.2
627042.6
627028.0
626940.1
626910.7
626852.1
626793.5
626749.6
626691.0
626632.3
626588.4
626515.1
626500.5
626441.9
626368.6
626324.6
626266.0
626222.1
626178.1
626104.9
626046.2
626016.9
625958.3
625914.4
625855.8
625826.5
625767.8
625694.6
625636.0
625621.3
625548.1
625489.4
625430.8
625372.2
625342.9
625284.3
625225.7
625181.7
625108.5
625093.8
625035.2
624962.0
624947.3
624844.7
624800.8
624756.8
624698.2
624668.9
624610.3
624551.7
624507.7
624449.1
624419.8
624361.2
624302.6
624214.7
624200.0
624156.1
624082.8
624024.2
623965.6
623936.3
623877.7
623833.7
623789.7
623716.5
623687.2
623613.9
623555.3
623526.0
623467.4
623423.4
623350.2
623291.6
623276.9
623203.6
623145.0
623101.1
623057.1
622998.5
622939.9
622881.3
622808.0
622793.4
622749.4
622676.1
622646.8
622602.9
622529.6
622471.0
622427.1
622368.4
622309.8
622265.9
622207.3
622148.7
622119.4
622060.7
622016.8
621943.5
621928.9
621870.3
621797.0
621782.3
621709.1
621635.8
621591.9
621533.2
621503.9
621445.3
621386.7
621342.8
621284.2
621240.2
621196.2
621123.0
621093.7
621035.1
620976.5
620917.8
620888.5
620844.6
620771.3
620712.7
620654.1
620624.8
620566.2
620522.2
620449.0
620375.7
620361.0
620302.4
620229.2
620214.5
620155.9
620097.3
620038.7
620024.0
619950.8
619877.5
619833.5
619774.9
619731.0
619687.0
619628.4
619569.8
619540.5
619481.9
619437.9
619394.0
619350.0
619291.4
619203.5
619144.9
619130.2
619057.0
619013.0
618954.4
618910.4
618866.5
618807.9
618749.3
618705.3
618661.3
618602.7
618544.1
618514.8
618456.2
618397.6
618324.3
618280.4
618265.7
618192.5
618133.8
618075.2
618045.9
617972.7
617928.7
617884.8
617796.8
617782.2
617723.6
617650.3
617635.7
617577.1
617503.8
617459.8
617445.2
617357.3
617298.7
617284.0
617196.1
617152.1
617108.2
617049.6
617020.3
616961.6
616903.0
616859.1
616815.1
616771.2
616697.9
616624.6
616566.0
616551.4
616478.1
616434.1
616404.8
616331.6
616287.6
616229.0
616199.7
616126.4
616067.8
616023.9
615979.9
615936.0
615877.4
615833.4
615789.4
615730.8
615672.2
615613.6
615584.3
615540.3
615452.4
615393.8
615364.5
615305.9
615247.3
615218.0
615144.7
615115.4
615056.8
614998.2
614968.9
614910.3
614851.7
614778.4
614749.1
614705.1
614631.9
614617.2
614558.6
614485.4
614426.7
614412.1
614338.8
614294.9
614221.6
614163.0
614133.7
614075.1
614031.1
613972.5
613943.2
613884.6
613826.0
613796.7
613738.1
613679.5
613606.2
613576.9
613532.9
613459.7
613445.0
613357.1
613313.1
613254.5
613210.6
613166.6
613122.7
613064.1
612990.8
612961.5
612902.9
612858.9
612800.3
612756.4
612712.4
612639.1
612624.5
612565.9
612492.6
612434.0
612390.0
612331.4
612287.5
612258.2
612170.2
612140.9
612082.3
612038.4
611994.4
611950.5
611891.8
611833.2
611803.9
611730.7
611672.1
611613.4
611584.1
611540.2
611466.9
611452.3
611393.7
611320.4
611261.8
611217.8
611173.9
611115.3
611086.0
610998.0
610968.7
610910.1
610851.5
610822.2
610763.6
610719.6
610661.0
610631.7
610573.1
610514.5
610470.5
610411.9
610368.0
610294.7
610265.4
610221.5
610148.2
610089.6
610060.3
610001.7
609943.1
609913.8
609825.8
609796.5
609737.9
609708.6
609650.0
609591.4
609547.4
609474.2
609459.5
609400.9
609357.0
609313.0
609239.7
609166.5
609122.5
609093.2
609019.9
609005.3
608917.4
608888.1
608829.5
608770.8
608741.5
608682.9
608639.0
608565.7
608536.4
608477.8
608419.2
608375.2
608331.3
608272.7
608228.7
608184.7
608140.8
608082.2
607994.3
607979.6
607921.0
607847.7
607833.1
607774.5
607715.9
607657.3
607642.6
607569.3
607510.7
607466.8
607422.8
607349.5
607305.6
607261.6
607217.7
607159.1
607100.5
607071.1
607012.5
606968.6
606895.3
606866.0
606822.1
606734.1
606719.5
606660.9
606587.6
606529.0
606514.4
606441.1
606397.1
606367.8
606309.2
606250.6
606192.0
606162.7
606089.4
606045.5
605986.9
605942.9
605898.9
605840.3
605811.0
605752.4
605693.8
605649.8
605605.9
605561.9
605488.7
605415.4
605400.8
605342.1
605268.9
605254.2
605195.6
605137.0
605078.4
605063.7
604990.5
604931.9
604902.6
604829.3
604770.7
604726.7
604682.8
604638.8
604580.2
604521.6
604492.3
604433.7
604375.1
604345.8
604287.2
604228.5
604155.3
604140.6
604082.0
604052.7
603994.1
603935.5
603862.2
603818.3
603789.0
603730.4
603701.1
603598.5
603569.2
603510.6
603495.9
603422.7
603364.0
603320.1
603276.1
603232.2
603173.6
603129.6
603085.6
603027.0
602968.4
602924.5
602865.9
602821.9
602763.3
602734.0
602675.4
602616.8
602587.5
602528.8
602484.9
602411.6
602382.3
602309.1
602279.8
602235.8
602162.5
602103.9
602060.0
602016.0
601957.4
601942.7
601854.8
601825.5
601766.9
601723.0
601664.3
601605.7
601561.8
601517.8
601459.2
601415.3
601371.3
601327.3
601268.7
601210.1
601180.8
601107.5
601078.2
600990.3
600975.7
600917.1
600873.1
600829.1
600770.5
600697.3
600682.6
600624.0
600550.8
600536.1
600477.5
600404.2
600345.6
600331.0
600257.7
600199.1
600184.4
600111.2
600052.6
600008.6
599964.6
599920.7
599891.4
599788.8
599759.5
599700.9
599671.6
599613.0
599569.0
599510.4
599466.5
599422.5
599363.9
599334.6
599276.0
599202.7
599129.4
599114.8
599070.8
599026.9
598968.3
598924.3
598851.1
598836.4
598777.8
598704.5
598689.9
598631.3
598543.3
598499.4
598484.7
598411.5
598382.2
598294.3
598264.9
598206.3
598191.7
598118.4
598059.8
598015.9
597957.2
597913.3
597854.7
597825.4
597766.8
597708.1
597664.2
597620.2
597576.3
597532.3
597459.1
597429.7
597356.5
597327.2
597268.6
597210.0
597136.7
597122.0
597078.1
597004.8
596975.5
596931.6
596858.3
596799.7
596785.0
596697.1
596682.5
596623.9
596550.6
596506.6
596477.3
596418.7
596360.1
596345.5
596272.2
596213.6
596198.9
596125.7
596052.4
596037.8
595964.5
595920.5
595861.9
595832.6
595774.0
595759.4
595671.4
595627.5
595568.9
595539.6
595466.3
595422.3
595363.7
595334.4
595275.8
595217.2
595187.9
595129.3
595085.3
595026.7
594982.8
594938.8
594894.9
594836.2
594777.6
594719.0
594689.7
594631.1
594601.8
594513.9
594499.2
594426.0
594396.7
594352.7
594279.4
594206.2
594191.5
594118.3
594059.7
594045.0
593971.7
593927.8
593898.5
593839.9
593781.3
593766.6
593693.3
593634.7
593561.5
593532.2
593473.6
593458.9
593385.6
593341.7
593283.1
593239.1
593195.2
593136.5
593107.2
593048.6
592975.4
592946.1
592887.4
592843.5
592799.5
592755.6
592697.0
592638.4
592609.1
592550.4
592521.1
592462.5
592403.9
592345.3
592301.3
592257.4
592213.4
592140.2
592110.9
592052.3
592022.9
591964.3
591905.7
591847.1
591817.8
591773.9
591715.2
591671.3
591612.7
591539.4
591524.8
591466.1
591392.9
591378.2
591319.6
591246.4
591231.7
591187.7
591099.8
591070.5
591026.6
590953.3
590894.7
590880.0
590806.8
590792.1
590733.5
590660.3
590616.3
590601.6
590528.4
590499.1
590440.5
590367.2
590308.6
590293.9
590220.7
590206.0
590147.4
590074.2
590030.2
590000.9
589942.3
589883.7
589869.0
589781.1
589722.5
589707.8
589634.6
589576.0
589561.3
589488.1
589444.1
589414.8
589356.2
589297.6
589253.6
589195.0
589136.4
589077.8
589048.5
588989.9
588960.6
588901.9
588858.0
588799.4
588755.4
588711.5
588667.5
588623.5
588550.3
588491.7
588462.4
588403.8
588374.5
588301.2
588271.9
588213.3
588169.3
588125.4
588081.4
588008.1
587964.2
587905.6
587876.3
587817.7
587788.4
587715.1
587671.1
587627.2
587583.2
587539.3
587480.6
587422.0
587392.7
587319.5
587290.2
587231.6
587187.6
587129.0
587085.0
587041.1
586997.1
586953.2
586894.5
586835.9
586806.6
586748.0
586704.1
586645.4
586601.5
586528.2
586498.9
586455.0
586411.0
586367.1
586308.4
586235.2
586220.5
586161.9
586132.6
586059.3
586000.7
585942.1
585912.8
585868.9
585824.9
585780.9
585722.3
585649.1
585634.4
585575.8
585546.5
585473.2
585414.6
585341.4
585326.7
585282.8
585238.8
585194.8
585136.2
585063.0
585048.3
584989.7
584960.4
584901.8
584828.5
584755.3
584740.6
584696.7
584652.7
584594.1
584550.1
584476.9
584462.2
584403.6
584374.3
584315.7
584257.1
584169.2
584154.5
584081.2
584066.6
584008.0
583949.4
583890.8
583876.1
583802.8
583788.2
583729.6
583656.3
583583.1
583568.4
583495.1
583480.5
583421.9
583392.6
583304.7
583290.0
583216.7
583202.1
583143.5
583099.5
583011.6
582997.0
582909.0
582894.4
582835.8
582806.5
582747.9
582703.9
582630.6
582601.3
582557.4
582513.4
582469.5
582410.9
582322.9
582308.3
582249.7
582220.4
582161.8
582103.1
582044.5
582015.2
581971.3
581927.3
581883.4
581824.7
581795.4
581736.8
581663.6
581634.3
581575.7
581502.4
581487.7
581429.1
581355.9
581341.2
581297.3
581224.0
581194.7
581150.7
581062.8
581048.2
580989.6
580916.3
580901.6
580843.0
580813.7
580755.1
580711.2
580637.9
580608.6
580564.6
580520.7
580462.1
580418.1
580330.2
580315.5
580256.9
580227.6
580169.0
580139.7
580081.1
580022.5
579978.5
579934.6
579890.6
579832.0
579788.0
579729.4
579670.8
579641.5
579582.9
579553.6
579495.0
579436.4
579407.1
579348.5
579304.5
579260.5
579187.3
579143.3
579099.4
579055.4
579011.5
578967.5
578908.9
578850.3
578821.0
578762.4
578733.1
578674.4
578645.1
578557.2
578513.3
578469.3
578425.4
578381.4
578337.4
578278.8
578234.9
578176.3
578147.0
578088.3
578059.0
578000.4
577927.2
577897.9
577839.2
577780.6
577751.3
577692.7
577648.8
577604.8
577560.8
577531.5
577472.9
577414.3
577341.1
577311.8
577253.1
577238.5
577165.2
577106.6
577062.7
577018.7
576974.7
576945.4
576872.2
576828.2
576813.6
576740.3
576667.0
576652.4
576579.1
576520.5
576505.9
576432.6
576417.9
576344.7
576330.0
576271.4
576198.2
576154.2
576124.9
576051.6
576022.3
575978.4
575905.1
575846.5
575831.8
575758.6
575743.9
575685.3
575612.1
575597.4
575538.8
575509.5
575436.2
575392.3
575319.0
575304.4
575245.7
575201.8
575157.8
575113.9
575069.9
575011.3
574952.7
574923.4
574864.8
574820.8
574762.2
574703.6
574674.3
574615.7
574571.7
574527.8
574483.8
574425.2
574381.2
574337.3
574293.3
574249.4
574234.7
574117.5
574088.2
574029.6
574000.3
573941.7
573927.0
573853.7
573795.1
573765.8
573707.2
573663.3
573619.3
573560.7
573502.1
573458.1
573414.2
573399.5
573326.3
573267.6
573209.0
573179.7
573121.1
573106.5
573033.2
572959.9
572945.3
572872.0
572857.4
572813.4
572740.1
572681.5
572666.9
572593.6
572579.0
572520.4
572491.1
572432.4
572373.8
572329.9
572271.3
572227.3
572183.4
572124.7
572080.8
572036.8
571992.9
571948.9
571905.0
571861.0
571787.7
571758.4
571685.2
571655.9
571597.2
571567.9
571509.3
571450.7
571421.4
571362.8
571348.2
571274.9
571216.3
571172.3
571128.4
571069.8
571025.8
570967.2
570923.2
570879.3
570835.3
570820.7
570747.4
570688.8
570674.1
570600.9
570542.3
570527.6
570439.7
570425.0
570366.4
570293.2
570278.5
570219.9
570161.3
570132.0
570088.0
570014.8
570000.1
569941.5
569897.5
569853.6
569795.0
569751.0
569692.4
569633.8
569604.5
569545.9
569516.6
569458.0
569414.0
569370.1
569311.4
569282.1
569208.9
569194.2
569121.0
569077.0
569018.4
568974.4
568930.5
568915.8
568842.6
568784.0
568769.3
568696.0
568681.4
568622.8
568534.9
568520.2
568446.9
568388.3
568373.7
568300.4
568256.5
568227.2
568168.5
568139.2
568095.3
568051.3
568007.4
567934.1
567890.1
567846.2
567787.6
567758.3
567699.7
567641.0
567611.7
567553.1
567523.8
567465.2
567435.9
567377.3
567304.0
567274.7
567216.1
567172.2
567128.2
567084.3
567025.6
566981.7
566937.7
566923.1
566849.8
566791.2
566776.5
566688.6
566674.0
566615.4
566586.1
566483.5
566468.8
566395.6
566380.9
566337.0
566293.0
566234.4
566190.4
566146.5
566102.5
566043.9
566000.0
565956.0
565897.4
565853.4
565794.8
565765.5
565706.9
565677.6
565619.0
565560.4
565531.1
565472.5
565428.5
565369.9
565311.3
565282.0
565223.4
565208.7
565135.5
565120.8
565032.9
564988.9
564945.0
564930.3
564857.1
564813.1
564769.1
564695.9
564681.2
564622.6
564593.3
564534.7
564490.7
564446.8
564388.2
564358.9
564300.3
564241.7
564197.7
564139.1
564095.1
564051.2
564007.2
563963.3
563904.6
563890.0
563816.7
563772.8
563743.5
563684.9
563655.5
563611.6
563523.7
563509.0
563450.4
563406.5
563362.5
563289.2
563230.6
563216.0
563142.7
563128.1
563069.4
563040.1
562981.5
562922.9
562879.0
562820.3
562791.0
562732.4
562703.1
562644.5
562600.6
562556.6
562498.0
562483.3
562410.1
562366.1
562292.9
562263.6
562204.9
562190.3
562117.0
562058.4
562043.8
561970.5
561955.8
561897.2
561867.9
561809.3
561750.7
561721.4
561648.1
561618.8
561560.2
561530.9
561472.3
561413.7
561384.4
561325.8
561281.8
561237.9
561193.9
561135.3
561106.0
561032.7
561018.1
560944.8
560886.2
560871.6
560798.3
560783.6
560710.4
560695.7
560637.1
560563.9
560549.2
560490.6
560446.6
560388.0
560358.7
560300.1
560241.5
560212.2
560153.6
560124.3
560065.7
560007.1
559963.1
559919.1
559875.2
559816.6
559772.6
559714.0
559684.7
559626.1
559611.4
559538.2
559523.5
559464.9
559391.6
559377.0
559318.4
559289.1
559230.5
559186.5
559127.9
559069.3
559040.0
558981.4
558952.1
558893.5
558878.8
558805.5
558746.9
558732.3
558659.0
558644.4
558571.1
558497.8
558453.9
558439.2
558366.0
558336.7
558292.7
558219.4
558204.8
558131.5
558116.9
558058.3
558014.3
557970.3
557897.1
557867.8
557809.2
557779.9
557721.3
557677.3
557633.3
557574.7
557545.4
557486.8
557472.2
557398.9
557340.3
557311.0
557237.7
557223.1
557164.5
557135.1
557076.5
557032.6
556988.6
556930.0
556900.7
556842.1
556812.8
556754.2
556695.6
556651.6
556593.0
556578.3
556505.1
556461.1
556446.5
556373.2
556343.9
556300.0
556226.7
556168.1
556153.4
556065.5
556050.9
555992.2
555962.9
555904.3
555845.7
555816.4
555757.8
555728.5
555669.9
555640.6
555582.0
555523.4
555494.1
555420.8
555391.5
555332.9
555288.9
555245.0
555201.0
555171.7
555098.4
555083.8
555039.8
554966.6
554937.3
554893.3
554849.3
554790.7
554746.8
554702.8
554644.2
554600.3
554556.3
554512.3
554468.4
554409.8
554380.5
554321.9
554307.2
554233.9
554219.3
554146.0
554072.8
554058.1
553999.5
553970.2
553911.6
553882.3
553823.7
553765.1
553735.7
553677.1
553647.8
553589.2
553559.9
553486.7
553428.0
553413.4
553340.1
553325.5
553266.9
553208.3
553179.0
553135.0
553091.0
553047.1
553003.1
552929.9
552885.9
552841.9
552798.0
552754.0
552710.1
552666.1
552607.5
552563.5
552519.6
552475.6
552446.3
552387.7
552314.4
552299.8
552226.5
552211.9
552153.3
552109.3
552065.4
552006.7
551977.4
551918.8
551889.5
551830.9
551801.6
551743.0
551669.7
551640.4
551581.8
551567.2
551493.9
551435.3
551420.6
551347.4
551332.7
551274.1
551244.8
551186.2
551142.2
551098.3
551025.0
550995.7
550937.1
550907.8
550849.2
550805.2
550761.3
550702.7
550688.0
550658.7
550600.1
550556.1
550512.2
550438.9
550409.6
550351.0
550321.7
550263.1
550219.1
550175.2
550116.6
550087.3
550028.6
549984.7
549940.7
549896.8
549867.5
549794.2
549764.9
549720.9
549647.7
549633.0
549574.4
549530.5
549486.5
549442.5
549398.6
549340.0
549310.7
549252.1
549208.1
549149.5
549090.9
549061.6
549003.0
548988.3
548915.0
548900.4
548841.8
548768.5
548753.9
548695.3
548666.0
548607.3
548563.4
548504.8
548446.2
548416.9
548402.2
548328.9
548314.3
548255.7
548182.4
548167.8
548109.2
548079.9
548021.2
547991.9
547918.7
547860.1
547830.8
547772.1
547742.8
547684.2
547654.9
547596.3
547537.7
547508.4
547449.8
547435.1
547361.9
547303.3
547274.0
547200.7
547186.0
547142.1
547098.1
547039.5
546995.6
546951.6
546922.3
546863.7
546849.0
546775.8
546717.2
546687.9
546614.6
546599.9
546541.3
546512.0
546453.4
546409.5
546365.5
546321.5
546277.6
546219.0
546189.7
546131.1
546087.1
546028.5
545984.5
545955.2
545896.6
545838.0
545823.4
545750.1
545735.4
545691.5
545632.9
545603.6
545545.0
545501.0
545457.0
545398.4
545369.1
545310.5
545251.9
545237.3
545164.0
545149.3
545076.1
545046.8
545002.8
544929.5
544914.9
544856.3
544812.3
544753.7
544709.8
544665.8
544621.8
544577.9
544548.6
544490.0
544460.7
544416.7
544343.4
544328.8
544270.2
544226.2
544167.6
544123.7
544079.7
544021.1
543991.8
543933.2
543903.9
543845.3
543786.6
543757.3
543698.7
543684.1
543640.1
543596.2
543537.6
543493.6
543435.0
543405.7
543347.1
543303.1
543259.2
543200.5
543171.2
543112.6
543098.0
543024.7
543010.1
542951.4
542863.5
542848.9
542804.9
542761.0
542717.0
542673.0
542614.4
542585.1
542526.5
542497.2
542438.6
542424.0
542350.7
542277.4
542262.8
542189.5
542174.9
542116.3
542086.9
542043.0
541999.0
541940.4
541911.1
541852.5
541837.9
541764.6
541706.0
541676.7
541603.4
541588.8
541530.1
541500.8
541442.2
541383.6
541354.3
541310.4
541266.4
541251.7
541178.5
541119.9
541105.2
541017.3
541002.7
540944.0
540914.7
540856.1
540797.5
540768.2
540709.6
540680.3
540621.7
540592.4
540533.8
540519.1
540431.2
540416.6
540357.9
540328.6
540270.0
540211.4
540182.1
540123.5
540094.2
540035.6
540006.3
539947.7
539903.7
539859.8
539845.1
539757.2
539727.9
539683.9
539610.7
539596.0
539537.4
539508.1
539449.5
539420.2
539361.6
539317.6
539273.6
539259.0
539171.1
539141.8
539097.8
539024.6
539009.9
538951.3
538922.0
538863.4
538819.4
538775.5
538731.5
538687.5
538672.9
538599.6
538555.7
538511.7
538438.5
538423.8
538365.2
538335.9
538277.3
538233.3
538189.4
538145.4
538101.4
538072.1
538013.5
537984.2
537925.6
537852.3
537837.7
537779.1
537735.1
537691.2
537647.2
537603.3
537559.3
537515.3
537486.0
537427.4
537398.1
537324.9
537266.2
537251.6
537178.3
537149.0
537105.1
537061.1
537017.2
536973.2
536929.2
536885.3
536826.7
536812.0
536738.8
536694.8
536650.8
536592.2
536562.9
536533.6
536475.0
536445.7
536387.1
536328.5
536299.2
536240.6
536225.9
536152.6
536108.7
536079.4
536035.4
535976.8
535947.5
535888.9
535859.6
535801.0
535742.4
535713.1
535654.5
535639.8
535566.5
535551.9
535493.3
535464.0
535390.7
535361.4
535302.8
535273.5
535214.9
535156.3
535127.0
535068.4
535053.7
535024.4
534965.8
534907.2
534877.9
534819.3
534775.3
534716.7
534687.4
534628.8
534599.5
534540.9
534526.2
534452.9
534438.3
534379.7
534306.4
534291.8
534233.2
534203.9
534145.2
534101.3
534042.7
534013.4
533954.8
533940.1
533866.8
533852.2
533793.6
533720.3
533705.7
533661.7
533617.8
533573.8
533515.2
533456.6
533412.6
533368.7
533354.0
533310.0
533251.4
533222.1
533163.5
533119.6
533075.6
533031.6
532987.7
532943.7
532870.5
532826.5
532811.9
532767.9
532723.9
532665.3
532636.0
532577.4
532533.5
532489.5
532474.9
532401.6
532386.9
532328.3
532240.4
532225.8
532167.1
532137.8
532079.2
532049.9
531991.3
531962.0
531903.4
531874.1
531815.5
531800.8
531727.6
531654.3
531639.7
531610.3
531551.7
531522.4
531463.8
531405.2
531375.9
531317.3
531288.0
531258.7
531214.7
531170.8
531126.8
531068.2
531024.2
530965.6
530936.3
530907.0
530833.8
530789.8
530775.2
530701.9
530672.6
530628.6
530584.7
530540.7
530496.8
530452.8
530394.2
530335.6
530320.9
530247.7
530203.7
530174.4
530145.1
530086.5
530057.2
529998.6
529969.3
529910.6
529852.0
529822.7
529793.4
529734.8
529705.5
529646.9
529588.3
529559.0
529500.4
529471.1
529427.1
529383.2
529324.5
529295.2
529236.6
529222.0
529134.1
529119.4
529075.5
529031.5
528972.9
528928.9
528885.0
528841.0
528797.1
528738.4
528709.1
528679.8
528635.9
528591.9
528533.3
528489.3
528430.7
528386.8
528342.8
528328.2
528254.9
528240.3
528181.6
528123.0
528093.7
528064.4
528005.8
527976.5
527903.2
527844.6
527815.3
527756.7
527742.1
527712.8
527654.2
527624.8
527566.2
527507.6
527478.3
527419.7
527390.4
527375.8
527317.1
527229.2
527214.6
527156.0
527126.7
527068.0
527038.7
526980.1
526936.2
526892.2
526848.3
526804.3
526775.0
526745.7
526687.1
526628.5
526584.5
526540.6
526496.6
526452.6
526408.7
526350.1
526335.4
526262.2
526247.5
526188.9
526159.6
526101.0
526071.7
525998.4
525969.1
525910.5
525895.8
525822.6
525807.9
525749.3
525720.0
525661.4
525632.1
525573.5
525514.9
525485.6
525470.9
525383.0
525353.7
525309.7
525265.8
525221.8
525177.9
525133.9
525089.9
525046.0
525016.7
524943.4
524899.5
524884.8
524840.9
524767.6
524738.3
524679.7
524650.4
524591.8
524577.1
524503.8
524489.2
524430.6
524401.3
524342.7
524313.4
524254.8
524225.4
524152.2
524108.2
524064.3
524005.7
523976.4
523947.0
523903.1
523859.1
523815.2
523771.2
523727.3
523683.3
523639.3
523610.0
523522.1
523507.5
523478.2
523419.6
523360.9
523331.6
523273.0
523243.7
523185.1
523170.5
523097.2
523082.5
523023.9
522994.6
522936.0
522892.1
522833.5
522804.1
522745.5
522730.9
522657.6
522643.0
522599.0
522555.1
522496.4
522452.5
522408.5
522364.6
522349.9
522276.7
522218.0
522188.7
522144.8
522100.8
522071.5
522012.9
521954.3
521925.0
521866.4
521851.7
521822.4
521763.8
521734.5
521661.2
521602.6
521573.3
521529.4
521485.4
521470.8
521397.5
521338.9
521324.2
521280.3
521236.3
521192.4
521148.4
521089.8
521031.2
521016.5
520943.3
520928.6
520870.0
520840.7
520782.1
520752.8
520694.2
520664.9
520606.3
520591.6
520518.3
520503.7
520445.1
520401.1
520342.5
520313.2
520283.9
520225.3
520166.7
520152.0
520078.8
520064.1
520020.2
519976.2
519917.6
519873.6
519829.7
519771.1
519756.4
519697.8
519668.5
519609.9
519565.9
519522.0
519492.7
519434.1
519419.4
519346.1
519287.5
519272.9
519243.6
519185.0
519141.0
519082.4
519038.4
518994.5
518950.5
518906.6
518877.3
518818.6
518789.3
518760.0
518701.4
518657.5
518613.5
518569.6
518510.9
518496.3
518437.7
518364.4
518349.8
518320.5
518261.8
518232.5
518173.9
518115.3
518086.0
518071.4
518012.8
517968.8
517910.2
517866.2
517822.3
517778.3
517734.4
517705.0
517631.8
517617.1
517587.8
517529.2
517470.6
517441.3
517382.7
517353.4
517338.7
517265.5
517192.2
517177.6
517148.2
517089.6
517045.7
517001.7
516943.1
516913.8
516884.5
516840.5
516796.6
516752.6
516708.7
516650.1
516606.1
516547.5
516518.2
516459.6
516444.9
516415.6
516357.0
516298.4
516269.1
516239.8
516181.2
516166.5
516093.3
516020.0
516005.3
515961.4
515917.4
515873.5
515829.5
515770.9
515741.6
515712.3
515639.0
515624.4
515580.4
515536.5
515477.9
515448.6
515375.3
515346.0
515331.3
515272.7
515243.4
515184.8
515126.2
515096.9
515052.9
515009.0
514994.3
514921.1
514891.8
514847.8
514803.8
514745.2
514701.3
514686.6
514613.4
514554.7
514540.1
514466.8
514452.2
514422.9
514364.3
514305.6
514276.3
514261.7
514188.4
514159.1
514100.5
514056.6
514012.6
513968.6
513924.7
513880.7
513866.1
513792.8
513778.2
513719.5
513646.3
513631.6
513602.3
513529.1
513499.8
513441.1
513426.5
513353.2
513338.6
513280.0
513250.7
513206.7
513148.1
513104.1
513060.2
513016.2
512986.9
512957.6
512884.3
512855.0
512796.4
512767.1
512708.5
512693.9
512620.6
512605.9
512562.0
512518.0
512459.4
512430.1
512400.8
512342.2
512312.9
512254.3
512210.3
512166.4
512122.4
512078.5
512034.5
512019.8
511961.2
511888.0
511873.3
511814.7
511785.4
511756.1
511697.5
511624.2
511594.9
511580.3
511521.7
511477.7
511433.7
511389.8
511345.8
511301.9
511257.9
511214.0
511199.3
511140.7
511111.4
511052.8
511008.8
510950.2
510920.9
510862.3
510847.6
510803.7
510759.7
510701.1
510671.8
510627.9
510569.2
510554.6
510481.3
510466.7
510393.4
510364.1
510305.5
510276.2
510261.5
510188.3
510129.7
510115.0
510071.1
510027.1
509983.1
509939.2
509880.6
509851.3
509822.0
509734.0
509719.4
509690.1
509631.5
509572.9
509543.6
509484.9
509455.6
509441.0
509382.4
509353.1
509294.5
509265.2
509206.6
509147.9
509133.3
509089.3
509045.4
508986.8
508942.8
508898.8
508869.5
508810.9
508796.3
508767.0
508708.4
508635.1
508620.4
508576.5
508517.9
508473.9
508430.0
508400.7
508342.0
508312.7
508268.8
508224.8
508195.5
508136.9
508078.3
508049.0
508034.3
507975.7
507946.4
507873.2
507843.9
507785.2
507741.3
507697.3
507682.7
507638.7
507580.1
507550.8
507492.2
507462.9
507404.3
507389.6
507316.4
507301.7
507257.8
507199.1
507140.5
507111.2
507096.6
507023.3
506994.0
506964.7
506906.1
506862.1
506818.2
506803.5
506730.3
506715.6
506642.3
506613.0
506554.4
506525.1
506466.5
506437.2
506407.9
506363.9
506290.7
506276.0
506232.1
506173.5
506144.2
506085.6
506056.2
505983.0
505968.3
505895.1
505880.4
505851.1
505792.5
505733.9
505704.6
505689.9
505616.7
505587.4
505558.1
505499.4
505455.5
505396.9
505382.2
505309.0
505294.3
505235.7
505206.4
505147.8
505118.5
505059.9
505030.6
505001.3
504957.3
504913.3
504869.4
504825.4
504766.8
504722.9
504708.2
504649.6
504620.3
504561.7
504532.4
504473.8
504444.5
504415.2
504371.2
504327.2
504283.3
504239.3
504195.4
504136.8
504078.1
504063.5
504034.2
503975.6
503917.0
503887.7
503858.4
503799.7
503785.1
503741.1
503697.2
503638.6
503594.6
503565.3
503492.0
503462.7
503404.1
503389.5
503316.2
503301.6
503242.9
503213.6
503169.7
503125.7
503096.4
503037.8
503008.5
502964.5
502920.6
502876.6
502818.0
502774.1
502730.1
502715.5
502656.8
502627.5
502583.6
502539.6
502481.0
502451.7
502422.4
502378.4
502334.5
502305.2
502231.9
502173.3
502144.0
502129.4
502070.7
502041.4
501982.8
501953.5
501894.9
501851.0
501836.3
501792.3
501748.4
501689.8
501645.8
501587.2
501557.9
501499.3
501484.6
501455.3
501396.7
501367.4
501308.8
501264.9
501220.9
501206.2
501162.3
501103.7
501074.4
501001.1
500971.8
500913.2
500883.9
500869.2
500810.6
500781.3
500722.7
500678.7
500634.8
500590.8
500576.2
500517.6
500488.3
500429.7
500385.7
500327.1
500297.8
500283.1
500224.5
500180.6
500136.6
500092.6
500048.7
500004.7
499990.1
499931.5
499902.2
499843.5
499814.2
499741.0
499711.7
499653.1
499638.4
499594.5
499550.5
499506.5
499462.6
499418.6
499374.7
499345.4
499316.1
499257.4
499228.1
499169.5
499125.6
499067.0
499052.3
499008.4
498964.4
498920.4
498876.5
498832.5
498773.9
498759.3
498730.0
498671.3
498642.0
498583.4
498554.1
498480.9
498466.2
498422.2
498378.3
498334.3
498290.4
498246.4
498187.8
498158.5
498143.9
498085.2
498055.9
497997.3
497968.0
497909.4
497850.8
497836.1
497792.2
497748.2
497689.6
497660.3
497601.7
497572.4
497557.7
497499.1
497469.8
497411.2
497381.9
497323.3
497264.7
497250.0
497206.1
497162.1
497103.5
497074.2
497059.6
496986.3
496971.6
496913.0
496883.7
496825.1
496781.2
496766.5
496693.2
496678.6
496605.3
496576.0
496517.4
496488.1
496473.5
496400.2
496385.5
496341.6
496297.6
496239.0
496195.1
496180.4
496107.1
496092.5
496063.2
495989.9
495931.3
495902.0
495887.4
495814.1
495799.4
495755.5
495696.9
495652.9
495609.0
495579.6
495521.0
495506.4
495477.1
495418.5
495345.2
495315.9
495271.9
495228.0
495198.7
495169.4
495110.8
495081.5
495022.9
494993.5
494934.9
494920.3
494891.0
494832.4
494788.4
494729.8
494685.8
494671.2
494612.6
494583.3
494524.7
494495.4
494436.7
494407.4
494392.8
494334.2
494290.2
494246.3
494202.3
494158.3
494099.7
494085.1
494026.5
493997.2
493938.6
493909.3
493850.6
493821.3
493806.7
493748.1
493704.1
493660.2
493616.2
493601.5
493513.6
493499.0
493469.7
493411.1
493352.5
493323.2
493308.5
493235.2
493205.9
493176.6
493118.0
493074.1
493030.1
493000.8
492942.2
492927.5
492883.6
492825.0
492781.0
492737.0
492693.1
492678.4
492619.8
492590.5
492561.2
492502.6
492444.0
492414.7
492400.0
492341.4
492297.5
492253.5
492194.9
492150.9
492107.0
492092.3
492033.7
492004.4
491960.5
491916.5
491901.9
491828.6
491799.3
491770.0
491711.4
491682.1
491667.4
491594.1
491520.9
491506.2
491476.9
491418.3
491374.4
491359.7
491315.7
491242.5
491213.2
491183.9
491125.3
491096.0
491081.3
491008.0
490978.7
490920.1
490876.2
490861.5
490788.3
490773.6
490744.3
490685.7
490627.1
490597.8
490583.1
490509.9
490495.2
490451.2
490407.3
490348.7
490290.1
490260.8
490246.1
490187.5
490158.2
490099.6
490070.3
490011.7
489967.7
489953.1
489909.1
489865.1
489821.2
489777.2
489747.9
489674.7
489660.0
489616.0
489572.1
489513.5
489484.2
489454.9
489381.6
489367.0
489337.6
489279.0
489249.7
489191.1
489176.5
489117.9
489073.9
489029.9
489015.3
488942.0
488883.4
488868.8
488839.5
488780.9
488751.5
488722.2
488663.6
488634.3
488590.4
488546.4
488502.5
488443.8
488429.2
488399.9
488341.3
488282.7
488253.4
488209.4
488165.4
488136.1
488106.8
488048.2
488018.9
487960.3
487931.0
487916.3
487828.4
487799.1
487755.2
487711.2
487667.3
487623.3
487608.6
487535.4
487520.7
487462.1
487432.8
487388.9
487344.9
487315.6
487286.3
487213.0
487169.1
487125.1
487095.8
487081.2
487022.5
486993.2
486949.3
486890.7
486846.7
486802.8
486788.1
486729.5
486700.2
486670.9
486597.6
486583.0
486509.7
486495.0
486451.1
486392.5
486363.2
486348.5
486289.9
486216.6
486202.0
486172.7
486143.4
486084.8
486055.5
485996.9
485952.9
485908.9
485865.0
485850.3
485777.1
485762.4
485703.8
485674.5
485630.5
485586.6
485557.3
485528.0
485469.4
485440.1
485366.8
485337.5
485308.2
485249.6
485220.3
485191.0
485132.4
485088.4
485044.4
485029.8
484956.5
484941.9
484897.9
484854.0
484810.0
484751.4
484722.1
484692.8
484634.2
484604.9
484590.2
484516.9
484502.3
484443.7
484399.7
484370.4
484311.8
484297.2
484267.9
484209.2
484179.9
484106.7
484062.7
484048.1
484004.1
483960.2
483916.2
483872.2
483813.6
483784.3
483769.7
483725.7
483681.8
483623.1
483593.8
483564.5
483476.6
483462.0
483432.7
483374.0
483344.7
483286.1
483271.5
483227.5
483183.6
483139.6
483125.0
483051.7
483037.0
482978.4
482949.1
482905.2
482846.6
482817.2
482787.9
482729.3
482700.0
482641.4
482612.1
482597.5
482524.2
482509.5
482450.9
482407.0
482377.7
482319.1
482304.4
482275.1
482201.8
482172.5
482113.9
482070.0
482055.3
482011.4
481967.4
481938.1
481879.5
481820.9
481791.6
481776.9
481733.0
481689.0
481645.0
481615.7
481557.1
481483.9
481469.2
481439.9
481425.3
481352.0
481322.7
481278.7
481234.8
481190.8
481146.9
481132.2
481102.9
481044.3
480971.0
480941.7
480897.8
480853.8
480824.5
480795.2
480765.9
480707.3
480648.7
480619.4
480604.7
480546.1
480516.8
480472.8
480458.2
480399.6
480311.7
480297.0
480267.7
480238.4
480179.8
480150.5
480077.2
480062.6
480018.6
479974.6
479945.3
479916.0
479872.1
479798.8
479784.2
479725.6
479710.9
479637.6
479623.0
479579.0
479535.1
479476.5
479447.2
479417.8
479388.5
479329.9
479300.6
479286.0
479212.7
479198.1
479124.8
479095.5
479051.5
478992.9
478978.3
478949.0
478890.4
478861.1
478802.4
478773.1
478743.8
478699.9
478655.9
478612.0
478568.0
478553.3
478465.4
478450.8
478406.8
478362.9
478318.9
478274.9
478245.6
478216.3
478157.7
478128.4
478113.8
478040.5
478025.9
477967.2
477923.3
477894.0
477820.7
477806.1
477776.8
477718.2
477688.8
477630.2
477586.3
477571.6
477542.3
477483.7
477425.1
477395.8
477366.5
477337.2
477293.2
477234.6
477205.3
477146.7
477102.7
477058.8
477044.1
477000.2
476956.2
476912.3
476897.6
476839.0
476809.7
476751.1
476721.8
476707.1
476619.2
476604.6
476545.9
476502.0
476472.7
476414.1
476399.4
476370.1
476311.5
476282.2
476223.6
476179.6
476165.0
476121.0
476077.1
476047.8
476033.1
475959.8
475886.6
475871.9
475828.0
475813.3
475740.1
475725.4
475666.8
475637.5
475593.5
475549.6
475534.9
475491.0
475432.3
475403.0
475329.8
475300.5
475285.8
475227.2
475197.9
475153.9
475139.3
475080.7
475007.4
474992.8
474963.5
474919.5
474875.5
474846.2
474787.6
474743.7
474714.4
474655.8
474626.5
474611.8
474553.2
474509.2
474465.3
474421.3
474406.7
474333.4
474318.8
474289.4
474260.1
474186.9
474142.9
474113.6
474069.7
474040.4
473981.7
473967.1
473893.8
473879.2
473835.2
473791.3
473747.3
473732.6
473674.0
473644.7
473586.1
473556.8
473542.2
473454.2
473424.9
473395.6
473381.0
473307.7
473293.1
473234.5
473205.2
473161.2
473102.6
473087.9
473058.6
473000.0
472970.7
472912.1
472868.1
472838.8
472809.5
472750.9
472707.0
472663.0
472648.4
472619.1
472560.4
472516.5
472501.8
472428.6
472413.9
472355.3
472326.0
472296.7
472223.4
472179.5
472164.8
472120.9
472076.9
472047.6
471989.0
471974.3
471930.4
471886.4
471842.5
471798.5
471754.5
471739.9
471681.3
471652.0
471593.4
471578.7
471520.1
471490.8
471432.2
471402.9
471388.2
471315.0
471300.3
471241.7
471212.4
471168.4
471109.8
471095.2
471065.9
471021.9
470963.3
470934.0
470875.4
470846.1
470816.8
470758.2
470728.9
470714.2
470655.6
470626.3
470567.7
470523.7
470509.1
470479.8
470421.2
470391.9
470318.6
470289.3
470260.0
470216.0
470172.1
470142.8
470128.1
470069.5
469996.2
469981.6
469937.6
469923.0
469849.7
469835.1
469776.5
469732.5
469688.5
469644.6
469600.6
469586.0
469556.7
469498.1
469468.7
469410.1
469395.5
469351.5
469307.6
469263.6
469249.0
469175.7
469161.0
469087.8
469058.5
469014.5
468999.9
468941.3
468911.9
468853.3
468824.0
468809.4
468736.1
468721.5
468677.5
468662.9
468589.6
468574.9
468516.3
468472.4
468428.4
468384.5
468355.1
468281.9
468267.2
468237.9
468223.3
468150.0
468135.4
468091.4
468032.8
468003.5
467944.9
467930.2
467900.9
467842.3
467798.4
467769.0
467739.7
467681.1
467651.8
467593.2
467563.9
467549.3
467505.3
467446.7
467417.4
467358.8
467344.1
467314.8
467256.2
467212.2
467182.9
467153.6
467095.0
467065.7
467007.1
466977.8
466948.5
466889.9
466860.6
466816.6
466772.7
466743.4
466728.7
466670.1
466611.5
466582.2
466523.6
466508.9
466435.7
466421.0
466391.7
466362.4
466303.8
466274.5
466230.5
466186.6
466157.3
466098.7
466084.0
466040.0
466010.7
465937.5
465922.8
465849.6
465834.9
465805.6
465776.3
465703.0
465688.4
465644.4
465600.5
465571.2
465512.5
465497.9
465453.9
465424.6
465351.4
465336.7
465263.5
465248.8
465204.8
465160.9
465116.9
465102.3
465043.7
465014.4
464985.1
464926.4
464911.8
464867.8
464838.5
464779.9
464721.3
464677.4
464662.7
464618.7
464574.8
464530.8
464516.2
464442.9
464428.3
464399.0
464340.3
464296.4
464281.7
464237.8
464193.8
464135.2
464091.2
464076.6
464032.6
463988.7
463944.7
463930.1
463856.8
463842.2
463812.8
463754.2
463710.3
463695.6
463651.7
463607.7
463549.1
463519.8
463505.1
463446.5
463402.6
463358.6
463344.0
463270.7
463256.1
463212.1
463168.1
463124.2
463109.5
463050.9
463021.6
462963.0
462933.7
462919.0
462860.4
462816.5
462772.5
462757.9
462684.6
462669.9
462626.0
462582.0
462538.1
462523.4
462494.1
462435.5
462376.9
462347.6
462332.9
462289.0
462230.4
462186.4
462171.8
462127.8
462083.8
462039.9
461995.9
461952.0
461937.3
461908.0
461849.4
461805.4
461761.5
461717.5
461702.9
461673.6
461600.3
461571.0
461541.7
461497.7
461453.8
461409.8
461365.9
461351.2
461321.9
461263.3
461219.3
461175.4
461131.4
461116.8
461087.5
461028.9
460984.9
460955.6
460911.6
460867.7
460838.4
460779.8
460765.1
460721.2
460691.8
460633.2
460589.3
460545.3
460530.7
460501.4
460442.8
460398.8
460384.1
460325.5
460281.6
460252.3
460193.7
460179.0
460135.1
460105.7
460047.1
460032.5
459959.2
459944.6
459915.3
459886.0
459812.7
459798.0
459754.1
459695.5
459666.2
459651.5
459592.9
459548.9
459519.6
459505.0
459446.4
459417.1
459358.5
459329.2
459285.2
459226.6
459211.9
459138.7
459124.0
459080.1
459050.8
458992.1
458962.8
458933.5
458918.9
458845.6
458831.0
458772.4
458728.4
458699.1
458684.4
458625.8
458596.5
458537.9
458508.6
458464.7
458435.4
458376.7
458347.4
458332.8
458259.5
458244.9
458200.9
458142.3
458113.0
458098.3
458054.4
458010.4
457966.5
457922.5
457893.2
457849.2
457805.3
457761.3
457746.7
457673.4
457644.1
457614.8
457600.2
457526.9
457512.2
457468.3
457453.6
457380.4
457365.7
457307.1
457277.8
457219.2
457204.5
457145.9
457116.6
457058.0
457028.7
457014.1
456970.1
456926.1
456882.2
456867.5
456794.3
456779.6
456735.7
456691.7
456647.7
456633.1
456589.1
456530.5
456501.2
456442.6
456413.3
456384.0
456354.7
456296.1
456266.8
456252.1
456193.5
456149.5
456120.2
456061.6
456047.0
456017.7
455959.1
455915.1
455885.8
455812.5
455797.9
455768.6
455753.9
455680.7
455651.4
455607.4
455563.4
455534.1
455519.5
455460.9
455431.6
455387.6
455373.0
455299.7
455270.4
455226.4
455182.5
455167.8
455123.9
455094.6
455036.0
455021.3
454948.0
454933.4
454889.4
454874.8
454801.5
454786.9
454713.6
454684.3
454640.3
454625.7
454567.1
454537.8
454508.5
454479.2
454435.2
454391.2
454347.3
454303.3
454288.7
454244.7
454200.8
454156.8
454098.2
454054.2
454039.6
454010.3
453951.7
453907.7
453893.1
453819.8
453805.1
453775.8
453761.2
453687.9
453658.6
453629.3
453614.7
453541.4
453526.7
453453.5
453424.2
453380.2
453365.6
453306.9
453277.6
453219.0
453189.7
453160.4
453131.1
453072.5
453043.2
453028.5
452955.3
452940.6
452896.7
452882.0
452794.1
452779.5
452735.5
452720.8
452647.6
452632.9
452574.3
452545.0
452515.7
452486.4
452442.4
452398.5
452354.5
452310.6
452295.9
452252.0
452208.0
452149.4
452134.7
452061.5
452046.8
452017.5
451988.2
451929.6
451900.3
451871.0
451856.3
451783.1
451768.4
451709.8
451665.9
451636.6
451621.9
451548.6
451519.3
451475.4
451431.4
451387.5
451372.8
451328.8
451284.9
451240.9
451197.0
451167.7
451138.4
451109.1
451050.4
451035.8
450991.8
450947.9
450933.2
450874.6
450830.7
450786.7
450742.7
450728.1
450698.8
450640.2
450610.9
450552.3
450523.0
450493.7
450464.3
450405.7
450376.4
450347.1
450288.5
450244.6
450215.3
450200.6
450142.0
450112.7
450068.7
450054.1
449995.5
449966.2
449907.5
449878.2
449863.6
449819.6
449790.3
449717.1
449702.4
449629.1
449614.5
449570.5
449555.9
449482.6
449468.0
449409.4
449380.1
449336.1
449321.4
449292.1
449233.5
449204.2
449174.9
449131.0
449072.4
449043.0
448984.4
448969.8
448940.5
448896.5
448881.9
448808.6
448794.0
448735.3
448706.0
448662.1
448647.4
448588.8
448559.5
448530.2
448456.9
448442.3
448398.3
448369.0
448310.4
448295.8
448222.5
448207.8
448163.9
448149.2
448119.9
448061.3
448032.0
448002.7
447929.4
447914.8
447885.5
447812.2
447782.9
447753.6
447724.3
447709.7
447636.4
447621.7
447563.1
447533.8
447489.9
447475.2
447416.6
447387.3
447343.3
447299.4
447284.7
447240.8
447196.8
447138.2
447123.6
447050.3
447035.6
446991.7
446977.0
446947.7
446889.1
446845.2
446830.5
446757.2
446742.6
446713.3
446654.7
446625.4
446581.4
446552.1
446537.5
446464.2
446449.5
446390.9
446347.0
446317.7
446303.0
446259.1
446215.1
446171.1
446127.2
446083.2
446068.6
446024.6
446010.0
445922.0
445907.4
445863.4
445819.5
445790.2
445760.9
445716.9
445673.0
445643.6
445585.0
445570.4
445541.1
445497.1
445438.5
445423.9
445394.6
445335.9
445321.3
445277.3
445233.4
445174.8
445145.5
445130.8
445086.8
445057.5
444998.9
444984.3
444911.0
444896.4
444852.4
444837.8
444764.5
444749.8
444705.9
444647.3
444618.0
444588.7
444559.4
444500.7
444471.4
444456.8
444398.2
444354.2
444324.9
444310.3
444251.7
444222.3
444178.4
444163.7
444090.5
444061.2
444031.9
443973.3
443958.6
443914.6
443885.3
443870.7
443812.1
443768.1
443724.2
443680.2
443650.9
443636.2
443592.3
443548.3
443504.4
443431.1
443416.5
443387.1
443343.2
443328.5
443269.9
443240.6
443182.0
443152.7
443138.1
443094.1
443064.8
443006.2
442991.5
442918.3
442903.6
442859.7
442830.4
442801.0
442742.4
442713.1
442683.8
442625.2
442595.9
442566.6
442552.0
442478.7
442464.0
442420.1
442405.4
442332.2
442317.5
442273.6
442214.9
442171.0
442156.3
442127.0
442097.7
442024.5
442009.8
441965.8
441921.9
441892.6
441863.3
441834.0
441775.4
441746.1
441687.4
441672.8
441643.5
441584.9
441570.2
441511.6
441482.3
441438.4
441394.4
441379.7
441335.8
441306.5
441247.9
441233.2
441189.3
441145.3
441101.3
441072.0
441057.4
441013.4
440940.2
440910.9
440852.3
440837.6
440808.3
440764.3
440749.7
440691.1
440661.8
440632.5
440573.9
440559.2
440515.2
440485.9
440427.3
440412.7
440368.7
440324.8
440266.1
440251.5
440222.2
440163.6
440134.3
440105.0
440075.7
440031.7
439987.7
439973.1
439929.1
439870.5
439841.2
439826.6
439782.6
439753.3
439680.0
439665.4
439592.1
439577.5
439533.5
439518.9
439489.6
439431.0
439401.6
439343.0
439313.7
439284.4
439255.1
439240.5
439167.2
439152.6
439108.6
439050.0
439006.0
438991.4
438947.4
438932.8
438859.5
438844.8
438786.2
438756.9
438727.6
438698.3
438669.0
438610.4
438581.1
438566.4
438493.2
438449.2
438419.9
438405.3
438361.3
438317.4
438273.4
438258.7
438185.5
438170.8
438126.9
438112.2
438039.0
438024.3
437995.0
437980.3
437907.1
437877.8
437833.8
437819.2
437745.9
437731.3
437687.3
437672.6
437599.4
437584.7
437555.4
437496.8
437452.9
437438.2
437408.9
437394.2
437321.0
437291.7
437262.4
437189.1
437159.8
437145.1
437101.2
437086.5
437013.3
436998.6
436940.0
436910.7
436866.7
436852.1
436822.8
436764.2
436734.9
436705.6
436661.6
436617.7
436573.7
436559.0
436515.1
436456.5
436427.2
436412.5
436353.9
436324.6
436280.6
436266.0
436236.7
436178.1
436148.8
436090.2
436075.5
436031.6
436002.2
435987.6
435899.7
435870.4
435841.1
435782.5
435753.2
435738.5
435694.5
435679.9
435606.6
435592.0
435548.0
435504.1
435460.1
435445.4
435416.1
435386.8
435313.6
435284.3
435255.0
435196.4
435167.1
435152.4
435108.4
435093.8
435020.5
435005.9
434947.3
434918.0
434874.0
434859.3
434830.0
434800.7
434742.1
434698.2
434654.2
434610.3
434580.9
434566.3
434522.3
434463.7
434434.4
434419.8
434361.2
434331.9
434287.9
434273.2
434243.9
434185.3
434141.4
434126.7
434068.1
434024.1
433994.8
433980.2
433936.2
433877.6
433848.3
433833.7
433775.1
433745.7
433701.8
433687.1
433657.8
433599.2
433555.3
433540.6
433496.7
433438.0
433408.7
433379.4
433350.1
433291.5
433262.2
433247.6
433174.3
433159.6
433115.7
433101.0
433057.1
433013.1
432969.2
432954.5
432881.2
432866.6
432822.6
432793.3
432764.0
432705.4
432676.1
432661.5
432588.2
432573.5
432529.6
432514.9
432471.0
432427.0
432383.1
432368.4
432295.1
432280.5
432251.2
432207.2
432177.9
432119.3
432090.0
432075.4
432002.1
431972.8
431943.5
431928.8
431884.9
431840.9
431797.0
431782.3
431709.0
431694.4
431650.4
431635.8
431606.5
431547.9
431503.9
431489.3
431416.0
431386.7
431357.4
431342.7
431298.8
431269.5
431210.9
431196.2
431166.9
431108.3
431064.3
431049.7
431020.4
430976.4
430917.8
430888.5
430859.2
430800.6
430771.3
430756.6
430712.7
430683.4
430624.7
430595.4
430566.1
430522.2
430478.2
430448.9
430434.3
430390.3
430375.7
430287.7
430273.1
430243.8
430185.2
430141.2
430126.6
430097.3
430082.6
430009.3
429980.0
429950.7
429892.1
429862.8
429848.2
429804.2
429789.6
429701.6
429687.0
429657.7
429599.1
429555.1
429540.5
429511.2
429496.5
429452.5
429393.9
429364.6
429350.0
429276.7
429262.1
429218.1
429203.4
429174.1
429115.5
429056.9
429042.3
428969.0
428954.4
428925.1
428895.7
428866.4
428837.1
428778.5
428763.9
428719.9
428676.0
428632.0
428617.3
428573.4
428544.1
428485.5
428470.8
428426.9
428368.3
428338.9
428309.6
428280.3
428251.0
428221.7
428177.8
428133.8
428104.5
428045.9
428016.6
427987.3
427958.0
427943.3
427870.1
427855.4
427796.8
427782.1
427708.9
427694.2
427650.3
427635.6
427562.4
427547.7
427518.4
427489.1
427430.5
427401.2
427371.9
427357.2
427284.0
427269.3
427225.4
427196.0
427152.1
427108.1
427064.2
427049.5
426976.3
426961.6
426932.3
426903.0
426873.7
426844.4
426785.8
426771.1
426727.2
426683.2
426639.2
426624.6
426566.0
426536.7
426478.1
426463.4
426434.1
426375.5
426346.2
426316.9
426287.6
426258.3
426229.0
426185.0
426141.1
426111.8
426053.1
426038.5
425994.5
425950.6
425935.9
425892.0
425848.0
425804.1
425789.4
425730.8
425701.5
425657.5
425642.9
425613.6
425598.9
425525.7
425496.3
425467.0
425408.4
425379.1
425364.5
425305.9
425276.6
425217.9
425203.3
425159.3
425130.0
425071.4
425056.8
425027.5
424983.5
424939.5
424910.2
424880.9
424851.6
424822.3
424778.4
424734.4
424690.5
424631.8
424617.2
424573.2
424543.9
424529.3
424485.3
424441.4
424397.4
424382.7
424324.1
424294.8
424250.9
424236.2
424206.9
424192.3
424119.0
424075.0
424045.7
423987.1
423957.8
423943.2
423899.2
423884.6
423855.3
423811.3
423752.7
423738.0
423708.7
423650.1
423620.8
423606.2
423562.2
423532.9
423474.3
423445.0
423401.0
423371.7
423313.1
423298.5
423269.2
423225.2
423166.6
423151.9
423122.6
423078.7
423064.0
423005.4
422976.1
422946.8
422888.2
422858.9
422814.9
422785.6
422771.0
422727.0
422697.7
422639.1
422624.4
422580.5
422536.5
422492.6
422477.9
422448.6
422404.7
422390.0
422331.4
422302.1
422258.1
422199.5
422184.9
422140.9
422111.6
422082.3
422053.0
421994.4
421965.1
421950.4
421906.5
421862.5
421818.5
421803.9
421774.6
421745.3
421672.0
421657.4
421628.1
421613.4
421525.5
421496.2
421466.9
421452.2
421379.0
421364.3
421320.4
421305.7
421276.4
421232.4
421173.8
421159.2
421129.9
421071.3
421042.0
421012.7
420983.4
420939.4
420910.1
420866.1
420822.2
420792.9
420778.2
420719.6
420675.6
420646.3
420631.7
420587.7
420573.1
420499.8
420485.2
420455.9
420397.2
420367.9
420338.6
420294.7
420250.7
420206.8
420192.1
420148.2
420118.8
420089.5
420045.6
420001.6
419972.3
419913.7
419899.1
419869.8
419825.8
419811.1
419767.2
419752.5
419664.6
419650.0
419620.7
419562.0
419532.7
419503.4
419474.1
419459.5
419415.5
419386.2
419327.6
419313.0
419269.0
419225.0
419181.1
419166.4
419137.1
419093.2
419034.6
419005.3
418975.9
418946.6
418917.3
418873.4
418829.4
418800.1
418741.5
418726.9
418682.9
418653.6
418638.9
418595.0
418580.3
418507.1
418492.4
418463.1
418389.8
418360.5
418331.2
418301.9
418287.3
418243.3
418214.0
418155.4
418140.7
418096.8
418052.8
418008.9
417994.2
417964.9
417921.0
417877.0
417847.7
417803.7
417759.8
417745.1
417715.8
417657.2
417627.9
417598.6
417540.0
417510.7
417481.4
417466.7
417422.8
417393.5
417378.8
417320.2
417276.2
417246.9
417173.7
417159.0
417129.7
417085.8
417071.1
417041.8
416983.2
416953.9
416924.6
416895.3
416880.6
416807.4
416792.7
416748.8
416734.1
416660.8
416646.2
416602.2
416587.6
416543.6
416499.7
416455.7
416426.4
416397.1
416338.5
416309.2
416294.5
416250.6
416221.3
416192.0
416162.7
416104.0
416074.7
416060.1
416016.1
415972.2
415913.6
415898.9
415854.9
415840.3
415767.0
415752.4
415723.1
415708.4
415664.5
415605.9
415576.5
415561.9
415517.9
415474.0
415430.0
415415.4
415386.1
415342.1
415312.8
415283.5
415224.9
415180.9
415166.3
415137.0
415078.4
415049.1
415019.7
414990.4
414961.1
414902.5
414887.9
414843.9
414814.6
414800.0
414741.4
414682.7
414653.4
414638.8
414580.2
414550.9
414506.9
414492.3
414463.0
414433.6
414404.3
414345.7
414316.4
414301.8
414257.8
414199.2
414169.9
414155.2
414111.3
414067.3
414008.7
413994.1
413964.8
413920.8
413906.2
413876.8
413818.2
413774.3
413759.6
413715.7
413671.7
413642.4
413613.1
413583.8
413569.1
413525.2
413495.9
413422.6
413408.0
413378.7
413320.0
413276.1
413261.4
413232.1
413188.2
413144.2
413114.9
413085.6
413056.3
413027.0
412997.7
412939.1
412909.8
412895.1
412851.2
412777.9
412748.6
412733.9
412690.0
412675.3
412646.0
412602.1
412558.1
412528.8
412499.5
412470.2
412411.6
412367.6
412353.0
412323.7
412265.1
412235.8
412206.5
412162.5
412147.8
412103.9
412074.6
412059.9
412001.3
411972.0
411928.1
411869.4
411854.8
411825.5
411781.5
411766.9
411737.6
411679.0
411649.7
411620.4
411591.0
411561.7
411517.8
411473.8
411429.9
411415.2
411385.9
411327.3
411283.3
411268.7
411239.4
411195.4
411180.8
411151.5
411092.9
411063.6
411034.2
411004.9
410931.7
410902.4
410887.7
410843.8
410829.1
410755.8
410741.2
410697.2
410682.6
410653.3
410609.3
410594.7
410536.1
410506.8
410477.4
410448.1
410404.2
410360.2
410330.9
410301.6
410257.7
410243.0
410169.7
410155.1
410111.1
410096.5
410067.2
410008.6
409979.3
409950.0
409920.7
409862.0
409832.7
409788.8
409774.1
409744.8
409715.5
409671.6
409642.3
409583.6
409569.0
409525.0
409495.7
409437.1
409422.5
409378.5
409349.2
409290.6
409275.9
409246.6
409202.7
409188.0
409158.7
409129.4
409100.1
409026.8
408997.5
408982.9
408938.9
408895.0
408851.0
408836.4
408792.4
408763.1
408704.5
408689.8
408660.5
408616.6
408601.9
408572.6
408543.3
408470.0
408455.4
408411.4
408396.8
408323.5
408294.2
408264.9
408250.3
408206.3
408177.0
408118.4
408103.7
408074.4
408030.5
408015.8
407986.5
407957.2
407883.9
407869.3
407840.0
407810.7
407737.4
407708.1
407678.8
407664.2
407620.2
407590.9
407532.3
407517.6
407488.3
407444.4
407429.7
407400.4
407341.8
407297.8
407283.2
407253.9
407180.6
407151.3
407122.0
407092.7
407063.4
407034.1
407004.8
406946.2
406916.9
406902.2
406858.3
406843.6
406799.7
406755.7
406711.7
406697.1
406667.8
406609.2
406579.9
406535.9
406506.6
406462.6
406448.0
406418.7
406360.1
406330.8
406301.5
406272.2
406257.5
406213.5
406169.6
406125.6
406111.0
406081.7
406023.1
405993.8
405964.5
405920.5
405876.5
405861.9
405832.6
405774.0
405744.7
405715.4
405686.1
405671.4
405627.4
405583.5
405539.5
405524.9
405495.6
405451.6
405393.0
405378.3
405349.0
405290.4
405275.8
405246.5
405217.2
405158.6
405129.3
405100.0
405085.3
405041.3
405012.0
404953.4
404938.8
404894.8
404865.5
404806.9
404792.2
404762.9
404719.0
404704.3
404660.4
404616.4
404572.5
404543.2
404513.8
404469.9
404455.2
404425.9
404367.3
404338.0
404308.7
404279.4
404264.8
404191.5
404176.8
404132.9
404118.2
404088.9
404030.3
403986.4
403957.0
403927.7
403883.8
403869.1
403839.8
403825.2
403751.9
403722.6
403693.3
403678.7
403634.7
403590.7
403546.8
403532.1
403502.8
403458.9
403385.6
403370.9
403341.6
403297.7
403283.0
403253.7
403224.4
403195.1
403136.5
403107.2
403092.5
403048.6
403019.3
402960.7
402946.0
402902.1
402872.8
402858.1
402784.8
402755.5
402711.6
402696.9
402667.6
402638.3
402609.0
402579.7
402521.1
402506.4
402462.5
402433.2
402418.5
402359.9
402316.0
402286.7
402272.0
402228.0
402169.4
402125.5
402110.8
402081.5
402037.6
402022.9
401979.0
401935.0
401891.0
401876.4
401847.1
401817.8
401788.5
401759.2
401700.6
401685.9
401641.9
401612.6
401598.0
401524.7
401480.8
401451.5
401436.8
401392.8
401348.9
401304.9
401290.3
401261.0
401231.7
401202.4
401173.1
401143.8
401114.4
401055.8
401026.5
401011.9
400967.9
400953.3
400865.4
400850.7
400806.7
400792.1
400762.8
400704.2
400674.9
400645.6
400616.3
400572.3
400557.7
400528.3
400469.7
400440.4
400425.8
400381.8
400367.2
400323.2
400279.3
400264.6
400206.0
400176.7
400132.7
400118.1
400088.8
400030.2
399986.2
399971.5
399942.2
399927.6
399854.3
399825.0
399795.7
399781.1
399737.1
399707.8
399678.5
399634.5
399619.9
399546.6
399532.0
399502.7
399458.7
399444.1
399400.1
399356.1
399312.2
399297.5
399268.2
399238.9
399180.3
399151.0
399121.7
399107.0
399048.4
399019.1
398960.5
398945.9
398901.9
398872.6
398858.0
398814.0
398799.3
398770.0
398726.1
398682.1
398652.8
398623.5
398579.6
398564.9
398520.9
398477.0
398447.7
398403.7
398374.4
398315.8
398286.5
398271.8
398227.9
398213.2
398183.9
398140.0
398096.0
398066.7
398037.4
397993.4
397978.8
397949.5
397934.8
397890.9
397861.6
397788.3
397773.7
397729.7
397700.4
397685.7
397627.1
397597.8
397553.9
397539.2
397495.3
397451.3
397407.3
397392.7
397363.4
397334.1
397304.8
397275.5
397216.9
397202.2
397143.6
397114.3
397099.6
397055.7
397041.0
396997.1
396967.8
396909.2
396879.9
396865.2
396821.2
396806.6
396777.3
396718.7
396689.4
396660.1
396630.8
396586.8
396528.2
396513.5
396469.6
396440.3
396411.0
396381.7
396323.1
396293.7
396279.1
396235.1
396220.5
396191.2
396147.2
396132.6
396103.3
396044.7
396000.7
395986.0
395956.7
395942.1
395883.5
395854.2
395795.6
395780.9
395737.0
395707.6
395693.0
395649.0
395605.1
395561.1
395546.5
395502.5
395487.9
395414.6
395399.9
395370.6
395341.3
395297.4
395268.1
395238.8
395209.5
395150.8
395121.5
395106.9
395062.9
395048.3
395004.3
394975.0
394960.4
394916.4
394872.4
394828.5
394813.8
394784.5
394755.2
394725.9
394652.7
394623.4
394608.7
394564.7
394535.4
394476.8
394462.2
394418.2
394388.9
394374.3
394330.3
394286.3
394242.4
394227.7
394198.4
394154.5
394139.8
394095.9
394081.2
394037.3
393993.3
393949.3
393920.0
393890.7
393861.4
393832.1
393802.8
393788.2
393744.2
393700.2
393656.3
393641.6
393612.3
393568.4
393553.7
393495.1
393465.8
393407.2
393392.5
393363.2
393333.9
393275.3
393246.0
393216.7
393202.1
393158.1
393128.8
393070.2
393055.5
393011.6
392982.3
392967.6
392923.7
392909.0
392879.7
392835.7
392777.1
392747.8
392718.5
392689.2
392659.9
392630.6
392616.0
392572.0
392542.7
392484.1
392469.4
392425.5
392396.2
392381.5
392337.6
392293.6
392249.6
392235.0
392205.7
392161.7
392132.4
392073.8
392044.5
392029.8
391985.9
391956.6
391927.3
391883.3
391839.4
391810.1
391795.4
391751.4
391736.8
391707.5
391663.5
391619.6
391575.6
391546.3
391502.4
391487.7
391458.4
391414.4
391399.8
391370.5
391311.9
391282.6
391253.3
391224.0
391209.3
391165.3
391136.0
391121.4
391077.4
391018.8
390989.5
390974.9
390916.3
390901.6
390872.3
390813.7
390784.4
390755.1
390725.8
390681.8
390667.2
390637.9
390579.2
390549.9
390520.6
390491.3
390476.7
390432.7
390388.8
390344.8
390330.1
390286.2
390242.2
390227.6
390198.3
390139.7
390095.7
390081.1
390051.7
390037.1
389993.1
389963.8
389934.5
389905.2
389846.6
389817.3
389802.7
389758.7
389744.0
389714.7
389656.1
389641.5
389597.5
389553.6
389509.6
389495.0
389465.6
389436.3
389407.0
389377.7
389348.4
389319.1
389260.5
389231.2
389216.6
389172.6
389157.9
389128.6
389084.7
389011.4
388982.1
388967.5
388923.5
388908.8
388879.5
388835.6
388791.6
388762.3
388733.0
388689.1
388674.4
388645.1
388586.5
388557.2
388527.9
388498.6
388483.9
388440.0
388396.0
388381.4
388322.7
388293.4
388249.5
388234.8
388205.5
388176.2
388146.9
388103.0
388059.0
388044.3
388000.4
387971.1
387941.8
387912.5
387897.8
387853.9
387824.6
387751.3
387736.6
387707.3
387663.4
387648.7
387604.8
387590.1
387560.8
387516.9
387472.9
387443.6
387414.3
387385.0
387355.7
387326.4
387311.7
387267.8
387238.5
387165.2
387150.5
387106.6
387077.3
387062.6
387018.7
387004.0
386974.7
386916.1
386886.8
386857.5
386828.2
386798.9
386769.6
386740.3
386681.7
386652.3
386637.7
386593.7
386579.1
386520.5
386491.2
386476.5
386403.3
386388.6
386344.6
386330.0
386300.7
386256.7
386242.1
386198.1
386154.2
386110.2
386095.6
386066.2
386036.9
386007.6
385978.3
385905.1
385890.4
385846.5
385817.2
385802.5
385758.5
385743.9
385714.6
385656.0
385612.0
385597.4
385568.1
385524.1
385509.4
385480.1
385450.8
385392.2
385362.9
385333.6
385319.0
385260.4
385231.0
385216.4
385172.4
385128.5
385084.5
385069.9
385025.9
385011.3
384982.0
384938.0
384923.3
384894.0
384835.4
384806.1
384776.8
384747.5
384732.9
384688.9
384644.9
384630.3
384586.3
384527.7
384498.4
384483.8
384439.8
384425.2
384395.9
384351.9
384337.2
384307.9
384249.3
384205.4
384190.7
384161.4
384146.8
384102.8
384073.5
384029.5
384000.2
383941.6
383912.3
383897.7
383853.7
383824.4
383809.7
383765.8
383751.1
383721.8
383663.2
383619.3
383604.6
383575.3
383531.3
383516.7
383487.4
383458.1
383414.1
383355.5
383326.2
383311.6
383267.6
383238.3
383223.6
383179.7
383165.0
383121.1
383077.1
383033.2
383018.5
382989.2
382945.2
382930.6
382901.3
382872.0
382842.7
382769.4
382740.1
382725.5
382681.5
382652.2
382622.9
382593.6
382578.9
382535.0
382505.7
382447.1
382432.4
382403.1
382359.1
382344.5
382315.2
382285.9
382256.6
382212.6
382154.0
382139.4
382095.4
382066.1
382036.8
382007.5
381992.8
381948.9
381919.6
381861.0
381846.3
381817.0
381773.0
381758.4
381729.1
381699.8
381670.5
381626.5
381582.6
381567.9
381509.3
381480.0
381450.7
381421.4
381406.7
381362.8
381333.5
381274.9
381245.5
381230.9
381186.9
381172.3
381128.3
381099.0
381084.4
381040.4
380996.5
380952.5
380937.8
380893.9
380864.6
380835.3
380791.3
380776.7
380747.4
380688.7
380659.4
380630.1
380600.8
380586.2
380542.2
380512.9
380498.3
380454.3
380410.3
380366.4
380351.7
380322.4
380278.5
380249.2
380205.2
380190.6
380161.3
380102.6
380073.3
380044.0
380014.7
380000.1
379956.1
379926.8
379912.2
379868.2
379824.2
379780.3
379765.6
379721.7
379707.0
379677.7
379619.1
379604.5
379575.2
379516.5
379487.2
379457.9
379428.6
379414.0
379370.0
379340.7
379326.1
379282.1
379267.4
379238.1
379179.5
379135.6
379120.9
379091.6
379033.0
379018.4
378989.0
378959.7
378930.4
378901.1
378842.5
378827.9
378783.9
378754.6
378740.0
378696.0
378666.7
378637.4
378608.1
378593.4
378549.5
378505.5
378461.6
378446.9
378402.9
378359.0
378344.3
378300.4
378285.7
378256.4
378212.5
378197.8
378139.2
378109.9
378080.6
378051.3
378022.0
378007.3
377963.4
377934.1
377919.4
377875.5
377860.8
377831.5
377758.2
377714.3
377699.6
377670.3
377626.4
377611.7
377582.4
377553.1
377523.8
377465.2
377435.9
377421.2
377377.3
377348.0
377333.3
377289.3
377274.7
377245.4
377186.8
377128.2
377113.5
377084.2
377040.3
377025.6
376996.3
376967.0
376937.7
376908.4
376849.8
376835.1
376791.2
376761.9
376747.2
376703.2
376688.6
376644.6
376615.3
376556.7
376527.4
376498.1
376454.2
376439.5
376410.2
376380.9
376351.6
376307.6
376293.0
376263.7
376205.1
376175.8
376146.4
376117.1
376087.8
376058.5
376029.2
376014.6
375970.6
375941.3
375926.7
375868.0
375853.4
375780.1
375765.5
375721.5
375706.9
375677.6
375633.6
375619.0
375589.6
375560.3
375531.0
375501.7
375472.4
375443.1
375384.5
375355.2
375340.6
375296.6
375267.3
375223.3
375194.0
375179.4
375135.4
375091.5
375047.5
375032.9
375003.5
374974.2
374944.9
374901.0
374886.3
374857.0
374798.4
374769.1
374739.8
374710.5
374695.8
374637.2
374607.9
374593.3
374549.3
374534.7
374461.4
374446.7
374417.4
374388.1
374358.8
374314.9
374300.2
374270.9
374256.3
374212.3
374183.0
374153.7
374124.4
374109.7
374065.8
374007.2
373963.2
373948.6
373919.3
373875.3
373860.6
373831.3
373802.0
373772.7
373728.8
373714.1
373684.8
373626.2
373596.9
373567.6
373538.3
373509.0
373479.7
373450.4
373435.7
373377.1
373333.2
373289.2
373274.5
373230.6
373201.3
373186.6
373142.7
373128.0
373098.7
373054.8
373010.8
372981.5
372952.2
372908.2
372893.6
372864.3
372849.6
372805.7
372761.7
372732.4
372703.1
372688.4
372644.5
372615.2
372600.5
372556.6
372512.6
372468.6
372454.0
372424.7
372395.4
372366.1
372322.1
372307.5
372278.2
372263.5
372219.6
372146.3
372117.0
372102.3
372058.4
372029.1
372014.4
371970.5
371955.8
371926.5
371867.9
371823.9
371809.3
371780.0
371736.0
371721.4
371692.1
371662.8
371633.5
371604.1
371574.8
371545.5
371516.2
371472.3
371443.0
371428.3
371369.7
371340.4
371296.4
371281.8
371237.8
371223.2
371193.9
371149.9
371135.3
371106.0
371076.7
371047.3
371018.0
370959.4
370944.8
370886.2
370856.9
370842.2
370798.3
370768.9
370739.6
370710.3
370651.7
370622.4
370607.8
370563.8
370549.2
370519.9
370475.9
370461.2
370431.9
370402.6
370373.3
370329.4
370314.7
370270.8
370256.1
370212.2
370182.8
370153.5
370109.6
370065.6
370036.3
370021.7
369977.7
369963.1
369933.8
369889.8
369875.1
369831.2
369787.2
369743.3
369728.6
369699.3
369670.0
369626.0
369596.7
369567.4
369538.1
369523.5
369479.5
369450.2
369391.6
369377.0
369347.6
369303.7
369289.0
369245.1
369230.4
369201.1
369157.2
369142.5
369113.2
369083.9
369054.6
369010.6
368981.3
368952.0
368893.4
368864.1
368849.5
368805.5
368790.9
368746.9
368717.6
368702.9
368659.0
368615.0
368571.1
368556.4
368527.1
368497.8
368468.5
368424.5
368395.2
368365.9
368351.3
368307.3
368278.0
368248.7
368219.4
368190.1
368160.8
368131.5
368116.8
368072.9
368028.9
367985.0
367970.3
367941.0
367897.0
367882.4
367838.4
367823.8
367794.5
367721.2
367691.9
367662.6
367633.3
367604.0
367574.7
367545.4
367530.7
367486.8
367457.5
367442.8
367398.9
367384.2
367340.2
367310.9
367296.3
367252.3
367237.7
367208.4
367135.1
367105.8
367076.5
367047.2
367003.2
366988.6
366959.3
366944.6
366900.7
366871.4
366812.8
366798.1
366754.1
366724.8
366710.2
366666.2
366651.6
366622.3
366578.3
366563.7
366519.7
366490.4
366461.1
366417.1
366402.5
366373.2
366358.5
366314.6
366256.0
366226.6
366212.0
366168.0
366138.7
366124.1
366080.1
366065.5
366036.2
365992.2
365977.6
365948.3
365918.9
365875.0
365831.0
365816.4
365787.1
365772.4
365728.5
365669.9
365640.5
365611.2
365581.9
365552.6
365538.0
365494.0
365464.7
365450.1
365406.1
365347.5
365318.2
365303.5
365244.9
365230.3
365201.0
365157.0
365142.4
365113.1
365083.7
365054.4
365010.5
364995.8
364966.5
364951.9
364907.9
364878.6
364864.0
364820.0
364761.4
364732.1
364717.4
364673.5
364644.2
364614.9
364570.9
364556.3
364526.9
364497.6
364468.3
364424.4
364409.7
364380.4
364365.8
364321.8
364292.5
364263.2
364233.9
364175.3
364146.0
364131.3
364087.4
364072.7
364043.4
363984.8
363970.2
363926.2
363882.2
363838.3
363823.6
363794.3
363765.0
363735.7
363706.4
363677.1
363647.8
363633.1
363589.2
363559.9
363545.2
363501.3
363486.6
363457.3
363413.4
363384.0
363340.1
363296.1
363252.2
363237.5
363208.2
363178.9
363149.6
363120.3
363091.0
363061.7
363017.7
363003.1
362973.8
362959.1
362915.2
362885.9
362871.2
362827.3
362812.6
362754.0
362710.0
362666.1
362651.4
362622.1
362578.2
362563.5
362534.2
362504.9
362475.6
362431.6
362417.0
362387.7
362373.0
362329.1
362299.8
362270.5
362241.1
362226.5
362182.5
362123.9
362080.0
362065.3
362036.0
361992.1
361977.4
361933.4
361918.8
361889.5
361845.5
361830.9
361801.6
361772.3
361743.0
361713.7
361684.3
361655.0
361640.4
361596.4
361552.5
361493.9
361479.2
361449.9
361405.9
361391.3
361347.3
361332.7
361303.4
361259.4
361244.8
361215.5
361186.2
361156.9
361127.6
361098.2
361068.9
361054.3
361010.3
360966.4
360922.4
360893.1
360849.2
360819.8
360805.2
360761.2
360746.6
360717.3
360673.3
360658.7
360629.4
360600.1
360570.8
360526.8
360512.1
360482.8
360438.9
360424.2
360365.6
360336.3
360307.0
360263.0
360233.7
360219.1
360175.1
360145.8
360131.2
360087.2
360072.6
360043.3
359999.3
359984.6
359940.7
359926.0
359896.7
359852.8
359838.1
359808.8
359750.2
359720.9
359691.6
359662.3
359633.0
359589.0
359559.7
359545.1
359501.1
359486.5
359442.5
359413.2
359398.5
359354.6
359339.9
359310.6
359266.7
359252.0
359222.7
359164.1
359134.8
359105.5
359076.2
359061.5
359002.9
358973.6
358959.0
358915.0
358900.4
358856.4
358827.1
358812.4
358768.5
358753.8
358724.5
358680.6
358665.9
358636.6
358578.0
358534.0
358519.4
358490.1
358475.4
358431.5
358387.5
358358.2
358328.9
358314.3
358270.3
358241.0
358226.3
358182.4
358167.7
358138.4
358094.5
358079.8
358050.5
358021.2
357991.9
357947.9
357933.3
357904.0
357860.0
357845.4
357816.1
357786.8
357742.8
357684.2
357654.9
357640.2
357596.3
357567.0
357552.3
357508.4
357493.7
357449.8
357420.4
357405.8
357361.8
357347.2
357317.9
357273.9
357259.3
357230.0
357200.7
357171.4
357098.1
357068.8
357054.1
357010.2
356980.9
356966.2
356922.3
356907.6
356863.6
356834.3
356819.7
356775.7
356761.1
356731.8
356687.8
356673.2
356643.9
356614.6
356585.2
356541.3
356512.0
356482.7
356468.0
356424.1
356394.8
356365.5
356336.2
356321.5
356277.5
356233.6
356189.6
356175.0
356145.7
356101.7
356087.1
356043.1
356028.5
355999.1
355955.2
355940.5
355911.2
355867.3
355838.0
355808.7
355779.4
355750.1
355735.4
355691.4
355647.5
355603.5
355588.9
355559.6
355515.6
355501.0
355457.0
355442.3
355442.3
355413.0
355354.4
355325.1
355281.2
355251.9
355222.6
355193.3
355163.9
355120.0
355105.3
355076.0
355061.4
355017.4
354988.1
354973.5
354929.5
354914.9
354870.9
354841.6
354826.9
354768.3
354739.0
354695.1
354680.4
354636.5
354607.2
354577.8
354533.9
354519.2
354489.9
354475.3
354431.3
354402.0
354372.7
354343.4
354328.8
354284.8
354255.5
354240.8
354196.9
354182.2
354152.9
354109.0
354094.3
354050.4
354035.7
353991.7
353947.8
353933.1
353903.8
353845.2
353815.9
353786.6
353757.3
353742.6
353698.7
353669.4
353654.7
353654.7
353610.8
353566.8
353522.9
353508.2
353464.2
353449.6
353420.3
353361.7
353347.0
353317.7
353288.4
353259.1
353229.8
353200.5
353171.2
353156.5
353112.6
353083.3
353068.6
353024.7
352966.1
352936.8
352922.1
352922.1
352878.1
352863.5
352834.2
352790.2
352760.9
352731.6
352673.0
352629.1
352614.4
352585.1
352541.1
352526.5
352497.2
352467.9
352438.6
352409.3
352380.0
352350.7
352336.0
352292.0
352262.7
352248.1
352204.1
352189.5
352160.2
352101.6
352086.9
352042.9
352028.3
351999.0
351955.0
351940.4
351911.1
351881.8
351852.5
351793.9
351764.6
351749.9
351705.9
351676.6
351662.0
351618.0
351603.4
351603.4
351574.1
351500.8
351456.8
351442.2
351412.9
351368.9
351354.3
351325.0
351295.7
351266.4
351237.1
351207.8
351178.4
351163.8
351119.8
351090.5
351075.9
351031.9
351017.3
350973.3
350944.0
350929.4
350870.7
350856.1
350826.8
350782.8
350768.2
350738.9
350709.6
350680.3
350621.6
350592.3
350577.7
350533.7
350504.4
350489.8
350445.8
350445.8
350431.2
350387.2
350343.2
350299.3
350284.6
350240.7
350196.7
350182.1
350152.8
350123.5
350094.2
350050.2
350035.5
350006.2
349962.3
349947.6
349918.3
349889.0
349859.7
349830.4
349801.1
349771.8
349757.1
349713.2
349683.9
349669.2
349610.6
349596.0
349552.0
349522.7
349508.1
349449.4
349420.1
349420.1
349376.2
349361.5
349332.2
349302.9
349273.6
349229.7
349215.0
349171.0
349127.1
349097.8
349083.1
349039.2
349024.5
348965.9
348936.6
348936.6
348921.9
348863.3
348834.0
348790.1
348775.4
348746.1
348716.8
348687.5
348643.6
348628.9
348599.6
348584.9
348541.0
348511.7
348482.4
348453.1
348438.4
348379.8
348350.5
348335.8
348291.9
348277.2
348247.9
348204.0
348189.3
348145.4
348130.7
348101.4
348057.4
348042.8
348013.5
347998.8
347954.9
347925.6
347896.3
347867.0
347852.3
347808.4
347779.0
347749.7
347705.8
347661.8
347617.9
347603.2
347603.2
347559.3
347544.6
347515.3
347471.3
347456.7
347427.4
347368.8
347339.5
347310.2
347280.9
347251.6
347222.2
347192.9
347192.9
347178.3
347119.7
347075.7
347031.8
347017.1
346973.2
346943.9
346929.2
346885.2
346870.6
346841.3
346797.3
346782.7
346753.4
346724.1
346694.8
346650.8
346636.1
346606.8
346592.2
346548.2
346504.3
346475.0
346445.7
346431.0
346387.1
346357.7
346343.1
346299.1
346284.5
346255.2
346211.2
346196.6
346152.6
346138.0
346108.7
346064.7
346050.0
346020.7
345991.4
345962.1
345932.8
345903.5
345859.6
345844.9
345800.9
345771.6
345757.0
345713.0
345698.4
345669.1
345610.5
345610.5
345566.5
345551.9
345522.6
345478.6
345463.9
345434.6
345405.3
345376.0
345317.4
345288.1
345273.5
345273.5
345214.8
345185.5
345170.9
345126.9
345112.3
345068.3
345024.4
344980.4
344965.8
344936.4
344892.5
344892.5
344877.8
344848.5
344804.6
344789.9
344731.3
344702.0
344658.0
344643.4
344599.4
344570.1
344540.8
344540.8
344511.5
344482.2
344438.3
344394.3
344365.0
344350.3
344306.4
344291.7
344262.4
344218.5
344218.5
344203.8
344145.2
344115.9
344071.9
344057.3
344028.0
343984.0
343954.7
343925.4
343896.1
343896.1
343852.2
343808.2
343778.9
343764.2
343720.3
343705.6
343676.3
343632.4
343617.7
343573.8
343559.1
343529.8
343485.8
343471.2
343441.9
343412.6
343368.6
343339.3
343310.0
343280.7
343266.1
343222.1
343192.8
343178.1
343134.2
343119.5
343075.6
343046.3
343031.6
342987.7
342973.0
342943.7
342899.7
342885.1
342855.8
342826.5
342797.2
342738.6
342723.9
342694.6
342679.9
342636.0
342606.7
342592.0
342548.1
342533.4
342489.5
342460.2
342445.5
342401.5
342386.9
342357.6
342313.6
342299.0
342269.7
342225.7
342211.1
342167.1
342152.5
342108.5
342064.5
342049.9
342020.6
341991.3
341962.0
341932.7
341903.4
341874.1
341859.4
341815.4
341786.1
341771.5
341727.5
341712.9
341668.9
341639.6
341625.0
341581.0
341566.4
341537.0
341478.4
341463.8
341434.5
341405.2
341375.9
341331.9
341317.3
341288.0
341273.3
341229.3
341200.0
341185.4
341141.4
341126.8
341082.8
341053.5
341038.9
340994.9
340980.2
340950.9
340907.0
340892.3
340848.4
340819.1
340789.8
340745.8
340731.2
340701.9
340687.2
340643.2
340613.9
340599.3
340555.3
340540.7
340496.7
340467.4
340452.8
340408.8
340394.1
340364.8
340320.9
340306.2
340276.9
340233.0
340203.7
340159.7
340145.1
340115.7
340101.1
340057.1
340057.1
339998.5
339969.2
339954.6
339910.6
339881.3
339866.7
339822.7
339808.0
339808.0
339778.7
339720.1
339676.2
339646.9
339617.6
339573.6
339558.9
339529.6
339529.6
339485.7
339471.0
339412.4
339383.1
339353.8
339324.5
339295.2
339280.5
339280.5
339236.6
339207.3
339192.6
339134.0
339090.1
339060.8
339046.1
338987.5
338987.5
338972.8
338943.5
338899.6
338884.9
338826.3
338797.0
338753.1
338753.1
338738.4
338709.1
338694.4
338650.5
338621.2
338591.9
338547.9
338504.0
338504.0
338474.7
338460.0
338416.0
338401.4
338357.4
338313.5
338298.8
338254.9
338240.2
338210.9
338167.0
338152.3
338123.0
338093.7
338064.4
338035.1
338005.8
337976.5
337961.8
337917.9
337888.6
337873.9
337829.9
337815.3
337786.0
337727.4
337712.7
337668.8
337654.1
337624.8
337580.9
337566.2
337536.9
337507.6
337478.3
337449.0
337419.7
337390.4
337375.7
337331.8
337302.5
337287.8
337243.8
337229.2
337185.2
337155.9
337141.3
337082.7
337082.7
337038.7
336994.7
336980.1
336950.8
336906.8
336892.2
336862.9
336862.9
336833.6
336804.3
336745.7
336716.3
336701.7
336657.7
336628.4
336628.4
336599.1
336569.8
336555.2
336511.2
336452.6
336408.6
336394.0
336394.0
336364.7
336320.7
336306.1
336262.1
336247.5
336218.2
336159.5
336159.5
336130.2
336115.6
336071.6
336042.3
336013.0
335983.7
335969.1
335925.1
335895.8
335866.5
335822.5
335807.9
335778.6
335734.6
335720.0
335676.0
335661.4
335632.1
335588.1
335573.4
335544.1
335514.8
335485.5
335456.2
335426.9
335397.6
335383.0
335339.0
335309.7
335295.0
335236.4
335221.8
335177.8
335148.5
335133.9
335089.9
335075.3
335075.3
335046.0
334987.3
334958.0
334928.7
334899.4
334855.5
334855.5
334840.8
334811.5
334796.9
334752.9
334708.9
334665.0
334665.0
334650.3
334591.7
334562.4
334547.8
334503.8
334474.5
334459.9
334415.9
334401.2
334371.9
334328.0
334313.3
334269.4
334254.7
334225.4
334181.5
334166.8
334137.5
334108.2
334078.9
334049.6
334020.3
333976.3
333961.7
333917.7
333888.4
333873.7
333829.8
333815.1
333771.2
333741.9
333727.2
333683.3
333668.6
333639.3
333639.3
333595.3
333580.7
333522.1
333492.8
333448.8
333434.2
333434.2
333404.9
333390.2
333331.6
333302.3
333287.6
333229.0
333229.0
333185.1
333155.8
333141.1
333097.2
333082.5
333053.2
333009.2
332994.6
332965.3
332936.0
332906.7
332877.4
332848.1
332818.8
332804.1
332760.2
332716.2
332701.5
332657.6
332642.9
332599.0
332569.7
332555.0
332511.1
332496.4
332467.1
332467.1
332423.1
332408.5
332349.9
332320.6
332276.6
332262.0
332262.0
332232.7
332218.0
332174.0
332144.7
332100.8
332071.5
332056.8
332012.9
331983.6
331968.9
331925.0
331910.3
331881.0
331837.0
331822.4
331778.4
331749.1
331734.5
331690.5
331675.9
331646.6
331602.6
331587.9
331558.6
331529.3
331529.3
331456.1
331426.8
331397.5
331382.8
331338.9
331309.5
331309.5
331294.9
331250.9
331236.3
331192.3
331148.4
331148.4
331104.4
331089.8
331060.5
331016.5
331001.8
330972.5
330943.2
330913.9
330855.3
330840.7
330811.4
330796.7
330752.7
330723.4
330694.1
330664.8
330650.2
330606.2
330606.2
330562.3
330518.3
330503.7
330474.3
330430.4
330430.4
330415.7
330371.8
330357.1
330327.8
330269.2
330225.3
330225.3
330195.9
330166.6
330137.3
330108.0
330078.7
330064.1
330020.1
329990.8
329976.2
329932.2
329917.5
329888.2
329844.3
329829.6
329785.7
329771.0
329741.7
329741.7
329683.1
329653.8
329609.8
329580.5
329551.2
329551.2
329521.9
329492.6
329478.0
329434.0
329390.1
329390.1
329346.1
329331.4
329302.1
329258.2
329243.5
329199.6
329170.3
329155.6
329111.7
329097.0
329067.7
329023.7
329009.1
328965.1
328935.8
328906.5
328862.6
328862.6
328847.9
328804.0
328760.0
328730.7
328701.4
328701.4
328672.1
328657.4
328613.5
328584.2
328569.5
328525.6
328510.9
328481.6
328437.6
328423.0
328379.0
328349.7
328320.4
328276.5
328261.8
328232.5
328217.9
328173.9
328144.6
328115.3
328086.0
328071.3
328027.4
328027.4
327998.1
327983.4
327924.8
327895.5
327851.5
327851.5
327836.9
327792.9
327778.3
327734.3
327690.4
327675.7
327646.4
327617.1
327587.8
327558.5
327529.2
327499.9
327485.2
327441.3
327412.0
327397.3
327397.3
327338.7
327294.7
327265.4
327250.8
327206.8
327206.8
327192.2
327162.9
327104.3
327089.6
327060.3
327031.0
327001.7
326957.7
326943.1
326913.8
326899.1
326855.2
326825.9
326811.2
326767.2
326752.6
326708.6
326679.3
326664.7
326620.7
326591.4
326591.4
326576.8
326532.8
326518.2
326430.2
326415.6
326415.6
326371.6
326357.0
326327.7
326283.7
326269.1
326239.8
326210.4
326181.1
326151.8
326122.5
326093.2
326078.6
326034.6
326005.3
325990.7
325990.7
325946.7
325932.0
325844.1
325829.5
325785.5
325785.5
325770.9
325741.6
325697.6
325683.0
325653.6
325624.3
325595.0
325565.7
325536.4
325507.1
325492.5
325448.5
325419.2
325404.6
325360.6
325360.6
325345.9
325302.0
325258.0
325199.4
325199.4
325184.8
325155.5
325111.5
325096.8
325067.5
325038.2
325008.9
324979.6
324950.3
324921.0
324906.4
324862.4
324833.1
324818.5
324774.5
324774.5
324759.8
324715.9
324671.9
324628.0
324628.0
324598.7
324569.4
324525.4
324510.7
324481.4
324452.1
324422.8
324378.9
324364.2
324334.9
324320.3
324276.3
324247.0
324217.7
324188.4
324188.4
324173.7
324129.8
324085.8
324041.9
324041.9
324012.6
323983.3
323939.3
323924.6
323880.7
323851.4
323836.7
323792.8
323778.1
323748.8
323704.9
323690.2
323660.9
323631.6
323602.3
323602.3
323573.0
323543.7
323499.7
323455.8
323455.8
323426.5
323411.8
323353.2
323338.5
323294.6
323265.3
323250.6
323206.7
323192.0
323162.7
323118.8
323104.1
323074.8
323045.5
323045.5
323016.2
322972.2
322957.6
322913.6
322913.6
322869.7
322840.4
322811.0
322781.7
322767.1
322708.5
322679.2
322664.5
322620.6
322605.9
322576.6
322532.6
322518.0
322474.0
322474.0
322459.4
322430.1
322386.1
322371.5
322342.2
322312.9
322283.6
322254.2
322224.9
322195.6
322181.0
322137.0
322093.1
322078.4
322078.4
322019.8
321990.5
321946.5
321931.9
321931.9
321887.9
321873.3
321844.0
321800.0
321785.4
321756.1
321741.4
321697.5
321668.1
321638.8
321609.5
321594.9
321550.9
321521.6
321521.6
321507.0
321419.1
321404.4
321360.4
321360.4
321345.8
321301.8
321272.5
321257.9
321213.9
321199.3
321170.0
321126.0
321111.3
321082.0
321052.7
321023.4
320979.5
320979.5
320964.8
320935.5
320920.9
320832.9
320832.9
320803.6
320774.3
320759.7
320715.7
320686.4
320671.8
320627.8
320613.2
320613.2
320539.9
320525.2
320481.3
320466.6
320466.6
320437.3
320393.4
320378.7
320349.4
320334.8
320290.8
320261.5
320217.5
320188.2
320173.6
320129.6
320100.3
320085.7
320085.7
320041.7
320027.1
319997.8
319939.1
319939.1
319895.2
319880.5
319851.2
319807.3
319792.6
319763.3
319734.0
319704.7
319704.7
319646.1
319602.1
319587.5
319543.5
319543.5
319514.2
319499.6
319455.6
319441.0
319397.0
319367.7
319353.0
319309.1
319294.4
319265.1
319221.2
319206.5
319177.2
319177.2
319147.9
319118.6
319060.0
319060.0
319030.7
319016.0
318957.4
318928.1
318913.5
318869.5
318840.2
318810.9
318810.9
318766.9
318723.0
318693.7
318679.0
318679.0
318635.1
318620.4
318591.1
318547.1
318532.5
318488.5
318473.9
318444.6
318400.6
318386.0
318342.0
318312.7
318312.7
318283.4
318254.1
318224.8
318180.8
318180.8
318136.9
318107.6
318092.9
318049.0
318034.3
318005.0
317961.0
317946.4
317946.4
317887.8
317858.5
317814.5
317814.5
317799.9
317770.6
317726.6
317697.3
317668.0
317638.7
317609.4
317594.7
317550.8
317521.5
317506.8
317462.9
317448.2
317448.2
317404.2
317374.9
317360.3
317316.3
317301.7
317272.4
317228.4
317213.8
317184.5
317155.2
317125.8
317081.9
317081.9
317052.6
317008.6
316964.7
316964.7
316935.4
316920.7
316876.8
316862.1
316818.1
316788.8
316774.2
316730.2
316715.6
316686.3
316642.3
316627.7
316627.7
316598.4
316569.0
316539.7
316495.8
316466.5
316437.2
316422.5
316378.6
316349.3
316320.0
316290.6
316261.3
316261.3
316232.0
316202.7
316188.1
316144.1
316114.8
316100.2
316056.2
316041.6
315997.6
315968.3
315953.6
315909.7
315909.7
315895.0
315807.1
315792.5
315792.5
315763.2
315733.8
315704.5
315675.2
315645.9
315616.6
315602.0
315558.0
315528.7
315514.1
315470.1
315455.5
315455.5
315411.5
315382.2
315367.5
315323.6
315308.9
315279.6
315221.0
315206.4
315177.1
315147.7
315118.4
315118.4
315074.5
315059.8
315030.5
315015.9
314971.9
314942.6
314913.3
314884.0
314869.3
314825.4
314796.1
314781.4
314781.4
314737.5
314722.8
314649.6
314649.6
314634.9
314576.3
314561.6
314532.3
314488.4
314473.7
314444.4
314444.4
314429.8
314356.5
314327.2
314327.2
314297.9
314283.2
314239.3
314210.0
314195.3
314151.4
314136.7
314107.4
314107.4
314048.8
314004.8
313990.2
313975.5
313946.2
313902.3
313887.6
313858.3
313843.7
313799.7
313770.4
313741.1
313711.8
313682.5
313653.2
313653.2
313623.9
313609.2
313565.3
313536.0
313521.3
313477.4
313462.7
313418.7
313389.4
313374.8
313316.2
313316.2
313301.5
313272.2
313228.3
313213.6
313184.3
313155.0
313125.7
313081.7
313067.1
313037.8
313023.1
313023.1
312979.2
312949.9
312920.6
312891.2
312876.6
312832.6
312803.3
312788.7
312744.7
312715.4
312686.1
312686.1
312642.2
312627.5
312568.9
312568.9
312539.6
312495.6
312481.0
312451.7
312437.0
312393.1
312363.8
312363.8
312334.5
312290.5
312246.5
312246.5
312217.2
312202.6
312158.6
312144.0
312114.7
312056.1
312041.4
312041.4
311982.8
311953.5
311909.5
311909.5
311894.9
311865.6
311836.3
311807.0
311777.7
311748.3
311748.3
311704.4
311660.4
311631.1
311631.1
311616.5
311572.5
311557.9
311513.9
311469.9
311455.3
311411.3
311396.7
311367.4
311323.4
311308.8
311308.8
311279.5
311250.2
311220.9
311176.9
311162.2
311132.9
311118.3
311074.3
311045.0
311030.4
310986.4
310986.4
310957.1
310927.8
310898.5
310883.8
310825.2
310795.9
310781.3
310737.3
310722.7
310693.4
310693.4
310649.4
310634.8
310605.4
310576.1
310546.8
310502.9
310488.2
310458.9
310444.3
310400.3
310400.3
310371.0
310341.7
310312.4
310297.7
310253.8
310209.8
310195.2
310151.2
310136.6
310107.3
310063.3
310063.3
310048.6
310004.7
309990.0
309960.7
309916.8
309902.1
309872.8
309843.5
309814.2
309784.9
309784.9
309755.6
309726.3
309711.6
309667.7
309638.4
309623.7
309565.1
309550.5
309506.5
309477.2
309477.2
309462.5
309418.6
309403.9
309374.6
309330.7
309316.0
309286.7
309257.4
309228.1
309198.8
309198.8
309169.5
309140.2
309125.5
309081.6
309052.3
309037.6
308993.7
308964.4
308920.4
308891.1
308891.1
308876.4
308832.5
308817.8
308788.5
308744.6
308729.9
308700.6
308671.3
308642.0
308598.0
308583.4
308583.4
308554.1
308539.4
308495.5
308466.2
308436.9
308407.6
308378.3
308334.3
308305.0
308305.0
308290.3
308246.4
308217.1
308202.4
308158.5
308143.8
308099.9
308070.5
308055.9
308011.9
308011.9
307997.3
307968.0
307924.0
307909.4
307880.1
307850.8
307821.5
307792.1
307762.8
307718.9
307718.9
307704.2
307660.3
307631.0
307616.3
307572.4
307557.7
307513.8
307484.4
307469.8
307425.8
307425.8
307411.2
307381.9
307337.9
307323.3
307294.0
307264.7
307235.4
307191.4
307176.7
307147.4
307147.4
307132.8
307074.2
307044.9
307030.2
306986.3
306971.6
306927.6
306898.3
306883.7
306883.7
306839.7
306825.1
306795.8
306751.8
306737.2
306707.9
306678.6
306649.2
306605.3
306590.6
306590.6
306561.3
306546.7
306502.7
306458.8
306429.5
306400.2
306385.5
306341.5
306312.2
306297.6
306297.6
306253.6
306239.0
306209.7
306165.7
306151.1
306107.1
306092.5
306063.1
306019.2
306019.2
306004.5
305975.2
305960.6
305916.6
305887.3
305858.0
305858.0
305784.7
305755.4
305755.4
305726.1
305711.5
305667.5
305638.2
305623.6
305579.6
305579.6
305565.0
305491.7
305477.0
305477.0
305433.1
305418.4
305389.1
305345.2
305330.5
305301.2
305301.2
305271.9
305184.0
305184.0
305169.3
305140.0
305125.4
305081.4
305052.1
305022.8
305022.8
304993.5
304978.9
304905.6
304905.6
304890.9
304847.0
304832.3
304803.0
304759.1
304759.1
304744.4
304700.5
304685.8
304656.5
304612.5
304583.2
304553.9
304539.3
304495.3
304466.0
304466.0
304436.7
304407.4
304392.8
304348.8
304319.5
304304.8
304260.9
304246.2
304216.9
304216.9
304173.0
304158.3
304114.4
304099.7
304070.4
304026.4
304011.8
303982.5
303938.5
303938.5
303909.2
303879.9
303850.6
303821.3
303806.6
303762.7
303733.4
303718.7
303674.8
303674.8
303660.1
303616.2
303586.9
303572.2
303528.2
303513.6
303513.6
303440.3
303425.7
303425.7
303396.4
303367.1
303323.1
303293.8
303264.5
303235.2
303235.2
303191.2
303147.3
303147.3
303132.6
303088.7
303059.4
303030.1
303000.8
302986.1
302986.1
302942.1
302912.8
302898.2
302854.2
302839.6
302810.3
302766.3
302751.7
302707.7
302707.7
302678.4
302649.1
302605.1
302590.5
302561.2
302546.5
302502.6
302473.3
302473.3
302444.0
302414.7
302400.0
302356.0
302326.7
302312.1
302312.1
302253.5
302224.2
302224.2
302180.2
302165.6
302121.6
302106.9
302063.0
302019.0
302019.0
302004.4
301945.8
301945.8
301916.5
301887.2
301857.9
301828.5
301813.9
301813.9
301769.9
301740.6
301726.0
301682.0
301667.4
301623.4
301594.1
301579.5
301535.5
301535.5
301520.8
301491.5
301432.9
301418.3
301389.0
301359.7
301330.4
301301.1
301271.8
301271.8
301242.4
301227.8
301183.8
301154.5
301139.9
301139.9
301081.3
301037.3
301037.3
301008.0
300993.4
300949.4
300934.7
300905.4
300861.5
300861.5
300832.2
300773.6
300773.6
300744.3
300700.3
300685.6
300656.3
300612.4
300612.4
300597.7
300568.4
300539.1
300509.8
300480.5
300451.2
300421.9
300407.2
300363.3
300363.3
300334.0
300319.3
300275.4
300260.7
300202.1
300172.8
300158.2
300114.2
300114.2
300099.5
300070.2
300026.3
300011.6
299982.3
299953.0
299953.0
299894.4
299865.1
299865.1
299835.8
299821.1
299777.2
299747.9
299733.2
299733.2
299689.3
299674.6
299630.7
299586.7
299572.1
299528.1
299513.4
299484.1
299440.2
299440.2
299425.5
299396.2
299366.9
299337.6
299308.3
299279.0
299249.7
299235.0
299235.0
299191.1
299161.8
299147.1
299103.2
299088.5
299088.5
299015.3
299000.6
299000.6
298942.0
298927.3
298898.0
298854.1
298839.4
298839.4
298810.1
298780.8
298751.5
298707.5
298692.9
298663.6
298648.9
298605.0
298575.7
298575.7
298546.4
298517.1
298502.4
298458.5
298429.1
298414.5
298370.5
298355.9
298355.9
298311.9
298268.0
298253.3
298209.4
298194.7
298194.7
298121.4
298106.8
298106.8
298077.5
298033.5
298018.9
297989.6
297960.3
297960.3
297931.0
297901.7
297872.4
297843.0
297828.4
297784.4
297755.1
297740.5
297740.5
297681.9
297667.2
297623.3
297594.0
297579.3
297535.3
297520.7
297491.4
297491.4
297447.4
297432.8
297403.5
297374.2
297344.9
297344.9
297300.9
297256.9
297256.9
297242.3
297198.3
297169.0
297139.7
297110.4
297110.4
297081.1
297037.2
297007.8
296993.2
296949.2
296934.6
296905.3
296861.3
296861.3
296846.7
296802.7
296788.1
296758.8
296714.8
296714.8
296700.1
296656.2
296656.2
296612.2
296582.9
296553.6
296524.3
296509.7
296509.7
296451.1
296421.7
296407.1
296363.1
296348.5
296319.2
296275.2
296260.6
296260.6
296216.6
296202.0
296172.7
296128.7
296114.0
296114.0
296055.4
296026.1
296026.1
295996.8
295967.5
295938.2
295923.6
295879.6
295879.6
295850.3
295821.0
295777.0
295762.4
295733.1
295689.1
295674.5
295630.5
295630.5
295615.9
295586.5
295542.6
295527.9
295498.6
295454.7
295440.0
295410.7
295410.7
295381.4
295352.1
295308.1
295293.5
295293.5
295264.2
295249.5
295190.9
295161.6
295132.3
295103.0
295088.4
295044.4
295044.4
295015.1
295000.4
294956.5
294941.8
294912.5
294868.6
294853.9
294824.6
294824.6
294795.3
294766.0
294722.0
294707.4
294678.1
294678.1
294663.4
294575.5
294575.5
294546.2
294516.9
294502.3
294458.3
294458.3
294429.0
294414.3
294370.4
294355.7
294326.4
294282.5
294267.8
294223.9
294223.9
294209.2
294179.9
294135.9
294121.3
294092.0
294092.0
294062.7
294004.1
294004.1
293974.8
293930.8
293916.2
293872.2
293872.2
293842.9
293828.2
293784.3
293769.6
293725.7
293696.4
293681.7
293637.8
293637.8
293623.1
293593.8
293549.8
293535.2
293505.9
293505.9
293476.6
293418.0
293418.0
293388.7
293359.4
293330.1
293286.1
293286.1
293256.8
293242.1
293198.2
293183.5
293139.6
293110.3
293095.6
293051.7
293051.7
293037.0
293007.7
292963.7
292949.1
292949.1
292919.8
292875.8
292861.2
292817.2
292802.6
292773.3
292729.3
292700.0
292700.0
292670.7
292641.4
292612.1
292582.8
292582.8
292524.2
292509.5
292509.5
292465.5
292436.2
292421.6
292377.6
292363.0
292363.0
292319.0
292289.7
292275.1
292231.1
292216.5
292187.1
292143.2
292143.2
292128.5
292099.2
292055.3
292026.0
291996.7
291996.7
291938.1
291923.4
291923.4
291879.4
291850.1
291835.5
291791.5
291791.5
291776.9
291732.9
291703.6
291689.0
291645.0
291630.4
291601.0
291601.0
291557.1
291542.4
291513.1
291483.8
291439.9
291439.9
291410.6
291381.3
291352.0
291337.3
291293.3
291264.0
291249.4
291249.4
291205.4
291190.8
291146.8
291117.5
291102.9
291102.9
291044.2
291044.2
291014.9
290971.0
290956.3
290927.0
290897.7
290897.7
290868.4
290809.8
290795.2
290765.8
290751.2
290707.2
290677.9
290677.9
290648.6
290619.3
290604.7
290560.7
290531.4
290531.4
290516.8
290472.8
290458.1
290428.8
290384.9
290370.2
290326.3
290326.3
290311.6
290282.3
290238.4
290223.7
290223.7
290135.8
290121.1
290121.1
290091.8
290062.5
290033.2
290003.9
290003.9
289974.6
289945.3
289930.7
289886.7
289857.4
289842.7
289798.8
289798.8
289784.1
289740.2
289710.9
289696.2
289652.3
289652.3
289637.6
289549.7
289549.7
289535.0
289505.7
289476.4
289447.1
289447.1
289403.2
289388.5
289359.2
289344.5
289344.5
289271.3
289242.0
289242.0
289212.7
289198.0
289154.1
289124.8
289124.8
289110.1
289066.1
289051.5
289022.2
288978.2
288948.9
288919.6
288919.6
288890.3
288861.0
288817.1
288802.4
288773.1
288773.1
288758.4
288714.5
288685.2
288655.9
288626.6
288611.9
288568.0
288568.0
288538.7
288524.0
288480.0
288465.4
288465.4
288392.1
288377.5
288377.5
288348.2
288304.2
288274.9
288231.0
288231.0
288216.3
288187.0
288172.3
288128.4
288099.1
288069.8
288040.5
288040.5
288025.8
287981.9
287952.6
287937.9
287937.9
287893.9
287879.3
287850.0
287806.0
287791.4
287747.4
287732.8
287732.8
287688.8
287644.8
287630.2
287600.9
287600.9
287556.9
287513.0
287513.0
287483.7
287454.4
287410.4
287395.8
287395.8
287366.4
287351.8
287307.8
287278.5
287278.5
287219.9
287205.3
287205.3
287161.3
287132.0
287117.4
287058.7
287058.7
287044.1
287014.8
286970.8
286956.2
286926.9
286897.6
286868.3
286868.3
286824.3
286809.7
286780.3
286765.7
286765.7
286721.7
286692.4
286663.1
286633.8
286619.2
286575.2
286545.9
286545.9
286531.3
286487.3
286472.6
286428.7
286428.7
286384.7
286370.1
286326.1
286311.5
286282.2
286238.2
286223.5
286223.5
286194.2
286164.9
286135.6
286106.3
286106.3
286047.7
286047.7
286033.1
285989.1
285959.8
285945.1
285945.1
285901.2
285886.5
285842.6
285798.6
285784.0
285784.0
285725.4
285725.4
285696.1
285652.1
285637.4
285608.1
285608.1
285578.8
285549.5
285520.2
285490.9
285490.9
285447.0
285403.0
285403.0
285373.7
285359.0
285315.1
285300.4
285300.4
285256.5
285227.2
285197.9
285153.9
285139.3
285110.0
285110.0
285066.0
285051.3
285022.0
284978.1
284963.4
284963.4
284919.5
284904.8
284875.5
284831.6
284816.9
284787.6
284787.6
284758.3
284729.0
284699.7
284670.4
284670.4
284641.1
284626.4
284567.8
284538.5
284523.8
284479.9
284465.2
284465.2
284435.9
284392.0
284377.3
284333.4
284333.4
284318.7
284289.4
284245.4
284230.8
284201.5
284172.2
284172.2
284142.9
284113.6
284084.3
284055.0
284055.0
284040.3
283967.1
283967.1
283937.7
283893.8
283879.1
283835.2
283835.2
283805.9
283791.2
283747.3
283732.6
283732.6
283659.3
283659.3
283644.7
283615.4
283586.1
283556.8
283556.8
283527.5
283498.2
283468.9
283454.2
283454.2
283380.9
283366.3
283366.3
283307.7
283293.0
283249.1
283249.1
283219.8
283205.1
283161.2
283146.5
283146.5
283073.2
283058.6
283058.6
283029.3
283000.0
282970.7
282926.7
282926.7
282912.1
282882.8
282868.1
282824.1
282794.8
282765.5
282765.5
282736.2
282721.6
282663.0
282633.7
282633.7
282619.0
282575.1
282560.4
282531.1
282487.1
282472.5
282472.5
282428.5
282399.2
282384.6
282340.6
282340.6
282326.0
282296.7
282252.7
282238.0
282208.7
282179.4
282150.1
282150.1
282120.8
282091.5
282047.6
282032.9
282032.9
281989.0
281959.6
281945.0
281901.0
281886.4
281842.4
281842.4
281813.1
281798.5
281754.5
281739.9
281739.9
281710.6
281666.6
281651.9
281622.6
281593.3
281564.0
281564.0
281520.1
281505.4
281476.1
281461.5
281461.5
281402.8
281373.5
281344.2
281314.9
281300.3
281256.3
281256.3
281227.0
281212.4
281168.4
281153.8
281153.8
281124.4
281080.5
281065.8
281036.5
281007.2
280977.9
280977.9
280934.0
280919.3
280890.0
280875.4
280875.4
280816.7
280787.4
280758.1
280728.8
280714.2
280670.2
280670.2
280640.9
280626.3
280582.3
280567.7
280567.7
280538.3
280494.4
280479.7
280450.4
280421.1
280391.8
280391.8
280347.9
280333.2
280303.9
280289.3
280289.3
280245.3
280216.0
280172.0
280142.7
280128.1
280084.1
280084.1
280054.8
280040.2
279996.2
279981.5
279981.5
279952.2
279908.3
279893.6
279893.6
279820.4
279805.7
279805.7
279761.8
279747.1
279717.8
279717.8
279673.8
279659.2
279629.9
279600.6
279600.6
279512.7
279512.7
279498.0
279468.7
279454.1
279410.1
279410.1
279380.8
279351.5
279322.2
279307.5
279307.5
279234.3
279234.3
279219.6
279175.7
279161.0
279131.7
279131.7
279087.7
279073.1
279043.8
279014.5
279014.5
278926.6
278926.6
278911.9
278882.6
278868.0
278824.0
278824.0
278794.7
278765.4
278736.1
278736.1
278721.4
278648.2
278648.2
278633.5
278589.6
278574.9
278574.9
278545.6
278501.6
278487.0
278443.0
278443.0
278428.4
278399.1
278355.1
278340.5
278296.5
278267.2
278267.2
278237.9
278208.6
278179.3
278150.0
278150.0
278135.3
278091.4
278062.1
278047.4
278003.4
277988.8
277988.8
277944.8
277915.5
277900.9
277900.9
277856.9
277842.3
277813.0
277769.0
277754.4
277725.1
277725.1
277681.1
277651.8
277622.5
277593.2
277593.2
277563.9
277549.2
277505.3
277476.0
277461.3
277417.3
277417.3
277402.7
277358.7
277329.4
277329.4
277314.8
277270.8
277241.5
277226.9
277182.9
277168.3
277168.3
277138.9
277095.0
277065.7
277036.4
277036.4
277007.1
276977.8
276933.8
276933.8
276889.9
276875.2
276875.2
276831.2
276801.9
276772.6
276772.6
276743.3
276728.7
276684.7
276655.4
276655.4
276596.8
276596.8
276582.1
276552.8
276508.9
276494.2
276494.2
276435.6
276421.0
276391.7
276391.7
276347.7
276333.1
276303.7
276274.4
276245.1
276215.8
276215.8
276186.5
276157.2
276142.6
276142.6
276098.6
276069.3
276054.7
276010.7
275996.0
275952.1
275952.1
275922.8
275908.1
275864.2
275849.5
275849.5
275805.6
275761.6
275747.0
275717.6
275688.3
275688.3
275659.0
275629.7
275600.4
275571.1
275571.1
275556.5
275512.5
275483.2
275483.2
275424.6
275409.9
275409.9
275366.0
275336.7
275322.0
275322.0
275278.1
275263.4
275234.1
275175.5
275175.5
275131.5
275131.5
275102.2
275072.9
275029.0
275029.0
275014.3
274985.0
274970.4
274926.4
274926.4
274897.1
274867.8
274838.5
274823.8
274779.9
274750.6
274750.6
274735.9
274692.0
274662.7
274662.7
274648.0
274604.1
274589.4
274545.4
274501.5
274486.8
274486.8
274442.9
274428.2
274398.9
274398.9
274355.0
274340.3
274311.0
274281.7
274281.7
274223.1
274223.1
274193.8
274164.5
274149.8
274149.8
274105.9
274076.6
274061.9
274017.9
274017.9
274003.3
273959.3
273915.4
273900.7
273856.8
273856.8
273842.1
273812.8
273768.9
273754.2
273754.2
273724.9
273695.6
273666.3
273622.3
273607.7
273607.7
273578.4
273563.7
273519.8
273490.5
273490.5
273461.1
273431.8
273417.2
273417.2
273343.9
273343.9
273329.3
273270.7
273256.0
273226.7
273226.7
273182.7
273168.1
273138.8
273138.8
273109.5
273080.2
273036.2
273021.6
272992.3
272977.6
272977.6
272933.7
272904.4
272875.0
272875.0
272845.7
272831.1
272787.1
272757.8
272743.2
272743.2
272684.6
272669.9
272640.6
272596.6
272596.6
272582.0
272552.7
272523.4
272523.4
272450.1
272450.1
272435.5
272406.2
272391.5
272347.6
272347.6
272318.2
272288.9
272259.6
272259.6
272245.0
272201.0
272171.7
272157.1
272113.1
272113.1
272098.5
272054.5
272010.5
271995.9
271995.9
271951.9
271922.6
271908.0
271864.0
271849.4
271849.4
271820.1
271776.1
271761.4
271732.1
271732.1
271702.8
271673.5
271629.6
271629.6
271585.6
271585.6
271571.0
271527.0
271497.7
271497.7
271468.4
271424.4
271409.8
271365.8
271365.8
271336.5
271321.9
271277.9
271263.3
271234.0
271234.0
271190.0
271175.3
271146.0
271146.0
271116.7
271087.4
271043.5
271028.8
270999.5
270984.9
270984.9
270940.9
270911.6
270882.3
270882.3
270853.0
270838.3
270779.7
270779.7
270750.4
270735.8
270691.8
270677.2
270647.9
270603.9
270603.9
270589.2
270545.3
270530.6
270530.6
270501.3
270457.4
270442.7
270413.4
270384.1
270384.1
270354.8
270325.5
270296.2
270296.2
270266.9
270252.2
270208.3
270164.3
270164.3
270105.7
270105.7
270091.1
270047.1
270017.8
270017.8
270003.1
269959.2
269944.5
269944.5
269915.2
269871.3
269856.6
269827.3
269798.0
269768.7
269768.7
269739.4
269710.1
269680.8
269680.8
269666.1
269622.2
269592.9
269592.9
269519.6
269519.6
269505.0
269461.0
269431.7
269431.7
269417.0
269373.1
269343.8
269343.8
269329.1
269285.2
269270.5
269241.2
269197.2
269182.6
269182.6
269153.3
269124.0
269094.7
269094.7
269050.7
269036.1
269006.8
269006.8
268933.5
268933.5
268904.2
268874.9
268845.6
268845.6
268830.9
268787.0
268757.7
268743.0
268743.0
268699.1
268684.4
268655.1
268611.1
268596.5
268596.5
268552.5
268537.9
268508.6
268508.6
268464.6
268450.0
268420.7
268420.7
268391.4
268362.1
268332.7
268288.8
268259.5
268259.5
268244.8
268200.9
268171.6
268171.6
268156.9
268113.0
268098.3
268054.3
268025.0
268010.4
268010.4
267966.4
267951.8
267922.5
267922.5
267878.5
267863.9
267834.6
267834.6
267805.3
267775.9
267746.6
267717.3
267673.4
267673.4
267658.7
267614.8
267585.5
267585.5
267570.8
267526.9
267512.2
267512.2
267438.9
267438.9
267424.3
267380.3
267365.7
267336.4
267336.4
267292.4
267277.8
267248.5
267248.5
267219.1
267189.8
267145.9
267131.2
267101.9
267101.9
267087.3
267028.7
266999.4
266999.4
266970.1
266940.7
266926.1
266926.1
266852.8
266852.8
266838.2
266794.2
266764.9
266764.9
266750.3
266706.3
266691.7
266691.7
266662.4
266618.4
266603.7
266559.8
266545.1
266545.1
266515.8
266471.9
266457.2
266457.2
266413.3
266384.0
266354.6
266354.6
266325.3
266296.0
266266.7
266252.1
266208.1
266208.1
266178.8
266164.2
266120.2
266105.6
266105.6
266061.6
266032.3
266017.6
265973.7
265959.0
265959.0
265929.7
265885.8
265871.1
265871.1
265841.8
265797.8
265768.5
265768.5
265739.2
265709.9
265680.6
265666.0
265622.0
265622.0
265592.7
265578.1
265534.1
265534.1
265519.4
265475.5
265446.2
265446.2
265387.6
265387.6
265372.9
265343.6
265299.7
265299.7
265285.0
265255.7
265226.4
265226.4
265197.1
265138.5
265123.8
265094.5
265079.9
265079.9
265035.9
265006.6
264977.3
264977.3
264948.0
264933.3
264889.4
264889.4
264860.1
264845.4
264801.5
264786.8
264757.5
264757.5
264713.6
264698.9
264669.6
264669.6
264640.3
264611.0
264552.4
264552.4
264508.4
264508.4
264493.8
264449.8
264420.5
264420.5
264391.2
264361.9
264347.2
264347.2
264303.3
264274.0
264259.3
264215.4
264186.1
264186.1
264171.4
264127.5
264112.8
264112.8
264068.8
264039.5
264024.9
264024.9
263980.9
263966.3
263922.3
263878.4
263863.7
263863.7
263834.4
263805.1
263775.8
263775.8
263731.8
263717.2
263717.2
263687.9
263673.2
263629.3
263600.0
263570.7
263570.7
263541.4
263526.7
263482.7
263482.7
263453.4
263438.8
263394.8
263394.8
263350.9
263350.9
263292.3
263277.6
263248.3
263248.3
263219.0
263189.7
263145.7
263145.7
263131.1
263101.8
263087.1
263043.2
263013.9
263013.9
262984.6
262955.2
262940.6
262940.6
262896.6
262867.3
262852.7
262852.7
262808.7
262794.1
262764.8
262720.8
262706.2
262706.2
262647.5
262632.9
262603.6
262603.6
262559.6
262545.0
262515.7
262515.7
262486.4
262457.1
262427.8
262398.4
262398.4
262369.1
262354.5
262310.5
262310.5
262281.2
262266.6
262222.6
262222.6
262208.0
262178.7
262134.7
262120.0
262076.1
262076.1
262046.8
262017.5
261973.5
261973.5
261958.9
261929.6
261900.3
261900.3
261841.7
261841.7
261812.3
261783.0
261768.4
261768.4
261724.4
261695.1
261695.1
261680.5
261636.5
261607.2
261607.2
261548.6
261548.6
261533.9
261490.0
261460.7
261460.7
261446.0
261387.4
261372.8
261372.8
261343.5
261299.5
261284.9
261255.5
261226.2
261226.2
261196.9
261153.0
261138.3
261138.3
261109.0
261094.4
261094.4
261050.4
261021.1
260991.8
260962.5
260947.8
260947.8
260903.9
260874.6
260859.9
260859.9
260801.3
260786.7
260757.4
260757.4
260713.4
260698.7
260654.8
260640.1
260610.8
260610.8
260566.9
260552.2
260552.2
260522.9
260493.6
260464.3
260464.3
260435.0
260405.7
260376.4
260361.7
260317.8
260317.8
260288.5
260273.8
260229.9
260229.9
260215.2
260171.3
260127.3
260127.3
260068.7
260068.7
260054.0
260024.7
260024.7
259980.8
259966.1
259936.8
259936.8
259907.5
259878.2
259848.9
259848.9
259790.3
259790.3
259775.6
259731.7
259702.4
259702.4
259687.7
259643.8
259643.8
259629.1
259585.2
259541.2
259541.2
259482.6
259482.6
259467.9
259438.6
259394.7
259394.7
259380.0
259350.7
259321.4
259321.4
259292.1
259248.1
259248.1
259204.2
259204.2
259189.5
259145.6
259116.3
259116.3
259087.0
259057.7
259028.4
259028.4
258999.0
258969.7
258955.1
258896.5
258867.2
258867.2
258852.5
258808.6
258808.6
258793.9
258764.6
258720.7
258720.7
258706.0
258662.0
258647.4
258618.1
258574.1
258574.1
258559.5
258530.2
258530.2
258500.9
258471.6
258442.3
258442.3
258412.9
258383.6
258369.0
258325.0
258281.1
258281.1
258266.4
258222.5
258207.8
258207.8
258178.5
258134.5
258134.5
258119.9
258075.9
258061.3
258032.0
257988.0
257988.0
257973.4
257944.1
257914.8
257914.8
257885.5
257856.1
257856.1
257826.8
257797.5
257782.9
257738.9
257709.6
257709.6
257695.0
257636.4
257621.7
257621.7
257577.7
257548.4
257548.4
257533.8
257489.8
257475.2
257445.9
257401.9
257401.9
257387.3
257358.0
257328.7
257328.7
257299.4
257255.4
257255.4
257240.7
257211.4
257196.8
257196.8
257123.5
257123.5
257094.2
257064.9
257035.6
257035.6
256991.6
256962.3
256962.3
256947.7
256903.7
256889.1
256889.1
256815.8
256815.8
256801.2
256771.9
256742.6
256742.6
256713.2
256669.3
256669.3
256654.6
256625.3
256610.7
256610.7
256537.4
256537.4
256508.1
256478.8
256478.8
256449.5
256405.5
256376.2
256376.2
256361.6
256317.6
256288.3
256288.3
256229.7
256229.7
256215.1
256171.1
256171.1
256141.8
256127.1
256083.2
256083.2
256068.5
256039.2
255995.3
255995.3
255980.6
255951.3
255922.0
255892.7
255892.7
255848.7
255834.1
255790.1
255790.1
255775.5
255731.5
255731.5
255702.2
255672.9
255643.6
255629.0
255585.0
255585.0
255555.7
255541.0
255497.1
255497.1
255482.4
255453.1
255453.1
255409.2
255394.5
255365.2
255335.9
255306.6
255306.6
255262.6
255248.0
255248.0
255218.7
255204.0
255145.4
255145.4
255116.1
255086.8
255057.5
255042.9
255042.9
254998.9
254969.6
254954.9
254954.9
254911.0
254896.3
254867.0
254867.0
254823.1
254808.4
254764.5
254749.8
254749.8
254720.5
254676.5
254661.9
254661.9
254632.6
254617.9
254617.9
254574.0
254530.0
254500.7
254471.4
254456.7
254456.7
254412.8
254383.5
254383.5
254368.8
254324.9
254310.2
254310.2
254280.9
254237.0
254237.0
254178.4
254178.4
254163.7
254134.4
254090.4
254090.4
254075.8
254046.5
254046.5
254017.2
253987.9
253958.6
253958.6
253885.3
253885.3
253841.3
253826.7
253826.7
253797.4
253782.7
253738.8
253738.8
253709.5
253680.2
253650.9
253650.9
253636.2
253592.2
253562.9
253548.3
253548.3
253504.3
253489.7
253460.4
253460.4
253416.4
253401.8
253401.8
253372.5
253343.2
253313.8
253255.2
253255.2
253240.6
253211.3
253196.6
253196.6
253152.7
253123.4
253094.1
253094.1
253064.8
253050.1
253006.1
252976.8
252976.8
252962.2
252918.2
252903.6
252903.6
252874.3
252830.3
252830.3
252815.7
252771.7
252757.0
252727.7
252727.7
252669.1
252654.5
252625.2
252625.2
252595.9
252566.6
252566.6
252537.3
252508.0
252478.7
252478.7
252420.0
252420.0
252390.7
252376.1
252376.1
252332.1
252317.5
252288.2
252288.2
252244.2
252229.6
252229.6
252185.6
252170.9
252141.6
252097.7
252083.0
252083.0
252039.1
252009.8
252009.8
251980.5
251951.2
251921.9
251921.9
251892.5
251877.9
251833.9
251804.6
251804.6
251790.0
251746.0
251731.4
251731.4
251687.4
251658.1
251658.1
251643.5
251599.5
251584.8
251584.8
251555.5
251511.6
251496.9
251467.6
251467.6
251438.3
251394.4
251394.4
251350.4
251335.7
251306.4
251306.4
251291.8
251247.8
251218.5
251189.2
251189.2
251159.9
251130.6
251101.3
251101.3
251072.0
251057.4
251057.4
251013.4
250984.1
250969.4
250925.5
250925.5
250910.8
250881.5
250837.6
250837.6
250822.9
250764.3
250764.3
250749.6
250720.3
250676.4
250676.4
250632.4
250632.4
250603.1
250573.8
250573.8
250544.5
250515.2
250485.9
250485.9
250471.2
250427.3
250427.3
250398.0
250383.3
250339.4
250324.7
250324.7
250295.4
250251.5
250236.8
250236.8
250192.8
250163.5
250163.5
250134.2
250090.3
250075.6
250046.3
250046.3
250017.0
249987.7
249958.4
249958.4
249929.1
249899.8
249899.8
249885.1
249841.2
249811.9
249811.9
249797.2
249753.3
249738.6
249694.7
249694.7
249665.4
249650.7
249650.7
249606.7
249592.1
249562.8
249562.8
249504.2
249489.5
249460.2
249430.9
249430.9
249401.6
249357.7
249357.7
249343.0
249313.7
249299.0
249299.0
249255.1
249225.8
249225.8
249167.2
249167.2
249152.5
249108.6
249108.6
249079.3
249064.6
249020.6
249020.6
249006.0
248976.7
248976.7
248932.7
248903.4
248874.1
248844.8
248844.8
248815.5
248771.5
248756.9
248756.9
248727.6
248712.9
248712.9
248669.0
248639.7
248610.4
248581.1
248581.1
248551.8
248522.5
248493.1
248493.1
248478.5
248434.5
248434.5
248405.2
248390.6
248346.6
248346.6
248332.0
248273.4
248244.1
248229.4
248229.4
248185.4
248170.8
248170.8
248141.5
248097.5
248082.9
248082.9
248053.6
248024.3
247995.0
247951.0
247951.0
247936.3
247907.0
247907.0
247892.4
247848.4
247819.1
247819.1
247789.8
247760.5
247760.5
247701.9
247701.9
247658.0
247643.3
247643.3
247599.3
247584.7
247584.7
247555.4
247511.4
247496.8
247496.8
247467.5
247438.2
247408.9
247364.9
247364.9
247350.2
247320.9
247320.9
247306.3
247262.3
247233.0
247233.0
247203.7
247174.4
247174.4
247115.8
247115.8
247086.5
247071.8
247071.8
247013.2
246998.6
246998.6
246969.3
246925.3
246910.7
246910.7
246881.4
246852.1
246822.8
246778.8
246778.8
246764.1
246734.8
246734.8
246720.2
246676.2
246646.9
246646.9
246617.6
246588.3
246588.3
246529.7
246529.7
246500.4
246485.7
246485.7
246441.8
246412.5
246412.5
246383.2
246339.2
246324.6
246324.6
246280.6
246266.0
246236.7
246192.7
246192.7
246178.0
246148.7
246148.7
246119.4
246090.1
246090.1
246060.8
246031.5
246002.2
246002.2
245958.3
245943.6
245914.3
245899.6
245899.6
245855.7
245826.4
245826.4
245811.7
245753.1
245753.1
245738.5
245694.5
245665.2
245665.2
245650.5
245606.6
245591.9
245562.6
245562.6
245518.7
245504.0
245504.0
245474.7
245445.4
245445.4
245416.1
245372.1
245357.5
245328.2
245328.2
245313.5
245269.6
245240.3
245240.3
245211.0
245181.7
245181.7
245152.4
245108.4
245108.4
245079.1
245064.4
245020.5
245005.8
245005.8
244976.5
244932.6
244917.9
244917.9
244874.0
244859.3
244859.3
244830.0
244786.0
244786.0
244742.1
244742.1
244712.8
244683.5
244683.5
244654.2
244624.9
244595.6
244595.6
244580.9
244522.3
244522.3
244493.0
244478.3
244434.4
244419.7
244419.7
244390.4
244346.5
244346.5
244331.8
244287.9
244287.9
244273.2
244243.9
244199.9
244199.9
244185.3
244156.0
244126.7
244097.4
244097.4
244068.1
244038.8
244038.8
244009.5
243994.8
243994.8
243950.8
243906.9
243906.9
243848.3
243848.3
243833.6
243789.7
243789.7
243760.4
243745.7
243701.8
243701.8
243687.1
243657.8
243657.8
243613.8
243599.2
243569.9
243540.6
243540.6
243511.3
243482.0
243482.0
243452.7
243423.4
243423.4
243379.4
243364.7
243335.4
243335.4
243320.8
243262.2
243232.9
243203.6
243203.6
243174.3
243159.6
243159.6
243115.7
243086.3
243086.3
243071.7
243027.7
243027.7
242983.8
242983.8
242939.8
242925.2
242925.2
242881.2
242866.6
242837.3
242837.3
242793.3
242778.6
242778.6
242749.3
242720.0
242690.7
242646.8
242646.8
242617.5
242588.2
242588.2
242573.5
242529.5
242529.5
242500.2
242485.6
242485.6
242441.6
242427.0
242397.7
242353.7
242353.7
242339.1
242295.1
242295.1
242280.5
242251.1
242207.2
242207.2
242192.5
242163.2
242163.2
242104.6
242104.6
242075.3
242031.4
242031.4
242002.1
241987.4
241987.4
241943.4
241914.1
241914.1
241899.5
241855.5
241855.5
241796.9
241796.9
241767.6
241753.0
241753.0
241709.0
241694.3
241665.0
241665.0
241621.1
241606.4
241606.4
241577.1
241547.8
241518.5
241474.6
241474.6
241459.9
241430.6
241430.6
241401.3
241357.3
241357.3
241328.0
241298.7
241298.7
241269.4
241254.8
241210.8
241181.5
241181.5
241166.9
241122.9
241122.9
241108.2
241078.9
241078.9
241035.0
241020.3
240991.0
240991.0
240961.7
240932.4
240888.5
240888.5
240873.8
240844.5
240800.5
240800.5
240771.2
240741.9
240741.9
240712.6
240683.3
240683.3
240624.7
240624.7
240595.4
240580.8
240580.8
240536.8
240507.5
240507.5
240492.8
240448.9
240448.9
240434.2
240390.3
240390.3
240346.3
240346.3
240302.4
240287.7
240287.7
240258.4
240214.4
240214.4
240199.8
240155.8
240126.5
240126.5
240097.2
240053.3
240053.3
240038.6
240009.3
239994.7
239950.7
239950.7
239921.4
239892.1
239892.1
239862.8
239848.1
239848.1
239804.2
239774.9
239774.9
239716.3
239716.3
239701.6
239672.3
239672.3
239628.3
239613.7
239613.7
239584.4
239555.1
239555.1
239511.1
239467.2
239467.2
239423.2
239423.2
239408.5
239364.6
239364.6
239335.3
239306.0
239306.0
239276.7
239262.0
239262.0
239218.1
239188.8
239188.8
239130.1
239130.1
239115.5
239086.2
239086.2
239042.2
239027.6
239027.6
238998.3
238969.0
238939.7
238939.7
238881.1
238866.4
238837.1
238837.1
238822.4
238778.5
238778.5
238749.2
238719.9
238690.6
238690.6
238675.9
238632.0
238632.0
238602.7
238588.0
238544.0
238544.0
238529.4
238500.1
238456.1
238456.1
238441.5
238397.5
238397.5
238382.9
238353.6
238353.6
238309.6
238280.3
238251.0
238207.0
238207.0
238192.4
238163.1
238163.1
238133.8
238104.5
238104.5
238060.5
238045.9
238045.9
238016.6
238001.9
237957.9
237928.6
237928.6
237914.0
237870.0
237870.0
237855.4
237811.4
237811.4
237782.1
237767.5
237767.5
237723.5
237708.8
237679.5
237620.9
237620.9
237606.3
237577.0
237577.0
237547.7
237518.4
237518.4
237474.4
237459.8
237459.8
237430.4
237415.8
237371.8
237342.5
237342.5
237313.2
237283.9
237283.9
237269.3
237225.3
237225.3
237196.0
237181.4
237181.4
237137.4
237122.7
237093.4
237049.5
237049.5
237020.2
236976.2
236976.2
236961.6
236932.3
236932.3
236888.3
236873.7
236873.7
236844.3
236815.0
236785.7
236756.4
236756.4
236727.1
236697.8
236697.8
236683.2
236639.2
236639.2
236609.9
236595.3
236595.3
236551.3
236536.6
236507.3
236507.3
236463.4
236448.7
236390.1
236390.1
236375.5
236346.2
236346.2
236302.2
236287.5
236287.5
236258.2
236228.9
236199.6
236199.6
236170.3
236141.0
236141.0
236111.7
236097.1
236097.1
236053.1
236023.8
236009.1
236009.1
235965.2
235950.5
235921.2
235921.2
235877.3
235862.6
235862.6
235818.7
235804.0
235804.0
235760.1
235716.1
235716.1
235701.4
235672.1
235672.1
235613.5
235613.5
235584.2
235554.9
235554.9
235525.6
235481.7
235481.7
235467.0
235437.7
235437.7
235423.0
235379.1
235379.1
235320.5
235320.5
235291.2
235276.5
235276.5
235232.6
235203.3
235203.3
235188.6
235130.0
235130.0
235115.3
235086.0
235086.0
235027.4
235027.4
234983.5
234968.8
234968.8
234939.5
234895.6
234895.6
234880.9
234851.6
234851.6
234822.3
234793.0
234793.0
234763.7
234734.4
234705.1
234705.1
234690.4
234646.5
234646.5
234617.2
234602.5
234602.5
234558.5
234543.9
234543.9
234499.9
234456.0
234456.0
234397.4
234397.4
234382.7
234353.4
234353.4
234309.4
234294.8
234294.8
234265.5
234236.2
234236.2
234206.9
234177.6
234177.6
234119.0
234119.0
234104.3
234060.4
234060.4
234031.0
234016.4
234016.4
233972.4
233957.8
233957.8
233899.2
233869.9
233869.9
233855.2
233811.3
233796.6
233796.6
233767.3
233723.3
233723.3
233708.7
233679.4
233679.4
233650.1
233620.8
233620.8
233576.8
233562.2
233532.9
233518.2
233518.2
233474.3
233444.9
233444.9
233415.6
233386.3
233386.3
233371.7
233327.7
233327.7
233298.4
233269.1
233225.2
233225.2
233210.5
233181.2
233181.2
233137.2
233122.6
233122.6
233093.3
233049.3
233049.3
233034.7
232990.7
232990.7
232946.8
232946.8
232902.8
232888.1
232888.1
232858.8
232829.5
232829.5
232800.2
232770.9
232770.9
232741.6
232712.3
232712.3
232697.7
232639.1
232609.7
232609.7
232595.1
232551.1
232551.1
232536.5
232492.5
232492.5
232463.2
232448.6
232448.6
232404.6
232390.0
232360.7
232316.7
232316.7
232302.0
232272.7
232272.7
232243.4
232214.1
232214.1
232184.8
232155.5
232155.5
232126.2
232111.6
232067.6
232067.6
232023.6
232009.0
232009.0
231965.0
231950.4
231950.4
231906.4
231877.1
231877.1
231862.5
231818.5
231818.5
231774.6
231774.6
231730.6
231715.9
231715.9
231686.6
231657.3
231657.3
231628.0
231584.1
231584.1
231569.4
231540.1
231540.1
231525.5
231481.5
231452.2
231452.2
231437.5
231378.9
231378.9
231364.3
231320.3
231320.3
231291.0
231276.4
231276.4
231232.4
231217.8
231188.4
231188.4
231144.5
231129.8
231129.8
231100.5
231071.2
231071.2
231041.9
230998.0
230998.0
230983.3
230954.0
230954.0
230895.4
230895.4
230866.1
230836.8
230836.8
230807.5
230792.8
230792.8
230734.2
230704.9
230704.9
230690.3
230646.3
230646.3
230631.6
230602.3
230558.4
230558.4
230543.7
230499.8
230499.8
230485.1
230455.8
230455.8
230411.9
230397.2
230397.2
230367.9
230323.9
230309.3
230309.3
230280.0
230250.7
230250.7
230221.4
230177.4
230177.4
230148.1
230118.8
230118.8
230104.2
230060.2
230060.2
230030.9
230016.2
229972.3
229972.3
229957.6
229913.7
229913.7
229884.4
229869.7
229869.7
229825.8
229811.1
229811.1
229781.8
229737.8
229723.2
229693.9
229693.9
229664.6
229664.6
229635.3
229591.3
229591.3
229576.7
229547.4
229547.4
229518.1
229474.1
229474.1
229415.5
229415.5
229386.2
229371.5
229371.5
229327.6
229298.3
229298.3
229283.6
229283.6
229239.7
229225.0
229225.0
229195.7
229151.7
229137.1
229093.1
229093.1
229078.5
229049.2
229049.2
229005.2
228990.6
228990.6
228961.3
228961.3
228932.0
228888.0
228888.0
228829.4
228829.4
228800.1
228785.4
228785.4
228741.5
228712.2
228712.2
228697.5
228653.6
228653.6
228638.9
228638.9
228609.6
228565.6
228565.6
228507.0
228507.0
228492.4
228463.1
228463.1
228419.1
228404.5
228404.5
228375.2
228345.8
228345.8
228316.5
228316.5
228287.2
228243.3
228214.0
228199.3
228199.3
228155.4
228126.1
228126.1
228111.4
228067.4
228067.4
228052.8
228052.8
228023.5
227979.5
227979.5
227920.9
227920.9
227906.3
227877.0
227877.0
227833.0
227818.4
227818.4
227789.0
227789.0
227745.1
227730.4
227730.4
227701.1
227671.8
227627.9
227583.9
227583.9
227569.3
227540.0
227540.0
227525.3
227525.3
227481.3
227452.0
227452.0
227422.7
227393.4
227393.4
227334.8
227334.8
227305.5
227305.5
227290.9
227246.9
227246.9
227232.3
227202.9
227202.9
227159.0
227144.3
227144.3
227100.4
227085.7
227056.4
227056.4
226997.8
226983.2
226983.2
226953.9
226924.5
226924.5
226895.2
226865.9
226865.9
226836.6
226807.3
226807.3
226792.7
226748.7
226719.4
226719.4
226704.8
226660.8
226660.8
226646.1
226616.8
226616.8
226572.9
226558.2
226558.2
226514.3
226499.6
226470.3
226470.3
226426.4
226411.7
226411.7
226367.7
226338.4
226338.4
226309.1
226279.8
226279.8
226250.5
226250.5
226221.2
226206.6
226162.6
226133.3
226133.3
226118.7
226074.7
226074.7
226060.0
226060.0
226016.1
225986.8
225986.8
225972.1
225928.2
225928.2
225884.2
225884.2
225840.3
225840.3
225825.6
225796.3
225796.3
225752.3
225723.0
225723.0
225679.1
225664.4
225664.4
225635.1
225620.5
225576.5
225576.5
225547.2
225517.9
225517.9
225488.6
225473.9
225473.9
225430.0
225400.7
225400.7
225386.0
225342.1
225342.1
225327.4
225298.1
225254.2
225254.2
225239.5
225210.2
225210.2
225166.2
225166.2
225136.9
225093.0
225093.0
225078.3
225049.0
225049.0
224990.4
224990.4
224961.1
224961.1
224931.8
224902.5
224902.5
224873.2
224843.9
224843.9
224814.6
224799.9
224799.9
224756.0
224726.7
224712.0
224712.0
224668.0
224653.4
224653.4
224624.1
224580.1
224580.1
224565.5
224506.9
224506.9
224492.2
224492.2
224462.9
224419.0
224404.3
224375.0
224375.0
224345.7
224345.7
224316.4
224287.1
224287.1
224257.8
224228.5
224228.5
224213.8
224169.9
224169.9
224140.6
224125.9
224081.9
224081.9
224067.3
224023.3
224023.3
223994.0
223979.4
223979.4
223935.4
223935.4
223920.8
223876.8
223876.8
223818.2
223818.2
223788.9
223788.9
223759.6
223730.3
223730.3
223686.3
223671.7
223671.7
223642.4
223627.7
223627.7
223583.8
223554.5
223539.8
223539.8
223495.8
223481.2
223481.2
223437.2
223407.9
223407.9
223393.3
223393.3
223349.3
223334.7
223334.7
223305.4
223246.7
223232.1
223232.1
223202.8
223173.5
223173.5
223144.2
223100.2
223100.2
223085.6
223056.3
223056.3
223041.6
222997.7
222997.7
222968.3
222968.3
222909.7
222909.7
222895.1
222851.1
222851.1
222821.8
222821.8
222807.2
222763.2
222763.2
222748.6
222719.3
222719.3
222675.3
222660.6
222602.0
222602.0
222572.7
222558.1
222558.1
222514.1
222499.5
222499.5
222470.2
222470.2
222426.2
222411.6
222411.6
222382.2
222352.9
222323.6
222323.6
222279.7
222265.0
222265.0
222235.7
222221.1
222221.1
222177.1
222147.8
222147.8
222133.2
222133.2
222089.2
222074.5
222015.9
221986.6
221986.6
221972.0
221972.0
221928.0
221913.4
221913.4
221884.1
221840.1
221840.1
221825.4
221796.1
221796.1
221766.8
221737.5
221693.6
221693.6
221678.9
221678.9
221649.6
221635.0
221635.0
221591.0
221561.7
221561.7
221532.4
221503.1
221503.1
221488.4
221444.5
221415.2
221415.2
221385.9
221341.9
221341.9
221327.3
221327.3
221298.0
221254.0
221254.0
221239.3
221195.4
221195.4
221180.7
221151.4
221107.5
221107.5
221092.8
221063.5
221063.5
221048.9
221004.9
221004.9
220975.6
220975.6
220946.3
220917.0
220917.0
220902.3
220858.4
220829.1
220829.1
220814.4
220755.8
220755.8
220741.2
220711.9
220711.9
220667.9
220667.9
220653.2
220609.3
220609.3
220594.6
220565.3
220521.4
220521.4
220506.7
220477.4
220477.4
220448.1
220418.8
220418.8
220389.5
220389.5
220360.2
220330.9
220330.9
220272.3
220272.3
220243.0
220243.0
220228.3
220184.4
220184.4
220169.7
220125.7
220125.7
220081.8
220081.8
220067.1
220023.2
220023.2
219979.2
219979.2
219935.3
219935.3
219920.6
219891.3
219891.3
219847.3
219832.7
219832.7
219803.4
219803.4
219774.1
219744.8
219744.8
219700.8
219686.2
219656.9
219656.9
219642.2
219598.3
219598.3
219569.0
219539.6
219539.6
219495.7
219495.7
219481.0
219437.1
219437.1
219407.8
219393.1
219349.2
219349.2
219334.5
219305.2
219305.2
219261.2
219246.6
219246.6
219202.6
219202.6
219188.0
219158.7
219158.7
219114.7
219100.1
219070.8
219070.8
219041.5
219012.2
219012.2
218982.8
218982.8
218953.5
218924.2
218924.2
218909.6
218851.0
218851.0
218821.7
218807.0
218763.1
218763.1
218748.4
218719.1
218719.1
218675.1
218675.1
218660.5
218616.5
218616.5
218601.9
218572.6
218572.6
218528.6
218514.0
218484.7
218484.7
218455.4
218426.0
218426.0
218396.7
218396.7
218367.4
218338.1
218338.1
218323.5
218279.5
218279.5
218235.6
218220.9
218177.0
218177.0
218162.3
218162.3
218118.3
218089.0
218089.0
218074.4
218030.4
218030.4
218015.8
218015.8
217986.5
217942.5
217927.9
217927.9
217898.6
217869.3
217869.3
217839.9
217796.0
217796.0
217781.3
217781.3
217752.0
217737.4
217737.4
217693.4
217664.1
217620.2
217620.2
217590.9
217576.2
217576.2
217532.2
217502.9
217502.9
217488.3
217488.3
217444.3
217415.0
217415.0
217400.4
217356.4
217356.4
217341.8
217312.5
217268.5
217268.5
217253.8
217253.8
217209.9
217195.2
217195.2
217165.9
217122.0
217122.0
217107.3
217107.3
217078.0
217063.4
217004.7
217004.7
216975.4
216946.1
216946.1
216916.8
216902.2
216902.2
216858.2
216858.2
216828.9
216814.3
216814.3
216770.3
216755.7
216726.3
216726.3
216682.4
216667.7
216667.7
216623.8
216623.8
216609.1
216579.8
216579.8
216535.9
216521.2
216521.2
216491.9
216491.9
216433.3
216433.3
216404.0
216404.0
216360.0
216330.7
216330.7
216316.1
216272.1
216272.1
216242.8
216242.8
216228.2
216184.2
216184.2
216169.6
216125.6
216096.3
216096.3
216081.6
216037.7
216037.7
216023.0
216023.0
215993.7
215949.8
215949.8
215935.1
215935.1
215905.8
215876.5
215847.2
215847.2
215803.2
215788.6
215788.6
215744.6
215730.0
215730.0
215686.0
215686.0
215656.7
215642.1
215642.1
215598.1
215583.4
215539.5
215539.5
215510.2
215495.5
215495.5
215451.6
215451.6
215436.9
215407.6
215407.6
215363.7
215349.0
215349.0
215319.7
215319.7
215261.1
215261.1
215217.1
215217.1
215202.5
215173.2
215173.2
215158.5
215158.5
215099.9
215070.6
215070.6
215041.3
215012.0
215012.0
214997.3
214953.4
214924.1
214924.1
214909.4
214909.4
214865.5
214836.2
214836.2
214821.5
214777.6
214777.6
214762.9
214762.9
214718.9
214689.6
214675.0
214675.0
214631.0
214616.4
214616.4
214587.1
214587.1
214543.1
214528.5
214528.5
214484.5
214455.2
214455.2
214425.9
214425.9
214367.3
214367.3
214338.0
214338.0
214323.3
214279.4
214279.4
214250.1
214250.1
214235.4
214191.5
214191.5
214176.8
214132.8
214132.8
214103.5
214088.9
214044.9
214044.9
214030.3
214030.3
214001.0
213957.0
213957.0
213942.4
213942.4
213913.1
213869.1
213869.1
213839.8
213795.8
213781.2
213781.2
213751.9
213737.2
213737.2
213693.3
213693.3
213664.0
213634.7
213634.7
213605.3
213605.3
213590.7
213546.7
213546.7
213517.4
213502.8
213458.8
213458.8
213444.2
213414.9
213414.9
213370.9
213370.9
213356.3
213326.9
213326.9
213297.6
213297.6
213253.7
213209.7
213195.1
213195.1
213165.8
213151.1
213151.1
213107.2
213107.2
213077.9
213048.6
213048.6
213019.2
213004.6
213004.6
212960.6
212960.6
212916.7
212916.7
212872.7
212872.7
212858.1
212828.8
212828.8
212784.8
212784.8
212770.2
212726.2
212726.2
212711.5
212682.2
212682.2
212623.6
212609.0
212609.0
212579.7
212550.4
212550.4
212521.1
212491.8
212491.8
212462.4
212462.4
212433.1
212418.5
212418.5
212374.5
212374.5
212330.6
212330.6
212286.6
212286.6
212272.0
212242.7
212242.7
212198.7
212198.7
212184.0
212140.1
212140.1
212110.8
212096.1
212096.1
212052.2
212037.5
212037.5
211993.6
211949.6
211949.6
211935.0
211905.6
211905.6
211876.3
211876.3
211847.0
211803.1
211803.1
211788.4
211788.4
211759.1
211744.5
211700.5
211700.5
211671.2
211641.9
211641.9
211612.6
211612.6
211597.9
211554.0
211554.0
211524.7
211524.7
211510.0
211466.1
211466.1
211451.4
211422.1
211363.5
211363.5
211348.9
211348.9
211304.9
211290.2
211290.2
211260.9
211217.0
211217.0
211202.3
211202.3
211173.0
211143.7
211114.4
211114.4
211085.1
211055.8
211055.8
211026.5
211026.5
211011.8
210967.9
210967.9
210938.6
210938.6
210923.9
210880.0
210880.0
210865.3
210836.0
210792.1
210792.1
210777.4
210777.4
210718.8
210704.1
210704.1
210674.8
210674.8
210630.9
210616.2
210616.2
210586.9
210586.9
210528.3
210528.3
210499.0
210499.0
210469.7
210440.4
210440.4
210425.7
210425.7
210381.8
210352.5
210352.5
210337.8
210293.9
210293.9
210279.2
210235.3
210235.3
210205.9
210191.3
210191.3
210147.3
210147.3
210118.0
210088.7
210088.7
210044.8
210030.1
210030.1
210000.8
210000.8
209971.5
209942.2
209898.2
209898.2
209883.6
209883.6
209854.3
209839.6
209839.6
209795.7
209766.4
209766.4
209751.7
209751.7
209707.8
209693.1
209649.2
209649.2
209619.8
209619.8
209605.2
209561.2
209561.2
209531.9
209502.6
209502.6
209458.7
209458.7
209444.0
209414.7
209414.7
209370.8
209356.1
209356.1
209312.1
209297.5
209297.5
209268.2
209268.2
209224.2
209209.6
209209.6
209180.3
209165.6
209165.6
209121.7
209121.7
209092.4
209063.0
209033.7
209033.7
209019.1
209019.1
208975.1
208945.8
208945.8
208931.2
208931.2
208872.6
208857.9
208857.9
208828.6
208828.6
208770.0
208770.0
208726.0
208726.0
208711.4
208682.1
208682.1
208638.1
208638.1
208623.5
208594.2
208594.2
208564.9
208564.9
208535.6
208506.3
208476.9
208476.9
208447.6
208433.0
208433.0
208389.0
208389.0
208359.7
208345.1
208345.1
208301.1
208301.1
208286.5
208227.9
208227.9
208198.5
208183.9
208139.9
208139.9
208125.3
208125.3
208096.0
208052.0
208052.0
208037.4
208037.4
208008.1
207978.8
207978.8
207949.5
207949.5
207905.5
207890.8
207861.5
207861.5
207846.9
207846.9
207802.9
207773.6
207773.6
207759.0
207759.0
207715.0
207700.4
207700.4
207656.4
207656.4
207597.8
207597.8
207553.8
207553.8
207539.2
207509.9
207509.9
207465.9
207465.9
207451.3
207422.0
207422.0
207392.7
207392.7
207363.3
207319.4
207304.7
207304.7
207275.4
207275.4
207260.8
207216.8
207216.8
207187.5
207187.5
207158.2
207128.9
207128.9
207114.3
207114.3
207070.3
207041.0
207026.3
207026.3
206967.7
206938.4
206938.4
206923.8
206923.8
206879.8
206865.2
206865.2
206821.2
206821.2
206791.9
206777.2
206777.2
206733.3
206718.6
206718.6
206689.3
206645.4
206645.4
206630.7
206630.7
206601.4
206572.1
206572.1
206542.8
206542.8
206498.8
206484.2
206484.2
206454.9
206440.2
206396.3
206396.3
206352.3
206352.3
206337.7
206293.7
206293.7
206279.1
206279.1
206235.1
206205.8
206205.8
206191.1
206191.1
206147.2
206132.5
206103.2
206103.2
206059.3
206059.3
206044.6
206015.3
206015.3
205986.0
205986.0
205956.7
205927.4
205927.4
205898.1
205898.1
205868.8
205854.1
205810.2
205810.2
205780.9
205780.9
205766.2
205707.6
205707.6
205693.0
205693.0
205649.0
205619.7
205619.7
205605.0
205605.0
205561.1
205546.4
205517.1
205517.1
205473.2
205473.2
205458.5
205429.2
205429.2
205399.9
205399.9
205370.6
205326.6
205326.6
205312.0
205312.0
205282.7
205268.0
205224.1
205224.1
205194.8
205194.8
205165.5
205121.5
205121.5
205106.9
205106.9
205062.9
205033.6
205033.6
205018.9
205018.9
204975.0
204960.3
204931.0
204931.0
204887.1
204887.1
204872.4
204828.5
204828.5
204813.8
204813.8
204784.5
204740.5
204740.5
204725.9
204725.9
204696.6
204667.3
204638.0
204638.0
204608.7
204608.7
204579.4
204550.1
204550.1
204535.4
204535.4
204476.8
204447.5
204447.5
204432.8
204432.8
204388.9
204359.6
204344.9
204344.9
204301.0
204301.0
204286.3
204242.3
204242.3
204213.0
204213.0
204198.4
204154.4
204154.4
204139.8
204139.8
204110.5
204066.5
204051.9
204051.9
204022.6
204022.6
203993.3
203963.9
203963.9
203920.0
203920.0
203905.3
203861.4
203861.4
203846.7
203846.7
203802.8
203773.5
203744.2
203744.2
203714.9
203714.9
203700.2
203656.2
203656.2
203626.9
203626.9
203612.3
203568.3
203568.3
203553.7
203553.7
203524.4
203480.4
203465.8
203465.8
203421.8
203421.8
203407.2
203377.8
203377.8
203333.9
203333.9
203319.2
203319.2
203289.9
203246.0
203246.0
203216.7
203216.7
203158.1
203158.1
203128.8
203128.8
203114.1
203114.1
203070.1
203040.8
203040.8
203026.2
203026.2
202982.2
202967.6
202967.6
202938.3
202938.3
202894.3
202879.7
202835.7
202835.7
202821.0
202821.0
202791.7
202747.8
202747.8
202733.1
202733.1
202703.8
202674.5
202674.5
202645.2
202645.2
202601.3
202572.0
202542.6
202542.6
202528.0
202528.0
202484.0
202484.0
202454.7
202440.1
202440.1
202396.1
202396.1
202381.5
202352.2
202352.2
202308.2
202293.6
202293.6
202249.6
202234.9
202234.9
202205.6
202205.6
202161.7
202147.0
202147.0
202117.7
202117.7
202088.4
202088.4
202059.1
202029.8
201985.9
201985.9
201956.5
201941.9
201941.9
201897.9
201897.9
201868.6
201868.6
201854.0
201810.0
201810.0
201780.7
201780.7
201751.4
201722.1
201707.5
201707.5
201663.5
201663.5
201634.2
201619.5
201619.5
201575.6
201575.6
201560.9
201560.9
201531.6
201487.7
201487.7
201473.0
201473.0
201429.1
201414.4
201370.4
201370.4
201326.5
201326.5
201311.8
201282.5
201282.5
201267.9
201267.9
201223.9
201194.6
201194.6
201165.3
201165.3
201136.0
201121.3
201077.4
201077.4
201048.1
201048.1
201033.4
201033.4
200989.5
200974.8
200974.8
200945.5
200945.5
200901.6
200886.9
200886.9
200842.9
200828.3
200828.3
200799.0
200740.4
200740.4
200725.7
200725.7
200696.4
200696.4
200667.1
200637.8
200637.8
200608.5
200608.5
200579.2
200549.9
200535.2
200535.2
200491.3
200491.3
200462.0
200447.3
200447.3
200403.4
200403.4
200388.7
200388.7
200344.8
200315.5
200315.5
200300.8
200300.8
200256.8
200242.2
200212.9
200212.9
200168.9
200168.9
200154.3
200154.3
200110.3
200081.0
200081.0
200051.7
200051.7
200007.8
199993.1
199993.1
199963.8
199963.8
199949.1
199905.2
199875.9
199875.9
199861.2
199861.2
199817.3
199817.3
199802.6
199758.7
199758.7
199729.4
199729.4
199714.7
199670.7
199670.7
199656.1
199626.8
199626.8
199582.8
199568.2
199568.2
199538.9
199538.9
199494.9
199494.9
199465.6
199421.6
199421.6
199407.0
199407.0
199377.7
199377.7
199319.1
199319.1
199289.8
199289.8
199260.5
199260.5
199231.2
199201.9
199201.9
199172.6
199172.6
199143.2
199143.2
199128.6
199084.6
199084.6
199055.3
199040.7
199040.7
198996.7
198982.1
198982.1
198938.1
198938.1
198908.8
198894.2
198894.2
198835.5
198835.5
198820.9
198820.9
198791.6
198747.6
198733.0
198733.0
198703.7
198703.7
198674.4
198645.1
198645.1
198615.8
198615.8
198586.5
198586.5
198557.1
198542.5
198542.5
198498.5
198498.5
198469.2
198454.6
198410.6
198410.6
198396.0
198396.0
198352.0
198352.0
198322.7
198308.1
198308.1
198264.1
198264.1
198234.8
198234.8
198205.5
198161.5
198146.9
198146.9
198117.6
198117.6
198088.3
198059.0
198059.0
198029.7
198029.7
198000.3
198000.3
197971.0
197956.4
197956.4
197912.4
197912.4
197883.1
197868.5
197824.5
197824.5
197809.9
197809.9
197765.9
197765.9
197736.6
197721.9
197721.9
197678.0
197678.0
197663.3
197663.3
197634.0
197575.4
197560.8
197560.8
197531.5
197531.5
197502.2
197472.9
197472.9
197428.9
197428.9
197414.2
197414.2
197384.9
197370.3
197370.3
197326.3
197326.3
197297.0
197267.7
197238.4
197238.4
197223.8
197223.8
197179.8
197179.8
197150.5
197135.8
197135.8
197091.9
197091.9
197077.2
197077.2
197047.9
196989.3
196974.7
196974.7
196930.7
196930.7
196916.1
196886.8
196886.8
196842.8
196842.8
196828.1
196828.1
196798.8
196769.5
196769.5
196740.2
196740.2
196710.9
196681.6
196681.6
196652.3
196623.0
196623.0
196593.7
196593.7
196564.4
196564.4
196549.7
196505.8
196505.8
196476.5
196476.5
196461.8
196461.8
196403.2
196403.2
196344.6
196344.6
196315.3
196315.3
196300.6
196256.7
196256.7
196242.0
196242.0
196212.7
196212.7
196168.8
196154.1
196154.1
196124.8
196095.5
196095.5
196066.2
196066.2
196022.2
196007.6
196007.6
195978.3
195978.3
195963.6
195963.6
195919.7
195890.4
195890.4
195861.1
195861.1
195831.8
195817.1
195773.2
195773.2
195729.2
195729.2
195714.5
195714.5
195670.6
195655.9
195655.9
195626.6
195626.6
195582.7
195582.7
195568.0
195524.1
195509.4
195509.4
195480.1
195480.1
195436.1
195436.1
195421.5
195392.2
195392.2
195377.5
195377.5
195333.6
195333.6
195304.3
195275.0
195275.0
195245.7
195231.0
195231.0
195187.1
195187.1
195157.7
195143.1
195143.1
195084.5
195084.5
195069.8
195069.8
195040.5
194996.6
194996.6
194981.9
194981.9
194938.0
194923.3
194923.3
194894.0
194850.0
194850.0
194835.4
194835.4
194806.1
194806.1
194791.4
194747.5
194747.5
194718.2
194718.2
194688.9
194688.9
194659.6
194644.9
194600.9
194600.9
194571.6
194571.6
194557.0
194557.0
194513.0
194483.7
194483.7
194454.4
194454.4
194410.5
194410.5
194395.8
194351.9
194351.9
194337.2
194307.9
194307.9
194263.9
194263.9
194249.3
194220.0
194220.0
194190.7
194190.7
194161.4
194161.4
194132.1
194102.8
194102.8
194073.5
194073.5
194029.5
194014.8
194014.8
193985.5
193970.9
193970.9
193926.9
193926.9
193897.6
193897.6
193853.7
193824.4
193824.4
193809.7
193809.7
193765.8
193765.8
193736.4
193721.8
193677.8
193677.8
193663.2
193663.2
193633.9
193633.9
193589.9
193575.3
193575.3
193531.3
193531.3
193516.7
193516.7
193487.4
193487.4
193428.7
193428.7
193399.4
193399.4
193384.8
193384.8
193340.8
193340.8
193311.5
193282.2
193282.2
193238.3
193238.3
193223.6
193223.6
193179.6
193150.3
193135.7
193135.7
193091.7
193091.7
193077.1
193077.1
193047.8
193003.8
193003.8
192989.2
192989.2
192945.2
192945.2
192930.6
192901.2
192901.2
192857.3
192842.6
192842.6
192813.3
192813.3
192784.0
192754.7
192754.7
192725.4
192725.4
192696.1
192696.1
192666.8
192666.8
192652.2
192593.5
192593.5
192564.2
192549.6
192549.6
192505.6
192505.6
192491.0
192447.0
192447.0
192417.7
192417.7
192403.1
192403.1
192359.1
192359.1
192344.5
192315.1
192315.1
192271.2
192256.5
192256.5
192227.2
192227.2
192197.9
192168.6
192168.6
192139.3
192139.3
192110.0
192110.0
192080.7
192066.1
192066.1
192022.1
192022.1
191978.1
191963.5
191963.5
191919.5
191904.9
191904.9
191860.9
191860.9
191831.6
191831.6
191817.0
191817.0
191773.0
191758.3
191758.3
191729.0
191729.0
191685.1
191670.4
191670.4
191641.1
191611.8
191611.8
191582.5
191582.5
191538.6
191538.6
191523.9
191523.9
191494.6
191479.9
191479.9
191436.0
191436.0
191406.7
191362.7
191362.7
191333.4
191304.1
191304.1
191274.8
191274.8
191245.5
191245.5
191230.9
191230.9
191186.9
191157.6
191157.6
191142.9
191142.9
191099.0
191084.3
191084.3
191055.0
191011.1
191011.1
190996.4
190996.4
190952.5
190952.5
190937.8
190937.8
190908.5
190864.5
190864.5
190849.9
190849.9
190820.6
190791.3
190791.3
190762.0
190718.0
190718.0
190688.7
190688.7
190659.4
190659.4
190644.8
190644.8
190600.8
190571.5
190571.5
190556.8
190556.8
190512.9
190498.2
190498.2
190454.3
190454.3
190425.0
190410.3
190410.3
190366.4
190366.4
190351.7
190351.7
190322.4
190322.4
190278.4
190263.8
190263.8
190234.5
190205.2
190205.2
190175.9
190175.9
190146.6
190102.6
190102.6
190073.3
190073.3
190058.6
190058.6
190014.7
190014.7
189985.4
189970.7
189970.7
189926.8
189912.1
189912.1
189868.2
189868.2
189838.9
189838.9
189824.2
189780.2
189780.2
189765.6
189765.6
189736.3
189736.3
189692.3
189692.3
189677.7
189648.4
189619.1
189619.1
189589.8
189589.8
189545.8
189545.8
189531.2
189501.9
189501.9
189472.5
189472.5
189428.6
189428.6
189399.3
189399.3
189370.0
189340.7
189326.0
189326.0
189282.1
189282.1
189252.8
189252.8
189238.1
189238.1
189194.1
189179.5
189179.5
189150.2
189150.2
189106.2
189106.2
189091.6
189091.6
189047.6
189033.0
189003.7
189003.7
188959.7
188959.7
188945.1
188945.1
188915.7
188915.7
188886.4
188842.5
188842.5
188813.2
188813.2
188783.9
188783.9
188754.6
188754.6
188725.3
188696.0
188666.7
188666.7
188652.0
188652.0
188608.0
188608.0
188578.7
188578.7
188564.1
188520.1
188520.1
188505.5
188505.5
188461.5
188461.5
188432.2
188417.6
188417.6
188373.6
188358.9
188358.9
188329.6
188329.6
188285.7
188285.7
188271.0
188271.0
188227.1
188227.1
188197.8
188168.5
188168.5
188124.5
188109.9
188109.9
188080.6
188080.6
188065.9
188065.9
188021.9
187992.6
187992.6
187963.3
187963.3
187934.0
187934.0
187919.4
187919.4
187875.4
187846.1
187831.5
187831.5
187787.5
187787.5
187772.8
187772.8
187743.5
187743.5
187699.6
187684.9
187684.9
187641.0
187641.0
187626.3
187626.3
187582.4
187582.4
187538.4
187523.8
187494.4
187494.4
187479.8
187479.8
187435.8
187435.8
187406.5
187406.5
187377.2
187377.2
187347.9
187333.3
187333.3
187289.3
187289.3
187260.0
187245.4
187245.4
187201.4
187201.4
187186.7
187157.4
187157.4
187113.5
187113.5
187098.8
187098.8
187054.9
187054.9
187040.2
187040.2
187010.9
186952.3
186937.6
186937.6
186908.3
186908.3
186893.7
186893.7
186849.7
186849.7
186820.4
186791.1
186791.1
186761.8
186761.8
186747.2
186747.2
186703.2
186703.2
186673.9
186659.2
186615.3
186615.3
186600.6
186600.6
186571.3
186571.3
186527.4
186527.4
186512.7
186512.7
186468.8
186454.1
186454.1
186424.8
186424.8
186380.9
186351.5
186351.5
186322.2
186322.2
186292.9
186292.9
186263.6
186234.3
186234.3
186205.0
186205.0
186175.7
186175.7
186131.8
186131.8
186117.1
186117.1
186073.1
186073.1
186029.2
186029.2
185999.9
185999.9
185970.6
185970.6
185941.3
185941.3
185926.6
185882.7
185882.7
185853.4
185853.4
185838.7
185838.7
185794.7
185780.1
185780.1
185750.8
185750.8
185692.2
185677.5
185677.5
185633.6
185633.6
185618.9
185618.9
185589.6
185589.6
185545.7
185545.7
185531.0
185501.7
185487.0
185487.0
185443.1
185443.1
185413.8
185413.8
185384.5
185384.5
185355.2
185355.2
185340.5
185296.6
185296.6
185267.3
185267.3
185252.6
185252.6
185208.6
185194.0
185194.0
185164.7
185164.7
185106.1
185091.4
185091.4
185047.5
185047.5
185032.8
185032.8
185003.5
185003.5
184959.6
184959.6
184944.9
184915.6
184886.3
184886.3
184857.0
184857.0
184827.7
184827.7
184798.4
184798.4
184769.1
184769.1
184754.4
184710.5
184710.5
184681.2
184681.2
184666.5
184666.5
184622.5
184607.9
184607.9
184563.9
184563.9
184534.6
184520.0
184520.0
184461.4
184461.4
184446.7
184446.7
184417.4
184417.4
184373.4
184373.4
184358.8
184358.8
184300.2
184300.2
184270.9
184270.9
184241.6
184241.6
184212.3
184212.3
184183.0
184183.0
184168.3
184168.3
184124.4
184095.0
184095.0
184080.4
184080.4
184036.4
184021.8
184021.8
183977.8
183977.8
183948.5
183948.5
183933.9
183889.9
183889.9
183875.3
183875.3
183831.3
183831.3
183787.3
183787.3
183772.7
183772.7
183743.4
183714.1
183714.1
183684.8
183655.5
183655.5
183626.2
183626.2
183596.9
183596.9
183552.9
183552.9
183538.2
183538.2
183508.9
183508.9
183494.3
183450.3
183421.0
183421.0
183391.7
183391.7
183362.4
183362.4
183347.8
183347.8
183303.8
183303.8
183274.5
183259.9
183259.9
183201.2
183201.2
183186.6
183186.6
183157.3
183157.3
183113.3
183098.7
183098.7
183054.7
183054.7
183040.1
183010.8
183010.8
182966.8
182966.8
182952.1
182952.1
182922.8
182922.8
182893.5
182893.5
182864.2
182864.2
182834.9
182805.6
182776.3
182776.3
182761.7
182761.7
182717.7
182717.7
182688.4
182688.4
182673.7
182673.7
182629.8
182629.8
182600.5
182556.5
182556.5
182527.2
182512.6
182512.6
182468.6
182468.6
182454.0
182454.0
182424.7
182424.7
182380.7
182380.7
182366.0
182336.7
182336.7
182307.4
182307.4
182278.1
182278.1
182248.8
182219.5
182219.5
182190.2
182190.2
182175.6
182175.6
182131.6
182102.3
182102.3
182087.6
182087.6
182043.7
182043.7
182029.0
182029.0
181970.4
181970.4
181941.1
181926.5
181926.5
181882.5
181867.9
181867.9
181838.5
181838.5
181794.6
181794.6
181779.9
181779.9
181750.6
181750.6
181721.3
181721.3
181692.0
181692.0
181648.1
181633.4
181604.1
181604.1
181589.5
181589.5
181545.5
181545.5
181516.2
181516.2
181486.9
181486.9
181457.6
181457.6
181442.9
181442.9
181399.0
181369.7
181340.4
181340.4
181296.4
181296.4
181281.8
181281.8
181252.4
181252.4
181208.5
181208.5
181193.8
181193.8
181149.9
181135.2
181135.2
181105.9
181105.9
181062.0
181047.3
181047.3
181018.0
181018.0
180974.0
180974.0
180959.4
180959.4
180930.1
180930.1
180900.8
180871.5
180871.5
180842.2
180842.2
180812.9
180812.9
180783.6
180768.9
180768.9
180710.3
180710.3
180681.0
180681.0
180666.3
180666.3
180622.4
180607.7
180607.7
180563.8
180563.8
180534.5
180534.5
180519.8
180519.8
180475.9
180461.2
180461.2
180431.9
180431.9
180387.9
180387.9
180373.3
180344.0
180344.0
180314.7
180314.7
180285.4
180285.4
180241.4
180241.4
180226.8
180226.8
180197.5
180182.8
180182.8
180138.9
180138.9
180094.9
180094.9
180065.6
180036.3
180036.3
180021.6
180021.6
179977.7
179977.7
179948.4
179948.4
179933.7
179933.7
179889.8
179875.1
179875.1
179845.8
179845.8
179801.8
179787.2
179787.2
179757.9
179757.9
179728.6
179728.6
179699.3
179699.3
179655.3
179655.3
179640.7
179640.7
179611.4
179596.7
179596.7
179552.7
179552.7
179523.4
179494.1
179494.1
179450.2
179450.2
179435.5
179435.5
179391.6
179391.6
179362.3
179362.3
179347.6
179347.6
179303.7
179289.0
179289.0
179259.7
179259.7
179215.7
179201.1
179201.1
179157.1
179157.1
179142.5
179142.5
179113.2
179113.2
179069.2
179069.2
179054.6
179054.6
179025.3
179010.6
179010.6
178966.6
178966.6
178937.3
178937.3
178908.0
178878.7
178878.7
178849.4
178849.4
178805.5
178805.5
178776.2
178776.2
178761.5
178761.5
178717.5
178702.9
178702.9
178673.6
178673.6
178629.6
178629.6
178615.0
178571.0
178571.0
178556.4
178556.4
178527.1
178527.1
178483.1
178483.1
178468.5
178468.5
178439.2
178395.2
178395.2
178380.5
178380.5
178351.2
178351.2
178321.9
178321.9
178292.6
178248.7
178248.7
178219.4
178219.4
178190.1
178190.1
178175.4
178175.4
178131.4
178102.1
178102.1
178072.8
178072.8
178043.5
178043.5
178028.9
178028.9
177984.9
177984.9
177955.6
177941.0
177941.0
177897.0
177897.0
177882.4
177882.4
177853.0
177809.1
177809.1
177794.4
177794.4
177765.1
177765.1
177735.8
177735.8
177706.5
177706.5
177662.6
177662.6
177647.9
177647.9
177618.6
177589.3
177589.3
177545.3
177545.3
177516.0
177486.7
177486.7
177457.4
177457.4
177442.8
177442.8
177398.8
177398.8
177369.5
177369.5
177354.9
177354.9
177310.9
177310.9
177296.2
177296.2
177266.9
177223.0
177208.3
177208.3
177164.4
177164.4
177149.7
177149.7
177120.4
177120.4
177076.5
177076.5
177061.8
177061.8
177032.5
177032.5
177003.2
177003.2
176959.2
176959.2
176929.9
176900.6
176900.6
176871.3
176856.7
176856.7
176812.7
176812.7
176783.4
176783.4
176768.8
176768.8
176724.8
176724.8
176710.1
176710.1
176666.2
176666.2
176636.9
176622.2
176622.2
176578.3
176578.3
176563.6
176563.6
176534.3
176534.3
176490.4
176475.7
176475.7
176446.4
176446.4
176417.1
176417.1
176387.8
176387.8
176343.8
176314.5
176314.5
176285.2
176285.2
176270.6
176270.6
176226.6
176226.6
176197.3
176197.3
176182.7
176182.7
176138.7
176138.7
176124.0
176124.0
176080.1
176050.8
176036.1
176036.1
175992.2
175992.2
175977.5
175977.5
175948.2
175948.2
175904.3
175904.3
175889.6
175889.6
175860.3
175860.3
175816.3
175816.3
175801.7
175801.7
175772.4
175743.1
175743.1
175699.1
175699.1
175655.2
175655.2
175640.5
175611.2
175611.2
175596.5
175596.5
175552.6
175552.6
175523.3
175523.3
175494.0
175494.0
175464.7
175450.0
175450.0
175406.1
175406.1
175376.8
175376.8
175362.1
175362.1
175318.2
175318.2
175303.5
175303.5
175274.2
175274.2
175230.2
175230.2
175215.6
175171.6
175157.0
175157.0
175127.7
175127.7
175069.1
175069.1
175054.4
175054.4
175025.1
175025.1
174995.8
174995.8
174966.5
174966.5
174937.2
174937.2
174907.9
174907.9
174878.6
174863.9
174863.9
174820.0
174820.0
174790.7
174790.7
174776.0
174776.0
174732.0
174732.0
174717.4
174673.4
174673.4
174644.1
174644.1
174629.5
174629.5
174585.5
174570.9
174570.9
174541.6
174541.6
174497.6
174497.6
174468.3
174468.3
174439.0
174439.0
174409.7
174409.7
174380.4
174380.4
174351.1
174351.1
174321.8
174321.8
174292.5
174277.8
174277.8
174233.9
174233.9
174204.6
174204.6
174189.9
174145.9
174145.9
174131.3
174131.3
174087.3
174087.3
174058.0
174058.0
174043.4
174043.4
173999.4
173984.8
173984.8
173955.5
173955.5
173911.5
173911.5
173896.9
173896.9
173867.5
173867.5
173823.6
173823.6
173794.3
173794.3
173750.3
173750.3
173735.7
173735.7
173706.4
173691.7
173691.7
173647.8
173647.8
173618.5
173618.5
173589.1
173589.1
173559.8
173545.2
173545.2
173501.2
173501.2
173471.9
173471.9
173457.3
173457.3
173413.3
173398.7
173398.7
173369.4
173369.4
173325.4
173325.4
173310.7
173310.7
173266.8
173266.8
173237.5
173237.5
173208.2
173208.2
173164.2
173164.2
173149.6
173149.6
173120.3
173076.3
173076.3
173061.7
173061.7
173032.3
173032.3
173003.0
173003.0
172973.7
172973.7
172944.4
172944.4
172915.1
172915.1
172885.8
172871.2
172871.2
172827.2
172797.9
172797.9
172783.3
172783.3
172739.3
172739.3
172724.6
172724.6
172680.7
172680.7
172651.4
172651.4
172636.7
172636.7
172578.1
172578.1
172563.5
172563.5
172534.2
172490.2
172490.2
172475.5
172475.5
172446.2
172446.2
172416.9
172416.9
172387.6
172387.6
172358.3
172358.3
172329.0
172329.0
172299.7
172299.7
172285.1
172285.1
172241.1
172211.8
172211.8
172197.2
172197.2
172153.2
172153.2
172138.5
172138.5
172094.6
172065.3
172065.3
172050.6
172050.6
172006.7
172006.7
171992.0
171992.0
171948.1
171904.1
171904.1
171889.4
171889.4
171860.1
171860.1
171830.8
171830.8
171801.5
171801.5
171757.6
171757.6
171742.9
171742.9
171713.6
171713.6
171699.0
171699.0
171655.0
171655.0
171625.7
171596.4
171596.4
171567.1
171567.1
171552.4
171552.4
171508.5
171508.5
171479.2
171479.2
171464.5
171464.5
171420.6
171420.6
171405.9
171405.9
171376.6
171376.6
171318.0
171303.3
171303.3
171259.4
171259.4
171244.7
171244.7
171215.4
171215.4
171171.5
171171.5
171156.8
171156.8
171127.5
171127.5
171112.9
171112.9
171068.9
171068.9
171039.6
171010.3
170981.0
170981.0
170966.3
170966.3
170922.4
170922.4
170893.1
170893.1
170878.4
170878.4
170834.5
170834.5
170819.8
170819.8
170790.5
170790.5
170746.5
170717.2
170717.2
170673.3
170673.3
170658.6
170658.6
170629.3
170629.3
170585.4
170585.4
170570.7
170570.7
170541.4
170541.4
170497.5
170497.5
170482.8
170482.8
170453.5
170424.2
170424.2
170394.9
170394.9
170350.9
170350.9
170336.3
170336.3
170307.0
170307.0
170292.3
170292.3
170248.4
170248.4
170219.1
170219.1
170189.7
170189.7
170160.4
170145.8
170145.8
170087.2
170087.2
170057.9
170057.9
170043.2
170043.2
169999.3
169999.3
169984.6
169984.6
169955.3
169955.3
169911.3
169911.3
169896.7
169896.7
169867.4
169838.1
169838.1
169808.8
169808.8
169764.8
169764.8
169750.2
169750.2
169720.9
169720.9
169706.2
169706.2
169662.3
169662.3
169632.9
169632.9
169603.6
169603.6
169574.3
169559.7
169559.7
169515.7
169515.7
169486.4
169486.4
169457.1
169457.1
169413.2
169413.2
169398.5
169398.5
169369.2
169369.2
169325.2
169325.2
169310.6
169310.6
169266.6
169252.0
169252.0
169222.7
169222.7
169178.7
169178.7
169164.1
169164.1
169134.8
169134.8
169105.5
169105.5
169076.2
169076.2
169046.8
169046.8
169017.5
169017.5
168988.2
168973.6
168973.6
168929.6
168929.6
168900.3
168900.3
168885.7
168885.7
168827.1
168827.1
168812.4
168812.4
168768.4
168768.4
168739.1
168739.1
168724.5
168724.5
168680.5
168665.9
168665.9
168636.6
168636.6
168592.6
168592.6
168578.0
168578.0
168548.7
168548.7
168519.4
168519.4
168490.0
168490.0
168460.7
168460.7
168431.4
168431.4
168402.1
168387.5
168387.5
168343.5
168343.5
168314.2
168314.2
168299.6
168299.6
168255.6
168255.6
168241.0
168241.0
168182.3
168182.3
168153.0
168153.0
168138.4
168138.4
168094.4
168079.8
168079.8
168050.5
168050.5
168006.5
168006.5
167991.9
167991.9
167962.6
167962.6
167918.6
167918.6
167903.9
167903.9
167874.6
167874.6
167845.3
167845.3
167816.0
167772.1
167772.1
167757.4
167757.4
167728.1
167728.1
167713.5
167713.5
167669.5
167669.5
167640.2
167640.2
167610.9
167610.9
167566.9
167566.9
167552.3
167552.3
167508.3
167479.0
167479.0
167464.4
167464.4
167420.4
167420.4
167405.8
167405.8
167376.5
167376.5
167332.5
167332.5
167317.8
167317.8
167273.9
167273.9
167259.2
167259.2
167229.9
167186.0
167186.0
167171.3
167171.3
167142.0
167142.0
167112.7
167112.7
167083.4
167083.4
167054.1
167054.1
167024.8
167024.8
166995.5
166995.5
166980.8
166980.8
166922.2
166892.9
166892.9
166878.3
166878.3
166834.3
166834.3
166819.7
166819.7
166775.7
166775.7
166746.4
166746.4
166731.7
166731.7
166687.8
166687.8
166673.1
166673.1
166643.8
166599.9
166599.9
166585.2
166585.2
166555.9
166555.9
166526.6
166526.6
166497.3
166497.3
166468.0
166468.0
166468.0
166438.7
166438.7
166409.4
166409.4
166394.7
166394.7
166336.1
166306.8
166306.8
166292.2
166292.2
166248.2
166248.2
166233.5
166233.5
166189.6
166189.6
166160.3
166160.3
166145.6
166145.6
166101.7
166101.7
166087.0
166087.0
166057.7
166057.7
166013.8
165999.1
165999.1
165969.8
165969.8
165940.5
165940.5
165911.2
165911.2
165867.2
165867.2
165852.6
165852.6
165823.3
165823.3
165808.6
165808.6
165764.7
165764.7
165735.4
165691.4
165691.4
165662.1
165662.1
165647.4
165647.4
165603.5
165603.5
165574.2
165574.2
165559.5
165559.5
165515.6
165515.6
165500.9
165500.9
165471.6
165471.6
165427.7
165413.0
165413.0
165413.0
165369.0
165369.0
165339.7
165339.7
165325.1
165325.1
165281.1
165281.1
165266.5
165266.5
165237.2
165237.2
165193.2
165193.2
165178.6
165178.6
165149.3
165120.0
165120.0
165076.0
165076.0
165046.7
165046.7
165017.4
165017.4
164988.1
164988.1
164973.4
164973.4
164929.5
164929.5
164900.2
164900.2
164885.5
164885.5
164841.6
164826.9
164826.9
164782.9
164782.9
164753.6
164753.6
164739.0
164739.0
164695.0
164695.0
164680.4
164680.4
164651.1
164651.1
164607.1
164607.1
164607.1
164592.5
164592.5
164563.2
164533.8
164533.8
164504.5
164504.5
164460.6
164460.6
164431.3
164431.3
164402.0
164402.0
164387.3
164387.3
164343.4
164343.4
164314.1
164314.1
164299.4
164299.4
164255.5
164240.8
164240.8
164196.8
164196.8
164167.5
164167.5
164152.9
164152.9
164108.9
164108.9
164094.3
164094.3
164065.0
164065.0
164021.0
164021.0
164006.4
164006.4
163977.1
163977.1
163947.7
163947.7
163918.4
163918.4
163874.5
163874.5
163859.8
163859.8
163815.9
163815.9
163801.2
163801.2
163757.3
163757.3
163728.0
163728.0
163698.7
163698.7
163669.3
163654.7
163654.7
163610.7
163610.7
163581.4
163581.4
163566.8
163566.8
163522.8
163522.8
163508.2
163508.2
163478.9
163478.9
163434.9
163434.9
163420.3
163420.3
163420.3
163390.9
163361.6
163361.6
163332.3
163332.3
163288.4
163288.4
163273.7
163273.7
163244.4
163244.4
163229.8
163229.8
163171.2
163171.2
163141.9
163141.9
163112.5
163112.5
163083.2
163068.6
163068.6
163024.6
163024.6
162995.3
162995.3
162980.7
162980.7
162936.7
162936.7
162922.1
162922.1
162892.8
162892.8
162892.8
162848.8
162848.8
162834.2
162834.2
162790.2
162760.9
162760.9
162746.2
162746.2
162702.3
162702.3
162687.6
162687.6
162658.3
162658.3
162614.4
162614.4
162585.1
162585.1
162555.8
162555.8
162526.4
162526.4
162497.1
162453.2
162453.2
162438.5
162438.5
162409.2
162409.2
162409.2
162394.6
162394.6
162350.6
162350.6
162321.3
162321.3
162292.0
162292.0
162262.7
162262.7
162248.0
162248.0
162204.1
162174.8
162174.8
162160.1
162160.1
162116.2
162116.2
162101.5
162101.5
162072.2
162072.2
162028.3
162028.3
162013.6
162013.6
161984.3
161984.3
161984.3
161940.3
161940.3
161911.0
161867.1
161867.1
161852.4
161852.4
161823.1
161823.1
161808.5
161808.5
161764.5
161764.5
161735.2
161735.2
161705.9
161705.9
161676.6
161676.6
161661.9
161661.9
161618.0
161588.7
161588.7
161574.0
161574.0
161574.0
161530.1
161530.1
161515.4
161515.4
161486.1
161486.1
161442.2
161442.2
161427.5
161427.5
161383.5
161383.5
161368.9
161368.9
161324.9
161281.0
161281.0
161266.3
161266.3
161237.0
161237.0
161222.4
161222.4
161178.4
161178.4
161178.4
161149.1
161149.1
161119.8
161119.8
161090.5
161090.5
161075.8
161075.8
161031.9
161002.6
161002.6
160987.9
160987.9
160944.0
160944.0
160929.3
160929.3
160900.0
160900.0
160856.1
160856.1
160841.4
160841.4
160797.4
160797.4
160797.4
160782.8
160782.8
160753.5
160694.9
160694.9
160680.2
160680.2
160650.9
160650.9
160621.6
160621.6
160592.3
160592.3
160563.0
160563.0
160533.7
160533.7
160504.4
160504.4
160489.7
160489.7
160445.8
160445.8
160445.8
160416.5
160401.8
160401.8
160357.9
160357.9
160343.2
160343.2
160299.3
160299.3
160269.9
160269.9
160255.3
160255.3
160211.3
160211.3
160182.0
160182.0
160167.4
160167.4
160123.4
160108.8
160108.8
160108.8
160064.8
160064.8
160020.9
160020.9
160006.2
160006.2
159976.9
159976.9
159947.6
159947.6
159918.3
159918.3
159874.3
159874.3
159859.7
159859.7
159830.4
159815.7
159815.7
159771.8
159771.8
159771.8
159742.5
159742.5
159713.2
159713.2
159683.8
159683.8
159669.2
159669.2
159625.2
159625.2
159595.9
159595.9
159581.3
159581.3
159537.3
159522.7
159522.7
159493.4
159493.4
159493.4
159434.8
159434.8
159420.1
159420.1
159376.1
159376.1
159361.5
159361.5
159332.2
159332.2
159288.2
159288.2
159273.6
159273.6
159244.3
159215.0
159215.0
159185.7
159185.7
159185.7
159156.4
159156.4
159127.0
159127.0
159097.7
159097.7
159083.1
159083.1
159039.1
159039.1
159009.8
159009.8
158995.2
158995.2
158951.2
158936.6
158936.6
158892.6
158892.6
158892.6
158863.3
158863.3
158848.6
158848.6
158790.0
158790.0
158775.4
158775.4
158746.1
158746.1
158702.1
158702.1
158687.5
158687.5
158658.2
158628.9
158628.9
158599.6
158599.6
158599.6
158570.2
158570.2
158540.9
158540.9
158511.6
158511.6
158497.0
158497.0
158453.0
158453.0
158423.7
158423.7
158409.1
158409.1
158365.1
158350.5
158350.5
158350.5
158306.5
158306.5
158277.2
158277.2
158262.5
158262.5
158203.9
158203.9
158189.3
158189.3
158160.0
158160.0
158116.0
158116.0
158101.4
158101.4
158072.1
158072.1
158042.8
158042.8
158013.5
158013.5
157969.5
157969.5
157954.8
157954.8
157925.5
157925.5
157910.9
157910.9
157866.9
157866.9
157837.6
157837.6
157808.3
157808.3
157808.3
157779.0
157764.4
157764.4
157720.4
157720.4
157691.1
157691.1
157676.4
157676.4
157632.5
157632.5
157603.2
157603.2
157573.9
157573.9
157529.9
157529.9
157529.9
157515.3
157515.3
157486.0
157442.0
157442.0
157427.3
157427.3
157383.4
157383.4
157368.7
157368.7
157339.4
157339.4
157295.5
157295.5
157295.5
157280.8
157280.8
157251.5
157251.5
157222.2
157222.2
157192.9
157163.6
157163.6
157134.3
157134.3
157105.0
157105.0
157090.3
157090.3
157090.3
157046.4
157046.4
157017.1
157017.1
157002.4
157002.4
156943.8
156943.8
156929.2
156929.2
156885.2
156855.9
156855.9
156841.2
156841.2
156797.3
156797.3
156797.3
156782.6
156782.6
156753.3
156753.3
156709.4
156709.4
156694.7
156694.7
156665.4
156665.4
156636.1
156636.1
156606.8
156577.5
156577.5
156577.5
156548.2
156548.2
156518.9
156518.9
156504.2
156504.2
156460.3
156460.3
156431.0
156431.0
156416.3
156416.3
156372.4
156372.4
156372.4
156357.7
156357.7
156299.1
156269.8
156269.8
156255.1
156255.1
156211.2
156211.2
156196.5
156196.5
156167.2
156167.2
156123.3
156123.3
156123.3
156108.6
156108.6
156079.3
156079.3
156050.0
156050.0
156020.7
155976.7
155976.7
155962.1
155962.1
155932.8
155932.8
155932.8
155918.1
155918.1
155874.2
155874.2
155844.9
155844.9
155815.6
155815.6
155786.3
155786.3
155771.6
155771.6
155727.6
155683.7
155683.7
155683.7
155669.0
155669.0
155625.1
155625.1
155610.4
155610.4
155581.1
155581.1
155537.2
155537.2
155522.5
155522.5
155522.5
155493.2
155493.2
155463.9
155463.9
155434.6
155390.6
155390.6
155376.0
155376.0
155346.7
155346.7
155332.0
155332.0
155288.1
155288.1
155288.1
155258.8
155258.8
155229.5
155229.5
155200.2
155200.2
155185.5
155185.5
155141.5
155112.2
155112.2
155097.6
155097.6
155097.6
155039.0
155039.0
155009.7
155009.7
154995.0
154995.0
154951.1
154951.1
154936.4
154936.4
154892.5
154892.5
154892.5
154863.1
154863.1
154848.5
154804.5
154804.5
154789.9
154789.9
154760.6
154760.6
154716.6
154716.6
154702.0
154702.0
154702.0
154672.7
154672.7
154643.4
154643.4
154614.1
154614.1
154570.1
154570.1
154555.4
154555.4
154526.1
154511.5
154511.5
154511.5
154452.9
154452.9
154423.6
154423.6
154394.3
154394.3
154365.0
154365.0
154350.3
154350.3
154306.3
154306.3
154306.3
154277.0
154277.0
154262.4
154262.4
154218.4
154203.8
154203.8
154174.5
154174.5
154130.5
154130.5
154115.9
154115.9
154115.9
154086.6
154086.6
154057.3
154057.3
154027.9
154027.9
153984.0
153984.0
153969.3
153969.3
153940.0
153940.0
153925.4
153925.4
153881.4
153881.4
153852.1
153852.1
153808.2
153808.2
153778.9
153778.9
153764.2
153764.2
153764.2
153720.2
153720.2
153690.9
153690.9
153676.3
153676.3
153632.3
153617.7
153617.7
153588.4
153588.4
153544.4
153544.4
153544.4
153529.8
153529.8
153500.5
153500.5
153471.2
153471.2
153441.8
153441.8
153397.9
153397.9
153383.2
153383.2
153383.2
153353.9
153339.3
153339.3
153295.3
153295.3
153266.0
153266.0
153236.7
153236.7
153192.8
153192.8
153192.8
153178.1
153178.1
153134.1
153134.1
153104.8
153104.8
153090.2
153090.2
153046.2
153031.6
153031.6
153031.6
153002.3
153002.3
152958.3
152958.3
152943.7
152943.7
152899.7
152899.7
152885.0
152885.0
152855.7
152855.7
152855.7
152811.8
152811.8
152797.1
152797.1
152767.8
152738.5
152738.5
152709.2
152709.2
152679.9
152679.9
152679.9
152650.6
152650.6
152621.3
152621.3
152606.6
152606.6
152548.0
152548.0
152518.7
152518.7
152518.7
152504.1
152504.1
152460.1
152430.8
152430.8
152401.5
152401.5
152372.2
152372.2
152357.6
152357.6
152357.6
152313.6
152313.6
152284.3
152284.3
152269.6
152269.6
152225.7
152225.7
152211.0
152211.0
152211.0
152181.7
152137.8
152137.8
152123.1
152123.1
152093.8
152093.8
152064.5
152064.5
152035.2
152035.2
152035.2
151991.2
151991.2
151976.6
151976.6
151932.6
151932.6
151918.0
151918.0
151874.0
151844.7
151844.7
151844.7
151815.4
151815.4
151786.1
151786.1
151771.5
151771.5
151727.5
151727.5
151698.2
151698.2
151698.2
151683.5
151683.5
151639.6
151639.6
151624.9
151624.9
151595.6
151551.7
151551.7
151537.0
151537.0
151537.0
151493.1
151493.1
151478.4
151478.4
151449.1
151449.1
151405.1
151405.1
151390.5
151390.5
151390.5
151361.2
151361.2
151317.2
151317.2
151287.9
151258.6
151258.6
151229.3
151229.3
151229.3
151200.0
151200.0
151185.3
151185.3
151141.4
151141.4
151112.1
151112.1
151097.4
151097.4
151097.4
151053.5
151053.5
151038.8
151038.8
150994.9
150965.6
150965.6
150950.9
150950.9
150906.9
150906.9
150906.9
150892.3
150892.3
150863.0
150863.0
150819.0
150819.0
150804.4
150804.4
150804.4
150775.1
150775.1
150745.8
150745.8
150716.5
150672.5
150672.5
150643.2
150643.2
150613.9
150613.9
150613.9
150599.2
150599.2
150555.3
150555.3
150526.0
150526.0
150511.3
150511.3
150467.4
150467.4
150467.4
150452.7
150452.7
150408.8
150379.5
150379.5
150364.8
150364.8
150320.8
150320.8
150320.8
150306.2
150306.2
150276.9
150276.9
150232.9
150232.9
150218.3
150218.3
150189.0
150189.0
150189.0
150159.7
150159.7
150130.4
150101.1
150101.1
150057.1
150057.1
150027.8
150027.8
150027.8
150013.1
150013.1
149969.2
149969.2
149939.9
149939.9
149925.2
149925.2
149925.2
149881.3
149881.3
149866.6
149866.6
149822.7
149793.4
149793.4
149778.7
149778.7
149778.7
149734.7
149734.7
149705.4
149705.4
149690.8
149690.8
149646.8
149646.8
149632.2
149632.2
149632.2
149602.9
149602.9
149558.9
149558.9
149544.3
149500.3
149500.3
149485.6
149485.6
149485.6
149441.7
149441.7
149397.7
149397.7
149383.1
149383.1
149353.8
149353.8
149353.8
149324.5
149324.5
149295.2
149295.2
149265.9
149265.9
149236.6
149207.2
149207.2
149207.2
149192.6
149192.6
149148.6
149148.6
149119.3
149119.3
149104.7
149104.7
149060.7
149060.7
149060.7
149046.1
149046.1
149016.8
149016.8
148972.8
148972.8
148958.2
148958.2
148958.2
148914.2
148899.5
148899.5
148870.2
148870.2
148811.6
148811.6
148797.0
148797.0
148797.0
148767.7
148767.7
148738.4
148738.4
148709.1
148709.1
148679.8
148679.8
148679.8
148650.5
148650.5
148621.1
148606.5
148606.5
148562.5
148562.5
148533.2
148533.2
148533.2
148518.6
148518.6
148474.6
148474.6
148460.0
148460.0
148416.0
148416.0
148416.0
148386.7
148386.7
148372.1
148372.1
148328.1
148313.4
148313.4
148284.1
148284.1
148284.1
148240.2
148240.2
148225.5
148225.5
148181.6
148181.6
148152.3
148152.3
148152.3
148123.0
148123.0
148079.0
148079.0
148064.3
148064.3
148035.0
148020.4
148020.4
148020.4
147976.4
147976.4
147947.1
147947.1
147917.8
147917.8
147888.5
147888.5
147888.5
147873.9
147873.9
147829.9
147829.9
147800.6
147800.6
147785.9
147785.9
147785.9
147742.0
147727.3
147727.3
147698.0
147698.0
147654.1
147654.1
147639.4
147639.4
147639.4
147610.1
147610.1
147566.2
147566.2
147536.9
147536.9
147492.9
147492.9
147492.9
147478.2
147478.2
147448.9
147434.3
147434.3
147390.3
147390.3
147390.3
147361.0
147361.0
147331.7
147331.7
147302.4
147302.4
147287.8
147287.8
147287.8
147243.8
147243.8
147214.5
147214.5
147199.8
147199.8
147155.9
147126.6
147126.6
147126.6
147111.9
147111.9
147068.0
147068.0
147053.3
147053.3
147009.4
147009.4
147009.4
146980.1
146980.1
146965.4
146965.4
146906.8
146906.8
146892.1
146892.1
146892.1
146862.8
146818.9
146818.9
146804.2
146804.2
146774.9
146774.9
146774.9
146745.6
146745.6
146716.3
146716.3
146672.4
146672.4
146657.7
146657.7
146657.7
146628.4
146628.4
146613.7
146613.7
146569.8
146540.5
146540.5
146540.5
146511.2
146511.2
146481.9
146481.9
146467.2
146467.2
146423.3
146423.3
146423.3
146394.0
146394.0
146379.3
146379.3
146320.7
146320.7
146306.0
146306.0
146306.0
146276.7
146232.8
146232.8
146218.1
146218.1
146188.8
146188.8
146188.8
146159.5
146159.5
146130.2
146130.2
146086.2
146086.2
146071.6
146071.6
146071.6
146042.3
146042.3
146027.6
146027.6
145983.7
145954.4
145954.4
145954.4
145925.1
145925.1
145895.8
145895.8
145881.1
145881.1
145837.2
145837.2
145837.2
145807.8
145807.8
145793.2
145793.2
145749.2
145749.2
145734.6
145734.6
145734.6
145690.6
145646.7
145646.7
145632.0
145632.0
145602.7
145602.7
145602.7
145573.4
145573.4
145544.1
145544.1
145500.1
145500.1
145500.1
145485.5
145485.5
145456.2
145456.2
145441.5
145441.5
145397.6
145368.3
145368.3
145368.3
145339.0
145339.0
145309.7
145309.7
145295.0
145295.0
145295.0
145251.1
145251.1
145221.7
145221.7
145207.1
145207.1
145163.1
145163.1
145163.1
145148.5
145148.5
145119.2
145060.6
145060.6
145045.9
145045.9
145045.9
145002.0
145002.0
144987.3
144987.3
144958.0
144958.0
144958.0
144914.0
144914.0
144899.4
144899.4
144870.1
144870.1
144840.8
144840.8
144840.8
144811.5
144782.2
144782.2
144752.9
144752.9
144723.6
144723.6
144723.6
144708.9
144708.9
144664.9
144664.9
144635.6
144635.6
144635.6
144621.0
144621.0
144577.0
144577.0
144547.7
144547.7
144518.4
144518.4
144489.1
144489.1
144474.5
144474.5
144415.9
144415.9
144386.5
144386.5
144386.5
144371.9
144371.9
144327.9
144327.9
144313.3
144313.3
144313.3
144284.0
144284.0
144240.0
144240.0
144225.4
144196.1
144196.1
144196.1
144166.8
144166.8
144137.5
144137.5
144093.5
144093.5
144078.8
144078.8
144078.8
144049.5
144049.5
144034.9
144034.9
143990.9
143990.9
143990.9
143961.6
143961.6
143932.3
143903.0
143903.0
143888.4
143888.4
143888.4
143844.4
143844.4
143800.4
143800.4
143785.8
143785.8
143785.8
143741.8
143741.8
143727.2
143727.2
143697.9
143697.9
143653.9
143653.9
143653.9
143639.3
143595.3
143595.3
143580.7
143580.7
143580.7
143551.4
143551.4
143507.4
143507.4
143492.7
143492.7
143463.4
143463.4
143463.4
143434.1
143434.1
143404.8
143404.8
143375.5
143375.5
143375.5
143346.2
143346.2
143316.9
143302.3
143302.3
143258.3
143258.3
143258.3
143229.0
143229.0
143214.3
143214.3
143155.7
143155.7
143155.7
143141.1
143141.1
143097.1
143097.1
143067.8
143067.8
143067.8
143053.2
143053.2
143009.2
142994.6
142994.6
142965.2
142965.2
142965.2
142921.3
142921.3
142906.6
142906.6
142877.3
142877.3
142877.3
142848.0
142848.0
142818.7
142818.7
142789.4
142789.4
142760.1
142760.1
142760.1
142730.8
142716.2
142716.2
142672.2
142672.2
142672.2
142642.9
142642.9
142628.2
142628.2
142584.3
142584.3
142584.3
142555.0
142555.0
142511.0
142511.0
142481.7
142481.7
142467.1
142467.1
142467.1
142423.1
142408.5
142408.5
142379.1
142379.1
142379.1
142335.2
142335.2
142320.5
142320.5
142291.2
142291.2
142291.2
142261.9
142261.9
142232.6
142232.6
142203.3
142203.3
142174.0
142174.0
142174.0
142144.7
142130.1
142130.1
142086.1
142086.1
142086.1
142056.8
142056.8
142042.1
142042.1
141998.2
141998.2
141998.2
141968.9
141968.9
141924.9
141924.9
141895.6
141895.6
141895.6
141881.0
141881.0
141837.0
141807.7
141807.7
141793.0
141793.0
141793.0
141749.1
141749.1
141734.4
141734.4
141705.1
141705.1
141705.1
141661.2
141661.2
141646.5
141646.5
141602.6
141602.6
141602.6
141587.9
141587.9
141558.6
141514.6
141514.6
141500.0
141500.0
141500.0
141470.7
141470.7
141441.4
141441.4
141412.1
141412.1
141412.1
141382.8
141382.8
141353.5
141353.5
141309.5
141309.5
141309.5
141294.9
141294.9
141250.9
141221.6
141221.6
141221.6
141206.9
141206.9
141163.0
141163.0
141148.3
141148.3
141148.3
141119.0
141119.0
141075.1
141075.1
141060.4
141060.4
141060.4
141016.5
141016.5
141001.8
141001.8
140972.5
140928.5
140928.5
140928.5
140913.9
140913.9
140884.6
140884.6
140855.3
140855.3
140855.3
140826.0
140826.0
140796.7
140796.7
140796.7
140767.4
140767.4
140738.1
140738.1
140723.4
140723.4
140723.4
140664.8
140635.5
140635.5
140620.8
140620.8
140576.9
140576.9
140576.9
140562.2
140562.2
140518.3
140518.3
140489.0
140489.0
140489.0
140474.3
140474.3
140430.4
140430.4
140415.7
140415.7
140415.7
140386.4
140342.4
140342.4
140327.8
140327.8
140327.8
140298.5
140298.5
140269.2
140269.2
140239.9
140239.9
140239.9
140195.9
140195.9
140181.3
140181.3
140152.0
140152.0
140152.0
140137.3
140137.3
140093.3
140049.4
140049.4
140049.4
140020.1
140020.1
139990.8
139990.8
139976.1
139976.1
139976.1
139932.2
139932.2
139902.9
139902.9
139888.2
139888.2
139888.2
139844.2
139844.2
139829.6
139829.6
139800.3
139800.3
139756.3
139756.3
139741.7
139741.7
139712.4
139712.4
139712.4
139683.1
139683.1
139653.8
139653.8
139609.8
139609.8
139609.8
139595.2
139595.2
139565.8
139565.8
139551.2
139551.2
139551.2
139507.2
139477.9
139477.9
139434.0
139434.0
139434.0
139404.7
139404.7
139375.4
139375.4
139346.1
139346.1
139346.1
139316.8
139316.8
139302.1
139302.1
139302.1
139258.1
139258.1
139228.8
139228.8
139214.2
139170.2
139170.2
139170.2
139155.6
139155.6
139111.6
139111.6
139111.6
139082.3
139082.3
139067.7
139067.7
139023.7
139023.7
139023.7
139009.1
139009.1
138979.7
138979.7
138935.8
138935.8
138935.8
138921.1
138891.8
138891.8
138862.5
138862.5
138862.5
138833.2
138833.2
138789.3
138789.3
138760.0
138760.0
138760.0
138730.7
138730.7
138716.0
138716.0
138672.0
138672.0
138672.0
138642.7
138642.7
138628.1
138584.1
138584.1
138584.1
138569.5
138569.5
138525.5
138525.5
138525.5
138496.2
138496.2
138481.6
138481.6
138437.6
138437.6
138437.6
138422.9
138422.9
138393.6
138393.6
138349.7
138349.7
138349.7
138335.0
138305.7
138305.7
138276.4
138276.4
138276.4
138247.1
138247.1
138188.5
138188.5
138173.9
138173.9
138173.9
138144.5
138144.5
138129.9
138129.9
138129.9
138085.9
138085.9
138056.6
138056.6
138027.3
138027.3
137998.0
137998.0
137983.4
137983.4
137939.4
137939.4
137939.4
137910.1
137910.1
137895.5
137895.5
137851.5
137851.5
137851.5
137836.8
137836.8
137807.5
137807.5
137807.5
137763.6
137763.6
137748.9
137719.6
137719.6
137719.6
137690.3
137690.3
137661.0
137661.0
137617.1
137617.1
137617.1
137602.4
137602.4
137558.4
137558.4
137543.8
137543.8
137543.8
137499.8
137499.8
137470.5
137470.5
137470.5
137441.2
137441.2
137411.9
137397.3
137397.3
137397.3
137353.3
137353.3
137324.0
137324.0
137309.4
137309.4
137309.4
137265.4
137265.4
137250.7
137250.7
137250.7
137221.4
137221.4
137177.5
137177.5
137162.8
137162.8
137162.8
137118.9
137104.2
137104.2
137074.9
137074.9
137074.9
137031.0
137031.0
137016.3
137016.3
137016.3
136987.0
136987.0
136957.7
136957.7
136913.7
136913.7
136913.7
136884.4
136884.4
136855.1
136855.1
136825.8
136825.8
136781.9
136781.9
136767.2
136767.2
136737.9
136737.9
136737.9
136723.2
136723.2
136679.3
136679.3
136679.3
136650.0
136650.0
136620.7
136620.7
136591.4
136591.4
136591.4
136576.7
136576.7
136532.8
136503.5
136503.5
136503.5
136488.8
136488.8
136444.8
136444.8
136444.8
136430.2
136430.2
136400.9
136400.9
136400.9
136356.9
136356.9
136342.3
136342.3
136298.3
136298.3
136298.3
136269.0
136269.0
136239.7
136195.8
136195.8
136195.8
136181.1
136181.1
136151.8
136151.8
136151.8
136137.1
136137.1
136093.2
136093.2
136063.9
136063.9
136063.9
136034.6
136034.6
136005.3
136005.3
136005.3
135990.6
135990.6
135946.7
135917.4
135917.4
135917.4
135902.7
135902.7
135858.7
135858.7
135844.1
135844.1
135844.1
135814.8
135814.8
135770.8
135770.8
135770.8
135756.2
135756.2
135712.2
135712.2
135712.2
135682.9
135682.9
135653.6
135609.7
135609.7
135609.7
135595.0
135595.0
135565.7
135565.7
135536.4
135536.4
135536.4
135507.1
135507.1
135477.8
135477.8
135477.8
135448.5
135448.5
135419.2
135419.2
135404.5
135404.5
135404.5
135360.6
135331.3
135331.3
135331.3
135316.6
135316.6
135272.6
135272.6
135258.0
135258.0
135258.0
135214.0
135214.0
135184.7
135184.7
135184.7
135170.1
135170.1
135126.1
135126.1
135111.5
135111.5
135111.5
135082.2
135023.5
135023.5
135023.5
135008.9
135008.9
134979.6
134979.6
134950.3
134950.3
134950.3
134921.0
134921.0
134891.7
134891.7
134891.7
134862.4
134862.4
134833.1
134833.1
134833.1
134818.4
134818.4
134774.5
134745.1
134745.1
134745.1
134730.5
134730.5
134686.5
134686.5
134671.9
134671.9
134671.9
134642.6
134642.6
134598.6
134598.6
134598.6
134584.0
134584.0
134540.0
134540.0
134540.0
134525.4
134525.4
134496.1
134452.1
134452.1
134452.1
134422.8
134422.8
134393.5
134393.5
134393.5
134364.2
134364.2
134334.9
134334.9
134305.6
134305.6
134305.6
134276.3
134276.3
134247.0
134247.0
134247.0
134203.0
134203.0
134188.4
134159.0
134159.0
134159.0
134144.4
134144.4
134100.4
134100.4
134100.4
134071.1
134071.1
134041.8
134041.8
134041.8
134012.5
134012.5
133997.9
133997.9
133953.9
133953.9
133953.9
133924.6
133924.6
133910.0
133910.0
133866.0
133866.0
133851.3
133851.3
133807.4
133807.4
133807.4
133763.4
133763.4
133748.8
133748.8
133748.8
133704.8
133704.8
133690.2
133690.2
133690.2
133660.9
133660.9
133616.9
133616.9
133616.9
133602.2
133572.9
133572.9
133543.6
133543.6
133543.6
133514.3
133514.3
133485.0
133485.0
133485.0
133455.7
133455.7
133426.4
133426.4
133411.8
133411.8
133411.8
133367.8
133367.8
133338.5
133338.5
133338.5
133323.8
133279.9
133279.9
133279.9
133265.2
133265.2
133235.9
133235.9
133177.3
133177.3
133177.3
133162.7
133162.7
133118.7
133118.7
133118.7
133104.1
133104.1
133074.8
133074.8
133074.8
133030.8
133030.8
133016.1
132986.8
132986.8
132986.8
132957.5
132957.5
132928.2
132928.2
132928.2
132898.9
132898.9
132869.6
132869.6
132869.6
132840.3
132840.3
132825.7
132825.7
132825.7
132781.7
132781.7
132752.4
132752.4
132737.7
132737.7
132693.8
132693.8
132679.1
132679.1
132679.1
132635.2
132635.2
132605.9
132605.9
132605.9
132591.2
132591.2
132532.6
132532.6
132532.6
132518.0
132518.0
132488.7
132488.7
132444.7
132444.7
132444.7
132430.0
132400.7
132400.7
132400.7
132371.4
132371.4
132342.1
132342.1
132342.1
132298.2
132298.2
132283.5
132283.5
132254.2
132254.2
132254.2
132239.6
132239.6
132195.6
132195.6
132195.6
132166.3
132166.3
132137.0
132137.0
132107.7
132107.7
132093.0
132093.0
132093.0
132049.1
132049.1
132019.8
132019.8
132005.1
132005.1
132005.1
131961.2
131961.2
131931.9
131931.9
131931.9
131902.5
131902.5
131858.6
131858.6
131858.6
131843.9
131843.9
131814.6
131814.6
131785.3
131785.3
131756.0
131756.0
131712.1
131712.1
131712.1
131697.4
131697.4
131668.1
131668.1
131668.1
131653.5
131653.5
131609.5
131609.5
131609.5
131580.2
131580.2
131550.9
131550.9
131550.9
131521.6
131492.3
131492.3
131492.3
131463.0
131463.0
131433.7
131433.7
131433.7
131419.0
131419.0
131375.1
131375.1
131345.8
131345.8
131345.8
131331.1
131331.1
131272.5
131272.5
131272.5
131257.8
131257.8
131228.5
131228.5
131184.6
131184.6
131169.9
131169.9
131169.9
131126.0
131126.0
131111.3
131111.3
131111.3
131082.0
131082.0
131038.0
131038.0
131038.0
131023.4
131023.4
130994.1
130994.1
130994.1
130964.8
130964.8
130935.5
130906.2
130906.2
130906.2
130876.9
130876.9
130847.6
130847.6
130847.6
130832.9
130832.9
130789.0
130789.0
130789.0
130759.6
130759.6
130745.0
130745.0
130745.0
130701.0
130701.0
130671.7
130671.7
130671.7
130627.8
130598.5
130598.5
130583.8
130583.8
130583.8
130539.9
130539.9
130525.2
130525.2
130525.2
130495.9
130495.9
130451.9
130451.9
130451.9
130437.3
130437.3
130408.0
130408.0
130408.0
130378.7
130378.7
130349.4
130349.4
130305.4
130305.4
130290.8
130290.8
130290.8
130261.5
130261.5
130246.8
130246.8
130246.8
130202.8
130202.8
130173.5
130173.5
130173.5
130144.2
130144.2
130114.9
130114.9
130114.9
130100.3
130100.3
130041.7
130012.4
130012.4
130012.4
129997.7
129997.7
129953.8
129953.8
129953.8
129939.1
129939.1
129909.8
129909.8
129909.8
129865.8
129865.8
129851.2
129851.2
129851.2
129821.9
129821.9
129792.6
129792.6
129792.6
129763.3
129719.3
129719.3
129719.3
129704.7
129704.7
129675.4
129675.4
129675.4
129660.7
129660.7
129616.7
129616.7
129616.7
129587.4
129587.4
129558.1
129558.1
129558.1
129528.8
129528.8
129514.2
129514.2
129514.2
129470.2
129426.3
129426.3
129426.3
129411.6
129411.6
129367.7
129367.7
129367.7
129353.0
129353.0
129323.7
129323.7
129323.7
129279.7
129279.7
129265.1
129265.1
129265.1
129221.1
129221.1
129206.5
129206.5
129206.5
129177.2
129133.2
129133.2
129118.6
129118.6
129118.6
129089.3
129089.3
129089.3
129059.9
129059.9
129030.6
129030.6
129030.6
129001.3
129001.3
128972.0
128972.0
128972.0
128942.7
128942.7
128898.8
128898.8
128898.8
128884.1
128854.8
128854.8
128840.2
128840.2
128840.2
128781.5
128781.5
128752.2
128752.2
128752.2
128722.9
128722.9
128722.9
128693.6
128693.6
128679.0
128679.0
128679.0
128635.0
128635.0
128605.7
128605.7
128605.7
128591.1
128547.1
128547.1
128532.5
128532.5
128532.5
128503.1
128503.1
128459.2
128459.2
128459.2
128444.5
128444.5
128444.5
128415.2
128415.2
128385.9
128385.9
128385.9
128356.6
128356.6
128312.7
128312.7
128312.7
128298.0
128268.7
128268.7
128254.1
128254.1
128254.1
128210.1
128210.1
128210.1
128166.1
128166.1
128136.8
128136.8
128136.8
128107.5
128107.5
128092.9
128092.9
128092.9
128048.9
128048.9
128019.6
128019.6
128019.6
128005.0
127961.0
127961.0
127961.0
127946.4
127946.4
127917.0
127917.0
127917.0
127873.1
127873.1
127858.4
127858.4
127858.4
127814.5
127814.5
127799.8
127799.8
127799.8
127770.5
127770.5
127726.6
127726.6
127726.6
127711.9
127682.6
127682.6
127682.6
127668.0
127668.0
127624.0
127624.0
127624.0
127594.7
127594.7
127550.7
127550.7
127550.7
127521.4
127521.4
127506.8
127506.8
127506.8
127462.8
127462.8
127433.5
127433.5
127433.5
127418.9
127374.9
127374.9
127374.9
127360.2
127360.2
127330.9
127330.9
127330.9
127287.0
127287.0
127287.0
127272.3
127272.3
127228.4
127228.4
127228.4
127213.7
127213.7
127184.4
127184.4
127184.4
127140.5
127140.5
127125.8
127125.8
127096.5
127096.5
127067.2
127067.2
127067.2
127037.9
127037.9
127008.6
127008.6
127008.6
126979.3
126979.3
126950.0
126950.0
126950.0
126920.7
126920.7
126876.7
126876.7
126876.7
126847.4
126847.4
126847.4
126832.8
126788.8
126788.8
126774.1
126774.1
126774.1
126744.8
126744.8
126700.9
126700.9
126700.9
126686.2
126686.2
126686.2
126642.3
126642.3
126627.6
126627.6
126627.6
126598.3
126598.3
126554.4
126554.4
126554.4
126539.7
126510.4
126510.4
126510.4
126481.1
126481.1
126451.8
126451.8
126451.8
126422.5
126422.5
126393.2
126393.2
126393.2
126363.9
126363.9
126319.9
126319.9
126319.9
126290.6
126290.6
126290.6
126261.3
126261.3
126246.7
126246.7
126246.7
126202.7
126173.4
126173.4
126173.4
126144.1
126144.1
126114.8
126114.8
126114.8
126100.1
126100.1
126056.2
126056.2
126056.2
126026.9
126026.9
126012.2
126012.2
126012.2
125968.3
125968.3
125968.3
125953.6
125953.6
125924.3
125880.3
125880.3
125880.3
125865.7
125865.7
125865.7
125821.7
125821.7
125807.1
125807.1
125807.1
125777.8
125777.8
125733.8
125733.8
125733.8
125719.2
125719.2
125675.2
125675.2
125675.2
125645.9
125645.9
125645.9
125616.6
125587.3
125587.3
125587.3
125558.0
125558.0
125528.7
125528.7
125528.7
125514.0
125514.0
125470.1
125470.1
125470.1
125440.8
125440.8
125426.1
125426.1
125426.1
125382.1
125382.1
125382.1
125367.5
125367.5
125338.2
125294.2
125294.2
125294.2
125279.6
125279.6
125279.6
125235.6
125235.6
125221.0
125221.0
125221.0
125191.7
125191.7
125147.7
125147.7
125147.7
125133.1
125133.1
125133.1
125103.8
125103.8
125074.4
125074.4
125074.4
125030.5
125001.2
125001.2
125001.2
124971.9
124971.9
124942.6
124942.6
124942.6
124927.9
124927.9
124884.0
124884.0
124884.0
124854.7
124854.7
124854.7
124840.0
124840.0
124796.0
124796.0
124796.0
124781.4
124781.4
124737.4
124737.4
124708.1
124708.1
124693.5
124693.5
124693.5
124649.5
124649.5
124634.9
124634.9
124634.9
124605.6
124605.6
124605.6
124561.6
124561.6
124547.0
124547.0
124547.0
124517.6
124517.6
124488.3
124488.3
124488.3
124459.0
124400.4
124400.4
124400.4
124385.8
124385.8
124356.5
124356.5
124356.5
124341.8
124341.8
124341.8
124297.9
124297.9
124268.6
124268.6
124268.6
124239.2
124239.2
124209.9
124209.9
124209.9
124195.3
124195.3
124195.3
124151.3
124122.0
124122.0
124122.0
124107.4
124107.4
124063.4
124063.4
124063.4
124048.8
124048.8
124019.5
124019.5
124019.5
123975.5
123975.5
123975.5
123960.8
123960.8
123931.5
123931.5
123931.5
123902.2
123902.2
123872.9
123872.9
123829.0
123829.0
123799.7
123799.7
123799.7
123770.4
123770.4
123770.4
123726.4
123726.4
123711.8
123711.8
123711.8
123682.4
123682.4
123653.1
123653.1
123653.1
123623.8
123623.8
123623.8
123594.5
123594.5
123565.2
123565.2
123535.9
123535.9
123521.3
123521.3
123521.3
123477.3
123477.3
123448.0
123448.0
123448.0
123433.4
123433.4
123433.4
123389.4
123389.4
123374.7
123374.7
123374.7
123345.4
123345.4
123301.5
123301.5
123301.5
123286.8
123242.9
123242.9
123242.9
123228.2
123228.2
123228.2
123198.9
123198.9
123140.3
123140.3
123140.3
123125.7
123125.7
123096.3
123096.3
123096.3
123067.0
123067.0
123067.0
123037.7
123037.7
123008.4
123008.4
123008.4
122979.1
122949.8
122949.8
122949.8
122935.2
122935.2
122935.2
122891.2
122891.2
122861.9
122861.9
122861.9
122847.3
122847.3
122803.3
122803.3
122803.3
122788.6
122788.6
122788.6
122744.7
122744.7
122715.4
122715.4
122715.4
122700.7
122656.8
122656.8
122656.8
122642.1
122642.1
122642.1
122612.8
122612.8
122568.9
122568.9
122568.9
122539.5
122539.5
122510.2
122510.2
122510.2
122480.9
122480.9
122480.9
122451.6
122451.6
122407.7
122407.7
122407.7
122393.0
122363.7
122363.7
122363.7
122349.1
122349.1
122349.1
122305.1
122305.1
122275.8
122275.8
122275.8
122246.5
122246.5
122217.2
122217.2
122217.2
122202.5
122202.5
122202.5
122158.6
122158.6
122129.3
122129.3
122129.3
122114.6
122070.7
122070.7
122070.7
122056.0
122056.0
122056.0
122026.7
122026.7
121982.8
121982.8
121982.8
121968.1
121968.1
121968.1
121938.8
121938.8
121894.8
121894.8
121894.8
121865.5
121865.5
121821.6
121821.6
121821.6
121806.9
121777.6
121777.6
121777.6
121763.0
121763.0
121763.0
121719.0
121719.0
121689.7
121689.7
121689.7
121660.4
121660.4
121660.4
121631.1
121631.1
121616.4
121616.4
121616.4
121572.5
121572.5
121572.5
121543.2
121543.2
121528.5
121528.5
121484.6
121484.6
121469.9
121469.9
121469.9
121440.6
121440.6
121440.6
121396.6
121396.6
121382.0
121382.0
121382.0
121338.0
121338.0
121323.4
121323.4
121323.4
121279.4
121279.4
121279.4
121235.5
121235.5
121220.8
121220.8
121191.5
121191.5
121147.6
121147.6
121147.6
121132.9
121132.9
121132.9
121103.6
121103.6
121074.3
121074.3
121074.3
121045.0
121045.0
121045.0
121001.0
121001.0
120986.4
120986.4
120986.4
120957.1
120957.1
120957.1
120942.4
120898.5
120898.5
120898.5
120869.2
120869.2
120839.8
120839.8
120839.8
120810.5
120810.5
120810.5
120795.9
120795.9
120751.9
120751.9
120751.9
120722.6
120722.6
120722.6
120708.0
120708.0
120649.4
120649.4
120649.4
120634.7
120605.4
120605.4
120605.4
120561.4
120561.4
120561.4
120546.8
120546.8
120517.5
120517.5
120517.5
120488.2
120488.2
120488.2
120458.9
120458.9
120414.9
120414.9
120414.9
120400.3
120400.3
120400.3
120371.0
120371.0
120356.3
120356.3
120356.3
120312.4
120283.1
120283.1
120283.1
120253.7
120253.7
120253.7
120224.4
120224.4
120209.8
120209.8
120209.8
120165.8
120165.8
120165.8
120136.5
120136.5
120121.9
120121.9
120121.9
120077.9
120077.9
120077.9
120063.3
120063.3
120019.3
120019.3
119975.3
119975.3
119960.7
119960.7
119960.7
119931.4
119931.4
119931.4
119902.1
119902.1
119902.1
119872.8
119872.8
119828.8
119828.8
119828.8
119814.2
119814.2
119814.2
119784.9
119784.9
119770.2
119770.2
119770.2
119726.3
119696.9
119696.9
119696.9
119667.6
119667.6
119667.6
119638.3
119638.3
119623.7
119623.7
119623.7
119579.7
119579.7
119579.7
119550.4
119550.4
119535.8
119535.8
119535.8
119491.8
119491.8
119491.8
119477.2
119477.2
119447.9
119447.9
119389.2
119389.2
119374.6
119374.6
119374.6
119330.6
119330.6
119330.6
119316.0
119316.0
119316.0
119286.7
119286.7
119242.7
119242.7
119242.7
119228.1
119228.1
119228.1
119198.8
119198.8
119169.5
119169.5
119169.5
119140.1
119110.8
119110.8
119110.8
119081.5
119081.5
119081.5
119052.2
119052.2
119037.6
119037.6
119037.6
118993.6
118993.6
118993.6
118964.3
118964.3
118964.3
118949.7
118949.7
118905.7
118905.7
118905.7
118891.1
118891.1
118891.1
118861.7
118817.8
118817.8
118817.8
118788.5
118788.5
118744.5
118744.5
118744.5
118729.9
118729.9
118729.9
118700.6
118700.6
118656.6
118656.6
118656.6
118642.0
118642.0
118642.0
118612.7
118612.7
118612.7
118568.7
118568.7
118554.0
118554.0
118524.7
118524.7
118495.4
118495.4
118495.4
118466.1
118466.1
118466.1
118422.2
118422.2
118407.5
118407.5
118407.5
118378.2
118378.2
118378.2
118363.6
118363.6
118363.6
118319.6
118319.6
118290.3
118290.3
118290.3
118261.0
118231.7
118231.7
118231.7
118217.0
118217.0
118217.0
118158.4
118158.4
118158.4
118129.1
118129.1
118114.5
118114.5
118114.5
118070.5
118070.5
118070.5
118055.9
118055.9
118026.6
118026.6
118026.6
117982.6
117982.6
117982.6
117967.9
117924.0
117924.0
117924.0
117909.3
117909.3
117909.3
117880.0
117880.0
117836.1
117836.1
117836.1
117821.4
117821.4
117821.4
117792.1
117792.1
117762.8
117762.8
117762.8
117733.5
117733.5
117733.5
117704.2
117704.2
117704.2
117674.9
117645.6
117645.6
117645.6
117630.9
117630.9
117587.0
117587.0
117587.0
117543.0
117543.0
117543.0
117528.4
117528.4
117528.4
117484.4
117484.4
117469.8
117469.8
117469.8
117440.4
117440.4
117440.4
117396.5
117396.5
117396.5
117381.8
117337.9
117337.9
117337.9
117323.2
117323.2
117293.9
117293.9
117293.9
117250.0
117250.0
117250.0
117235.3
117235.3
117235.3
117206.0
117206.0
117176.7
117176.7
117176.7
117147.4
117147.4
117147.4
117118.1
117118.1
117088.8
117088.8
117059.5
117059.5
117059.5
117044.8
117044.8
117000.9
117000.9
117000.9
116971.6
116971.6
116971.6
116956.9
116956.9
116956.9
116898.3
116898.3
116883.7
116883.7
116883.7
116839.7
116839.7
116839.7
116810.4
116810.4
116795.7
116795.7
116751.8
116751.8
116751.8
116737.1
116737.1
116707.8
116707.8
116707.8
116663.9
116663.9
116663.9
116649.2
116649.2
116649.2
116619.9
116619.9
116590.6
116590.6
116590.6
116561.3
116561.3
116561.3
116517.3
116517.3
116517.3
116502.7
116473.4
116473.4
116473.4
116458.7
116458.7
116414.8
116414.8
116414.8
116385.5
116385.5
116385.5
116370.8
116370.8
116370.8
116326.9
116326.9
116312.2
116312.2
116312.2
116253.6
116253.6
116253.6
116224.3
116224.3
116224.3
116209.6
116165.7
116165.7
116165.7
116151.0
116151.0
116151.0
116121.7
116121.7
116077.8
116077.8
116077.8
116063.1
116063.1
116063.1
116033.8
116033.8
116033.8
115989.8
115989.8
115975.2
115975.2
115975.2
115931.2
115931.2
115931.2
115916.6
115887.3
115887.3
115887.3
115843.3
115843.3
115843.3
115828.7
115828.7
115799.4
115799.4
115799.4
115770.1
115770.1
115770.1
115740.7
115740.7
115740.7
115711.4
115711.4
115667.5
115667.5
115667.5
115638.2
115638.2
115638.2
115623.5
115579.6
115579.6
115579.6
115550.3
115550.3
115550.3
115535.6
115535.6
115535.6
115491.7
115491.7
115477.0
115477.0
115477.0
115447.7
115447.7
115447.7
115403.7
115403.7
115403.7
115389.1
115389.1
115389.1
115345.1
115345.1
115330.5
115330.5
115301.2
115301.2
115257.2
115257.2
115257.2
115242.6
115242.6
115242.6
115213.3
115213.3
115213.3
115184.0
115184.0
115184.0
115154.6
115154.6
115125.3
115125.3
115125.3
115096.0
115096.0
115096.0
115066.7
115066.7
115066.7
115037.4
114993.5
114993.5
114993.5
114964.2
114964.2
114964.2
114949.5
114949.5
114905.6
114905.6
114905.6
114890.9
114890.9
114890.9
114846.9
114846.9
114846.9
114817.6
114817.6
114803.0
114803.0
114803.0
114759.0
114759.0
114759.0
114744.4
114744.4
114744.4
114715.1
114671.1
114671.1
114671.1
114656.5
114656.5
114656.5
114627.2
114627.2
114627.2
114597.8
114597.8
114568.5
114568.5
114568.5
114524.6
114524.6
114524.6
114509.9
114509.9
114509.9
114480.6
114480.6
114466.0
114466.0
114466.0
114407.4
114407.4
114378.1
114378.1
114348.8
114348.8
114348.8
114319.4
114319.4
114319.4
114304.8
114304.8
114304.8
114260.8
114260.8
114260.8
114231.5
114231.5
114216.9
114216.9
114216.9
114172.9
114172.9
114172.9
114158.3
114158.3
114158.3
114129.0
114085.0
114085.0
114085.0
114070.4
114070.4
114070.4
114041.1
114041.1
114041.1
114011.7
114011.7
113982.4
113982.4
113982.4
113938.5
113938.5
113938.5
113923.8
113923.8
113923.8
113894.5
113894.5
113879.9
113879.9
113879.9
113835.9
113835.9
113806.6
113806.6
113762.7
113762.7
113762.7
113733.3
113733.3
113733.3
113718.7
113718.7
113718.7
113674.7
113674.7
113674.7
113645.4
113645.4
113630.8
113630.8
113630.8
113586.8
113586.8
113586.8
113572.2
113572.2
113572.2
113542.9
113498.9
113498.9
113498.9
113484.3
113484.3
113484.3
113440.3
113440.3
113440.3
113411.0
113411.0
113411.0
113396.3
113396.3
113352.4
113352.4
113352.4
113337.7
113337.7
113337.7
113308.4
113308.4
113308.4
113264.5
113264.5
113264.5
113249.8
113220.5
113220.5
113220.5
113191.2
113191.2
113191.2
113147.2
113147.2
113103.3
113103.3
113103.3
113088.6
113088.6
113088.6
113059.3
113059.3
113059.3
113044.7
113044.7
113044.7
113000.7
113000.7
112971.4
112971.4
112971.4
112942.1
112942.1
112912.8
112912.8
112912.8
112898.1
112898.1
112854.2
112854.2
112854.2
112824.9
112824.9
112824.9
112810.2
112810.2
112810.2
112766.3
112766.3
112766.3
112751.6
112751.6
112722.3
112722.3
112722.3
112678.4
112678.4
112678.4
112663.7
112634.4
112634.4
112634.4
112605.1
112605.1
112605.1
112575.8
112575.8
112575.8
112517.2
112517.2
112517.2
112502.5
112502.5
112502.5
112473.2
112473.2
112458.6
112458.6
112458.6
112414.6
112414.6
112414.6
112385.3
112385.3
112385.3
112370.7
112326.7
112326.7
112326.7
112312.0
112312.0
112312.0
112268.1
112268.1
112268.1
112238.8
112238.8
112238.8
112224.1
112224.1
112180.2
112180.2
112180.2
112165.5
112165.5
112165.5
112136.2
112136.2
112136.2
112092.3
112092.3
112092.3
112077.6
112048.3
112048.3
112048.3
112019.0
112019.0
112019.0
111989.7
111989.7
111989.7
111945.7
111945.7
111945.7
111931.1
111931.1
111887.1
111887.1
111887.1
111872.5
111872.5
111872.5
111828.5
111828.5
111828.5
111799.2
111799.2
111799.2
111769.9
111740.6
111740.6
111740.6
111725.9
111725.9
111725.9
111682.0
111682.0
111682.0
111652.7
111652.7
111652.7
111638.0
111638.0
111594.1
111594.1
111594.1
111579.4
111579.4
111579.4
111550.1
111550.1
111550.1
111506.2
111506.2
111506.2
111491.5
111447.5
111447.5
111447.5
111432.9
111432.9
111432.9
111403.6
111403.6
111403.6
111359.6
111359.6
111359.6
111345.0
111345.0
111315.7
111315.7
111315.7
111271.7
111271.7
111271.7
111242.4
111242.4
111242.4
111213.1
111213.1
111213.1
111183.8
111154.5
111154.5
111154.5
111139.8
111139.8
111139.8
111095.9
111095.9
111095.9
111066.6
111066.6
111066.6
111051.9
111051.9
111051.9
111008.0
111008.0
110993.3
110993.3
110993.3
110964.0
110964.0
110964.0
110920.1
110920.1
110920.1
110905.4
110861.4
110861.4
110861.4
110846.8
110846.8
110846.8
110817.5
110817.5
110817.5
110773.5
110773.5
110773.5
110758.9
110758.9
110758.9
110729.6
110729.6
110729.6
110685.6
110685.6
110656.3
110656.3
110656.3
110627.0
110627.0
110627.0
110597.7
110597.7
110568.4
110568.4
110568.4
110524.4
110524.4
110509.8
110509.8
110509.8
110480.5
110480.5
110480.5
110465.8
110465.8
110465.8
110421.9
110421.9
110421.9
110392.6
110392.6
110392.6
110363.3
110363.3
110363.3
110333.9
110333.9
110319.3
110319.3
110275.3
110275.3
110275.3
110246.0
110246.0
110246.0
110231.4
110231.4
110231.4
110187.4
110187.4
110172.8
110172.8
110172.8
110143.5
110143.5
110143.5
110099.5
110099.5
110099.5
110084.9
110084.9
110084.9
110026.2
110026.2
110026.2
110011.6
109982.3
109982.3
109982.3
109938.3
109938.3
109938.3
109923.7
109923.7
109923.7
109894.4
109894.4
109894.4
109865.1
109865.1
109865.1
109835.8
109835.8
109835.8
109806.5
109806.5
109777.1
109777.1
109777.1
109747.8
109747.8
109747.8
109733.2
109733.2
109689.2
109689.2
109659.9
109659.9
109659.9
109645.3
109645.3
109645.3
109601.3
109601.3
109601.3
109586.7
109586.7
109586.7
109557.4
109557.4
109557.4
109513.4
109513.4
109513.4
109498.7
109498.7
109498.7
109454.8
109454.8
109454.8
109440.1
109396.2
109396.2
109396.2
109352.2
109352.2
109352.2
109337.6
109337.6
109337.6
109308.3
109308.3
109308.3
109279.0
109279.0
109279.0
109249.7
109249.7
109220.4
109220.4
109220.4
109191.0
109191.0
109191.0
109161.7
109161.7
109161.7
109147.1
109147.1
109147.1
109103.1
109073.8
109073.8
109073.8
109059.2
109059.2
109059.2
109015.2
109015.2
109015.2
109000.6
109000.6
109000.6
108971.3
108971.3
108971.3
108927.3
108927.3
108927.3
108912.6
108912.6
108912.6
108868.7
108868.7
108868.7
108854.0
108854.0
108854.0
108824.7
108766.1
108766.1
108766.1
108751.5
108751.5
108751.5
108722.2
108722.2
108722.2
108692.9
108692.9
108692.9
108663.6
108663.6
108663.6
108634.2
108634.2
108604.9
108604.9
108604.9
108575.6
108575.6
108575.6
108561.0
108561.0
108561.0
108517.0
108517.0
108487.7
108487.7
108487.7
108473.1
108473.1
108429.1
108429.1
108429.1
108414.5
108414.5
108414.5
108370.5
108370.5
108370.5
108341.2
108341.2
108341.2
108326.5
108326.5
108326.5
108282.6
108282.6
108282.6
108267.9
108267.9
108267.9
108238.6
108194.7
108194.7
108194.7
108180.0
108180.0
108180.0
108136.1
108136.1
108136.1
108092.1
108092.1
108092.1
108077.4
108077.4
108077.4
108033.5
108033.5
108033.5
108018.8
108018.8
108018.8
107989.5
107989.5
107989.5
107945.6
107945.6
107945.6
107930.9
107901.6
107901.6
107901.6
107872.3
107872.3
107872.3
107843.0
107843.0
107843.0
107813.7
107813.7
107813.7
107784.4
107784.4
107784.4
107755.1
107755.1
107755.1
107740.4
107740.4
107740.4
107696.5
107696.5
107667.2
107667.2
107667.2
107652.5
107652.5
107608.6
107608.6
107608.6
107593.9
107593.9
107593.9
107564.6
107564.6
107564.6
107506.0
107506.0
107506.0
107491.3
107491.3
107491.3
107447.4
107447.4
107432.7
107432.7
107432.7
107403.4
107403.4
107403.4
107359.5
107359.5
107359.5
107344.8
107344.8
107315.5
107315.5
107315.5
107286.2
107286.2
107286.2
107256.9
107256.9
107256.9
107227.6
107227.6
107227.6
107198.3
107198.3
107169.0
107169.0
107169.0
107154.3
107154.3
107154.3
107110.4
107110.4
107110.4
107081.1
107081.1
107081.1
107066.4
107066.4
107022.5
107022.5
107022.5
107007.8
107007.8
107007.8
106963.9
106963.9
106963.9
106934.5
106934.5
106905.2
106905.2
106905.2
106861.3
106861.3
106861.3
106846.6
106846.6
106846.6
106817.3
106817.3
106817.3
106773.4
106773.4
106773.4
106758.7
106758.7
106729.4
106729.4
106729.4
106700.1
106700.1
106700.1
106670.8
106670.8
106670.8
106626.8
106626.8
106612.2
106612.2
106612.2
106582.9
106582.9
106582.9
106568.2
106568.2
106568.2
106524.3
106524.3
106524.3
106495.0
106495.0
106495.0
106465.7
106465.7
106436.4
106436.4
106436.4
106421.7
106421.7
106421.7
106377.7
106377.7
106377.7
106348.4
106348.4
106348.4
106333.8
106333.8
106333.8
106275.2
106275.2
106275.2
106260.5
106260.5
106231.2
106231.2
106231.2
106187.3
106187.3
106187.3
106172.6
106172.6
106143.3
106143.3
106143.3
106114.0
106114.0
106114.0
106084.7
106084.7
106084.7
106040.7
106040.7
106040.7
106026.1
106026.1
106026.1
105996.8
105996.8
105996.8
105982.1
105982.1
105982.1
105938.2
105938.2
105938.2
105908.9
105908.9
105908.9
105879.6
105850.3
105850.3
105850.3
105835.6
105835.6
105835.6
105791.6
105791.6
105791.6
105762.3
105762.3
105762.3
105747.7
105747.7
105747.7
105703.7
105703.7
105703.7
105689.1
105689.1
105689.1
105645.1
105645.1
105645.1
105601.2
105601.2
105601.2
105586.5
105542.6
105542.6
105542.6
105513.2
105513.2
105513.2
105498.6
105498.6
105498.6
105454.6
105454.6
105454.6
105440.0
105440.0
105440.0
105410.7
105410.7
105410.7
105366.7
105366.7
105366.7
105352.1
105352.1
105352.1
105322.8
105322.8
105322.8
105293.5
105293.5
105264.2
105264.2
105264.2
105234.8
105234.8
105234.8
105205.5
105205.5
105205.5
105176.2
105176.2
105176.2
105161.6
105161.6
105161.6
105117.6
105117.6
105117.6
105088.3
105088.3
105088.3
105073.7
105073.7
105073.7
105015.1
105015.1
105015.1
105000.4
104956.4
104956.4
104956.4
104927.1
104927.1
104927.1
104912.5
104912.5
104912.5
104868.5
104868.5
104868.5
104853.9
104853.9
104853.9
104824.6
104824.6
104824.6
104780.6
104780.6
104780.6
104766.0
104766.0
104766.0
104736.7
104736.7
104736.7
104707.4
104678.1
104678.1
104678.1
104634.1
104634.1
104634.1
104619.4
104619.4
104619.4
104590.1
104590.1
104590.1
104575.5
104575.5
104575.5
104531.5
104531.5
104531.5
104502.2
104502.2
104502.2
104487.6
104487.6
104487.6
104443.6
104443.6
104443.6
104429.0
104429.0
104370.3
104370.3
104370.3
104341.0
104341.0
104341.0
104326.4
104326.4
104326.4
104282.4
104282.4
104282.4
104267.8
104267.8
104267.8
104238.5
104238.5
104238.5
104194.5
104194.5
104194.5
104179.9
104179.9
104179.9
104150.6
104150.6
104150.6
104121.3
104121.3
104091.9
104091.9
104091.9
104048.0
104048.0
104048.0
104033.3
104033.3
104033.3
104004.0
104004.0
104004.0
103989.4
103989.4
103989.4
103945.4
103945.4
103945.4
103916.1
103916.1
103916.1
103886.8
103886.8
103886.8
103857.5
103857.5
103857.5
103842.9
103798.9
103798.9
103798.9
103754.9
103754.9
103754.9
103740.3
103740.3
103740.3
103696.3
103696.3
103696.3
103681.7
103681.7
103681.7
103652.4
103652.4
103652.4
103608.4
103608.4
103608.4
103593.8
103593.8
103593.8
103549.8
103549.8
103549.8
103535.1
103535.1
103505.8
103505.8
103505.8
103461.9
103461.9
103461.9
103447.2
103447.2
103447.2
103417.9
103417.9
103417.9
103388.6
103388.6
103388.6
103359.3
103359.3
103359.3
103330.0
103330.0
103330.0
103300.7
103300.7
103300.7
103271.4
103271.4
103271.4
103256.7
103256.7
103256.7
103212.8
103212.8
103183.5
103183.5
103183.5
103154.2
103154.2
103154.2
103110.2
103110.2
103110.2
103095.6
103095.6
103095.6
103066.3
103066.3
103066.3
103022.3
103022.3
103022.3
103007.7
103007.7
103007.7
102963.7
102963.7
102963.7
102934.4
102934.4
102934.4
102919.7
102919.7
102875.8
102875.8
102875.8
102861.1
102861.1
102861.1
102831.8
102831.8
102831.8
102787.9
102787.9
102787.9
102773.2
102773.2
102773.2
102743.9
102743.9
102743.9
102714.6
102714.6
102714.6
102685.3
102685.3
102685.3
102641.3
102641.3
102641.3
102626.7
102597.4
102597.4
102597.4
102597.4
102582.7
102582.7
102582.7
102524.1
102524.1
102524.1
102494.8
102494.8
102494.8
102465.5
102465.5
102465.5
102436.2
102436.2
102436.2
102421.6
102421.6
102421.6
102377.6
102377.6
102377.6
102348.3
102348.3
102348.3
102333.6
102289.7
102289.7
102289.7
102289.7
102275.0
102275.0
102275.0
102245.7
102245.7
102245.7
102201.8
102201.8
102201.8
102187.1
102187.1
102187.1
102143.2
102143.2
102143.2
102128.5
102128.5
102128.5
102099.2
102099.2
102099.2
102055.2
102055.2
102055.2
102040.6
102040.6
102011.3
102011.3
102011.3
101982.0
101982.0
101982.0
101952.7
101952.7
101952.7
101923.4
101923.4
101923.4
101879.4
101879.4
101879.4
101850.1
101850.1
101850.1
101835.4
101835.4
101835.4
101791.5
101791.5
101791.5
101762.2
101762.2
101762.2
101747.5
101747.5
101703.6
101703.6
101703.6
101688.9
101688.9
101688.9
101659.6
101659.6
101659.6
101615.7
101615.7
101615.7
101601.0
101601.0
101601.0
101557.0
101557.0
101557.0
101542.4
101542.4
101542.4
101513.1
101513.1
101513.1
101469.1
101469.1
101469.1
101454.5
101454.5
101425.2
101425.2
101425.2
101395.9
101395.9
101395.9
101366.6
101366.6
101366.6
101337.3
101337.3
101337.3
101308.0
101308.0
101308.0
101264.0
101264.0
101264.0
101249.3
101249.3
101249.3
101205.4
101205.4
101205.4
101176.1
101176.1
101176.1
101176.1
101161.4
101117.5
101117.5
101117.5
101102.8
101102.8
101102.8
101073.5
101073.5
101073.5
101029.6
101029.6
101029.6
101014.9
101014.9
101014.9
100970.9
100970.9
100970.9
100970.9
100956.3
100956.3
100956.3
100927.0
100927.0
100927.0
100883.0
100883.0
100883.0
100868.4
100839.1
100839.1
100839.1
100809.8
100809.8
100809.8
100809.8
100780.5
100780.5
100780.5
100751.2
100751.2
100751.2
100721.9
100721.9
100721.9
100692.5
100692.5
100692.5
100677.9
100677.9
100677.9
100619.3
100619.3
100619.3
100590.0
100590.0
100590.0
100575.3
100575.3
100531.4
100531.4
100531.4
100516.7
100516.7
100516.7
100472.8
100472.8
100472.8
100443.5
100443.5
100443.5
100428.8
100428.8
100428.8
100384.8
100384.8
100384.8
100355.5
100355.5
100355.5
100340.9
100340.9
100340.9
100340.9
100296.9
100296.9
100296.9
100282.3
100253.0
100253.0
100253.0
100209.0
100209.0
100209.0
100194.4
100194.4
100194.4
100194.4
100150.4
100150.4
100150.4
100135.7
100135.7
100135.7
100106.4
100106.4
100106.4
100062.5
100062.5
100062.5
100047.8
100047.8
100047.8
100003.9
100003.9
100003.9
99974.6
99974.6
99945.3
99945.3
99945.3
99916.0
99916.0
99916.0
99886.7
99886.7
99886.7
99857.4
99857.4
99857.4
99842.7
99842.7
99842.7
99798.7
99798.7
99798.7
99769.4
99769.4
99769.4
99769.4
99754.8
99754.8
99754.8
99710.8
99710.8
99710.8
99696.2
99666.9
99666.9
99666.9
99622.9
99622.9
99622.9
99622.9
99608.3
99608.3
99608.3
99564.3
99564.3
99564.3
99549.6
99549.6
99549.6
99520.3
99520.3
99520.3
99476.4
99476.4
99476.4
99461.7
99461.7
99461.7
99432.4
99432.4
99432.4
99388.5
99388.5
99359.2
99359.2
99359.2
99329.9
99329.9
99329.9
99300.6
99300.6
99300.6
99271.2
99271.2
99271.2
99271.2
99256.6
99256.6
99256.6
99212.6
99212.6
99212.6
99183.3
99183.3
99183.3
99168.7
99168.7
99168.7
99124.7
99124.7
99124.7
99110.1
99110.1
99066.1
99066.1
99066.1
99036.8
99036.8
99036.8
99022.2
99022.2
99022.2
98978.2
98978.2
98978.2
98963.5
98963.5
98963.5
98934.2
98934.2
98934.2
98934.2
98890.3
98890.3
98890.3
98875.6
98875.6
98875.6
98846.3
98846.3
98846.3
98817.0
98817.0
98773.1
98773.1
98773.1
98729.1
98729.1
98729.1
98714.4
98714.4
98714.4
98685.1
98685.1
98685.1
98670.5
98670.5
98670.5
98626.5
98626.5
98626.5
98597.2
98597.2
98597.2
98597.2
98567.9
98567.9
98567.9
98538.6
98538.6
98538.6
98524.0
98480.0
98480.0
98480.0
98480.0
98450.7
98450.7
98450.7
98436.0
98436.0
98436.0
98392.1
98392.1
98392.1
98377.4
98377.4
98377.4
98348.1
98348.1
98348.1
98304.2
98304.2
98304.2
98304.2
98289.5
98289.5
98289.5
98260.2
98260.2
98260.2
98230.9
98201.6
98201.6
98201.6
98201.6
98143.0
98143.0
98143.0
98128.3
98128.3
98128.3
98099.0
98099.0
98099.0
98084.4
98084.4
98084.4
98040.4
98040.4
98040.4
98011.1
98011.1
98011.1
98011.1
97981.8
97981.8
97981.8
97952.5
97952.5
97952.5
97937.9
97893.9
97893.9
97893.9
97893.9
97864.6
97864.6
97864.6
97849.9
97849.9
97849.9
97806.0
97806.0
97806.0
97776.7
97776.7
97776.7
97762.0
97762.0
97762.0
97718.1
97718.1
97718.1
97718.1
97703.4
97703.4
97703.4
97674.1
97674.1
97674.1
97630.2
97630.2
97630.2
97615.5
97615.5
97571.5
97571.5
97571.5
97556.9
97556.9
97556.9
97512.9
97512.9
97512.9
97469.0
97469.0
97469.0
97454.3
97454.3
97454.3
97454.3
97425.0
97425.0
97425.0
97395.7
97395.7
97395.7
97366.4
97366.4
97366.4
97337.1
97337.1
97337.1
97307.8
97307.8
97278.5
97278.5
97278.5
97263.8
97263.8
97263.8
97219.9
97219.9
97219.9
97190.6
97190.6
97190.6
97190.6
97175.9
97175.9
97175.9
97132.0
97132.0
97132.0
97117.3
97117.3
97117.3
97073.4
97073.4
97073.4
97044.1
97044.1
97044.1
97044.1
97029.4
96985.4
96985.4
96985.4
96970.8
96970.8
96970.8
96970.8
96941.5
96941.5
96941.5
96882.9
96882.9
96882.9
96868.2
96868.2
96868.2
96838.9
96838.9
96838.9
96809.6
96809.6
96809.6
96809.6
96780.3
96780.3
96780.3
96736.4
96736.4
96736.4
96721.7
96721.7
96692.4
96692.4
96692.4
96677.7
96677.7
96677.7
96633.8
96633.8
96633.8
96604.5
96604.5
96604.5
96589.8
96589.8
96589.8
96589.8
96545.9
96545.9
96545.9
96531.2
96531.2
96531.2
96487.3
96487.3
96487.3
96458.0
96458.0
96458.0
96443.3
96443.3
96399.3
96399.3
96399.3
96384.7
96384.7
96384.7
96355.4
96355.4
96355.4
96355.4
96311.4
96311.4
96311.4
96296.8
96296.8
96296.8
96252.8
96252.8
96252.8
96223.5
96223.5
96223.5
96194.2
96194.2
96194.2
96194.2
96150.2
96150.2
96150.2
96135.6
96106.3
96106.3
96106.3
96106.3
96091.6
96091.6
96091.6
96047.7
96047.7
96047.7
96018.4
96018.4
96018.4
95989.1
95989.1
95989.1
95959.8
95959.8
95959.8
95959.8
95945.1
95945.1
95945.1
95901.2
95901.2
95901.2
95871.8
95871.8
95871.8
95857.2
95857.2
95813.2
95813.2
95813.2
95798.6
95798.6
95798.6
95769.3
95769.3
95769.3
95769.3
95725.3
95725.3
95725.3
95710.7
95710.7
95710.7
95666.7
95666.7
95666.7
95637.4
95637.4
95637.4
95637.4
95608.1
95608.1
95608.1
95564.1
95564.1
95564.1
95549.5
95549.5
95520.2
95520.2
95520.2
95490.9
95490.9
95490.9
95461.6
95461.6
95461.6
95432.3
95432.3
95432.3
95432.3
95403.0
95403.0
95403.0
95373.7
95373.7
95373.7
95359.0
95359.0
95359.0
95315.0
95315.0
95315.0
95285.7
95285.7
95285.7
95285.7
95271.1
95227.1
95227.1
95227.1
95227.1
95197.8
95197.8
95197.8
95183.2
95183.2
95183.2
95139.2
95139.2
95139.2
95124.6
95124.6
95124.6
95080.6
95080.6
95080.6
95080.6
95051.3
95051.3
95051.3
95022.0
95022.0
95022.0
94978.0
94978.0
94978.0
94963.4
94963.4
94934.1
94934.1
94934.1
94890.1
94890.1
94890.1
94890.1
94875.5
94875.5
94875.5
94846.2
94846.2
94846.2
94816.9
94816.9
94816.9
94787.6
94787.6
94787.6
94787.6
94743.6
94743.6
94743.6
94728.9
94728.9
94728.9
94699.6
94699.6
94699.6
94685.0
94685.0
94641.0
94641.0
94641.0
94611.7
94611.7
94611.7
94582.4
94582.4
94582.4
94582.4
94553.1
94553.1
94553.1
94538.5
94538.5
94538.5
94494.5
94494.5
94494.5
94465.2
94465.2
94465.2
94465.2
94450.5
94450.5
94450.5
94391.9
94391.9
94391.9
94377.3
94377.3
94348.0
94348.0
94348.0
94304.0
94304.0
94304.0
94289.4
94289.4
94289.4
94289.4
94245.4
94245.4
94245.4
94230.8
94230.8
94230.8
94201.5
94201.5
94201.5
94157.5
94157.5
94157.5
94157.5
94142.8
94142.8
94142.8
94113.5
94113.5
94113.5
94084.2
94084.2
94054.9
94054.9
94054.9
94025.6
94025.6
94025.6
93996.3
93996.3
93996.3
93996.3
93967.0
93967.0
93967.0
93952.4
93952.4
93952.4
93908.4
93908.4
93908.4
93879.1
93879.1
93879.1
93879.1
93864.4
93864.4
93864.4
93820.5
93820.5
93820.5
93805.8
93805.8
93761.9
93761.9
93761.9
93717.9
93717.9
93717.9
93717.9
93703.3
93703.3
93703.3
93659.3
93659.3
93659.3
93644.7
93644.7
93644.7
93615.4
93615.4
93615.4
93615.4
93571.4
93571.4
93571.4
93556.7
93556.7
93556.7
93527.4
93527.4
93527.4
93498.1
93498.1
93468.8
93468.8
93468.8
93439.5
93439.5
93439.5
93439.5
93410.2
93410.2
93410.2
93380.9
93380.9
93380.9
93366.3
93366.3
93366.3
93366.3
93322.3
93322.3
93322.3
93293.0
93293.0
93293.0
93278.3
93278.3
93278.3
93234.4
93234.4
93234.4
93234.4
93219.7
93190.4
93190.4
93190.4
93190.4
93131.8
93131.8
93131.8
93117.2
93117.2
93117.2
93073.2
93073.2
93073.2
93073.2
93058.6
93058.6
93058.6
93029.2
93029.2
93029.2
92985.3
92985.3
92985.3
92970.6
92970.6
92970.6
92970.6
92941.3
92941.3
92941.3
92912.0
92912.0
92882.7
92882.7
92882.7
92853.4
92853.4
92853.4
92824.1
92824.1
92824.1
92824.1
92794.8
92794.8
92794.8
92780.2
92780.2
92780.2
92736.2
92736.2
92736.2
92736.2
92706.9
92706.9
92706.9
92692.2
92692.2
92692.2
92648.3
92648.3
92648.3
92619.0
92619.0
92589.7
92589.7
92589.7
92560.4
92560.4
92560.4
92560.4
92545.7
92545.7
92545.7
92487.1
92487.1
92487.1
92457.8
92457.8
92457.8
92457.8
92443.1
92443.1
92443.1
92399.2
92399.2
92399.2
92384.5
92384.5
92384.5
92384.5
92355.2
92355.2
92355.2
92311.3
92311.3
92296.6
92296.6
92296.6
92252.7
92252.7
92252.7
92238.0
92238.0
92238.0
92238.0
92208.7
92208.7
92208.7
92164.7
92164.7
92164.7
92150.1
92150.1
92150.1
92120.8
92120.8
92120.8
92120.8
92091.5
92091.5
92091.5
92062.2
92062.2
92062.2
92032.9
92032.9
92032.9
92032.9
92003.6
91974.3
91974.3
91974.3
91974.3
91959.6
91959.6
91959.6
91915.7
91915.7
91915.7
91871.7
91871.7
91871.7
91871.7
91857.0
91857.0
91857.0
91813.1
91813.1
91813.1
91798.4
91798.4
91798.4
91798.4
91769.1
91769.1
91769.1
91725.2
91725.2
91725.2
91710.5
91710.5
91666.6
91666.6
91666.6
91651.9
91651.9
91651.9
91651.9
91622.6
91622.6
91622.6
91578.6
91578.6
91578.6
91564.0
91564.0
91564.0
91564.0
91534.7
91534.7
91534.7
91505.4
91505.4
91505.4
91476.1
91476.1
91476.1
91476.1
91446.8
91446.8
91446.8
91417.5
91417.5
91388.2
91388.2
91388.2
91373.5
91373.5
91373.5
91373.5
91329.5
91329.5
91329.5
91300.2
91300.2
91300.2
91270.9
91270.9
91270.9
91270.9
91227.0
91227.0
91227.0
91212.3
91212.3
91212.3
91168.4
91168.4
91168.4
91168.4
91139.1
91139.1
91139.1
91124.4
91124.4
91080.5
91080.5
91080.5
91065.8
91065.8
91065.8
91036.5
91036.5
91036.5
91036.5
90992.5
90992.5
90992.5
90977.9
90977.9
90977.9
90948.6
90948.6
90948.6
90948.6
90919.3
90919.3
90919.3
90890.0
90890.0
90890.0
90846.0
90846.0
90846.0
90846.0
90831.4
90831.4
90802.1
90802.1
90802.1
90787.4
90787.4
90787.4
90743.4
90743.4
90743.4
90743.4
90714.1
90714.1
90714.1
90699.5
90699.5
90699.5
90640.9
90640.9
90640.9
90640.9
90626.2
90626.2
90626.2
90582.3
90582.3
90582.3
90553.0
90553.0
90553.0
90553.0
90538.3
90538.3
90494.4
90494.4
90494.4
90479.7
90479.7
90479.7
90450.4
90450.4
90450.4
90450.4
90406.4
90406.4
90406.4
90391.8
90391.8
90391.8
90362.5
90362.5
90362.5
90362.5
90333.2
90333.2
90333.2
90303.9
90303.9
90303.9
90259.9
90259.9
90259.9
90259.9
90245.3
90245.3
90216.0
90216.0
90216.0
90201.3
90201.3
90201.3
90157.3
90157.3
90157.3
90157.3
90128.0
90128.0
90128.0
90113.4
90113.4
90113.4
90069.4
90069.4
90069.4
90069.4
90054.8
90054.8
90054.8
89996.2
89996.2
89996.2
89996.2
89966.9
89966.9
89966.9
89952.2
89952.2
89908.2
89908.2
89908.2
89878.9
89878.9
89878.9
89864.3
89864.3
89864.3
89864.3
89820.3
89820.3
89820.3
89805.7
89805.7
89805.7
89805.7
89776.4
89776.4
89776.4
89732.4
89732.4
89732.4
89717.8
89717.8
89717.8
89717.8
89673.8
89673.8
89673.8
89659.2
89659.2
89629.8
89629.8
89629.8
89585.9
89585.9
89585.9
89585.9
89571.2
89571.2
89571.2
89541.9
89541.9
89541.9
89541.9
89512.6
89512.6
89512.6
89483.3
89483.3
89483.3
89454.0
89454.0
89454.0
89454.0
89424.7
89424.7
89424.7
89380.8
89380.8
89380.8
89380.8
89366.1
89322.1
89322.1
89322.1
89322.1
89292.8
89292.8
89292.8
89278.2
89278.2
89278.2
89234.2
89234.2
89234.2
89234.2
89219.6
89219.6
89219.6
89175.6
89175.6
89175.6
89175.6
89146.3
89146.3
89146.3
89131.7
89131.7
89131.7
89087.7
89087.7
89087.7
89087.7
89073.0
89073.0
89043.7
89043.7
89043.7
88999.8
88999.8
88999.8
88985.1
88985.1
88985.1
88985.1
88955.8
88955.8
88955.8
88926.5
88926.5
88926.5
88926.5
88897.2
88897.2
88897.2
88853.3
88853.3
88853.3
88853.3
88838.6
88838.6
88838.6
88809.3
88809.3
88809.3
88794.7
88794.7
88736.0
88736.0
88736.0
88736.0
88706.7
88706.7
88706.7
88692.1
88692.1
88692.1
88648.1
88648.1
88648.1
88648.1
88633.5
88633.5
88633.5
88589.5
88589.5
88589.5
88589.5
88560.2
88560.2
88560.2
88545.6
88545.6
88545.6
88501.6
88501.6
88501.6
88501.6
88486.9
88486.9
88457.6
88457.6
88457.6
88413.7
88413.7
88413.7
88399.0
88399.0
88399.0
88399.0
88369.7
88369.7
88369.7
88340.4
88340.4
88340.4
88340.4
88311.1
88311.1
88311.1
88267.2
88267.2
88267.2
88267.2
88252.5
88252.5
88252.5
88223.2
88223.2
88223.2
88223.2
88208.5
88164.6
88164.6
88164.6
88164.6
88120.6
88120.6
88120.6
88091.3
88091.3
88091.3
88091.3
88062.0
88062.0
88062.0
88047.4
88047.4
88047.4
88003.4
88003.4
88003.4
88003.4
87974.1
87974.1
87974.1
87959.5
87959.5
87959.5
87959.5
87915.5
87915.5
87915.5
87900.8
87900.8
87871.5
87871.5
87871.5
87827.6
87827.6
87827.6
87827.6
87812.9
87812.9
87812.9
87769.0
87769.0
87769.0
87769.0
87754.3
87754.3
87754.3
87725.0
87725.0
87725.0
87725.0
87681.1
87681.1
87681.1
87666.4
87666.4
87666.4
87666.4
87637.1
87637.1
87637.1
87607.8
87607.8
87578.5
87578.5
87578.5
87549.2
87549.2
87549.2
87549.2
87505.2
87505.2
87505.2
87475.9
87475.9
87475.9
87475.9
87461.3
87461.3
87461.3
87417.3
87417.3
87417.3
87417.3
87388.0
87388.0
87388.0
87373.3
87373.3
87373.3
87373.3
87329.4
87329.4
87329.4
87300.1
87300.1
87285.4
87285.4
87285.4
87241.5
87241.5
87241.5
87241.5
87226.8
87226.8
87226.8
87182.9
87182.9
87182.9
87182.9
87153.6
87153.6
87153.6
87138.9
87138.9
87138.9
87138.9
87095.0
87095.0
87095.0
87080.3
87080.3
87080.3
87051.0
87051.0
87051.0
87051.0
87007.0
87007.0
86992.4
86992.4
86992.4
86963.1
86963.1
86963.1
86963.1
86933.8
86933.8
86933.8
86889.8
86889.8
86889.8
86889.8
86845.9
86845.9
86845.9
86831.2
86831.2
86831.2
86831.2
86801.9
86801.9
86801.9
86787.2
86787.2
86787.2
86787.2
86743.3
86743.3
86743.3
86714.0
86714.0
86684.7
86684.7
86684.7
86655.4
86655.4
86655.4
86655.4
86640.7
86640.7
86640.7
86596.8
86596.8
86596.8
86596.8
86567.5
86567.5
86567.5
86552.8
86552.8
86552.8
86552.8
86508.8
86508.8
86508.8
86494.2
86494.2
86494.2
86494.2
86464.9
86464.9
86464.9
86420.9
86420.9
86406.3
86406.3
86406.3
86377.0
86377.0
86377.0
86377.0
86347.7
86347.7
86347.7
86318.4
86318.4
86318.4
86318.4
86259.8
86259.8
86259.8
86245.1
86245.1
86245.1
86245.1
86215.8
86215.8
86215.8
86201.1
86201.1
86201.1
86201.1
86157.2
86157.2
86157.2
86127.9
86127.9
86127.9
86127.9
86098.6
86098.6
86069.3
86069.3
86069.3
86054.6
86054.6
86054.6
86054.6
86010.7
86010.7
86010.7
85981.4
85981.4
85981.4
85981.4
85966.7
85966.7
85966.7
85922.7
85922.7
85922.7
85922.7
85908.1
85908.1
85908.1
85878.8
85878.8
85878.8
85878.8
85834.8
85834.8
85834.8
85820.2
85820.2
85776.2
85776.2
85776.2
85776.2
85761.6
85761.6
85761.6
85732.3
85732.3
85732.3
85732.3
85688.3
85688.3
85688.3
85673.7
85673.7
85673.7
85673.7
85629.7
85629.7
85629.7
85600.4
85600.4
85600.4
85600.4
85571.1
85571.1
85571.1
85541.8
85541.8
85541.8
85541.8
85512.5
85483.2
85483.2
85483.2
85483.2
85468.5
85468.5
85468.5
85468.5
85424.6
85424.6
85424.6
85395.3
85395.3
85395.3
85395.3
85380.6
85380.6
85380.6
85336.6
85336.6
85336.6
85336.6
85322.0
85322.0
85322.0
85292.7
85292.7
85292.7
85292.7
85248.7
85248.7
85248.7
85234.1
85234.1
85190.1
85190.1
85190.1
85190.1
85175.5
85175.5
85175.5
85146.2
85146.2
85146.2
85146.2
85102.2
85102.2
85102.2
85087.5
85087.5
85087.5
85087.5
85058.2
85058.2
85058.2
85014.3
85014.3
85014.3
85014.3
84985.0
84985.0
84985.0
84955.7
84955.7
84955.7
84955.7
84926.4
84926.4
84897.1
84897.1
84897.1
84882.4
84882.4
84882.4
84882.4
84838.5
84838.5
84838.5
84809.1
84809.1
84809.1
84809.1
84794.5
84794.5
84794.5
84750.5
84750.5
84750.5
84750.5
84721.2
84721.2
84721.2
84691.9
84691.9
84691.9
84691.9
84662.6
84662.6
84662.6
84662.6
84648.0
84604.0
84604.0
84604.0
84604.0
84574.7
84574.7
84574.7
84560.1
84560.1
84560.1
84560.1
84516.1
84516.1
84516.1
84516.1
84501.4
84501.4
84501.4
84472.1
84472.1
84472.1
84472.1
84428.2
84428.2
84428.2
84413.5
84413.5
84413.5
84413.5
84354.9
84354.9
84354.9
84340.3
84340.3
84311.0
84311.0
84311.0
84311.0
84267.0
84267.0
84267.0
84252.3
84252.3
84252.3
84252.3
84223.0
84223.0
84223.0
84193.7
84193.7
84193.7
84193.7
84164.4
84164.4
84164.4
84164.4
84135.1
84135.1
84135.1
84105.8
84105.8
84105.8
84105.8
84076.5
84076.5
84076.5
84061.9
84061.9
84017.9
84017.9
84017.9
84017.9
83988.6
83988.6
83988.6
83974.0
83974.0
83974.0
83974.0
83930.0
83930.0
83930.0
83915.3
83915.3
83915.3
83915.3
83886.0
83886.0
83886.0
83886.0
83842.1
83842.1
83842.1
83827.4
83827.4
83827.4
83827.4
83783.5
83783.5
83783.5
83754.2
83754.2
83724.9
83724.9
83724.9
83724.9
83680.9
83680.9
83680.9
83666.2
83666.2
83666.2
83666.2
83636.9
83636.9
83636.9
83607.6
83607.6
83607.6
83607.6
83578.3
83578.3
83578.3
83578.3
83549.0
83549.0
83549.0
83519.7
83519.7
83519.7
83519.7
83490.4
83490.4
83490.4
83475.8
83475.8
83431.8
83431.8
83431.8
83431.8
83402.5
83402.5
83402.5
83387.8
83387.8
83387.8
83387.8
83343.9
83343.9
83343.9
83343.9
83329.2
83329.2
83329.2
83285.3
83285.3
83285.3
83285.3
83256.0
83256.0
83256.0
83241.3
83241.3
83241.3
83241.3
83197.4
83197.4
83197.4
83182.7
83182.7
83153.4
83153.4
83153.4
83138.8
83094.8
83094.8
83094.8
83094.8
83080.1
83080.1
83080.1
83050.8
83050.8
83050.8
83050.8
83021.5
83021.5
83021.5
82992.2
82992.2
82992.2
82992.2
82948.3
82948.3
82948.3
82948.3
82933.6
82933.6
82933.6
82904.3
82904.3
82904.3
82904.3
82889.7
82889.7
82845.7
82845.7
82845.7
82816.4
82816.4
82816.4
82816.4
82801.7
82801.7
82801.7
82757.8
82757.8
82757.8
82757.8
82743.1
82743.1
82743.1
82743.1
82699.2
82699.2
82699.2
82669.9
82669.9
82669.9
82669.9
82655.2
82655.2
82655.2
82611.3
82611.3
82611.3
82611.3
82596.6
82596.6
82567.3
82567.3
82567.3
82567.3
82508.7
82508.7
82508.7
82494.0
82494.0
82494.0
82494.0
82464.7
82464.7
82464.7
82435.4
82435.4
82435.4
82435.4
82406.1
82406.1
82406.1
82406.1
82362.2
82362.2
82362.2
82347.5
82347.5
82347.5
82347.5
82318.2
82318.2
82318.2
82318.2
82303.6
82259.6
82259.6
82259.6
82259.6
82230.3
82230.3
82230.3
82230.3
82215.6
82215.6
82215.6
82171.7
82171.7
82171.7
82171.7
82142.4
82142.4
82142.4
82142.4
82113.1
82113.1
82113.1
82083.8
82083.8
82083.8
82083.8
82069.1
82069.1
82069.1
82025.2
82025.2
82025.2
82025.2
81995.9
81995.9
81981.2
81981.2
81981.2
81981.2
81937.2
81937.2
81937.2
81922.6
81922.6
81922.6
81922.6
81878.6
81878.6
81878.6
81878.6
81834.7
81834.7
81834.7
81820.0
81820.0
81820.0
81820.0
81776.1
81776.1
81776.1
81761.4
81761.4
81761.4
81761.4
81732.1
81732.1
81732.1
81732.1
81688.1
81688.1
81673.5
81673.5
81673.5
81644.2
81644.2
81644.2
81644.2
81614.9
81614.9
81614.9
81614.9
81585.6
81585.6
81585.6
81556.3
81556.3
81556.3
81556.3
81527.0
81527.0
81527.0
81527.0
81497.7
81497.7
81497.7
81483.0
81483.0
81483.0
81483.0
81439.1
81439.1
81439.1
81439.1
81409.7
81395.1
81395.1
81395.1
81395.1
81351.1
81351.1
81351.1
81351.1
81336.5
81336.5
81336.5
81292.5
81292.5
81292.5
81292.5
81248.6
81248.6
81248.6
81248.6
81233.9
81233.9
81233.9
81190.0
81190.0
81190.0
81190.0
81175.3
81175.3
81175.3
81175.3
81146.0
81146.0
81146.0
81102.0
81102.0
81087.4
81087.4
81087.4
81087.4
81058.1
81058.1
81058.1
81058.1
81028.8
81028.8
81028.8
80999.5
80999.5
80999.5
80999.5
80955.5
80955.5
80955.5
80955.5
80940.9
80940.9
80940.9
80911.6
80911.6
80911.6
80911.6
80896.9
80896.9
80896.9
80896.9
80853.0
80853.0
80853.0
80823.6
80823.6
80809.0
80809.0
80809.0
80809.0
80765.0
80765.0
80765.0
80750.4
80750.4
80750.4
80750.4
80706.4
80706.4
80706.4
80706.4
80677.1
80677.1
80677.1
80677.1
80662.5
80662.5
80662.5
80603.9
80603.9
80603.9
80603.9
80589.2
80589.2
80589.2
80589.2
80559.9
80559.9
80559.9
80515.9
80515.9
80515.9
80515.9
80501.3
80501.3
80472.0
80472.0
80472.0
80472.0
80442.7
80442.7
80442.7
80413.4
80413.4
80413.4
80413.4
80369.4
80369.4
80369.4
80369.4
80354.8
80354.8
80354.8
80325.5
80325.5
80325.5
80325.5
80310.8
80310.8
80310.8
80310.8
80266.8
80266.8
80266.8
80237.5
80237.5
80237.5
80237.5
80208.2
80208.2
80178.9
80178.9
80178.9
80178.9
80164.3
80164.3
80164.3
80120.3
80120.3
80120.3
80120.3
80091.0
80091.0
80091.0
80091.0
80076.4
80076.4
80076.4
80076.4
80032.4
80032.4
80032.4
80003.1
80003.1
80003.1
80003.1
79973.8
79973.8
79973.8
79973.8
79929.8
79929.8
79929.8
79915.2
79915.2
79871.2
79871.2
79871.2
79871.2
79856.6
79856.6
79856.6
79856.6
79827.3
79827.3
79827.3
79783.3
79783.3
79783.3
79783.3
79768.7
79768.7
79768.7
79768.7
79739.4
79739.4
79739.4
79739.4
79710.0
79710.0
79710.0
79680.7
79680.7
79680.7
79680.7
79651.4
79651.4
79651.4
79651.4
79622.1
79622.1
79592.8
79592.8
79592.8
79563.5
79563.5
79563.5
79563.5
79534.2
79534.2
79534.2
79534.2
79504.9
79504.9
79504.9
79504.9
79490.3
79490.3
79490.3
79446.3
79446.3
79446.3
79446.3
79417.0
79417.0
79417.0
79417.0
79402.3
79402.3
79402.3
79343.7
79343.7
79343.7
79343.7
79329.1
79329.1
79285.1
79285.1
79285.1
79285.1
79255.8
79255.8
79255.8
79255.8
79241.2
79241.2
79241.2
79197.2
79197.2
79197.2
79197.2
79182.6
79182.6
79182.6
79182.6
79153.3
79153.3
79153.3
79109.3
79109.3
79109.3
79109.3
79094.6
79094.6
79094.6
79094.6
79065.3
79065.3
79065.3
79065.3
79036.0
79036.0
79006.7
79006.7
79006.7
78977.4
78977.4
78977.4
78977.4
78948.1
78948.1
78948.1
78948.1
78918.8
78918.8
78918.8
78918.8
78904.2
78904.2
78904.2
78860.2
78860.2
78860.2
78860.2
78830.9
78830.9
78830.9
78830.9
78816.2
78816.2
78816.2
78816.2
78757.6
78757.6
78757.6
78743.0
78743.0
78699.0
78699.0
78699.0
78699.0
78669.7
78669.7
78669.7
78669.7
78655.1
78655.1
78655.1
78655.1
78611.1
78611.1
78611.1
78596.5
78596.5
78596.5
78596.5
78567.1
78567.1
78567.1
78567.1
78523.2
78523.2
78523.2
78523.2
78508.5
78508.5
78508.5
78479.2
78479.2
78479.2
78479.2
78449.9
78449.9
78420.6
78420.6
78420.6
78420.6
78376.7
78376.7
78376.7
78376.7
78362.0
78362.0
78362.0
78332.7
78332.7
78332.7
78332.7
78318.1
78318.1
78318.1
78318.1
78274.1
78274.1
78274.1
78274.1
78244.8
78244.8
78244.8
78215.5
78215.5
78215.5
78215.5
78186.2
78186.2
78186.2
78186.2
78171.5
78171.5
78112.9
78112.9
78112.9
78112.9
78083.6
78083.6
78083.6
78069.0
78069.0
78069.0
78069.0
78025.0
78025.0
78025.0
78025.0
78010.3
78010.3
78010.3
78010.3
77981.0
77981.0
77981.0
77981.0
77937.1
77937.1
77937.1
77922.4
77922.4
77922.4
77922.4
77878.5
77878.5
77878.5
77878.5
77863.8
77863.8
77834.5
77834.5
77834.5
77834.5
77790.6
77790.6
77790.6
77775.9
77775.9
77775.9
77775.9
77746.6
77746.6
77746.6
77746.6
77717.3
77717.3
77717.3
77717.3
77688.0
77688.0
77688.0
77688.0
77658.7
77658.7
77658.7
77629.4
77629.4
77629.4
77629.4
77600.1
77600.1
77600.1
77600.1
77585.4
77585.4
77541.5
77541.5
77541.5
77541.5
77497.5
77497.5
77497.5
77482.9
77482.9
77482.9
77482.9
77438.9
77438.9
77438.9
77438.9
77424.2
77424.2
77424.2
77424.2
77394.9
77394.9
77394.9
77394.9
77351.0
77351.0
77351.0
77351.0
77336.3
77336.3
77336.3
77292.4
77292.4
77292.4
77292.4
77277.7
77277.7
77248.4
77248.4
77248.4
77248.4
77204.5
77204.5
77204.5
77204.5
77189.8
77189.8
77189.8
77160.5
77160.5
77160.5
77160.5
77131.2
77131.2
77131.2
77131.2
77101.9
77101.9
77101.9
77101.9
77072.6
77072.6
77072.6
77072.6
77043.3
77043.3
77043.3
77043.3
77014.0
77014.0
77014.0
76970.0
76970.0
76955.4
76955.4
76955.4
76955.4
76926.1
76926.1
76926.1
76926.1
76911.4
76911.4
76911.4
76911.4
76852.8
76852.8
76852.8
76852.8
76823.5
76823.5
76823.5
76794.2
76794.2
76794.2
76794.2
76764.9
76764.9
76764.9
76764.9
76750.2
76750.2
76750.2
76750.2
76706.3
76706.3
76706.3
76706.3
76677.0
76677.0
76662.3
76662.3
76662.3
76662.3
76618.4
76618.4
76618.4
76603.7
76603.7
76603.7
76603.7
76574.4
76574.4
76574.4
76574.4
76530.4
76530.4
76530.4
76530.4
76515.8
76515.8
76515.8
76515.8
76471.8
76471.8
76471.8
76471.8
76457.2
76457.2
76457.2
76427.9
76427.9
76427.9
76427.9
76383.9
76383.9
76369.3
76369.3
76369.3
76369.3
76340.0
76340.0
76340.0
76340.0
76325.3
76325.3
76325.3
76325.3
76281.3
76281.3
76281.3
76281.3
76237.4
76237.4
76237.4
76208.1
76208.1
76208.1
76208.1
76178.8
76178.8
76178.8
76178.8
76164.1
76164.1
76164.1
76164.1
76120.2
76120.2
76120.2
76120.2
76090.9
76090.9
76076.2
76076.2
76076.2
76076.2
76032.3
76032.3
76032.3
76017.6
76017.6
76017.6
76017.6
75988.3
75988.3
75988.3
75988.3
75944.3
75944.3
75944.3
75944.3
75929.7
75929.7
75929.7
75929.7
75885.7
75885.7
75885.7
75885.7
75871.1
75871.1
75871.1
75871.1
75841.8
75841.8
75841.8
75841.8
75797.8
75783.2
75783.2
75783.2
75783.2
75753.9
75753.9
75753.9
75753.9
75724.5
75724.5
75724.5
75724.5
75695.2
75695.2
75695.2
75695.2
75665.9
75665.9
75665.9
75665.9
75622.0
75622.0
75622.0
75622.0
75592.7
75592.7
75592.7
75592.7
75578.0
75578.0
75578.0
75534.1
75534.1
75534.1
75534.1
75504.8
75504.8
75490.1
75490.1
75490.1
75490.1
75446.1
75446.1
75446.1
75446.1
75431.5
75431.5
75431.5
75431.5
75387.5
75387.5
75387.5
75387.5
75358.2
75358.2
75358.2
75358.2
75343.6
75343.6
75343.6
75343.6
75299.6
75299.6
75299.6
75285.0
75285.0
75285.0
75285.0
75255.7
75255.7
75255.7
75255.7
75211.7
75211.7
75197.1
75197.1
75197.1
75197.1
75167.7
75167.7
75167.7
75167.7
75138.4
75138.4
75138.4
75138.4
75109.1
75109.1
75109.1
75109.1
75079.8
75079.8
75079.8
75079.8
75050.5
75050.5
75050.5
75050.5
75021.2
75021.2
75021.2
74991.9
74991.9
74991.9
74991.9
74948.0
74948.0
74948.0
74948.0
74918.7
74918.7
74904.0
74904.0
74904.0
74904.0
74860.0
74860.0
74860.0
74860.0
74845.4
74845.4
74845.4
74845.4
74801.4
74801.4
74801.4
74801.4
74772.1
74772.1
74772.1
74772.1
74757.5
74757.5
74757.5
74757.5
74713.5
74713.5
74713.5
74713.5
74698.9
74698.9
74698.9
74669.6
74669.6
74669.6
74669.6
74625.6
74625.6
74625.6
74625.6
74611.0
74611.0
74581.6
74581.6
74581.6
74581.6
74552.3
74552.3
74552.3
74552.3
74523.0
74523.0
74523.0
74523.0
74479.1
74479.1
74479.1
74479.1
74464.4
74464.4
74464.4
74464.4
74435.1
74435.1
74435.1
74435.1
74376.5
74376.5
74376.5
74376.5
74361.9
74361.9
74361.9
74361.9
74332.6
74332.6
74332.6
74332.6
74317.9
74317.9
74273.9
74273.9
74273.9
74244.6
74244.6
74244.6
74244.6
74215.3
74215.3
74215.3
74215.3
74186.0
74186.0
74186.0
74186.0
74171.4
74171.4
74171.4
74171.4
74127.4
74127.4
74127.4
74127.4
74098.1
74098.1
74098.1
74098.1
74083.5
74083.5
74083.5
74083.5
74039.5
74039.5
74039.5
74039.5
74024.8
74024.8
73995.5
73995.5
73995.5
73995.5
73951.6
73951.6
73951.6
73951.6
73936.9
73936.9
73936.9
73936.9
73893.0
73893.0
73893.0
73893.0
73878.3
73878.3
73878.3
73878.3
73849.0
73849.0
73849.0
73849.0
73805.1
73805.1
73805.1
73805.1
73790.4
73790.4
73790.4
73746.4
73746.4
73746.4
73746.4
73717.1
73717.1
73687.8
73687.8
73687.8
73687.8
73658.5
73658.5
73658.5
73658.5
73629.2
73629.2
73629.2
73629.2
73599.9
73599.9
73599.9
73599.9
73585.3
73585.3
73585.3
73585.3
73541.3
73541.3
73541.3
73541.3
73512.0
73512.0
73512.0
73512.0
73497.4
73497.4
73497.4
73497.4
73453.4
73453.4
73453.4
73453.4
73438.7
73438.7
73394.8
73394.8
73394.8
73394.8
73365.5
73365.5
73365.5
73365.5
73350.8
73350.8
73350.8
73350.8
73306.9
73306.9
73306.9
73306.9
73292.2
73292.2
73292.2
73292.2
73262.9
73262.9
73262.9
73262.9
73219.0
73219.0
73219.0
73219.0
73204.3
73204.3
73204.3
73204.3
73175.0
73175.0
73175.0
73175.0
73145.7
73145.7
73101.7
73101.7
73101.7
73101.7
73072.4
73072.4
73072.4
73072.4
73043.1
73043.1
73043.1
73043.1
73013.8
73013.8
73013.8
73013.8
72999.2
72999.2
72999.2
72999.2
72955.2
72955.2
72955.2
72955.2
72925.9
72925.9
72925.9
72925.9
72911.3
72911.3
72911.3
72911.3
72867.3
72867.3
72867.3
72867.3
72852.6
72852.6
72808.7
72808.7
72808.7
72808.7
72779.4
72779.4
72779.4
72764.7
72764.7
72764.7
72764.7
72720.8
72720.8
72720.8
72720.8
72706.1
72706.1
72706.1
72706.1
72676.8
72676.8
72676.8
72676.8
72632.9
72632.9
72632.9
72632.9
72618.2
72618.2
72618.2
72618.2
72588.9
72588.9
72588.9
72588.9
72559.6
72559.6
72530.3
72530.3
72530.3
72530.3
72471.7
72471.7
72471.7
72471.7
72457.0
72457.0
72457.0
72457.0
72427.7
72427.7
72427.7
72427.7
72413.1
72413.1
72413.1
72413.1
72369.1
72369.1
72369.1
72369.1
72339.8
72339.8
72339.8
72339.8
72310.5
72310.5
72310.5
72310.5
72310.5
72281.2
72281.2
72281.2
72281.2
72266.5
72266.5
72222.6
72222.6
72222.6
72222.6
72193.3
72193.3
72193.3
72193.3
72178.6
72178.6
72178.6
72178.6
72134.7
72134.7
72134.7
72134.7
72120.0
72120.0
72120.0
72120.0
72090.7
72090.7
72090.7
72090.7
72046.7
72046.7
72046.7
72046.7
72032.1
72032.1
72032.1
72032.1
71988.1
71988.1
71988.1
71988.1
71973.5
71973.5
71944.2
71944.2
71944.2
71944.2
71900.2
71900.2
71900.2
71900.2
71870.9
71870.9
71870.9
71870.9
71841.6
71841.6
71841.6
71841.6
71812.3
71812.3
71812.3
71812.3
71783.0
71783.0
71783.0
71783.0
71753.7
71753.7
71753.7
71753.7
71724.4
71724.4
71724.4
71724.4
71695.1
71695.1
71695.1
71695.1
71665.8
71665.8
71636.5
71636.5
71636.5
71636.5
71607.2
71607.2
71607.2
71607.2
71592.5
71592.5
71592.5
71592.5
71548.6
71548.6
71548.6
71548.6
71519.3
71519.3
71519.3
71519.3
71504.6
71504.6
71504.6
71504.6
71460.6
71460.6
71460.6
71460.6
71446.0
71446.0
71446.0
71446.0
71402.0
71402.0
71402.0
71402.0
71372.7
71372.7
71358.1
71358.1
71358.1
71358.1
71314.1
71314.1
71314.1
71314.1
71299.5
71299.5
71299.5
71299.5
71299.5
71270.2
71270.2
71270.2
71270.2
71211.6
71211.6
71211.6
71211.6
71196.9
71196.9
71196.9
71196.9
71167.6
71167.6
71167.6
71167.6
71138.3
71138.3
71138.3
71138.3
71109.0
71109.0
71109.0
71109.0
71079.7
71079.7
71050.4
71050.4
71050.4
71050.4
71021.1
71021.1
71021.1
71021.1
71006.4
71006.4
71006.4
71006.4
70962.5
70962.5
70962.5
70962.5
70933.2
70933.2
70933.2
70933.2
70918.5
70918.5
70918.5
70918.5
70874.5
70874.5
70874.5
70874.5
70859.9
70859.9
70859.9
70859.9
70815.9
70815.9
70815.9
70815.9
70815.9
70786.6
70786.6
70772.0
70772.0
70772.0
70772.0
70728.0
70728.0
70728.0
70728.0
70713.4
70713.4
70713.4
70713.4
70684.1
70684.1
70684.1
70684.1
70625.4
70625.4
70625.4
70625.4
70610.8
70610.8
70610.8
70610.8
70581.5
70581.5
70581.5
70581.5
70552.2
70552.2
70552.2
70552.2
70522.9
70522.9
70522.9
70522.9
70478.9
70478.9
70464.3
70464.3
70464.3
70464.3
70435.0
70435.0
70435.0
70435.0
70435.0
70420.3
70420.3
70420.3
70420.3
70376.4
70376.4
70376.4
70376.4
70347.0
70347.0
70347.0
70347.0
70317.7
70317.7
70317.7
70317.7
70288.4
70288.4
70288.4
70288.4
70273.8
70273.8
70273.8
70273.8
70229.8
70229.8
70229.8
70229.8
70200.5
70200.5
70185.9
70185.9
70185.9
70185.9
70141.9
70141.9
70141.9
70141.9
70127.3
70127.3
70127.3
70127.3
70127.3
70098.0
70098.0
70098.0
70098.0
70054.0
70054.0
70054.0
70054.0
70039.3
70039.3
70039.3
70039.3
69980.7
69980.7
69980.7
69980.7
69966.1
69966.1
69966.1
69966.1
69936.8
69936.8
69936.8
69936.8
69892.8
69892.8
69878.2
69878.2
69878.2
69878.2
69848.9
69848.9
69848.9
69848.9
69819.6
69819.6
69819.6
69819.6
69819.6
69790.3
69790.3
69790.3
69790.3
69760.9
69760.9
69760.9
69760.9
69731.6
69731.6
69731.6
69731.6
69702.3
69702.3
69702.3
69702.3
69687.7
69687.7
69687.7
69687.7
69643.7
69643.7
69643.7
69643.7
69614.4
69614.4
69599.8
69599.8
69599.8
69599.8
69555.8
69555.8
69555.8
69555.8
69555.8
69541.2
69541.2
69541.2
69541.2
69511.9
69511.9
69511.9
69511.9
69467.9
69467.9
69467.9
69467.9
69453.2
69453.2
69453.2
69453.2
69409.3
69409.3
69409.3
69409.3
69394.6
69394.6
69394.6
69394.6
69350.7
69350.7
69350.7
69350.7
69350.7
69306.7
69306.7
69292.1
69292.1
69292.1
69292.1
69262.8
69262.8
69262.8
69262.8
69233.5
69233.5
69233.5
69233.5
69204.1
69204.1
69204.1
69204.1
69174.8
69174.8
69174.8
69174.8
69145.5
69145.5
69145.5
69145.5
69116.2
69116.2
69116.2
69116.2
69116.2
69072.3
69072.3
69072.3
69072.3
69057.6
69057.6
69057.6
69057.6
69028.3
69028.3
69028.3
69028.3
69013.7
69013.7
68969.7
68969.7
68969.7
68969.7
68940.4
68940.4
68940.4
68940.4
68911.1
68911.1
68911.1
68911.1
68911.1
68881.8
68881.8
68881.8
68881.8
68867.1
68867.1
68867.1
68867.1
68823.2
68823.2
68823.2
68823.2
68793.9
68793.9
68793.9
68793.9
68779.2
68779.2
68779.2
68779.2
68720.6
68720.6
68720.6
68720.6
68720.6
68706.0
68706.0
68676.7
68676.7
68676.7
68676.7
68632.7
68632.7
68632.7
68632.7
68618.0
68618.0
68618.0
68618.0
68574.1
68574.1
68574.1
68574.1
68559.4
68559.4
68559.4
68559.4
68559.4
68530.1
68530.1
68530.1
68530.1
68486.2
68486.2
68486.2
68486.2
68471.5
68471.5
68471.5
68471.5
68442.2
68442.2
68442.2
68442.2
68427.6
68427.6
68383.6
68383.6
68383.6
68383.6
68354.3
68354.3
68354.3
68354.3
68354.3
68325.0
68325.0
68325.0
68325.0
68295.7
68295.7
68295.7
68295.7
68281.0
68281.0
68281.0
68281.0
68237.1
68237.1
68237.1
68237.1
68207.8
68207.8
68207.8
68207.8
68207.8
68193.1
68193.1
68193.1
68193.1
68149.2
68149.2
68149.2
68149.2
68119.9
68119.9
68090.6
68090.6
68090.6
68090.6
68046.6
68046.6
68046.6
68046.6
68031.9
68031.9
68031.9
68031.9
68031.9
67988.0
67988.0
67988.0
67988.0
67973.3
67973.3
67973.3
67973.3
67944.0
67944.0
67944.0
67944.0
67900.1
67900.1
67900.1
67900.1
67885.4
67885.4
67885.4
67885.4
67885.4
67856.1
67856.1
67856.1
67856.1
67841.5
67841.5
67797.5
67797.5
67797.5
67797.5
67768.2
67768.2
67768.2
67768.2
67738.9
67738.9
67738.9
67738.9
67738.9
67709.6
67709.6
67709.6
67709.6
67694.9
67694.9
67694.9
67694.9
67651.0
67651.0
67651.0
67651.0
67621.7
67621.7
67621.7
67621.7
67607.0
67607.0
67607.0
67607.0
67607.0
67563.1
67563.1
67563.1
67563.1
67548.4
67548.4
67519.1
67519.1
67519.1
67519.1
67460.5
67460.5
67460.5
67460.5
67445.8
67445.8
67445.8
67445.8
67445.8
67401.9
67401.9
67401.9
67401.9
67387.2
67387.2
67387.2
67387.2
67357.9
67357.9
67357.9
67357.9
67314.0
67314.0
67314.0
67314.0
67314.0
67299.3
67299.3
67299.3
67299.3
67270.0
67270.0
67270.0
67270.0
67240.7
67240.7
67211.4
67211.4
67211.4
67211.4
67182.1
67182.1
67182.1
67182.1
67182.1
67152.8
67152.8
67152.8
67152.8
67123.5
67123.5
67123.5
67123.5
67108.8
67108.8
67108.8
67108.8
67064.9
67064.9
67064.9
67064.9
67064.9
67035.6
67035.6
67035.6
67035.6
67020.9
67020.9
67020.9
67020.9
66977.0
66977.0
66977.0
66977.0
66962.3
66962.3
66918.3
66918.3
66918.3
66918.3
66918.3
66889.0
66889.0
66889.0
66889.0
66859.7
66859.7
66859.7
66859.7
66815.8
66815.8
66815.8
66815.8
66801.1
66801.1
66801.1
66801.1
66801.1
66771.8
66771.8
66771.8
66771.8
66727.9
66727.9
66727.9
66727.9
66713.2
66713.2
66713.2
66713.2
66683.9
66683.9
66683.9
66683.9
66683.9
66654.6
66654.6
66625.3
66625.3
66625.3
66625.3
66581.3
66581.3
66581.3
66581.3
66566.7
66566.7
66566.7
66566.7
66566.7
66537.4
66537.4
66537.4
66537.4
66493.4
66493.4
66493.4
66493.4
66478.8
66478.8
66478.8
66478.8
66449.5
66449.5
66449.5
66449.5
66449.5
66434.8
66434.8
66434.8
66434.8
66390.9
66390.9
66390.9
66390.9
66361.5
66361.5
66332.2
66332.2
66332.2
66332.2
66332.2
66302.9
66302.9
66302.9
66302.9
66288.3
66288.3
66288.3
66288.3
66229.7
66229.7
66229.7
66229.7
66229.7
66200.4
66200.4
66200.4
66200.4
66185.7
66185.7
66185.7
66185.7
66141.8
66141.8
66141.8
66141.8
66127.1
66127.1
66127.1
66127.1
66127.1
66097.8
66097.8
66097.8
66097.8
66053.8
66053.8
66039.2
66039.2
66039.2
66039.2
65995.2
65995.2
65995.2
65995.2
65995.2
65980.6
65980.6
65980.6
65980.6
65951.3
65951.3
65951.3
65951.3
65907.3
65907.3
65907.3
65907.3
65907.3
65892.7
65892.7
65892.7
65892.7
65863.4
65863.4
65863.4
65863.4
65834.1
65834.1
65834.1
65834.1
65804.7
65804.7
65804.7
65804.7
65804.7
65775.4
65775.4
65746.1
65746.1
65746.1
65746.1
65716.8
65716.8
65716.8
65716.8
65716.8
65702.2
65702.2
65702.2
65702.2
65658.2
65658.2
65658.2
65658.2
65614.3
65614.3
65614.3
65614.3
65599.6
65599.6
65599.6
65599.6
65599.6
65555.7
65555.7
65555.7
65555.7
65541.0
65541.0
65541.0
65541.0
65497.0
65497.0
65497.0
65497.0
65497.0
65467.7
65467.7
65453.1
65453.1
65453.1
65453.1
65409.1
65409.1
65409.1
65409.1
65394.5
65394.5
65394.5
65394.5
65394.5
65365.2
65365.2
65365.2
65365.2
65321.2
65321.2
65321.2
65321.2
65306.6
65306.6
65306.6
65306.6
65306.6
65277.3
65277.3
65277.3
65277.3
65248.0
65248.0
65248.0
65248.0
65218.6
65218.6
65218.6
65218.6
65218.6
65189.3
65189.3
65160.0
65160.0
65160.0
65160.0
65130.7
65130.7
65130.7
65130.7
65130.7
65116.1
65116.1
65116.1
65116.1
65072.1
65072.1
65072.1
65072.1
65042.8
65042.8
65042.8
65042.8
65042.8
65028.2
65028.2
65028.2
65028.2
64969.6
64969.6
64969.6
64969.6
64954.9
64954.9
64954.9
64954.9
64954.9
64910.9
64910.9
64910.9
64910.9
64881.6
64881.6
64867.0
64867.0
64867.0
64867.0
64823.0
64823.0
64823.0
64823.0
64823.0
64808.4
64808.4
64808.4
64808.4
64779.1
64779.1
64779.1
64779.1
64779.1
64735.1
64735.1
64735.1
64735.1
64720.5
64720.5
64720.5
64720.5
64691.2
64691.2
64691.2
64691.2
64691.2
64661.8
64661.8
64661.8
64661.8
64632.5
64632.5
64632.5
64632.5
64588.6
64588.6
64573.9
64573.9
64573.9
64573.9
64573.9
64544.6
64544.6
64544.6
64544.6
64530.0
64530.0
64530.0
64530.0
64530.0
64486.0
64486.0
64486.0
64486.0
64456.7
64456.7
64456.7
64456.7
64427.4
64427.4
64427.4
64427.4
64427.4
64398.1
64398.1
64398.1
64398.1
64368.8
64368.8
64368.8
64368.8
64324.8
64324.8
64324.8
64324.8
64324.8
64295.5
64295.5
64280.9
64280.9
64280.9
64280.9
64236.9
64236.9
64236.9
64236.9
64236.9
64222.3
64222.3
64222.3
64222.3
64193.0
64193.0
64193.0
64193.0
64149.0
64149.0
64149.0
64149.0
64149.0
64134.4
64134.4
64134.4
64134.4
64105.0
64105.0
64105.0
64105.0
64105.0
64075.7
64075.7
64075.7
64075.7
64046.4
64046.4
64046.4
64046.4
64002.5
64002.5
64002.5
63987.8
63987.8
63987.8
63987.8
63958.5
63958.5
63958.5
63958.5
63914.6
63914.6
63914.6
63914.6
63914.6
63899.9
63899.9
63899.9
63899.9
63870.6
63870.6
63870.6
63870.6
63870.6
63841.3
63841.3
63841.3
63841.3
63812.0
63812.0
63812.0
63812.0
63782.7
63782.7
63782.7
63782.7
63782.7
63738.7
63738.7
63738.7
63738.7
63709.4
63709.4
63694.8
63694.8
63694.8
63694.8
63694.8
63650.8
63650.8
63650.8
63650.8
63621.5
63621.5
63621.5
63621.5
63621.5
63606.9
63606.9
63606.9
63606.9
63562.9
63562.9
63562.9
63562.9
63548.3
63548.3
63548.3
63548.3
63548.3
63504.3
63504.3
63504.3
63504.3
63475.0
63475.0
63475.0
63475.0
63475.0
63460.3
63460.3
63460.3
63460.3
63416.4
63416.4
63416.4
63416.4
63416.4
63401.7
63401.7
63372.4
63372.4
63372.4
63372.4
63328.5
63328.5
63328.5
63328.5
63328.5
63313.8
63313.8
63313.8
63313.8
63284.5
63284.5
63284.5
63284.5
63255.2
63255.2
63255.2
63255.2
63255.2
63225.9
63225.9
63225.9
63225.9
63196.6
63196.6
63196.6
63196.6
63196.6
63167.3
63167.3
63167.3
63167.3
63138.0
63138.0
63138.0
63138.0
63138.0
63108.7
63108.7
63064.7
63064.7
63064.7
63064.7
63035.4
63035.4
63035.4
63035.4
63035.4
63020.8
63020.8
63020.8
63020.8
62976.8
62976.8
62976.8
62976.8
62976.8
62962.1
62962.1
62962.1
62962.1
62918.2
62918.2
62918.2
62918.2
62888.9
62888.9
62888.9
62888.9
62888.9
62874.2
62874.2
62874.2
62874.2
62830.3
62830.3
62830.3
62830.3
62830.3
62815.6
62815.6
62786.3
62786.3
62786.3
62786.3
62742.4
62742.4
62742.4
62742.4
62742.4
62727.7
62727.7
62727.7
62727.7
62698.4
62698.4
62698.4
62698.4
62698.4
62669.1
62669.1
62669.1
62669.1
62639.8
62639.8
62639.8
62639.8
62639.8
62595.8
62595.8
62595.8
62595.8
62581.2
62581.2
62581.2
62581.2
62581.2
62551.9
62551.9
62551.9
62551.9
62537.2
62537.2
62478.6
62478.6
62478.6
62478.6
62478.6
62449.3
62449.3
62449.3
62449.3
62420.0
62420.0
62420.0
62420.0
62420.0
62390.7
62390.7
62390.7
62390.7
62376.0
62376.0
62376.0
62376.0
62376.0
62332.1
62332.1
62332.1
62332.1
62302.8
62302.8
62302.8
62302.8
62302.8
62288.1
62288.1
62288.1
62288.1
62244.2
62244.2
62244.2
62244.2
62244.2
62229.5
62229.5
62200.2
62200.2
62200.2
62200.2
62156.3
62156.3
62156.3
62156.3
62156.3
62141.6
62141.6
62141.6
62141.6
62097.6
62097.6
62097.6
62097.6
62097.6
62083.0
62083.0
62083.0
62083.0
62053.7
62053.7
62053.7
62053.7
62053.7
62009.7
62009.7
62009.7
62009.7
61995.1
61995.1
61995.1
61995.1
61995.1
61965.8
61965.8
61965.8
61965.8
61951.1
61951.1
61907.2
61907.2
61907.2
61907.2
61907.2
61863.2
61863.2
61863.2
61863.2
61833.9
61833.9
61833.9
61833.9
61833.9
61804.6
61804.6
61804.6
61804.6
61789.9
61789.9
61789.9
61789.9
61789.9
61746.0
61746.0
61746.0
61746.0
61716.7
61716.7
61716.7
61716.7
61716.7
61702.0
61702.0
61702.0
61702.0
61658.1
61658.1
61658.1
61658.1
61658.1
61643.4
61643.4
61614.1
61614.1
61614.1
61614.1
61614.1
61570.2
61570.2
61570.2
61570.2
61555.5
61555.5
61555.5
61555.5
61555.5
61511.5
61511.5
61511.5
61511.5
61496.9
61496.9
61496.9
61496.9
61496.9
61467.6
61467.6
61467.6
61467.6
61423.6
61423.6
61423.6
61423.6
61423.6
61409.0
61409.0
61409.0
61409.0
61379.7
61379.7
61379.7
61379.7
61379.7
61335.7
61335.7
61321.1
61321.1
61321.1
61321.1
61321.1
61291.8
61291.8
61291.8
61291.8
61262.4
61262.4
61262.4
61262.4
61262.4
61218.5
61218.5
61218.5
61218.5
61174.5
61174.5
61174.5
61174.5
61174.5
61159.9
61159.9
61159.9
61159.9
61130.6
61130.6
61130.6
61130.6
61130.6
61115.9
61115.9
61115.9
61115.9
61072.0
61072.0
61072.0
61072.0
61072.0
61042.7
61042.7
61013.4
61013.4
61013.4
61013.4
61013.4
60984.0
60984.0
60984.0
60984.0
60969.4
60969.4
60969.4
60969.4
60969.4
60925.4
60925.4
60925.4
60925.4
60896.1
60896.1
60896.1
60896.1
60896.1
60881.5
60881.5
60881.5
60881.5
60881.5
60837.5
60837.5
60837.5
60837.5
60822.9
60822.9
60822.9
60822.9
60822.9
60793.6
60793.6
60793.6
60793.6
60749.6
60749.6
60749.6
60735.0
60735.0
60735.0
60735.0
60691.0
60691.0
60691.0
60691.0
60691.0
60676.3
60676.3
60676.3
60676.3
60647.0
60647.0
60647.0
60647.0
60647.0
60588.4
60588.4
60588.4
60588.4
60573.8
60573.8
60573.8
60573.8
60573.8
60544.5
60544.5
60544.5
60544.5
60529.8
60529.8
60529.8
60529.8
60529.8
60485.9
60485.9
60485.9
60485.9
60485.9
60456.6
60456.6
60427.3
60427.3
60427.3
60427.3
60397.9
60397.9
60397.9
60397.9
60397.9
60383.3
60383.3
60383.3
60383.3
60383.3
60339.3
60339.3
60339.3
60339.3
60310.0
60310.0
60310.0
60310.0
60310.0
60295.4
60295.4
60295.4
60295.4
60251.4
60251.4
60251.4
60251.4
60251.4
60236.8
60236.8
60236.8
60236.8
60236.8
60207.5
60207.5
60207.5
60207.5
60163.5
60163.5
60148.9
60148.9
60148.9
60148.9
60148.9
60104.9
60104.9
60104.9
60104.9
60104.9
60090.2
60090.2
60090.2
60090.2
60060.9
60060.9
60060.9
60060.9
60060.9
60017.0
60017.0
60017.0
60017.0
59987.7
59987.7
59987.7
59987.7
59987.7
59958.4
59958.4
59958.4
59958.4
59958.4
59943.7
59943.7
59943.7
59943.7
59899.8
59899.8
59899.8
59899.8
59899.8
59870.5
59870.5
59841.1
59841.1
59841.1
59841.1
59841.1
59811.8
59811.8
59811.8
59811.8
59797.2
59797.2
59797.2
59797.2
59797.2
59753.2
59753.2
59753.2
59753.2
59753.2
59723.9
59723.9
59723.9
59723.9
59709.3
59709.3
59709.3
59709.3
59709.3
59665.3
59665.3
59665.3
59665.3
59650.7
59650.7
59650.7
59650.7
59650.7
59621.4
59621.4
59621.4
59621.4
59621.4
59577.4
59577.4
59562.7
59562.7
59562.7
59562.7
59562.7
59518.8
59518.8
59518.8
59518.8
59504.1
59504.1
59504.1
59504.1
59504.1
59474.8
59474.8
59474.8
59474.8
59430.9
59430.9
59430.9
59430.9
59430.9
59416.2
59416.2
59416.2
59416.2
59416.2
59386.9
59386.9
59386.9
59386.9
59343.0
59343.0
59343.0
59343.0
59343.0
59313.7
59313.7
59313.7
59313.7
59313.7
59284.3
59284.3
59255.0
59255.0
59255.0
59255.0
59255.0
59225.7
59225.7
59225.7
59225.7
59211.1
59211.1
59211.1
59211.1
59211.1
59167.1
59167.1
59167.1
59167.1
59167.1
59137.8
59137.8
59137.8
59137.8
59123.2
59123.2
59123.2
59123.2
59123.2
59079.2
59079.2
59079.2
59079.2
59064.6
59064.6
59064.6
59064.6
59064.6
59020.6
59020.6
59020.6
59020.6
59020.6
58991.3
58991.3
58976.6
58976.6
58976.6
58976.6
58976.6
58932.7
58932.7
58932.7
58932.7
58918.0
58918.0
58918.0
58918.0
58918.0
58888.7
58888.7
58888.7
58888.7
58888.7
58844.8
58844.8
58844.8
58844.8
58830.1
58830.1
58830.1
58830.1
58830.1
58800.8
58800.8
58800.8
58800.8
58800.8
58756.9
58756.9
58756.9
58756.9
58727.6
58727.6
58727.6
58727.6
58727.6
58698.2
58698.2
58668.9
58668.9
58668.9
58668.9
58668.9
58639.6
58639.6
58639.6
58639.6
58639.6
58595.7
58595.7
58595.7
58595.7
58581.0
58581.0
58581.0
58581.0
58581.0
58551.7
58551.7
58551.7
58551.7
58551.7
58537.1
58537.1
58537.1
58537.1
58493.1
58493.1
58493.1
58493.1
58493.1
58463.8
58463.8
58463.8
58463.8
58463.8
58434.5
58434.5
58434.5
58434.5
58434.5
58405.2
58405.2
58390.5
58390.5
58390.5
58390.5
58390.5
58346.6
58346.6
58346.6
58346.6
58317.3
58317.3
58317.3
58317.3
58317.3
58302.6
58302.6
58302.6
58302.6
58302.6
58258.7
58258.7
58258.7
58258.7
58244.0
58244.0
58244.0
58244.0
58244.0
58214.7
58214.7
58214.7
58214.7
58214.7
58170.8
58170.8
58170.8
58170.8
58156.1
58156.1
58156.1
58156.1
58156.1
58097.5
58097.5
58097.5
58082.8
58082.8
58082.8
58082.8
58053.5
58053.5
58053.5
58053.5
58053.5
58009.6
58009.6
58009.6
58009.6
58009.6
57994.9
57994.9
57994.9
57994.9
57965.6
57965.6
57965.6
57965.6
57965.6
57936.3
57936.3
57936.3
57936.3
57936.3
57907.0
57907.0
57907.0
57907.0
57907.0
57877.7
57877.7
57877.7
57877.7
57848.4
57848.4
57848.4
57848.4
57848.4
57819.1
57819.1
57804.4
57804.4
57804.4
57804.4
57804.4
57760.5
57760.5
57760.5
57760.5
57760.5
57731.2
57731.2
57731.2
57731.2
57716.5
57716.5
57716.5
57716.5
57716.5
57672.6
57672.6
57672.6
57672.6
57672.6
57657.9
57657.9
57657.9
57657.9
57657.9
57614.0
57614.0
57614.0
57614.0
57584.6
57584.6
57584.6
57584.6
57584.6
57570.0
57570.0
57570.0
57570.0
57570.0
57526.0
57526.0
57526.0
57526.0
57526.0
57511.4
57511.4
57467.4
57467.4
57467.4
57467.4
57467.4
57423.5
57423.5
57423.5
57423.5
57408.8
57408.8
57408.8
57408.8
57408.8
57379.5
57379.5
57379.5
57379.5
57379.5
57350.2
57350.2
57350.2
57350.2
57350.2
57320.9
57320.9
57320.9
57320.9
57291.6
57291.6
57291.6
57291.6
57291.6
57262.3
57262.3
57262.3
57262.3
57262.3
57233.0
57233.0
57233.0
57233.0
57233.0
57218.3
57218.3
57174.4
57174.4
57174.4
57174.4
57174.4
57145.1
57145.1
57145.1
57145.1
57145.1
57130.4
57130.4
57130.4
57130.4
57086.5
57086.5
57086.5
57086.5
57086.5
57071.8
57071.8
57071.8
57071.8
57071.8
57027.9
57027.9
57027.9
57027.9
57027.9
56998.5
56998.5
56998.5
56998.5
56983.9
56983.9
56983.9
56983.9
56983.9
56939.9
56939.9
56939.9
56939.9
56939.9
56925.3
56925.3
56896.0
56896.0
56896.0
56896.0
56896.0
56837.4
56837.4
56837.4
56837.4
56837.4
56822.7
56822.7
56822.7
56822.7
56822.7
56793.4
56793.4
56793.4
56793.4
56793.4
56764.1
56764.1
56764.1
56764.1
56734.8
56734.8
56734.8
56734.8
56734.8
56690.8
56690.8
56690.8
56690.8
56690.8
56676.2
56676.2
56676.2
56676.2
56676.2
56646.9
56646.9
56646.9
56646.9
56632.2
56632.2
56632.2
56588.3
56588.3
56588.3
56588.3
56588.3
56559.0
56559.0
56559.0
56559.0
56544.3
56544.3
56544.3
56544.3
56544.3
56500.4
56500.4
56500.4
56500.4
56500.4
56485.7
56485.7
56485.7
56485.7
56485.7
56441.7
56441.7
56441.7
56441.7
56441.7
56412.4
56412.4
56412.4
56412.4
56397.8
56397.8
56397.8
56397.8
56397.8
56353.8
56353.8
56353.8
56353.8
56353.8
56339.2
56339.2
56339.2
56309.9
56309.9
56309.9
56309.9
56265.9
56265.9
56265.9
56265.9
56265.9
56236.6
56236.6
56236.6
56236.6
56236.6
56207.3
56207.3
56207.3
56207.3
56207.3
56163.3
56163.3
56163.3
56163.3
56163.3
56148.7
56148.7
56148.7
56148.7
56104.7
56104.7
56104.7
56104.7
56104.7
56090.1
56090.1
56090.1
56090.1
56090.1
56060.8
56060.8
56060.8
56060.8
56060.8
56016.8
56016.8
56002.2
56002.2
56002.2
56002.2
56002.2
55972.9
55972.9
55972.9
55972.9
55972.9
55943.6
55943.6
55943.6
55943.6
55943.6
55914.3
55914.3
55914.3
55914.3
55914.3
55884.9
55884.9
55884.9
55884.9
55855.6
55855.6
55855.6
55855.6
55855.6
55826.3
55826.3
55826.3
55826.3
55826.3
55811.7
55811.7
55811.7
55811.7
55811.7
55767.7
55767.7
55767.7
55767.7
55767.7
55738.4
55738.4
55723.8
55723.8
55723.8
55723.8
55723.8
55679.8
55679.8
55679.8
55679.8
55679.8
55665.2
55665.2
55665.2
55665.2
55665.2
55606.6
55606.6
55606.6
55606.6
55606.6
55577.2
55577.2
55577.2
55577.2
55577.2
55562.6
55562.6
55562.6
55562.6
55518.6
55518.6
55518.6
55518.6
55518.6
55504.0
55504.0
55504.0
55504.0
55504.0
55474.7
55474.7
55474.7
55474.7
55474.7
55430.7
55430.7
55416.1
55416.1
55416.1
55416.1
55416.1
55386.8
55386.8
55386.8
55386.8
55386.8
55357.5
55357.5
55357.5
55357.5
55357.5
55328.2
55328.2
55328.2
55328.2
55328.2
55298.8
55298.8
55298.8
55298.8
55298.8
55269.5
55269.5
55269.5
55269.5
55269.5
55240.2
55240.2
55240.2
55240.2
55225.6
55225.6
55225.6
55225.6
55225.6
55181.6
55181.6
55181.6
55181.6
55181.6
55152.3
55152.3
55152.3
55137.7
55137.7
55137.7
55137.7
55137.7
55093.7
55093.7
55093.7
55093.7
55079.1
55079.1
55079.1
55079.1
55079.1
55035.1
55035.1
55035.1
55035.1
55035.1
55005.8
55005.8
55005.8
55005.8
55005.8
54976.5
54976.5
54976.5
54976.5
54976.5
54932.5
54932.5
54932.5
54932.5
54932.5
54917.9
54917.9
54917.9
54917.9
54917.9
54888.6
54888.6
54888.6
54888.6
54888.6
54844.6
54844.6
54830.0
54830.0
54830.0
54830.0
54830.0
54800.7
54800.7
54800.7
54800.7
54800.7
54771.4
54771.4
54771.4
54771.4
54771.4
54742.0
54742.0
54742.0
54742.0
54742.0
54698.1
54698.1
54698.1
54698.1
54698.1
54683.4
54683.4
54683.4
54683.4
54683.4
54654.1
54654.1
54654.1
54654.1
54654.1
54639.5
54639.5
54639.5
54639.5
54595.5
54595.5
54595.5
54595.5
54595.5
54566.2
54566.2
54566.2
54536.9
54536.9
54536.9
54536.9
54536.9
54507.6
54507.6
54507.6
54507.6
54507.6
54493.0
54493.0
54493.0
54493.0
54493.0
54449.0
54449.0
54449.0
54449.0
54449.0
54419.7
54419.7
54419.7
54419.7
54405.0
54405.0
54405.0
54405.0
54405.0
54346.4
54346.4
54346.4
54346.4
54346.4
54331.8
54331.8
54331.8
54331.8
54331.8
54302.5
54302.5
54302.5
54302.5
54302.5
54258.5
54258.5
54258.5
54243.9
54243.9
54243.9
54243.9
54243.9
54199.9
54199.9
54199.9
54199.9
54199.9
54185.3
54185.3
54185.3
54185.3
54155.9
54155.9
54155.9
54155.9
54155.9
54112.0
54112.0
54112.0
54112.0
54112.0
54097.3
54097.3
54097.3
54097.3
54097.3
54068.0
54068.0
54068.0
54068.0
54068.0
54053.4
54053.4
54053.4
54053.4
54053.4
54009.4
54009.4
54009.4
54009.4
54009.4
53980.1
53980.1
53980.1
53950.8
53950.8
53950.8
53950.8
53950.8
53921.5
53921.5
53921.5
53921.5
53921.5
53906.9
53906.9
53906.9
53906.9
53906.9
53862.9
53862.9
53862.9
53862.9
53833.6
53833.6
53833.6
53833.6
53833.6
53818.9
53818.9
53818.9
53818.9
53818.9
53775.0
53775.0
53775.0
53775.0
53775.0
53760.3
53760.3
53760.3
53760.3
53760.3
53716.4
53716.4
53716.4
53716.4
53716.4
53672.4
53672.4
53672.4
53657.8
53657.8
53657.8
53657.8
53657.8
53613.8
53613.8
53613.8
53613.8
53613.8
53584.5
53584.5
53584.5
53584.5
53584.5
53569.8
53569.8
53569.8
53569.8
53569.8
53525.9
53525.9
53525.9
53525.9
53525.9
53511.2
53511.2
53511.2
53511.2
53511.2
53481.9
53481.9
53481.9
53481.9
53481.9
53438.0
53438.0
53438.0
53438.0
53438.0
53423.3
53423.3
53423.3
53423.3
53423.3
53394.0
53394.0
53364.7
53364.7
53364.7
53364.7
53364.7
53335.4
53335.4
53335.4
53335.4
53335.4
53291.4
53291.4
53291.4
53291.4
53291.4
53276.8
53276.8
53276.8
53276.8
53276.8
53247.5
53247.5
53247.5
53247.5
53247.5
53232.8
53232.8
53232.8
53232.8
53232.8
53188.9
53188.9
53188.9
53188.9
53188.9
53159.6
53159.6
53159.6
53159.6
53159.6
53130.3
53130.3
53130.3
53130.3
53130.3
53086.3
53086.3
53086.3
53071.7
53071.7
53071.7
53071.7
53071.7
53027.7
53027.7
53027.7
53027.7
53027.7
52998.4
52998.4
52998.4
52998.4
52998.4
52983.7
52983.7
52983.7
52983.7
52983.7
52939.8
52939.8
52939.8
52939.8
52939.8
52925.1
52925.1
52925.1
52925.1
52925.1
52895.8
52895.8
52895.8
52895.8
52895.8
52851.9
52851.9
52851.9
52851.9
52851.9
52837.2
52837.2
52837.2
52837.2
52837.2
52807.9
52807.9
52778.6
52778.6
52778.6
52778.6
52778.6
52749.3
52749.3
52749.3
52749.3
52749.3
52749.3
52705.3
52705.3
52705.3
52705.3
52705.3
52690.7
52690.7
52690.7
52690.7
52690.7
52661.4
52661.4
52661.4
52661.4
52661.4
52646.7
52646.7
52646.7
52646.7
52646.7
52602.8
52602.8
52602.8
52602.8
52602.8
52573.5
52573.5
52573.5
52573.5
52573.5
52544.2
52544.2
52544.2
52544.2
52544.2
52514.9
52514.9
52500.2
52500.2
52500.2
52500.2
52500.2
52441.6
52441.6
52441.6
52441.6
52441.6
52412.3
52412.3
52412.3
52412.3
52412.3
52412.3
52397.6
52397.6
52397.6
52397.6
52397.6
52353.7
52353.7
52353.7
52353.7
52353.7
52339.0
52339.0
52339.0
52339.0
52339.0
52309.7
52309.7
52309.7
52309.7
52309.7
52265.8
52265.8
52265.8
52265.8
52265.8
52251.1
52251.1
52251.1
52251.1
52251.1
52207.2
52207.2
52192.5
52192.5
52192.5
52192.5
52192.5
52192.5
52163.2
52163.2
52163.2
52163.2
52163.2
52119.2
52119.2
52119.2
52119.2
52119.2
52104.6
52104.6
52104.6
52104.6
52104.6
52075.3
52075.3
52075.3
52075.3
52075.3
52060.6
52060.6
52060.6
52060.6
52060.6
52016.7
52016.7
52016.7
52016.7
52016.7
51987.4
51987.4
51987.4
51987.4
51987.4
51958.1
51958.1
51958.1
51958.1
51958.1
51928.8
51928.8
51928.8
51928.8
51928.8
51914.1
51914.1
51914.1
51855.5
51855.5
51855.5
51855.5
51855.5
51826.2
51826.2
51826.2
51826.2
51826.2
51811.5
51811.5
51811.5
51811.5
51811.5
51767.6
51767.6
51767.6
51767.6
51767.6
51752.9
51752.9
51752.9
51752.9
51752.9
51723.6
51723.6
51723.6
51723.6
51723.6
51679.7
51679.7
51679.7
51679.7
51679.7
51679.7
51665.0
51665.0
51665.0
51665.0
51665.0
51621.0
51621.0
51621.0
51621.0
51621.0
51606.4
51606.4
51577.1
51577.1
51577.1
51577.1
51577.1
51533.1
51533.1
51533.1
51533.1
51533.1
51533.1
51518.5
51518.5
51518.5
51518.5
51518.5
51489.2
51489.2
51489.2
51489.2
51489.2
51459.9
51459.9
51459.9
51459.9
51459.9
51430.6
51430.6
51430.6
51430.6
51430.6
51401.3
51401.3
51401.3
51401.3
51401.3
51372.0
51372.0
51372.0
51372.0
51372.0
51342.6
51342.6
51342.6
51342.6
51342.6
51328.0
51328.0
51328.0
51284.0
51284.0
51284.0
51284.0
51284.0
51254.7
51254.7
51254.7
51254.7
51254.7
51225.4
51225.4
51225.4
51225.4
51225.4
51181.5
51181.5
51181.5
51181.5
51181.5
51181.5
51166.8
51166.8
51166.8
51166.8
51166.8
51122.9
51122.9
51122.9
51122.9
51122.9
51093.6
51093.6
51093.6
51093.6
51093.6
51078.9
51078.9
51078.9
51078.9
51078.9
51034.9
51034.9
51034.9
51034.9
51034.9
51020.3
51020.3
51020.3
50991.0
50991.0
50991.0
50991.0
50991.0
50947.0
50947.0
50947.0
50947.0
50947.0
50932.4
50932.4
50932.4
50932.4
50932.4
50903.1
50903.1
50903.1
50903.1
50903.1
50859.1
50859.1
50859.1
50859.1
50859.1
50859.1
50844.5
50844.5
50844.5
50844.5
50844.5
50815.2
50815.2
50815.2
50815.2
50815.2
50785.9
50785.9
50785.9
50785.9
50785.9
50756.5
50756.5
50756.5
50756.5
50756.5
50712.6
50712.6
50712.6
50697.9
50697.9
50697.9
50697.9
50697.9
50668.6
50668.6
50668.6
50668.6
50668.6
50654.0
50654.0
50654.0
50654.0
50654.0
50595.4
50595.4
50595.4
50595.4
50595.4
50595.4
50566.1
50566.1
50566.1
50566.1
50566.1
50536.8
50536.8
50536.8
50536.8
50536.8
50507.5
50507.5
50507.5
50507.5
50507.5
50492.8
50492.8
50492.8
50492.8
50492.8
50448.8
50448.8
50448.8
50448.8
50448.8
50448.8
50419.5
50419.5
50404.9
50404.9
50404.9
50404.9
50404.9
50360.9
50360.9
50360.9
50360.9
50360.9
50360.9
50346.3
50346.3
50346.3
50346.3
50346.3
50317.0
50317.0
50317.0
50317.0
50317.0
50273.0
50273.0
50273.0
50273.0
50273.0
50258.4
50258.4
50258.4
50258.4
50258.4
50214.4
50214.4
50214.4
50214.4
50214.4
50214.4
50199.7
50199.7
50199.7
50199.7
50199.7
50170.4
50170.4
50170.4
50170.4
50170.4
50126.5
50126.5
50126.5
50111.8
50111.8
50111.8
50111.8
50111.8
50082.5
50082.5
50082.5
50082.5
50082.5
50053.2
50053.2
50053.2
50053.2
50053.2
50023.9
50023.9
50023.9
50023.9
50023.9
49980.0
49980.0
49980.0
49980.0
49980.0
49980.0
49950.7
49950.7
49950.7
49950.7
49950.7
49921.3
49921.3
49921.3
49921.3
49921.3
49906.7
49906.7
49906.7
49906.7
49906.7
49862.7
49862.7
49862.7
49862.7
49862.7
49862.7
49833.4
49833.4
49818.8
49818.8
49818.8
49818.8
49818.8
49774.8
49774.8
49774.8
49774.8
49774.8
49774.8
49760.2
49760.2
49760.2
49760.2
49760.2
49716.2
49716.2
49716.2
49716.2
49716.2
49686.9
49686.9
49686.9
49686.9
49686.9
49672.3
49672.3
49672.3
49672.3
49672.3
49672.3
49628.3
49628.3
49628.3
49628.3
49628.3
49613.6
49613.6
49613.6
49613.6
49613.6
49584.3
49584.3
49584.3
49584.3
49584.3
49540.4
49540.4
49540.4
49525.7
49525.7
49525.7
49525.7
49525.7
49496.4
49496.4
49496.4
49496.4
49496.4
49496.4
49467.1
49467.1
49467.1
49467.1
49467.1
49437.8
49437.8
49437.8
49437.8
49437.8
49408.5
49408.5
49408.5
49408.5
49408.5
49379.2
49379.2
49379.2
49379.2
49379.2
49379.2
49335.2
49335.2
49335.2
49335.2
49335.2
49320.6
49320.6
49320.6
49320.6
49320.6
49276.6
49276.6
49276.6
49276.6
49276.6
49247.3
49247.3
49247.3
49232.7
49232.7
49232.7
49232.7
49232.7
49188.7
49188.7
49188.7
49188.7
49188.7
49188.7
49174.1
49174.1
49174.1
49174.1
49174.1
49130.1
49130.1
49130.1
49130.1
49130.1
49100.8
49100.8
49100.8
49100.8
49100.8
49100.8
49086.2
49086.2
49086.2
49086.2
49086.2
49042.2
49042.2
49042.2
49042.2
49042.2
49027.5
49027.5
49027.5
49027.5
49027.5
48998.2
48998.2
48998.2
48998.2
48998.2
48998.2
48954.3
48954.3
48939.6
48939.6
48939.6
48939.6
48939.6
48939.6
48910.3
48910.3
48910.3
48910.3
48910.3
48881.0
48881.0
48881.0
48881.0
48881.0
48851.7
48851.7
48851.7
48851.7
48851.7
48851.7
48822.4
48822.4
48822.4
48822.4
48822.4
48793.1
48793.1
48793.1
48793.1
48793.1
48763.8
48763.8
48763.8
48763.8
48763.8
48749.1
48749.1
48749.1
48749.1
48749.1
48749.1
48690.5
48690.5
48690.5
48690.5
48690.5
48661.2
48661.2
48661.2
48646.6
48646.6
48646.6
48646.6
48646.6
48602.6
48602.6
48602.6
48602.6
48602.6
48588.0
48588.0
48588.0
48588.0
48588.0
48588.0
48544.0
48544.0
48544.0
48544.0
48544.0
48514.7
48514.7
48514.7
48514.7
48514.7
48500.0
48500.0
48500.0
48500.0
48500.0
48500.0
48456.1
48456.1
48456.1
48456.1
48456.1
48441.4
48441.4
48441.4
48441.4
48441.4
48412.1
48412.1
48412.1
48412.1
48412.1
48412.1
48368.2
48368.2
48353.5
48353.5
48353.5
48353.5
48353.5
48353.5
48324.2
48324.2
48324.2
48324.2
48324.2
48280.3
48280.3
48280.3
48280.3
48280.3
48265.6
48265.6
48265.6
48265.6
48265.6
48265.6
48221.6
48221.6
48221.6
48221.6
48221.6
48207.0
48207.0
48207.0
48207.0
48207.0
48207.0
48177.7
48177.7
48177.7
48177.7
48177.7
48133.7
48133.7
48133.7
48133.7
48133.7
48104.4
48104.4
48104.4
48104.4
48104.4
48104.4
48075.1
48075.1
48045.8
48045.8
48045.8
48045.8
48045.8
48045.8
48016.5
48016.5
48016.5
48016.5
48016.5
47987.2
47987.2
47987.2
47987.2
47987.2
47957.9
47957.9
47957.9
47957.9
47957.9
47957.9
47928.6
47928.6
47928.6
47928.6
47928.6
47913.9
47913.9
47913.9
47913.9
47913.9
47913.9
47870.0
47870.0
47870.0
47870.0
47870.0
47840.7
47840.7
47840.7
47840.7
47840.7
47826.0
47826.0
47826.0
47826.0
47826.0
47826.0
47782.1
47782.1
47767.4
47767.4
47767.4
47767.4
47767.4
47767.4
47723.5
47723.5
47723.5
47723.5
47723.5
47694.2
47694.2
47694.2
47694.2
47694.2
47694.2
47679.5
47679.5
47679.5
47679.5
47679.5
47635.5
47635.5
47635.5
47635.5
47635.5
47620.9
47620.9
47620.9
47620.9
47620.9
47620.9
47591.6
47591.6
47591.6
47591.6
47591.6
47547.6
47547.6
47547.6
47547.6
47547.6
47547.6
47533.0
47533.0
47533.0
47533.0
47533.0
47503.7
47503.7
47503.7
47459.7
47459.7
47459.7
47459.7
47459.7
47430.4
47430.4
47430.4
47430.4
47430.4
47401.1
47401.1
47401.1
47401.1
47401.1
47401.1
47371.8
47371.8
47371.8
47371.8
47371.8
47342.5
47342.5
47342.5
47342.5
47342.5
47342.5
47327.8
47327.8
47327.8
47327.8
47327.8
47283.9
47283.9
47283.9
47283.9
47283.9
47283.9
47254.6
47254.6
47254.6
47254.6
47254.6
47239.9
47239.9
47239.9
47239.9
47239.9
47196.0
47196.0
47196.0
47181.3
47181.3
47181.3
47181.3
47181.3
47181.3
47137.4
47137.4
47137.4
47137.4
47137.4
47108.1
47108.1
47108.1
47108.1
47108.1
47093.4
47093.4
47093.4
47093.4
47093.4
47093.4
47049.4
47049.4
47049.4
47049.4
47049.4
47034.8
47034.8
47034.8
47034.8
47034.8
47034.8
47005.5
47005.5
47005.5
47005.5
47005.5
46961.5
46961.5
46961.5
46961.5
46961.5
46961.5
46946.9
46946.9
46946.9
46946.9
46946.9
46917.6
46917.6
46917.6
46888.3
46888.3
46888.3
46888.3
46888.3
46844.3
46844.3
46844.3
46844.3
46844.3
46844.3
46800.3
46800.3
46800.3
46800.3
46800.3
46785.7
46785.7
46785.7
46785.7
46785.7
46785.7
46756.4
46756.4
46756.4
46756.4
46756.4
46741.7
46741.7
46741.7
46741.7
46741.7
46741.7
46697.8
46697.8
46697.8
46697.8
46697.8
46668.5
46668.5
46668.5
46668.5
46668.5
46668.5
46639.2
46639.2
46639.2
46639.2
46639.2
46609.9
46609.9
46609.9
46595.2
46595.2
46595.2
46595.2
46595.2
46551.3
46551.3
46551.3
46551.3
46551.3
46551.3
46521.9
46521.9
46521.9
46521.9
46521.9
46507.3
46507.3
46507.3
46507.3
46507.3
46507.3
46463.3
46463.3
46463.3
46463.3
46463.3
46448.7
46448.7
46448.7
46448.7
46448.7
46448.7
46419.4
46419.4
46419.4
46419.4
46419.4
46375.4
46375.4
46375.4
46375.4
46375.4
46375.4
46360.8
46360.8
46360.8
46360.8
46360.8
46316.8
46316.8
46316.8
46316.8
46316.8
46316.8
46302.2
46302.2
46272.9
46272.9
46272.9
46272.9
46272.9
46272.9
46214.2
46214.2
46214.2
46214.2
46214.2
46199.6
46199.6
46199.6
46199.6
46199.6
46199.6
46170.3
46170.3
46170.3
46170.3
46170.3
46155.6
46155.6
46155.6
46155.6
46155.6
46155.6
46111.7
46111.7
46111.7
46111.7
46111.7
46082.4
46082.4
46082.4
46082.4
46082.4
46082.4
46053.1
46053.1
46053.1
46053.1
46053.1
46023.8
46023.8
46023.8
46023.8
46023.8
46023.8
46009.1
46009.1
46009.1
45965.2
45965.2
45965.2
45965.2
45965.2
45935.8
45935.8
45935.8
45935.8
45935.8
45935.8
45921.2
45921.2
45921.2
45921.2
45921.2
45877.2
45877.2
45877.2
45877.2
45877.2
45877.2
45862.6
45862.6
45862.6
45862.6
45862.6
45833.3
45833.3
45833.3
45833.3
45833.3
45833.3
45789.3
45789.3
45789.3
45789.3
45789.3
45774.7
45774.7
45774.7
45774.7
45774.7
45774.7
45730.7
45730.7
45730.7
45730.7
45730.7
45730.7
45701.4
45701.4
45686.8
45686.8
45686.8
45686.8
45686.8
45686.8
45642.8
45642.8
45642.8
45642.8
45642.8
45628.1
45628.1
45628.1
45628.1
45628.1
45628.1
45584.2
45584.2
45584.2
45584.2
45584.2
45584.2
45540.2
45540.2
45540.2
45540.2
45540.2
45525.6
45525.6
45525.6
45525.6
45525.6
45525.6
45496.3
45496.3
45496.3
45496.3
45496.3
45467.0
45467.0
45467.0
45467.0
45467.0
45467.0
45437.7
45437.7
45437.7
45437.7
45437.7
45408.4
45408.4
45408.4
45379.0
45379.0
45379.0
45379.0
45379.0
45379.0
45349.7
45349.7
45349.7
45349.7
45349.7
45335.1
45335.1
45335.1
45335.1
45335.1
45335.1
45291.1
45291.1
45291.1
45291.1
45291.1
45261.8
45261.8
45261.8
45261.8
45261.8
45261.8
45247.2
45247.2
45247.2
45247.2
45247.2
45247.2
45203.2
45203.2
45203.2
45203.2
45203.2
45188.6
45188.6
45188.6
45188.6
45188.6
45188.6
45144.6
45144.6
45144.6
45144.6
45144.6
45115.3
45115.3
45115.3
45100.6
45100.6
45100.6
45100.6
45100.6
45100.6
45056.7
45056.7
45056.7
45056.7
45056.7
45042.0
45042.0
45042.0
45042.0
45042.0
45042.0
45012.7
45012.7
45012.7
45012.7
45012.7
45012.7
44954.1
44954.1
44954.1
44954.1
44954.1
44939.5
44939.5
44939.5
44939.5
44939.5
44939.5
44910.2
44910.2
44910.2
44910.2
44910.2
44880.9
44880.9
44880.9
44880.9
44880.9
44880.9
44851.6
44851.6
44851.6
44851.6
44851.6
44851.6
44807.6
44807.6
44792.9
44792.9
44792.9
44792.9
44792.9
44792.9
44763.6
44763.6
44763.6
44763.6
44763.6
44763.6
44749.0
44749.0
44749.0
44749.0
44749.0
44705.0
44705.0
44705.0
44705.0
44705.0
44705.0
44675.7
44675.7
44675.7
44675.7
44675.7
44675.7
44646.4
44646.4
44646.4
44646.4
44646.4
44617.1
44617.1
44617.1
44617.1
44617.1
44617.1
44602.5
44602.5
44602.5
44602.5
44602.5
44602.5
44558.5
44558.5
44558.5
44558.5
44558.5
44529.2
44529.2
44529.2
44514.5
44514.5
44514.5
44514.5
44514.5
44514.5
44470.6
44470.6
44470.6
44470.6
44470.6
44455.9
44455.9
44455.9
44455.9
44455.9
44455.9
44426.6
44426.6
44426.6
44426.6
44426.6
44426.6
44382.7
44382.7
44382.7
44382.7
44382.7
44368.0
44368.0
44368.0
44368.0
44368.0
44353.4
44324.1
44324.1
44324.1
44324.1
44324.1
44324.1
44294.8
44294.8
44294.8
44294.8
44294.8
44265.5
44265.5
44265.5
44265.5
44265.5
44265.5
44221.5
44221.5
44221.5
44206.8
44206.8
44206.8
44206.8
44206.8
44177.5
44177.5
44177.5
44177.5
44177.5
44177.5
44162.9
44162.9
44162.9
44162.9
44162.9
44162.9
44118.9
44118.9
44118.9
44118.9
44118.9
44089.6
44089.6
44089.6
44089.6
44089.6
44089.6
44060.3
44060.3
44060.3
44060.3
44060.3
44060.3
44031.0
44031.0
44031.0
44031.0
44031.0
44016.4
44016.4
44016.4
44016.4
44016.4
44016.4
43972.4
43972.4
43972.4
43972.4
43972.4
43972.4
43943.1
43943.1
43943.1
43928.4
43928.4
43928.4
43928.4
43928.4
43884.5
43884.5
43884.5
43884.5
43884.5
43884.5
43869.8
43869.8
43869.8
43869.8
43869.8
43869.8
43840.5
43840.5
43840.5
43840.5
43840.5
43796.6
43796.6
43796.6
43796.6
43796.6
43796.6
43781.9
43781.9
43781.9
43781.9
43781.9
43781.9
43723.3
43723.3
43723.3
43723.3
43723.3
43723.3
43708.7
43708.7
43708.7
43708.7
43708.7
43679.3
43679.3
43679.3
43679.3
43679.3
43679.3
43635.4
43635.4
43635.4
43620.7
43620.7
43620.7
43620.7
43620.7
43620.7
43591.4
43591.4
43591.4
43591.4
43591.4
43562.1
43562.1
43562.1
43562.1
43562.1
43562.1
43532.8
43532.8
43532.8
43532.8
43532.8
43532.8
43503.5
43503.5
43503.5
43503.5
43503.5
43503.5
43474.2
43474.2
43474.2
43474.2
43474.2
43444.9
43444.9
43444.9
43444.9
43444.9
43444.9
43430.3
43430.3
43430.3
43430.3
43430.3
43430.3
43386.3
43386.3
43386.3
43386.3
43386.3
43357.0
43357.0
43357.0
43342.3
43342.3
43342.3
43342.3
43342.3
43342.3
43298.4
43298.4
43298.4
43298.4
43298.4
43298.4
43283.7
43283.7
43283.7
43283.7
43283.7
43283.7
43239.8
43239.8
43239.8
43239.8
43239.8
43210.5
43210.5
43210.5
43210.5
43210.5
43210.5
43195.8
43195.8
43195.8
43195.8
43195.8
43195.8
43151.9
43151.9
43151.9
43151.9
43151.9
43151.9
43122.6
43122.6
43122.6
43122.6
43122.6
43093.2
43093.2
43093.2
43093.2
43093.2
43093.2
43049.3
43049.3
43049.3
43034.6
43034.6
43034.6
43034.6
43034.6
43034.6
43005.3
43005.3
43005.3
43005.3
43005.3
43005.3
42961.4
42961.4
42961.4
42961.4
42961.4
42946.7
42946.7
42946.7
42946.7
42946.7
42946.7
42917.4
42917.4
42917.4
42917.4
42917.4
42917.4
42888.1
42888.1
42888.1
42888.1
42888.1
42888.1
42858.8
42858.8
42858.8
42858.8
42858.8
42814.8
42814.8
42814.8
42814.8
42814.8
42814.8
42800.2
42800.2
42800.2
42800.2
42800.2
42800.2
42770.9
42770.9
42770.9
42756.2
42756.2
42756.2
42756.2
42756.2
42756.2
42712.3
42712.3
42712.3
42712.3
42712.3
42683.0
42683.0
42683.0
42683.0
42683.0
42683.0
42653.7
42653.7
42653.7
42653.7
42653.7
42653.7
42624.4
42624.4
42624.4
42624.4
42624.4
42624.4
42609.7
42609.7
42609.7
42609.7
42609.7
42609.7
42565.8
42565.8
42565.8
42565.8
42565.8
42565.8
42536.4
42536.4
42536.4
42536.4
42536.4
42521.8
42521.8
42521.8
42521.8
42521.8
42521.8
42463.2
42463.2
42463.2
42448.5
42448.5
42448.5
42448.5
42448.5
42448.5
42419.2
42419.2
42419.2
42419.2
42419.2
42419.2
42375.3
42375.3
42375.3
42375.3
42375.3
42375.3
42360.6
42360.6
42360.6
42360.6
42360.6
42316.7
42316.7
42316.7
42316.7
42316.7
42316.7
42302.0
42302.0
42302.0
42302.0
42302.0
42302.0
42272.7
42272.7
42272.7
42272.7
42272.7
42272.7
42228.7
42228.7
42228.7
42228.7
42228.7
42228.7
42214.1
42214.1
42214.1
42214.1
42214.1
42214.1
42184.8
42184.8
42155.5
42155.5
42155.5
42155.5
42155.5
42155.5
42126.2
42126.2
42126.2
42126.2
42126.2
42126.2
42096.9
42096.9
42096.9
42096.9
42096.9
42096.9
42067.6
42067.6
42067.6
42067.6
42067.6
42067.6
42038.3
42038.3
42038.3
42038.3
42038.3
42038.3
42023.6
42023.6
42023.6
42023.6
42023.6
42023.6
41979.6
41979.6
41979.6
41979.6
41979.6
41950.3
41950.3
41950.3
41950.3
41950.3
41950.3
41935.7
41935.7
41935.7
41935.7
41935.7
41935.7
41891.7
41891.7
41891.7
41877.1
41877.1
41877.1
41877.1
41877.1
41877.1
41818.5
41818.5
41818.5
41818.5
41818.5
41818.5
41789.2
41789.2
41789.2
41789.2
41789.2
41789.2
41774.5
41774.5
41774.5
41774.5
41774.5
41774.5
41730.6
41730.6
41730.6
41730.6
41730.6
41730.6
41715.9
41715.9
41715.9
41715.9
41715.9
41686.6
41686.6
41686.6
41686.6
41686.6
41686.6
41642.6
41642.6
41642.6
41642.6
41642.6
41642.6
41628.0
41628.0
41628.0
41628.0
41628.0
41628.0
41598.7
41598.7
41598.7
41569.4
41569.4
41569.4
41569.4
41569.4
41569.4
41540.1
41540.1
41540.1
41540.1
41540.1
41540.1
41510.8
41510.8
41510.8
41510.8
41510.8
41510.8
41481.5
41481.5
41481.5
41481.5
41481.5
41481.5
41452.2
41452.2
41452.2
41452.2
41452.2
41452.2
41437.5
41437.5
41437.5
41437.5
41437.5
41393.5
41393.5
41393.5
41393.5
41393.5
41393.5
41364.2
41364.2
41364.2
41364.2
41364.2
41364.2
41349.6
41349.6
41349.6
41349.6
41349.6
41349.6
41305.6
41305.6
41305.6
41291.0
41291.0
41291.0
41291.0
41291.0
41291.0
41247.0
41247.0
41247.0
41247.0
41247.0
41247.0
41203.1
41203.1
41203.1
41203.1
41203.1
41203.1
41188.4
41188.4
41188.4
41188.4
41188.4
41188.4
41144.5
41144.5
41144.5
41144.5
41144.5
41144.5
41129.8
41129.8
41129.8
41129.8
41129.8
41129.8
41100.5
41100.5
41100.5
41100.5
41100.5
41100.5
41056.5
41056.5
41056.5
41056.5
41056.5
41056.5
41041.9
41041.9
41041.9
41041.9
41041.9
41041.9
41012.6
41012.6
41012.6
40983.3
40983.3
40983.3
40983.3
40983.3
40983.3
40954.0
40954.0
40954.0
40954.0
40954.0
40924.7
40924.7
40924.7
40924.7
40924.7
40924.7
40895.4
40895.4
40895.4
40895.4
40895.4
40895.4
40866.1
40866.1
40866.1
40866.1
40866.1
40866.1
40851.4
40851.4
40851.4
40851.4
40851.4
40851.4
40807.4
40807.4
40807.4
40807.4
40807.4
40807.4
40778.1
40778.1
40778.1
40778.1
40778.1
40778.1
40763.5
40763.5
40763.5
40763.5
40763.5
40763.5
40719.5
40719.5
40719.5
40704.9
40704.9
40704.9
40704.9
40704.9
40704.9
40660.9
40660.9
40660.9
40660.9
40660.9
40660.9
40631.6
40631.6
40631.6
40631.6
40631.6
40631.6
40617.0
40617.0
40617.0
40617.0
40617.0
40617.0
40558.3
40558.3
40558.3
40558.3
40558.3
40558.3
40529.0
40529.0
40529.0
40529.0
40529.0
40529.0
40514.4
40514.4
40514.4
40514.4
40514.4
40514.4
40470.4
40470.4
40470.4
40470.4
40470.4
40470.4
40455.8
40455.8
40455.8
40455.8
40455.8
40455.8
40426.5
40426.5
40426.5
40426.5
40426.5
40426.5
40382.5
40382.5
40382.5
40367.9
40367.9
40367.9
40367.9
40367.9
40367.9
40323.9
40323.9
40323.9
40323.9
40323.9
40323.9
40309.3
40309.3
40309.3
40309.3
40309.3
40309.3
40279.9
40279.9
40279.9
40279.9
40279.9
40279.9
40236.0
40236.0
40236.0
40236.0
40236.0
40236.0
40221.3
40221.3
40221.3
40221.3
40221.3
40221.3
40192.0
40192.0
40192.0
40192.0
40192.0
40192.0
40162.7
40162.7
40162.7
40162.7
40162.7
40162.7
40133.4
40133.4
40133.4
40133.4
40133.4
40133.4
40104.1
40104.1
40104.1
40074.8
40074.8
40074.8
40074.8
40074.8
40074.8
40045.5
40045.5
40045.5
40045.5
40045.5
40045.5
40030.9
40030.9
40030.9
40030.9
40030.9
40030.9
40030.9
39972.2
39972.2
39972.2
39972.2
39972.2
39972.2
39942.9
39942.9
39942.9
39942.9
39942.9
39942.9
39928.3
39928.3
39928.3
39928.3
39928.3
39928.3
39884.3
39884.3
39884.3
39884.3
39884.3
39884.3
39869.7
39869.7
39869.7
39869.7
39869.7
39869.7
39825.7
39825.7
39825.7
39825.7
39825.7
39825.7
39796.4
39796.4
39796.4
39781.8
39781.8
39781.8
39781.8
39781.8
39781.8
39737.8
39737.8
39737.8
39737.8
39737.8
39737.8
39723.2
39723.2
39723.2
39723.2
39723.2
39723.2
39693.8
39693.8
39693.8
39693.8
39693.8
39693.8
39649.9
39649.9
39649.9
39649.9
39649.9
39649.9
39635.2
39635.2
39635.2
39635.2
39635.2
39635.2
39605.9
39605.9
39605.9
39605.9
39605.9
39605.9
39576.6
39576.6
39576.6
39576.6
39576.6
39576.6
39547.3
39547.3
39547.3
39547.3
39547.3
39547.3
39547.3
39518.0
39518.0
39518.0
39488.7
39488.7
39488.7
39488.7
39488.7
39488.7
39459.4
39459.4
39459.4
39459.4
39459.4
39459.4
39444.8
39444.8
39444.8
39444.8
39444.8
39444.8
39400.8
39400.8
39400.8
39400.8
39400.8
39400.8
39371.5
39371.5
39371.5
39371.5
39371.5
39371.5
39342.2
39342.2
39342.2
39342.2
39342.2
39342.2
39298.2
39298.2
39298.2
39298.2
39298.2
39298.2
39283.6
39283.6
39283.6
39283.6
39283.6
39283.6
39239.6
39239.6
39239.6
39239.6
39239.6
39239.6
39239.6
39210.3
39210.3
39210.3
39195.7
39195.7
39195.7
39195.7
39195.7
39195.7
39151.7
39151.7
39151.7
39151.7
39151.7
39151.7
39137.0
39137.0
39137.0
39137.0
39137.0
39137.0
39107.7
39107.7
39107.7
39107.7
39107.7
39107.7
39063.8
39063.8
39063.8
39063.8
39063.8
39063.8
39049.1
39049.1
39049.1
39049.1
39049.1
39049.1
39019.8
39019.8
39019.8
39019.8
39019.8
39019.8
39019.8
38990.5
38990.5
38990.5
38990.5
38990.5
38990.5
38961.2
38961.2
38961.2
38961.2
38961.2
38961.2
38917.3
38917.3
38917.3
38902.6
38902.6
38902.6
38902.6
38902.6
38902.6
38873.3
38873.3
38873.3
38873.3
38873.3
38873.3
38858.6
38858.6
38858.6
38858.6
38858.6
38858.6
38814.7
38814.7
38814.7
38814.7
38814.7
38814.7
38814.7
38785.4
38785.4
38785.4
38785.4
38785.4
38785.4
38756.1
38756.1
38756.1
38756.1
38756.1
38756.1
38712.1
38712.1
38712.1
38712.1
38712.1
38712.1
38697.5
38697.5
38697.5
38697.5
38697.5
38697.5
38653.5
38653.5
38653.5
38653.5
38653.5
38653.5
38624.2
38624.2
38624.2
38609.6
38609.6
38609.6
38609.6
38609.6
38609.6
38609.6
38565.6
38565.6
38565.6
38565.6
38565.6
38565.6
38550.9
38550.9
38550.9
38550.9
38550.9
38550.9
38521.6
38521.6
38521.6
38521.6
38521.6
38521.6
38477.7
38477.7
38477.7
38477.7
38477.7
38477.7
38463.0
38463.0
38463.0
38463.0
38463.0
38463.0
38463.0
38419.1
38419.1
38419.1
38419.1
38419.1
38419.1
38404.4
38404.4
38404.4
38404.4
38404.4
38404.4
38375.1
38375.1
38375.1
38375.1
38375.1
38375.1
38331.2
38331.2
38331.2
38316.5
38316.5
38316.5
38316.5
38316.5
38316.5
38287.2
38287.2
38287.2
38287.2
38287.2
38287.2
38287.2
38272.5
38272.5
38272.5
38272.5
38272.5
38272.5
38228.6
38228.6
38228.6
38228.6
38228.6
38228.6
38199.3
38199.3
38199.3
38199.3
38199.3
38199.3
38170.0
38170.0
38170.0
38170.0
38170.0
38170.0
38170.0
38140.7
38140.7
38140.7
38140.7
38140.7
38140.7
38126.0
38126.0
38126.0
38126.0
38126.0
38126.0
38067.4
38067.4
38067.4
38067.4
38067.4
38067.4
38038.1
38038.1
38038.1
38023.5
38023.5
38023.5
38023.5
38023.5
38023.5
38023.5
37979.5
37979.5
37979.5
37979.5
37979.5
37979.5
37950.2
37950.2
37950.2
37950.2
37950.2
37950.2
37935.5
37935.5
37935.5
37935.5
37935.5
37935.5
37891.6
37891.6
37891.6
37891.6
37891.6
37891.6
37891.6
37876.9
37876.9
37876.9
37876.9
37876.9
37876.9
37833.0
37833.0
37833.0
37833.0
37833.0
37833.0
37803.7
37803.7
37803.7
37803.7
37803.7
37803.7
37789.0
37789.0
37789.0
37789.0
37789.0
37789.0
37789.0
37745.1
37745.1
37745.1
37730.4
37730.4
37730.4
37730.4
37730.4
37730.4
37701.1
37701.1
37701.1
37701.1
37701.1
37701.1
37657.1
37657.1
37657.1
37657.1
37657.1
37657.1
37657.1
37642.5
37642.5
37642.5
37642.5
37642.5
37642.5
37613.2
37613.2
37613.2
37613.2
37613.2
37613.2
37583.9
37583.9
37583.9
37583.9
37583.9
37583.9
37554.6
37554.6
37554.6
37554.6
37554.6
37554.6
37554.6
37525.3
37525.3
37525.3
37525.3
37525.3
37525.3
37496.0
37496.0
37496.0
37496.0
37496.0
37496.0
37452.0
37452.0
37452.0
37437.3
37437.3
37437.3
37437.3
37437.3
37437.3
37437.3
37393.4
37393.4
37393.4
37393.4
37393.4
37393.4
37364.1
37364.1
37364.1
37364.1
37364.1
37364.1
37349.4
37349.4
37349.4
37349.4
37349.4
37349.4
37349.4
37305.5
37305.5
37305.5
37305.5
37305.5
37305.5
37290.8
37290.8
37290.8
37290.8
37290.8
37290.8
37246.9
37246.9
37246.9
37246.9
37246.9
37246.9
37246.9
37217.6
37217.6
37217.6
37217.6
37217.6
37217.6
37202.9
37202.9
37202.9
37202.9
37202.9
37202.9
37158.9
37158.9
37158.9
37144.3
37144.3
37144.3
37144.3
37144.3
37144.3
37144.3
37115.0
37115.0
37115.0
37115.0
37115.0
37115.0
37071.0
37071.0
37071.0
37071.0
37071.0
37071.0
37056.4
37056.4
37056.4
37056.4
37056.4
37056.4
37056.4
37027.1
37027.1
37027.1
37027.1
37027.1
37027.1
36997.8
36997.8
36997.8
36997.8
36997.8
36997.8
36968.5
36968.5
36968.5
36968.5
36968.5
36968.5
36968.5
36924.5
36924.5
36924.5
36924.5
36924.5
36924.5
36909.9
36909.9
36909.9
36909.9
36909.9
36909.9
36880.6
36880.6
36880.6
36880.6
36865.9
36865.9
36865.9
36865.9
36865.9
36865.9
36807.3
36807.3
36807.3
36807.3
36807.3
36807.3
36778.0
36778.0
36778.0
36778.0
36778.0
36778.0
36778.0
36748.7
36748.7
36748.7
36748.7
36748.7
36748.7
36719.4
36719.4
36719.4
36719.4
36719.4
36719.4
36704.7
36704.7
36704.7
36704.7
36704.7
36704.7
36704.7
36660.8
36660.8
36660.8
36660.8
36660.8
36660.8
36631.5
36631.5
36631.5
36631.5
36631.5
36631.5
36631.5
36616.8
36616.8
36616.8
36616.8
36616.8
36616.8
36572.8
36572.8
36572.8
36558.2
36558.2
36558.2
36558.2
36558.2
36558.2
36558.2
36528.9
36528.9
36528.9
36528.9
36528.9
36528.9
36484.9
36484.9
36484.9
36484.9
36484.9
36484.9
36470.3
36470.3
36470.3
36470.3
36470.3
36470.3
36470.3
36441.0
36441.0
36441.0
36441.0
36441.0
36441.0
36411.7
36411.7
36411.7
36411.7
36411.7
36411.7
36411.7
36382.4
36382.4
36382.4
36382.4
36382.4
36382.4
36338.4
36338.4
36338.4
36338.4
36338.4
36338.4
36323.8
36323.8
36323.8
36323.8
36323.8
36323.8
36323.8
36294.4
36294.4
36294.4
36279.8
36279.8
36279.8
36279.8
36279.8
36279.8
36235.8
36235.8
36235.8
36235.8
36235.8
36235.8
36235.8
36191.9
36191.9
36191.9
36191.9
36191.9
36191.9
36162.6
36162.6
36162.6
36162.6
36162.6
36162.6
36162.6
36133.3
36133.3
36133.3
36133.3
36133.3
36133.3
36118.6
36118.6
36118.6
36118.6
36118.6
36118.6
36118.6
36074.7
36074.7
36074.7
36074.7
36074.7
36074.7
36045.4
36045.4
36045.4
36045.4
36045.4
36045.4
36045.4
36030.7
36030.7
36030.7
36030.7
36030.7
36030.7
35986.7
35986.7
35986.7
35972.1
35972.1
35972.1
35972.1
35972.1
35972.1
35972.1
35942.8
35942.8
35942.8
35942.8
35942.8
35942.8
35898.8
35898.8
35898.8
35898.8
35898.8
35898.8
35898.8
35884.2
35884.2
35884.2
35884.2
35884.2
35884.2
35840.2
35840.2
35840.2
35840.2
35840.2
35840.2
35825.6
35825.6
35825.6
35825.6
35825.6
35825.6
35825.6
35796.3
35796.3
35796.3
35796.3
35796.3
35796.3
35752.3
35752.3
35752.3
35752.3
35752.3
35752.3
35752.3
35737.6
35737.6
35737.6
35737.6
35737.6
35737.6
35708.3
35708.3
35708.3
35708.3
35679.0
35679.0
35679.0
35679.0
35679.0
35679.0
35649.7
35649.7
35649.7
35649.7
35649.7
35649.7
35649.7
35620.4
35620.4
35620.4
35620.4
35620.4
35620.4
35576.5
35576.5
35576.5
35576.5
35576.5
35576.5
35576.5
35547.2
35547.2
35547.2
35547.2
35547.2
35547.2
35532.5
35532.5
35532.5
35532.5
35532.5
35532.5
35532.5
35488.6
35488.6
35488.6
35488.6
35488.6
35488.6
35459.2
35459.2
35459.2
35459.2
35459.2
35459.2
35459.2
35444.6
35444.6
35444.6
35444.6
35444.6
35444.6
35400.6
35400.6
35400.6
35371.3
35371.3
35371.3
35371.3
35371.3
35371.3
35371.3
35342.0
35342.0
35342.0
35342.0
35342.0
35342.0
35312.7
35312.7
35312.7
35312.7
35312.7
35312.7
35312.7
35298.1
35298.1
35298.1
35298.1
35298.1
35298.1
35254.1
35254.1
35254.1
35254.1
35254.1
35254.1
35254.1
35224.8
35224.8
35224.8
35224.8
35224.8
35224.8
35224.8
35210.2
35210.2
35210.2
35210.2
35210.2
35210.2
35166.2
35166.2
35166.2
35166.2
35166.2
35166.2
35166.2
35151.5
35151.5
35151.5
35151.5
35151.5
35151.5
35122.2
35122.2
35122.2
35078.3
35078.3
35078.3
35078.3
35078.3
35078.3
35078.3
35063.6
35063.6
35063.6
35063.6
35063.6
35063.6
35063.6
35034.3
35034.3
35034.3
35034.3
35034.3
35034.3
35005.0
35005.0
35005.0
35005.0
35005.0
35005.0
35005.0
34961.1
34961.1
34961.1
34961.1
34961.1
34961.1
34917.1
34917.1
34917.1
34917.1
34917.1
34917.1
34917.1
34902.5
34902.5
34902.5
34902.5
34902.5
34902.5
34873.1
34873.1
34873.1
34873.1
34873.1
34873.1
34873.1
34858.5
34858.5
34858.5
34858.5
34858.5
34858.5
34858.5
34814.5
34814.5
34814.5
34814.5
34814.5
34814.5
34785.2
34785.2
34785.2
34755.9
34755.9
34755.9
34755.9
34755.9
34755.9
34755.9
34726.6
34726.6
34726.6
34726.6
34726.6
34726.6
34726.6
34712.0
34712.0
34712.0
34712.0
34712.0
34712.0
34668.0
34668.0
34668.0
34668.0
34668.0
34668.0
34668.0
34638.7
34638.7
34638.7
34638.7
34638.7
34638.7
34624.1
34624.1
34624.1
34624.1
34624.1
34624.1
34624.1
34580.1
34580.1
34580.1
34580.1
34580.1
34580.1
34580.1
34565.4
34565.4
34565.4
34565.4
34565.4
34565.4
34536.1
34536.1
34536.1
34536.1
34536.1
34536.1
34536.1
34492.2
34492.2
34492.2
34477.5
34477.5
34477.5
34477.5
34477.5
34477.5
34477.5
34433.6
34433.6
34433.6
34433.6
34433.6
34433.6
34418.9
34418.9
34418.9
34418.9
34418.9
34418.9
34418.9
34389.6
34389.6
34389.6
34389.6
34389.6
34389.6
34389.6
34331.0
34331.0
34331.0
34331.0
34331.0
34331.0
34316.3
34316.3
34316.3
34316.3
34316.3
34316.3
34316.3
34287.0
34287.0
34287.0
34287.0
34287.0
34287.0
34257.7
34257.7
34257.7
34257.7
34257.7
34257.7
34257.7
34228.4
34228.4
34228.4
34228.4
34228.4
34228.4
34228.4
34199.1
34199.1
34199.1
34169.8
34169.8
34169.8
34169.8
34169.8
34169.8
34169.8
34140.5
34140.5
34140.5
34140.5
34140.5
34140.5
34125.9
34125.9
34125.9
34125.9
34125.9
34125.9
34125.9
34081.9
34081.9
34081.9
34081.9
34081.9
34081.9
34081.9
34052.6
34052.6
34052.6
34052.6
34052.6
34052.6
34037.9
34037.9
34037.9
34037.9
34037.9
34037.9
34037.9
33994.0
33994.0
33994.0
33994.0
33994.0
33994.0
33994.0
33979.3
33979.3
33979.3
33979.3
33979.3
33979.3
33950.0
33950.0
33950.0
33950.0
33950.0
33950.0
33950.0
33906.1
33906.1
33906.1
33891.4
33891.4
33891.4
33891.4
33891.4
33891.4
33891.4
33847.5
33847.5
33847.5
33847.5
33847.5
33847.5
33847.5
33832.8
33832.8
33832.8
33832.8
33832.8
33832.8
33832.8
33803.5
33803.5
33803.5
33803.5
33803.5
33803.5
33759.6
33759.6
33759.6
33759.6
33759.6
33759.6
33759.6
33744.9
33744.9
33744.9
33744.9
33744.9
33744.9
33744.9
33700.9
33700.9
33700.9
33700.9
33700.9
33700.9
33671.6
33671.6
33671.6
33671.6
33671.6
33671.6
33671.6
33642.3
33642.3
33642.3
33642.3
33642.3
33642.3
33642.3
33613.0
33613.0
33613.0
33583.7
33583.7
33583.7
33583.7
33583.7
33583.7
33583.7
33554.4
33554.4
33554.4
33554.4
33554.4
33554.4
33554.4
33539.8
33539.8
33539.8
33539.8
33539.8
33539.8
33495.8
33495.8
33495.8
33495.8
33495.8
33495.8
33495.8
33466.5
33466.5
33466.5
33466.5
33466.5
33466.5
33466.5
33451.8
33451.8
33451.8
33451.8
33451.8
33451.8
33451.8
33407.9
33407.9
33407.9
33407.9
33407.9
33407.9
33393.2
33393.2
33393.2
33393.2
33393.2
33393.2
33393.2
33349.3
33349.3
33349.3
33349.3
33349.3
33349.3
33349.3
33320.0
33320.0
33320.0
33305.3
33305.3
33305.3
33305.3
33305.3
33305.3
33305.3
33261.4
33261.4
33261.4
33261.4
33261.4
33261.4
33261.4
33246.7
33246.7
33246.7
33246.7
33246.7
33246.7
33217.4
33217.4
33217.4
33217.4
33217.4
33217.4
33217.4
33173.4
33173.4
33173.4
33173.4
33173.4
33173.4
33173.4
33158.8
33158.8
33158.8
33158.8
33158.8
33158.8
33158.8
33129.5
33129.5
33129.5
33129.5
33129.5
33129.5
33129.5
33085.5
33085.5
33085.5
33085.5
33085.5
33085.5
33056.2
33056.2
33056.2
33056.2
33056.2
33056.2
33056.2
33026.9
33026.9
33026.9
32997.6
32997.6
32997.6
32997.6
32997.6
32997.6
32997.6
32968.3
32968.3
32968.3
32968.3
32968.3
32968.3
32968.3
32953.7
32953.7
32953.7
32953.7
32953.7
32953.7
32953.7
32909.7
32909.7
32909.7
32909.7
32909.7
32909.7
32909.7
32880.4
32880.4
32880.4
32880.4
32880.4
32880.4
32865.7
32865.7
32865.7
32865.7
32865.7
32865.7
32865.7
32821.8
32821.8
32821.8
32821.8
32821.8
32821.8
32821.8
32792.5
32792.5
32792.5
32792.5
32792.5
32792.5
32792.5
32763.2
32763.2
32763.2
32763.2
32763.2
32763.2
32763.2
32733.9
32733.9
32733.9
32719.2
32719.2
32719.2
32719.2
32719.2
32719.2
32719.2
32675.3
32675.3
32675.3
32675.3
32675.3
32675.3
32675.3
32646.0
32646.0
32646.0
32646.0
32646.0
32646.0
32646.0
32631.3
32631.3
32631.3
32631.3
32631.3
32631.3
32587.3
32587.3
32587.3
32587.3
32587.3
32587.3
32587.3
32572.7
32572.7
32572.7
32572.7
32572.7
32572.7
32572.7
32543.4
32543.4
32543.4
32543.4
32543.4
32543.4
32543.4
32499.4
32499.4
32499.4
32499.4
32499.4
32499.4
32499.4
32484.8
32484.8
32484.8
32484.8
32484.8
32484.8
32484.8
32426.2
32426.2
32426.2
32411.5
32411.5
32411.5
32411.5
32411.5
32411.5
32411.5
32382.2
32382.2
32382.2
32382.2
32382.2
32382.2
32382.2
32338.2
32338.2
32338.2
32338.2
32338.2
32338.2
32338.2
32323.6
32323.6
32323.6
32323.6
32323.6
32323.6
32323.6
32294.3
32294.3
32294.3
32294.3
32294.3
32294.3
32265.0
32265.0
32265.0
32265.0
32265.0
32265.0
32265.0
32235.7
32235.7
32235.7
32235.7
32235.7
32235.7
32235.7
32206.4
32206.4
32206.4
32206.4
32206.4
32206.4
32206.4
32177.1
32177.1
32177.1
32177.1
32177.1
32177.1
32177.1
32147.8
32147.8
32147.8
32133.1
32133.1
32133.1
32133.1
32133.1
32133.1
32133.1
32089.2
32089.2
32089.2
32089.2
32089.2
32089.2
32089.2
32059.9
32059.9
32059.9
32059.9
32059.9
32059.9
32059.9
32045.2
32045.2
32045.2
32045.2
32045.2
32045.2
32045.2
32001.2
32001.2
32001.2
32001.2
32001.2
32001.2
32001.2
31986.6
31986.6
31986.6
31986.6
31986.6
31986.6
31986.6
31942.6
31942.6
31942.6
31942.6
31942.6
31942.6
31942.6
31913.3
31913.3
31913.3
31913.3
31913.3
31913.3
31913.3
31898.7
31898.7
31898.7
31898.7
31898.7
31898.7
31898.7
31840.1
31840.1
31840.1
31825.4
31825.4
31825.4
31825.4
31825.4
31825.4
31825.4
31796.1
31796.1
31796.1
31796.1
31796.1
31796.1
31796.1
31752.1
31752.1
31752.1
31752.1
31752.1
31752.1
31752.1
31737.5
31737.5
31737.5
31737.5
31737.5
31737.5
31737.5
31708.2
31708.2
31708.2
31708.2
31708.2
31708.2
31708.2
31678.9
31678.9
31678.9
31678.9
31678.9
31678.9
31678.9
31649.6
31649.6
31649.6
31649.6
31649.6
31649.6
31649.6
31620.3
31620.3
31620.3
31620.3
31620.3
31620.3
31620.3
31591.0
31591.0
31591.0
31591.0
31591.0
31591.0
31591.0
31561.7
31561.7
31561.7
31547.0
31547.0
31547.0
31547.0
31547.0
31547.0
31547.0
31503.1
31503.1
31503.1
31503.1
31503.1
31503.1
31503.1
31473.7
31473.7
31473.7
31473.7
31473.7
31473.7
31473.7
31459.1
31459.1
31459.1
31459.1
31459.1
31459.1
31459.1
31415.1
31415.1
31415.1
31415.1
31415.1
31415.1
31415.1
31400.5
31400.5
31400.5
31400.5
31400.5
31400.5
31400.5
31356.5
31356.5
31356.5
31356.5
31356.5
31356.5
31356.5
31327.2
31327.2
31327.2
31327.2
31327.2
31327.2
31327.2
31312.6
31312.6
31312.6
31312.6
31312.6
31312.6
31312.6
31268.6
31268.6
31268.6
31268.6
31254.0
31254.0
31254.0
31254.0
31254.0
31254.0
31254.0
31210.0
31210.0
31210.0
31210.0
31210.0
31210.0
31210.0
31166.0
31166.0
31166.0
31166.0
31166.0
31166.0
31166.0
31151.4
31151.4
31151.4
31151.4
31151.4
31151.4
31151.4
31122.1
31122.1
31122.1
31122.1
31122.1
31122.1
31122.1
31092.8
31092.8
31092.8
31092.8
31092.8
31092.8
31092.8
31063.5
31063.5
31063.5
31063.5
31063.5
31063.5
31063.5
31019.5
31019.5
31019.5
31019.5
31019.5
31019.5
31019.5
31004.9
31004.9
31004.9
31004.9
31004.9
31004.9
31004.9
30975.6
30975.6
30975.6
30960.9
30960.9
30960.9
30960.9
30960.9
30960.9
30960.9
30916.9
30916.9
30916.9
30916.9
30916.9
30916.9
30916.9
30887.6
30887.6
30887.6
30887.6
30887.6
30887.6
30887.6
30858.3
30858.3
30858.3
30858.3
30858.3
30858.3
30858.3
30858.3
30829.0
30829.0
30829.0
30829.0
30829.0
30829.0
30829.0
30814.4
30814.4
30814.4
30814.4
30814.4
30814.4
30814.4
30770.4
30770.4
30770.4
30770.4
30770.4
30770.4
30770.4
30741.1
30741.1
30741.1
30741.1
30741.1
30741.1
30741.1
30726.5
30726.5
30726.5
30726.5
30726.5
30726.5
30726.5
30682.5
30682.5
30682.5
30667.9
30667.9
30667.9
30667.9
30667.9
30667.9
30667.9
30638.6
30638.6
30638.6
30638.6
30638.6
30638.6
30638.6
30638.6
30579.9
30579.9
30579.9
30579.9
30579.9
30579.9
30579.9
30565.3
30565.3
30565.3
30565.3
30565.3
30565.3
30565.3
30521.3
30521.3
30521.3
30521.3
30521.3
30521.3
30521.3
30506.7
30506.7
30506.7
30506.7
30506.7
30506.7
30506.7
30477.4
30477.4
30477.4
30477.4
30477.4
30477.4
30477.4
30433.4
30433.4
30433.4
30433.4
30433.4
30433.4
30433.4
30418.8
30418.8
30418.8
30418.8
30418.8
30418.8
30418.8
30389.5
30389.5
30389.5
30389.5
30374.8
30374.8
30374.8
30374.8
30374.8
30374.8
30374.8
30330.8
30330.8
30330.8
30330.8
30330.8
30330.8
30330.8
30301.5
30301.5
30301.5
30301.5
30301.5
30301.5
30301.5
30272.2
30272.2
30272.2
30272.2
30272.2
30272.2
30272.2
30242.9
30242.9
30242.9
30242.9
30242.9
30242.9
30242.9
30242.9
30228.3
30228.3
30228.3
30228.3
30228.3
30228.3
30228.3
30184.3
30184.3
30184.3
30184.3
30184.3
30184.3
30184.3
30155.0
30155.0
30155.0
30155.0
30155.0
30155.0
30155.0
30140.4
30140.4
30140.4
30140.4
30140.4
30140.4
30140.4
30096.4
30096.4
30096.4
30096.4
30067.1
30067.1
30067.1
30067.1
30067.1
30067.1
30067.1
30052.4
30052.4
30052.4
30052.4
30052.4
30052.4
30052.4
30008.5
30008.5
30008.5
30008.5
30008.5
30008.5
30008.5
29993.8
29993.8
29993.8
29993.8
29993.8
29993.8
29993.8
29949.9
29949.9
29949.9
29949.9
29949.9
29949.9
29949.9
29949.9
29905.9
29905.9
29905.9
29905.9
29905.9
29905.9
29905.9
29891.3
29891.3
29891.3
29891.3
29891.3
29891.3
29891.3
29847.3
29847.3
29847.3
29847.3
29847.3
29847.3
29847.3
29832.7
29832.7
29832.7
29832.7
29832.7
29832.7
29832.7
29803.4
29803.4
29803.4
29803.4
29759.4
29759.4
29759.4
29759.4
29759.4
29759.4
29759.4
29744.7
29744.7
29744.7
29744.7
29744.7
29744.7
29744.7
29715.4
29715.4
29715.4
29715.4
29715.4
29715.4
29715.4
29715.4
29686.1
29686.1
29686.1
29686.1
29686.1
29686.1
29686.1
29656.8
29656.8
29656.8
29656.8
29656.8
29656.8
29656.8
29627.5
29627.5
29627.5
29627.5
29627.5
29627.5
29627.5
29598.2
29598.2
29598.2
29598.2
29598.2
29598.2
29598.2
29568.9
29568.9
29568.9
29568.9
29568.9
29568.9
29568.9
29568.9
29554.3
29554.3
29554.3
29554.3
29554.3
29554.3
29554.3
29510.3
29510.3
29510.3
29481.0
29481.0
29481.0
29481.0
29481.0
29481.0
29481.0
29481.0
29466.3
29466.3
29466.3
29466.3
29466.3
29466.3
29466.3
29422.4
29422.4
29422.4
29422.4
29422.4
29422.4
29422.4
29407.7
29407.7
29407.7
29407.7
29407.7
29407.7
29407.7
29363.8
29363.8
29363.8
29363.8
29363.8
29363.8
29363.8
29363.8
29319.8
29319.8
29319.8
29319.8
29319.8
29319.8
29319.8
29305.2
29305.2
29305.2
29305.2
29305.2
29305.2
29305.2
29261.2
29261.2
29261.2
29261.2
29261.2
29261.2
29261.2
29261.2
29246.6
29246.6
29246.6
29246.6
29246.6
29246.6
29246.6
29217.2
29217.2
29217.2
29217.2
29217.2
29217.2
29217.2
29173.3
29173.3
29173.3
29173.3
29158.6
29158.6
29158.6
29158.6
29158.6
29158.6
29158.6
29129.3
29129.3
29129.3
29129.3
29129.3
29129.3
29129.3
29100.0
29100.0
29100.0
29100.0
29100.0
29100.0
29100.0
29100.0
29070.7
29070.7
29070.7
29070.7
29070.7
29070.7
29070.7
29026.8
29026.8
29026.8
29026.8
29026.8
29026.8
29026.8
29012.1
29012.1
29012.1
29012.1
29012.1
29012.1
29012.1
28982.8
28982.8
28982.8
28982.8
28982.8
28982.8
28982.8
28982.8
28968.2
28968.2
28968.2
28968.2
28968.2
28968.2
28968.2
28924.2
28924.2
28924.2
28924.2
28924.2
28924.2
28924.2
28894.9
28894.9
28894.9
28894.9
28865.6
28865.6
28865.6
28865.6
28865.6
28865.6
28865.6
28836.3
28836.3
28836.3
28836.3
28836.3
28836.3
28836.3
28836.3
28821.6
28821.6
28821.6
28821.6
28821.6
28821.6
28821.6
28777.7
28777.7
28777.7
28777.7
28777.7
28777.7
28777.7
28748.4
28748.4
28748.4
28748.4
28748.4
28748.4
28748.4
28748.4
28733.7
28733.7
28733.7
28733.7
28733.7
28733.7
28733.7
28675.1
28675.1
28675.1
28675.1
28675.1
28675.1
28675.1
28660.5
28660.5
28660.5
28660.5
28660.5
28660.5
28660.5
28660.5
28631.1
28631.1
28631.1
28631.1
28631.1
28631.1
28631.1
28587.2
28587.2
28587.2
28587.2
28572.5
28572.5
28572.5
28572.5
28572.5
28572.5
28572.5
28543.2
28543.2
28543.2
28543.2
28543.2
28543.2
28543.2
28543.2
28513.9
28513.9
28513.9
28513.9
28513.9
28513.9
28513.9
28484.6
28484.6
28484.6
28484.6
28484.6
28484.6
28484.6
28440.7
28440.7
28440.7
28440.7
28440.7
28440.7
28440.7
28440.7
28426.0
28426.0
28426.0
28426.0
28426.0
28426.0
28426.0
28396.7
28396.7
28396.7
28396.7
28396.7
28396.7
28396.7
28396.7
28382.1
28382.1
28382.1
28382.1
28382.1
28382.1
28382.1
28338.1
28338.1
28338.1
28338.1
28338.1
28338.1
28338.1
28308.8
28308.8
28308.8
28308.8
28279.5
28279.5
28279.5
28279.5
28279.5
28279.5
28279.5
28250.2
28250.2
28250.2
28250.2
28250.2
28250.2
28250.2
28250.2
28235.5
28235.5
28235.5
28235.5
28235.5
28235.5
28235.5
28191.6
28191.6
28191.6
28191.6
28191.6
28191.6
28191.6
28191.6
28162.3
28162.3
28162.3
28162.3
28162.3
28162.3
28162.3
28147.6
28147.6
28147.6
28147.6
28147.6
28147.6
28147.6
28147.6
28103.7
28103.7
28103.7
28103.7
28103.7
28103.7
28103.7
28074.3
28074.3
28074.3
28074.3
28074.3
28074.3
28074.3
28045.0
28045.0
28045.0
28045.0
28045.0
28045.0
28045.0
28045.0
28001.1
28001.1
28001.1
28001.1
27986.4
27986.4
27986.4
27986.4
27986.4
27986.4
27986.4
27942.5
27942.5
27942.5
27942.5
27942.5
27942.5
27942.5
27927.8
27927.8
27927.8
27927.8
27927.8
27927.8
27927.8
27927.8
27898.5
27898.5
27898.5
27898.5
27898.5
27898.5
27898.5
27854.6
27854.6
27854.6
27854.6
27854.6
27854.6
27854.6
27854.6
27839.9
27839.9
27839.9
27839.9
27839.9
27839.9
27839.9
27810.6
27810.6
27810.6
27810.6
27810.6
27810.6
27810.6
27810.6
27781.3
27781.3
27781.3
27781.3
27781.3
27781.3
27781.3
27752.0
27752.0
27752.0
27752.0
27752.0
27752.0
27752.0
27752.0
27722.7
27722.7
27722.7
27722.7
27693.4
27693.4
27693.4
27693.4
27693.4
27693.4
27693.4
27664.1
27664.1
27664.1
27664.1
27664.1
27664.1
27664.1
27664.1
27649.4
27649.4
27649.4
27649.4
27649.4
27649.4
27649.4
27605.5
27605.5
27605.5
27605.5
27605.5
27605.5
27605.5
27605.5
27576.2
27576.2
27576.2
27576.2
27576.2
27576.2
27576.2
27561.5
27561.5
27561.5
27561.5
27561.5
27561.5
27561.5
27561.5
27517.6
27517.6
27517.6
27517.6
27517.6
27517.6
27517.6
27488.2
27488.2
27488.2
27488.2
27488.2
27488.2
27488.2
27488.2
27444.3
27444.3
27444.3
27444.3
27444.3
27444.3
27444.3
27415.0
27415.0
27415.0
27415.0
27400.3
27400.3
27400.3
27400.3
27400.3
27400.3
27400.3
27356.4
27356.4
27356.4
27356.4
27356.4
27356.4
27356.4
27356.4
27327.1
27327.1
27327.1
27327.1
27327.1
27327.1
27327.1
27327.1
27312.4
27312.4
27312.4
27312.4
27312.4
27312.4
27312.4
27268.5
27268.5
27268.5
27268.5
27268.5
27268.5
27268.5
27268.5
27253.8
27253.8
27253.8
27253.8
27253.8
27253.8
27253.8
27224.5
27224.5
27224.5
27224.5
27224.5
27224.5
27224.5
27224.5
27180.5
27180.5
27180.5
27180.5
27180.5
27180.5
27180.5
27165.9
27165.9
27165.9
27165.9
27165.9
27165.9
27165.9
27165.9
27136.6
27136.6
27136.6
27136.6
27107.3
27107.3
27107.3
27107.3
27107.3
27107.3
27107.3
27078.0
27078.0
27078.0
27078.0
27078.0
27078.0
27078.0
27078.0
27034.0
27034.0
27034.0
27034.0
27034.0
27034.0
27034.0
27019.4
27019.4
27019.4
27019.4
27019.4
27019.4
27019.4
27019.4
26990.1
26990.1
26990.1
26990.1
26990.1
26990.1
26990.1
26990.1
26975.4
26975.4
26975.4
26975.4
26975.4
26975.4
26975.4
26931.4
26931.4
26931.4
26931.4
26931.4
26931.4
26931.4
26931.4
26902.1
26902.1
26902.1
26902.1
26902.1
26902.1
26902.1
26872.8
26872.8
26872.8
26872.8
26872.8
26872.8
26872.8
26872.8
26828.9
26828.9
26828.9
26828.9
26814.2
26814.2
26814.2
26814.2
26814.2
26814.2
26814.2
26814.2
26770.3
26770.3
26770.3
26770.3
26770.3
26770.3
26770.3
26741.0
26741.0
26741.0
26741.0
26741.0
26741.0
26741.0
26741.0
26726.3
26726.3
26726.3
26726.3
26726.3
26726.3
26726.3
26682.4
26682.4
26682.4
26682.4
26682.4
26682.4
26682.4
26682.4
26667.7
26667.7
26667.7
26667.7
26667.7
26667.7
26667.7
26667.7
26638.4
26638.4
26638.4
26638.4
26638.4
26638.4
26638.4
26594.4
26594.4
26594.4
26594.4
26594.4
26594.4
26594.4
26594.4
26579.8
26579.8
26579.8
26579.8
26579.8
26579.8
26579.8
26579.8
26550.5
26550.5
26550.5
26550.5
26521.2
26521.2
26521.2
26521.2
26521.2
26521.2
26521.2
26491.9
26491.9
26491.9
26491.9
26491.9
26491.9
26491.9
26491.9
26447.9
26447.9
26447.9
26447.9
26447.9
26447.9
26447.9
26447.9
26433.3
26433.3
26433.3
26433.3
26433.3
26433.3
26433.3
26404.0
26404.0
26404.0
26404.0
26404.0
26404.0
26404.0
26404.0
26389.3
26389.3
26389.3
26389.3
26389.3
26389.3
26389.3
26389.3
26345.3
26345.3
26345.3
26345.3
26345.3
26345.3
26345.3
26316.0
26316.0
26316.0
26316.0
26316.0
26316.0
26316.0
26316.0
26286.7
26286.7
26286.7
26286.7
26286.7
26286.7
26286.7
26286.7
26257.4
26257.4
26257.4
26257.4
26242.8
26242.8
26242.8
26242.8
26242.8
26242.8
26242.8
26184.2
26184.2
26184.2
26184.2
26184.2
26184.2
26184.2
26184.2
26154.9
26154.9
26154.9
26154.9
26154.9
26154.9
26154.9
26154.9
26140.2
26140.2
26140.2
26140.2
26140.2
26140.2
26140.2
26096.2
26096.2
26096.2
26096.2
26096.2
26096.2
26096.2
26096.2
26081.6
26081.6
26081.6
26081.6
26081.6
26081.6
26081.6
26081.6
26052.3
26052.3
26052.3
26052.3
26052.3
26052.3
26052.3
26052.3
26008.3
26008.3
26008.3
26008.3
26008.3
26008.3
26008.3
25993.7
25993.7
25993.7
25993.7
25993.7
25993.7
25993.7
25993.7
25949.7
25949.7
25949.7
25949.7
25935.1
25935.1
25935.1
25935.1
25935.1
25935.1
25935.1
25935.1
25905.8
25905.8
25905.8
25905.8
25905.8
25905.8
25905.8
25905.8
25861.8
25861.8
25861.8
25861.8
25861.8
25861.8
25861.8
25847.2
25847.2
25847.2
25847.2
25847.2
25847.2
25847.2
25847.2
25817.9
25817.9
25817.9
25817.9
25817.9
25817.9
25817.9
25817.9
25788.5
25788.5
25788.5
25788.5
25788.5
25788.5
25788.5
25788.5
25759.2
25759.2
25759.2
25759.2
25759.2
25759.2
25759.2
25729.9
25729.9
25729.9
25729.9
25729.9
25729.9
25729.9
25729.9
25700.6
25700.6
25700.6
25700.6
25700.6
25700.6
25700.6
25700.6
25671.3
25671.3
25671.3
25671.3
25656.7
25656.7
25656.7
25656.7
25656.7
25656.7
25656.7
25656.7
25612.7
25612.7
25612.7
25612.7
25612.7
25612.7
25612.7
25612.7
25568.8
25568.8
25568.8
25568.8
25568.8
25568.8
25568.8
25554.1
25554.1
25554.1
25554.1
25554.1
25554.1
25554.1
25554.1
25510.1
25510.1
25510.1
25510.1
25510.1
25510.1
25510.1
25510.1
25495.5
25495.5
25495.5
25495.5
25495.5
25495.5
25495.5
25495.5
25451.5
25451.5
25451.5
25451.5
25451.5
25451.5
25451.5
25451.5
25422.2
25422.2
25422.2
25422.2
25422.2
25422.2
25422.2
25422.2
25407.6
25407.6
25407.6
25407.6
25407.6
25407.6
25407.6
25363.6
25363.6
25363.6
25363.6
25349.0
25349.0
25349.0
25349.0
25349.0
25349.0
25349.0
25349.0
25319.7
25319.7
25319.7
25319.7
25319.7
25319.7
25319.7
25319.7
25275.7
25275.7
25275.7
25275.7
25275.7
25275.7
25275.7
25275.7
25261.1
25261.1
25261.1
25261.1
25261.1
25261.1
25261.1
25261.1
25231.7
25231.7
25231.7
25231.7
25231.7
25231.7
25231.7
25231.7
25202.4
25202.4
25202.4
25202.4
25202.4
25202.4
25202.4
25173.1
25173.1
25173.1
25173.1
25173.1
25173.1
25173.1
25173.1
25143.8
25143.8
25143.8
25143.8
25143.8
25143.8
25143.8
25143.8
25114.5
25114.5
25114.5
25114.5
25114.5
25114.5
25114.5
25114.5
25085.2
25085.2
25085.2
25085.2
25070.6
25070.6
25070.6
25070.6
25070.6
25070.6
25070.6
25070.6
25026.6
25026.6
25026.6
25026.6
25026.6
25026.6
25026.6
25026.6
24997.3
24997.3
24997.3
24997.3
24997.3
24997.3
24997.3
24997.3
24982.7
24982.7
24982.7
24982.7
24982.7
24982.7
24982.7
24982.7
24924.0
24924.0
24924.0
24924.0
24924.0
24924.0
24924.0
24924.0
24894.7
24894.7
24894.7
24894.7
24894.7
24894.7
24894.7
24894.7
24865.4
24865.4
24865.4
24865.4
24865.4
24865.4
24865.4
24836.1
24836.1
24836.1
24836.1
24836.1
24836.1
24836.1
24836.1
24821.5
24821.5
24821.5
24821.5
24821.5
24821.5
24821.5
24821.5
24777.5
24777.5
24777.5
24777.5
24748.2
24748.2
24748.2
24748.2
24748.2
24748.2
24748.2
24748.2
24733.6
24733.6
24733.6
24733.6
24733.6
24733.6
24733.6
24733.6
24689.6
24689.6
24689.6
24689.6
24689.6
24689.6
24689.6
24689.6
24674.9
24674.9
24674.9
24674.9
24674.9
24674.9
24674.9
24674.9
24645.6
24645.6
24645.6
24645.6
24645.6
24645.6
24645.6
24645.6
24601.7
24601.7
24601.7
24601.7
24601.7
24601.7
24601.7
24601.7
24587.0
24587.0
24587.0
24587.0
24587.0
24587.0
24587.0
24587.0
24543.1
24543.1
24543.1
24543.1
24543.1
24543.1
24543.1
24543.1
24528.4
24528.4
24528.4
24528.4
24528.4
24528.4
24528.4
24528.4
24499.1
24499.1
24499.1
24499.1
24455.2
24455.2
24455.2
24455.2
24455.2
24455.2
24455.2
24455.2
24440.5
24440.5
24440.5
24440.5
24440.5
24440.5
24440.5
24440.5
24411.2
24411.2
24411.2
24411.2
24411.2
24411.2
24411.2
24411.2
24381.9
24381.9
24381.9
24381.9
24381.9
24381.9
24381.9
24381.9
24352.6
24352.6
24352.6
24352.6
24352.6
24352.6
24352.6
24352.6
24308.6
24308.6
24308.6
24308.6
24308.6
24308.6
24308.6
24308.6
24279.3
24279.3
24279.3
24279.3
24279.3
24279.3
24279.3
24279.3
24250.0
24250.0
24250.0
24250.0
24250.0
24250.0
24250.0
24250.0
24235.4
24235.4
24235.4
24235.4
24235.4
24235.4
24235.4
24235.4
24191.4
24191.4
24191.4
24191.4
24162.1
24162.1
24162.1
24162.1
24162.1
24162.1
24162.1
24162.1
24147.5
24147.5
24147.5
24147.5
24147.5
24147.5
24147.5
24147.5
24103.5
24103.5
24103.5
24103.5
24103.5
24103.5
24103.5
24103.5
24088.8
24088.8
24088.8
24088.8
24088.8
24088.8
24088.8
24088.8
24044.9
24044.9
24044.9
24044.9
24044.9
24044.9
24044.9
24044.9
24015.6
24015.6
24015.6
24015.6
24015.6
24015.6
24015.6
24015.6
24015.6
24000.9
24000.9
24000.9
24000.9
24000.9
24000.9
24000.9
24000.9
23957.0
23957.0
23957.0
23957.0
23957.0
23957.0
23957.0
23957.0
23942.3
23942.3
23942.3
23942.3
23942.3
23942.3
23942.3
23942.3
23913.0
23913.0
23913.0
23913.0
23869.1
23869.1
23869.1
23869.1
23869.1
23869.1
23869.1
23869.1
23854.4
23854.4
23854.4
23854.4
23854.4
23854.4
23854.4
23854.4
23825.1
23825.1
23825.1
23825.1
23825.1
23825.1
23825.1
23825.1
23795.8
23795.8
23795.8
23795.8
23795.8
23795.8
23795.8
23795.8
23766.5
23766.5
23766.5
23766.5
23766.5
23766.5
23766.5
23766.5
23737.2
23737.2
23737.2
23737.2
23737.2
23737.2
23737.2
23737.2
23693.2
23693.2
23693.2
23693.2
23693.2
23693.2
23693.2
23693.2
23693.2
23663.9
23663.9
23663.9
23663.9
23663.9
23663.9
23663.9
23663.9
23649.3
23649.3
23649.3
23649.3
23649.3
23649.3
23649.3
23649.3
23605.3
23605.3
23605.3
23605.3
23576.0
23576.0
23576.0
23576.0
23576.0
23576.0
23576.0
23576.0
23561.4
23561.4
23561.4
23561.4
23561.4
23561.4
23561.4
23561.4
23517.4
23517.4
23517.4
23517.4
23517.4
23517.4
23517.4
23517.4
23502.7
23502.7
23502.7
23502.7
23502.7
23502.7
23502.7
23502.7
23502.7
23458.8
23458.8
23458.8
23458.8
23458.8
23458.8
23458.8
23458.8
23429.5
23429.5
23429.5
23429.5
23429.5
23429.5
23429.5
23429.5
23414.8
23414.8
23414.8
23414.8
23414.8
23414.8
23414.8
23414.8
23370.9
23370.9
23370.9
23370.9
23370.9
23370.9
23370.9
23370.9
23356.2
23356.2
23356.2
23356.2
23356.2
23356.2
23356.2
23356.2
23326.9
23326.9
23326.9
23326.9
23326.9
23326.9
23326.9
23326.9
23326.9
23283.0
23283.0
23283.0
23283.0
23268.3
23268.3
23268.3
23268.3
23268.3
23268.3
23268.3
23268.3
23239.0
23239.0
23239.0
23239.0
23239.0
23239.0
23239.0
23239.0
23209.7
23209.7
23209.7
23209.7
23209.7
23209.7
23209.7
23209.7
23180.4
23180.4
23180.4
23180.4
23180.4
23180.4
23180.4
23180.4
23180.4
23136.4
23136.4
23136.4
23136.4
23136.4
23136.4
23136.4
23136.4
23121.8
23121.8
23121.8
23121.8
23121.8
23121.8
23121.8
23121.8
23077.8
23077.8
23077.8
23077.8
23077.8
23077.8
23077.8
23077.8
23063.2
23063.2
23063.2
23063.2
23063.2
23063.2
23063.2
23063.2
23019.2
23019.2
23019.2
23019.2
23019.2
23019.2
23019.2
23019.2
23019.2
22989.9
22989.9
22989.9
22989.9
22975.2
22975.2
22975.2
22975.2
22975.2
22975.2
22975.2
22975.2
22931.3
22931.3
22931.3
22931.3
22931.3
22931.3
22931.3
22931.3
22916.6
22916.6
22916.6
22916.6
22916.6
22916.6
22916.6
22916.6
22916.6
22872.7
22872.7
22872.7
22872.7
22872.7
22872.7
22872.7
22872.7
22843.4
22843.4
22843.4
22843.4
22843.4
22843.4
22843.4
22843.4
22828.7
22828.7
22828.7
22828.7
22828.7
22828.7
22828.7
22828.7
22784.8
22784.8
22784.8
22784.8
22784.8
22784.8
22784.8
22784.8
22784.8
22770.1
22770.1
22770.1
22770.1
22770.1
22770.1
22770.1
22770.1
22740.8
22740.8
22740.8
22740.8
22740.8
22740.8
22740.8
22740.8
22696.9
22696.9
22696.9
22696.9
22682.2
22682.2
22682.2
22682.2
22682.2
22682.2
22682.2
22682.2
22682.2
22652.9
22652.9
22652.9
22652.9
22652.9
22652.9
22652.9
22652.9
22623.6
22623.6
22623.6
22623.6
22623.6
22623.6
22623.6
22623.6
22594.3
22594.3
22594.3
22594.3
22594.3
22594.3
22594.3
22594.3
22594.3
22550.3
22550.3
22550.3
22550.3
22550.3
22550.3
22550.3
22550.3
22535.7
22535.7
22535.7
22535.7
22535.7
22535.7
22535.7
22535.7
22506.4
22506.4
22506.4
22506.4
22506.4
22506.4
22506.4
22506.4
22506.4
22491.7
22491.7
22491.7
22491.7
22491.7
22491.7
22491.7
22491.7
22433.1
22433.1
22433.1
22433.1
22433.1
22433.1
22433.1
22433.1
22403.8
22403.8
22403.8
22403.8
22403.8
22374.5
22374.5
22374.5
22374.5
22374.5
22374.5
22374.5
22374.5
22345.2
22345.2
22345.2
22345.2
22345.2
22345.2
22345.2
22345.2
22315.9
22315.9
22315.9
22315.9
22315.9
22315.9
22315.9
22315.9
22315.9
22286.6
22286.6
22286.6
22286.6
22286.6
22286.6
22286.6
22286.6
22257.3
22257.3
22257.3
22257.3
22257.3
22257.3
22257.3
22257.3
22242.6
22242.6
22242.6
22242.6
22242.6
22242.6
22242.6
22242.6
22242.6
22198.7
22198.7
22198.7
22198.7
22198.7
22198.7
22198.7
22198.7
22169.4
22169.4
22169.4
22169.4
22169.4
22169.4
22169.4
22169.4
22169.4
22154.7
22154.7
22154.7
22154.7
22154.7
22154.7
22154.7
22154.7
22110.7
22110.7
22110.7
22110.7
22096.1
22096.1
22096.1
22096.1
22096.1
22096.1
22096.1
22096.1
22096.1
22066.8
22066.8
22066.8
22066.8
22066.8
22066.8
22066.8
22066.8
22022.8
22022.8
22022.8
22022.8
22022.8
22022.8
22022.8
22022.8
22008.2
22008.2
22008.2
22008.2
22008.2
22008.2
22008.2
22008.2
22008.2
21964.2
21964.2
21964.2
21964.2
21964.2
21964.2
21964.2
21964.2
21949.6
21949.6
21949.6
21949.6
21949.6
21949.6
21949.6
21949.6
21949.6
21920.3
21920.3
21920.3
21920.3
21920.3
21920.3
21920.3
21920.3
21876.3
21876.3
21876.3
21876.3
21876.3
21876.3
21876.3
21876.3
21876.3
21861.7
21861.7
21861.7
21861.7
21861.7
21861.7
21861.7
21861.7
21817.7
21817.7
21817.7
21817.7
21788.4
21788.4
21788.4
21788.4
21788.4
21788.4
21788.4
21788.4
21788.4
21759.1
21759.1
21759.1
21759.1
21759.1
21759.1
21759.1
21759.1
21729.8
21729.8
21729.8
21729.8
21729.8
21729.8
21729.8
21729.8
21729.8
21700.5
21700.5
21700.5
21700.5
21700.5
21700.5
21700.5
21700.5
21671.2
21671.2
21671.2
21671.2
21671.2
21671.2
21671.2
21671.2
21671.2
21656.5
21656.5
21656.5
21656.5
21656.5
21656.5
21656.5
21656.5
21612.6
21612.6
21612.6
21612.6
21612.6
21612.6
21612.6
21612.6
21612.6
21583.3
21583.3
21583.3
21583.3
21583.3
21583.3
21583.3
21583.3
21568.6
21568.6
21568.6
21568.6
21568.6
21568.6
21568.6
21568.6
21568.6
21524.6
21524.6
21524.6
21524.6
21510.0
21510.0
21510.0
21510.0
21510.0
21510.0
21510.0
21510.0
21466.0
21466.0
21466.0
21466.0
21466.0
21466.0
21466.0
21466.0
21466.0
21436.7
21436.7
21436.7
21436.7
21436.7
21436.7
21436.7
21436.7
21436.7
21422.1
21422.1
21422.1
21422.1
21422.1
21422.1
21422.1
21422.1
21378.1
21378.1
21378.1
21378.1
21378.1
21378.1
21378.1
21378.1
21378.1
21363.5
21363.5
21363.5
21363.5
21363.5
21363.5
21363.5
21363.5
21334.2
21334.2
21334.2
21334.2
21334.2
21334.2
21334.2
21334.2
21334.2
21290.2
21290.2
21290.2
21290.2
21290.2
21290.2
21290.2
21290.2
21275.5
21275.5
21275.5
21275.5
21275.5
21275.5
21275.5
21275.5
21275.5
21246.2
21246.2
21246.2
21246.2
21202.3
21202.3
21202.3
21202.3
21202.3
21202.3
21202.3
21202.3
21202.3
21173.0
21173.0
21173.0
21173.0
21173.0
21173.0
21173.0
21173.0
21129.0
21129.0
21129.0
21129.0
21129.0
21129.0
21129.0
21129.0
21129.0
21114.4
21114.4
21114.4
21114.4
21114.4
21114.4
21114.4
21114.4
21114.4
21085.1
21085.1
21085.1
21085.1
21085.1
21085.1
21085.1
21085.1
21070.4
21070.4
21070.4
21070.4
21070.4
21070.4
21070.4
21070.4
21070.4
21026.5
21026.5
21026.5
21026.5
21026.5
21026.5
21026.5
21026.5
20997.2
20997.2
20997.2
20997.2
20997.2
20997.2
20997.2
20997.2
20997.2
20967.8
20967.8
20967.8
20967.8
20967.8
20967.8
20967.8
20967.8
20967.8
20938.5
20938.5
20938.5
20938.5
20923.9
20923.9
20923.9
20923.9
20923.9
20923.9
20923.9
20923.9
20923.9
20879.9
20879.9
20879.9
20879.9
20879.9
20879.9
20879.9
20879.9
20850.6
20850.6
20850.6
20850.6
20850.6
20850.6
20850.6
20850.6
20850.6
20836.0
20836.0
20836.0
20836.0
20836.0
20836.0
20836.0
20836.0
20792.0
20792.0
20792.0
20792.0
20792.0
20792.0
20792.0
20792.0
20792.0
20777.4
20777.4
20777.4
20777.4
20777.4
20777.4
20777.4
20777.4
20777.4
20748.1
20748.1
20748.1
20748.1
20748.1
20748.1
20748.1
20748.1
20704.1
20704.1
20704.1
20704.1
20704.1
20704.1
20704.1
20704.1
20704.1
20689.4
20689.4
20689.4
20689.4
20689.4
20689.4
20689.4
20689.4
20689.4
20660.1
20660.1
20660.1
20660.1
20630.8
20630.8
20630.8
20630.8
20630.8
20630.8
20630.8
20630.8
20630.8
20601.5
20601.5
20601.5
20601.5
20601.5
20601.5
20601.5
20601.5
20601.5
20542.9
20542.9
20542.9
20542.9
20542.9
20542.9
20542.9
20542.9
20528.3
20528.3
20528.3
20528.3
20528.3
20528.3
20528.3
20528.3
20528.3
20499.0
20499.0
20499.0
20499.0
20499.0
20499.0
20499.0
20499.0
20499.0
20484.3
20484.3
20484.3
20484.3
20484.3
20484.3
20484.3
20484.3
20440.4
20440.4
20440.4
20440.4
20440.4
20440.4
20440.4
20440.4
20440.4
20411.0
20411.0
20411.0
20411.0
20411.0
20411.0
20411.0
20411.0
20411.0
20381.7
20381.7
20381.7
20381.7
20381.7
20381.7
20381.7
20381.7
20381.7
20352.4
20352.4
20352.4
20352.4
20337.8
20337.8
20337.8
20337.8
20337.8
20337.8
20337.8
20337.8
20337.8
20293.8
20293.8
20293.8
20293.8
20293.8
20293.8
20293.8
20293.8
20264.5
20264.5
20264.5
20264.5
20264.5
20264.5
20264.5
20264.5
20264.5
20249.9
20249.9
20249.9
20249.9
20249.9
20249.9
20249.9
20249.9
20249.9
20205.9
20205.9
20205.9
20205.9
20205.9
20205.9
20205.9
20205.9
20205.9
20191.3
20191.3
20191.3
20191.3
20191.3
20191.3
20191.3
20191.3
20162.0
20162.0
20162.0
20162.0
20162.0
20162.0
20162.0
20162.0
20162.0
20118.0
20118.0
20118.0
20118.0
20118.0
20118.0
20118.0
20118.0
20118.0
20103.3
20103.3
20103.3
20103.3
20103.3
20103.3
20103.3
20103.3
20103.3
20059.4
20059.4
20059.4
20059.4
20044.7
20044.7
20044.7
20044.7
20044.7
20044.7
20044.7
20044.7
20044.7
20015.4
20015.4
20015.4
20015.4
20015.4
20015.4
20015.4
20015.4
20015.4
19971.5
19971.5
19971.5
19971.5
19971.5
19971.5
19971.5
19971.5
19971.5
19942.2
19942.2
19942.2
19942.2
19942.2
19942.2
19942.2
19942.2
19942.2
19912.9
19912.9
19912.9
19912.9
19912.9
19912.9
19912.9
19912.9
19883.6
19883.6
19883.6
19883.6
19883.6
19883.6
19883.6
19883.6
19883.6
19854.2
19854.2
19854.2
19854.2
19854.2
19854.2
19854.2
19854.2
19854.2
19824.9
19824.9
19824.9
19824.9
19824.9
19824.9
19824.9
19824.9
19824.9
19795.6
19795.6
19795.6
19795.6
19795.6
19795.6
19795.6
19795.6
19795.6
19766.3
19766.3
19766.3
19766.3
19722.4
19722.4
19722.4
19722.4
19722.4
19722.4
19722.4
19722.4
19722.4
19707.7
19707.7
19707.7
19707.7
19707.7
19707.7
19707.7
19707.7
19707.7
19678.4
19678.4
19678.4
19678.4
19678.4
19678.4
19678.4
19678.4
19678.4
19663.8
19663.8
19663.8
19663.8
19663.8
19663.8
19663.8
19663.8
19663.8
19619.8
19619.8
19619.8
19619.8
19619.8
19619.8
19619.8
19619.8
19619.8
19590.5
19590.5
19590.5
19590.5
19590.5
19590.5
19590.5
19590.5
19561.2
19561.2
19561.2
19561.2
19561.2
19561.2
19561.2
19561.2
19561.2
19531.9
19531.9
19531.9
19531.9
19531.9
19531.9
19531.9
19531.9
19531.9
19517.2
19517.2
19517.2
19517.2
19517.2
19517.2
19517.2
19517.2
19517.2
19473.3
19473.3
19473.3
19473.3
19473.3
19444.0
19444.0
19444.0
19444.0
19444.0
19444.0
19444.0
19444.0
19444.0
19429.3
19429.3
19429.3
19429.3
19429.3
19429.3
19429.3
19429.3
19429.3
19385.4
19385.4
19385.4
19385.4
19385.4
19385.4
19385.4
19385.4
19370.7
19370.7
19370.7
19370.7
19370.7
19370.7
19370.7
19370.7
19370.7
19326.8
19326.8
19326.8
19326.8
19326.8
19326.8
19326.8
19326.8
19326.8
19282.8
19282.8
19282.8
19282.8
19282.8
19282.8
19282.8
19282.8
19282.8
19268.1
19268.1
19268.1
19268.1
19268.1
19268.1
19268.1
19268.1
19268.1
19238.8
19238.8
19238.8
19238.8
19238.8
19238.8
19238.8
19238.8
19238.8
19209.5
19209.5
19209.5
19209.5
19209.5
19209.5
19209.5
19209.5
19209.5
19180.2
19180.2
19180.2
19180.2
19180.2
19136.3
19136.3
19136.3
19136.3
19136.3
19136.3
19136.3
19136.3
19136.3
19121.6
19121.6
19121.6
19121.6
19121.6
19121.6
19121.6
19121.6
19121.6
19092.3
19092.3
19092.3
19092.3
19092.3
19092.3
19092.3
19092.3
19092.3
19077.7
19077.7
19077.7
19077.7
19077.7
19077.7
19077.7
19077.7
19077.7
19033.7
19033.7
19033.7
19033.7
19033.7
19033.7
19033.7
19033.7
19033.7
19004.4
19004.4
19004.4
19004.4
19004.4
19004.4
19004.4
19004.4
19004.4
18975.1
18975.1
18975.1
18975.1
18975.1
18975.1
18975.1
18975.1
18975.1
18945.8
18945.8
18945.8
18945.8
18945.8
18945.8
18945.8
18945.8
18945.8
18931.1
18931.1
18931.1
18931.1
18931.1
18931.1
18931.1
18931.1
18931.1
18887.2
18887.2
18887.2
18887.2
18857.9
18857.9
18857.9
18857.9
18857.9
18857.9
18857.9
18857.9
18857.9
18843.2
18843.2
18843.2
18843.2
18843.2
18843.2
18843.2
18843.2
18843.2
18799.3
18799.3
18799.3
18799.3
18799.3
18799.3
18799.3
18799.3
18799.3
18799.3
18784.6
18784.6
18784.6
18784.6
18784.6
18784.6
18784.6
18784.6
18784.6
18755.3
18755.3
18755.3
18755.3
18755.3
18755.3
18755.3
18755.3
18755.3
18696.7
18696.7
18696.7
18696.7
18696.7
18696.7
18696.7
18696.7
18696.7
18682.0
18682.0
18682.0
18682.0
18682.0
18682.0
18682.0
18682.0
18682.0
18652.7
18652.7
18652.7
18652.7
18652.7
18652.7
18652.7
18652.7
18652.7
18623.4
18623.4
18623.4
18623.4
18623.4
18623.4
18623.4
18623.4
18623.4
18594.1
18594.1
18594.1
18594.1
18594.1
18550.2
18550.2
18550.2
18550.2
18550.2
18550.2
18550.2
18550.2
18550.2
18535.5
18535.5
18535.5
18535.5
18535.5
18535.5
18535.5
18535.5
18535.5
18506.2
18506.2
18506.2
18506.2
18506.2
18506.2
18506.2
18506.2
18506.2
18491.6
18491.6
18491.6
18491.6
18491.6
18491.6
18491.6
18491.6
18491.6
18447.6
18447.6
18447.6
18447.6
18447.6
18447.6
18447.6
18447.6
18447.6
18418.3
18418.3
18418.3
18418.3
18418.3
18418.3
18418.3
18418.3
18418.3
18389.0
18389.0
18389.0
18389.0
18389.0
18389.0
18389.0
18389.0
18389.0
18389.0
18359.7
18359.7
18359.7
18359.7
18359.7
18359.7
18359.7
18359.7
18359.7
18345.0
18345.0
18345.0
18345.0
18345.0
18345.0
18345.0
18345.0
18345.0
18301.1
18301.1
18301.1
18301.1
18271.8
18271.8
18271.8
18271.8
18271.8
18271.8
18271.8
18271.8
18271.8
18271.8
18257.1
18257.1
18257.1
18257.1
18257.1
18257.1
18257.1
18257.1
18257.1
18213.2
18213.2
18213.2
18213.2
18213.2
18213.2
18213.2
18213.2
18213.2
18198.5
18198.5
18198.5
18198.5
18198.5
18198.5
18198.5
18198.5
18198.5
18169.2
18169.2
18169.2
18169.2
18169.2
18169.2
18169.2
18169.2
18169.2
18125.2
18125.2
18125.2
18125.2
18125.2
18125.2
18125.2
18125.2
18125.2
18125.2
18110.6
18110.6
18110.6
18110.6
18110.6
18110.6
18110.6
18110.6
18110.6
18052.0
18052.0
18052.0
18052.0
18052.0
18052.0
18052.0
18052.0
18052.0
18037.3
18037.3
18037.3
18037.3
18037.3
18037.3
18037.3
18037.3
18037.3
18008.0
18008.0
18008.0
18008.0
18008.0
17964.1
17964.1
17964.1
17964.1
17964.1
17964.1
17964.1
17964.1
17964.1
17949.4
17949.4
17949.4
17949.4
17949.4
17949.4
17949.4
17949.4
17949.4
17920.1
17920.1
17920.1
17920.1
17920.1
17920.1
17920.1
17920.1
17920.1
17920.1
17890.8
17890.8
17890.8
17890.8
17890.8
17890.8
17890.8
17890.8
17890.8
17861.5
17861.5
17861.5
17861.5
17861.5
17861.5
17861.5
17861.5
17861.5
17832.2
17832.2
17832.2
17832.2
17832.2
17832.2
17832.2
17832.2
17832.2
17802.9
17802.9
17802.9
17802.9
17802.9
17802.9
17802.9
17802.9
17802.9
17802.9
17773.6
17773.6
17773.6
17773.6
17773.6
17773.6
17773.6
17773.6
17773.6
17758.9
17758.9
17758.9
17758.9
17758.9
17758.9
17758.9
17758.9
17758.9
17715.0
17715.0
17715.0
17715.0
17715.0
17715.0
17715.0
17715.0
17715.0
17715.0
17685.7
17685.7
17685.7
17685.7
17671.0
17671.0
17671.0
17671.0
17671.0
17671.0
17671.0
17671.0
17671.0
17671.0
17627.1
17627.1
17627.1
17627.1
17627.1
17627.1
17627.1
17627.1
17627.1
17612.4
17612.4
17612.4
17612.4
17612.4
17612.4
17612.4
17612.4
17612.4
17568.4
17568.4
17568.4
17568.4
17568.4
17568.4
17568.4
17568.4
17568.4
17568.4
17539.1
17539.1
17539.1
17539.1
17539.1
17539.1
17539.1
17539.1
17539.1
17524.5
17524.5
17524.5
17524.5
17524.5
17524.5
17524.5
17524.5
17524.5
17480.5
17480.5
17480.5
17480.5
17480.5
17480.5
17480.5
17480.5
17480.5
17480.5
17451.2
17451.2
17451.2
17451.2
17451.2
17451.2
17451.2
17451.2
17451.2
17421.9
17421.9
17421.9
17421.9
17421.9
17421.9
17421.9
17421.9
17421.9
17378.0
17378.0
17378.0
17378.0
17378.0
17363.3
17363.3
17363.3
17363.3
17363.3
17363.3
17363.3
17363.3
17363.3
17334.0
17334.0
17334.0
17334.0
17334.0
17334.0
17334.0
17334.0
17334.0
17334.0
17304.7
17304.7
17304.7
17304.7
17304.7
17304.7
17304.7
17304.7
17304.7
17275.4
17275.4
17275.4
17275.4
17275.4
17275.4
17275.4
17275.4
17275.4
17275.4
17246.1
17246.1
17246.1
17246.1
17246.1
17246.1
17246.1
17246.1
17246.1
17216.8
17216.8
17216.8
17216.8
17216.8
17216.8
17216.8
17216.8
17216.8
17187.5
17187.5
17187.5
17187.5
17187.5
17187.5
17187.5
17187.5
17187.5
17187.5
17143.5
17143.5
17143.5
17143.5
17143.5
17143.5
17143.5
17143.5
17143.5
17128.9
17128.9
17128.9
17128.9
17128.9
17128.9
17128.9
17128.9
17128.9
17128.9
17099.6
17099.6
17099.6
17099.6
17084.9
17084.9
17084.9
17084.9
17084.9
17084.9
17084.9
17084.9
17084.9
17084.9
17041.0
17041.0
17041.0
17041.0
17041.0
17041.0
17041.0
17041.0
17041.0
17011.6
17011.6
17011.6
17011.6
17011.6
17011.6
17011.6
17011.6
17011.6
17011.6
16982.3
16982.3
16982.3
16982.3
16982.3
16982.3
16982.3
16982.3
16982.3
16953.0
16953.0
16953.0
16953.0
16953.0
16953.0
16953.0
16953.0
16953.0
16953.0
16938.4
16938.4
16938.4
16938.4
16938.4
16938.4
16938.4
16938.4
16938.4
16894.4
16894.4
16894.4
16894.4
16894.4
16894.4
16894.4
16894.4
16894.4
16894.4
16865.1
16865.1
16865.1
16865.1
16865.1
16865.1
16865.1
16865.1
16865.1
16850.5
16850.5
16850.5
16850.5
16850.5
16850.5
16850.5
16850.5
16850.5
16850.5
16791.9
16791.9
16791.9
16791.9
16777.2
16777.2
16777.2
16777.2
16777.2
16777.2
16777.2
16777.2
16777.2
16777.2
16747.9
16747.9
16747.9
16747.9
16747.9
16747.9
16747.9
16747.9
16747.9
16703.9
16703.9
16703.9
16703.9
16703.9
16703.9
16703.9
16703.9
16703.9
16703.9
16689.3
16689.3
16689.3
16689.3
16689.3
16689.3
16689.3
16689.3
16689.3
16689.3
16645.3
16645.3
16645.3
16645.3
16645.3
16645.3
16645.3
16645.3
16645.3
16630.7
16630.7
16630.7
16630.7
16630.7
16630.7
16630.7
16630.7
16630.7
16630.7
16601.4
16601.4
16601.4
16601.4
16601.4
16601.4
16601.4
16601.4
16601.4
16557.4
16557.4
16557.4
16557.4
16557.4
16557.4
16557.4
16557.4
16557.4
16557.4
16542.8
16542.8
16542.8
16542.8
16542.8
16542.8
16542.8
16542.8
16542.8
16513.5
16513.5
16513.5
16513.5
16513.5
16484.2
16484.2
16484.2
16484.2
16484.2
16484.2
16484.2
16484.2
16484.2
16484.2
16454.9
16454.9
16454.9
16454.9
16454.9
16454.9
16454.9
16454.9
16454.9
16425.5
16425.5
16425.5
16425.5
16425.5
16425.5
16425.5
16425.5
16425.5
16425.5
16396.2
16396.2
16396.2
16396.2
16396.2
16396.2
16396.2
16396.2
16396.2
16396.2
16366.9
16366.9
16366.9
16366.9
16366.9
16366.9
16366.9
16366.9
16366.9
16352.3
16352.3
16352.3
16352.3
16352.3
16352.3
16352.3
16352.3
16352.3
16352.3
16308.3
16308.3
16308.3
16308.3
16308.3
16308.3
16308.3
16308.3
16308.3
16279.0
16279.0
16279.0
16279.0
16279.0
16279.0
16279.0
16279.0
16279.0
16279.0
16264.4
16264.4
16264.4
16264.4
16264.4
16264.4
16264.4
16264.4
16264.4
16264.4
16220.4
16220.4
16220.4
16220.4
16191.1
16191.1
16191.1
16191.1
16191.1
16191.1
16191.1
16191.1
16191.1
16191.1
16147.1
16147.1
16147.1
16147.1
16147.1
16147.1
16147.1
16147.1
16147.1
16147.1
16117.8
16117.8
16117.8
16117.8
16117.8
16117.8
16117.8
16117.8
16117.8
16103.2
16103.2
16103.2
16103.2
16103.2
16103.2
16103.2
16103.2
16103.2
16103.2
16059.2
16059.2
16059.2
16059.2
16059.2
16059.2
16059.2
16059.2
16059.2
16059.2
16044.6
16044.6
16044.6
16044.6
16044.6
16044.6
16044.6
16044.6
16044.6
16044.6
16015.3
16015.3
16015.3
16015.3
16015.3
16015.3
16015.3
16015.3
16015.3
15971.3
15971.3
15971.3
15971.3
15971.3
15971.3
15971.3
15971.3
15971.3
15971.3
15956.7
15956.7
15956.7
15956.7
15956.7
15956.7
15956.7
15956.7
15956.7
15956.7
15927.4
15927.4
15927.4
15927.4
15927.4
15898.1
15898.1
15898.1
15898.1
15898.1
15898.1
15898.1
15898.1
15898.1
15868.7
15868.7
15868.7
15868.7
15868.7
15868.7
15868.7
15868.7
15868.7
15868.7
15839.4
15839.4
15839.4
15839.4
15839.4
15839.4
15839.4
15839.4
15839.4
15839.4
15810.1
15810.1
15810.1
15810.1
15810.1
15810.1
15810.1
15810.1
15810.1
15780.8
15780.8
15780.8
15780.8
15780.8
15780.8
15780.8
15780.8
15780.8
15780.8
15766.2
15766.2
15766.2
15766.2
15766.2
15766.2
15766.2
15766.2
15766.2
15766.2
15722.2
15722.2
15722.2
15722.2
15722.2
15722.2
15722.2
15722.2
15722.2
15722.2
15692.9
15692.9
15692.9
15692.9
15692.9
15692.9
15692.9
15692.9
15692.9
15692.9
15678.3
15678.3
15678.3
15678.3
15678.3
15678.3
15678.3
15678.3
15678.3
15634.3
15634.3
15634.3
15634.3
15634.3
15619.7
15619.7
15619.7
15619.7
15619.7
15619.7
15619.7
15619.7
15619.7
15619.7
15561.0
15561.0
15561.0
15561.0
15561.0
15561.0
15561.0
15561.0
15561.0
15561.0
15531.7
15531.7
15531.7
15531.7
15531.7
15531.7
15531.7
15531.7
15531.7
15531.7
15517.1
15517.1
15517.1
15517.1
15517.1
15517.1
15517.1
15517.1
15517.1
15473.1
15473.1
15473.1
15473.1
15473.1
15473.1
15473.1
15473.1
15473.1
15473.1
15458.5
15458.5
15458.5
15458.5
15458.5
15458.5
15458.5
15458.5
15458.5
15458.5
15429.2
15429.2
15429.2
15429.2
15429.2
15429.2
15429.2
15429.2
15429.2
15429.2
15385.2
15385.2
15385.2
15385.2
15385.2
15385.2
15385.2
15385.2
15385.2
15385.2
15370.6
15370.6
15370.6
15370.6
15370.6
15370.6
15370.6
15370.6
15370.6
15370.6
15341.3
15341.3
15341.3
15341.3
15341.3
15311.9
15311.9
15311.9
15311.9
15311.9
15311.9
15311.9
15311.9
15311.9
15311.9
15282.6
15282.6
15282.6
15282.6
15282.6
15282.6
15282.6
15282.6
15282.6
15253.3
15253.3
15253.3
15253.3
15253.3
15253.3
15253.3
15253.3
15253.3
15253.3
15224.0
15224.0
15224.0
15224.0
15224.0
15224.0
15224.0
15224.0
15224.0
15224.0
15194.7
15194.7
15194.7
15194.7
15194.7
15194.7
15194.7
15194.7
15194.7
15194.7
15180.1
15180.1
15180.1
15180.1
15180.1
15180.1
15180.1
15180.1
15180.1
15180.1
15136.1
15136.1
15136.1
15136.1
15136.1
15136.1
15136.1
15136.1
15136.1
15136.1
15106.8
15106.8
15106.8
15106.8
15106.8
15106.8
15106.8
15106.8
15106.8
15106.8
15092.2
15092.2
15092.2
15092.2
15092.2
15092.2
15092.2
15092.2
15092.2
15092.2
15048.2
15048.2
15048.2
15048.2
15048.2
15033.5
15033.5
15033.5
15033.5
15033.5
15033.5
15033.5
15033.5
15033.5
15033.5
14989.6
14989.6
14989.6
14989.6
14989.6
14989.6
14989.6
14989.6
14989.6
14989.6
14945.6
14945.6
14945.6
14945.6
14945.6
14945.6
14945.6
14945.6
14945.6
14945.6
14931.0
14931.0
14931.0
14931.0
14931.0
14931.0
14931.0
14931.0
14931.0
14931.0
14887.0
14887.0
14887.0
14887.0
14887.0
14887.0
14887.0
14887.0
14887.0
14887.0
14872.4
14872.4
14872.4
14872.4
14872.4
14872.4
14872.4
14872.4
14872.4
14872.4
14843.1
14843.1
14843.1
14843.1
14843.1
14843.1
14843.1
14843.1
14843.1
14843.1
14799.1
14799.1
14799.1
14799.1
14799.1
14799.1
14799.1
14799.1
14799.1
14799.1
14784.5
14784.5
14784.5
14784.5
14784.5
14784.5
14784.5
14784.5
14784.5
14784.5
14755.2
14755.2
14755.2
14755.2
14755.2
14725.8
14725.8
14725.8
14725.8
14725.8
14725.8
14725.8
14725.8
14725.8
14725.8
14696.5
14696.5
14696.5
14696.5
14696.5
14696.5
14696.5
14696.5
14696.5
14696.5
14652.6
14652.6
14652.6
14652.6
14652.6
14652.6
14652.6
14652.6
14652.6
14652.6
14637.9
14637.9
14637.9
14637.9
14637.9
14637.9
14637.9
14637.9
14637.9
14637.9
14608.6
14608.6
14608.6
14608.6
14608.6
14608.6
14608.6
14608.6
14608.6
14608.6
14564.7
14564.7
14564.7
14564.7
14564.7
14564.7
14564.7
14564.7
14564.7
14564.7
14550.0
14550.0
14550.0
14550.0
14550.0
14550.0
14550.0
14550.0
14550.0
14550.0
14520.7
14520.7
14520.7
14520.7
14520.7
14520.7
14520.7
14520.7
14520.7
14520.7
14491.4
14491.4
14491.4
14491.4
14491.4
14491.4
14491.4
14491.4
14491.4
14491.4
14462.1
14462.1
14462.1
14462.1
14462.1
14432.8
14432.8
14432.8
14432.8
14432.8
14432.8
14432.8
14432.8
14432.8
14432.8
14403.5
14403.5
14403.5
14403.5
14403.5
14403.5
14403.5
14403.5
14403.5
14403.5
14374.2
14374.2
14374.2
14374.2
14374.2
14374.2
14374.2
14374.2
14374.2
14374.2
14359.5
14359.5
14359.5
14359.5
14359.5
14359.5
14359.5
14359.5
14359.5
14359.5
14359.5
14300.9
14300.9
14300.9
14300.9
14300.9
14300.9
14300.9
14300.9
14300.9
14300.9
14271.6
14271.6
14271.6
14271.6
14271.6
14271.6
14271.6
14271.6
14271.6
14271.6
14257.0
14257.0
14257.0
14257.0
14257.0
14257.0
14257.0
14257.0
14257.0
14257.0
14213.0
14213.0
14213.0
14213.0
14213.0
14213.0
14213.0
14213.0
14213.0
14213.0
14198.4
14198.4
14198.4
14198.4
14198.4
14198.4
14198.4
14198.4
14198.4
14198.4
14169.0
14169.0
14169.0
14169.0
14169.0
14125.1
14125.1
14125.1
14125.1
14125.1
14125.1
14125.1
14125.1
14125.1
14125.1
14125.1
14110.4
14110.4
14110.4
14110.4
14110.4
14110.4
14110.4
14110.4
14110.4
14110.4
14066.5
14066.5
14066.5
14066.5
14066.5
14066.5
14066.5
14066.5
14066.5
14066.5
14051.8
14051.8
14051.8
14051.8
14051.8
14051.8
14051.8
14051.8
14051.8
14051.8
14022.5
14022.5
14022.5
14022.5
14022.5
14022.5
14022.5
14022.5
14022.5
14022.5
13978.6
13978.6
13978.6
13978.6
13978.6
13978.6
13978.6
13978.6
13978.6
13978.6
13978.6
13963.9
13963.9
13963.9
13963.9
13963.9
13963.9
13963.9
13963.9
13963.9
13963.9
13934.6
13934.6
13934.6
13934.6
13934.6
13934.6
13934.6
13934.6
13934.6
13934.6
13905.3
13905.3
13905.3
13905.3
13905.3
13905.3
13905.3
13905.3
13905.3
13905.3
13876.0
13876.0
13876.0
13876.0
13876.0
13876.0
13846.7
13846.7
13846.7
13846.7
13846.7
13846.7
13846.7
13846.7
13846.7
13846.7
13817.4
13817.4
13817.4
13817.4
13817.4
13817.4
13817.4
13817.4
13817.4
13817.4
13788.1
13788.1
13788.1
13788.1
13788.1
13788.1
13788.1
13788.1
13788.1
13788.1
13773.4
13773.4
13773.4
13773.4
13773.4
13773.4
13773.4
13773.4
13773.4
13773.4
13773.4
13729.5
13729.5
13729.5
13729.5
13729.5
13729.5
13729.5
13729.5
13729.5
13729.5
13685.5
13685.5
13685.5
13685.5
13685.5
13685.5
13685.5
13685.5
13685.5
13685.5
13670.9
13670.9
13670.9
13670.9
13670.9
13670.9
13670.9
13670.9
13670.9
13670.9
13670.9
13626.9
13626.9
13626.9
13626.9
13626.9
13626.9
13626.9
13626.9
13626.9
13626.9
13612.2
13612.2
13612.2
13612.2
13612.2
13612.2
13612.2
13612.2
13612.2
13612.2
13568.3
13568.3
13568.3
13568.3
13568.3
13539.0
13539.0
13539.0
13539.0
13539.0
13539.0
13539.0
13539.0
13539.0
13539.0
13539.0
13524.3
13524.3
13524.3
13524.3
13524.3
13524.3
13524.3
13524.3
13524.3
13524.3
13480.4
13480.4
13480.4
13480.4
13480.4
13480.4
13480.4
13480.4
13480.4
13480.4
13465.7
13465.7
13465.7
13465.7
13465.7
13465.7
13465.7
13465.7
13465.7
13465.7
13465.7
13436.4
13436.4
13436.4
13436.4
13436.4
13436.4
13436.4
13436.4
13436.4
13436.4
13392.5
13392.5
13392.5
13392.5
13392.5
13392.5
13392.5
13392.5
13392.5
13392.5
13377.8
13377.8
13377.8
13377.8
13377.8
13377.8
13377.8
13377.8
13377.8
13377.8
13377.8
13348.5
13348.5
13348.5
13348.5
13348.5
13348.5
13348.5
13348.5
13348.5
13348.5
13319.2
13319.2
13319.2
13319.2
13319.2
13319.2
13319.2
13319.2
13319.2
13319.2
13319.2
13289.9
13289.9
13289.9
13289.9
13289.9
13245.9
13245.9
13245.9
13245.9
13245.9
13245.9
13245.9
13245.9
13245.9
13245.9
13231.3
13231.3
13231.3
13231.3
13231.3
13231.3
13231.3
13231.3
13231.3
13231.3
13231.3
13202.0
13202.0
13202.0
13202.0
13202.0
13202.0
13202.0
13202.0
13202.0
13202.0
13187.3
13187.3
13187.3
13187.3
13187.3
13187.3
13187.3
13187.3
13187.3
13187.3
13187.3
13143.4
13143.4
13143.4
13143.4
13143.4
13143.4
13143.4
13143.4
13143.4
13143.4
13114.1
13114.1
13114.1
13114.1
13114.1
13114.1
13114.1
13114.1
13114.1
13114.1
13114.1
13070.1
13070.1
13070.1
13070.1
13070.1
13070.1
13070.1
13070.1
13070.1
13070.1
13040.8
13040.8
13040.8
13040.8
13040.8
13040.8
13040.8
13040.8
13040.8
13040.8
13040.8
13026.1
13026.1
13026.1
13026.1
13026.1
13026.1
13026.1
13026.1
13026.1
13026.1
12982.2
12982.2
12982.2
12982.2
12982.2
12952.9
12952.9
12952.9
12952.9
12952.9
12952.9
12952.9
12952.9
12952.9
12952.9
12952.9
12938.2
12938.2
12938.2
12938.2
12938.2
12938.2
12938.2
12938.2
12938.2
12938.2
12894.3
12894.3
12894.3
12894.3
12894.3
12894.3
12894.3
12894.3
12894.3
12894.3
12894.3
12879.6
12879.6
12879.6
12879.6
12879.6
12879.6
12879.6
12879.6
12879.6
12879.6
12850.3
12850.3
12850.3
12850.3
12850.3
12850.3
12850.3
12850.3
12850.3
12850.3
12850.3
12806.4
12806.4
12806.4
12806.4
12806.4
12806.4
12806.4
12806.4
12806.4
12806.4
12791.7
12791.7
12791.7
12791.7
12791.7
12791.7
12791.7
12791.7
12791.7
12791.7
12791.7
12762.4
12762.4
12762.4
12762.4
12762.4
12762.4
12762.4
12762.4
12762.4
12762.4
12762.4
12733.1
12733.1
12733.1
12733.1
12733.1
12733.1
12733.1
12733.1
12733.1
12733.1
12703.8
12703.8
12703.8
12703.8
12703.8
12659.8
12659.8
12659.8
12659.8
12659.8
12659.8
12659.8
12659.8
12659.8
12659.8
12659.8
12645.2
12645.2
12645.2
12645.2
12645.2
12645.2
12645.2
12645.2
12645.2
12645.2
12645.2
12615.9
12615.9
12615.9
12615.9
12615.9
12615.9
12615.9
12615.9
12615.9
12615.9
12601.2
12601.2
12601.2
12601.2
12601.2
12601.2
12601.2
12601.2
12601.2
12601.2
12601.2
12557.3
12557.3
12557.3
12557.3
12557.3
12557.3
12557.3
12557.3
12557.3
12557.3
12557.3
12528.0
12528.0
12528.0
12528.0
12528.0
12528.0
12528.0
12528.0
12528.0
12528.0
12498.7
12498.7
12498.7
12498.7
12498.7
12498.7
12498.7
12498.7
12498.7
12498.7
12498.7
12469.3
12469.3
12469.3
12469.3
12469.3
12469.3
12469.3
12469.3
12469.3
12469.3
12440.0
12440.0
12440.0
12440.0
12440.0
12440.0
12440.0
12440.0
12440.0
12440.0
12440.0
12396.1
12396.1
12396.1
12396.1
12396.1
12366.8
12366.8
12366.8
12366.8
12366.8
12366.8
12366.8
12366.8
12366.8
12366.8
12366.8
12352.1
12352.1
12352.1
12352.1
12352.1
12352.1
12352.1
12352.1
12352.1
12352.1
12352.1
12308.2
12308.2
12308.2
12308.2
12308.2
12308.2
12308.2
12308.2
12308.2
12308.2
12293.5
12293.5
12293.5
12293.5
12293.5
12293.5
12293.5
12293.5
12293.5
12293.5
12293.5
12264.2
12264.2
12264.2
12264.2
12264.2
12264.2
12264.2
12264.2
12264.2
12264.2
12264.2
12220.3
12220.3
12220.3
12220.3
12220.3
12220.3
12220.3
12220.3
12220.3
12220.3
12220.3
12205.6
12205.6
12205.6
12205.6
12205.6
12205.6
12205.6
12205.6
12205.6
12205.6
12161.6
12161.6
12161.6
12161.6
12161.6
12161.6
12161.6
12161.6
12161.6
12161.6
12161.6
12147.0
12147.0
12147.0
12147.0
12147.0
12147.0
12147.0
12147.0
12147.0
12147.0
12147.0
12117.7
12117.7
12117.7
12117.7
12117.7
12117.7
12117.7
12117.7
12117.7
12117.7
12117.7
12073.7
12073.7
12073.7
12073.7
12073.7
12059.1
12059.1
12059.1
12059.1
12059.1
12059.1
12059.1
12059.1
12059.1
12059.1
12059.1
12029.8
12029.8
12029.8
12029.8
12029.8
12029.8
12029.8
12029.8
12029.8
12029.8
12029.8
12000.5
12000.5
12000.5
12000.5
12000.5
12000.5
12000.5
12000.5
12000.5
12000.5
11971.2
11971.2
11971.2
11971.2
11971.2
11971.2
11971.2
11971.2
11971.2
11971.2
11971.2
11941.9
11941.9
11941.9
11941.9
11941.9
11941.9
11941.9
11941.9
11941.9
11941.9
11941.9
11912.5
11912.5
11912.5
11912.5
11912.5
11912.5
11912.5
11912.5
11912.5
11912.5
11912.5
11883.2
11883.2
11883.2
11883.2
11883.2
11883.2
11883.2
11883.2
11883.2
11883.2
11883.2
11839.3
11839.3
11839.3
11839.3
11839.3
11839.3
11839.3
11839.3
11839.3
11839.3
11810.0
11810.0
11810.0
11810.0
11810.0
11810.0
11810.0
11810.0
11810.0
11810.0
11810.0
11780.7
11780.7
11780.7
11780.7
11780.7
11780.7
11766.0
11766.0
11766.0
11766.0
11766.0
11766.0
11766.0
11766.0
11766.0
11766.0
11766.0
11722.1
11722.1
11722.1
11722.1
11722.1
11722.1
11722.1
11722.1
11722.1
11722.1
11722.1
11692.8
11692.8
11692.8
11692.8
11692.8
11692.8
11692.8
11692.8
11692.8
11692.8
11678.1
11678.1
11678.1
11678.1
11678.1
11678.1
11678.1
11678.1
11678.1
11678.1
11678.1
11634.2
11634.2
11634.2
11634.2
11634.2
11634.2
11634.2
11634.2
11634.2
11634.2
11634.2
11619.5
11619.5
11619.5
11619.5
11619.5
11619.5
11619.5
11619.5
11619.5
11619.5
11619.5
11575.5
11575.5
11575.5
11575.5
11575.5
11575.5
11575.5
11575.5
11575.5
11575.5
11575.5
11546.2
11546.2
11546.2
11546.2
11546.2
11546.2
11546.2
11546.2
11546.2
11546.2
11546.2
11531.6
11531.6
11531.6
11531.6
11531.6
11531.6
11531.6
11531.6
11531.6
11531.6
11531.6
11487.6
11487.6
11487.6
11487.6
11487.6
11473.0
11473.0
11473.0
11473.0
11473.0
11473.0
11473.0
11473.0
11473.0
11473.0
11473.0
11443.7
11443.7
11443.7
11443.7
11443.7
11443.7
11443.7
11443.7
11443.7
11443.7
11443.7
11399.7
11399.7
11399.7
11399.7
11399.7
11399.7
11399.7
11399.7
11399.7
11399.7
11399.7
11385.1
11385.1
11385.1
11385.1
11385.1
11385.1
11385.1
11385.1
11385.1
11385.1
11385.1
11355.8
11355.8
11355.8
11355.8
11355.8
11355.8
11355.8
11355.8
11355.8
11355.8
11355.8
11326.4
11326.4
11326.4
11326.4
11326.4
11326.4
11326.4
11326.4
11326.4
11326.4
11326.4
11297.1
11297.1
11297.1
11297.1
11297.1
11297.1
11297.1
11297.1
11297.1
11297.1
11297.1
11253.2
11253.2
11253.2
11253.2
11253.2
11253.2
11253.2
11253.2
11253.2
11253.2
11253.2
11238.5
11238.5
11238.5
11238.5
11238.5
11238.5
11238.5
11238.5
11238.5
11238.5
11238.5
11194.6
11194.6
11194.6
11194.6
11194.6
11194.6
11179.9
11179.9
11179.9
11179.9
11179.9
11179.9
11179.9
11179.9
11179.9
11179.9
11179.9
11136.0
11136.0
11136.0
11136.0
11136.0
11136.0
11136.0
11136.0
11136.0
11136.0
11136.0
11106.7
11106.7
11106.7
11106.7
11106.7
11106.7
11106.7
11106.7
11106.7
11106.7
11106.7
11077.4
11077.4
11077.4
11077.4
11077.4
11077.4
11077.4
11077.4
11077.4
11077.4
11077.4
11048.0
11048.0
11048.0
11048.0
11048.0
11048.0
11048.0
11048.0
11048.0
11048.0
11048.0
11033.4
11033.4
11033.4
11033.4
11033.4
11033.4
11033.4
11033.4
11033.4
11033.4
11033.4
10989.4
10989.4
10989.4
10989.4
10989.4
10989.4
10989.4
10989.4
10989.4
10989.4
10989.4
10960.1
10960.1
10960.1
10960.1
10960.1
10960.1
10960.1
10960.1
10960.1
10960.1
10960.1
10945.5
10945.5
10945.5
10945.5
10945.5
10945.5
10945.5
10945.5
10945.5
10945.5
10945.5
10945.5
10901.5
10901.5
10901.5
10901.5
10901.5
10886.9
10886.9
10886.9
10886.9
10886.9
10886.9
10886.9
10886.9
10886.9
10886.9
10886.9
10857.6
10857.6
10857.6
10857.6
10857.6
10857.6
10857.6
10857.6
10857.6
10857.6
10857.6
10813.6
10813.6
10813.6
10813.6
10813.6
10813.6
10813.6
10813.6
10813.6
10813.6
10813.6
10813.6
10799.0
10799.0
10799.0
10799.0
10799.0
10799.0
10799.0
10799.0
10799.0
10799.0
10799.0
10769.6
10769.6
10769.6
10769.6
10769.6
10769.6
10769.6
10769.6
10769.6
10769.6
10769.6
10740.3
10740.3
10740.3
10740.3
10740.3
10740.3
10740.3
10740.3
10740.3
10740.3
10740.3
10711.0
10711.0
10711.0
10711.0
10711.0
10711.0
10711.0
10711.0
10711.0
10711.0
10711.0
10667.1
10667.1
10667.1
10667.1
10667.1
10667.1
10667.1
10667.1
10667.1
10667.1
10667.1
10667.1
10652.4
10652.4
10652.4
10652.4
10652.4
10652.4
10652.4
10652.4
10652.4
10652.4
10652.4
10623.1
10623.1
10623.1
10623.1
10623.1
10608.5
10608.5
10608.5
10608.5
10608.5
10608.5
10608.5
10608.5
10608.5
10608.5
10608.5
10608.5
10549.9
10549.9
10549.9
10549.9
10549.9
10549.9
10549.9
10549.9
10549.9
10549.9
10549.9
10520.6
10520.6
10520.6
10520.6
10520.6
10520.6
10520.6
10520.6
10520.6
10520.6
10520.6
10491.2
10491.2
10491.2
10491.2
10491.2
10491.2
10491.2
10491.2
10491.2
10491.2
10491.2
10461.9
10461.9
10461.9
10461.9
10461.9
10461.9
10461.9
10461.9
10461.9
10461.9
10461.9
10461.9
10447.3
10447.3
10447.3
10447.3
10447.3
10447.3
10447.3
10447.3
10447.3
10447.3
10447.3
10403.3
10403.3
10403.3
10403.3
10403.3
10403.3
10403.3
10403.3
10403.3
10403.3
10403.3
10374.0
10374.0
10374.0
10374.0
10374.0
10374.0
10374.0
10374.0
10374.0
10374.0
10374.0
10374.0
10359.4
10359.4
10359.4
10359.4
10359.4
10359.4
10359.4
10359.4
10359.4
10359.4
10359.4
10315.4
10315.4
10315.4
10315.4
10315.4
10315.4
10300.8
10300.8
10300.8
10300.8
10300.8
10300.8
10300.8
10300.8
10300.8
10300.8
10300.8
10271.5
10271.5
10271.5
10271.5
10271.5
10271.5
10271.5
10271.5
10271.5
10271.5
10271.5
10227.5
10227.5
10227.5
10227.5
10227.5
10227.5
10227.5
10227.5
10227.5
10227.5
10227.5
10227.5
10212.9
10212.9
10212.9
10212.9
10212.9
10212.9
10212.9
10212.9
10212.9
10212.9
10212.9
10168.9
10168.9
10168.9
10168.9
10168.9
10168.9
10168.9
10168.9
10168.9
10168.9
10168.9
10154.2
10154.2
10154.2
10154.2
10154.2
10154.2
10154.2
10154.2
10154.2
10154.2
10154.2
10154.2
10124.9
10124.9
10124.9
10124.9
10124.9
10124.9
10124.9
10124.9
10124.9
10124.9
10124.9
10081.0
10081.0
10081.0
10081.0
10081.0
10081.0
10081.0
10081.0
10081.0
10081.0
10081.0
10066.3
10066.3
10066.3
10066.3
10066.3
10066.3
10066.3
10066.3
10066.3
10066.3
10066.3
10066.3
10037.0
10037.0
10037.0
10037.0
10037.0
10037.0
10007.7
10007.7
10007.7
10007.7
10007.7
10007.7
10007.7
10007.7
10007.7
10007.7
10007.7
9978.4
9978.4
9978.4
9978.4
9978.4
9978.4
9978.4
9978.4
9978.4
9978.4
9978.4
9934.5
9934.5
9934.5
9934.5
9934.5
9934.5
9934.5
9934.5
9934.5
9934.5
9934.5
9934.5
9905.1
9905.1
9905.1
9905.1
9905.1
9905.1
9905.1
9905.1
9905.1
9905.1
9905.1
9875.8
9875.8
9875.8
9875.8
9875.8
9875.8
9875.8
9875.8
9875.8
9875.8
9875.8
9875.8
9861.2
9861.2
9861.2
9861.2
9861.2
9861.2
9861.2
9861.2
9861.2
9861.2
9861.2
9817.2
9817.2
9817.2
9817.2
9817.2
9817.2
9817.2
9817.2
9817.2
9817.2
9817.2
9817.2
9787.9
9787.9
9787.9
9787.9
9787.9
9787.9
9787.9
9787.9
9787.9
9787.9
9787.9
9773.3
9773.3
9773.3
9773.3
9773.3
9773.3
9773.3
9773.3
9773.3
9773.3
9773.3
9773.3
9729.3
9729.3
9729.3
9729.3
9729.3
9729.3
9714.7
9714.7
9714.7
9714.7
9714.7
9714.7
9714.7
9714.7
9714.7
9714.7
9714.7
9670.7
9670.7
9670.7
9670.7
9670.7
9670.7
9670.7
9670.7
9670.7
9670.7
9670.7
9670.7
9641.4
9641.4
9641.4
9641.4
9641.4
9641.4
9641.4
9641.4
9641.4
9641.4
9641.4
9626.7
9626.7
9626.7
9626.7
9626.7
9626.7
9626.7
9626.7
9626.7
9626.7
9626.7
9626.7
9582.8
9582.8
9582.8
9582.8
9582.8
9582.8
9582.8
9582.8
9582.8
9582.8
9582.8
9568.1
9568.1
9568.1
9568.1
9568.1
9568.1
9568.1
9568.1
9568.1
9568.1
9568.1
9568.1
9538.8
9538.8
9538.8
9538.8
9538.8
9538.8
9538.8
9538.8
9538.8
9538.8
9538.8
9538.8
9494.9
9494.9
9494.9
9494.9
9494.9
9494.9
9494.9
9494.9
9494.9
9494.9
9494.9
9480.2
9480.2
9480.2
9480.2
9480.2
9480.2
9480.2
9480.2
9480.2
9480.2
9480.2
9480.2
9450.9
9450.9
9450.9
9450.9
9450.9
9450.9
9421.6
9421.6
9421.6
9421.6
9421.6
9421.6
9421.6
9421.6
9421.6
9421.6
9421.6
9392.3
9392.3
9392.3
9392.3
9392.3
9392.3
9392.3
9392.3
9392.3
9392.3
9392.3
9392.3
9363.0
9363.0
9363.0
9363.0
9363.0
9363.0
9363.0
9363.0
9363.0
9363.0
9363.0
9363.0
9319.0
9319.0
9319.0
9319.0
9319.0
9319.0
9319.0
9319.0
9319.0
9319.0
9319.0
9289.7
9289.7
9289.7
9289.7
9289.7
9289.7
9289.7
9289.7
9289.7
9289.7
9289.7
9289.7
9245.8
9245.8
9245.8
9245.8
9245.8
9245.8
9245.8
9245.8
9245.8
9245.8
9245.8
9245.8
9231.1
9231.1
9231.1
9231.1
9231.1
9231.1
9231.1
9231.1
9231.1
9231.1
9231.1
9201.8
9201.8
9201.8
9201.8
9201.8
9201.8
9201.8
9201.8
9201.8
9201.8
9201.8
9201.8
9187.2
9187.2
9187.2
9187.2
9187.2
9187.2
9187.2
9187.2
9187.2
9187.2
9187.2
9187.2
9143.2
9143.2
9143.2
9143.2
9143.2
9143.2
9113.9
9113.9
9113.9
9113.9
9113.9
9113.9
9113.9
9113.9
9113.9
9113.9
9113.9
9084.6
9084.6
9084.6
9084.6
9084.6
9084.6
9084.6
9084.6
9084.6
9084.6
9084.6
9084.6
9055.3
9055.3
9055.3
9055.3
9055.3
9055.3
9055.3
9055.3
9055.3
9055.3
9055.3
9055.3
9040.6
9040.6
9040.6
9040.6
9040.6
9040.6
9040.6
9040.6
9040.6
9040.6
9040.6
9040.6
8996.7
8996.7
8996.7
8996.7
8996.7
8996.7
8996.7
8996.7
8996.7
8996.7
8996.7
8967.4
8967.4
8967.4
8967.4
8967.4
8967.4
8967.4
8967.4
8967.4
8967.4
8967.4
8967.4
8952.7
8952.7
8952.7
8952.7
8952.7
8952.7
8952.7
8952.7
8952.7
8952.7
8952.7
8952.7
8908.8
8908.8
8908.8
8908.8
8908.8
8908.8
8908.8
8908.8
8908.8
8908.8
8908.8
8908.8
8894.1
8894.1
8894.1
8894.1
8894.1
8894.1
8894.1
8894.1
8894.1
8894.1
8894.1
8894.1
8864.8
8864.8
8864.8
8864.8
8864.8
8864.8
8820.9
8820.9
8820.9
8820.9
8820.9
8820.9
8820.9
8820.9
8820.9
8820.9
8820.9
8806.2
8806.2
8806.2
8806.2
8806.2
8806.2
8806.2
8806.2
8806.2
8806.2
8806.2
8806.2
8762.2
8762.2
8762.2
8762.2
8762.2
8762.2
8762.2
8762.2
8762.2
8762.2
8762.2
8762.2
8747.6
8747.6
8747.6
8747.6
8747.6
8747.6
8747.6
8747.6
8747.6
8747.6
8747.6
8747.6
8718.3
8718.3
8718.3
8718.3
8718.3
8718.3
8718.3
8718.3
8718.3
8718.3
8718.3
8718.3
8659.7
8659.7
8659.7
8659.7
8659.7
8659.7
8659.7
8659.7
8659.7
8659.7
8659.7
8659.7
8645.0
8645.0
8645.0
8645.0
8645.0
8645.0
8645.0
8645.0
8645.0
8645.0
8645.0
8645.0
8615.7
8615.7
8615.7
8615.7
8615.7
8615.7
8615.7
8615.7
8615.7
8615.7
8615.7
8615.7
8586.4
8586.4
8586.4
8586.4
8586.4
8586.4
8586.4
8586.4
8586.4
8586.4
8586.4
8586.4
8557.1
8557.1
8557.1
8557.1
8557.1
8557.1
8527.8
8527.8
8527.8
8527.8
8527.8
8527.8
8527.8
8527.8
8527.8
8527.8
8527.8
8498.5
8498.5
8498.5
8498.5
8498.5
8498.5
8498.5
8498.5
8498.5
8498.5
8498.5
8498.5
8469.2
8469.2
8469.2
8469.2
8469.2
8469.2
8469.2
8469.2
8469.2
8469.2
8469.2
8469.2
8454.5
8454.5
8454.5
8454.5
8454.5
8454.5
8454.5
8454.5
8454.5
8454.5
8454.5
8454.5
8410.6
8410.6
8410.6
8410.6
8410.6
8410.6
8410.6
8410.6
8410.6
8410.6
8410.6
8410.6
8381.3
8381.3
8381.3
8381.3
8381.3
8381.3
8381.3
8381.3
8381.3
8381.3
8381.3
8381.3
8366.6
8366.6
8366.6
8366.6
8366.6
8366.6
8366.6
8366.6
8366.6
8366.6
8366.6
8366.6
8322.7
8322.7
8322.7
8322.7
8322.7
8322.7
8322.7
8322.7
8322.7
8322.7
8322.7
8322.7
8308.0
8308.0
8308.0
8308.0
8308.0
8308.0
8308.0
8308.0
8308.0
8308.0
8308.0
8308.0
8308.0
8264.1
8264.1
8264.1
8264.1
8264.1
8264.1
8234.8
8234.8
8234.8
8234.8
8234.8
8234.8
8234.8
8234.8
8234.8
8234.8
8234.8
8234.8
8220.1
8220.1
8220.1
8220.1
8220.1
8220.1
8220.1
8220.1
8220.1
8220.1
8220.1
8220.1
8176.1
8176.1
8176.1
8176.1
8176.1
8176.1
8176.1
8176.1
8176.1
8176.1
8176.1
8176.1
8161.5
8161.5
8161.5
8161.5
8161.5
8161.5
8161.5
8161.5
8161.5
8161.5
8161.5
8161.5
8132.2
8132.2
8132.2
8132.2
8132.2
8132.2
8132.2
8132.2
8132.2
8132.2
8132.2
8132.2
8088.2
8088.2
8088.2
8088.2
8088.2
8088.2
8088.2
8088.2
8088.2
8088.2
8088.2
8088.2
8058.9
8058.9
8058.9
8058.9
8058.9
8058.9
8058.9
8058.9
8058.9
8058.9
8058.9
8058.9
8029.6
8029.6
8029.6
8029.6
8029.6
8029.6
8029.6
8029.6
8029.6
8029.6
8029.6
8029.6
8000.3
8000.3
8000.3
8000.3
8000.3
8000.3
8000.3
8000.3
8000.3
8000.3
8000.3
8000.3
8000.3
7971.0
7971.0
7971.0
7971.0
7971.0
7971.0
7941.7
7941.7
7941.7
7941.7
7941.7
7941.7
7941.7
7941.7
7941.7
7941.7
7941.7
7941.7
7912.4
7912.4
7912.4
7912.4
7912.4
7912.4
7912.4
7912.4
7912.4
7912.4
7912.4
7912.4
7883.1
7883.1
7883.1
7883.1
7883.1
7883.1
7883.1
7883.1
7883.1
7883.1
7883.1
7883.1
7868.4
7868.4
7868.4
7868.4
7868.4
7868.4
7868.4
7868.4
7868.4
7868.4
7868.4
7868.4
7824.5
7824.5
7824.5
7824.5
7824.5
7824.5
7824.5
7824.5
7824.5
7824.5
7824.5
7824.5
7824.5
7795.2
7795.2
7795.2
7795.2
7795.2
7795.2
7795.2
7795.2
7795.2
7795.2
7795.2
7795.2
7780.5
7780.5
7780.5
7780.5
7780.5
7780.5
7780.5
7780.5
7780.5
7780.5
7780.5
7780.5
7736.6
7736.6
7736.6
7736.6
7736.6
7736.6
7736.6
7736.6
7736.6
7736.6
7736.6
7736.6
7721.9
7721.9
7721.9
7721.9
7721.9
7721.9
7721.9
7721.9
7721.9
7721.9
7721.9
7721.9
7721.9
7692.6
7692.6
7692.6
7692.6
7692.6
7692.6
7648.6
7648.6
7648.6
7648.6
7648.6
7648.6
7648.6
7648.6
7648.6
7648.6
7648.6
7648.6
7634.0
7634.0
7634.0
7634.0
7634.0
7634.0
7634.0
7634.0
7634.0
7634.0
7634.0
7634.0
7590.0
7590.0
7590.0
7590.0
7590.0
7590.0
7590.0
7590.0
7590.0
7590.0
7590.0
7590.0
7590.0
7575.4
7575.4
7575.4
7575.4
7575.4
7575.4
7575.4
7575.4
7575.4
7575.4
7575.4
7575.4
7546.1
7546.1
7546.1
7546.1
7546.1
7546.1
7546.1
7546.1
7546.1
7546.1
7546.1
7546.1
7502.1
7502.1
7502.1
7502.1
7502.1
7502.1
7502.1
7502.1
7502.1
7502.1
7502.1
7502.1
7502.1
7487.5
7487.5
7487.5
7487.5
7487.5
7487.5
7487.5
7487.5
7487.5
7487.5
7487.5
7487.5
7443.5
7443.5
7443.5
7443.5
7443.5
7443.5
7443.5
7443.5
7443.5
7443.5
7443.5
7443.5
7414.2
7414.2
7414.2
7414.2
7414.2
7414.2
7414.2
7414.2
7414.2
7414.2
7414.2
7414.2
7414.2
7384.9
7384.9
7384.9
7384.9
7384.9
7384.9
7355.6
7355.6
7355.6
7355.6
7355.6
7355.6
7355.6
7355.6
7355.6
7355.6
7355.6
7355.6
7326.3
7326.3
7326.3
7326.3
7326.3
7326.3
7326.3
7326.3
7326.3
7326.3
7326.3
7326.3
7326.3
7297.0
7297.0
7297.0
7297.0
7297.0
7297.0
7297.0
7297.0
7297.0
7297.0
7297.0
7297.0
7282.3
7282.3
7282.3
7282.3
7282.3
7282.3
7282.3
7282.3
7282.3
7282.3
7282.3
7282.3
7282.3
7238.4
7238.4
7238.4
7238.4
7238.4
7238.4
7238.4
7238.4
7238.4
7238.4
7238.4
7238.4
7209.1
7209.1
7209.1
7209.1
7209.1
7209.1
7209.1
7209.1
7209.1
7209.1
7209.1
7209.1
7209.1
7194.4
7194.4
7194.4
7194.4
7194.4
7194.4
7194.4
7194.4
7194.4
7194.4
7194.4
7194.4
7150.5
7150.5
7150.5
7150.5
7150.5
7150.5
7150.5
7150.5
7150.5
7150.5
7150.5
7150.5
7150.5
7135.8
7135.8
7135.8
7135.8
7135.8
7135.8
7135.8
7135.8
7135.8
7135.8
7135.8
7135.8
7091.8
7091.8
7091.8
7091.8
7091.8
7091.8
7062.5
7062.5
7062.5
7062.5
7062.5
7062.5
7062.5
7062.5
7062.5
7062.5
7062.5
7062.5
7062.5
7047.9
7047.9
7047.9
7047.9
7047.9
7047.9
7047.9
7047.9
7047.9
7047.9
7047.9
7047.9
7003.9
7003.9
7003.9
7003.9
7003.9
7003.9
7003.9
7003.9
7003.9
7003.9
7003.9
7003.9
7003.9
6989.3
6989.3
6989.3
6989.3
6989.3
6989.3
6989.3
6989.3
6989.3
6989.3
6989.3
6989.3
6989.3
6960.0
6960.0
6960.0
6960.0
6960.0
6960.0
6960.0
6960.0
6960.0
6960.0
6960.0
6960.0
6916.0
6916.0
6916.0
6916.0
6916.0
6916.0
6916.0
6916.0
6916.0
6916.0
6916.0
6916.0
6916.0
6901.4
6901.4
6901.4
6901.4
6901.4
6901.4
6901.4
6901.4
6901.4
6901.4
6901.4
6901.4
6872.1
6872.1
6872.1
6872.1
6872.1
6872.1
6872.1
6872.1
6872.1
6872.1
6872.1
6872.1
6872.1
6842.8
6842.8
6842.8
6842.8
6842.8
6842.8
6842.8
6842.8
6842.8
6842.8
6842.8
6842.8
6842.8
6798.8
6798.8
6798.8
6798.8
6798.8
6798.8
6754.8
6754.8
6754.8
6754.8
6754.8
6754.8
6754.8
6754.8
6754.8
6754.8
6754.8
6754.8
6740.2
6740.2
6740.2
6740.2
6740.2
6740.2
6740.2
6740.2
6740.2
6740.2
6740.2
6740.2
6740.2
6710.9
6710.9
6710.9
6710.9
6710.9
6710.9
6710.9
6710.9
6710.9
6710.9
6710.9
6710.9
6710.9
6666.9
6666.9
6666.9
6666.9
6666.9
6666.9
6666.9
6666.9
6666.9
6666.9
6666.9
6666.9
6652.3
6652.3
6652.3
6652.3
6652.3
6652.3
6652.3
6652.3
6652.3
6652.3
6652.3
6652.3
6652.3
6623.0
6623.0
6623.0
6623.0
6623.0
6623.0
6623.0
6623.0
6623.0
6623.0
6623.0
6623.0
6623.0
6593.7
6593.7
6593.7
6593.7
6593.7
6593.7
6593.7
6593.7
6593.7
6593.7
6593.7
6593.7
6593.7
6564.4
6564.4
6564.4
6564.4
6564.4
6564.4
6564.4
6564.4
6564.4
6564.4
6564.4
6564.4
6535.1
6535.1
6535.1
6535.1
6535.1
6535.1
6535.1
6535.1
6535.1
6535.1
6535.1
6535.1
6535.1
6505.7
6505.7
6505.7
6505.7
6505.7
6505.7
6505.7
6505.7
6505.7
6505.7
6505.7
6505.7
6505.7
6476.4
6476.4
6476.4
6476.4
6476.4
6476.4
6461.8
6461.8
6461.8
6461.8
6461.8
6461.8
6461.8
6461.8
6461.8
6461.8
6461.8
6461.8
6461.8
6417.8
6417.8
6417.8
6417.8
6417.8
6417.8
6417.8
6417.8
6417.8
6417.8
6417.8
6417.8
6417.8
6388.5
6388.5
6388.5
6388.5
6388.5
6388.5
6388.5
6388.5
6388.5
6388.5
6388.5
6388.5
6388.5
6373.9
6373.9
6373.9
6373.9
6373.9
6373.9
6373.9
6373.9
6373.9
6373.9
6373.9
6373.9
6329.9
6329.9
6329.9
6329.9
6329.9
6329.9
6329.9
6329.9
6329.9
6329.9
6329.9
6329.9
6329.9
6315.3
6315.3
6315.3
6315.3
6315.3
6315.3
6315.3
6315.3
6315.3
6315.3
6315.3
6315.3
6315.3
6286.0
6286.0
6286.0
6286.0
6286.0
6286.0
6286.0
6286.0
6286.0
6286.0
6286.0
6286.0
6286.0
6242.0
6242.0
6242.0
6242.0
6242.0
6242.0
6242.0
6242.0
6242.0
6242.0
6242.0
6242.0
6242.0
6227.3
6227.3
6227.3
6227.3
6227.3
6227.3
6227.3
6227.3
6227.3
6227.3
6227.3
6227.3
6227.3
6168.7
6168.7
6168.7
6168.7
6168.7
6168.7
6154.1
6154.1
6154.1
6154.1
6154.1
6154.1
6154.1
6154.1
6154.1
6154.1
6154.1
6154.1
6154.1
6124.8
6124.8
6124.8
6124.8
6124.8
6124.8
6124.8
6124.8
6124.8
6124.8
6124.8
6124.8
6124.8
6080.8
6080.8
6080.8
6080.8
6080.8
6080.8
6080.8
6080.8
6080.8
6080.8
6080.8
6080.8
6080.8
6066.2
6066.2
6066.2
6066.2
6066.2
6066.2
6066.2
6066.2
6066.2
6066.2
6066.2
6066.2
6066.2
6036.9
6036.9
6036.9
6036.9
6036.9
6036.9
6036.9
6036.9
6036.9
6036.9
6036.9
6036.9
6036.9
6007.6
6007.6
6007.6
6007.6
6007.6
6007.6
6007.6
6007.6
6007.6
6007.6
6007.6
6007.6
6007.6
5978.3
5978.3
5978.3
5978.3
5978.3
5978.3
5978.3
5978.3
5978.3
5978.3
5978.3
5978.3
5978.3
5948.9
5948.9
5948.9
5948.9
5948.9
5948.9
5948.9
5948.9
5948.9
5948.9
5948.9
5948.9
5948.9
5919.6
5919.6
5919.6
5919.6
5919.6
5919.6
5919.6
5919.6
5919.6
5919.6
5919.6
5919.6
5919.6
5890.3
5890.3
5890.3
5890.3
5890.3
5890.3
5875.7
5875.7
5875.7
5875.7
5875.7
5875.7
5875.7
5875.7
5875.7
5875.7
5875.7
5875.7
5875.7
5831.7
5831.7
5831.7
5831.7
5831.7
5831.7
5831.7
5831.7
5831.7
5831.7
5831.7
5831.7
5831.7
5802.4
5802.4
5802.4
5802.4
5802.4
5802.4
5802.4
5802.4
5802.4
5802.4
5802.4
5802.4
5802.4
5787.8
5787.8
5787.8
5787.8
5787.8
5787.8
5787.8
5787.8
5787.8
5787.8
5787.8
5787.8
5787.8
5787.8
5743.8
5743.8
5743.8
5743.8
5743.8
5743.8
5743.8
5743.8
5743.8
5743.8
5743.8
5743.8
5743.8
5729.2
5729.2
5729.2
5729.2
5729.2
5729.2
5729.2
5729.2
5729.2
5729.2
5729.2
5729.2
5729.2
5685.2
5685.2
5685.2
5685.2
5685.2
5685.2
5685.2
5685.2
5685.2
5685.2
5685.2
5685.2
5685.2
5655.9
5655.9
5655.9
5655.9
5655.9
5655.9
5655.9
5655.9
5655.9
5655.9
5655.9
5655.9
5655.9
5641.2
5641.2
5641.2
5641.2
5641.2
5641.2
5641.2
5641.2
5641.2
5641.2
5641.2
5641.2
5641.2
5597.3
5597.3
5597.3
5597.3
5597.3
5597.3
5597.3
5582.6
5582.6
5582.6
5582.6
5582.6
5582.6
5582.6
5582.6
5582.6
5582.6
5582.6
5582.6
5582.6
5538.7
5538.7
5538.7
5538.7
5538.7
5538.7
5538.7
5538.7
5538.7
5538.7
5538.7
5538.7
5538.7
5494.7
5494.7
5494.7
5494.7
5494.7
5494.7
5494.7
5494.7
5494.7
5494.7
5494.7
5494.7
5494.7
5480.1
5480.1
5480.1
5480.1
5480.1
5480.1
5480.1
5480.1
5480.1
5480.1
5480.1
5480.1
5480.1
5450.8
5450.8
5450.8
5450.8
5450.8
5450.8
5450.8
5450.8
5450.8
5450.8
5450.8
5450.8
5450.8
5450.8
5421.5
5421.5
5421.5
5421.5
5421.5
5421.5
5421.5
5421.5
5421.5
5421.5
5421.5
5421.5
5421.5
5392.2
5392.2
5392.2
5392.2
5392.2
5392.2
5392.2
5392.2
5392.2
5392.2
5392.2
5392.2
5392.2
5348.2
5348.2
5348.2
5348.2
5348.2
5348.2
5348.2
5348.2
5348.2
5348.2
5348.2
5348.2
5348.2
5333.5
5333.5
5333.5
5333.5
5333.5
5333.5
5333.5
5333.5
5333.5
5333.5
5333.5
5333.5
5333.5
5333.5
5304.2
5304.2
5304.2
5304.2
5304.2
5304.2
5289.6
5289.6
5289.6
5289.6
5289.6
5289.6
5289.6
5289.6
5289.6
5289.6
5289.6
5289.6
5289.6
5289.6
5245.6
5245.6
5245.6
5245.6
5245.6
5245.6
5245.6
5245.6
5245.6
5245.6
5245.6
5245.6
5245.6
5216.3
5216.3
5216.3
5216.3
5216.3
5216.3
5216.3
5216.3
5216.3
5216.3
5216.3
5216.3
5216.3
5187.0
5187.0
5187.0
5187.0
5187.0
5187.0
5187.0
5187.0
5187.0
5187.0
5187.0
5187.0
5187.0
5187.0
5157.7
5157.7
5157.7
5157.7
5157.7
5157.7
5157.7
5157.7
5157.7
5157.7
5157.7
5157.7
5157.7
5143.1
5143.1
5143.1
5143.1
5143.1
5143.1
5143.1
5143.1
5143.1
5143.1
5143.1
5143.1
5143.1
5099.1
5099.1
5099.1
5099.1
5099.1
5099.1
5099.1
5099.1
5099.1
5099.1
5099.1
5099.1
5099.1
5099.1
5069.8
5069.8
5069.8
5069.8
5069.8
5069.8
5069.8
5069.8
5069.8
5069.8
5069.8
5069.8
5069.8
5055.1
5055.1
5055.1
5055.1
5055.1
5055.1
5055.1
5055.1
5055.1
5055.1
5055.1
5055.1
5055.1
5011.2
5011.2
5011.2
5011.2
5011.2
5011.2
5011.2
4996.5
4996.5
4996.5
4996.5
4996.5
4996.5
4996.5
4996.5
4996.5
4996.5
4996.5
4996.5
4996.5
4996.5
4967.2
4967.2
4967.2
4967.2
4967.2
4967.2
4967.2
4967.2
4967.2
4967.2
4967.2
4967.2
4967.2
4908.6
4908.6
4908.6
4908.6
4908.6
4908.6
4908.6
4908.6
4908.6
4908.6
4908.6
4908.6
4908.6
4908.6
4894.0
4894.0
4894.0
4894.0
4894.0
4894.0
4894.0
4894.0
4894.0
4894.0
4894.0
4894.0
4894.0
4864.7
4864.7
4864.7
4864.7
4864.7
4864.7
4864.7
4864.7
4864.7
4864.7
4864.7
4864.7
4864.7
4864.7
4835.4
4835.4
4835.4
4835.4
4835.4
4835.4
4835.4
4835.4
4835.4
4835.4
4835.4
4835.4
4835.4
4806.0
4806.0
4806.0
4806.0
4806.0
4806.0
4806.0
4806.0
4806.0
4806.0
4806.0
4806.0
4806.0
4806.0
4762.1
4762.1
4762.1
4762.1
4762.1
4762.1
4762.1
4762.1
4762.1
4762.1
4762.1
4762.1
4762.1
4747.4
4747.4
4747.4
4747.4
4747.4
4747.4
4747.4
4747.4
4747.4
4747.4
4747.4
4747.4
4747.4
4747.4
4718.1
4718.1
4718.1
4718.1
4718.1
4718.1
4703.5
4703.5
4703.5
4703.5
4703.5
4703.5
4703.5
4703.5
4703.5
4703.5
4703.5
4703.5
4703.5
4703.5
4659.5
4659.5
4659.5
4659.5
4659.5
4659.5
4659.5
4659.5
4659.5
4659.5
4659.5
4659.5
4659.5
4659.5
4630.2
4630.2
4630.2
4630.2
4630.2
4630.2
4630.2
4630.2
4630.2
4630.2
4630.2
4630.2
4630.2
4600.9
4600.9
4600.9
4600.9
4600.9
4600.9
4600.9
4600.9
4600.9
4600.9
4600.9
4600.9
4600.9
4600.9
4571.6
4571.6
4571.6
4571.6
4571.6
4571.6
4571.6
4571.6
4571.6
4571.6
4571.6
4571.6
4571.6
4557.0
4557.0
4557.0
4557.0
4557.0
4557.0
4557.0
4557.0
4557.0
4557.0
4557.0
4557.0
4557.0
4557.0
4513.0
4513.0
4513.0
4513.0
4513.0
4513.0
4513.0
4513.0
4513.0
4513.0
4513.0
4513.0
4513.0
4513.0
4483.7
4483.7
4483.7
4483.7
4483.7
4483.7
4483.7
4483.7
4483.7
4483.7
4483.7
4483.7
4483.7
4469.0
4469.0
4469.0
4469.0
4469.0
4469.0
4469.0
4469.0
4469.0
4469.0
4469.0
4469.0
4469.0
4469.0
4425.1
4425.1
4425.1
4425.1
4425.1
4425.1
4425.1
4410.4
4410.4
4410.4
4410.4
4410.4
4410.4
4410.4
4410.4
4410.4
4410.4
4410.4
4410.4
4410.4
4410.4
4381.1
4381.1
4381.1
4381.1
4381.1
4381.1
4381.1
4381.1
4381.1
4381.1
4381.1
4381.1
4381.1
4337.2
4337.2
4337.2
4337.2
4337.2
4337.2
4337.2
4337.2
4337.2
4337.2
4337.2
4337.2
4337.2
4337.2
4307.9
4307.9
4307.9
4307.9
4307.9
4307.9
4307.9
4307.9
4307.9
4307.9
4307.9
4307.9
4307.9
4307.9
4278.6
4278.6
4278.6
4278.6
4278.6
4278.6
4278.6
4278.6
4278.6
4278.6
4278.6
4278.6
4278.6
4278.6
4249.2
4249.2
4249.2
4249.2
4249.2
4249.2
4249.2
4249.2
4249.2
4249.2
4249.2
4249.2
4249.2
4249.2
4219.9
4219.9
4219.9
4219.9
4219.9
4219.9
4219.9
4219.9
4219.9
4219.9
4219.9
4219.9
4219.9
4176.0
4176.0
4176.0
4176.0
4176.0
4176.0
4176.0
4176.0
4176.0
4176.0
4176.0
4176.0
4176.0
4176.0
4161.3
4161.3
4161.3
4161.3
4161.3
4161.3
4161.3
4161.3
4161.3
4161.3
4161.3
4161.3
4161.3
4161.3
4132.0
4132.0
4132.0
4132.0
4132.0
4132.0
4132.0
4088.1
4088.1
4088.1
4088.1
4088.1
4088.1
4088.1
4088.1
4088.1
4088.1
4088.1
4088.1
4088.1
4088.1
4073.4
4073.4
4073.4
4073.4
4073.4
4073.4
4073.4
4073.4
4073.4
4073.4
4073.4
4073.4
4073.4
4073.4
4044.1
4044.1
4044.1
4044.1
4044.1
4044.1
4044.1
4044.1
4044.1
4044.1
4044.1
4044.1
4044.1
4014.8
4014.8
4014.8
4014.8
4014.8
4014.8
4014.8
4014.8
4014.8
4014.8
4014.8
4014.8
4014.8
4014.8
3985.5
3985.5
3985.5
3985.5
3985.5
3985.5
3985.5
3985.5
3985.5
3985.5
3985.5
3985.5
3985.5
3985.5
3956.2
3956.2
3956.2
3956.2
3956.2
3956.2
3956.2
3956.2
3956.2
3956.2
3956.2
3956.2
3956.2
3956.2
3926.9
3926.9
3926.9
3926.9
3926.9
3926.9
3926.9
3926.9
3926.9
3926.9
3926.9
3926.9
3926.9
3926.9
3897.6
3897.6
3897.6
3897.6
3897.6
3897.6
3897.6
3897.6
3897.6
3897.6
3897.6
3897.6
3897.6
3897.6
3882.9
3882.9
3882.9
3882.9
3882.9
3882.9
3882.9
3882.9
3882.9
3882.9
3882.9
3882.9
3882.9
3882.9
3839.0
3839.0
3839.0
3839.0
3839.0
3839.0
3839.0
3809.7
3809.7
3809.7
3809.7
3809.7
3809.7
3809.7
3809.7
3809.7
3809.7
3809.7
3809.7
3809.7
3809.7
3795.0
3795.0
3795.0
3795.0
3795.0
3795.0
3795.0
3795.0
3795.0
3795.0
3795.0
3795.0
3795.0
3795.0
3751.1
3751.1
3751.1
3751.1
3751.1
3751.1
3751.1
3751.1
3751.1
3751.1
3751.1
3751.1
3751.1
3751.1
3736.4
3736.4
3736.4
3736.4
3736.4
3736.4
3736.4
3736.4
3736.4
3736.4
3736.4
3736.4
3736.4
3736.4
3677.8
3677.8
3677.8
3677.8
3677.8
3677.8
3677.8
3677.8
3677.8
3677.8
3677.8
3677.8
3677.8
3677.8
3648.5
3648.5
3648.5
3648.5
3648.5
3648.5
3648.5
3648.5
3648.5
3648.5
3648.5
3648.5
3648.5
3648.5
3633.8
3633.8
3633.8
3633.8
3633.8
3633.8
3633.8
3633.8
3633.8
3633.8
3633.8
3633.8
3633.8
3633.8
3633.8
3589.9
3589.9
3589.9
3589.9
3589.9
3589.9
3589.9
3589.9
3589.9
3589.9
3589.9
3589.9
3589.9
3589.9
3575.2
3575.2
3575.2
3575.2
3575.2
3575.2
3575.2
3575.2
3575.2
3575.2
3575.2
3575.2
3575.2
3575.2
3545.9
3545.9
3545.9
3545.9
3545.9
3545.9
3545.9
3502.0
3502.0
3502.0
3502.0
3502.0
3502.0
3502.0
3502.0
3502.0
3502.0
3502.0
3502.0
3502.0
3502.0
3487.3
3487.3
3487.3
3487.3
3487.3
3487.3
3487.3
3487.3
3487.3
3487.3
3487.3
3487.3
3487.3
3487.3
3458.0
3458.0
3458.0
3458.0
3458.0
3458.0
3458.0
3458.0
3458.0
3458.0
3458.0
3458.0
3458.0
3458.0
3428.7
3428.7
3428.7
3428.7
3428.7
3428.7
3428.7
3428.7
3428.7
3428.7
3428.7
3428.7
3428.7
3428.7
3428.7
3399.4
3399.4
3399.4
3399.4
3399.4
3399.4
3399.4
3399.4
3399.4
3399.4
3399.4
3399.4
3399.4
3399.4
3355.4
3355.4
3355.4
3355.4
3355.4
3355.4
3355.4
3355.4
3355.4
3355.4
3355.4
3355.4
3355.4
3355.4
3340.8
3340.8
3340.8
3340.8
3340.8
3340.8
3340.8
3340.8
3340.8
3340.8
3340.8
3340.8
3340.8
3340.8
3311.5
3311.5
3311.5
3311.5
3311.5
3311.5
3311.5
3311.5
3311.5
3311.5
3311.5
3311.5
3311.5
3311.5
3311.5
3296.8
3296.8
3296.8
3296.8
3296.8
3296.8
3296.8
3296.8
3296.8
3296.8
3296.8
3296.8
3296.8
3296.8
3252.9
3252.9
3252.9
3252.9
3252.9
3252.9
3252.9
3223.6
3223.6
3223.6
3223.6
3223.6
3223.6
3223.6
3223.6
3223.6
3223.6
3223.6
3223.6
3223.6
3223.6
3194.3
3194.3
3194.3
3194.3
3194.3
3194.3
3194.3
3194.3
3194.3
3194.3
3194.3
3194.3
3194.3
3194.3
3194.3
3165.0
3165.0
3165.0
3165.0
3165.0
3165.0
3165.0
3165.0
3165.0
3165.0
3165.0
3165.0
3165.0
3165.0
3150.3
3150.3
3150.3
3150.3
3150.3
3150.3
3150.3
3150.3
3150.3
3150.3
3150.3
3150.3
3150.3
3150.3
3106.3
3106.3
3106.3
3106.3
3106.3
3106.3
3106.3
3106.3
3106.3
3106.3
3106.3
3106.3
3106.3
3106.3
3106.3
3062.4
3062.4
3062.4
3062.4
3062.4
3062.4
3062.4
3062.4
3062.4
3062.4
3062.4
3062.4
3062.4
3062.4
3047.7
3047.7
3047.7
3047.7
3047.7
3047.7
3047.7
3047.7
3047.7
3047.7
3047.7
3047.7
3047.7
3047.7
3047.7
3003.8
3003.8
3003.8
3003.8
3003.8
3003.8
3003.8
3003.8
3003.8
3003.8
3003.8
3003.8
3003.8
3003.8
2989.1
2989.1
2989.1
2989.1
2989.1
2989.1
2989.1
2989.1
2989.1
2989.1
2989.1
2989.1
2989.1
2989.1
2959.8
2959.8
2959.8
2959.8
2959.8
2959.8
2959.8
2959.8
2915.9
2915.9
2915.9
2915.9
2915.9
2915.9
2915.9
2915.9
2915.9
2915.9
2915.9
2915.9
2915.9
2915.9
2901.2
2901.2
2901.2
2901.2
2901.2
2901.2
2901.2
2901.2
2901.2
2901.2
2901.2
2901.2
2901.2
2901.2
2901.2
2871.9
2871.9
2871.9
2871.9
2871.9
2871.9
2871.9
2871.9
2871.9
2871.9
2871.9
2871.9
2871.9
2871.9
2842.6
2842.6
2842.6
2842.6
2842.6
2842.6
2842.6
2842.6
2842.6
2842.6
2842.6
2842.6
2842.6
2842.6
2842.6
2813.3
2813.3
2813.3
2813.3
2813.3
2813.3
2813.3
2813.3
2813.3
2813.3
2813.3
2813.3
2813.3
2813.3
2769.3
2769.3
2769.3
2769.3
2769.3
2769.3
2769.3
2769.3
2769.3
2769.3
2769.3
2769.3
2769.3
2769.3
2769.3
2754.7
2754.7
2754.7
2754.7
2754.7
2754.7
2754.7
2754.7
2754.7
2754.7
2754.7
2754.7
2754.7
2754.7
2725.4
2725.4
2725.4
2725.4
2725.4
2725.4
2725.4
2725.4
2725.4
2725.4
2725.4
2725.4
2725.4
2725.4
2725.4
2710.7
2710.7
2710.7
2710.7
2710.7
2710.7
2710.7
2710.7
2710.7
2710.7
2710.7
2710.7
2710.7
2710.7
2710.7
2666.8
2666.8
2666.8
2666.8
2666.8
2666.8
2666.8
2637.5
2637.5
2637.5
2637.5
2637.5
2637.5
2637.5
2637.5
2637.5
2637.5
2637.5
2637.5
2637.5
2637.5
2608.2
2608.2
2608.2
2608.2
2608.2
2608.2
2608.2
2608.2
2608.2
2608.2
2608.2
2608.2
2608.2
2608.2
2608.2
2578.9
2578.9
2578.9
2578.9
2578.9
2578.9
2578.9
2578.9
2578.9
2578.9
2578.9
2578.9
2578.9
2578.9
2578.9
2564.2
2564.2
2564.2
2564.2
2564.2
2564.2
2564.2
2564.2
2564.2
2564.2
2564.2
2564.2
2564.2
2564.2
2520.2
2520.2
2520.2
2520.2
2520.2
2520.2
2520.2
2520.2
2520.2
2520.2
2520.2
2520.2
2520.2
2520.2
2520.2
2490.9
2490.9
2490.9
2490.9
2490.9
2490.9
2490.9
2490.9
2490.9
2490.9
2490.9
2490.9
2490.9
2490.9
2490.9
2476.3
2476.3
2476.3
2476.3
2476.3
2476.3
2476.3
2476.3
2476.3
2476.3
2476.3
2476.3
2476.3
2476.3
2476.3
2417.7
2417.7
2417.7
2417.7
2417.7
2417.7
2417.7
2417.7
2417.7
2417.7
2417.7
2417.7
2417.7
2417.7
2403.0
2403.0
2403.0
2403.0
2403.0
2403.0
2403.0
2403.0
2403.0
2403.0
2403.0
2403.0
2403.0
2403.0
2403.0
2373.7
2373.7
2373.7
2373.7
2373.7
2373.7
2373.7
2373.7
2329.8
2329.8
2329.8
2329.8
2329.8
2329.8
2329.8
2329.8
2329.8
2329.8
2329.8
2329.8
2329.8
2329.8
2315.1
2315.1
2315.1
2315.1
2315.1
2315.1
2315.1
2315.1
2315.1
2315.1
2315.1
2315.1
2315.1
2315.1
2315.1
2271.2
2271.2
2271.2
2271.2
2271.2
2271.2
2271.2
2271.2
2271.2
2271.2
2271.2
2271.2
2271.2
2271.2
2271.2
2256.5
2256.5
2256.5
2256.5
2256.5
2256.5
2256.5
2256.5
2256.5
2256.5
2256.5
2256.5
2256.5
2256.5
2256.5
2227.2
2227.2
2227.2
2227.2
2227.2
2227.2
2227.2
2227.2
2227.2
2227.2
2227.2
2227.2
2227.2
2227.2
2227.2
2183.2
2183.2
2183.2
2183.2
2183.2
2183.2
2183.2
2183.2
2183.2
2183.2
2183.2
2183.2
2183.2
2183.2
2183.2
2168.6
2168.6
2168.6
2168.6
2168.6
2168.6
2168.6
2168.6
2168.6
2168.6
2168.6
2168.6
2168.6
2168.6
2168.6
2139.3
2139.3
2139.3
2139.3
2139.3
2139.3
2139.3
2139.3
2139.3
2139.3
2139.3
2139.3
2139.3
2139.3
2139.3
2110.0
2110.0
2110.0
2110.0
2110.0
2110.0
2110.0
2110.0
2110.0
2110.0
2110.0
2110.0
2110.0
2110.0
2080.7
2080.7
2080.7
2080.7
2080.7
2080.7
2080.7
2080.7
2051.4
2051.4
2051.4
2051.4
2051.4
2051.4
2051.4
2051.4
2051.4
2051.4
2051.4
2051.4
2051.4
2051.4
2051.4
2022.1
2022.1
2022.1
2022.1
2022.1
2022.1
2022.1
2022.1
2022.1
2022.1
2022.1
2022.1
2022.1
2022.1
2022.1
1992.8
1992.8
1992.8
1992.8
1992.8
1992.8
1992.8
1992.8
1992.8
1992.8
1992.8
1992.8
1992.8
1992.8
1992.8
1978.1
1978.1
1978.1
1978.1
1978.1
1978.1
1978.1
1978.1
1978.1
1978.1
1978.1
1978.1
1978.1
1978.1
1978.1
1934.1
1934.1
1934.1
1934.1
1934.1
1934.1
1934.1
1934.1
1934.1
1934.1
1934.1
1934.1
1934.1
1934.1
1934.1
1904.8
1904.8
1904.8
1904.8
1904.8
1904.8
1904.8
1904.8
1904.8
1904.8
1904.8
1904.8
1904.8
1904.8
1904.8
1890.2
1890.2
1890.2
1890.2
1890.2
1890.2
1890.2
1890.2
1890.2
1890.2
1890.2
1890.2
1890.2
1890.2
1890.2
1846.2
1846.2
1846.2
1846.2
1846.2
1846.2
1846.2
1846.2
1846.2
1846.2
1846.2
1846.2
1846.2
1846.2
1846.2
1831.6
1831.6
1831.6
1831.6
1831.6
1831.6
1831.6
1831.6
1831.6
1831.6
1831.6
1831.6
1831.6
1831.6
1831.6
1773.0
1773.0
1773.0
1773.0
1773.0
1773.0
1773.0
1773.0
1743.7
1743.7
1743.7
1743.7
1743.7
1743.7
1743.7
1743.7
1743.7
1743.7
1743.7
1743.7
1743.7
1743.7
1743.7
1729.0
1729.0
1729.0
1729.0
1729.0
1729.0
1729.0
1729.0
1729.0
1729.0
1729.0
1729.0
1729.0
1729.0
1729.0
1685.0
1685.0
1685.0
1685.0
1685.0
1685.0
1685.0
1685.0
1685.0
1685.0
1685.0
1685.0
1685.0
1685.0
1685.0
1670.4
1670.4
1670.4
1670.4
1670.4
1670.4
1670.4
1670.4
1670.4
1670.4
1670.4
1670.4
1670.4
1670.4
1670.4
1641.1
1641.1
1641.1
1641.1
1641.1
1641.1
1641.1
1641.1
1641.1
1641.1
1641.1
1641.1
1641.1
1641.1
1641.1
1641.1
1597.1
1597.1
1597.1
1597.1
1597.1
1597.1
1597.1
1597.1
1597.1
1597.1
1597.1
1597.1
1597.1
1597.1
1597.1
1582.5
1582.5
1582.5
1582.5
1582.5
1582.5
1582.5
1582.5
1582.5
1582.5
1582.5
1582.5
1582.5
1582.5
1582.5
1553.2
1553.2
1553.2
1553.2
1553.2
1553.2
1553.2
1553.2
1553.2
1553.2
1553.2
1553.2
1553.2
1553.2
1553.2
1509.2
1509.2
1509.2
1509.2
1509.2
1509.2
1509.2
1509.2
1509.2
1509.2
1509.2
1509.2
1509.2
1509.2
1509.2
1509.2
1494.6
1494.6
1494.6
1494.6
1494.6
1494.6
1494.6
1465.3
1465.3
1465.3
1465.3
1465.3
1465.3
1465.3
1465.3
1465.3
1465.3
1465.3
1465.3
1465.3
1465.3
1465.3
1465.3
1436.0
1436.0
1436.0
1436.0
1436.0
1436.0
1436.0
1436.0
1436.0
1436.0
1436.0
1436.0
1436.0
1436.0
1436.0
1406.6
1406.6
1406.6
1406.6
1406.6
1406.6
1406.6
1406.6
1406.6
1406.6
1406.6
1406.6
1406.6
1406.6
1406.6
1362.7
1362.7
1362.7
1362.7
1362.7
1362.7
1362.7
1362.7
1362.7
1362.7
1362.7
1362.7
1362.7
1362.7
1362.7
1362.7
1348.0
1348.0
1348.0
1348.0
1348.0
1348.0
1348.0
1348.0
1348.0
1348.0
1348.0
1348.0
1348.0
1348.0
1348.0
1318.7
1318.7
1318.7
1318.7
1318.7
1318.7
1318.7
1318.7
1318.7
1318.7
1318.7
1318.7
1318.7
1318.7
1318.7
1318.7
1304.1
1304.1
1304.1
1304.1
1304.1
1304.1
1304.1
1304.1
1304.1
1304.1
1304.1
1304.1
1304.1
1304.1
1304.1
1260.1
1260.1
1260.1
1260.1
1260.1
1260.1
1260.1
1260.1
1260.1
1260.1
1260.1
1260.1
1260.1
1260.1
1260.1
1230.8
1230.8
1230.8
1230.8
1230.8
1230.8
1230.8
1230.8
1230.8
1230.8
1230.8
1230.8
1230.8
1230.8
1230.8
1230.8
1186.9
1186.9
1186.9
1186.9
1186.9
1186.9
1186.9
1186.9
1157.6
1157.6
1157.6
1157.6
1157.6
1157.6
1157.6
1157.6
1157.6
1157.6
1157.6
1157.6
1157.6
1157.6
1157.6
1142.9
1142.9
1142.9
1142.9
1142.9
1142.9
1142.9
1142.9
1142.9
1142.9
1142.9
1142.9
1142.9
1142.9
1142.9
1142.9
1098.9
1098.9
1098.9
1098.9
1098.9
1098.9
1098.9
1098.9
1098.9
1098.9
1098.9
1098.9
1098.9
1098.9
1098.9
1069.6
1069.6
1069.6
1069.6
1069.6
1069.6
1069.6
1069.6
1069.6
1069.6
1069.6
1069.6
1069.6
1069.6
1069.6
1069.6
1055.0
1055.0
1055.0
1055.0
1055.0
1055.0
1055.0
1055.0
1055.0
1055.0
1055.0
1055.0
1055.0
1055.0
1055.0
1011.0
1011.0
1011.0
1011.0
1011.0
1011.0
1011.0
1011.0
1011.0
1011.0
1011.0
1011.0
1011.0
1011.0
1011.0
1011.0
996.4
996.4
996.4
996.4
996.4
996.4
996.4
996.4
996.4
996.4
996.4
996.4
996.4
996.4
996.4
996.4
967.1
967.1
967.1
967.1
967.1
967.1
967.1
967.1
967.1
967.1
967.1
967.1
967.1
967.1
967.1
923.1
923.1
923.1
923.1
923.1
923.1
923.1
923.1
923.1
923.1
923.1
923.1
923.1
923.1
923.1
923.1
908.5
908.5
908.5
908.5
908.5
908.5
908.5
908.5
864.5
864.5
864.5
864.5
864.5
864.5
864.5
864.5
864.5
864.5
864.5
864.5
864.5
864.5
864.5
849.8
849.8
849.8
849.8
849.8
849.8
849.8
849.8
849.8
849.8
849.8
849.8
849.8
849.8
849.8
849.8
820.5
820.5
820.5
820.5
820.5
820.5
820.5
820.5
820.5
820.5
820.5
820.5
820.5
820.5
820.5
820.5
776.6
776.6
776.6
776.6
776.6
776.6
776.6
776.6
776.6
776.6
776.6
776.6
776.6
776.6
776.6
776.6
761.9
761.9
761.9
761.9
761.9
761.9
761.9
761.9
761.9
761.9
761.9
761.9
761.9
761.9
761.9
732.6
732.6
732.6
732.6
732.6
732.6
732.6
732.6
732.6
732.6
732.6
732.6
732.6
732.6
732.6
732.6
703.3
703.3
703.3
703.3
703.3
703.3
703.3
703.3
703.3
703.3
703.3
703.3
703.3
703.3
703.3
703.3
674.0
674.0
674.0
674.0
674.0
674.0
674.0
674.0
674.0
674.0
674.0
674.0
674.0
674.0
674.0
674.0
644.7
644.7
644.7
644.7
644.7
644.7
644.7
644.7
644.7
644.7
644.7
644.7
644.7
644.7
644.7
644.7
615.4
615.4
615.4
615.4
615.4
615.4
615.4
615.4
615.4
615.4
615.4
615.4
615.4
615.4
615.4
586.1
586.1
586.1
586.1
586.1
586.1
586.1
586.1
556.8
556.8
556.8
556.8
556.8
556.8
556.8
556.8
556.8
556.8
556.8
556.8
556.8
556.8
556.8
556.8
512.8
512.8
512.8
512.8
512.8
512.8
512.8
512.8
512.8
512.8
512.8
512.8
512.8
512.8
512.8
512.8
483.5
483.5
483.5
483.5
483.5
483.5
483.5
483.5
483.5
483.5
483.5
483.5
483.5
483.5
483.5
483.5
468.9
468.9
468.9
468.9
468.9
468.9
468.9
468.9
468.9
468.9
468.9
468.9
468.9
468.9
468.9
468.9
424.9
424.9
424.9
424.9
424.9
424.9
424.9
424.9
424.9
424.9
424.9
424.9
424.9
424.9
424.9
424.9
410.3
410.3
410.3
410.3
410.3
410.3
410.3
410.3
410.3
410.3
410.3
410.3
410.3
410.3
410.3
410.3
381.0
381.0
381.0
381.0
381.0
381.0
381.0
381.0
381.0
381.0
381.0
381.0
381.0
381.0
381.0
381.0
337.0
337.0
337.0
337.0
337.0
337.0
337.0
337.0
337.0
337.0
337.0
337.0
337.0
337.0
337.0
337.0
322.4
322.4
322.4
322.4
322.4
322.4
322.4
322.4
322.4
322.4
322.4
322.4
322.4
322.4
322.4
322.4
278.4
278.4
278.4
278.4
278.4
278.4
278.4
278.4
263.7
263.7
263.7
263.7
263.7
263.7
263.7
263.7
263.7
263.7
263.7
263.7
263.7
263.7
263.7
263.7
234.4
234.4
234.4
234.4
234.4
234.4
234.4
234.4
234.4
234.4
234.4
234.4
234.4
234.4
234.4
234.4
190.5
190.5
190.5
190.5
190.5
190.5
190.5
190.5
190.5
190.5
190.5
190.5
190.5
190.5
190.5
190.5
175.8
175.8
175.8
175.8
175.8
175.8
175.8
175.8
175.8
175.8
175.8
175.8
175.8
175.8
175.8
175.8
175.8
146.5
146.5
146.5
146.5
146.5
146.5
146.5
146.5
146.5
146.5
146.5
146.5
146.5
146.5
146.5
146.5
117.2
117.2
117.2
117.2
117.2
117.2
117.2
117.2
117.2
117.2
117.2
117.2
117.2
117.2
117.2
117.2
87.9
87.9
87.9
87.9
87.9
87.9
87.9
87.9
87.9
87.9
87.9
87.9
87.9
87.9
87.9
87.9
58.6
58.6
58.6
58.6
58.6
58.6
58.6
58.6
58.6
58.6
58.6
58.6
58.6
58.6
58.6
58.6
29.3
29.3
29.3
29.3
29.3
29.3
29.3
29.3
29.3
29.3
29.3
29.3
29.3
29.3
29.3
29.3
29.3
0.0
0.0
0.0
0.0
0.0
0.0
0.0
0.0
-14.7
-14.7
-14.7
-14.7
-14.7
-14.7
-14.7
-14.7
-14.7
-14.7
-14.7
-14.7
-14.7
-14.7
-14.7
-14.7
-73.3
-73.3
-73.3
-73.3
-73.3
-73.3
-73.3
-73.3
-73.3
-73.3
-73.3
-73.3
-73.3
-73.3
-73.3
-73.3
-102.6
-102.6
-102.6
-102.6
-102.6
-102.6
-102.6
-102.6
-102.6
-102.6
-102.6
-102.6
-102.6
-102.6
-102.6
-102.6
-102.6
-117.2
-117.2
-117.2
-117.2
-117.2
-117.2
-117.2
-117.2
-117.2
-117.2
-117.2
-117.2
-117.2
-117.2
-117.2
-117.2
-161.2
-161.2
-161.2
-161.2
-161.2
-161.2
-161.2
-161.2
-161.2
-161.2
-161.2
-161.2
-161.2
-161.2
-161.2
-161.2
-175.8
-175.8
-175.8
-175.8
-175.8
-175.8
-175.8
-175.8
-175.8
-175.8
-175.8
-175.8
-175.8
-175.8
-175.8
-175.8
-175.8
-205.1
-205.1
-205.1
-205.1
-205.1
-205.1
-205.1
-205.1
-205.1
-205.1
-205.1
-205.1
-205.1
-205.1
-205.1
-205.1
-249.1
-249.1
-249.1
-249.1
-249.1
-249.1
-249.1
-249.1
-249.1
-249.1
-249.1
-249.1
-249.1
-249.1
-249.1
-249.1
-249.1
-263.7
-263.7
-263.7
-263.7
-263.7
-263.7
-263.7
-263.7
-263.7
-263.7
-263.7
-263.7
-263.7
-263.7
-263.7
-263.7
-307.7
-307.7
-307.7
-307.7
-307.7
-307.7
-307.7
-307.7
-322.4
-322.4
-322.4
-322.4
-322.4
-322.4
-322.4
-322.4
-322.4
-322.4
-322.4
-322.4
-322.4
-322.4
-322.4
-322.4
-322.4
-351.7
-351.7
-351.7
-351.7
-351.7
-351.7
-351.7
-351.7
-351.7
-351.7
-351.7
-351.7
-351.7
-351.7
-351.7
-351.7
-395.6
-395.6
-395.6
-395.6
-395.6
-395.6
-395.6
-395.6
-395.6
-395.6
-395.6
-395.6
-395.6
-395.6
-395.6
-395.6
-395.6
-410.3
-410.3
-410.3
-410.3
-410.3
-410.3
-410.3
-410.3
-410.3
-410.3
-410.3
-410.3
-410.3
-410.3
-410.3
-410.3
-410.3
-439.6
-439.6
-439.6
-439.6
-439.6
-439.6
-439.6
-439.6
-439.6
-439.6
-439.6
-439.6
-439.6
-439.6
-439.6
-439.6
-468.9
-468.9
-468.9
-468.9
-468.9
-468.9
-468.9
-468.9
-468.9
-468.9
-468.9
-468.9
-468.9
-468.9
-468.9
-468.9
-468.9
-498.2
-498.2
-498.2
-498.2
-498.2
-498.2
-498.2
-498.2
-498.2
-498.2
-498.2
-498.2
-498.2
-498.2
-498.2
-498.2
-527.5
-527.5
-527.5
-527.5
-527.5
-527.5
-527.5
-527.5
-527.5
-527.5
-527.5
-527.5
-527.5
-527.5
-527.5
-527.5
-527.5
-556.8
-556.8
-556.8
-556.8
-556.8
-556.8
-556.8
-556.8
-556.8
-556.8
-556.8
-556.8
-556.8
-556.8
-556.8
-556.8
-556.8
-586.1
-586.1
-586.1
-586.1
-586.1
-586.1
-586.1
-586.1
-600.8
-600.8
-600.8
-600.8
-600.8
-600.8
-600.8
-600.8
-600.8
-600.8
-600.8
-600.8
-600.8
-600.8
-600.8
-600.8
-600.8
-644.7
-644.7
-644.7
-644.7
-644.7
-644.7
-644.7
-644.7
-644.7
-644.7
-644.7
-644.7
-644.7
-644.7
-644.7
-644.7
-688.7
-688.7
-688.7
-688.7
-688.7
-688.7
-688.7
-688.7
-688.7
-688.7
-688.7
-688.7
-688.7
-688.7
-688.7
-688.7
-688.7
-703.3
-703.3
-703.3
-703.3
-703.3
-703.3
-703.3
-703.3
-703.3
-703.3
-703.3
-703.3
-703.3
-703.3
-703.3
-703.3
-703.3
-747.3
-747.3
-747.3
-747.3
-747.3
-747.3
-747.3
-747.3
-747.3
-747.3
-747.3
-747.3
-747.3
-747.3
-747.3
-747.3
-747.3
-761.9
-761.9
-761.9
-761.9
-761.9
-761.9
-761.9
-761.9
-761.9
-761.9
-761.9
-761.9
-761.9
-761.9
-761.9
-761.9
-805.9
-805.9
-805.9
-805.9
-805.9
-805.9
-805.9
-805.9
-805.9
-805.9
-805.9
-805.9
-805.9
-805.9
-805.9
-805.9
-805.9
-835.2
-835.2
-835.2
-835.2
-835.2
-835.2
-835.2
-835.2
-835.2
-835.2
-835.2
-835.2
-835.2
-835.2
-835.2
-835.2
-835.2
-849.8
-849.8
-849.8
-849.8
-849.8
-849.8
-849.8
-849.8
-849.8
-849.8
-849.8
-849.8
-849.8
-849.8
-849.8
-849.8
-849.8
-893.8
-893.8
-893.8
-893.8
-893.8
-893.8
-893.8
-893.8
-908.5
-908.5
-908.5
-908.5
-908.5
-908.5
-908.5
-908.5
-908.5
-908.5
-908.5
-908.5
-908.5
-908.5
-908.5
-908.5
-908.5
-937.8
-937.8
-937.8
-937.8
-937.8
-937.8
-937.8
-937.8
-937.8
-937.8
-937.8
-937.8
-937.8
-937.8
-937.8
-937.8
-937.8
-981.7
-981.7
-981.7
-981.7
-981.7
-981.7
-981.7
-981.7
-981.7
-981.7
-981.7
-981.7
-981.7
-981.7
-981.7
-981.7
-981.7
-996.4
-996.4
-996.4
-996.4
-996.4
-996.4
-996.4
-996.4
-996.4
-996.4
-996.4
-996.4
-996.4
-996.4
-996.4
-996.4
-996.4
-1025.7
-1025.7
-1025.7
-1025.7
-1025.7
-1025.7
-1025.7
-1025.7
-1025.7
-1025.7
-1025.7
-1025.7
-1025.7
-1025.7
-1025.7
-1025.7
-1025.7
-1069.6
-1069.6
-1069.6
-1069.6
-1069.6
-1069.6
-1069.6
-1069.6
-1069.6
-1069.6
-1069.6
-1069.6
-1069.6
-1069.6
-1069.6
-1069.6
-1069.6
-1084.3
-1084.3
-1084.3
-1084.3
-1084.3
-1084.3
-1084.3
-1084.3
-1084.3
-1084.3
-1084.3
-1084.3
-1084.3
-1084.3
-1084.3
-1084.3
-1084.3
-1128.2
-1128.2
-1128.2
-1128.2
-1128.2
-1128.2
-1128.2
-1128.2
-1128.2
-1128.2
-1128.2
-1128.2
-1128.2
-1128.2
-1128.2
-1128.2
-1128.2
-1128.2
-1142.9
-1142.9
-1142.9
-1142.9
-1142.9
-1142.9
-1142.9
-1142.9
-1142.9
-1142.9
-1142.9
-1142.9
-1142.9
-1142.9
-1142.9
-1142.9
-1142.9
-1172.2
-1172.2
-1172.2
-1172.2
-1172.2
-1172.2
-1172.2
-1172.2
-1216.2
-1216.2
-1216.2
-1216.2
-1216.2
-1216.2
-1216.2
-1216.2
-1216.2
-1216.2
-1216.2
-1216.2
-1216.2
-1216.2
-1216.2
-1216.2
-1216.2
-1230.8
-1230.8
-1230.8
-1230.8
-1230.8
-1230.8
-1230.8
-1230.8
-1230.8
-1230.8
-1230.8
-1230.8
-1230.8
-1230.8
-1230.8
-1230.8
-1230.8
-1230.8
-1260.1
-1260.1
-1260.1
-1260.1
-1260.1
-1260.1
-1260.1
-1260.1
-1260.1
-1260.1
-1260.1
-1260.1
-1260.1
-1260.1
-1260.1
-1260.1
-1260.1
-1289.4
-1289.4
-1289.4
-1289.4
-1289.4
-1289.4
-1289.4
-1289.4
-1289.4
-1289.4
-1289.4
-1289.4
-1289.4
-1289.4
-1289.4
-1289.4
-1289.4
-1333.4
-1333.4
-1333.4
-1333.4
-1333.4
-1333.4
-1333.4
-1333.4
-1333.4
-1333.4
-1333.4
-1333.4
-1333.4
-1333.4
-1333.4
-1333.4
-1333.4
-1362.7
-1362.7
-1362.7
-1362.7
-1362.7
-1362.7
-1362.7
-1362.7
-1362.7
-1362.7
-1362.7
-1362.7
-1362.7
-1362.7
-1362.7
-1362.7
-1362.7
-1392.0
-1392.0
-1392.0
-1392.0
-1392.0
-1392.0
-1392.0
-1392.0
-1392.0
-1392.0
-1392.0
-1392.0
-1392.0
-1392.0
-1392.0
-1392.0
-1392.0
-1392.0
-1421.3
-1421.3
-1421.3
-1421.3
-1421.3
-1421.3
-1421.3
-1421.3
-1421.3
-1421.3
-1421.3
-1421.3
-1421.3
-1421.3
-1421.3
-1421.3
-1421.3
-1436.0
-1436.0
-1436.0
-1436.0
-1436.0
-1436.0
-1436.0
-1436.0
-1436.0
-1436.0
-1436.0
-1436.0
-1436.0
-1436.0
-1436.0
-1436.0
-1436.0
-1479.9
-1479.9
-1479.9
-1479.9
-1479.9
-1479.9
-1479.9
-1479.9
-1479.9
-1509.2
-1509.2
-1509.2
-1509.2
-1509.2
-1509.2
-1509.2
-1509.2
-1509.2
-1509.2
-1509.2
-1509.2
-1509.2
-1509.2
-1509.2
-1509.2
-1509.2
-1523.9
-1523.9
-1523.9
-1523.9
-1523.9
-1523.9
-1523.9
-1523.9
-1523.9
-1523.9
-1523.9
-1523.9
-1523.9
-1523.9
-1523.9
-1523.9
-1523.9
-1523.9
-1567.8
-1567.8
-1567.8
-1567.8
-1567.8
-1567.8
-1567.8
-1567.8
-1567.8
-1567.8
-1567.8
-1567.8
-1567.8
-1567.8
-1567.8
-1567.8
-1567.8
-1582.5
-1582.5
-1582.5
-1582.5
-1582.5
-1582.5
-1582.5
-1582.5
-1582.5
-1582.5
-1582.5
-1582.5
-1582.5
-1582.5
-1582.5
-1582.5
-1582.5
-1582.5
-1611.8
-1611.8
-1611.8
-1611.8
-1611.8
-1611.8
-1611.8
-1611.8
-1611.8
-1611.8
-1611.8
-1611.8
-1611.8
-1611.8
-1611.8
-1611.8
-1611.8
-1655.7
-1655.7
-1655.7
-1655.7
-1655.7
-1655.7
-1655.7
-1655.7
-1655.7
-1655.7
-1655.7
-1655.7
-1655.7
-1655.7
-1655.7
-1655.7
-1655.7
-1655.7
-1670.4
-1670.4
-1670.4
-1670.4
-1670.4
-1670.4
-1670.4
-1670.4
-1670.4
-1670.4
-1670.4
-1670.4
-1670.4
-1670.4
-1670.4
-1670.4
-1670.4
-1714.4
-1714.4
-1714.4
-1714.4
-1714.4
-1714.4
-1714.4
-1714.4
-1714.4
-1714.4
-1714.4
-1714.4
-1714.4
-1714.4
-1714.4
-1714.4
-1714.4
-1714.4
-1729.0
-1729.0
-1729.0
-1729.0
-1729.0
-1729.0
-1729.0
-1729.0
-1729.0
-1729.0
-1729.0
-1729.0
-1729.0
-1729.0
-1729.0
-1729.0
-1729.0
-1758.3
-1758.3
-1758.3
-1758.3
-1758.3
-1758.3
-1758.3
-1758.3
-1758.3
-1802.3
-1802.3
-1802.3
-1802.3
-1802.3
-1802.3
-1802.3
-1802.3
-1802.3
-1802.3
-1802.3
-1802.3
-1802.3
-1802.3
-1802.3
-1802.3
-1802.3
-1802.3
-1816.9
-1816.9
-1816.9
-1816.9
-1816.9
-1816.9
-1816.9
-1816.9
-1816.9
-1816.9
-1816.9
-1816.9
-1816.9
-1816.9
-1816.9
-1816.9
-1816.9
-1846.2
-1846.2
-1846.2
-1846.2
-1846.2
-1846.2
-1846.2
-1846.2
-1846.2
-1846.2
-1846.2
-1846.2
-1846.2
-1846.2
-1846.2
-1846.2
-1846.2
-1846.2
-1875.5
-1875.5
-1875.5
-1875.5
-1875.5
-1875.5
-1875.5
-1875.5
-1875.5
-1875.5
-1875.5
-1875.5
-1875.5
-1875.5
-1875.5
-1875.5
-1875.5
-1904.8
-1904.8
-1904.8
-1904.8
-1904.8
-1904.8
-1904.8
-1904.8
-1904.8
-1904.8
-1904.8
-1904.8
-1904.8
-1904.8
-1904.8
-1904.8
-1904.8
-1904.8
-1948.8
-1948.8
-1948.8
-1948.8
-1948.8
-1948.8
-1948.8
-1948.8
-1948.8
-1948.8
-1948.8
-1948.8
-1948.8
-1948.8
-1948.8
-1948.8
-1948.8
-1948.8
-1978.1
-1978.1
-1978.1
-1978.1
-1978.1
-1978.1
-1978.1
-1978.1
-1978.1
-1978.1
-1978.1
-1978.1
-1978.1
-1978.1
-1978.1
-1978.1
-1978.1
-1978.1
-2007.4
-2007.4
-2007.4
-2007.4
-2007.4
-2007.4
-2007.4
-2007.4
-2007.4
-2007.4
-2007.4
-2007.4
-2007.4
-2007.4
-2007.4
-2007.4
-2007.4
-2022.1
-2022.1
-2022.1
-2022.1
-2022.1
-2022.1
-2022.1
-2022.1
-2022.1
-2022.1
-2022.1
-2022.1
-2022.1
-2022.1
-2022.1
-2022.1
-2022.1
-2022.1
-2066.0
-2066.0
-2066.0
-2066.0
-2066.0
-2066.0
-2066.0
-2066.0
-2066.0
-2095.3
-2095.3
-2095.3
-2095.3
-2095.3
-2095.3
-2095.3
-2095.3
-2095.3
-2095.3
-2095.3
-2095.3
-2095.3
-2095.3
-2095.3
-2095.3
-2095.3
-2095.3
-2110.0
-2110.0
-2110.0
-2110.0
-2110.0
-2110.0
-2110.0
-2110.0
-2110.0
-2110.0
-2110.0
-2110.0
-2110.0
-2110.0
-2110.0
-2110.0
-2110.0
-2110.0
-2153.9
-2153.9
-2153.9
-2153.9
-2153.9
-2153.9
-2153.9
-2153.9
-2153.9
-2153.9
-2153.9
-2153.9
-2153.9
-2153.9
-2153.9
-2153.9
-2153.9
-2153.9
-2168.6
-2168.6
-2168.6
-2168.6
-2168.6
-2168.6
-2168.6
-2168.6
-2168.6
-2168.6
-2168.6
-2168.6
-2168.6
-2168.6
-2168.6
-2168.6
-2168.6
-2168.6
-2212.5
-2212.5
-2212.5
-2212.5
-2212.5
-2212.5
-2212.5
-2212.5
-2212.5
-2212.5
-2212.5
-2212.5
-2212.5
-2212.5
-2212.5
-2212.5
-2212.5
-2212.5
-2241.8
-2241.8
-2241.8
-2241.8
-2241.8
-2241.8
-2241.8
-2241.8
-2241.8
-2241.8
-2241.8
-2241.8
-2241.8
-2241.8
-2241.8
-2241.8
-2241.8
-2256.5
-2256.5
-2256.5
-2256.5
-2256.5
-2256.5
-2256.5
-2256.5
-2256.5
-2256.5
-2256.5
-2256.5
-2256.5
-2256.5
-2256.5
-2256.5
-2256.5
-2256.5
-2300.5
-2300.5
-2300.5
-2300.5
-2300.5
-2300.5
-2300.5
-2300.5
-2300.5
-2300.5
-2300.5
-2300.5
-2300.5
-2300.5
-2300.5
-2300.5
-2300.5
-2300.5
-2300.5
-2315.1
-2315.1
-2315.1
-2315.1
-2315.1
-2315.1
-2315.1
-2315.1
-2315.1
-2315.1
-2315.1
-2315.1
-2315.1
-2315.1
-2315.1
-2315.1
-2315.1
-2315.1
-2344.4
-2344.4
-2344.4
-2344.4
-2344.4
-2344.4
-2344.4
-2344.4
-2344.4
-2388.4
-2388.4
-2388.4
-2388.4
-2388.4
-2388.4
-2388.4
-2388.4
-2388.4
-2388.4
-2388.4
-2388.4
-2388.4
-2388.4
-2388.4
-2388.4
-2388.4
-2388.4
-2403.0
-2403.0
-2403.0
-2403.0
-2403.0
-2403.0
-2403.0
-2403.0
-2403.0
-2403.0
-2403.0
-2403.0
-2403.0
-2403.0
-2403.0
-2403.0
-2403.0
-2403.0
-2432.3
-2432.3
-2432.3
-2432.3
-2432.3
-2432.3
-2432.3
-2432.3
-2432.3
-2432.3
-2432.3
-2432.3
-2432.3
-2432.3
-2432.3
-2432.3
-2432.3
-2432.3
-2461.6
-2461.6
-2461.6
-2461.6
-2461.6
-2461.6
-2461.6
-2461.6
-2461.6
-2461.6
-2461.6
-2461.6
-2461.6
-2461.6
-2461.6
-2461.6
-2461.6
-2461.6
-2490.9
-2490.9
-2490.9
-2490.9
-2490.9
-2490.9
-2490.9
-2490.9
-2490.9
-2490.9
-2490.9
-2490.9
-2490.9
-2490.9
-2490.9
-2490.9
-2490.9
-2490.9
-2534.9
-2534.9
-2534.9
-2534.9
-2534.9
-2534.9
-2534.9
-2534.9
-2534.9
-2534.9
-2534.9
-2534.9
-2534.9
-2534.9
-2534.9
-2534.9
-2534.9
-2534.9
-2534.9
-2549.5
-2549.5
-2549.5
-2549.5
-2549.5
-2549.5
-2549.5
-2549.5
-2549.5
-2549.5
-2549.5
-2549.5
-2549.5
-2549.5
-2549.5
-2549.5
-2549.5
-2549.5
-2593.5
-2593.5
-2593.5
-2593.5
-2593.5
-2593.5
-2593.5
-2593.5
-2593.5
-2593.5
-2593.5
-2593.5
-2593.5
-2593.5
-2593.5
-2593.5
-2593.5
-2593.5
-2608.2
-2608.2
-2608.2
-2608.2
-2608.2
-2608.2
-2608.2
-2608.2
-2608.2
-2608.2
-2608.2
-2608.2
-2608.2
-2608.2
-2608.2
-2608.2
-2608.2
-2608.2
-2652.1
-2652.1
-2652.1
-2652.1
-2652.1
-2652.1
-2652.1
-2652.1
-2652.1
-2652.1
-2681.4
-2681.4
-2681.4
-2681.4
-2681.4
-2681.4
-2681.4
-2681.4
-2681.4
-2681.4
-2681.4
-2681.4
-2681.4
-2681.4
-2681.4
-2681.4
-2681.4
-2681.4
-2710.7
-2710.7
-2710.7
-2710.7
-2710.7
-2710.7
-2710.7
-2710.7
-2710.7
-2710.7
-2710.7
-2710.7
-2710.7
-2710.7
-2710.7
-2710.7
-2710.7
-2710.7
-2740.0
-2740.0
-2740.0
-2740.0
-2740.0
-2740.0
-2740.0
-2740.0
-2740.0
-2740.0
-2740.0
-2740.0
-2740.0
-2740.0
-2740.0
-2740.0
-2740.0
-2740.0
-2740.0
-2754.7
-2754.7
-2754.7
-2754.7
-2754.7
-2754.7
-2754.7
-2754.7
-2754.7
-2754.7
-2754.7
-2754.7
-2754.7
-2754.7
-2754.7
-2754.7
-2754.7
-2754.7
-2798.6
-2798.6
-2798.6
-2798.6
-2798.6
-2798.6
-2798.6
-2798.6
-2798.6
-2798.6
-2798.6
-2798.6
-2798.6
-2798.6
-2798.6
-2798.6
-2798.6
-2798.6
-2827.9
-2827.9
-2827.9
-2827.9
-2827.9
-2827.9
-2827.9
-2827.9
-2827.9
-2827.9
-2827.9
-2827.9
-2827.9
-2827.9
-2827.9
-2827.9
-2827.9
-2827.9
-2827.9
-2842.6
-2842.6
-2842.6
-2842.6
-2842.6
-2842.6
-2842.6
-2842.6
-2842.6
-2842.6
-2842.6
-2842.6
-2842.6
-2842.6
-2842.6
-2842.6
-2842.6
-2842.6
-2886.6
-2886.6
-2886.6
-2886.6
-2886.6
-2886.6
-2886.6
-2886.6
-2886.6
-2886.6
-2886.6
-2886.6
-2886.6
-2886.6
-2886.6
-2886.6
-2886.6
-2886.6
-2886.6
-2901.2
-2901.2
-2901.2
-2901.2
-2901.2
-2901.2
-2901.2
-2901.2
-2901.2
-2901.2
-2901.2
-2901.2
-2901.2
-2901.2
-2901.2
-2901.2
-2901.2
-2901.2
-2930.5
-2930.5
-2930.5
-2930.5
-2930.5
-2930.5
-2930.5
-2930.5
-2930.5
-2930.5
-2974.5
-2974.5
-2974.5
-2974.5
-2974.5
-2974.5
-2974.5
-2974.5
-2974.5
-2974.5
-2974.5
-2974.5
-2974.5
-2974.5
-2974.5
-2974.5
-2974.5
-2974.5
-2989.1
-2989.1
-2989.1
-2989.1
-2989.1
-2989.1
-2989.1
-2989.1
-2989.1
-2989.1
-2989.1
-2989.1
-2989.1
-2989.1
-2989.1
-2989.1
-2989.1
-2989.1
-2989.1
-3018.4
-3018.4
-3018.4
-3018.4
-3018.4
-3018.4
-3018.4
-3018.4
-3018.4
-3018.4
-3018.4
-3018.4
-3018.4
-3018.4
-3018.4
-3018.4
-3018.4
-3018.4
-3018.4
-3047.7
-3047.7
-3047.7
-3047.7
-3047.7
-3047.7
-3047.7
-3047.7
-3047.7
-3047.7
-3047.7
-3047.7
-3047.7
-3047.7
-3047.7
-3047.7
-3047.7
-3047.7
-3077.0
-3077.0
-3077.0
-3077.0
-3077.0
-3077.0
-3077.0
-3077.0
-3077.0
-3077.0
-3077.0
-3077.0
-3077.0
-3077.0
-3077.0
-3077.0
-3077.0
-3077.0
-3077.0
-3121.0
-3121.0
-3121.0
-3121.0
-3121.0
-3121.0
-3121.0
-3121.0
-3121.0
-3121.0
-3121.0
-3121.0
-3121.0
-3121.0
-3121.0
-3121.0
-3121.0
-3121.0
-3121.0
-3135.7
-3135.7
-3135.7
-3135.7
-3135.7
-3135.7
-3135.7
-3135.7
-3135.7
-3135.7
-3135.7
-3135.7
-3135.7
-3135.7
-3135.7
-3135.7
-3135.7
-3135.7
-3165.0
-3165.0
-3165.0
-3165.0
-3165.0
-3165.0
-3165.0
-3165.0
-3165.0
-3165.0
-3165.0
-3165.0
-3165.0
-3165.0
-3165.0
-3165.0
-3165.0
-3165.0
-3165.0
-3194.3
-3194.3
-3194.3
-3194.3
-3194.3
-3194.3
-3194.3
-3194.3
-3194.3
-3194.3
-3194.3
-3194.3
-3194.3
-3194.3
-3194.3
-3194.3
-3194.3
-3194.3
-3194.3
-3238.2
-3238.2
-3238.2
-3238.2
-3238.2
-3238.2
-3238.2
-3238.2
-3238.2
-3267.5
-3267.5
-3267.5
-3267.5
-3267.5
-3267.5
-3267.5
-3267.5
-3267.5
-3267.5
-3267.5
-3267.5
-3267.5
-3267.5
-3267.5
-3267.5
-3267.5
-3267.5
-3267.5
-3296.8
-3296.8
-3296.8
-3296.8
-3296.8
-3296.8
-3296.8
-3296.8
-3296.8
-3296.8
-3296.8
-3296.8
-3296.8
-3296.8
-3296.8
-3296.8
-3296.8
-3296.8
-3296.8
-3326.1
-3326.1
-3326.1
-3326.1
-3326.1
-3326.1
-3326.1
-3326.1
-3326.1
-3326.1
-3326.1
-3326.1
-3326.1
-3326.1
-3326.1
-3326.1
-3326.1
-3326.1
-3326.1
-3340.8
-3340.8
-3340.8
-3340.8
-3340.8
-3340.8
-3340.8
-3340.8
-3340.8
-3340.8
-3340.8
-3340.8
-3340.8
-3340.8
-3340.8
-3340.8
-3340.8
-3340.8
-3340.8
-3384.7
-3384.7
-3384.7
-3384.7
-3384.7
-3384.7
-3384.7
-3384.7
-3384.7
-3384.7
-3384.7
-3384.7
-3384.7
-3384.7
-3384.7
-3384.7
-3384.7
-3384.7
-3384.7
-3414.1
-3414.1
-3414.1
-3414.1
-3414.1
-3414.1
-3414.1
-3414.1
-3414.1
-3414.1
-3414.1
-3414.1
-3414.1
-3414.1
-3414.1
-3414.1
-3414.1
-3414.1
-3414.1
-3428.7
-3428.7
-3428.7
-3428.7
-3428.7
-3428.7
-3428.7
-3428.7
-3428.7
-3428.7
-3428.7
-3428.7
-3428.7
-3428.7
-3428.7
-3428.7
-3428.7
-3428.7
-3428.7
-3472.7
-3472.7
-3472.7
-3472.7
-3472.7
-3472.7
-3472.7
-3472.7
-3472.7
-3472.7
-3472.7
-3472.7
-3472.7
-3472.7
-3472.7
-3472.7
-3472.7
-3472.7
-3472.7
-3487.3
-3487.3
-3487.3
-3487.3
-3487.3
-3487.3
-3487.3
-3487.3
-3487.3
-3487.3
-3487.3
-3487.3
-3487.3
-3487.3
-3487.3
-3487.3
-3487.3
-3487.3
-3487.3
-3516.6
-3516.6
-3516.6
-3516.6
-3516.6
-3516.6
-3516.6
-3516.6
-3516.6
-3516.6
-3560.6
-3560.6
-3560.6
-3560.6
-3560.6
-3560.6
-3560.6
-3560.6
-3560.6
-3560.6
-3560.6
-3560.6
-3560.6
-3560.6
-3560.6
-3560.6
-3560.6
-3560.6
-3560.6
-3575.2
-3575.2
-3575.2
-3575.2
-3575.2
-3575.2
-3575.2
-3575.2
-3575.2
-3575.2
-3575.2
-3575.2
-3575.2
-3575.2
-3575.2
-3575.2
-3575.2
-3575.2
-3575.2
-3604.5
-3604.5
-3604.5
-3604.5
-3604.5
-3604.5
-3604.5
-3604.5
-3604.5
-3604.5
-3604.5
-3604.5
-3604.5
-3604.5
-3604.5
-3604.5
-3604.5
-3604.5
-3604.5
-3648.5
-3648.5
-3648.5
-3648.5
-3648.5
-3648.5
-3648.5
-3648.5
-3648.5
-3648.5
-3648.5
-3648.5
-3648.5
-3648.5
-3648.5
-3648.5
-3648.5
-3648.5
-3648.5
-3648.5
-3663.1
-3663.1
-3663.1
-3663.1
-3663.1
-3663.1
-3663.1
-3663.1
-3663.1
-3663.1
-3663.1
-3663.1
-3663.1
-3663.1
-3663.1
-3663.1
-3663.1
-3663.1
-3663.1
-3707.1
-3707.1
-3707.1
-3707.1
-3707.1
-3707.1
-3707.1
-3707.1
-3707.1
-3707.1
-3707.1
-3707.1
-3707.1
-3707.1
-3707.1
-3707.1
-3707.1
-3707.1
-3707.1
-3721.8
-3721.8
-3721.8
-3721.8
-3721.8
-3721.8
-3721.8
-3721.8
-3721.8
-3721.8
-3721.8
-3721.8
-3721.8
-3721.8
-3721.8
-3721.8
-3721.8
-3721.8
-3721.8
-3721.8
-3751.1
-3751.1
-3751.1
-3751.1
-3751.1
-3751.1
-3751.1
-3751.1
-3751.1
-3751.1
-3751.1
-3751.1
-3751.1
-3751.1
-3751.1
-3751.1
-3751.1
-3751.1
-3751.1
-3795.0
-3795.0
-3795.0
-3795.0
-3795.0
-3795.0
-3795.0
-3795.0
-3795.0
-3795.0
-3795.0
-3795.0
-3795.0
-3795.0
-3795.0
-3795.0
-3795.0
-3795.0
-3795.0
-3824.3
-3824.3
-3824.3
-3824.3
-3824.3
-3824.3
-3824.3
-3824.3
-3824.3
-3824.3
-3853.6
-3853.6
-3853.6
-3853.6
-3853.6
-3853.6
-3853.6
-3853.6
-3853.6
-3853.6
-3853.6
-3853.6
-3853.6
-3853.6
-3853.6
-3853.6
-3853.6
-3853.6
-3853.6
-3882.9
-3882.9
-3882.9
-3882.9
-3882.9
-3882.9
-3882.9
-3882.9
-3882.9
-3882.9
-3882.9
-3882.9
-3882.9
-3882.9
-3882.9
-3882.9
-3882.9
-3882.9
-3882.9
-3882.9
-3912.2
-3912.2
-3912.2
-3912.2
-3912.2
-3912.2
-3912.2
-3912.2
-3912.2
-3912.2
-3912.2
-3912.2
-3912.2
-3912.2
-3912.2
-3912.2
-3912.2
-3912.2
-3912.2
-3941.5
-3941.5
-3941.5
-3941.5
-3941.5
-3941.5
-3941.5
-3941.5
-3941.5
-3941.5
-3941.5
-3941.5
-3941.5
-3941.5
-3941.5
-3941.5
-3941.5
-3941.5
-3941.5
-3941.5
-3970.8
-3970.8
-3970.8
-3970.8
-3970.8
-3970.8
-3970.8
-3970.8
-3970.8
-3970.8
-3970.8
-3970.8
-3970.8
-3970.8
-3970.8
-3970.8
-3970.8
-3970.8
-3970.8
-4000.2
-4000.2
-4000.2
-4000.2
-4000.2
-4000.2
-4000.2
-4000.2
-4000.2
-4000.2
-4000.2
-4000.2
-4000.2
-4000.2
-4000.2
-4000.2
-4000.2
-4000.2
-4000.2
-4000.2
-4014.8
-4014.8
-4014.8
-4014.8
-4014.8
-4014.8
-4014.8
-4014.8
-4014.8
-4014.8
-4014.8
-4014.8
-4014.8
-4014.8
-4014.8
-4014.8
-4014.8
-4014.8
-4014.8
-4014.8
-4058.8
-4058.8
-4058.8
-4058.8
-4058.8
-4058.8
-4058.8
-4058.8
-4058.8
-4058.8
-4058.8
-4058.8
-4058.8
-4058.8
-4058.8
-4058.8
-4058.8
-4058.8
-4058.8
-4088.1
-4088.1
-4088.1
-4088.1
-4088.1
-4088.1
-4088.1
-4088.1
-4088.1
-4088.1
-4088.1
-4088.1
-4088.1
-4088.1
-4088.1
-4088.1
-4088.1
-4088.1
-4088.1
-4088.1
-4102.7
-4102.7
-4102.7
-4102.7
-4102.7
-4102.7
-4102.7
-4102.7
-4102.7
-4102.7
-4146.7
-4146.7
-4146.7
-4146.7
-4146.7
-4146.7
-4146.7
-4146.7
-4146.7
-4146.7
-4146.7
-4146.7
-4146.7
-4146.7
-4146.7
-4146.7
-4146.7
-4146.7
-4146.7
-4161.3
-4161.3
-4161.3
-4161.3
-4161.3
-4161.3
-4161.3
-4161.3
-4161.3
-4161.3
-4161.3
-4161.3
-4161.3
-4161.3
-4161.3
-4161.3
-4161.3
-4161.3
-4161.3
-4161.3
-4205.3
-4205.3
-4205.3
-4205.3
-4205.3
-4205.3
-4205.3
-4205.3
-4205.3
-4205.3
-4205.3
-4205.3
-4205.3
-4205.3
-4205.3
-4205.3
-4205.3
-4205.3
-4205.3
-4205.3
-4234.6
-4234.6
-4234.6
-4234.6
-4234.6
-4234.6
-4234.6
-4234.6
-4234.6
-4234.6
-4234.6
-4234.6
-4234.6
-4234.6
-4234.6
-4234.6
-4234.6
-4234.6
-4234.6
-4234.6
-4249.2
-4249.2
-4249.2
-4249.2
-4249.2
-4249.2
-4249.2
-4249.2
-4249.2
-4249.2
-4249.2
-4249.2
-4249.2
-4249.2
-4249.2
-4249.2
-4249.2
-4249.2
-4249.2
-4249.2
-4293.2
-4293.2
-4293.2
-4293.2
-4293.2
-4293.2
-4293.2
-4293.2
-4293.2
-4293.2
-4293.2
-4293.2
-4293.2
-4293.2
-4293.2
-4293.2
-4293.2
-4293.2
-4293.2
-4307.9
-4307.9
-4307.9
-4307.9
-4307.9
-4307.9
-4307.9
-4307.9
-4307.9
-4307.9
-4307.9
-4307.9
-4307.9
-4307.9
-4307.9
-4307.9
-4307.9
-4307.9
-4307.9
-4307.9
-4337.2
-4337.2
-4337.2
-4337.2
-4337.2
-4337.2
-4337.2
-4337.2
-4337.2
-4337.2
-4337.2
-4337.2
-4337.2
-4337.2
-4337.2
-4337.2
-4337.2
-4337.2
-4337.2
-4337.2
-4381.1
-4381.1
-4381.1
-4381.1
-4381.1
-4381.1
-4381.1
-4381.1
-4381.1
-4381.1
-4381.1
-4381.1
-4381.1
-4381.1
-4381.1
-4381.1
-4381.1
-4381.1
-4381.1
-4381.1
-4395.8
-4395.8
-4395.8
-4395.8
-4395.8
-4395.8
-4395.8
-4395.8
-4395.8
-4395.8
-4425.1
-4425.1
-4425.1
-4425.1
-4425.1
-4425.1
-4425.1
-4425.1
-4425.1
-4425.1
-4425.1
-4425.1
-4425.1
-4425.1
-4425.1
-4425.1
-4425.1
-4425.1
-4425.1
-4425.1
-4469.0
-4469.0
-4469.0
-4469.0
-4469.0
-4469.0
-4469.0
-4469.0
-4469.0
-4469.0
-4469.0
-4469.0
-4469.0
-4469.0
-4469.0
-4469.0
-4469.0
-4469.0
-4469.0
-4469.0
-4498.3
-4498.3
-4498.3
-4498.3
-4498.3
-4498.3
-4498.3
-4498.3
-4498.3
-4498.3
-4498.3
-4498.3
-4498.3
-4498.3
-4498.3
-4498.3
-4498.3
-4498.3
-4498.3
-4498.3
-4542.3
-4542.3
-4542.3
-4542.3
-4542.3
-4542.3
-4542.3
-4542.3
-4542.3
-4542.3
-4542.3
-4542.3
-4542.3
-4542.3
-4542.3
-4542.3
-4542.3
-4542.3
-4542.3
-4542.3
-4557.0
-4557.0
-4557.0
-4557.0
-4557.0
-4557.0
-4557.0
-4557.0
-4557.0
-4557.0
-4557.0
-4557.0
-4557.0
-4557.0
-4557.0
-4557.0
-4557.0
-4557.0
-4557.0
-4557.0
-4557.0
-4586.3
-4586.3
-4586.3
-4586.3
-4586.3
-4586.3
-4586.3
-4586.3
-4586.3
-4586.3
-4586.3
-4586.3
-4586.3
-4586.3
-4586.3
-4586.3
-4586.3
-4586.3
-4586.3
-4586.3
-4600.9
-4600.9
-4600.9
-4600.9
-4600.9
-4600.9
-4600.9
-4600.9
-4600.9
-4600.9
-4600.9
-4600.9
-4600.9
-4600.9
-4600.9
-4600.9
-4600.9
-4600.9
-4600.9
-4600.9
-4644.9
-4644.9
-4644.9
-4644.9
-4644.9
-4644.9
-4644.9
-4644.9
-4644.9
-4644.9
-4644.9
-4644.9
-4644.9
-4644.9
-4644.9
-4644.9
-4644.9
-4644.9
-4644.9
-4644.9
-4674.2
-4674.2
-4674.2
-4674.2
-4674.2
-4674.2
-4674.2
-4674.2
-4674.2
-4674.2
-4674.2
-4674.2
-4674.2
-4674.2
-4674.2
-4674.2
-4674.2
-4674.2
-4674.2
-4674.2
-4674.2
-4703.5
-4703.5
-4703.5
-4703.5
-4703.5
-4703.5
-4703.5
-4703.5
-4703.5
-4703.5
-4732.8
-4732.8
-4732.8
-4732.8
-4732.8
-4732.8
-4732.8
-4732.8
-4732.8
-4732.8
-4732.8
-4732.8
-4732.8
-4732.8
-4732.8
-4732.8
-4732.8
-4732.8
-4732.8
-4732.8
-4747.4
-4747.4
-4747.4
-4747.4
-4747.4
-4747.4
-4747.4
-4747.4
-4747.4
-4747.4
-4747.4
-4747.4
-4747.4
-4747.4
-4747.4
-4747.4
-4747.4
-4747.4
-4747.4
-4747.4
-4791.4
-4791.4
-4791.4
-4791.4
-4791.4
-4791.4
-4791.4
-4791.4
-4791.4
-4791.4
-4791.4
-4791.4
-4791.4
-4791.4
-4791.4
-4791.4
-4791.4
-4791.4
-4791.4
-4791.4
-4791.4
-4820.7
-4820.7
-4820.7
-4820.7
-4820.7
-4820.7
-4820.7
-4820.7
-4820.7
-4820.7
-4820.7
-4820.7
-4820.7
-4820.7
-4820.7
-4820.7
-4820.7
-4820.7
-4820.7
-4820.7
-4835.4
-4835.4
-4835.4
-4835.4
-4835.4
-4835.4
-4835.4
-4835.4
-4835.4
-4835.4
-4835.4
-4835.4
-4835.4
-4835.4
-4835.4
-4835.4
-4835.4
-4835.4
-4835.4
-4835.4
-4835.4
-4879.3
-4879.3
-4879.3
-4879.3
-4879.3
-4879.3
-4879.3
-4879.3
-4879.3
-4879.3
-4879.3
-4879.3
-4879.3
-4879.3
-4879.3
-4879.3
-4879.3
-4879.3
-4879.3
-4879.3
-4894.0
-4894.0
-4894.0
-4894.0
-4894.0
-4894.0
-4894.0
-4894.0
-4894.0
-4894.0
-4894.0
-4894.0
-4894.0
-4894.0
-4894.0
-4894.0
-4894.0
-4894.0
-4894.0
-4894.0
-4894.0
-4923.3
-4923.3
-4923.3
-4923.3
-4923.3
-4923.3
-4923.3
-4923.3
-4923.3
-4923.3
-4923.3
-4923.3
-4923.3
-4923.3
-4923.3
-4923.3
-4923.3
-4923.3
-4923.3
-4923.3
-4967.2
-4967.2
-4967.2
-4967.2
-4967.2
-4967.2
-4967.2
-4967.2
-4967.2
-4967.2
-4967.2
-4967.2
-4967.2
-4967.2
-4967.2
-4967.2
-4967.2
-4967.2
-4967.2
-4967.2
-4967.2
-4981.9
-4981.9
-4981.9
-4981.9
-4981.9
-4981.9
-4981.9
-4981.9
-4981.9
-4981.9
-4981.9
-4981.9
-4981.9
-4981.9
-4981.9
-4981.9
-4981.9
-4981.9
-4981.9
-4981.9
-4981.9
-5011.2
-5011.2
-5011.2
-5011.2
-5011.2
-5011.2
-5011.2
-5011.2
-5011.2
-5011.2
-5040.5
-5040.5
-5040.5
-5040.5
-5040.5
-5040.5
-5040.5
-5040.5
-5040.5
-5040.5
-5040.5
-5040.5
-5040.5
-5040.5
-5040.5
-5040.5
-5040.5
-5040.5
-5040.5
-5040.5
-5040.5
-5084.4
-5084.4
-5084.4
-5084.4
-5084.4
-5084.4
-5084.4
-5084.4
-5084.4
-5084.4
-5084.4
-5084.4
-5084.4
-5084.4
-5084.4
-5084.4
-5084.4
-5084.4
-5084.4
-5084.4
-5128.4
-5128.4
-5128.4
-5128.4
-5128.4
-5128.4
-5128.4
-5128.4
-5128.4
-5128.4
-5128.4
-5128.4
-5128.4
-5128.4
-5128.4
-5128.4
-5128.4
-5128.4
-5128.4
-5128.4
-5128.4
-5143.1
-5143.1
-5143.1
-5143.1
-5143.1
-5143.1
-5143.1
-5143.1
-5143.1
-5143.1
-5143.1
-5143.1
-5143.1
-5143.1
-5143.1
-5143.1
-5143.1
-5143.1
-5143.1
-5143.1
-5143.1
-5172.4
-5172.4
-5172.4
-5172.4
-5172.4
-5172.4
-5172.4
-5172.4
-5172.4
-5172.4
-5172.4
-5172.4
-5172.4
-5172.4
-5172.4
-5172.4
-5172.4
-5172.4
-5172.4
-5172.4
-5172.4
-5187.0
-5187.0
-5187.0
-5187.0
-5187.0
-5187.0
-5187.0
-5187.0
-5187.0
-5187.0
-5187.0
-5187.0
-5187.0
-5187.0
-5187.0
-5187.0
-5187.0
-5187.0
-5187.0
-5187.0
-5231.0
-5231.0
-5231.0
-5231.0
-5231.0
-5231.0
-5231.0
-5231.0
-5231.0
-5231.0
-5231.0
-5231.0
-5231.0
-5231.0
-5231.0
-5231.0
-5231.0
-5231.0
-5231.0
-5231.0
-5231.0
-5260.3
-5260.3
-5260.3
-5260.3
-5260.3
-5260.3
-5260.3
-5260.3
-5260.3
-5260.3
-5260.3
-5260.3
-5260.3
-5260.3
-5260.3
-5260.3
-5260.3
-5260.3
-5260.3
-5260.3
-5260.3
-5289.6
-5289.6
-5289.6
-5289.6
-5289.6
-5289.6
-5289.6
-5289.6
-5289.6
-5289.6
-5289.6
-5289.6
-5289.6
-5289.6
-5289.6
-5289.6
-5289.6
-5289.6
-5289.6
-5289.6
-5289.6
-5318.9
-5318.9
-5318.9
-5318.9
-5318.9
-5318.9
-5318.9
-5318.9
-5318.9
-5318.9
-5318.9
-5333.5
-5333.5
-5333.5
-5333.5
-5333.5
-5333.5
-5333.5
-5333.5
-5333.5
-5333.5
-5333.5
-5333.5
-5333.5
-5333.5
-5333.5
-5333.5
-5333.5
-5333.5
-5333.5
-5333.5
-5333.5
-5377.5
-5377.5
-5377.5
-5377.5
-5377.5
-5377.5
-5377.5
-5377.5
-5377.5
-5377.5
-5377.5
-5377.5
-5377.5
-5377.5
-5377.5
-5377.5
-5377.5
-5377.5
-5377.5
-5377.5
-5377.5
-5406.8
-5406.8
-5406.8
-5406.8
-5406.8
-5406.8
-5406.8
-5406.8
-5406.8
-5406.8
-5406.8
-5406.8
-5406.8
-5406.8
-5406.8
-5406.8
-5406.8
-5406.8
-5406.8
-5406.8
-5406.8
-5421.5
-5421.5
-5421.5
-5421.5
-5421.5
-5421.5
-5421.5
-5421.5
-5421.5
-5421.5
-5421.5
-5421.5
-5421.5
-5421.5
-5421.5
-5421.5
-5421.5
-5421.5
-5421.5
-5421.5
-5421.5
-5465.4
-5465.4
-5465.4
-5465.4
-5465.4
-5465.4
-5465.4
-5465.4
-5465.4
-5465.4
-5465.4
-5465.4
-5465.4
-5465.4
-5465.4
-5465.4
-5465.4
-5465.4
-5465.4
-5465.4
-5465.4
-5480.1
-5480.1
-5480.1
-5480.1
-5480.1
-5480.1
-5480.1
-5480.1
-5480.1
-5480.1
-5480.1
-5480.1
-5480.1
-5480.1
-5480.1
-5480.1
-5480.1
-5480.1
-5480.1
-5480.1
-5480.1
-5509.4
-5509.4
-5509.4
-5509.4
-5509.4
-5509.4
-5509.4
-5509.4
-5509.4
-5509.4
-5509.4
-5509.4
-5509.4
-5509.4
-5509.4
-5509.4
-5509.4
-5509.4
-5509.4
-5509.4
-5509.4
-5553.3
-5553.3
-5553.3
-5553.3
-5553.3
-5553.3
-5553.3
-5553.3
-5553.3
-5553.3
-5553.3
-5553.3
-5553.3
-5553.3
-5553.3
-5553.3
-5553.3
-5553.3
-5553.3
-5553.3
-5553.3
-5553.3
-5568.0
-5568.0
-5568.0
-5568.0
-5568.0
-5568.0
-5568.0
-5568.0
-5568.0
-5568.0
-5568.0
-5568.0
-5568.0
-5568.0
-5568.0
-5568.0
-5568.0
-5568.0
-5568.0
-5568.0
-5568.0
-5611.9
-5611.9
-5611.9
-5611.9
-5611.9
-5611.9
-5611.9
-5611.9
-5611.9
-5611.9
-5611.9
-5626.6
-5626.6
-5626.6
-5626.6
-5626.6
-5626.6
-5626.6
-5626.6
-5626.6
-5626.6
-5626.6
-5626.6
-5626.6
-5626.6
-5626.6
-5626.6
-5626.6
-5626.6
-5626.6
-5626.6
-5626.6
-5655.9
-5655.9
-5655.9
-5655.9
-5655.9
-5655.9
-5655.9
-5655.9
-5655.9
-5655.9
-5655.9
-5655.9
-5655.9
-5655.9
-5655.9
-5655.9
-5655.9
-5655.9
-5655.9
-5655.9
-5655.9
-5714.5
-5714.5
-5714.5
-5714.5
-5714.5
-5714.5
-5714.5
-5714.5
-5714.5
-5714.5
-5714.5
-5714.5
-5714.5
-5714.5
-5714.5
-5714.5
-5714.5
-5714.5
-5714.5
-5714.5
-5714.5
-5714.5
-5729.2
-5729.2
-5729.2
-5729.2
-5729.2
-5729.2
-5729.2
-5729.2
-5729.2
-5729.2
-5729.2
-5729.2
-5729.2
-5729.2
-5729.2
-5729.2
-5729.2
-5729.2
-5729.2
-5729.2
-5729.2
-5758.5
-5758.5
-5758.5
-5758.5
-5758.5
-5758.5
-5758.5
-5758.5
-5758.5
-5758.5
-5758.5
-5758.5
-5758.5
-5758.5
-5758.5
-5758.5
-5758.5
-5758.5
-5758.5
-5758.5
-5758.5
-5758.5
-5787.8
-5787.8
-5787.8
-5787.8
-5787.8
-5787.8
-5787.8
-5787.8
-5787.8
-5787.8
-5787.8
-5787.8
-5787.8
-5787.8
-5787.8
-5787.8
-5787.8
-5787.8
-5787.8
-5787.8
-5787.8
-5817.1
-5817.1
-5817.1
-5817.1
-5817.1
-5817.1
-5817.1
-5817.1
-5817.1
-5817.1
-5817.1
-5817.1
-5817.1
-5817.1
-5817.1
-5817.1
-5817.1
-5817.1
-5817.1
-5817.1
-5817.1
-5817.1
-5846.4
-5846.4
-5846.4
-5846.4
-5846.4
-5846.4
-5846.4
-5846.4
-5846.4
-5846.4
-5846.4
-5846.4
-5846.4
-5846.4
-5846.4
-5846.4
-5846.4
-5846.4
-5846.4
-5846.4
-5846.4
-5846.4
-5875.7
-5875.7
-5875.7
-5875.7
-5875.7
-5875.7
-5875.7
-5875.7
-5875.7
-5875.7
-5875.7
-5875.7
-5875.7
-5875.7
-5875.7
-5875.7
-5875.7
-5875.7
-5875.7
-5875.7
-5875.7
-5905.0
-5905.0
-5905.0
-5905.0
-5905.0
-5905.0
-5905.0
-5905.0
-5905.0
-5905.0
-5905.0
-5919.6
-5919.6
-5919.6
-5919.6
-5919.6
-5919.6
-5919.6
-5919.6
-5919.6
-5919.6
-5919.6
-5919.6
-5919.6
-5919.6
-5919.6
-5919.6
-5919.6
-5919.6
-5919.6
-5919.6
-5919.6
-5919.6
-5963.6
-5963.6
-5963.6
-5963.6
-5963.6
-5963.6
-5963.6
-5963.6
-5963.6
-5963.6
-5963.6
-5963.6
-5963.6
-5963.6
-5963.6
-5963.6
-5963.6
-5963.6
-5963.6
-5963.6
-5963.6
-5963.6
-5992.9
-5992.9
-5992.9
-5992.9
-5992.9
-5992.9
-5992.9
-5992.9
-5992.9
-5992.9
-5992.9
-5992.9
-5992.9
-5992.9
-5992.9
-5992.9
-5992.9
-5992.9
-5992.9
-5992.9
-5992.9
-6007.6
-6007.6
-6007.6
-6007.6
-6007.6
-6007.6
-6007.6
-6007.6
-6007.6
-6007.6
-6007.6
-6007.6
-6007.6
-6007.6
-6007.6
-6007.6
-6007.6
-6007.6
-6007.6
-6007.6
-6007.6
-6007.6
-6051.5
-6051.5
-6051.5
-6051.5
-6051.5
-6051.5
-6051.5
-6051.5
-6051.5
-6051.5
-6051.5
-6051.5
-6051.5
-6051.5
-6051.5
-6051.5
-6051.5
-6051.5
-6051.5
-6051.5
-6051.5
-6051.5
-6066.2
-6066.2
-6066.2
-6066.2
-6066.2
-6066.2
-6066.2
-6066.2
-6066.2
-6066.2
-6066.2
-6066.2
-6066.2
-6066.2
-6066.2
-6066.2
-6066.2
-6066.2
-6066.2
-6066.2
-6066.2
-6066.2
-6110.1
-6110.1
-6110.1
-6110.1
-6110.1
-6110.1
-6110.1
-6110.1
-6110.1
-6110.1
-6110.1
-6110.1
-6110.1
-6110.1
-6110.1
-6110.1
-6110.1
-6110.1
-6110.1
-6110.1
-6110.1
-6110.1
-6139.4
-6139.4
-6139.4
-6139.4
-6139.4
-6139.4
-6139.4
-6139.4
-6139.4
-6139.4
-6139.4
-6139.4
-6139.4
-6139.4
-6139.4
-6139.4
-6139.4
-6139.4
-6139.4
-6139.4
-6139.4
-6139.4
-6154.1
-6154.1
-6154.1
-6154.1
-6154.1
-6154.1
-6154.1
-6154.1
-6154.1
-6154.1
-6154.1
-6154.1
-6154.1
-6154.1
-6154.1
-6154.1
-6154.1
-6154.1
-6154.1
-6154.1
-6154.1
-6154.1
-6198.0
-6198.0
-6198.0
-6198.0
-6198.0
-6198.0
-6198.0
-6198.0
-6198.0
-6198.0
-6198.0
-6227.3
-6227.3
-6227.3
-6227.3
-6227.3
-6227.3
-6227.3
-6227.3
-6227.3
-6227.3
-6227.3
-6227.3
-6227.3
-6227.3
-6227.3
-6227.3
-6227.3
-6227.3
-6227.3
-6227.3
-6227.3
-6227.3
-6242.0
-6242.0
-6242.0
-6242.0
-6242.0
-6242.0
-6242.0
-6242.0
-6242.0
-6242.0
-6242.0
-6242.0
-6242.0
-6242.0
-6242.0
-6242.0
-6242.0
-6242.0
-6242.0
-6242.0
-6242.0
-6242.0
-6286.0
-6286.0
-6286.0
-6286.0
-6286.0
-6286.0
-6286.0
-6286.0
-6286.0
-6286.0
-6286.0
-6286.0
-6286.0
-6286.0
-6286.0
-6286.0
-6286.0
-6286.0
-6286.0
-6286.0
-6286.0
-6286.0
-6300.6
-6300.6
-6300.6
-6300.6
-6300.6
-6300.6
-6300.6
-6300.6
-6300.6
-6300.6
-6300.6
-6300.6
-6300.6
-6300.6
-6300.6
-6300.6
-6300.6
-6300.6
-6300.6
-6300.6
-6300.6
-6300.6
-6344.6
-6344.6
-6344.6
-6344.6
-6344.6
-6344.6
-6344.6
-6344.6
-6344.6
-6344.6
-6344.6
-6344.6
-6344.6
-6344.6
-6344.6
-6344.6
-6344.6
-6344.6
-6344.6
-6344.6
-6344.6
-6344.6
-6344.6
-6388.5
-6388.5
-6388.5
-6388.5
-6388.5
-6388.5
-6388.5
-6388.5
-6388.5
-6388.5
-6388.5
-6388.5
-6388.5
-6388.5
-6388.5
-6388.5
-6388.5
-6388.5
-6388.5
-6388.5
-6388.5
-6388.5
-6403.2
-6403.2
-6403.2
-6403.2
-6403.2
-6403.2
-6403.2
-6403.2
-6403.2
-6403.2
-6403.2
-6403.2
-6403.2
-6403.2
-6403.2
-6403.2
-6403.2
-6403.2
-6403.2
-6403.2
-6403.2
-6403.2
-6432.5
-6432.5
-6432.5
-6432.5
-6432.5
-6432.5
-6432.5
-6432.5
-6432.5
-6432.5
-6432.5
-6432.5
-6432.5
-6432.5
-6432.5
-6432.5
-6432.5
-6432.5
-6432.5
-6432.5
-6432.5
-6432.5
-6461.8
-6461.8
-6461.8
-6461.8
-6461.8
-6461.8
-6461.8
-6461.8
-6461.8
-6461.8
-6461.8
-6461.8
-6461.8
-6461.8
-6461.8
-6461.8
-6461.8
-6461.8
-6461.8
-6461.8
-6461.8
-6461.8
-6461.8
-6491.1
-6491.1
-6491.1
-6491.1
-6491.1
-6491.1
-6491.1
-6491.1
-6491.1
-6491.1
-6491.1
-6535.1
-6535.1
-6535.1
-6535.1
-6535.1
-6535.1
-6535.1
-6535.1
-6535.1
-6535.1
-6535.1
-6535.1
-6535.1
-6535.1
-6535.1
-6535.1
-6535.1
-6535.1
-6535.1
-6535.1
-6535.1
-6535.1
-6549.7
-6549.7
-6549.7
-6549.7
-6549.7
-6549.7
-6549.7
-6549.7
-6549.7
-6549.7
-6549.7
-6549.7
-6549.7
-6549.7
-6549.7
-6549.7
-6549.7
-6549.7
-6549.7
-6549.7
-6549.7
-6549.7
-6549.7
-6579.0
-6579.0
-6579.0
-6579.0
-6579.0
-6579.0
-6579.0
-6579.0
-6579.0
-6579.0
-6579.0
-6579.0
-6579.0
-6579.0
-6579.0
-6579.0
-6579.0
-6579.0
-6579.0
-6579.0
-6579.0
-6579.0
-6593.7
-6593.7
-6593.7
-6593.7
-6593.7
-6593.7
-6593.7
-6593.7
-6593.7
-6593.7
-6593.7
-6593.7
-6593.7
-6593.7
-6593.7
-6593.7
-6593.7
-6593.7
-6593.7
-6593.7
-6593.7
-6593.7
-6593.7
-6637.6
-6637.6
-6637.6
-6637.6
-6637.6
-6637.6
-6637.6
-6637.6
-6637.6
-6637.6
-6637.6
-6637.6
-6637.6
-6637.6
-6637.6
-6637.6
-6637.6
-6637.6
-6637.6
-6637.6
-6637.6
-6637.6
-6637.6
-6666.9
-6666.9
-6666.9
-6666.9
-6666.9
-6666.9
-6666.9
-6666.9
-6666.9
-6666.9
-6666.9
-6666.9
-6666.9
-6666.9
-6666.9
-6666.9
-6666.9
-6666.9
-6666.9
-6666.9
-6666.9
-6666.9
-6696.2
-6696.2
-6696.2
-6696.2
-6696.2
-6696.2
-6696.2
-6696.2
-6696.2
-6696.2
-6696.2
-6696.2
-6696.2
-6696.2
-6696.2
-6696.2
-6696.2
-6696.2
-6696.2
-6696.2
-6696.2
-6696.2
-6696.2
-6725.5
-6725.5
-6725.5
-6725.5
-6725.5
-6725.5
-6725.5
-6725.5
-6725.5
-6725.5
-6725.5
-6725.5
-6725.5
-6725.5
-6725.5
-6725.5
-6725.5
-6725.5
-6725.5
-6725.5
-6725.5
-6725.5
-6725.5
-6740.2
-6740.2
-6740.2
-6740.2
-6740.2
-6740.2
-6740.2
-6740.2
-6740.2
-6740.2
-6740.2
-6740.2
-6740.2
-6740.2
-6740.2
-6740.2
-6740.2
-6740.2
-6740.2
-6740.2
-6740.2
-6740.2
-6784.1
-6784.1
-6784.1
-6784.1
-6784.1
-6784.1
-6784.1
-6784.1
-6784.1
-6784.1
-6784.1
-6784.1
-6813.5
-6813.5
-6813.5
-6813.5
-6813.5
-6813.5
-6813.5
-6813.5
-6813.5
-6813.5
-6813.5
-6813.5
-6813.5
-6813.5
-6813.5
-6813.5
-6813.5
-6813.5
-6813.5
-6813.5
-6813.5
-6813.5
-6813.5
-6828.1
-6828.1
-6828.1
-6828.1
-6828.1
-6828.1
-6828.1
-6828.1
-6828.1
-6828.1
-6828.1
-6828.1
-6828.1
-6828.1
-6828.1
-6828.1
-6828.1
-6828.1
-6828.1
-6828.1
-6828.1
-6828.1
-6828.1
-6872.1
-6872.1
-6872.1
-6872.1
-6872.1
-6872.1
-6872.1
-6872.1
-6872.1
-6872.1
-6872.1
-6872.1
-6872.1
-6872.1
-6872.1
-6872.1
-6872.1
-6872.1
-6872.1
-6872.1
-6872.1
-6872.1
-6886.7
-6886.7
-6886.7
-6886.7
-6886.7
-6886.7
-6886.7
-6886.7
-6886.7
-6886.7
-6886.7
-6886.7
-6886.7
-6886.7
-6886.7
-6886.7
-6886.7
-6886.7
-6886.7
-6886.7
-6886.7
-6886.7
-6886.7
-6916.0
-6916.0
-6916.0
-6916.0
-6916.0
-6916.0
-6916.0
-6916.0
-6916.0
-6916.0
-6916.0
-6916.0
-6916.0
-6916.0
-6916.0
-6916.0
-6916.0
-6916.0
-6916.0
-6916.0
-6916.0
-6916.0
-6916.0
-6974.6
-6974.6
-6974.6
-6974.6
-6974.6
-6974.6
-6974.6
-6974.6
-6974.6
-6974.6
-6974.6
-6974.6
-6974.6
-6974.6
-6974.6
-6974.6
-6974.6
-6974.6
-6974.6
-6974.6
-6974.6
-6974.6
-6974.6
-6974.6
-6989.3
-6989.3
-6989.3
-6989.3
-6989.3
-6989.3
-6989.3
-6989.3
-6989.3
-6989.3
-6989.3
-6989.3
-6989.3
-6989.3
-6989.3
-6989.3
-6989.3
-6989.3
-6989.3
-6989.3
-6989.3
-6989.3
-6989.3
-7018.6
-7018.6
-7018.6
-7018.6
-7018.6
-7018.6
-7018.6
-7018.6
-7018.6
-7018.6
-7018.6
-7018.6
-7018.6
-7018.6
-7018.6
-7018.6
-7018.6
-7018.6
-7018.6
-7018.6
-7018.6
-7018.6
-7018.6
-7047.9
-7047.9
-7047.9
-7047.9
-7047.9
-7047.9
-7047.9
-7047.9
-7047.9
-7047.9
-7047.9
-7047.9
-7047.9
-7047.9
-7047.9
-7047.9
-7047.9
-7047.9
-7047.9
-7047.9
-7047.9
-7047.9
-7047.9
-7077.2
-7077.2
-7077.2
-7077.2
-7077.2
-7077.2
-7077.2
-7077.2
-7077.2
-7077.2
-7077.2
-7077.2
-7121.2
-7121.2
-7121.2
-7121.2
-7121.2
-7121.2
-7121.2
-7121.2
-7121.2
-7121.2
-7121.2
-7121.2
-7121.2
-7121.2
-7121.2
-7121.2
-7121.2
-7121.2
-7121.2
-7121.2
-7121.2
-7121.2
-7121.2
-7135.8
-7135.8
-7135.8
-7135.8
-7135.8
-7135.8
-7135.8
-7135.8
-7135.8
-7135.8
-7135.8
-7135.8
-7135.8
-7135.8
-7135.8
-7135.8
-7135.8
-7135.8
-7135.8
-7135.8
-7135.8
-7135.8
-7135.8
-7165.1
-7165.1
-7165.1
-7165.1
-7165.1
-7165.1
-7165.1
-7165.1
-7165.1
-7165.1
-7165.1
-7165.1
-7165.1
-7165.1
-7165.1
-7165.1
-7165.1
-7165.1
-7165.1
-7165.1
-7165.1
-7165.1
-7165.1
-7165.1
-7179.8
-7179.8
-7179.8
-7179.8
-7179.8
-7179.8
-7179.8
-7179.8
-7179.8
-7179.8
-7179.8
-7179.8
-7179.8
-7179.8
-7179.8
-7179.8
-7179.8
-7179.8
-7179.8
-7179.8
-7179.8
-7179.8
-7179.8
-7223.7
-7223.7
-7223.7
-7223.7
-7223.7
-7223.7
-7223.7
-7223.7
-7223.7
-7223.7
-7223.7
-7223.7
-7223.7
-7223.7
-7223.7
-7223.7
-7223.7
-7223.7
-7223.7
-7223.7
-7223.7
-7223.7
-7223.7
-7253.0
-7253.0
-7253.0
-7253.0
-7253.0
-7253.0
-7253.0
-7253.0
-7253.0
-7253.0
-7253.0
-7253.0
-7253.0
-7253.0
-7253.0
-7253.0
-7253.0
-7253.0
-7253.0
-7253.0
-7253.0
-7253.0
-7253.0
-7253.0
-7282.3
-7282.3
-7282.3
-7282.3
-7282.3
-7282.3
-7282.3
-7282.3
-7282.3
-7282.3
-7282.3
-7282.3
-7282.3
-7282.3
-7282.3
-7282.3
-7282.3
-7282.3
-7282.3
-7282.3
-7282.3
-7282.3
-7282.3
-7311.6
-7311.6
-7311.6
-7311.6
-7311.6
-7311.6
-7311.6
-7311.6
-7311.6
-7311.6
-7311.6
-7311.6
-7311.6
-7311.6
-7311.6
-7311.6
-7311.6
-7311.6
-7311.6
-7311.6
-7311.6
-7311.6
-7311.6
-7311.6
-7326.3
-7326.3
-7326.3
-7326.3
-7326.3
-7326.3
-7326.3
-7326.3
-7326.3
-7326.3
-7326.3
-7326.3
-7326.3
-7326.3
-7326.3
-7326.3
-7326.3
-7326.3
-7326.3
-7326.3
-7326.3
-7326.3
-7326.3
-7326.3
-7370.2
-7370.2
-7370.2
-7370.2
-7370.2
-7370.2
-7370.2
-7370.2
-7370.2
-7370.2
-7370.2
-7399.6
-7399.6
-7399.6
-7399.6
-7399.6
-7399.6
-7399.6
-7399.6
-7399.6
-7399.6
-7399.6
-7399.6
-7399.6
-7399.6
-7399.6
-7399.6
-7399.6
-7399.6
-7399.6
-7399.6
-7399.6
-7399.6
-7399.6
-7399.6
-7414.2
-7414.2
-7414.2
-7414.2
-7414.2
-7414.2
-7414.2
-7414.2
-7414.2
-7414.2
-7414.2
-7414.2
-7414.2
-7414.2
-7414.2
-7414.2
-7414.2
-7414.2
-7414.2
-7414.2
-7414.2
-7414.2
-7414.2
-7414.2
-7458.2
-7458.2
-7458.2
-7458.2
-7458.2
-7458.2
-7458.2
-7458.2
-7458.2
-7458.2
-7458.2
-7458.2
-7458.2
-7458.2
-7458.2
-7458.2
-7458.2
-7458.2
-7458.2
-7458.2
-7458.2
-7458.2
-7458.2
-7472.8
-7472.8
-7472.8
-7472.8
-7472.8
-7472.8
-7472.8
-7472.8
-7472.8
-7472.8
-7472.8
-7472.8
-7472.8
-7472.8
-7472.8
-7472.8
-7472.8
-7472.8
-7472.8
-7472.8
-7472.8
-7472.8
-7472.8
-7472.8
-7502.1
-7502.1
-7502.1
-7502.1
-7502.1
-7502.1
-7502.1
-7502.1
-7502.1
-7502.1
-7502.1
-7502.1
-7502.1
-7502.1
-7502.1
-7502.1
-7502.1
-7502.1
-7502.1
-7502.1
-7502.1
-7502.1
-7502.1
-7502.1
-7546.1
-7546.1
-7546.1
-7546.1
-7546.1
-7546.1
-7546.1
-7546.1
-7546.1
-7546.1
-7546.1
-7546.1
-7546.1
-7546.1
-7546.1
-7546.1
-7546.1
-7546.1
-7546.1
-7546.1
-7546.1
-7546.1
-7546.1
-7546.1
-7575.4
-7575.4
-7575.4
-7575.4
-7575.4
-7575.4
-7575.4
-7575.4
-7575.4
-7575.4
-7575.4
-7575.4
-7575.4
-7575.4
-7575.4
-7575.4
-7575.4
-7575.4
-7575.4
-7575.4
-7575.4
-7575.4
-7575.4
-7575.4
-7619.3
-7619.3
-7619.3
-7619.3
-7619.3
-7619.3
-7619.3
-7619.3
-7619.3
-7619.3
-7619.3
-7619.3
-7619.3
-7619.3
-7619.3
-7619.3
-7619.3
-7619.3
-7619.3
-7619.3
-7619.3
-7619.3
-7619.3
-7619.3
-7634.0
-7634.0
-7634.0
-7634.0
-7634.0
-7634.0
-7634.0
-7634.0
-7634.0
-7634.0
-7634.0
-7634.0
-7634.0
-7634.0
-7634.0
-7634.0
-7634.0
-7634.0
-7634.0
-7634.0
-7634.0
-7634.0
-7634.0
-7634.0
-7663.3
-7663.3
-7663.3
-7663.3
-7663.3
-7663.3
-7663.3
-7663.3
-7663.3
-7663.3
-7663.3
-7663.3
-7707.3
-7707.3
-7707.3
-7707.3
-7707.3
-7707.3
-7707.3
-7707.3
-7707.3
-7707.3
-7707.3
-7707.3
-7707.3
-7707.3
-7707.3
-7707.3
-7707.3
-7707.3
-7707.3
-7707.3
-7707.3
-7707.3
-7707.3
-7707.3
-7721.9
-7721.9
-7721.9
-7721.9
-7721.9
-7721.9
-7721.9
-7721.9
-7721.9
-7721.9
-7721.9
-7721.9
-7721.9
-7721.9
-7721.9
-7721.9
-7721.9
-7721.9
-7721.9
-7721.9
-7721.9
-7721.9
-7721.9
-7721.9
-7751.2
-7751.2
-7751.2
-7751.2
-7751.2
-7751.2
-7751.2
-7751.2
-7751.2
-7751.2
-7751.2
-7751.2
-7751.2
-7751.2
-7751.2
-7751.2
-7751.2
-7751.2
-7751.2
-7751.2
-7751.2
-7751.2
-7751.2
-7751.2
-7780.5
-7780.5
-7780.5
-7780.5
-7780.5
-7780.5
-7780.5
-7780.5
-7780.5
-7780.5
-7780.5
-7780.5
-7780.5
-7780.5
-7780.5
-7780.5
-7780.5
-7780.5
-7780.5
-7780.5
-7780.5
-7780.5
-7780.5
-7780.5
-7809.8
-7809.8
-7809.8
-7809.8
-7809.8
-7809.8
-7809.8
-7809.8
-7809.8
-7809.8
-7809.8
-7809.8
-7809.8
-7809.8
-7809.8
-7809.8
-7809.8
-7809.8
-7809.8
-7809.8
-7809.8
-7809.8
-7809.8
-7809.8
-7809.8
-7839.1
-7839.1
-7839.1
-7839.1
-7839.1
-7839.1
-7839.1
-7839.1
-7839.1
-7839.1
-7839.1
-7839.1
-7839.1
-7839.1
-7839.1
-7839.1
-7839.1
-7839.1
-7839.1
-7839.1
-7839.1
-7839.1
-7839.1
-7839.1
-7868.4
-7868.4
-7868.4
-7868.4
-7868.4
-7868.4
-7868.4
-7868.4
-7868.4
-7868.4
-7868.4
-7868.4
-7868.4
-7868.4
-7868.4
-7868.4
-7868.4
-7868.4
-7868.4
-7868.4
-7868.4
-7868.4
-7868.4
-7868.4
-7897.7
-7897.7
-7897.7
-7897.7
-7897.7
-7897.7
-7897.7
-7897.7
-7897.7
-7897.7
-7897.7
-7897.7
-7897.7
-7897.7
-7897.7
-7897.7
-7897.7
-7897.7
-7897.7
-7897.7
-7897.7
-7897.7
-7897.7
-7897.7
-7897.7
-7912.4
-7912.4
-7912.4
-7912.4
-7912.4
-7912.4
-7912.4
-7912.4
-7912.4
-7912.4
-7912.4
-7912.4
-7912.4
-7912.4
-7912.4
-7912.4
-7912.4
-7912.4
-7912.4
-7912.4
-7912.4
-7912.4
-7912.4
-7912.4
-7956.4
-7956.4
-7956.4
-7956.4
-7956.4
-7956.4
-7956.4
-7956.4
-7956.4
-7956.4
-7956.4
-7956.4
-7956.4
-7985.7
-7985.7
-7985.7
-7985.7
-7985.7
-7985.7
-7985.7
-7985.7
-7985.7
-7985.7
-7985.7
-7985.7
-7985.7
-7985.7
-7985.7
-7985.7
-7985.7
-7985.7
-7985.7
-7985.7
-7985.7
-7985.7
-7985.7
-7985.7
-8000.3
-8000.3
-8000.3
-8000.3
-8000.3
-8000.3
-8000.3
-8000.3
-8000.3
-8000.3
-8000.3
-8000.3
-8000.3
-8000.3
-8000.3
-8000.3
-8000.3
-8000.3
-8000.3
-8000.3
-8000.3
-8000.3
-8000.3
-8000.3
-8000.3
-8044.3
-8044.3
-8044.3
-8044.3
-8044.3
-8044.3
-8044.3
-8044.3
-8044.3
-8044.3
-8044.3
-8044.3
-8044.3
-8044.3
-8044.3
-8044.3
-8044.3
-8044.3
-8044.3
-8044.3
-8044.3
-8044.3
-8044.3
-8044.3
-8058.9
-8058.9
-8058.9
-8058.9
-8058.9
-8058.9
-8058.9
-8058.9
-8058.9
-8058.9
-8058.9
-8058.9
-8058.9
-8058.9
-8058.9
-8058.9
-8058.9
-8058.9
-8058.9
-8058.9
-8058.9
-8058.9
-8058.9
-8058.9
-8058.9
-8088.2
-8088.2
-8088.2
-8088.2
-8088.2
-8088.2
-8088.2
-8088.2
-8088.2
-8088.2
-8088.2
-8088.2
-8088.2
-8088.2
-8088.2
-8088.2
-8088.2
-8088.2
-8088.2
-8088.2
-8088.2
-8088.2
-8088.2
-8088.2
-8088.2
-8132.2
-8132.2
-8132.2
-8132.2
-8132.2
-8132.2
-8132.2
-8132.2
-8132.2
-8132.2
-8132.2
-8132.2
-8132.2
-8132.2
-8132.2
-8132.2
-8132.2
-8132.2
-8132.2
-8132.2
-8132.2
-8132.2
-8132.2
-8132.2
-8132.2
-8146.8
-8146.8
-8146.8
-8146.8
-8146.8
-8146.8
-8146.8
-8146.8
-8146.8
-8146.8
-8146.8
-8146.8
-8146.8
-8146.8
-8146.8
-8146.8
-8146.8
-8146.8
-8146.8
-8146.8
-8146.8
-8146.8
-8146.8
-8146.8
-8205.4
-8205.4
-8205.4
-8205.4
-8205.4
-8205.4
-8205.4
-8205.4
-8205.4
-8205.4
-8205.4
-8205.4
-8205.4
-8205.4
-8205.4
-8205.4
-8205.4
-8205.4
-8205.4
-8205.4
-8205.4
-8205.4
-8205.4
-8205.4
-8205.4
-8220.1
-8220.1
-8220.1
-8220.1
-8220.1
-8220.1
-8220.1
-8220.1
-8220.1
-8220.1
-8220.1
-8220.1
-8220.1
-8220.1
-8220.1
-8220.1
-8220.1
-8220.1
-8220.1
-8220.1
-8220.1
-8220.1
-8220.1
-8220.1
-8220.1
-8249.4
-8249.4
-8249.4
-8249.4
-8249.4
-8249.4
-8249.4
-8249.4
-8249.4
-8249.4
-8249.4
-8249.4
-8249.4
-8293.4
-8293.4
-8293.4
-8293.4
-8293.4
-8293.4
-8293.4
-8293.4
-8293.4
-8293.4
-8293.4
-8293.4
-8293.4
-8293.4
-8293.4
-8293.4
-8293.4
-8293.4
-8293.4
-8293.4
-8293.4
-8293.4
-8293.4
-8293.4
-8293.4
-8308.0
-8308.0
-8308.0
-8308.0
-8308.0
-8308.0
-8308.0
-8308.0
-8308.0
-8308.0
-8308.0
-8308.0
-8308.0
-8308.0
-8308.0
-8308.0
-8308.0
-8308.0
-8308.0
-8308.0
-8308.0
-8308.0
-8308.0
-8308.0
-8308.0
-8337.3
-8337.3
-8337.3
-8337.3
-8337.3
-8337.3
-8337.3
-8337.3
-8337.3
-8337.3
-8337.3
-8337.3
-8337.3
-8337.3
-8337.3
-8337.3
-8337.3
-8337.3
-8337.3
-8337.3
-8337.3
-8337.3
-8337.3
-8337.3
-8337.3
-8366.6
-8366.6
-8366.6
-8366.6
-8366.6
-8366.6
-8366.6
-8366.6
-8366.6
-8366.6
-8366.6
-8366.6
-8366.6
-8366.6
-8366.6
-8366.6
-8366.6
-8366.6
-8366.6
-8366.6
-8366.6
-8366.6
-8366.6
-8366.6
-8366.6
-8395.9
-8395.9
-8395.9
-8395.9
-8395.9
-8395.9
-8395.9
-8395.9
-8395.9
-8395.9
-8395.9
-8395.9
-8395.9
-8395.9
-8395.9
-8395.9
-8395.9
-8395.9
-8395.9
-8395.9
-8395.9
-8395.9
-8395.9
-8395.9
-8395.9
-8395.9
-8425.2
-8425.2
-8425.2
-8425.2
-8425.2
-8425.2
-8425.2
-8425.2
-8425.2
-8425.2
-8425.2
-8425.2
-8425.2
-8425.2
-8425.2
-8425.2
-8425.2
-8425.2
-8425.2
-8425.2
-8425.2
-8425.2
-8425.2
-8425.2
-8425.2
-8454.5
-8454.5
-8454.5
-8454.5
-8454.5
-8454.5
-8454.5
-8454.5
-8454.5
-8454.5
-8454.5
-8454.5
-8454.5
-8454.5
-8454.5
-8454.5
-8454.5
-8454.5
-8454.5
-8454.5
-8454.5
-8454.5
-8454.5
-8454.5
-8454.5
-8483.8
-8483.8
-8483.8
-8483.8
-8483.8
-8483.8
-8483.8
-8483.8
-8483.8
-8483.8
-8483.8
-8483.8
-8483.8
-8483.8
-8483.8
-8483.8
-8483.8
-8483.8
-8483.8
-8483.8
-8483.8
-8483.8
-8483.8
-8483.8
-8483.8
-8483.8
-8498.5
-8498.5
-8498.5
-8498.5
-8498.5
-8498.5
-8498.5
-8498.5
-8498.5
-8498.5
-8498.5
-8498.5
-8498.5
-8498.5
-8498.5
-8498.5
-8498.5
-8498.5
-8498.5
-8498.5
-8498.5
-8498.5
-8498.5
-8498.5
-8498.5
-8542.5
-8542.5
-8542.5
-8542.5
-8542.5
-8542.5
-8542.5
-8542.5
-8542.5
-8542.5
-8542.5
-8542.5
-8542.5
-8571.8
-8571.8
-8571.8
-8571.8
-8571.8
-8571.8
-8571.8
-8571.8
-8571.8
-8571.8
-8571.8
-8571.8
-8571.8
-8571.8
-8571.8
-8571.8
-8571.8
-8571.8
-8571.8
-8571.8
-8571.8
-8571.8
-8571.8
-8571.8
-8571.8
-8586.4
-8586.4
-8586.4
-8586.4
-8586.4
-8586.4
-8586.4
-8586.4
-8586.4
-8586.4
-8586.4
-8586.4
-8586.4
-8586.4
-8586.4
-8586.4
-8586.4
-8586.4
-8586.4
-8586.4
-8586.4
-8586.4
-8586.4
-8586.4
-8586.4
-8586.4
-8630.4
-8630.4
-8630.4
-8630.4
-8630.4
-8630.4
-8630.4
-8630.4
-8630.4
-8630.4
-8630.4
-8630.4
-8630.4
-8630.4
-8630.4
-8630.4
-8630.4
-8630.4
-8630.4
-8630.4
-8630.4
-8630.4
-8630.4
-8630.4
-8630.4
-8645.0
-8645.0
-8645.0
-8645.0
-8645.0
-8645.0
-8645.0
-8645.0
-8645.0
-8645.0
-8645.0
-8645.0
-8645.0
-8645.0
-8645.0
-8645.0
-8645.0
-8645.0
-8645.0
-8645.0
-8645.0
-8645.0
-8645.0
-8645.0
-8645.0
-8645.0
-8689.0
-8689.0
-8689.0
-8689.0
-8689.0
-8689.0
-8689.0
-8689.0
-8689.0
-8689.0
-8689.0
-8689.0
-8689.0
-8689.0
-8689.0
-8689.0
-8689.0
-8689.0
-8689.0
-8689.0
-8689.0
-8689.0
-8689.0
-8689.0
-8689.0
-8689.0
-8718.3
-8718.3
-8718.3
-8718.3
-8718.3
-8718.3
-8718.3
-8718.3
-8718.3
-8718.3
-8718.3
-8718.3
-8718.3
-8718.3
-8718.3
-8718.3
-8718.3
-8718.3
-8718.3
-8718.3
-8718.3
-8718.3
-8718.3
-8718.3
-8718.3
-8718.3
-8732.9
-8732.9
-8732.9
-8732.9
-8732.9
-8732.9
-8732.9
-8732.9
-8732.9
-8732.9
-8732.9
-8732.9
-8732.9
-8732.9
-8732.9
-8732.9
-8732.9
-8732.9
-8732.9
-8732.9
-8732.9
-8732.9
-8732.9
-8732.9
-8732.9
-8776.9
-8776.9
-8776.9
-8776.9
-8776.9
-8776.9
-8776.9
-8776.9
-8776.9
-8776.9
-8776.9
-8776.9
-8776.9
-8776.9
-8776.9
-8776.9
-8776.9
-8776.9
-8776.9
-8776.9
-8776.9
-8776.9
-8776.9
-8776.9
-8776.9
-8776.9
-8791.5
-8791.5
-8791.5
-8791.5
-8791.5
-8791.5
-8791.5
-8791.5
-8791.5
-8791.5
-8791.5
-8791.5
-8791.5
-8791.5
-8791.5
-8791.5
-8791.5
-8791.5
-8791.5
-8791.5
-8791.5
-8791.5
-8791.5
-8791.5
-8791.5
-8791.5
-8835.5
-8835.5
-8835.5
-8835.5
-8835.5
-8835.5
-8835.5
-8835.5
-8835.5
-8835.5
-8835.5
-8835.5
-8835.5
-8879.5
-8879.5
-8879.5
-8879.5
-8879.5
-8879.5
-8879.5
-8879.5
-8879.5
-8879.5
-8879.5
-8879.5
-8879.5
-8879.5
-8879.5
-8879.5
-8879.5
-8879.5
-8879.5
-8879.5
-8879.5
-8879.5
-8879.5
-8879.5
-8879.5
-8879.5
-8894.1
-8894.1
-8894.1
-8894.1
-8894.1
-8894.1
-8894.1
-8894.1
-8894.1
-8894.1
-8894.1
-8894.1
-8894.1
-8894.1
-8894.1
-8894.1
-8894.1
-8894.1
-8894.1
-8894.1
-8894.1
-8894.1
-8894.1
-8894.1
-8894.1
-8894.1
-8923.4
-8923.4
-8923.4
-8923.4
-8923.4
-8923.4
-8923.4
-8923.4
-8923.4
-8923.4
-8923.4
-8923.4
-8923.4
-8923.4
-8923.4
-8923.4
-8923.4
-8923.4
-8923.4
-8923.4
-8923.4
-8923.4
-8923.4
-8923.4
-8923.4
-8923.4
-8967.4
-8967.4
-8967.4
-8967.4
-8967.4
-8967.4
-8967.4
-8967.4
-8967.4
-8967.4
-8967.4
-8967.4
-8967.4
-8967.4
-8967.4
-8967.4
-8967.4
-8967.4
-8967.4
-8967.4
-8967.4
-8967.4
-8967.4
-8967.4
-8967.4
-8967.4
-8982.0
-8982.0
-8982.0
-8982.0
-8982.0
-8982.0
-8982.0
-8982.0
-8982.0
-8982.0
-8982.0
-8982.0
-8982.0
-8982.0
-8982.0
-8982.0
-8982.0
-8982.0
-8982.0
-8982.0
-8982.0
-8982.0
-8982.0
-8982.0
-8982.0
-8982.0
-9026.0
-9026.0
-9026.0
-9026.0
-9026.0
-9026.0
-9026.0
-9026.0
-9026.0
-9026.0
-9026.0
-9026.0
-9026.0
-9026.0
-9026.0
-9026.0
-9026.0
-9026.0
-9026.0
-9026.0
-9026.0
-9026.0
-9026.0
-9026.0
-9026.0
-9026.0
-9026.0
-9040.6
-9040.6
-9040.6
-9040.6
-9040.6
-9040.6
-9040.6
-9040.6
-9040.6
-9040.6
-9040.6
-9040.6
-9040.6
-9040.6
-9040.6
-9040.6
-9040.6
-9040.6
-9040.6
-9040.6
-9040.6
-9040.6
-9040.6
-9040.6
-9040.6
-9040.6
-9069.9
-9069.9
-9069.9
-9069.9
-9069.9
-9069.9
-9069.9
-9069.9
-9069.9
-9069.9
-9069.9
-9069.9
-9069.9
-9069.9
-9069.9
-9069.9
-9069.9
-9069.9
-9069.9
-9069.9
-9069.9
-9069.9
-9069.9
-9069.9
-9069.9
-9069.9
-9113.9
-9113.9
-9113.9
-9113.9
-9113.9
-9113.9
-9113.9
-9113.9
-9113.9
-9113.9
-9113.9
-9113.9
-9113.9
-9113.9
-9113.9
-9113.9
-9113.9
-9113.9
-9113.9
-9113.9
-9113.9
-9113.9
-9113.9
-9113.9
-9113.9
-9113.9
-9113.9
-9128.6
-9128.6
-9128.6
-9128.6
-9128.6
-9128.6
-9128.6
-9128.6
-9128.6
-9128.6
-9128.6
-9128.6
-9128.6
-9157.9
-9157.9
-9157.9
-9157.9
-9157.9
-9157.9
-9157.9
-9157.9
-9157.9
-9157.9
-9157.9
-9157.9
-9157.9
-9157.9
-9157.9
-9157.9
-9157.9
-9157.9
-9157.9
-9157.9
-9157.9
-9157.9
-9157.9
-9157.9
-9157.9
-9157.9
-9157.9
-9187.2
-9187.2
-9187.2
-9187.2
-9187.2
-9187.2
-9187.2
-9187.2
-9187.2
-9187.2
-9187.2
-9187.2
-9187.2
-9187.2
-9187.2
-9187.2
-9187.2
-9187.2
-9187.2
-9187.2
-9187.2
-9187.2
-9187.2
-9187.2
-9187.2
-9187.2
-9216.5
-9216.5
-9216.5
-9216.5
-9216.5
-9216.5
-9216.5
-9216.5
-9216.5
-9216.5
-9216.5
-9216.5
-9216.5
-9216.5
-9216.5
-9216.5
-9216.5
-9216.5
-9216.5
-9216.5
-9216.5
-9216.5
-9216.5
-9216.5
-9216.5
-9216.5
-9216.5
-9245.8
-9245.8
-9245.8
-9245.8
-9245.8
-9245.8
-9245.8
-9245.8
-9245.8
-9245.8
-9245.8
-9245.8
-9245.8
-9245.8
-9245.8
-9245.8
-9245.8
-9245.8
-9245.8
-9245.8
-9245.8
-9245.8
-9245.8
-9245.8
-9245.8
-9245.8
-9245.8
-9275.1
-9275.1
-9275.1
-9275.1
-9275.1
-9275.1
-9275.1
-9275.1
-9275.1
-9275.1
-9275.1
-9275.1
-9275.1
-9275.1
-9275.1
-9275.1
-9275.1
-9275.1
-9275.1
-9275.1
-9275.1
-9275.1
-9275.1
-9275.1
-9275.1
-9275.1
-9304.4
-9304.4
-9304.4
-9304.4
-9304.4
-9304.4
-9304.4
-9304.4
-9304.4
-9304.4
-9304.4
-9304.4
-9304.4
-9304.4
-9304.4
-9304.4
-9304.4
-9304.4
-9304.4
-9304.4
-9304.4
-9304.4
-9304.4
-9304.4
-9304.4
-9304.4
-9304.4
-9319.0
-9319.0
-9319.0
-9319.0
-9319.0
-9319.0
-9319.0
-9319.0
-9319.0
-9319.0
-9319.0
-9319.0
-9319.0
-9319.0
-9319.0
-9319.0
-9319.0
-9319.0
-9319.0
-9319.0
-9319.0
-9319.0
-9319.0
-9319.0
-9319.0
-9319.0
-9319.0
-9363.0
-9363.0
-9363.0
-9363.0
-9363.0
-9363.0
-9363.0
-9363.0
-9363.0
-9363.0
-9363.0
-9363.0
-9363.0
-9363.0
-9363.0
-9363.0
-9363.0
-9363.0
-9363.0
-9363.0
-9363.0
-9363.0
-9363.0
-9363.0
-9363.0
-9363.0
-9363.0
-9392.3
-9392.3
-9392.3
-9392.3
-9392.3
-9392.3
-9392.3
-9392.3
-9392.3
-9392.3
-9392.3
-9392.3
-9392.3
-9392.3
-9392.3
-9392.3
-9392.3
-9392.3
-9392.3
-9392.3
-9392.3
-9392.3
-9392.3
-9392.3
-9392.3
-9392.3
-9392.3
-9407.0
-9407.0
-9407.0
-9407.0
-9407.0
-9407.0
-9407.0
-9407.0
-9407.0
-9407.0
-9407.0
-9407.0
-9407.0
-9407.0
-9465.6
-9465.6
-9465.6
-9465.6
-9465.6
-9465.6
-9465.6
-9465.6
-9465.6
-9465.6
-9465.6
-9465.6
-9465.6
-9465.6
-9465.6
-9465.6
-9465.6
-9465.6
-9465.6
-9465.6
-9465.6
-9465.6
-9465.6
-9465.6
-9465.6
-9465.6
-9465.6
-9480.2
-9480.2
-9480.2
-9480.2
-9480.2
-9480.2
-9480.2
-9480.2
-9480.2
-9480.2
-9480.2
-9480.2
-9480.2
-9480.2
-9480.2
-9480.2
-9480.2
-9480.2
-9480.2
-9480.2
-9480.2
-9480.2
-9480.2
-9480.2
-9480.2
-9480.2
-9480.2
-9509.5
-9509.5
-9509.5
-9509.5
-9509.5
-9509.5
-9509.5
-9509.5
-9509.5
-9509.5
-9509.5
-9509.5
-9509.5
-9509.5
-9509.5
-9509.5
-9509.5
-9509.5
-9509.5
-9509.5
-9509.5
-9509.5
-9509.5
-9509.5
-9509.5
-9509.5
-9509.5
-9553.5
-9553.5
-9553.5
-9553.5
-9553.5
-9553.5
-9553.5
-9553.5
-9553.5
-9553.5
-9553.5
-9553.5
-9553.5
-9553.5
-9553.5
-9553.5
-9553.5
-9553.5
-9553.5
-9553.5
-9553.5
-9553.5
-9553.5
-9553.5
-9553.5
-9553.5
-9553.5
-9553.5
-9568.1
-9568.1
-9568.1
-9568.1
-9568.1
-9568.1
-9568.1
-9568.1
-9568.1
-9568.1
-9568.1
-9568.1
-9568.1
-9568.1
-9568.1
-9568.1
-9568.1
-9568.1
-9568.1
-9568.1
-9568.1
-9568.1
-9568.1
-9568.1
-9568.1
-9568.1
-9568.1
-9612.1
-9612.1
-9612.1
-9612.1
-9612.1
-9612.1
-9612.1
-9612.1
-9612.1
-9612.1
-9612.1
-9612.1
-9612.1
-9612.1
-9612.1
-9612.1
-9612.1
-9612.1
-9612.1
-9612.1
-9612.1
-9612.1
-9612.1
-9612.1
-9612.1
-9612.1
-9612.1
-9626.7
-9626.7
-9626.7
-9626.7
-9626.7
-9626.7
-9626.7
-9626.7
-9626.7
-9626.7
-9626.7
-9626.7
-9626.7
-9626.7
-9626.7
-9626.7
-9626.7
-9626.7
-9626.7
-9626.7
-9626.7
-9626.7
-9626.7
-9626.7
-9626.7
-9626.7
-9626.7
-9626.7
-9656.1
-9656.1
-9656.1
-9656.1
-9656.1
-9656.1
-9656.1
-9656.1
-9656.1
-9656.1
-9656.1
-9656.1
-9656.1
-9656.1
-9656.1
-9656.1
-9656.1
-9656.1
-9656.1
-9656.1
-9656.1
-9656.1
-9656.1
-9656.1
-9656.1
-9656.1
-9656.1
-9700.0
-9700.0
-9700.0
-9700.0
-9700.0
-9700.0
-9700.0
-9700.0
-9700.0
-9700.0
-9700.0
-9700.0
-9700.0
-9700.0
-9700.0
-9700.0
-9700.0
-9700.0
-9700.0
-9700.0
-9700.0
-9700.0
-9700.0
-9700.0
-9700.0
-9700.0
-9700.0
-9700.0
-9714.7
-9714.7
-9714.7
-9714.7
-9714.7
-9714.7
-9714.7
-9714.7
-9714.7
-9714.7
-9714.7
-9714.7
-9714.7
-9714.7
-9744.0
-9744.0
-9744.0
-9744.0
-9744.0
-9744.0
-9744.0
-9744.0
-9744.0
-9744.0
-9744.0
-9744.0
-9744.0
-9744.0
-9744.0
-9744.0
-9744.0
-9744.0
-9744.0
-9744.0
-9744.0
-9744.0
-9744.0
-9744.0
-9744.0
-9744.0
-9744.0
-9773.3
-9773.3
-9773.3
-9773.3
-9773.3
-9773.3
-9773.3
-9773.3
-9773.3
-9773.3
-9773.3
-9773.3
-9773.3
-9773.3
-9773.3
-9773.3
-9773.3
-9773.3
-9773.3
-9773.3
-9773.3
-9773.3
-9773.3
-9773.3
-9773.3
-9773.3
-9773.3
-9773.3
-9802.6
-9802.6
-9802.6
-9802.6
-9802.6
-9802.6
-9802.6
-9802.6
-9802.6
-9802.6
-9802.6
-9802.6
-9802.6
-9802.6
-9802.6
-9802.6
-9802.6
-9802.6
-9802.6
-9802.6
-9802.6
-9802.6
-9802.6
-9802.6
-9802.6
-9802.6
-9802.6
-9802.6
-9831.9
-9831.9
-9831.9
-9831.9
-9831.9
-9831.9
-9831.9
-9831.9
-9831.9
-9831.9
-9831.9
-9831.9
-9831.9
-9831.9
-9831.9
-9831.9
-9831.9
-9831.9
-9831.9
-9831.9
-9831.9
-9831.9
-9831.9
-9831.9
-9831.9
-9831.9
-9831.9
-9831.9
-9861.2
-9861.2
-9861.2
-9861.2
-9861.2
-9861.2
-9861.2
-9861.2
-9861.2
-9861.2
-9861.2
-9861.2
-9861.2
-9861.2
-9861.2
-9861.2
-9861.2
-9861.2
-9861.2
-9861.2
-9861.2
-9861.2
-9861.2
-9861.2
-9861.2
-9861.2
-9861.2
-9890.5
-9890.5
-9890.5
-9890.5
-9890.5
-9890.5
-9890.5
-9890.5
-9890.5
-9890.5
-9890.5
-9890.5
-9890.5
-9890.5
-9890.5
-9890.5
-9890.5
-9890.5
-9890.5
-9890.5
-9890.5
-9890.5
-9890.5
-9890.5
-9890.5
-9890.5
-9890.5
-9890.5
-9905.1
-9905.1
-9905.1
-9905.1
-9905.1
-9905.1
-9905.1
-9905.1
-9905.1
-9905.1
-9905.1
-9905.1
-9905.1
-9905.1
-9905.1
-9905.1
-9905.1
-9905.1
-9905.1
-9905.1
-9905.1
-9905.1
-9905.1
-9905.1
-9905.1
-9905.1
-9905.1
-9905.1
-9949.1
-9949.1
-9949.1
-9949.1
-9949.1
-9949.1
-9949.1
-9949.1
-9949.1
-9949.1
-9949.1
-9949.1
-9949.1
-9949.1
-9949.1
-9949.1
-9949.1
-9949.1
-9949.1
-9949.1
-9949.1
-9949.1
-9949.1
-9949.1
-9949.1
-9949.1
-9949.1
-9949.1
-9978.4
-9978.4
-9978.4
-9978.4
