IEC 61083-2 TDG Version 2.1.0
Data File Version  2.1.0
15 LI-M3
16 bits, 38237 samples at 10ns
1.000000e-008
0
0
0
0
0
0
0
0
0
0
0
0
0
0
0
0
0
0
0
0
0
0
0
0
0
0
0
0
0
0
0
0
0
0
0
0
0
0
0
0
0
0
0
0
0
0
0
0
0
0
0
0
0
0
0
0
0
0
0
0
0
0
0
0
0
0
0
0
0
0
0
0
0
0
0
0
0
0
0
0
0
0
0
0
0
0
0
0
0
0
0
0
0
0
0
0
0
0
0
0
0
0
0
0
0
0
0
0
0
0
0
0
0
0
0
0
0
0
0
0
0
0
0
0
0
0
0
0
0
0
0
0
0
0
0
0
0
0
0
0
0
0
0
0
0
0
0
0
0
0
0
0
0
0
0
0
0
0
0
0
0
0
0
0
0
0
0
0
0
0
0
0
0
0
0
0
0
0
0
0
0
0
0
0
0
0
0
0
0
0
0
0
0
0
0
0
0
0
0
0
0
0
0
0
0
0
0
0
0
0
0
0
0
0
0
0
0
0
0
0
0
0
0
0
0
0
0
0
0
0
0
0
0
0
0
0
0
0
0
0
0
0
0
0
0
0
0
0
0
0
0
0
0
0
0
0
0
0
0
0
0
0
0
0
0
0
0
0
0
0
0
0
0
0
0
0
0
0
0
0
0
0
0
0
0
0
0
0
0
0
0
0
0
0
0
0
0
0
0
0
0
0
0
0
0
0
0
0
0
0
0
0
0
0
0
0
0
0
0
0
0
0
0
0
0
0
0
0
0
0
0
0
0
0
0
0
0
0
0
0
0
0
0
0
0
0
0
0
0
0
0
0
0
0
0
0
0
0
0
0
0
0
0
0
0
0
0
0
0
0
0
0
0
0
0
0
0
0
0
0
0
0
0
0
0
0
0
0
0
0
0
0
0
0
0
0
0
0
0
0
0
0
0
0
0
0
0
0
0
0
0
0
0
0
0
0
0
0
0
0
0
0
0
0
0
0
0
0
0
0
0
0
0
0
0
0
0
0
0
0
0
0
0
0
0
0
0
0
0
0
0
0
0
0
0
0
0
0
0
0
0
0
0
0
0
0
0
0
0
0
0
0
0
0
0
0
0
0
0
0
0
0
0
0
0
0
0
0
0
0
0
0
0
0
0
0
0
0
0
0
0
0
0
0
0
0
0
0
0
0
0
0
0
0
0
0
0
0
0
0
0
0
0
0
0
0
0
0
0
0
0
0
0
0
0
0
0
0
0
0
0
0
0
0
0
0
0
0
0
0
0
0
0
0
0
0
0
0
0
0
0
0
0
0
0
0
0
0
0
0
0
0
0
0
0
0
0
0
0
0
0
0
0
0
0
0
0
0
0
0
0
0
0
0
0
0
0
0
0
0
0
0
0
0
0
0
0
0
0
0
0
0
0
0
0
0
0
0
0
0
0
0
0
0
0
0
0
0
0
0
0
0
0
0
0
0
0
0
0
0
0
0
0
0
0
0
0
0
0
0
0
0
0
0
0
0
0
0
0
0
0
0
0
0
0
0
0
0
0
0
0
0
0
0
0
0
0
0
0
0
0
0
0
0
0
0
0
0
0
0
0
0
0
0
0
0
0
0
0
0
0
0
0
0
0
0
0
0
0
0
0
0
0
0
0
0
0
0
0
0
0
0
0
0
0
0
0
0
0
0
0
0
0
0
0
0
0
0
0
0
0
0
0
0
0
0
0
0
0
0
0
0
0
0
0
0
0
0
0
0
0
0
0
0
0
0
0
0
0
0
0
0
0
0
0
0
0
0
0
0
0
0
0
0
0
0
0
0
0
0
0
0
0
0
0
0
0
0
0
0
0
0
0
0
0
0
0
0
0
0
0
0
0
0
0
0
0
0
0
0
0
0
0
0
0
0
0
0
0
0
0
0
0
0
0
0
0
0
0
0
0
0
0
0
0
0
0
0
0
0
0
0
0
0
0
0
0
0
0
0
0
0
0
0
0
0
0
0
0
0
0
0
0
0
0
0
0
0
0
0
0
0
0
0
0
0
0
0
0
0
0
0
0
0
0
0
0
0
0
0
0
0
0
0
0
0
0
0
0
0
0
0
0
0
0
0
0
0
0
0
0
0
0
0
0
0
0
0
0
0
0
0
0
0
0
0
0
0
0
0
0
0
0
0
0
0
0
0
0
0
0
0
0
0
0
0
0
0
0
0
0
0
0
0
0
0
0
0
0
0
0
0
0
0
0
0
0
0
0
0
0
0
0
0
0
0
0
0
0
0
0
0
0
0
0
0
0
0
0
0
0
344
720
0
0
1113
655
1506
0
1195
-982
982
0
0
0
0
0
1473
1392
1392
1392
1392
1473
115
1408
1408
524
1228
0
311
1473
1392
1392
1392
1392
1473
0
1473
1392
1392
1392
1392
1392
1392
1392
1392
1392
1392
1392
1408
524
1113
1392
1392
1473
115
1392
196
1473
1392
1392
1408
524
1113
1392
1392
1392
1392
1392
1392
1392
1392
1392
1015
655
1408
1392
1015
655
1408
1343
589
2210
1441
0
1473
1392
1392
1392
1392
1392
1392
1392
1015
655
1506
0
1473
1473
115
1408
1392
1392
1392
1392
1392
1392
1392
1392
1392
1392
1277
2751
115
1473
1392
1392
1015
655
1408
1392
1392
1392
1392
1392
1392
1473
115
1408
1392
1392
1392
1392
1015
655
1408
1392
1392
1392
1392
1392
1392
1392
1392
1392
1392
1392
1392
1392
1408
622
-98
1408
1048
-164
1146
1392
1392
1392
1392
1392
1408
524
1113
1392
1015
737
147
1408
1408
524
1113
1392
1392
1392
1392
1392
1015
737
147
1408
1392
1392
1473
0
1113
737
229
0
1146
-164
1146
1343
196
1539
115
1408
1048
-164
1146
1392
1408
524
1113
1343
-131
819
147
1392
-98
-82
1244
0
0
819
229
0
344
720
0
0
1146
-82
-82
1392
-82
-917
982
0
0
0
65
-1392
1637
622
0
0
1506
524
1113
1343
-2456
-7597
-27390
-35216
-35314
-31352
-36673
-72463
-94025
-102161
-86412
-92993
-106860
-141242
-150213
-161952
-171939
-187984
-183367
-198773
-224313
-258105
-269533
-271121
-256321
-279896
-312509
-343551
-343895
-331943
-328161
-353538
-373266
-390309
-399281
-406468
-404831
-401639
-420810
-446400
-469517
-469288
-452769
-445974
-471105
-502425
-517471
-504488
-494812
-496138
-517274
-530372
-538967
-543273
-540981
-531453
-539082
-553850
-578997
-583467
-574626
-561593
-568093
-586888
-607910
-607140
-597415
-589197
-599920
-611381
-621597
-627163
-625854
-619550
-619223
-628866
-644600
-656404
-655127
-646581
-639885
-650805
-670664
-680651
-676771
-666833
-670648
-679374
-689737
-697301
-698922
-698791
-696073
-698546
-705340
-718830
-728834
-725035
-716522
-720157
-732976
-745533
-747187
-743716
-741653
-748415
-751656
-759531
-767488
-770059
-770533
-770533
-773186
-781241
-790376
-794453
-790802
-787331
-793994
-801657
-808189
-810072
-809712
-812839
-817488
-820534
-824692
-829669
-831470
-831634
-831961
-835350
-841784
-845992
-849316
-846450
-847302
-853490
-862168
-864787
-864656
-866162
-868684
-870419
-873595
-876755
-880946
-885891
-885105
-884286
-886808
-891621
-898202
-899316
-898170
-902852
-907027
-911988
-916015
-918209
-920665
-923579
-929522
-932305
-935678
-943815
-948366
-950577
-952885
-959156
-965197
-968881
-972384
-975921
-979260
-985842
-991130
-995501
-1001559
-1004064
-1010269
-1011268
-1019405
-1020894
-1025544
-1029473
-1033075
-1037840
-1043128
-1047826
-1050086
-1051821
-1053851
-1057650
-1058648
-1061694
-1063789
-1065999
-1065852
-1065852
-1066130
-1067980
-1069847
-1070027
-1068537
-1068701
-1067375
-1068684
-1068357
-1066392
-1065803
-1065770
-1062512
-1060760
-1060351
-1057355
-1057093
-1055325
-1052411
-1048907
-1047499
-1046975
-1043963
-1040377
-1036137
-1033485
-1028246
-1027754
-1021877
-1021664
-1018652
-1015148
-1013036
-1010924
-1010007
-1006684
-1003065
-1001166
-998923
-996860
-994765
-992702
-990573
-987037
-986824
-984172
-981733
-979997
-978278
-976412
-975888
-974365
-972957
-972351
-970403
-970174
-968357
-967309
-967489
-965966
-964526
-963740
-964329
-964526
-961202
-961038
-961890
-960334
-960056
-958894
-958959
-958959
-958959
-958959
-958959
-958959
-958959
-958959
-959057
-957535
-957535
-957535
-957453
-959008
-958959
-958959
-958959
-958959
-958959
-958959
-958861
-960367
-959221
-959581
-960089
-960367
-960056
-958894
-958959
-958959
-958959
-958959
-958959
-958926
-957764
-959156
-957764
-957535
-957191
-956061
-956159
-956159
-955848
-954686
-954735
-954702
-953605
-954080
-953327
-953343
-953000
-951870
-951935
-951935
-951935
-951837
-953180
-951903
-951559
-951199
-951870
-953343
-952165
-953409
-953343
-953343
-954850
-954735
-954686
-956176
-956094
-956831
-958861
-957535
-959385
-960334
-961644
-960367
-962201
-963183
-964329
-964607
-965688
-966015
-967440
-967407
-968848
-969552
-970239
-970239
-971304
-971729
-971795
-973039
-973334
-975249
-975839
-975839
-975839
-975839
-975839
-975839
-975839
-975839
-975839
-975839
-975839
-975839
-975839
-975839
-975839
-975839
-975839
-975839
-975167
-972843
-973121
-971598
-971598
-971680
-970436
-970174
-968357
-967407
-966212
-965966
-964526
-963838
-963249
-961759
-961513
-959434
-960285
-957502
-957191
-956159
-955063
-953327
-953065
-951084
-950511
-950495
-947515
-947712
-947810
-946222
-943340
-942833
-940868
-940655
-939182
-939362
-938199
-936431
-936497
-935694
-935040
-935040
-933550
-933746
-932502
-932240
-931896
-930750
-930848
-930848
-930848
-930848
-930848
-930848
-930848
-930848
-930996
-927983
-928704
-930996
-930996
-927983
-927950
-929522
-930881
-930848
-930848
-930848
-930848
-930848
-930848
-930848
-930848
-930848
-930848
-930848
-930848
-930848
-932338
-932174
-933517
-932240
-932551
-933664
-934909
-933681
-936660
-936464
-936349
-937872
-938232
-938510
-939002
-939296
-940377
-940819
-940983
-940704
-943995
-945927
-943913
-944896
-945567
-947973
-946451
-947744
-948055
-948350
-948858
-949103
-949054
-949987
-949381
-949169
-950642
-950413
-951706
-951935
-952263
-953507
-952066
-953343
-953343
-953262
-954506
-954735
-954735
-954735
-954686
-956176
-956159
-956159
-956159
-956176
-957666
-957535
-957453
-959008
-958959
-959057
-957764
-957567
-959057
-958959
-958959
-958959
-958959
-958861
-960220
-958959
-960089
-959712
-959221
-958959
-958959
-958861
-960318
-957502
-957535
-957453
-958730
-958926
-957453
-957649
-956372
-956176
-956945
-955439
-954997
-954735
-954391
-953262
-953409
-951903
-951313
-950822
-950380
-949987
-949447
-948759
-947908
-946713
-945223
-943553
-941801
-940017
-938379
-936906
-935809
-934876
-934106
-933419
-932846
-932142
-931323
-930374
-929309
-928081
-926821
-925560
-924332
-923186
-922155
-921238
-920452
-919666
-918979
-918242
-917521
-916768
-915983
-915148
-914280
-913461
-912643
-911906
-911251
-910678
-910252
-909892
-909565
-909237
-908893
-908500
-907993
-907338
-906667
-905930
-905275
-904669
-904260
-904015
-904047
-904227
-904538
-904882
-905210
-905439
-905504
-905357
-905144
-904833
-904506
-904260
-904129
-904178
-904489
-904980
-905652
-906339
-907027
-907682
-908206
-908582
-908812
-908992
-909074
-909204
-909401
-909663
-910056
-910547
-911169
-911791
-912397
-913019
-913625
-914116
-914591
-915000
-915409
-915802
-916179
-916556
-916965
-917325
-917652
-917980
-918324
-918651
-919060
-919535
-920043
-920665
-921336
-922024
-922695
-923334
-923841
-924332
-924807
-925200
-925560
-925937
-926182
-926477
-926624
-926673
-926624
-926526
-926477
-926477
-926526
-926788
-927296
-927950
-928671
-929440
-930095
-930537
-930783
-930685
-930374
-929915
-929358
-928851
-928360
-928049
-927918
-927885
-927918
-928000
-928114
-928163
-928147
-928049
-927918
-927705
-927508
-927296
-927050
-926821
-926624
-926379
-926182
-925969
-925724
-925511
-925233
-924938
-924611
-924234
-923923
-923514
-923170
-922761
-922368
-921975
-921582
-921172
-920780
-920354
-919961
-919568
-919175
-918815
-918406
-918029
-917669
-917276
-916883
-916523
-916146
-915688
-915311
-914902
-914476
-914083
-913674
-913297
-912855
-912430
-912037
-911644
-911316
-910989
-910743
-910596
-910465
-910285
-910121
-909892
-909565
-909139
-908533
-907944
-907322
-906683
-906159
-905815
-905537
-905439
-905439
-905472
-905537
-905570
-905537
-905472
-905308
-905111
-904915
-904702
-904571
-904489
-904457
-904506
-904653
-904833
-905013
-905144
-905275
-905275
-905210
-905079
-904915
-904702
-904571
-904489
-904457
-904506
-904653
-904850
-905079
-905308
-905472
-905619
-905668
-905701
-905701
-905668
-905652
-905619
-905570
-905570
-905619
-905652
-905668
-905701
-905701
-905652
-905504
-905324
-905111
-904833
-904506
-904227
-903949
-903720
-903507
-903327
-903163
-902967
-902803
-902557
-902328
-902115
-901837
-901575
-901330
-900986
-900626
-900167
-899643
-899021
-898333
-897662
-896925
-896189
-895501
-894879
-894290
-893667
-893111
-892505
-891981
-891375
-890851
-890262
-889689
-889100
-888543
-888052
-887593
-887184
-886857
-886644
-886431
-886267
-886153
-886005
-885825
-885694
-885645
-885612
-885547
-885449
-885285
-885007
-884630
-884024
-883369
-882665
-881945
-881323
-880832
-880504
-880341
-880259
-880259
-880291
-880291
-880291
-880160
-879997
-879817
-879604
-879358
-879145
-878949
-878818
-878671
-878572
-878507
-878458
-878425
-878327
-878261
-878114
-877999
-877836
-877672
-877508
-877426
-877328
-877295
-877328
-877345
-877459
-877508
-877557
-877508
-877459
-877295
-877066
-876804
-876526
-876313
-876100
-875969
-875904
-875838
-875822
-875822
-875822
-875822
-875838
-875838
-875838
-875904
-875937
-875969
-875969
-875986
-875969
-875969
-875904
-875871
-875838
-875838
-875904
-875986
-876166
-876362
-876641
-876870
-877099
-877328
-877492
-877672
-877787
-877918
-878049
-878147
-878261
-878294
-878327
-878327
-878294
-878261
-878163
-878147
-878114
-878114
-878147
-878147
-878163
-878163
-878163
-878147
-878081
-878016
-877918
-877787
-877672
-877557
-877459
-877345
-877295
-877181
-877164
-877066
-876968
-876837
-876641
-876362
-876100
-875773
-875462
-875118
-874790
-874512
-874332
-874168
-873988
-873841
-873677
-873448
-873153
-872826
-872449
-872007
-871582
-871156
-870763
-870419
-870157
-869993
-869813
-869732
-869601
-869437
-869175
-868815
-868373
-867849
-867308
-866735
-866162
-865753
-865377
-865131
-864918
-864787
-864656
-864509
-864345
-864132
-863854
-863608
-863314
-863003
-862708
-862380
-862004
-861660
-861251
-860809
-860367
-859941
-859548
-859172
-858910
-858664
-858418
-858222
-858058
-857878
-857714
-857567
-857436
-857305
-857158
-857060
-856978
-856830
-856781
-856667
-856650
-856585
-856487
-856437
-856372
-856306
-856241
-856143
-856110
-856012
-855914
-855733
-855537
-855259
-854915
-854522
-854129
-853654
-853278
-852901
-852590
-852246
-851919
-851591
-851297
-851067
-850805
-850560
-850413
-850232
-850101
-849970
-849839
-849774
-849676
-849627
-849578
-849496
-849479
-849447
-849365
-849283
-849119
-848923
-848710
-848464
-848268
-848022
-847842
-847646
-847433
-847236
-847073
-846909
-846811
-846729
-846778
-846876
-847073
-847269
-847482
-847678
-847842
-847924
-847957
-847924
-847924
-847891
-847891
-847891
-847957
-848088
-848268
-848464
-848661
-848824
-848923
-848955
-848890
-848743
-848579
-848382
-848153
-847989
-847891
-847842
-847793
-847842
-847842
-847891
-847891
-847891
-847858
-847842
-847760
-847727
-847646
-847564
-847482
-847384
-847269
-847138
-846991
-846876
-846729
-846565
-846450
-846287
-846156
-845976
-845812
-845681
-845550
-845419
-845321
-845255
-845206
-845157
-845092
-844961
-844797
-844551
-844306
-843962
-843634
-843291
-842947
-842619
-842341
-842096
-841784
-841555
-841310
-841097
-840933
-840802
-840737
-840737
-840769
-840802
-840819
-840851
-840819
-840802
-840802
-840769
-840737
-840655
-840540
-840360
-840115
-839820
-839492
-839099
-838690
-838248
-837806
-837364
-836807
-836234
-835661
-835088
-834597
-834139
-833811
-833549
-833369
-833206
-833075
-832960
-832796
-832583
-832387
-832190
-831994
-831765
-831503
-831224
-830930
-830570
-830177
-829735
-829325
-828883
-828490
-828147
-827885
-827639
-827443
-827246
-827066
-826837
-826591
-826280
-825920
-825543
-825200
-824807
-824446
-824103
-823824
-823562
-823333
-823153
-822940
-822744
-822515
-822220
-821892
-821549
-821188
-820796
-820484
-820141
-819846
-819584
-819338
-819126
-818929
-818716
-818553
-818356
-818192
-817980
-817865
-817701
-817537
-817357
-817194
-816981
-816752
-816490
-816211
-815982
-815753
-815589
-815507
-815425
-815425
-815425
-815475
-815524
-815524
-815556
-815556
-815556
-815556
-815589
-815556
-815524
-815425
-815344
-815180
-814983
-814803
-814591
-814394
-814198
-814001
-813772
-813543
-813330
-813084
-812888
-812757
-812691
-812626
-812659
-812691
-812724
-812757
-812790
-812790
-812839
-812888
-812921
-812921
-812888
-812790
-812626
-812298
-811905
-811431
-810972
-810547
-810170
-809957
-809843
-809843
-809875
-809990
-810039
-810039
-809924
-809663
-809351
-808926
-808467
-808058
-807665
-807370
-807207
-807076
-807043
-807043
-807076
-807076
-807125
-807125
-807125
-807158
-807174
-807207
-807207
-807174
-807076
-806896
-806699
-806503
-806290
-806044
-805881
-805766
-805684
-805668
-805668
-805684
-805684
-805717
-805717
-805717
-805766
-805799
-805799
-805799
-805799
-805717
-805602
-805422
-805226
-804980
-804735
-804538
-804374
-804243
-804243
-804243
-804309
-804325
-804374
-804374
-804276
-804162
-803900
-803670
-803458
-803212
-803015
-802885
-802835
-802835
-802852
-802917
-802966
-802966
-802885
-802770
-802590
-802361
-802131
-801886
-801657
-801526
-801444
-801378
-801378
-801411
-801411
-801444
-801477
-801493
-801493
-801493
-801493
-801493
-801493
-801493
-801493
-801493
-801493
-801493
-801493
-801493
-801493
-801493
-801493
-801526
-801575
-801575
-801575
-801575
-801493
-801378
-801198
-801034
-800822
-800576
-800330
-800118
-799905
-799708
-799495
-799266
-799053
-798890
-798726
-798644
-798611
-798611
-798661
-798693
-798726
-798726
-798661
-798480
-798300
-798071
-797826
-797564
-797416
-797253
-797220
-797220
-797220
-797285
-797318
-797318
-797285
-797154
-796941
-796712
-796499
-796254
-796025
-795861
-795763
-795714
-795714
-795714
-795763
-795812
-795861
-795861
-795861
-795861
-795861
-795861
-795861
-795861
-795861
-795894
-795926
-796008
-796057
-796057
-796008
-795861
-795632
-795272
-794862
-794420
-793978
-793536
-793176
-792881
-792636
-792357
-792144
-791932
-791768
-791604
-791522
-791473
-791440
-791473
-791490
-791522
-791571
-791571
-791604
-791604
-791670
-791670
-791670
-791670
-791571
-791440
-791277
-791113
-790884
-790671
-790458
-790262
-790049
-789820
-789590
-789378
-789148
-788985
-788870
-788772
-788772
-788772
-788821
-788903
-788903
-788870
-788772
-788624
-788428
-788232
-787986
-787773
-787544
-787380
-787167
-786955
-786758
-786578
-786414
-786251
-786169
-786103
-786103
-786103
-786103
-786103
-786103
-786021
-785890
-785727
-785530
-785317
-785055
-784908
-784744
-784662
-784646
-784646
-784662
-784712
-784712
-784662
-784531
-784368
-784171
-783926
-783664
-783451
-783254
-783173
-783091
-783091
-783091
-783123
-783123
-783091
-783042
-782927
-782763
-782567
-782354
-782158
-781977
-781830
-781732
-781699
-781699
-781650
-781650
-781634
-781568
-781486
-781339
-781208
-781028
-780831
-780668
-780488
-780324
-780127
-779931
-779734
-779522
-779325
-779145
-778932
-778736
-778539
-778343
-778146
-777950
-777753
-777541
-777311
-777082
-776820
-776591
-776362
-776198
-776051
-775985
-775985
-776051
-776116
-776198
-776231
-776198
-776083
-775920
-775723
-775494
-775232
-775003
-774790
-774577
-774446
-774315
-774168
-774004
-773906
-773824
-773677
-773660
-773628
-773595
-773595
-773513
-773333
-773120
-772727
-772154
-771499
-770844
-770222
-769682
-769322
-769207
-769240
-769436
-769682
-769960
-770157
-770222
-770091
-769813
-769469
-769027
-768651
-768209
-767881
-767668
-767537
-767505
-767505
-767505
-767505
-767455
-767324
-767095
-766833
-766489
-766146
-765867
-765556
-765360
-765245
-765196
-765245
-765245
-765245
-765163
-764967
-764656
-764165
-763575
-762986
-762364
-761807
-761332
-761005
-760825
-760661
-760579
-760514
-760465
-760383
-760268
-760170
-759973
-759842
-759728
-759564
-759433
-759269
-759106
-758909
-758745
-758533
-758336
-758172
-758009
-757829
-757649
-757452
-757239
-757125
-756994
-756928
-756928
-757010
-757174
-757354
-757518
-757616
-757616
-757501
-757174
-756797
-756322
-755848
-755471
-755144
-754914
-754865
-754865
-754980
-755062
-755160
-755209
-755160
-755029
-754833
-754620
-754374
-754161
-753932
-753785
-753719
-753670
-753719
-753785
-753785
-753785
-753719
-753523
-753261
-752884
-752540
-752197
-751902
-751755
-751689
-751869
-752148
-752491
-752819
-753146
-753294
-753294
-753048
-752737
-752328
-751869
-751444
-751083
-750838
-750707
-750674
-750674
-750707
-750789
-750821
-750838
-750838
-750838
-750838
-750838
-750838
-750838
-750838
-750838
-750871
-750952
-750985
-750985
-750985
-750903
-750789
-750592
-750298
-750019
-749725
-749463
-749233
-749151
-749102
-749168
-749233
-749364
-749463
-749512
-749561
-749512
-749463
-749364
-749233
-749102
-748988
-748824
-748660
-748480
-748284
-748071
-747874
-747678
-747498
-747334
-747220
-747138
-747056
-746974
-746859
-746712
-746565
-746401
-746205
-745975
-745730
-745533
-745370
-745206
-745075
-744993
-744878
-744829
-744747
-744649
-744502
-744338
-744158
-743912
-743683
-743487
-743290
-743127
-742963
-742832
-742734
-742652
-742521
-742488
-742439
-742406
-742406
-742472
-742488
-742521
-742554
-742521
-742472
-742324
-742144
-741948
-741702
-741506
-741293
-741047
-740851
-740654
-740458
-740229
-740032
-739836
-739639
-739394
-739197
-738984
-738837
-738657
-738461
-738248
-738051
-737855
-737658
-737429
-737216
-737003
-736807
-736594
-736365
-736152
-735939
-735710
-735530
-735366
-735317
-735284
-735284
-735333
-735399
-735448
-735448
-735366
-735203
-735006
-734777
-734548
-734335
-734122
-733975
-733958
-733975
-734056
-734138
-734204
-734269
-734171
-733975
-733696
-733303
-732878
-732436
-732026
-731781
-731617
-731552
-731552
-731584
-731650
-731715
-731748
-731715
-731683
-731650
-731552
-731502
-731371
-731290
-731159
-730995
-730798
-730553
-730324
-730144
-729931
-729767
-729652
-729603
-729538
-729538
-729505
-729472
-729374
-729259
-729161
-729063
-728948
-728817
-728654
-728441
-728244
-727966
-727639
-727295
-726967
-726689
-726476
-726394
-726460
-726640
-726820
-727082
-727295
-727426
-727426
-727295
-727049
-726771
-726427
-726116
-725772
-725494
-725347
-725166
-725003
-724872
-724790
-724659
-724561
-724495
-724381
-724299
-724250
-724217
-724184
-724151
-724135
-724151
-724184
-724250
-724282
-724299
-724282
-724217
-724053
-723824
-723595
-723300
-723071
-722858
-722743
-722662
-722694
-722776
-722825
-722891
-722940
-722858
-722776
-722612
-722383
-722154
-721876
-721663
-721385
-721188
-720975
-720681
-720468
-720189
-719993
-719829
-719780
-719698
-719698
-719780
-719813
-719862
-719895
-719927
-719977
-719993
-720026
-720091
-720058
-719993
-719862
-719616
-719273
-718830
-718421
-717979
-717603
-717259
-716997
-716817
-716637
-716489
-716326
-716211
-716031
-715834
-715622
-715310
-715049
-714836
-714623
-714459
-714426
-714508
-714688
-714918
-715147
-715327
-715491
-715507
-715458
-715310
-715147
-714918
-714688
-714476
-714295
-714132
-713984
-713821
-713657
-713493
-713329
-713149
-712937
-712675
-712445
-712151
-711921
-711676
-711512
-711430
-711430
-711430
-711479
-711578
-711660
-711676
-711709
-711709
-711709
-711676
-711676
-711660
-711578
-711463
-711316
-711136
-710956
-710759
-710530
-710301
-710104
-709875
-709646
-709367
-709155
-708942
-708745
-708614
-708516
-708500
-708516
-708549
-708582
-708663
-708680
-708680
-708713
-708778
-708811
-708811
-708811
-708680
-708516
-708172
-707796
-707305
-706797
-706371
-705995
-705749
-705618
-705586
-705618
-705684
-705749
-705815
-705831
-705831
-705831
-705831
-705831
-705831
-705831
-705831
-705831
-705831
-705831
-705831
-705831
-705831
-705831
-705831
-705831
-705831
-705831
-705831
-705831
-705831
-705831
-705913
-705978
-706077
-706109
-706109
-706077
-705913
-705586
-705160
-704620
-704096
-703637
-703228
-702999
-702982
-703146
-703424
-703768
-704047
-704308
-704358
-704259
-703932
-703539
-703064
-702573
-702131
-701787
-701591
-701476
-701460
-701476
-701525
-701591
-701623
-701640
-701640
-701673
-701754
-701754
-701787
-701754
-701640
-701525
-701345
-701149
-700936
-700690
-700461
-700265
-700068
-699904
-699741
-699577
-699413
-699168
-698922
-698627
-698218
-697792
-697301
-696859
-696466
-696155
-695959
-695844
-695828
-695844
-695910
-695959
-696008
-696008
-696073
-696106
-696172
-696237
-696237
-696172
-696008
-695746
-695320
-694813
-694289
-693830
-693437
-693241
-693176
-693323
-693634
-693978
-694289
-694518
-694633
-694485
-694191
-693781
-693274
-692783
-692324
-691964
-691718
-691653
-691653
-691686
-691800
-691817
-691849
-691800
-691653
-691456
-691260
-691064
-690802
-690605
-690409
-690147
-689934
-689737
-689508
-689312
-689115
-689001
-688919
-688919
-688919
-689001
-689017
-689017
-689001
-688919
-688739
-688591
-688346
-688149
-687953
-687724
-687527
-687314
-687134
-686938
-686741
-686528
-686332
-686152
-685939
-685743
-685546
-685350
-685137
-684957
-684793
-684547
-684318
-684105
-683860
-683663
-683483
-683336
-683287
-683254
-683287
-683320
-683336
-683369
-683336
-683254
-683074
-682910
-682681
-682452
-682255
-682010
-681797
-681617
-681470
-681273
-681093
-680896
-680733
-680536
-680323
-680143
-679947
-679750
-679538
-679341
-679161
-678948
-678752
-678588
-678392
-678146
-677982
-677802
-677589
-677360
-677147
-676951
-676738
-676542
-676378
-676296
-676296
-676378
-676443
-676492
-676492
-676378
-676116
-675641
-675019
-674331
-673644
-672989
-672449
-672088
-671925
-671875
-671957
-672056
-672154
-672219
-672219
-672088
-671875
-671630
-671401
-671139
-670942
-670746
-670648
-670648
-670648
-670697
-670746
-670697
-670648
-670435
-670107
-669665
-669207
-668798
-668388
-668094
-667979
-668061
-668257
-668503
-668814
-669076
-669207
-669207
-668978
-668601
-668143
-667635
-667160
-666702
-666456
-666276
-666276
-666325
-666456
-666538
-666620
-666620
-666505
-666309
-666113
-665851
-665589
-665359
-665147
-665016
-664966
-664917
-664917
-664966
-664917
-664885
-664819
-664688
-664574
-664410
-664230
-664033
-663870
-663673
-663477
-663280
-663084
-662871
-662674
-662478
-662298
-662118
-661921
-661725
-661512
-661348
-661234
-661103
-661004
-660939
-660906
-660906
-660906
-660906
-660873
-660873
-660824
-660808
-660808
-660759
-660759
-660759
-660759
-660759
-660759
-660808
-660808
-660824
-660873
-660873
-660873
-660906
-660906
-660906
-660906
-660906
-660873
-660873
-660873
-660873
-660873
-660808
-660693
-660530
-660284
-659875
-659367
-658827
-658303
-657812
-657403
-657141
-656944
-656830
-656748
-656682
-656666
-656666
-656617
-656568
-656568
-656568
-656617
-656666
-656666
-656666
-656666
-656666
-656682
-656666
-656666
-656568
-656404
-656207
-655880
-655520
-655127
-654734
-654357
-654079
-653915
-653801
-653768
-653768
-653768
-653801
-653817
-653817
-653817
-653883
-653883
-653915
-653915
-653915
-653883
-653883
-653817
-653801
-653735
-653670
-653572
-653457
-653211
-652949
-652622
-652295
-651967
-651656
-651427
-651312
-651198
-651148
-651148
-651148
-651116
-651083
-650968
-650870
-650739
-650575
-650445
-650314
-650199
-650084
-650035
-649986
-649953
-649953
-649888
-649806
-649724
-649544
-649315
-649102
-648840
-648594
-648398
-648218
-648103
-648021
-647972
-647940
-647907
-647858
-647776
-647710
-647579
-647399
-647268
-647121
-646990
-646875
-646744
-646630
-646581
-646515
-646450
-646384
-646286
-646188
-646073
-645959
-645844
-645729
-645598
-645418
-645255
-645107
-644862
-644600
-644370
-644158
-643978
-643814
-643781
-643748
-643781
-643814
-643912
-643945
-643978
-643994
-644027
-644076
-644076
-644125
-644076
-644027
-643945
-643814
-643650
-643454
-643241
-643012
-642815
-642586
-642389
-642144
-641882
-641636
-641407
-641227
-641096
-641031
-640998
-641031
-641063
-641096
-641145
-641162
-641194
-641276
-641374
-641440
-641473
-641440
-641342
-641096
-640703
-640245
-639704
-639197
-638689
-638313
-638100
-638034
-638034
-638067
-638165
-638264
-638313
-638362
-638395
-638427
-638460
-638460
-638460
-638460
-638427
-638395
-638296
-638198
-638067
-637936
-637871
-637789
-637723
-637723
-637789
-637822
-637838
-637838
-637789
-637658
-637478
-637249
-636987
-636708
-636512
-636299
-636217
-636184
-636217
-636283
-636397
-636430
-636430
-636332
-636217
-636021
-635808
-635546
-635300
-635104
-634891
-634727
-634613
-634498
-634416
-634285
-634203
-634072
-633991
-633876
-633794
-633680
-633565
-633499
-633450
-633418
-633450
-633499
-633565
-633680
-633680
-633680
-633565
-633368
-633123
-632795
-632484
-632239
-632026
-631928
-631977
-632190
-632435
-632648
-632845
-632959
-632926
-632681
-632304
-631813
-631273
-630733
-630291
-629881
-629652
-629488
-629374
-629308
-629292
-629226
-629144
-629063
-628932
-628801
-628653
-628522
-628440
-628326
-628277
-628277
-628310
-628359
-628391
-628440
-628391
-628326
-628146
-627867
-627573
-627245
-626951
-626721
-626541
-626459
-626459
-626476
-626541
-626623
-626689
-626721
-626689
-626656
-626574
-626509
-626459
-626378
-626296
-626214
-626148
-626099
-625985
-625936
-625805
-625755
-625690
-625657
-625592
-625559
-625526
-625494
-625428
-625330
-625232
-625068
-624937
-624773
-624642
-624511
-624397
-624364
-624364
-624397
-624429
-624511
-624511
-624429
-624331
-624151
-623955
-623709
-623447
-623218
-622972
-622792
-622645
-622481
-622301
-622154
-621990
-621908
-621777
-621712
-621597
-621564
-621531
-621499
-621482
-621433
-621433
-621482
-621531
-621564
-621564
-621564
-621499
-621368
-621171
-620909
-620615
-620385
-620123
-619960
-619894
-619845
-619894
-619927
-619960
-620009
-620091
-620091
-620123
-620173
-620238
-620287
-620287
-620238
-620173
-620009
-619796
-619518
-619256
-619027
-618814
-618650
-618634
-618650
-618699
-618765
-618814
-618846
-618797
-618650
-618437
-618208
-617913
-617651
-617406
-617209
-617127
-617127
-617144
-617209
-617275
-617308
-617308
-617209
-617046
-616816
-616554
-616292
-616047
-615932
-615850
-615965
-616161
-616391
-616636
-616849
-617046
-617078
-617046
-616931
-616718
-616473
-616260
-616047
-615932
-615850
-615818
-615818
-615818
-615850
-615850
-615850
-615850
-615850
-615818
-615801
-615769
-615736
-615654
-615572
-615441
-615326
-615163
-614999
-614835
-614655
-614492
-614279
-614017
-613755
-613509
-613280
-613116
-613018
-613084
-613214
-613476
-613706
-613951
-614082
-614115
-613968
-613673
-613296
-612854
-612429
-612068
-611823
-611774
-611856
-612101
-612363
-612658
-612887
-612985
-612887
-612658
-612265
-611823
-611381
-610906
-610546
-610333
-610218
-610186
-610218
-610251
-610333
-610382
-610415
-610415
-610415
-610415
-610415
-610382
-610333
-610251
-610137
-610022
-609858
-609678
-609482
-609269
-609056
-608860
-608663
-608401
-608156
-607943
-607746
-607583
-607468
-607419
-607419
-607452
-607468
-607501
-607533
-607583
-607583
-607615
-607632
-607632
-607632
-607583
-607501
-607386
-607190
-606960
-606748
-606518
-606289
-606060
-605863
-605667
-605438
-605241
-605045
-604832
-604701
-604652
-604570
-604619
-604652
-604668
-604701
-604668
-604570
-604455
-604259
-604013
-603784
-603555
-603342
-603228
-603146
-603146
-603146
-603146
-603178
-603146
-603097
-602966
-602753
-602524
-602311
-602065
-601901
-601836
-601869
-602032
-602311
-602589
-602900
-603097
-603146
-603064
-602786
-602393
-601901
-601394
-600968
-600575
-600346
-600215
-600182
-600182
-600215
-600297
-600346
-600346
-600379
-600461
-600510
-600543
-600575
-600543
-600412
-600182
-599806
-599364
-598905
-598398
-598005
-597710
-597514
-597481
-597481
-597546
-597612
-597628
-597628
-597546
-597415
-597203
-597006
-596793
-596564
-596319
-596138
-595909
-595647
-595402
-595173
-594976
-594829
-594796
-594878
-595107
-595402
-595696
-595991
-596155
-596188
-596024
-595696
-595238
-594747
-594239
-593797
-593453
-593257
-593224
-593224
-593306
-593355
-593421
-593421
-593322
-593159
-592930
-592700
-592471
-592226
-592029
-591947
-591914
-591980
-592029
-592111
-592144
-592144
-591996
-591718
-591309
-590801
-590294
-589802
-589393
-589197
-589148
-589295
-589524
-589819
-590146
-590392
-590556
-590556
-590425
-590261
-590015
-589802
-589524
-589295
-589066
-588869
-588689
-588493
-588296
-588067
-587903
-587707
-587510
-587281
-587052
-586856
-586643
-586479
-586364
-586299
-586266
-586233
-586299
-586299
-586315
-586315
-586364
-586364
-586397
-586463
-586463
-586463
-586397
-586299
-586102
-585857
-585611
-585317
-585153
-584956
-584842
-584809
-584875
-584973
-585038
-585104
-585071
-584907
-584629
-584285
-583810
-583368
-582893
-582468
-582108
-581829
-581616
-581420
-581256
-581076
-580912
-580798
-580552
-580389
-580192
-579996
-579816
-579603
-579406
-579210
-578997
-578768
-578571
-578375
-578162
-578047
-577949
-577884
-577851
-577851
-577851
-577884
-577884
-577916
-577916
-577949
-577966
-578015
-578015
-577966
-577949
-577818
-577622
-577376
-577131
-576885
-576688
-576525
-576476
-576476
-576492
-576558
-576639
-576656
-576639
-576525
-576361
-576132
-575837
-575575
-575297
-575051
-574838
-574675
-574511
-574347
-574233
-574085
-573971
-573889
-573807
-573807
-573807
-573807
-573807
-573725
-573594
-573316
-572939
-572497
-571990
-571548
-571138
-570860
-570696
-570614
-570614
-570647
-570729
-570811
-570860
-570893
-570893
-570893
-570893
-570893
-570893
-570893
-570893
-570893
-570893
-570860
-570860
-570860
-570860
-570893
-570893
-570958
-571007
-571089
-571122
-571057
-570958
-570696
-570320
-569861
-569370
-568879
-568470
-568142
-567962
-567897
-567897
-567929
-567979
-568044
-568126
-568093
-568093
-568093
-568044
-568044
-567979
-567962
-567831
-567717
-567553
-567389
-567193
-567013
-566849
-566767
-566652
-566636
-566636
-566636
-566603
-566571
-566456
-566325
-566161
-565998
-565817
-565605
-565343
-565064
-564786
-564393
-563967
-563525
-563116
-562690
-562445
-562232
-562134
-562134
-562166
-562265
-562347
-562412
-562445
-562478
-562494
-562543
-562543
-562543
-562494
-562445
-562297
-562134
-561970
-561757
-561495
-561282
-561053
-560840
-560628
-560398
-560136
-559940
-559694
-559580
-559465
-559432
-559432
-559465
-559547
-559580
-559612
-559645
-559662
-559694
-559776
-559776
-559809
-559776
-559662
-559498
-559301
-559105
-558843
-558581
-558352
-558123
-557910
-557681
-557484
-557288
-557124
-556977
-556829
-556780
-556780
-556813
-556862
-556927
-556977
-556927
-556813
-556633
-556436
-556174
-555896
-555634
-555454
-555241
-555077
-554914
-554799
-554652
-554504
-554455
-554341
-554341
-554341
-554423
-554472
-554504
-554537
-554537
-554504
-554455
-554341
-554226
-554144
-554095
-553997
-553997
-554030
-554128
-554193
-554259
-554292
-554226
-554095
-553817
-553473
-553096
-552671
-552327
-552049
-551852
-551738
-551705
-551705
-551787
-551819
-551819
-551819
-551738
-551672
-551590
-551476
-551377
-551312
-551295
-551230
-551230
-551295
-551295
-551312
-551295
-551230
-551083
-550919
-550690
-550477
-550199
-549969
-549773
-549642
-549527
-549478
-549413
-549364
-549298
-549282
-549167
-549052
-548905
-548741
-548627
-548479
-548349
-548283
-548250
-548250
-548283
-548316
-548349
-548381
-548381
-548316
-548250
-548136
-548021
-547923
-547825
-547759
-547694
-547694
-547694
-547726
-547759
-547759
-547759
-547694
-547661
-547579
-547481
-547432
-547317
-547235
-547137
-546990
-546891
-546760
-546646
-546498
-546400
-546286
-546155
-546073
-545958
-545876
-545778
-545680
-545582
-545467
-545369
-545287
-545172
-545090
-545009
-544959
-544927
-544959
-544976
-545009
-545090
-545090
-545009
-544959
-544779
-544550
-544305
-544010
-543797
-543535
-543355
-543191
-543077
-542946
-542798
-542700
-542618
-542569
-542536
-542569
-542618
-542667
-542749
-542782
-542782
-542700
-542602
-542471
-542340
-542209
-542094
-541963
-541947
-541914
-541914
-541947
-541947
-541947
-541947
-541914
-541832
-541800
-541751
-541636
-541587
-541472
-541325
-541128
-540899
-540637
-540359
-540146
-539950
-539819
-539819
-539901
-540032
-540195
-540359
-540474
-540523
-540523
-540490
-540392
-540310
-540162
-540081
-539982
-539901
-539851
-539851
-539819
-539819
-539770
-539622
-539458
-539164
-538804
-538411
-538018
-537625
-537330
-537101
-536986
-536937
-536937
-536970
-536986
-537019
-537052
-537052
-537101
-537101
-537150
-537150
-537150
-537150
-537150
-537101
-537052
-537019
-536970
-536904
-536806
-536659
-536462
-536200
-535955
-535660
-535447
-535284
-535185
-535185
-535284
-535382
-535513
-535627
-535791
-535840
-535873
-535922
-535955
-535955
-535955
-535922
-535840
-535758
-535578
-535415
-535251
-535054
-534842
-534727
-534629
-534531
-534465
-534400
-534334
-534285
-534219
-534187
-534154
-534138
-534088
-534088
-534023
-533990
-533974
-533859
-533810
-533696
-533597
-533483
-533434
-533335
-533270
-533204
-533172
-533139
-533073
-533008
-532959
-532795
-532664
-532500
-532353
-532206
-532075
-531960
-531845
-531764
-531682
-531633
-531567
-531469
-531469
-531453
-531469
-531502
-531600
-531649
-531682
-531682
-531633
-531502
-531354
-531191
-530994
-530814
-530650
-530519
-530437
-530323
-530307
-530241
-530176
-530159
-530094
-530061
-530094
-530094
-530159
-530159
-530061
-529963
-529734
-529406
-529013
-528538
-528129
-527769
-527491
-527441
-527491
-527720
-528014
-528309
-528587
-528800
-528817
-528702
-528506
-528260
-527965
-527654
-527441
-527294
-527229
-527229
-527294
-527310
-527409
-527441
-527409
-527294
-527130
-526934
-526672
-526459
-526279
-526115
-526017
-525952
-525902
-525870
-525870
-525870
-525870
-525870
-525837
-525837
-525837
-525870
-525870
-525870
-525870
-525870
-525870
-525870
-525870
-525870
-525870
-525870
-525870
-525870
-525870
-525870
-525870
-525870
-525870
-525870
-525902
-525952
-525968
-525968
-525952
-525837
-525624
-525297
-524887
-524429
-523971
-523561
-523250
-523005
-522906
-522874
-522906
-522939
-522955
-523037
-523070
-523070
-523103
-523119
-523168
-523168
-523119
-523070
-522939
-522775
-522513
-522284
-522055
-521859
-521678
-521580
-521547
-521547
-521580
-521629
-521629
-521646
-521646
-521678
-521711
-521760
-521760
-521760
-521711
-521629
-521466
-521269
-520974
-520762
-520565
-520320
-520238
-520156
-520189
-520270
-520303
-520369
-520401
-520320
-520189
-519959
-519714
-519452
-519174
-518977
-518912
-518912
-519092
-519305
-519566
-519845
-520074
-520189
-520189
-520107
-519959
-519747
-519501
-519288
-519059
-518846
-518650
-518420
-518175
-517978
-517798
-517651
-517487
-517471
-517471
-517471
-517520
-517569
-517569
-517487
-517356
-517160
-516963
-516734
-516472
-516292
-516128
-515997
-515965
-515948
-515948
-515965
-515965
-515965
-515965
-515997
-516046
-516112
-516112
-516112
-516079
-515997
-515834
-515637
-515408
-515179
-514966
-514769
-514622
-514589
-514589
-514622
-514638
-514688
-514688
-514622
-514491
-514327
-514115
-513820
-513607
-513411
-513230
-513132
-513132
-513165
-513198
-513280
-513280
-513280
-513165
-513001
-512805
-512576
-512314
-512134
-511921
-511790
-511757
-511724
-511724
-511757
-511790
-511806
-511806
-511806
-511806
-511806
-511806
-511806
-511806
-511806
-511806
-511839
-511888
-511921
-511921
-511921
-511839
-511757
-511593
-511430
-511184
-510971
-510775
-510529
-510333
-510136
-509956
-509743
-509580
-509383
-509187
-508974
-508794
-508564
-508319
-508090
-507893
-507729
-507599
-507533
-507484
-507484
-507484
-507566
-507599
-507599
-507599
-507599
-507599
-507599
-507599
-507599
-507599
-507599
-507631
-507648
-507648
-507680
-507648
-507631
-507566
-507402
-507238
-506993
-506796
-506583
-506338
-506141
-505961
-505798
-505585
-505388
-505159
-504995
-504799
-504602
-504373
-504144
-503948
-503751
-503587
-503440
-503342
-503293
-503293
-503293
-503342
-503375
-503375
-503375
-503407
-503440
-503456
-503489
-503456
-503440
-503375
-503211
-502982
-502703
-502458
-502228
-502016
-501885
-501819
-501819
-501852
-501885
-501917
-501917
-501885
-501770
-501606
-501394
-501164
-500984
-500788
-500624
-500575
-500575
-500575
-500608
-500624
-500657
-500690
-500690
-500722
-500788
-500788
-500804
-500788
-500722
-500608
-500444
-500215
-499936
-499674
-499462
-499216
-499085
-498987
-498987
-498987
-499052
-499085
-499052
-498987
-498889
-498725
-498479
-498266
-498070
-497824
-497693
-497644
-497612
-497644
-497661
-497693
-497726
-497661
-497612
-497448
-497235
-497039
-496809
-496629
-496449
-496302
-496285
-496285
-496302
-496367
-496416
-496416
-496335
-496253
-496089
-495893
-495680
-495483
-495319
-495189
-495090
-494976
-494927
-494861
-494828
-494828
-494894
-495025
-495319
-495680
-496089
-496449
-496646
-496711
-496498
-496056
-495352
-494566
-493731
-492913
-492258
-491767
-491439
-491194
-491046
-490899
-490784
-490703
-490621
-490572
-490539
-490539
-490539
-490539
-490506
-490457
-490310
-490162
-489966
-489786
-489573
-489409
-489262
-489147
-489131
-489098
-489098
-489098
-489098
-489065
-488967
-488853
-488754
-488623
-488492
-488361
-488230
-488132
-488018
-487968
-487903
-487821
-487772
-487674
-487576
-487428
-487281
-487117
-486953
-486773
-486610
-486511
-486446
-486446
-486479
-486511
-486544
-486544
-486544
-486446
-486315
-486184
-486004
-485840
-485693
-485562
-485464
-485382
-485316
-485251
-485218
-485185
-485136
-485103
-485054
-485021
-484989
-484972
-484907
-484825
-484743
-484596
-484399
-484203
-484006
-483777
-483581
-483417
-483237
-483040
-482877
-482762
-482582
-482451
-482386
-482304
-482304
-482353
-482386
-482451
-482451
-482451
-482353
-482189
-481976
-481682
-481436
-481207
-480994
-480863
-480797
-480781
-480781
-480797
-480830
-480863
-480863
-480863
-480863
-480863
-480863
-480863
-480863
-480863
-480912
-480912
-480912
-480912
-480945
-480912
-480912
-480863
-480830
-480797
-480781
-480716
-480617
-480437
-480274
-479979
-479619
-479259
-478849
-478489
-478194
-477965
-477900
-477867
-477867
-477949
-477965
-478031
-478063
-478096
-478096
-478145
-478194
-478194
-478162
-478096
-477965
-477785
-477539
-477278
-477016
-476786
-476623
-476557
-476508
-476557
-476623
-476704
-476754
-476786
-476754
-476672
-476590
-476475
-476361
-476213
-476050
-475886
-475689
-475427
-475198
-474887
-474658
-474462
-474331
-474281
-474298
-474412
-474462
-474576
-474625
-474658
-474625
-474527
-474380
-474249
-474069
-473905
-473807
-473741
-473741
-473741
-473790
-473807
-473872
-473872
-473839
-473790
-473708
-473627
-473545
-473414
-473332
-473217
-473119
-473021
-472923
-472792
-472677
-472546
-472464
-472350
-472268
-472137
-472055
-471973
-471858
-471809
-471777
-471777
-471777
-471809
-471826
-471826
-471826
-471777
-471695
-471629
-471531
-471449
-471285
-471122
-471007
-470811
-470581
-470336
-470090
-469877
-469681
-469550
-469468
-469435
-469435
-469468
-469484
-469517
-469550
-469550
-469599
-469632
-469632
-469648
-469681
-469648
-469632
-469550
-469484
-469403
-469288
-469190
-469059
-468895
-468699
-468469
-468207
-467945
-467733
-467569
-467503
-467536
-467634
-467782
-468044
-468207
-468289
-468289
-468207
-468044
-467765
-467503
-467258
-467012
-466849
-466783
-466750
-466783
-466849
-466881
-466914
-466914
-466881
-466849
-466750
-466685
-466554
-466423
-466292
-466128
-465899
-465637
-465326
-465064
-464786
-464606
-464507
-464475
-464540
-464638
-464769
-464868
-464933
-464933
-464900
-464786
-464704
-464540
-464393
-464196
-464049
-463885
-463640
-463378
-463132
-462886
-462723
-462559
-462526
-462559
-462690
-462805
-462952
-463099
-463132
-463099
-462952
-462723
-462477
-462215
-461970
-461773
-461609
-461560
-461528
-461560
-461593
-461609
-461708
-461740
-461822
-461937
-462101
-462215
-462313
-462395
-462363
-462215
-461970
-461609
-461282
-460873
-460545
-460251
-460087
-459956
-459890
-459890
-459841
-459841
-459792
-459727
-459563
-459383
-459219
-459023
-458908
-458761
-458728
-458761
-458859
-458990
-459154
-459301
-459383
-459416
-459350
-459219
-459055
-458859
-458613
-458450
-458335
-458237
-458171
-458106
-458073
-458024
-457991
-457959
-457909
-457828
-457778
-457713
-457615
-457549
-457402
-457287
-457091
-456845
-456583
-456321
-456108
-455928
-455847
-455847
-455928
-456108
-456256
-456420
-456518
-456583
-456518
-456420
-456256
-456059
-455896
-455732
-455601
-455568
-455568
-455601
-455650
-455732
-455732
-455732
-455634
-455437
-455192
-454946
-454668
-454439
-454242
-454127
-454046
-454013
-454046
-454078
-454127
-454144
-454177
-454177
-454209
-454242
-454242
-454242
-454242
-454177
-454078
-453915
-453751
-453554
-453358
-453145
-452981
-452883
-452801
-452736
-452687
-452654
-452572
-452523
-452392
-452261
-452097
-451950
-451770
-451606
-451541
-451541
-451606
-451770
-451966
-452196
-452392
-452523
-452572
-452523
-452392
-452228
-452065
-451868
-451655
-451541
-451459
-451410
-451377
-451377
-451377
-451377
-451377
-451377
-451377
-451377
-451410
-451442
-451442
-451459
-451459
-451492
-451573
-451623
-451655
-451623
-451492
-451246
-450804
-450215
-449560
-448856
-448201
-447628
-447251
-447055
-446973
-447022
-447087
-447186
-447284
-447300
-447300
-447284
-447251
-447218
-447186
-447186
-447137
-447120
-447120
-447120
-447120
-447120
-447120
-447120
-447120
-447120
-447120
-447120
-447137
-447137
-447120
-447120
-447137
-447137
-447186
-447186
-447186
-447120
-447087
-446973
-446793
-446629
-446433
-446220
-446056
-445892
-445827
-445778
-445729
-445696
-445696
-445696
-445663
-445663
-445663
-445696
-445729
-445778
-445778
-445729
-445663
-445516
-445368
-445205
-445008
-444779
-444583
-444386
-444124
-443911
-443649
-443420
-443191
-443027
-442863
-442814
-442814
-442831
-442863
-442929
-442929
-442896
-442814
-442651
-442438
-442241
-441996
-441799
-441668
-441537
-441505
-441472
-441472
-441505
-441505
-441505
-441505
-441537
-441537
-441570
-441619
-441619
-441570
-441505
-441374
-441161
-440915
-440686
-440457
-440260
-440129
-440064
-440064
-440097
-440146
-440178
-440228
-440178
-440097
-439884
-439655
-439442
-439147
-438934
-438770
-438672
-438607
-438574
-438574
-438607
-438640
-438672
-438672
-438705
-438738
-438770
-438770
-438787
-438770
-438705
-438574
-438394
-438197
-438001
-437772
-437543
-437346
-437133
-436920
-436691
-436478
-436216
-436069
-435905
-435824
-435774
-435774
-435791
-435824
-435873
-435905
-435905
-435905
-435905
-435905
-435905
-435905
-435905
-435905
-435905
-435905
-435905
-435905
-435905
-435905
-435905
-435905
-435905
-435905
-435905
-435905
-435905
-435905
-435905
-435905
-435905
-435905
-435905
-435905
-435905
-435905
-435905
-435938
-435954
-435987
-435954
-435905
-435824
-435660
-435447
-435201
-434956
-434743
-434547
-434465
-434383
-434383
-434416
-434481
-434514
-434514
-434465
-434301
-434121
-433892
-433630
-433417
-433220
-433073
-432991
-432991
-433024
-433073
-433139
-433155
-433106
-433024
-432811
-432598
-432369
-432123
-431911
-431747
-431632
-431583
-431583
-431583
-431616
-431632
-431681
-431681
-431681
-431681
-431681
-431681
-431681
-431681
-431681
-431681
-431714
-431747
-431747
-431747
-431747
-431681
-431534
-431370
-431174
-430977
-430715
-430519
-430306
-430093
-429897
-429700
-429537
-429324
-429160
-429029
-428947
-428865
-428865
-428865
-428915
-428915
-428865
-428800
-428620
-428456
-428243
-427998
-427801
-427638
-427523
-427457
-427425
-427425
-427457
-427474
-427523
-427523
-427523
-427556
-427556
-427588
-427588
-427556
-427523
-427392
-427212
-426983
-426737
-426459
-426230
-426033
-425935
-425853
-425853
-425886
-425935
-425951
-426033
-426033
-426066
-426131
-426197
-426262
-426311
-426262
-426230
-426131
-425935
-425738
-425493
-425231
-425034
-424871
-424756
-424674
-424641
-424592
-424592
-424592
-424543
-424543
-424543
-424543
-424592
-424625
-424641
-424641
-424641
-424641
-424641
-424674
-424674
-424641
-424592
-424494
-424379
-424183
-423987
-423757
-423512
-423364
-423233
-423152
-423135
-423135
-423152
-423201
-423233
-423233
-423233
-423266
-423266
-423315
-423315
-423315
-423266
-423201
-423053
-422890
-422742
-422546
-422366
-422202
-422071
-422006
-421907
-421842
-421809
-421694
-421629
-421498
-421383
-421187
-420974
-420794
-420598
-420434
-420303
-420221
-420221
-420254
-420286
-420352
-420401
-420434
-420434
-420434
-420434
-420467
-420467
-420467
-420434
-420434
-420401
-420352
-420303
-420254
-420221
-420155
-420057
-419926
-419812
-419599
-419435
-419288
-419124
-419042
-419009
-419042
-419075
-419124
-419173
-419173
-419124
-419042
-418829
-418633
-418387
-418174
-417978
-417880
-417847
-417945
-418109
-418305
-418469
-418633
-418731
-418731
-418666
-418502
-418338
-418125
-417913
-417749
-417651
-417536
-417470
-417454
-417421
-417389
-417339
-417258
-417225
-417143
-417094
-417028
-416930
-416816
-416685
-416521
-416292
-416062
-415801
-415539
-415326
-415162
-415047
-415015
-415015
-415015
-415047
-415080
-415129
-415211
-415277
-415408
-415539
-415637
-415702
-415735
-415702
-415539
-415277
-414966
-414638
-414311
-414049
-413885
-413852
-413918
-414016
-414180
-414311
-414376
-414425
-414376
-414262
-414131
-413950
-413803
-413607
-413476
-413312
-413263
-413181
-413148
-413116
-413066
-412985
-412903
-412788
-412624
-412461
-412330
-412166
-412051
-411953
-411904
-411904
-411904
-411937
-411953
-411953
-411953
-411986
-411986
-411986
-411986
-411986
-411986
-411986
-411953
-411904
-411838
-411773
-411675
-411626
-411511
-411429
-411282
-411134
-410971
-410856
-410725
-410643
-410545
-410545
-410643
-410692
-410758
-410807
-410807
-410725
-410578
-410349
-410136
-409825
-409563
-409334
-409153
-409104
-409072
-409104
-409121
-409153
-409186
-409186
-409121
-409039
-408908
-408793
-408679
-408548
-408400
-408302
-408204
-408138
-408057
-407926
-407860
-407745
-407647
-407549
-407484
-407385
-407303
-407189
-407091
-406976
-406894
-406780
-406665
-406534
-406468
-406354
-406288
-406223
-406223
-406288
-406321
-406321
-406321
-406288
-406190
-406026
-405879
-405666
-405437
-405208
-404995
-404831
-404635
-404455
-404291
-404045
-403898
-403734
-403587
-403489
-403358
-403292
-403194
-403129
-403030
-402965
-402818
-402703
-402572
-402457
-402343
-402195
-402064
-401966
-401835
-401721
-401590
-401459
-401377
-401311
-401295
-401295
-401311
-401344
-401410
-401459
-401524
-401524
-401524
-401557
-401557
-401557
-401524
-401459
-401442
-401344
-401246
-401148
-401017
-400902
-400755
-400640
-400558
-400476
-400394
-400329
-400231
-400198
-400132
-400132
-400165
-400198
-400231
-400280
-400263
-400198
-400051
-399854
-399625
-399330
-399036
-398790
-398512
-398348
-398217
-398135
-398004
-397971
-397922
-397873
-397840
-397840
-397873
-397922
-397971
-397971
-397971
-397955
-397808
-397628
-397398
-397136
-396891
-396694
-396531
-396449
-396400
-396400
-396400
-396432
-396449
-396482
-396531
-396613
-396743
-396825
-396956
-396989
-396989
-396891
-396694
-396400
-396072
-395745
-395450
-395172
-395041
-395008
-395041
-395172
-395303
-395450
-395548
-395614
-395581
-395548
-395466
-395417
-395352
-395286
-395172
-395139
-395074
-395041
-395008
-394959
-394877
-394812
-394713
-394566
-394386
-394222
-394058
-393895
-393764
-393682
-393649
-393649
-393682
-393715
-393715
-393715
-393682
-393616
-393485
-393371
-393207
-393060
-392896
-392781
-392667
-392536
-392454
-392290
-392208
-392110
-391979
-391881
-391750
-391619
-391472
-391341
-391292
-391226
-391226
-391308
-391455
-391619
-391799
-391881
-391979
-391979
-391881
-391750
-391537
-391341
-391144
-390981
-390882
-390817
-390817
-390817
-390817
-390850
-390882
-390882
-390882
-390882
-390882
-390915
-390915
-390915
-390882
-390882
-390850
-390850
-390817
-390800
-390719
-390637
-390457
-390195
-389867
-389523
-389163
-388869
-388639
-388508
-388508
-388623
-388705
-388869
-389049
-389130
-389130
-389081
-388950
-388787
-388590
-388394
-388214
-388083
-388017
-387968
-387968
-388017
-388017
-388050
-388050
-388083
-388132
-388165
-388214
-388296
-388296
-388263
-388132
-387968
-387755
-387477
-387231
-387002
-386773
-386658
-386609
-386560
-386560
-386609
-386626
-386658
-386658
-386691
-386724
-386773
-386822
-386871
-386871
-386773
-386691
-386527
-386331
-386118
-385905
-385709
-385545
-385480
-385463
-385463
-385463
-385463
-385463
-385414
-385299
-385136
-384956
-384710
-384481
-384268
-384072
-383941
-383859
-383826
-383826
-383826
-383826
-383859
-383826
-383826
-383777
-383760
-383728
-383695
-383662
-383662
-383662
-383695
-383760
-383777
-383826
-383859
-383859
-383859
-383859
-383826
-383777
-383760
-383760
-383695
-383695
-383728
-383760
-383777
-383826
-383859
-383826
-383777
-383662
-383531
-383368
-383187
-382991
-382795
-382598
-382402
-382172
-381910
-381648
-381419
-381206
-381092
-380977
-380928
-380928
-380961
-380977
-381010
-381059
-381059
-381059
-381059
-381092
-381059
-381010
-380977
-380928
-380764
-380601
-380388
-380191
-379995
-379815
-379733
-379700
-379700
-379700
-379766
-379766
-379766
-379700
-379569
-379373
-379127
-378914
-378685
-378472
-378292
-378210
-378178
-378210
-378259
-378292
-378309
-378292
-378178
-377981
-377768
-377490
-377228
-377015
-376868
-376868
-376950
-377163
-377441
-377719
-377981
-378145
-378210
-378145
-377981
-377768
-377490
-377228
-376982
-376819
-376770
-376770
-376786
-376868
-376933
-376933
-376901
-376786
-376606
-376377
-376131
-375886
-375689
-375460
-375378
-375345
-375378
-375411
-375460
-375460
-375460
-375378
-375247
-375051
-374805
-374592
-374330
-374150
-374019
-373954
-373937
-373937
-373954
-373954
-373986
-374019
-374019
-374019
-374019
-374019
-374019
-374019
-374019
-374019
-374019
-374101
-374117
-374117
-374117
-374052
-373954
-373790
-373610
-373364
-373119
-372873
-372709
-372611
-372513
-372513
-372513
-372546
-372578
-372611
-372611
-372611
-372611
-372627
-372627
-372627
-372627
-372627
-372627
-372627
-372660
-372660
-372660
-372660
-372611
-372464
-372316
-372071
-371809
-371563
-371350
-371252
-371219
-371350
-371596
-371842
-372136
-372382
-372546
-372611
-372513
-372349
-372120
-371842
-371596
-371350
-371187
-371121
-371089
-371089
-371089
-371121
-371121
-371154
-371154
-371154
-371154
-371187
-371187
-371187
-371187
-371187
-371219
-371252
-371252
-371252
-371252
-371187
-371089
-370958
-370794
-370597
-370401
-370172
-369959
-369779
-369550
-369271
-369009
-368764
-368502
-368387
-368305
-368420
-368616
-368911
-369206
-369500
-369746
-369861
-369828
-369664
-369419
-369107
-368813
-368551
-368354
-368256
-368191
-368191
-368256
-368289
-368305
-368387
-368420
-368453
-368469
-368502
-368551
-368584
-368502
-368453
-368289
-368092
-367814
-367519
-367290
-367094
-366946
-366832
-366832
-366832
-366865
-366946
-366963
-366995
-366963
-366963
-366946
-366946
-366897
-366865
-366832
-366799
-366799
-366799
-366799
-366783
-366783
-366701
-366619
-366488
-366324
-366177
-365980
-365800
-365669
-365587
-365506
-365473
-365473
-365473
-365473
-365473
-365424
-365309
-365195
-365014
-364851
-364687
-364523
-364425
-364310
-364278
-364229
-364196
-364196
-364196
-364163
-364163
-364196
-364229
-364261
-364278
-364278
-364261
-364163
-363999
-363803
-363525
-363295
-363083
-362870
-362739
-362673
-362641
-362673
-362706
-362788
-362788
-362804
-362788
-362788
-362739
-362739
-362673
-362624
-362510
-362428
-362280
-362084
-361855
-361642
-361478
-361314
-361233
-361200
-361200
-361233
-361265
-361233
-361151
-361003
-360692
-360299
-359841
-359366
-358957
-358646
-358482
-358515
-358744
-359022
-359366
-359710
-359939
-360070
-360005
-359808
-359497
-359170
-358842
-358580
-358351
-358302
-358269
-358302
-358351
-358466
-358548
-358629
-358646
-358678
-358711
-358711
-358744
-358744
-358711
-358678
-358646
-358580
-358515
-358466
-358351
-358302
-358138
-358024
-357893
-357729
-357565
-357385
-357271
-357156
-357107
-357074
-357074
-357107
-357107
-357123
-357123
-357123
-357123
-357123
-357123
-357123
-357123
-357123
-357123
-357123
-357123
-357123
-357123
-357123
-357123
-357123
-357156
-357189
-357238
-357271
-357271
-357238
-357123
-356992
-356796
-356567
-356337
-356124
-355912
-355748
-355715
-355748
-355781
-355879
-355961
-356092
-356124
-356124
-356092
-355993
-355944
-355879
-355797
-355781
-355748
-355715
-355748
-355748
-355748
-355748
-355748
-355748
-355682
-355650
-355633
-355551
-355486
-355437
-355306
-355175
-355060
-354929
-354766
-354585
-354455
-354356
-354291
-354274
-354274
-354274
-354291
-354324
-354324
-354324
-354324
-354324
-354324
-354324
-354324
-354324
-354324
-354356
-354389
-354455
-354455
-354487
-354455
-354389
-354274
-354111
-353865
-353620
-353407
-353161
-352997
-352883
-352785
-352686
-352621
-352506
-352457
-352310
-352212
-352097
-351933
-351753
-351589
-351491
-351426
-351426
-351524
-351688
-351933
-352130
-352293
-352408
-352457
-352375
-352293
-352130
-351933
-351753
-351606
-351524
-351491
-351442
-351491
-351491
-351524
-351524
-351524
-351491
-351442
-351393
-351327
-351278
-351147
-351066
-350902
-350673
-350460
-350198
-349952
-349707
-349477
-349314
-349150
-349003
-348888
-348790
-348642
-348593
-348528
-348495
-348446
-348446
-348495
-348495
-348528
-348528
-348561
-348593
-348642
-348692
-348724
-348724
-348724
-348642
-348593
-348495
-348380
-348282
-348151
-348053
-347955
-347824
-347709
-347562
-347431
-347365
-347300
-347300
-347431
-347595
-347775
-347955
-348102
-348151
-348102
-347906
-347562
-347169
-346776
-346350
-346007
-345810
-345679
-345646
-345679
-345761
-345810
-345843
-345925
-345925
-345876
-345876
-345843
-345843
-345810
-345810
-345810
-345810
-345810
-345794
-345794
-345794
-345794
-345810
-345810
-345810
-345843
-345843
-345876
-345876
-345925
-345925
-345925
-345925
-345925
-345925
-345925
-345925
-345925
-345925
-345925
-345925
-345925
-345925
-345925
-345925
-345925
-345957
-345974
-345974
-345974
-345957
-345810
-345679
-345466
-345303
-345090
-344877
-344680
-344566
-344402
-344271
-344157
-344058
-343960
-343895
-343862
-343862
-343895
-343960
-343993
-344058
-344107
-344058
-343960
-343829
-343665
-343485
-343338
-343207
-343125
-343076
-343076
-343125
-343141
-343207
-343240
-343174
-343076
-342879
-342618
-342306
-342045
-341783
-341619
-341570
-341619
-341783
-341979
-342225
-342421
-342552
-342618
-342585
-342454
-342306
-342159
-341979
-341815
-341766
-341733
-341733
-341733
-341766
-341783
-341766
-341733
-341602
-341390
-341111
-340898
-340620
-340407
-340244
-340145
-340113
-340113
-340145
-340211
-340276
-340276
-340276
-340211
-340145
-340080
-339965
-339900
-339802
-339671
-339589
-339458
-339294
-339179
-339048
-338967
-338885
-338819
-338803
-338803
-338819
-338819
-338852
-338885
-338885
-338885
-338917
-338967
-338983
-338967
-338917
-338819
-338623
-338394
-338115
-337886
-337624
-337460
-337329
-337280
-337280
-337280
-337297
-337378
-337411
-337444
-337444
-337444
-337444
-337444
-337444
-337460
-337460
-337460
-337493
-337526
-337575
-337575
-337575
-337493
-337378
-337166
-336904
-336625
-336331
-336118
-335987
-335954
-336085
-336282
-336593
-336838
-337067
-337248
-337280
-337117
-336936
-336674
-336413
-336134
-335921
-335741
-335709
-335709
-335790
-335823
-335889
-335921
-335889
-335790
-335627
-335430
-335234
-334988
-334824
-334661
-334612
-334612
-334612
-334628
-334693
-334726
-334693
-334612
-334464
-334268
-334071
-333842
-333629
-333466
-333367
-333335
-333335
-333416
-333449
-333498
-333531
-333564
-333531
-333498
-333449
-333416
-333335
-333302
-333253
-333220
-333220
-333220
-333171
-333138
-333122
-333056
-332942
-332794
-332631
-332434
-332221
-332058
-331894
-331779
-331763
-331763
-331763
-331763
-331779
-331779
-331828
-331828
-331828
-331828
-331828
-331828
-331828
-331828
-331828
-331861
-331861
-331894
-331861
-331828
-331763
-331632
-331452
-331272
-331075
-330830
-330633
-330469
-330420
-330371
-330420
-330453
-330469
-330469
-330469
-330420
-330257
-329962
-329749
-329471
-329291
-329127
-329094
-329176
-329422
-329651
-329946
-330257
-330420
-330502
-330453
-330289
-330044
-329782
-329471
-329258
-329094
-328947
-328931
-328931
-328947
-328980
-328980
-328947
-328865
-328718
-328521
-328325
-328112
-327932
-327784
-327703
-327637
-327604
-327604
-327604
-327604
-327604
-327604
-327637
-327637
-327670
-327703
-327735
-327703
-327637
-327506
-327293
-327080
-326851
-326606
-326409
-326262
-326147
-326131
-326098
-326098
-326131
-326147
-326147
-326147
-326213
-326262
-326295
-326295
-326295
-326295
-326180
-326000
-325787
-325525
-325263
-325018
-324870
-324821
-324903
-325099
-325361
-325656
-325918
-326131
-326213
-326147
-325967
-325787
-325525
-325263
-325018
-324821
-324772
-324739
-324772
-324788
-324821
-324821
-324821
-324739
-324526
-324297
-324035
-323773
-323577
-323446
-323413
-323511
-323741
-324003
-324297
-324559
-324739
-324788
-324739
-324559
-324330
-324084
-323790
-323577
-323413
-323348
-323315
-323299
-323315
-323348
-323380
-323413
-323413
-323413
-323446
-323479
-323511
-323479
-323446
-323348
-323200
-322971
-322758
-322480
-322283
-322103
-321956
-321940
-321940
-321956
-322022
-322054
-322054
-321989
-321858
-321645
-321432
-321203
-320957
-320777
-320614
-320548
-320466
-320466
-320515
-320548
-320581
-320581
-320614
-320614
-320630
-320630
-320630
-320630
-320614
-320515
-320302
-320122
-319811
-319582
-319386
-319222
-319189
-319271
-319467
-319762
-320041
-320302
-320466
-320581
-320515
-320368
-320122
-319877
-319615
-319386
-319222
-319124
-319107
-319107
-319107
-319124
-319156
-319189
-319189
-319189
-319222
-319222
-319222
-319222
-319156
-319058
-318927
-318731
-318485
-318256
-318059
-317863
-317781
-317716
-317667
-317716
-317716
-317748
-317781
-317781
-317781
-317798
-317830
-317863
-317863
-317863
-317798
-317716
-317454
-317241
-316979
-316750
-316553
-316422
-316455
-316553
-316782
-317044
-317290
-317536
-317716
-317748
-317667
-317536
-317372
-317175
-316963
-316750
-316553
-316390
-316177
-315980
-315784
-315604
-315391
-315194
-314965
-314687
-314441
-314212
-313950
-313754
-313590
-313475
-313475
-313475
-313557
-313623
-313623
-313623
-313475
-313295
-313115
-312886
-312640
-312428
-312264
-312116
-312067
-312018
-312018
-312018
-312067
-312067
-312067
-312067
-312100
-312100
-312116
-312116
-312166
-312166
-312116
-312116
-312116
-312100
-312067
-312018
-311953
-311854
-311724
-311527
-311380
-311200
-311036
-310905
-310839
-310807
-310839
-310872
-310905
-310970
-310970
-310970
-310970
-310938
-310905
-310872
-310807
-310790
-310741
-310708
-310708
-310676
-310627
-310610
-310577
-310463
-310381
-310185
-309988
-309792
-309546
-309399
-309268
-309219
-309219
-309268
-309350
-309431
-309481
-309513
-309546
-309513
-309481
-309448
-309431
-309399
-309350
-309350
-309350
-309350
-309399
-309399
-309399
-309350
-309284
-309219
-309088
-308924
-308777
-308580
-308400
-308204
-308007
-307778
-307500
-307254
-307041
-306845
-306746
-306746
-306877
-307041
-307287
-307500
-307729
-307909
-308007
-308073
-308073
-308040
-308040
-308007
-307958
-307958
-308007
-308073
-308122
-308154
-308204
-308154
-308073
-307909
-307614
-307287
-306943
-306632
-306337
-306108
-306059
-306059
-306108
-306223
-306337
-306419
-306517
-306550
-306550
-306550
-306550
-306550
-306550
-306517
-306517
-306550
-306599
-306632
-306632
-306632
-306599
-306517
-306386
-306190
-305993
-305764
-305519
-305289
-305126
-304929
-304733
-304536
-304372
-304209
-304111
-304045
-304078
-304160
-304323
-304536
-304733
-304929
-305076
-305158
-305240
-305273
-305289
-305289
-305289
-305240
-305126
-304945
-304733
-304454
-304209
-303947
-303750
-303636
-303619
-303718
-303816
-303947
-304078
-304127
-304209
-304209
-304127
-304111
-304045
-303947
-303849
-303750
-303636
-303505
-303374
-303226
-303095
-302932
-302850
-302719
-302653
-302588
-302555
-302490
-302441
-302359
-302277
-302146
-302031
-301868
-301704
-301573
-301458
-301393
-301393
-301442
-301524
-301606
-301704
-301769
-301769
-301769
-301769
-301704
-301671
-301606
-301524
-301458
-301393
-301295
-301196
-301114
-301000
-300918
-300836
-300787
-300787
-300787
-300787
-300836
-300885
-300918
-300918
-300918
-300918
-300918
-300918
-300918
-300918
-300918
-300918
-300918
-300918
-300918
-300918
-300918
-300918
-300918
-300918
-300918
-300918
-300918
-300918
-300918
-300918
-300918
-300951
-300951
-300951
-300951
-300918
-300885
-300787
-300738
-300640
-300541
-300410
-300312
-300214
-300083
-299952
-299805
-299690
-299559
-299444
-299379
-299379
-299379
-299412
-299444
-299526
-299526
-299526
-299444
-299346
-299264
-299117
-298986
-298871
-298773
-298610
-298560
-298446
-298364
-298282
-298200
-298118
-298086
-298020
-298020
-298020
-298086
-298086
-298086
-298118
-298118
-298118
-298135
-298135
-298135
-298167
-298167
-298200
-298200
-298233
-298233
-298233
-298200
-298118
-297955
-297775
-297545
-297283
-297038
-296809
-296628
-296547
-296514
-296514
-296547
-296579
-296612
-296694
-296694
-296694
-296628
-296612
-296612
-296612
-296612
-296727
-296841
-297005
-297202
-297463
-297611
-297709
-297709
-297578
-297332
-297038
-296694
-296350
-296072
-295777
-295613
-295499
-295401
-295368
-295302
-295286
-295220
-295188
-295188
-295188
-295188
-295220
-295220
-295286
-295286
-295302
-295368
-295433
-295450
-295450
-295433
-295368
-295220
-294991
-294746
-294500
-294238
-294042
-293894
-293780
-293780
-293780
-293829
-293894
-293894
-293894
-293829
-293780
-293682
-293616
-293518
-293420
-293354
-293272
-293223
-293190
-293109
-293092
-293043
-293010
-292978
-292945
-292945
-292945
-292928
-292928
-292928
-292896
-292847
-292781
-292765
-292699
-292617
-292568
-292437
-292355
-292192
-292028
-291864
-291701
-291570
-291504
-291504
-291570
-291651
-291799
-291946
-292028
-292110
-292061
-291995
-291864
-291701
-291537
-291373
-291242
-291144
-291029
-290964
-290915
-290833
-290784
-290751
-290718
-290718
-290718
-290751
-290784
-290784
-290784
-290751
-290636
-290522
-290309
-290112
-289932
-289769
-289687
-289605
-289687
-289769
-289883
-289949
-290047
-290080
-290080
-289981
-289850
-289687
-289556
-289392
-289277
-289261
-289277
-289392
-289523
-289605
-289736
-289785
-289769
-289605
-289425
-289163
-288885
-288606
-288410
-288230
-288131
-288099
-288099
-288164
-288197
-288230
-288230
-288230
-288197
-288164
-288131
-288099
-288066
-288033
-288000
-288000
-287968
-287951
-287951
-287951
-287951
-287951
-287951
-288000
-288066
-288099
-288099
-288099
-288066
-287951
-287788
-287591
-287378
-287182
-286985
-286838
-286773
-286756
-286756
-286773
-286805
-286838
-286838
-286838
-286805
-286773
-286756
-286707
-286674
-286609
-286560
-286429
-286281
-286101
-285987
-285856
-285741
-285626
-285577
-285528
-285496
-285496
-285446
-285430
-285430
-285430
-285430
-285496
-285528
-285528
-285496
-285430
-285315
-285168
-284972
-284742
-284546
-284333
-284186
-284071
-284038
-284006
-284006
-284006
-284006
-284006
-284006
-284006
-283973
-283957
-283957
-283957
-283957
-283957
-283957
-284006
-284038
-284071
-284120
-284071
-284038
-283875
-283645
-283400
-283089
-282860
-282647
-282516
-282565
-282729
-282991
-283269
-283564
-283793
-283957
-283957
-283842
-283678
-283449
-283220
-282991
-282778
-282565
-282368
-282172
-281926
-281730
-281583
-281452
-281337
-281239
-281206
-281173
-281173
-281206
-281239
-281337
-281452
-281664
-281861
-282107
-282319
-282483
-282565
-282565
-282401
-282205
-281926
-281697
-281452
-281272
-281173
-281124
-281173
-281206
-281239
-281272
-281272
-281173
-281042
-280813
-280600
-280338
-280109
-279929
-279782
-279749
-279749
-279814
-279880
-279929
-279929
-279880
-279749
-279520
-279274
-278996
-278734
-278537
-278439
-278439
-278570
-278799
-279061
-279356
-279602
-279782
-279880
-279945
-279995
-280027
-279995
-279929
-279847
-279749
-279602
-279405
-279209
-278930
-278701
-278537
-278406
-278325
-278292
-278292
-278325
-278357
-278406
-278406
-278406
-278406
-278406
-278406
-278406
-278406
-278406
-278406
-278406
-278406
-278406
-278406
-278406
-278406
-278406
-278439
-278439
-278505
-278505
-278505
-278456
-278357
-278243
-278046
-277768
-277539
-277309
-277113
-277015
-276917
-276917
-276917
-276933
-276966
-277015
-277015
-276933
-276917
-276884
-276851
-276769
-276753
-276720
-276687
-276622
-276589
-276524
-276491
-276442
-276376
-276344
-276278
-276229
-276180
-276147
-276098
-276032
-275983
-275934
-275902
-275836
-275787
-275738
-275689
-275656
-275607
-275558
-275492
-275459
-275394
-275361
-275328
-275279
-275247
-275165
-275132
-275083
-275050
-274985
-274936
-274903
-274870
-274788
-274739
-274706
-274674
-274624
-274575
-274543
-274477
-274461
-274379
-274346
-274281
-274248
-274199
-274133
-274117
-274051
-274002
-273953
-273920
-273888
-273855
-273773
-273757
-273691
-273659
-273577
-273544
-273511
-273446
-273429
-273347
-273315
-273266
-273233
-273184
-273151
-273102
-273069
-272987
-272955
-272889
-272856
-272807
-272758
-272725
-272660
-272611
-272562
-272529
-272496
-272447
-272398
-272365
-272300
-272283
-272185
-272152
-272103
-272070
-272038
-271989
-271939
-271907
-271841
-271792
-271743
-271710
-271678
-271612
-271579
-271514
-271465
-271399
-271366
-271334
-271285
-271252
-271203
-271137
-271121
-271055
-271006
-270957
-270924
-270892
-270859
-270777
-270744
-270679
-270646
-270581
-270548
-270515
-270482
-270417
-270384
-270319
-270286
-270220
-270188
-270155
-270089
-270057
-270008
-269942
-269926
-269860
-269811
-269762
-269729
-269697
-269664
-269598
-269566
-269500
-269467
-269385
-269353
-269320
-269271
-269222
-269189
-269123
-269107
-269025
-268993
-268943
-268911
-268878
-268829
-268780
-268747
-268665
-268616
-268567
-268534
-268501
-268436
-268403
-268370
-268338
-268289
-268239
-268174
-268141
-268092
-268043
-267994
-267945
-267912
-267879
-267797
-267781
-267715
-267683
-267634
-267585
-267552
-267519
-267454
-267421
-267355
-267323
-267241
-267208
-267175
-267142
-267093
-267044
-267011
-266946
-266930
-266848
-266815
-266766
-266733
-266700
-266651
-266586
-266553
-266488
-266438
-266422
-266357
-266324
-266258
-266226
-266193
-266160
-266111
-266062
-265996
-265964
-265898
-265849
-265816
-265767
-265734
-265702
-265653
-265603
-265571
-265505
-265456
-265407
-265374
-265342
-265276
-265243
-265194
-265161
-265112
-265063
-264998
-264965
-264916
-264867
-264834
-264785
-264752
-264719
-264670
-264621
-264588
-264523
-264457
-264408
-264376
-264343
-264310
-264245
-264212
-264179
-264114
-264081
-264015
-263983
-263950
-263884
-263852
-263803
-263753
-263721
-263672
-263606
-263590
-263557
-263475
-263442
-263393
-263361
-263328
-263262
-263230
-263197
-263164
-263099
-263049
-262984
-262951
-262886
-262853
-262820
-262771
-262738
-262689
-262657
-262607
-262575
-262542
-262460
-262444
-262362
-262329
-262264
-262231
-262198
-262165
-262116
-262067
-262034
-261969
-261953
-261920
-261838
-261805
-261756
-261707
-261658
-261625
-261576
-261543
-261494
-261445
-261412
-261347
-261298
-261281
-261216
-261183
-261150
-261085
-261052
-261003
-260970
-260921
-260872
-260806
-260774
-260757
-260676
-260643
-260594
-260561
-260528
-260479
-260430
-260397
-260364
-260266
-260250
-260217
-260152
-260102
-260053
-260021
-259988
-259939
-259890
-259857
-259824
-259775
-259742
-259693
-259611
-259595
-259562
-259480
-259448
-259398
-259366
-259333
-259268
-259235
-259202
-259169
-259104
-259071
-259038
-258973
-258956
-258891
-258825
-258793
-258744
-258694
-258662
-258629
-258580
-258547
-258498
-258465
-258416
-258383
-258302
-258285
-258252
-258171
-258138
-258072
-258040
-258007
-257974
-257909
-257876
-257843
-257810
-257761
-257712
-257679
-257614
-257598
-257499
-257467
-257434
-257385
-257352
-257303
-257254
-257221
-257188
-257156
-257090
-257057
-257025
-256959
-256926
-256894
-256812
-256779
-256763
-256681
-256648
-256599
-256566
-256517
-256484
-256435
-256402
-256370
-256321
-256271
-256239
-256206
-256108
-256091
-256059
-255993
-255960
-255895
-255862
-255829
-255797
-255731
-255698
-255666
-255633
-255584
-255535
-255502
-255453
-255404
-255371
-255289
-255273
-255240
-255175
-255125
-255109
-255044
-255011
-254978
-254913
-254880
-254847
-254814
-254749
-254700
-254667
-254634
-254585
-254536
-254471
-254438
-254421
-254340
-254307
-254274
-254225
-254192
-254143
-254094
-254061
-254012
-253979
-253914
-253881
-253848
-253816
-253750
-253717
-253685
-253619
-253603
-253554
-253488
-253455
-253439
-253357
-253308
-253275
-253226
-253193
-253144
-253095
-253063
-253030
-252997
-252932
-252899
-252866
-252833
-252801
-252735
-252702
-252670
-252604
-252555
-252489
-252457
-252440
-252359
-252326
-252293
-252244
-252211
-252162
-252129
-252080
-252047
-252015
-251966
-251900
-251867
-251835
-251802
-251736
-251704
-251671
-251622
-251589
-251540
-251474
-251458
-251425
-251343
-251311
-251294
-251262
-251163
-251131
-251098
-251049
-251016
-250967
-250918
-250885
-250852
-250820
-250754
-250721
-250689
-250656
-250607
-250558
-250508
-250476
-250427
-250394
-250345
-250279
-250263
-250230
-250148
-250116
-250099
-250066
-249985
-249952
-249935
-249870
-249821
-249772
-249723
-249690
-249657
-249624
-249559
-249526
-249493
-249461
-249412
-249362
-249330
-249297
-249248
-249215
-249166
-249117
-249068
-249035
-248986
-248937
-248904
-248871
-248839
-248773
-248740
-248708
-248642
-248626
-248577
-248511
-248478
-248462
-248364
-248331
-248298
-248282
-248216
-248167
-248135
-248085
-248053
-248020
-247971
-247922
-247889
-247856
-247823
-247758
-247709
-247676
-247643
-247578
-247545
-247512
-247480
-247431
-247381
-247349
-247316
-247267
-247234
-247185
-247152
-247103
-247070
-247021
-246939
-246923
-246890
-246858
-246776
-246759
-246727
-246661
-246628
-246596
-246563
-246497
-246465
-246448
-246399
-246317
-246284
-246268
-246186
-246154
-246121
-246104
-246039
-245990
-245957
-245908
-245875
-245842
-245793
-245744
-245711
-245679
-245630
-245564
-245531
-245499
-245466
-245400
-245368
-245335
-245302
-245253
-245204
-245171
-245138
-245089
-245057
-245007
-244975
-244909
-244876
-244844
-244795
-244746
-244713
-244680
-244647
-244582
-244549
-244516
-244484
-244418
-244385
-244353
-244320
-244271
-244205
-244173
-244140
-244091
-244058
-244009
-243976
-243927
-243894
-243861
-243812
-243780
-243730
-243698
-243665
-243599
-243567
-243518
-243485
-243419
-243387
-243354
-243321
-243272
-243223
-243190
-243157
-243108
-243076
-243026
-242994
-242945
-242912
-242879
-242814
-242765
-242732
-242699
-242666
-242601
-242568
-242535
-242503
-242437
-242404
-242372
-242339
-242290
-242241
-242208
-242175
-242110
-242077
-242028
-241995
-241962
-241913
-241880
-241831
-241799
-241749
-241717
-241684
-241635
-241586
-241553
-241520
-241487
-241406
-241373
-241340
-241307
-241242
-241209
-241176
-241144
-241095
-241045
-241013
-240980
-240931
-240898
-240849
-240816
-240783
-240718
-240685
-240636
-240603
-240554
-240522
-240489
-240440
-240391
-240358
-240325
-240292
-240227
-240194
-240161
-240129
-240063
-240014
-239981
-239949
-239899
-239850
-239818
-239785
-239736
-239703
-239654
-239621
-239572
-239539
-239506
-239457
-239408
-239375
-239326
-239294
-239228
-239195
-239163
-239130
-239114
-239032
-238999
-238966
-238950
-238917
-238835
-238802
-238786
-238753
-238671
-238622
-238606
-238573
-238541
-238459
-238442
-238410
-238377
-238344
-238295
-238246
-238213
-238180
-238148
-238098
-238049
-238017
-237984
-237918
-237886
-237837
-237804
-237771
-237722
-237689
-237640
-237607
-237558
-237525
-237476
-237444
-237394
-237362
-237329
-237280
-237214
-237182
-237149
-237116
-237051
-237018
-236985
-236952
-236936
-236854
-236821
-236789
-236772
-236740
-236658
-236625
-236609
-236576
-236527
-236445
-236429
-236396
-236363
-236330
-236265
-236232
-236199
-236167
-236134
-236068
-236036
-236003
-235970
-235921
-235872
-235823
-235790
-235741
-235708
-235659
-235626
-235577
-235544
-235512
-235463
-235446
-235381
-235348
-235315
-235282
-235250
-235184
-235135
-235119
-235070
-235037
-235004
-234939
-234922
-234873
-234840
-234808
-234775
-234726
-234677
-234644
-234611
-234562
-234529
-234480
-234431
-234382
-234349
-234317
-234267
-234218
-234186
-234153
-234120
-234087
-234022
-233989
-233956
-233940
-233891
-233858
-233793
-233776
-233727
-233678
-233645
-233613
-233563
-233531
-233482
-233449
-233400
-233367
-233334
-233285
-233236
-233203
-233170
-233138
-233105
-233023
-232990
-232958
-232941
-232892
-232859
-232794
-232778
-232745
-232696
-232663
-232630
-232581
-232548
-232499
-232466
-232417
-232385
-232336
-232286
-232237
-232205
-232172
-232139
-232106
-232074
-232008
-231975
-231959
-231910
-231877
-231844
-231795
-231762
-231713
-231681
-231632
-231599
-231550
-231501
-231468
-231435
-231386
-231353
-231304
-231271
-231222
-231189
-231157
-231108
-231091
-231059
-231026
-230944
-230911
-230878
-230846
-230813
-230780
-230715
-230682
-230649
-230616
-230567
-230518
-230485
-230453
-230436
-230371
-230322
-230289
-230273
-230224
-230191
-230158
-230093
-230060
-230027
-229994
-229962
-229896
-229863
-229831
-229798
-229732
-229700
-229667
-229634
-229618
-229585
-229520
-229454
-229438
-229405
-229372
-229323
-229290
-229241
-229208
-229176
-229127
-229077
-229045
-229012
-228979
-228963
-228914
-228832
-228799
-228783
-228734
-228701
-228668
-228635
-228619
-228537
-228504
-228472
-228439
-228390
-228341
-228308
-228275
-228259
-228193
-228128
-228095
-228079
-228046
-228013
-227981
-227931
-227882
-227850
-227817
-227784
-227719
-227686
-227653
-227620
-227604
-227571
-227489
-227440
-227424
-227391
-227342
-227309
-227277
-227227
-227195
-227146
-227113
-227064
-227031
-226998
-226949
-226933
-226900
-226867
-226835
-226785
-226720
-226687
-226654
-226622
-226573
-226523
-226491
-226458
-226442
-226376
-226327
-226294
-226278
-226245
-226212
-226163
-226131
-226081
-226032
-226000
-225950
-225934
-225869
-225836
-225803
-225787
-225738
-225705
-225672
-225639
-225590
-225541
-225508
-225476
-225459
-225394
-225328
-225296
-225263
-225246
-225214
-225181
-225099
-225083
-225050
-225017
-224968
-224935
-224886
-224854
-224821
-224772
-224755
-224723
-224641
-224608
-224592
-224542
-224510
-224477
-224444
-224395
-224346
-224313
-224280
-224264
-224199
-224150
-224117
-224100
-224068
-224035
-224002
-223937
-223888
-223855
-223822
-223789
-223757
-223691
-223658
-223626
-223609
-223560
-223527
-223495
-223462
-223413
-223364
-223331
-223298
-223282
-223233
-223200
-223118
-223102
-223069
-223036
-223003
-222954
-222938
-222872
-222840
-222807
-222774
-222742
-222709
-222676
-222643
-222561
-222529
-222496
-222463
-222447
-222365
-222332
-222299
-222283
-222250
-222218
-222168
-222136
-222119
-222054
-222021
-221972
-221939
-221890
-221841
-221808
-221759
-221743
-221710
-221677
-221645
-221612
-221546
-221514
-221481
-221448
-221432
-221383
-221350
-221317
-221268
-221235
-221186
-221137
-221104
-221055
-221022
-220973
-220941
-220924
-220891
-220859
-220826
-220777
-220728
-220695
-220662
-220630
-220597
-220564
-220531
-220499
-220433
-220384
-220351
-220318
-220286
-220237
-220187
-220155
-220122
-220106
-220073
-220040
-219991
-219958
-219942
-219876
-219844
-219795
-219762
-219729
-219696
-219664
-219631
-219598
-219533
-219500
-219467
-219451
-219369
-219336
-219303
-219287
-219254
-219205
-219172
-219140
-219123
-219041
-218992
-218960
-218943
-218910
-218878
-218845
-218796
-218763
-218714
-218681
-218649
-218599
-218583
-218550
-218518
-218485
-218452
-218370
-218337
-218305
-218272
-218256
-218206
-218174
-218108
-218092
-218059
-218010
-217977
-217945
-217895
-217863
-217814
-217781
-217764
-217732
-217699
-217650
-217601
-217552
-217519
-217486
-217453
-217437
-217388
-217355
-217322
-217290
-217224
-217191
-217159
-217126
-217110
-217077
-217028
-216995
-216946
-216929
-216864
-216815
-216782
-216766
-216733
-216700
-216667
-216618
-216602
-216537
-216504
-216471
-216455
-216406
-216373
-216340
-216307
-216275
-216193
-216160
-216127
-216111
-216078
-216029
-215996
-215963
-215947
-215882
-215833
-215800
-215783
-215751
-215718
-215685
-215636
-215620
-215538
-215505
-215472
-215423
-215407
-215374
-215341
-215309
-215276
-215210
-215178
-215145
-215112
-215096
-215063
-215014
-214981
-214948
-214899
-214834
-214801
-214768
-214752
-214719
-214686
-214637
-214605
-214555
-214523
-214490
-214441
-214425
-214392
-214359
-214326
-214294
-214228
-214195
-214146
-214113
-214097
-214064
-214015
-213982
-213950
-213933
-213868
-213819
-213786
-213770
-213737
-213704
-213671
-213622
-213606
-213540
-213508
-213508
-213442
-213426
-213360
-213328
-213295
-213278
-213229
-213197
-213164
-213131
-213115
-213033
-213000
-212967
-212951
-212918
-212886
-212836
-212804
-212771
-212705
-212673
-212624
-212607
-212574
-212542
-212509
-212476
-212444
-212378
-212345
-212313
-212263
-212247
-212214
-212182
-212149
-212116
-212100
-212034
-212001
-211969
-211936
-211887
-211838
-211805
-211772
-211756
-211723
-211690
-211641
-211609
-211559
-211527
-211494
-211445
-211428
-211379
-211347
-211314
-211281
-211216
-211216
-211183
-211150
-211117
-211052
-211019
-210986
-210954
-210937
-210905
-210855
-210823
-210790
-210774
-210708
-210643
-210610
-210593
-210561
-210528
-210495
-210446
-210430
-210397
-210364
-210332
-210299
-210266
-210201
-210168
-210135
-210119
-210070
-210037
-210004
-209955
-209939
-209857
-209824
-209791
-209775
-209775
-209709
-209660
-209628
-209611
-209578
-209546
-209513
-209464
-209447
-209382
-209349
-209316
-209267
-209235
-209202
-209169
-209136
-209120
-209071
-209038
-209005
-208973
-208940
-208874
-208842
-208809
-208776
-208760
-208727
-208678
-208645
-208612
-208580
-208547
-208514
-208465
-208432
-208383
-208350
-208318
-208269
-208252
-208220
-208187
-208154
-208121
-208089
-208056
-208023
-207990
-207958
-207941
-207843
-207810
-207777
-207761
-207728
-207679
-207646
-207614
-207597
-207565
-207532
-207483
-207450
-207434
-207368
-207335
-207286
-207270
-207237
-207188
-207155
-207123
-207090
-207057
-207024
-206992
-206959
-206942
-206861
-206828
-206795
-206779
-206746
-206697
-206664
-206631
-206615
-206582
-206550
-206484
-206451
-206435
-206369
-206337
-206337
-206288
-206271
-206206
-206173
-206140
-206124
-206075
-206042
-206009
-205977
-205960
-205911
-205878
-205846
-205813
-205764
-205698
-205665
-205633
-205600
-205584
-205551
-205502
-205469
-205436
-205420
-205387
-205354
-205305
-205273
-205223
-205191
-205191
-205158
-205109
-205076
-205011
-204978
-204945
-204929
-204880
-204847
-204814
-204781
-204765
-204716
-204683
-204650
-204618
-204601
-204519
-204487
-204487
-204454
-204438
-204356
-204307
-204274
-204257
-204225
-204192
-204159
-204110
-204094
-204061
-204028
-203996
-203963
-203946
-203865
-203865
-203832
-203799
-203783
-203684
-203652
-203619
-203603
-203570
-203537
-203488
-203455
-203439
-203406
-203373
-203324
-203292
-203275
-203242
-203210
-203177
-203128
-203111
-203046
-203013
-202964
-202964
-202948
-202866
-202833
-202800
-202784
-202751
-202702
-202669
-202637
-202620
-202588
-202555
-202506
-202473
-202440
-202391
-202391
-202358
-202293
-202260
-202211
-202178
-202129
-202096
-202096
-202080
-202015
-201982
-201933
-201916
-201884
-201851
-201818
-201785
-201769
-201720
-201687
-201654
-201622
-201589
-201556
-201507
-201474
-201441
-201425
-201360
-201311
-201311
-201278
-201261
-201196
-201163
-201114
-201098
-201098
-201032
-200999
-200967
-200934
-200885
-200852
-200819
-200787
-200770
-200721
-200688
-200656
-200623
-200607
-200574
-200525
-200492
-200459
-200443
-200377
-200328
-200328
-200295
-200279
-200197
-200164
-200115
-200099
-200099
-200033
-200001
-199968
-199935
-199903
-199870
-199837
-199804
-199788
-199739
-199706
-199673
-199641
-199624
-199591
-199542
-199493
-199460
-199444
-199411
-199379
-199330
-199297
-199264
-199215
-199182
-199182
-199133
-199100
-199084
-199018
-198986
-198986
-198937
-198920
-198855
-198822
-198773
-198740
-198740
-198675
-198642
-198609
-198593
-198544
-198511
-198478
-198445
-198429
-198396
-198347
-198314
-198282
-198265
-198233
-198200
-198151
-198118
-198085
-198052
-198020
-197987
-197938
-197922
-197889
-197856
-197823
-197791
-197758
-197725
-197692
-197660
-197627
-197610
-197529
-197529
-197496
-197463
-197447
-197348
-197316
-197316
-197283
-197267
-197201
-197152
-197119
-197119
-197103
-197037
-197005
-196956
-196939
-196939
-196874
-196841
-196808
-196775
-196743
-196694
-196661
-196628
-196612
-196563
-196530
-196497
-196464
-196448
-196415
-196366
-196333
-196301
-196284
-196252
-196219
-196170
-196137
-196104
-196088
-196055
-196022
-195957
-195924
-195908
-195875
-195842
-195810
-195760
-195744
-195711
-195679
-195646
-195613
-195580
-195548
-195515
-195482
-195449
-195433
-195384
-195351
-195302
-195269
-195253
-195220
-195171
-195138
-195106
-195089
-195056
-195024
-194975
-194942
-194925
-194893
-194860
-194827
-194778
-194762
-194729
-194696
-194663
-194631
-194582
-194549
-194516
-194483
-194451
-194434
-194385
-194352
-194320
-194287
-194271
-194238
-194189
-194156
-194123
-194107
-194074
-194041
-193992
-193959
-193943
-193894
-193861
-193828
-193779
-193763
-193730
-193698
-193665
-193632
-193616
-193567
-193534
-193501
-193468
-193452
-193419
-193370
-193337
-193305
-193288
-193255
-193190
-193157
-193125
-193108
-193075
-193043
-192994
-192961
-192944
-192912
-192879
-192846
-192797
-192764
-192748
-192715
-192682
-192650
-192601
-192584
-192551
-192502
-192470
-192437
-192421
-192371
-192339
-192306
-192273
-192257
-192224
-192175
-192142
-192109
-192093
-192093
-192011
-191978
-191946
-191929
-191929
-191864
-191798
-191766
-191766
-191749
-191684
-191651
-191602
-191602
-191586
-191520
-191487
-191487
-191455
-191438
-191356
-191324
-191324
-191291
-191274
-191193
-191193
-191160
-191111
-191094
-191029
-191029
-190980
-190947
-190931
-190898
-190865
-190832
-190783
-190767
-190734
-190701
-190669
-190620
-190603
-190570
-190538
-190505
-190472
-190456
-190390
-190358
-190325
-190292
-190276
-190243
-190194
-190161
-190128
-190112
-190079
-190079
-189997
-189965
-189948
-189948
-189916
-189850
-189801
-189801
-189785
-189752
-189670
-189670
-189637
-189588
-189572
-189539
-189506
-189474
-189424
-189408
-189375
-189343
-189310
-189277
-189261
-189212
-189179
-189146
-189113
-189097
-189064
-188999
-188966
-188933
-188917
-188884
-188851
-188802
-188770
-188753
-188753
-188688
-188655
-188606
-188606
-188589
-188524
-188491
-188491
-188458
-188426
-188360
-188360
-188311
-188278
-188262
-188213
-188180
-188147
-188115
-188098
-188066
-188016
-187984
-187951
-187935
-187902
-187869
-187820
-187787
-187771
-187771
-187705
-187673
-187607
-187607
-187591
-187525
-187493
-187493
-187460
-187427
-187362
-187362
-187329
-187296
-187280
-187231
-187198
-187165
-187132
-187116
-187083
-187034
-187001
-186969
-186952
-186903
-186903
-186821
-186789
-186772
-186772
-186739
-186674
-186674
-186625
-186608
-186576
-186543
-186510
-186477
-186445
-186412
-186379
-186346
-186314
-186281
-186248
-186199
-186166
-186134
-186101
-186085
-186085
-186003
-185970
-185970
-185937
-185921
-185839
-185839
-185806
-185773
-185757
-185724
-185692
-185642
-185610
-185593
-185561
-185512
-185479
-185430
-185413
-185413
-185348
-185315
-185282
-185282
-185250
-185184
-185184
-185151
-185119
-185102
-185053
-185020
-184988
-184955
-184938
-184906
-184857
-184808
-184775
-184758
-184726
-184693
-184644
-184611
-184611
-184595
-184529
-184529
-184496
-184447
-184431
-184398
-184365
-184333
-184300
-184267
-184234
-184202
-184169
-184120
-184104
-184104
-184054
-183989
-183956
-183956
-183940
-183907
-183858
-183825
-183792
-183776
-183743
-183711
-183661
-183629
-183612
-183580
-183580
-183514
-183465
-183449
-183449
-183400
-183334
-183334
-183301
-183285
-183236
-183203
-183170
-183138
-183105
-183072
-183039
-183007
-182974
-182941
-182941
-182925
-182843
-182843
-182810
-182777
-182761
-182712
-182663
-182630
-182597
-182581
-182548
-182515
-182466
-182434
-182417
-182417
-182352
-182319
-182319
-182270
-182253
-182221
-182188
-182155
-182122
-182106
-182057
-182008
-181975
-181942
-181926
-181926
-181844
-181811
-181811
-181779
-181762
-181730
-181680
-181648
-181615
-181599
-181566
-181533
-181484
-181451
-181435
-181435
-181369
-181320
-181320
-181271
-181255
-181222
-181189
-181157
-181124
-181107
-181058
-181058
-180993
-180960
-180960
-180944
-180911
-180862
-180829
-180796
-180780
-180747
-180715
-180665
-180616
-180600
-180567
-180567
-180485
-180453
-180453
-180436
-180403
-180371
-180338
-180289
-180272
-180240
-180207
-180174
-180141
-180125
-180125
-180076
-180011
-180011
-179978
-179961
-179912
-179863
-179830
-179798
-179765
-179749
-179749
-179667
-179634
-179634
-179601
-179585
-179552
-179519
-179470
-179437
-179421
-179388
-179356
-179307
-179274
-179274
-179257
-179176
-179176
-179143
-179094
-179077
-179045
-179012
-178979
-178946
-178930
-178930
-178848
-178815
-178815
-178783
-178766
-178733
-178684
-178652
-178619
-178603
-178603
-178521
-178472
-178472
-178439
-178422
-178390
-178357
-178324
-178275
-178259
-178226
-178226
-178160
-178111
-178111
-178095
-178062
-178029
-177997
-177964
-177948
-177899
-177899
-177817
-177784
-177784
-177768
-177735
-177686
-177653
-177620
-177604
-177571
-177538
-177489
-177456
-177440
-177440
-177407
-177375
-177342
-177293
-177276
-177244
-177211
-177178
-177129
-177096
-177096
-177064
-176998
-176998
-176965
-176949
-176900
-176867
-176834
-176802
-176785
-176785
-176752
-176671
-176671
-176638
-176605
-176589
-176556
-176507
-176474
-176425
-176425
-176409
-176343
-176343
-176294
-176261
-176245
-176212
-176179
-176147
-176098
-176098
-176081
-176016
-176016
-175983
-175950
-175917
-175885
-175852
-175819
-175787
-175787
-175770
-175672
-175672
-175639
-175606
-175590
-175557
-175508
-175475
-175443
-175443
-175426
-175394
-175361
-175312
-175279
-175263
-175230
-175230
-175164
-175164
-175115
-175099
-175066
-175017
-174984
-174952
-174919
-174919
-174886
-174821
-174821
-174788
-174771
-174722
-174690
-174657
-174624
-174608
-174608
-174575
-174493
-174493
-174460
-174444
-174411
-174379
-174313
-174280
-174280
-174264
-174231
-174198
-174166
-174117
-174100
-174067
-174067
-174002
-173969
-173969
-173936
-173904
-173871
-173838
-173806
-173789
-173740
-173740
-173675
-173675
-173625
-173609
-173576
-173527
-173494
-173462
-173445
-173445
-173413
-173380
-173331
-173298
-173265
-173249
-173216
-173183
-173134
-173134
-173102
-173085
-173052
-173020
-172987
-172921
-172905
-172905
-172840
-172840
-172807
-172774
-172741
-172709
-172676
-172643
-172610
-172610
-172594
-172545
-172512
-172479
-172447
-172430
-172430
-172348
-172316
-172316
-172283
-172267
-172217
-172185
-172136
-172103
-172103
-172086
-172054
-172021
-171988
-171939
-171923
-171890
-171890
-171824
-171824
-171792
-171759
-171726
-171694
-171661
-171628
-171628
-171612
-171563
-171513
-171481
-171448
-171432
-171399
-171399
-171317
-171317
-171284
-171268
-171235
-171202
-171153
-171120
-171104
-171104
-171071
-171039
-171006
-170957
-170940
-170908
-170908
-170826
-170826
-170793
-170777
-170728
-170695
-170662
-170629
-170629
-170613
-170580
-170531
-170498
-170466
-170449
-170416
-170416
-170335
-170335
-170302
-170286
-170253
-170220
-170171
-170122
-170122
-170089
-170073
-170040
-170007
-169958
-169925
-169925
-169909
-169843
-169843
-169811
-169762
-169745
-169745
-169680
-169647
-169647
-169614
-169598
-169549
-169516
-169483
-169434
-169434
-169418
-169385
-169336
-169303
-169270
-169254
-169254
-169221
-169172
-169139
-169107
-169090
-169058
-169058
-168976
-168976
-168943
-168927
-168894
-168861
-168828
-168779
-168779
-168763
-168714
-168681
-168648
-168616
-168599
-168599
-168550
-168517
-168485
-168452
-168435
-168403
-168403
-168321
-168321
-168288
-168272
-168239
-168206
-168157
-168124
-168124
-168108
-168075
-168026
-167977
-167944
-167928
-167928
-167895
-167862
-167830
-167781
-167764
-167764
-167731
-167666
-167666
-167633
-167617
-167568
-167568
-167502
-167502
-167470
-167453
-167420
-167371
-167322
-167289
-167289
-167273
-167240
-167208
-167158
-167126
-167109
-167109
-167077
-167044
-167011
-166962
-166929
-166929
-166913
-166847
-166847
-166815
-166766
-166749
-166749
-166684
-166684
-166635
-166585
-166569
-166536
-166504
-166471
-166471
-166438
-166422
-166373
-166340
-166307
-166274
-166274
-166258
-166225
-166176
-166143
-166111
-166111
-166094
-166062
-166029
-165980
-165931
-165914
-165914
-165881
-165849
-165816
-165767
-165750
-165750
-165718
-165685
-165652
-165619
-165587
-165554
-165554
-165489
-165489
-165456
-165439
-165390
-165390
-165325
-165325
-165292
-165276
-165227
-165227
-165145
-165112
-165112
-165096
-165063
-165030
-164981
-164948
-164948
-164932
-164899
-164866
-164834
-164785
-164785
-164768
-164735
-164703
-164670
-164637
-164604
-164604
-164572
-164523
-164490
-164457
-164441
-164441
-164392
-164359
-164326
-164293
-164277
-164277
-164244
-164162
-164162
-164130
-164113
-164081
-164081
-163999
-163999
-163966
-163950
-163917
-163917
-163835
-163835
-163786
-163769
-163737
-163737
-163671
-163671
-163638
-163589
-163573
-163573
-163507
-163475
-163475
-163442
-163409
-163377
-163344
-163311
-163311
-163278
-163262
-163213
-163213
-163131
-163131
-163098
-163082
-163049
-163049
-162967
-162967
-162934
-162918
-162885
-162885
-162803
-162803
-162771
-162754
-162722
-162722
-162656
-162656
-162607
-162591
-162558
-162558
-162492
-162443
-162443
-162411
-162378
-162345
-162312
-162280
-162280
-162263
-162214
-162181
-162149
-162116
-162116
-162099
-162067
-162018
-161985
-161952
-161952
-161936
-161903
-161870
-161821
-161788
-161788
-161772
-161723
-161690
-161657
-161608
-161608
-161592
-161559
-161526
-161494
-161461
-161461
-161428
-161396
-161363
-161330
-161297
-161297
-161281
-161232
-161199
-161166
-161134
-161134
-161117
-161084
-161019
-160986
-160953
-160953
-160937
-160904
-160872
-160822
-160790
-160790
-160773
-160741
-160741
-160675
-160675
-160626
-160610
-160577
-160577
-160511
-160511
-160479
-160430
-160413
-160413
-160331
-160331
-160299
-160266
-160233
-160233
-160200
-160168
-160135
-160102
-160086
-160086
-160037
-160004
-159971
-159938
-159922
-159922
-159889
-159840
-159807
-159775
-159758
-159758
-159726
-159693
-159627
-159595
-159595
-159578
-159545
-159513
-159480
-159431
-159431
-159414
-159382
-159349
-159316
-159284
-159284
-159267
-159218
-159185
-159153
-159120
-159120
-159103
-159054
-159054
-158989
-158989
-158940
-158923
-158891
-158891
-158809
-158809
-158776
-158760
-158727
-158727
-158645
-158645
-158612
-158596
-158563
-158563
-158498
-158498
-158449
-158432
-158432
-158399
-158367
-158334
-158301
-158285
-158285
-158219
-158187
-158154
-158121
-158105
-158105
-158072
-158023
-157990
-157957
-157957
-157941
-157908
-157859
-157826
-157794
-157794
-157777
-157745
-157712
-157663
-157663
-157630
-157614
-157581
-157581
-157499
-157499
-157450
-157433
-157401
-157401
-157368
-157335
-157302
-157286
-157286
-157237
-157204
-157172
-157139
-157106
-157106
-157090
-157041
-157008
-156975
-156975
-156942
-156926
-156893
-156893
-156795
-156795
-156762
-156746
-156713
-156713
-156680
-156631
-156598
-156582
-156582
-156549
-156517
-156468
-156435
-156418
-156418
-156386
-156353
-156320
-156271
-156271
-156255
-156222
-156189
-156140
-156140
-156107
-156091
-156042
-156042
-155976
-155976
-155944
-155927
-155894
-155894
-155845
-155813
-155780
-155764
-155764
-155731
-155698
-155649
-155616
-155616
-155600
-155567
-155534
-155502
-155436
-155436
-155420
-155387
-155387
-155321
-155321
-155272
-155256
-155223
-155223
-155158
-155158
-155125
-155109
-155109
-155060
-155027
-154994
-154961
-154961
-154945
-154912
-154863
-154830
-154798
-154798
-154781
-154732
-154732
-154650
-154650
-154617
-154601
-154568
-154568
-154536
-154503
-154454
-154437
-154437
-154405
-154372
-154372
-154306
-154306
-154274
-154241
-154208
-154208
-154143
-154143
-154126
-154061
-154061
-154028
-153995
-153963
-153930
-153930
-153913
-153864
-153832
-153799
-153766
-153766
-153750
-153717
-153717
-153635
-153635
-153602
-153586
-153586
-153553
-153521
-153471
-153439
-153439
-153422
-153390
-153340
-153308
-153259
-153259
-153242
-153209
-153209
-153144
-153144
-153111
-153079
-153079
-153046
-153013
-152980
-152948
-152931
-152931
-152882
-152849
-152817
-152784
-152784
-152767
-152735
-152735
-152636
-152636
-152604
-152587
-152587
-152555
-152522
-152473
-152440
-152440
-152424
-152391
-152358
-152325
-152276
-152276
-152260
-152227
-152227
-152162
-152162
-152129
-152096
-152096
-152063
-152031
-151998
-151949
-151949
-151932
-151883
-151851
-151818
-151818
-151785
-151769
-151736
-151736
-151687
-151654
-151621
-151605
-151605
-151572
-151540
-151490
-151458
-151458
-151441
-151409
-151409
-151376
-151343
-151294
-151261
-151261
-151228
-151196
-151163
-151130
-151130
-151097
-151065
-151032
-151032
-150999
-150967
-150950
-150901
-150901
-150868
-150836
-150803
-150786
-150786
-150754
-150705
-150705
-150639
-150639
-150606
-150590
-150590
-150541
-150492
-150459
-150426
-150426
-150410
-150377
-150377
-150295
-150295
-150263
-150246
-150246
-150213
-150181
-150148
-150099
-150099
-150082
-150050
-150050
-149984
-149984
-149951
-149919
-149919
-149870
-149837
-149804
-149771
-149771
-149755
-149706
-149673
-149640
-149640
-149608
-149591
-149591
-149559
-149509
-149477
-149444
-149444
-149428
-149395
-149362
-149313
-149313
-149280
-149264
-149231
-149231
-149198
-149149
-149100
-149100
-149084
-149051
-149018
-148986
-148986
-148953
-148920
-148887
-148887
-148855
-148822
-148789
-148789
-148773
-148724
-148691
-148658
-148658
-148625
-148609
-148609
-148576
-148527
-148494
-148445
-148445
-148429
-148396
-148363
-148363
-148314
-148282
-148265
-148265
-148232
-148200
-148167
-148118
-148118
-148101
-148069
-148069
-148036
-148003
-147970
-147954
-147954
-147905
-147872
-147872
-147807
-147807
-147774
-147725
-147725
-147692
-147659
-147627
-147610
-147610
-147578
-147528
-147528
-147463
-147463
-147430
-147414
-147414
-147381
-147332
-147299
-147266
-147266
-147250
-147217
-147217
-147185
-147135
-147103
-147103
-147070
-147037
-147004
-146972
-146972
-146923
-146906
-146906
-146874
-146841
-146808
-146775
-146775
-146759
-146710
-146710
-146644
-146644
-146612
-146595
-146595
-146562
-146513
-146481
-146448
-146448
-146431
-146399
-146399
-146333
-146300
-146268
-146268
-146251
-146219
-146186
-146137
-146137
-146104
-146088
-146088
-146055
-146022
-145989
-145940
-145940
-145924
-145891
-145891
-145858
-145826
-145793
-145777
-145777
-145727
-145695
-145646
-145646
-145613
-145596
-145596
-145564
-145515
-145482
-145449
-145449
-145433
-145400
-145400
-145367
-145318
-145285
-145269
-145269
-145236
-145204
-145204
-145154
-145122
-145105
-145105
-145073
-145040
-145040
-144942
-144942
-144925
-144892
-144892
-144860
-144827
-144794
-144778
-144778
-144729
-144696
-144696
-144663
-144631
-144614
-144614
-144581
-144532
-144532
-144467
-144467
-144450
-144418
-144418
-144385
-144336
-144303
-144303
-144270
-144238
-144238
-144205
-144172
-144123
-144090
-144090
-144074
-144041
-144041
-144008
-143959
-143927
-143927
-143910
-143877
-143877
-143812
-143812
-143763
-143746
-143746
-143714
-143681
-143648
-143648
-143615
-143599
-143599
-143534
-143501
-143468
-143435
-143435
-143419
-143386
-143386
-143337
-143304
-143272
-143272
-143255
-143223
-143223
-143141
-143141
-143108
-143092
-143092
-143059
-143026
-142993
-142993
-142944
-142928
-142928
-142879
-142846
-142813
-142781
-142781
-142748
-142715
-142715
-142682
-142650
-142617
-142617
-142600
-142551
-142551
-142486
-142486
-142453
-142437
-142437
-142404
-142355
-142355
-142322
-142289
-142273
-142273
-142240
-142207
-142207
-142142
-142109
-142093
-142093
-142060
-142027
-142027
-141946
-141946
-141929
-141896
-141896
-141864
-141831
-141798
-141798
-141765
-141733
-141733
-141700
-141667
-141634
-141634
-141618
-141569
-141569
-141536
-141503
-141454
-141438
-141438
-141405
-141356
-141356
-141323
-141291
-141274
-141274
-141242
-141209
-141209
-141160
-141127
-141111
-141111
-141078
-141045
-141045
-140963
-140963
-140930
-140914
-140914
-140881
-140881
-140816
-140816
-140750
-140734
-140734
-140701
-140669
-140636
-140636
-140603
-140570
-140570
-140538
-140505
-140472
-140472
-140439
-140423
-140423
-140374
-140341
-140308
-140308
-140276
-140259
-140259
-140226
-140177
-140145
-140112
-140112
-140079
-140046
-140046
-140014
-139965
-139932
-139932
-139915
-139883
-139883
-139850
-139817
-139768
-139768
-139752
-139719
-139719
-139686
-139653
-139621
-139621
-139588
-139555
-139555
-139522
-139490
-139457
-139457
-139441
-139375
-139375
-139342
-139310
-139277
-139277
-139261
-139228
-139228
-139179
-139146
-139113
-139113
-139097
-139064
-139064
-139031
-138982
-138949
-138949
-138933
-138900
-138900
-138868
-138835
-138786
-138786
-138769
-138737
-138737
-138687
-138655
-138622
-138622
-138589
-138557
-138557
-138524
-138491
-138458
-138458
-138442
-138393
-138393
-138360
-138327
-138295
-138295
-138278
-138245
-138245
-138196
-138164
-138131
-138131
-138114
-138082
-138082
-138049
-137983
-137951
-137951
-137934
-137902
-137902
-137869
-137836
-137787
-137787
-137754
-137738
-137738
-137705
-137672
-137640
-137640
-137591
-137574
-137574
-137541
-137509
-137476
-137476
-137443
-137410
-137410
-137378
-137345
-137312
-137312
-137263
-137247
-137247
-137198
-137165
-137132
-137132
-137099
-137083
-137083
-137050
-137001
-136968
-136968
-136936
-136919
-136919
-136887
-136887
-136805
-136805
-136772
-136756
-136756
-136723
-136723
-136657
-136657
-136608
-136608
-136575
-136543
-136543
-136477
-136477
-136445
-136445
-136428
-136379
-136379
-136346
-136314
-136281
-136281
-136264
-136215
-136215
-136183
-136150
-136117
-136117
-136101
-136068
-136068
-136019
-136019
-135953
-135953
-135937
-135937
-135888
-135855
-135855
-135806
-135773
-135757
-135757
-135724
-135691
-135691
-135659
-135610
-135593
-135593
-135560
-135528
-135528
-135495
-135462
-135446
-135446
-135397
-135397
-135364
-135331
-135298
-135298
-135282
-135249
-135249
-135184
-135151
-135118
-135118
-135102
-135069
-135069
-135020
-134987
-134955
-134955
-134938
-134906
-134906
-134873
-134873
-134791
-134791
-134775
-134775
-134742
-134709
-134709
-134676
-134627
-134611
-134611
-134578
-134545
-134545
-134513
-134464
-134414
-134414
-134398
-134398
-134365
-134333
-134300
-134300
-134267
-134251
-134251
-134202
-134169
-134136
-134136
-134103
-134087
-134087
-134054
-134054
-133972
-133972
-133940
-133940
-133923
-133890
-133890
-133841
-133792
-133760
-133760
-133743
-133743
-133710
-133678
-133629
-133629
-133596
-133579
-133579
-133547
-133514
-133514
-133481
-133432
-133416
-133416
-133383
-133383
-133350
-133317
-133285
-133285
-133268
-133219
-133219
-133186
-133186
-133121
-133121
-133088
-133088
-133056
-133006
-133006
-132974
-132941
-132925
-132925
-132892
-132859
-132859
-132810
-132777
-132777
-132761
-132728
-132728
-132695
-132663
-132613
-132613
-132597
-132564
-132564
-132532
-132532
-132499
-132450
-132433
-132433
-132384
-132352
-132352
-132319
-132286
-132270
-132270
-132221
-132221
-132188
-132155
-132122
-132122
-132106
-132073
-132073
-132024
-132024
-131959
-131959
-131942
-131942
-131909
-131877
-131877
-131828
-131795
-131778
-131778
-131746
-131746
-131697
-131664
-131615
-131615
-131598
-131566
-131566
-131533
-131533
-131500
-131467
-131435
-131435
-131402
-131369
-131369
-131336
-131304
-131304
-131255
-131238
-131238
-131205
-131173
-131140
-131140
-131107
-131107
-131091
-131042
-131042
-130993
-130960
-130927
-130927
-130911
-130911
-130878
-130829
-130796
-130796
-130763
-130747
-130747
-130714
-130714
-130632
-130632
-130600
-130600
-130583
-130551
-130551
-130518
-130518
-130485
-130436
-130420
-130420
-130387
-130354
-130354
-130321
-130272
-130272
-130240
-130207
-130207
-130174
-130174
-130109
-130109
-130092
-130092
-130043
-130010
-130010
-129978
-129945
-129945
-129928
-129896
-129896
-129847
-129814
-129781
-129781
-129765
-129765
-129732
-129699
-129699
-129650
-129617
-129585
-129585
-129552
-129552
-129519
-129486
-129437
-129437
-129421
-129421
-129388
-129355
-129355
-129323
-129290
-129257
-129257
-129224
-129224
-129192
-129159
-129126
-129126
-129110
-129110
-129061
-129028
-129028
-128995
-128963
-128946
-128946
-128897
-128897
-128848
-128815
-128782
-128782
-128766
-128766
-128733
-128701
-128701
-128651
-128619
-128602
-128602
-128570
-128570
-128537
-128504
-128455
-128455
-128439
-128439
-128406
-128373
-128373
-128340
-128308
-128275
-128275
-128242
-128242
-128193
-128193
-128128
-128128
-128111
-128111
-128062
-128029
-128029
-127997
-127964
-127964
-127931
-127915
-127915
-127866
-127866
-127800
-127800
-127767
-127767
-127751
-127751
-127718
-127669
-127636
-127636
-127604
-127587
-127587
-127555
-127555
-127522
-127456
-127424
-127424
-127407
-127407
-127374
-127342
-127342
-127309
-127260
-127260
-127243
-127211
-127211
-127178
-127178
-127145
-127112
-127080
-127080
-127047
-127047
-127014
-126981
-126949
-126949
-126932
-126932
-126883
-126851
-126851
-126801
-126769
-126752
-126752
-126720
-126720
-126670
-126670
-126605
-126605
-126589
-126589
-126556
-126556
-126523
-126474
-126441
-126441
-126425
-126392
-126392
-126359
-126359
-126327
-126277
-126261
-126261
-126228
-126228
-126196
-126196
-126130
-126130
-126081
-126081
-126048
-126048
-126016
-125983
-125950
-125950
-125934
-125934
-125885
-125852
-125852
-125819
-125786
-125770
-125770
-125737
-125737
-125688
-125688
-125623
-125623
-125606
-125606
-125573
-125573
-125541
-125492
-125459
-125459
-125443
-125443
-125393
-125361
-125361
-125328
-125279
-125279
-125262
-125230
-125230
-125197
-125197
-125164
-125131
-125115
-125115
-125066
-125066
-125033
-125033
-124968
-124968
-124951
-124951
-124902
-124902
-124869
-124837
-124804
-124804
-124771
-124771
-124755
-124689
-124689
-124657
-124624
-124624
-124591
-124575
-124575
-124542
-124542
-124493
-124493
-124427
-124427
-124411
-124411
-124378
-124378
-124346
-124296
-124264
-124264
-124247
-124247
-124215
-124182
-124182
-124149
-124100
-124100
-124084
-124051
-124051
-124002
-124002
-123969
-123936
-123920
-123920
-123871
-123871
-123838
-123838
-123805
-123773
-123756
-123756
-123707
-123707
-123674
-123674
-123609
-123609
-123592
-123592
-123560
-123560
-123511
-123478
-123445
-123445
-123429
-123429
-123396
-123363
-123363
-123298
-123265
-123265
-123249
-123249
-123216
-123183
-123183
-123150
-123101
-123101
-123085
-123052
-123052
-123019
-123019
-122987
-122954
-122954
-122938
-122888
-122888
-122856
-122856
-122823
-122790
-122774
-122774
-122741
-122741
-122692
-122692
-122659
-122610
-122594
-122594
-122561
-122561
-122528
-122528
-122446
-122446
-122430
-122430
-122397
-122397
-122365
-122315
-122283
-122283
-122266
-122266
-122234
-122234
-122201
-122168
-122119
-122119
-122103
-122103
-122070
-122070
-122037
-122004
-121972
-121972
-121955
-121955
-121890
-121857
-121857
-121824
-121792
-121792
-121775
-121775
-121742
-121693
-121693
-121661
-121628
-121628
-121611
-121611
-121579
-121546
-121546
-121497
-121497
-121464
-121431
-121431
-121415
-121382
-121382
-121350
-121350
-121300
-121268
-121268
-121251
-121202
-121202
-121169
-121169
-121120
-121088
-121088
-121071
-121038
-121038
-121006
-121006
-120973
-120924
-120924
-120907
-120875
-120875
-120842
-120842
-120809
-120776
-120776
-120760
-120711
-120711
-120678
-120678
-120646
-120613
-120613
-120596
-120564
-120564
-120498
-120498
-120465
-120433
-120433
-120416
-120384
-120384
-120351
-120351
-120302
-120269
-120269
-120253
-120220
-120220
-120187
-120187
-120154
-120105
-120105
-120089
-120056
-120056
-120023
-120023
-119991
-119942
-119942
-119925
-119925
-119892
-119860
-119860
-119811
-119778
-119778
-119761
-119761
-119712
-119680
-119680
-119647
-119614
-119614
-119598
-119598
-119565
-119516
-119516
-119483
-119450
-119450
-119434
-119434
-119401
-119401
-119368
-119319
-119287
-119287
-119270
-119270
-119238
-119238
-119205
-119205
-119107
-119107
-119090
-119090
-119057
-119057
-119025
-119025
-118992
-118959
-118926
-118926
-118894
-118894
-118861
-118861
-118828
-118795
-118779
-118779
-118730
-118730
-118697
-118697
-118664
-118632
-118632
-118615
-118583
-118583
-118534
-118534
-118501
-118501
-118468
-118452
-118452
-118403
-118370
-118370
-118321
-118321
-118288
-118255
-118255
-118239
-118239
-118206
-118173
-118173
-118124
-118091
-118091
-118075
-118075
-118042
-118042
-118010
-117977
-117928
-117928
-117911
-117911
-117879
-117879
-117846
-117846
-117813
-117780
-117748
-117748
-117699
-117699
-117666
-117666
-117633
-117600
-117600
-117584
-117535
-117535
-117502
-117502
-117469
-117437
-117437
-117420
-117420
-117387
-117338
-117338
-117306
-117273
-117273
-117257
-117257
-117224
-117224
-117191
-117191
-117109
-117109
-117093
-117093
-117060
-117060
-117011
-117011
-116978
-116929
-116929
-116913
-116880
-116880
-116847
-116847
-116814
-116782
-116782
-116749
-116749
-116716
-116716
-116683
-116651
-116618
-116618
-116602
-116602
-116553
-116553
-116520
-116520
-116487
-116454
-116438
-116438
-116405
-116405
-116356
-116356
-116307
-116274
-116274
-116258
-116258
-116225
-116192
-116192
-116143
-116110
-116110
-116094
-116094
-116061
-116061
-116029
-116029
-115996
-115947
-115930
-115930
-115898
-115898
-115865
-115865
-115832
-115799
-115799
-115767
-115767
-115734
-115734
-115701
-115668
-115619
-115619
-115603
-115603
-115554
-115554
-115521
-115521
-115488
-115488
-115456
-115439
-115406
-115406
-115357
-115357
-115325
-115325
-115292
-115275
-115275
-115243
-115243
-115210
-115161
-115161
-115128
-115112
-115112
-115079
-115079
-115046
-115046
-115014
-115014
-114964
-114915
-114915
-114899
-114866
-114866
-114833
-114833
-114801
-114752
-114752
-114735
-114735
-114702
-114702
-114670
-114670
-114637
-114604
-114571
-114571
-114539
-114539
-114506
-114506
-114473
-114441
-114441
-114424
-114424
-114375
-114375
-114342
-114342
-114277
-114277
-114260
-114260
-114211
-114211
-114162
-114162
-114129
-114097
-114097
-114080
-114080
-114048
-114048
-114015
-113966
-113933
-113933
-113917
-113917
-113884
-113884
-113851
-113851
-113818
-113769
-113769
-113753
-113753
-113720
-113720
-113687
-113655
-113622
-113622
-113589
-113589
-113556
-113556
-113507
-113507
-113475
-113442
-113442
-113425
-113425
-113376
-113376
-113344
-113311
-113278
-113278
-113262
-113262
-113229
-113229
-113180
-113180
-113147
-113114
-113114
-113098
-113098
-113065
-113065
-113033
-113033
-112983
-112951
-112934
-112934
-112902
-112902
-112869
-112869
-112820
-112771
-112771
-112754
-112754
-112721
-112721
-112689
-112689
-112656
-112623
-112623
-112607
-112607
-112558
-112525
-112525
-112492
-112492
-112459
-112443
-112443
-112410
-112410
-112361
-112361
-112329
-112329
-112296
-112279
-112279
-112247
-112247
-112198
-112198
-112165
-112116
-112099
-112099
-112067
-112067
-112034
-112034
-111985
-111985
-111952
-111936
-111936
-111903
-111903
-111870
-111870
-111837
-111837
-111788
-111755
-111755
-111739
-111739
-111706
-111674
-111674
-111641
-111592
-111592
-111575
-111575
-111543
-111543
-111510
-111510
-111477
-111444
-111444
-111412
-111412
-111363
-111363
-111330
-111330
-111297
-111264
-111264
-111248
-111248
-111215
-111166
-111166
-111133
-111101
-111101
-111084
-111084
-111052
-111052
-111002
-111002
-110970
-110937
-110937
-110921
-110921
-110888
-110888
-110855
-110855
-110806
-110773
-110773
-110757
-110757
-110708
-110708
-110675
-110675
-110642
-110593
-110577
-110577
-110544
-110544
-110511
-110511
-110478
-110446
-110446
-110429
-110429
-110380
-110380
-110348
-110348
-110315
-110282
-110282
-110266
-110266
-110233
-110233
-110184
-110184
-110151
-110118
-110118
-110102
-110102
-110069
-110069
-110020
-110020
-109971
-109938
-109938
-109922
-109922
-109889
-109856
-109856
-109807
-109774
-109774
-109758
-109758
-109725
-109725
-109693
-109693
-109660
-109660
-109611
-109594
-109594
-109562
-109562
-109529
-109529
-109496
-109496
-109463
-109447
-109447
-109398
-109398
-109365
-109365
-109316
-109316
-109283
-109267
-109267
-109234
-109234
-109185
-109185
-109152
-109152
-109120
-109103
-109103
-109070
-109070
-109038
-109038
-108989
-108989
-108956
-108940
-108940
-108907
-108907
-108874
-108841
-108841
-108792
-108776
-108776
-108743
-108743
-108710
-108710
-108678
-108678
-108628
-108596
-108596
-108563
-108563
-108530
-108530
-108497
-108497
-108465
-108416
-108416
-108399
-108399
-108366
-108366
-108334
-108334
-108301
-108268
-108268
-108252
-108252
-108203
-108203
-108170
-108170
-108137
-108105
-108105
-108088
-108088
-108055
-108055
-108006
-108006
-107974
-107924
-107924
-107908
-107908
-107875
-107875
-107843
-107843
-107793
-107761
-107761
-107744
-107744
-107712
-107712
-107679
-107679
-107646
-107597
-107597
-107581
-107581
-107548
-107548
-107515
-107515
-107482
-107450
-107450
-107417
-107417
-107384
-107384
-107351
-107351
-107319
-107286
-107286
-107270
-107270
-107204
-107204
-107171
-107171
-107139
-107106
-107106
-107089
-107089
-107057
-107057
-107008
-107008
-106975
-106942
-106942
-106926
-106926
-106893
-106893
-106860
-106860
-106811
-106778
-106778
-106762
-106762
-106729
-106729
-106697
-106697
-106664
-106664
-106615
-106598
-106598
-106566
-106566
-106516
-106516
-106484
-106484
-106451
-106418
-106418
-106385
-106385
-106353
-106353
-106320
-106320
-106287
-106271
-106271
-106222
-106222
-106189
-106189
-106156
-106156
-106124
-106107
-106107
-106074
-106074
-106025
-106025
-105993
-105993
-105960
-105943
-105943
-105943
-105911
-105911
-105878
-105878
-105812
-105812
-105780
-105763
-105763
-105731
-105731
-105698
-105698
-105665
-105665
-105616
-105600
-105600
-105567
-105567
-105534
-105534
-105501
-105501
-105469
-105436
-105436
-105403
-105403
-105370
-105370
-105338
-105338
-105305
-105272
-105272
-105239
-105239
-105207
-105207
-105174
-105174
-105125
-105092
-105092
-105076
-105076
-105027
-105027
-104994
-104994
-104961
-104928
-104928
-104928
-104912
-104912
-104879
-104879
-104830
-104830
-104797
-104765
-104765
-104748
-104748
-104716
-104716
-104683
-104683
-104634
-104601
-104601
-104585
-104585
-104552
-104552
-104519
-104519
-104486
-104421
-104421
-104404
-104404
-104372
-104372
-104339
-104339
-104306
-104273
-104273
-104241
-104241
-104241
-104208
-104208
-104175
-104175
-104143
-104110
-104110
-104093
-104093
-104044
-104044
-104012
-104012
-103979
-103946
-103946
-103930
-103930
-103897
-103897
-103848
-103848
-103815
-103782
-103782
-103766
-103766
-103717
-103717
-103717
-103684
-103684
-103635
-103635
-103602
-103586
-103586
-103553
-103553
-103520
-103520
-103488
-103488
-103439
-103422
-103422
-103389
-103389
-103357
-103357
-103324
-103324
-103291
-103258
-103258
-103226
-103226
-103226
-103193
-103193
-103160
-103160
-103127
-103111
-103111
-103062
-103062
-103013
-103013
-102980
-102980
-102947
-102931
-102931
-102898
-102898
-102849
-102849
-102816
-102816
-102784
-102767
-102767
-102767
-102735
-102735
-102702
-102702
-102653
-102653
-102620
-102604
-102604
-102571
-102571
-102538
-102538
-102505
-102505
-102456
-102440
-102440
-102407
-102407
-102407
-102374
-102374
-102325
-102325
-102292
-102276
-102276
-102227
-102227
-102194
-102194
-102161
-102161
-102129
-102096
-102096
-102063
-102063
-102031
-102031
-102031
-101998
-101998
-101965
-101932
-101932
-101916
-101916
-101867
-101867
-101834
-101834
-101801
-101769
-101769
-101752
-101752
-101719
-101719
-101719
-101670
-101670
-101621
-101588
-101588
-101572
-101572
-101539
-101539
-101507
-101507
-101457
-101425
-101425
-101408
-101408
-101376
-101376
-101376
-101343
-101343
-101310
-101261
-101261
-101245
-101245
-101212
-101212
-101179
-101179
-101146
-101114
-101114
-101097
-101097
-101097
-101048
-101048
-101015
-101015
-100983
-100934
-100934
-100917
-100917
-100868
-100868
-100835
-100835
-100803
-100770
-100770
-100770
-100753
-100753
-100721
-100721
-100672
-100672
-100639
-100639
-100606
-100590
-100590
-100557
-100557
-100524
-100524
-100524
-100475
-100475
-100442
-100426
-100426
-100393
-100393
-100361
-100361
-100328
-100328
-100279
-100262
-100262
-100213
-100213
-100213
-100180
-100180
-100148
-100148
-100115
-100099
-100099
-100049
-100049
-100017
-100017
-99984
-99984
-99984
-99951
-99935
-99935
-99902
-99902
-99853
-99853
-99820
-99820
-99788
-99771
-99771
-99738
-99738
-99738
-99689
-99689
-99657
-99657
-99624
-99607
-99607
-99575
-99575
-99526
-99526
-99476
-99476
-99476
-99444
-99427
-99427
-99395
-99395
-99362
-99362
-99329
-99329
-99280
-99264
-99264
-99264
-99231
-99231
-99198
-99198
-99165
-99165
-99133
-99116
-99116
-99067
-99067
-99067
-99034
-99034
-99002
-99002
-98969
-98953
-98953
-98920
-98920
-98871
-98871
-98822
-98822
-98822
-98789
-98756
-98756
-98740
-98740
-98707
-98707
-98658
-98658
-98625
-98592
-98592
-98592
-98576
-98576
-98543
-98543
-98511
-98511
-98461
-98429
-98429
-98412
-98412
-98412
-98380
-98380
-98347
-98347
-98298
-98265
-98265
-98249
-98249
-98216
-98216
-98216
-98183
-98183
-98134
-98085
-98085
-98068
-98068
-98036
-98036
-98036
-98003
-98003
-97970
-97938
-97938
-97921
-97921
-97872
-97872
-97839
-97839
-97839
-97807
-97774
-97774
-97757
-97757
-97725
-97725
-97676
-97676
-97643
-97643
-97643
-97610
-97594
-97594
-97561
-97561
-97528
-97528
-97479
-97479
-97479
-97430
-97414
-97414
-97381
-97381
-97348
-97348
-97315
-97315
-97266
-97266
-97250
-97250
-97217
-97217
-97184
-97184
-97152
-97152
-97103
-97086
-97086
-97086
-97053
-97053
-97021
-97021
-96988
-96988
-96955
-96939
-96939
-96939
-96890
-96890
-96857
-96857
-96824
-96824
-96791
-96775
-96775
-96775
-96726
-96726
-96677
-96677
-96644
-96644
-96611
-96595
-96595
-96595
-96562
-96562
-96530
-96530
-96480
-96480
-96448
-96431
-96431
-96431
-96399
-96399
-96366
-96366
-96333
-96333
-96284
-96268
-96268
-96268
-96235
-96235
-96202
-96202
-96169
-96169
-96137
-96104
-96104
-96104
-96071
-96071
-96022
-96022
-95989
-95989
-95956
-95956
-95940
-95940
-95891
-95891
-95858
-95858
-95826
-95826
-95793
-95793
-95776
-95776
-95744
-95744
-95695
-95695
-95662
-95662
-95662
-95629
-95596
-95596
-95580
-95580
-95547
-95547
-95498
-95498
-95498
-95465
-95433
-95433
-95416
-95416
-95383
-95383
-95383
-95334
-95334
-95285
-95252
-95252
-95236
-95236
-95203
-95203
-95203
-95171
-95171
-95138
-95089
-95089
-95072
-95072
-95072
-95040
-95040
-95007
-95007
-94974
-94941
-94941
-94909
-94909
-94909
-94876
-94876
-94843
-94843
-94810
-94778
-94778
-94778
-94761
-94761
-94712
-94712
-94679
-94679
-94630
-94630
-94630
-94598
-94581
-94581
-94548
-94548
-94499
-94499
-94499
-94467
-94467
-94434
-94418
-94418
-94385
-94385
-94385
-94352
-94352
-94303
-94303
-94270
-94254
-94254
-94254
-94221
-94221
-94188
-94188
-94156
-94156
-94106
-94106
-94090
-94090
-94057
-94057
-94025
-94025
-93992
-93992
-93992
-93943
-93910
-93910
-93877
-93877
-93844
-93844
-93844
-93812
-93812
-93779
-93763
-93763
-93714
-93714
-93714
-93681
-93681
-93648
-93648
-93615
-93599
-93599
-93599
-93566
-93566
-93517
-93517
-93484
-93484
-93484
-93452
-93435
-93435
-93402
-93402
-93370
-93370
-93370
-93321
-93321
-93288
-93271
-93271
-93222
-93222
-93222
-93190
-93190
-93157
-93157
-93108
-93091
-93091
-93091
-93059
-93059
-93026
-93026
-92993
-92993
-92993
-92960
-92928
-92928
-92895
-92895
-92862
-92862
-92862
-92829
-92829
-92797
-92780
-92780
-92731
-92731
-92731
-92698
-92698
-92666
-92666
-92633
-92633
-92617
-92617
-92584
-92584
-92518
-92518
-92518
-92486
-92486
-92453
-92436
-92436
-92404
-92404
-92404
-92371
-92371
-92322
-92322
-92289
-92256
-92256
-92256
-92240
-92240
-92207
-92207
-92175
-92175
-92175
-92125
-92093
-92093
-92076
-92076
-92076
-92044
-92044
-92011
-92011
-91978
-91929
-91929
-91929
-91913
-91913
-91880
-91880
-91831
-91831
-91831
-91798
-91765
-91765
-91733
-91733
-91733
-91700
-91700
-91667
-91667
-91634
-91634
-91634
-91602
-91585
-91585
-91536
-91536
-91503
-91503
-91503
-91471
-91471
-91438
-91421
-91421
-91421
-91389
-91389
-91340
-91340
-91307
-91307
-91307
-91274
-91258
-91258
-91225
-91225
-91225
-91192
-91192
-91127
-91127
-91094
-91078
-91078
-91078
-91045
-91045
-91012
-91012
-91012
-90979
-90979
-90930
-90914
-90914
-90881
-90881
-90881
-90848
-90848
-90816
-90816
-90816
-90783
-90750
-90750
-90717
-90717
-90685
-90685
-90685
-90652
-90652
-90619
-90603
-90603
-90603
-90554
-90554
-90521
-90521
-90488
-90488
-90488
-90439
-90423
-90423
-90390
-90390
-90390
-90341
-90341
-90308
-90308
-90275
-90275
-90259
-90259
-90226
-90226
-90194
-90194
-90194
-90144
-90144
-90112
-90095
-90095
-90095
-90063
-90063
-90030
-90030
-90030
-89997
-89997
-89948
-89932
-89932
-89899
-89899
-89899
-89866
-89866
-89833
-89833
-89833
-89801
-89784
-89784
-89719
-89719
-89719
-89686
-89686
-89653
-89653
-89621
-89621
-89604
-89604
-89555
-89555
-89522
-89522
-89522
-89490
-89490
-89457
-89440
-89440
-89440
-89408
-89408
-89359
-89359
-89359
-89326
-89326
-89293
-89277
-89277
-89277
-89244
-89244
-89211
-89211
-89162
-89162
-89162
-89129
-89097
-89097
-89080
-89080
-89080
-89031
-89031
-88998
-88998
-88998
-88949
-88917
-88917
-88900
-88900
-88900
-88867
-88867
-88835
-88835
-88802
-88802
-88753
-88753
-88736
-88736
-88736
-88704
-88704
-88671
-88671
-88638
-88638
-88638
-88605
-88589
-88589
-88540
-88540
-88540
-88507
-88507
-88474
-88474
-88474
-88442
-88425
-88425
-88393
-88393
-88393
-88327
-88327
-88294
-88294
-88294
-88262
-88245
-88245
-88213
-88213
-88213
-88163
-88163
-88131
-88131
-88131
-88098
-88082
-88082
-88049
-88049
-88049
-88016
-88016
-87967
-87967
-87934
-87934
-87918
-87918
-87885
-87885
-87885
-87852
-87852
-87820
-87820
-87770
-87770
-87754
-87754
-87721
-87721
-87721
-87689
-87689
-87639
-87639
-87607
-87607
-87590
-87590
-87541
-87541
-87541
-87509
-87509
-87476
-87476
-87443
-87443
-87427
-87427
-87394
-87394
-87394
-87345
-87345
-87312
-87312
-87312
-87279
-87263
-87263
-87230
-87230
-87230
-87197
-87197
-87148
-87148
-87148
-87116
-87099
-87099
-87066
-87066
-87066
-87034
-87034
-86985
-86985
-86985
-86935
-86919
-86919
-86886
-86886
-86886
-86854
-86854
-86821
-86821
-86821
-86772
-86755
-86755
-86723
-86723
-86723
-86690
-86690
-86657
-86657
-86657
-86624
-86608
-86608
-86608
-86559
-86559
-86526
-86526
-86526
-86493
-86493
-86461
-86444
-86444
-86444
-86412
-86412
-86362
-86362
-86362
-86330
-86330
-86297
-86281
-86281
-86281
-86231
-86231
-86199
-86199
-86199
-86150
-86150
-86117
-86117
-86101
-86101
-86068
-86068
-86068
-86035
-86035
-86002
-86002
-86002
-85953
-85937
-85937
-85904
-85904
-85904
-85871
-85871
-85839
-85839
-85839
-85789
-85757
-85757
-85757
-85740
-85740
-85708
-85708
-85708
-85675
-85675
-85642
-85642
-85642
-85593
-85560
-85560
-85528
-85528
-85528
-85495
-85495
-85462
-85462
-85462
-85429
-85413
-85413
-85413
-85364
-85364
-85331
-85331
-85331
-85298
-85298
-85266
-85249
-85249
-85249
-85216
-85216
-85167
-85167
-85167
-85135
-85135
-85102
-85102
-85085
-85085
-85053
-85053
-85053
-85020
-85020
-84971
-84971
-84971
-84938
-84922
-84922
-84922
-84889
-84889
-84840
-84840
-84840
-84807
-84807
-84758
-84742
-84742
-84742
-84709
-84709
-84676
-84676
-84676
-84643
-84643
-84643
-84611
-84578
-84578
-84545
-84545
-84545
-84512
-84512
-84480
-84480
-84480
-84447
-84431
-84431
-84431
-84381
-84381
-84349
-84349
-84349
-84316
-84316
-84283
-84283
-84267
-84267
-84234
-84234
-84234
-84185
-84185
-84136
-84136
-84136
-84103
-84087
-84087
-84087
-84054
-84054
-84021
-84021
-84021
-83972
-83972
-83939
-83939
-83923
-83923
-83890
-83890
-83890
-83858
-83858
-83825
-83825
-83825
-83776
-83759
-83759
-83759
-83727
-83727
-83694
-83694
-83694
-83661
-83661
-83628
-83628
-83596
-83596
-83563
-83563
-83563
-83530
-83530
-83497
-83497
-83497
-83448
-83432
-83432
-83432
-83383
-83383
-83350
-83350
-83350
-83317
-83317
-83285
-83285
-83268
-83268
-83235
-83235
-83235
-83186
-83186
-83154
-83154
-83154
-83121
-83104
-83104
-83104
-83072
-83072
-83039
-83039
-83039
-82990
-82990
-82990
-82957
-82941
-82941
-82908
-82908
-82908
-82875
-82875
-82875
-82842
-82842
-82793
-82793
-82761
-82761
-82728
-82728
-82728
-82695
-82695
-82662
-82662
-82662
-82630
-82630
-82581
-82581
-82564
-82564
-82531
-82531
-82531
-82499
-82499
-82499
-82466
-82466
-82433
-82400
-82400
-82400
-82368
-82368
-82368
-82335
-82335
-82302
-82302
-82302
-82269
-82253
-82253
-82253
-82204
-82204
-82171
-82171
-82171
-82138
-82138
-82138
-82106
-82089
-82089
-82040
-82040
-82040
-81991
-81991
-81991
-81958
-81958
-81926
-81926
-81909
-81909
-81877
-81877
-81877
-81844
-81844
-81795
-81795
-81795
-81762
-81746
-81746
-81746
-81713
-81713
-81713
-81680
-81680
-81647
-81647
-81647
-81598
-81582
-81582
-81582
-81549
-81549
-81516
-81516
-81516
-81484
-81484
-81484
-81451
-81418
-81418
-81418
-81369
-81369
-81336
-81336
-81336
-81304
-81304
-81304
-81271
-81254
-81254
-81254
-81205
-81205
-81173
-81173
-81173
-81140
-81140
-81107
-81107
-81091
-81091
-81058
-81058
-81058
-81009
-81009
-81009
-80976
-80976
-80943
-80943
-80927
-80927
-80894
-80894
-80894
-80861
-80861
-80861
-80812
-80812
-80780
-80780
-80763
-80763
-80730
-80730
-80730
-80698
-80698
-80698
-80649
-80649
-80600
-80583
-80583
-80583
-80550
-80550
-80550
-80518
-80518
-80485
-80485
-80485
-80452
-80419
-80419
-80419
-80387
-80387
-80387
-80354
-80354
-80321
-80321
-80321
-80288
-80272
-80272
-80272
-80223
-80223
-80223
-80190
-80190
-80157
-80157
-80157
-80125
-80108
-80108
-80108
-80076
-80076
-80076
-80026
-80026
-79994
-79994
-79994
-79945
-79945
-79928
-79928
-79896
-79896
-79896
-79863
-79863
-79863
-79814
-79814
-79781
-79781
-79781
-79765
-79732
-79732
-79732
-79699
-79699
-79699
-79666
-79666
-79617
-79617
-79617
-79601
-79568
-79568
-79568
-79535
-79535
-79535
-79503
-79503
-79470
-79470
-79470
-79437
-79404
-79404
-79404
-79372
-79372
-79372
-79339
-79339
-79339
-79306
-79306
-79257
-79257
-79224
-79224
-79192
-79192
-79192
-79159
-79159
-79159
-79126
-79126
-79093
-79093
-79077
-79077
-79028
-79028
-79028
-78995
-78995
-78995
-78962
-78962
-78962
-78930
-78913
-78913
-78913
-78880
-78880
-78831
-78831
-78831
-78799
-78799
-78799
-78766
-78749
-78749
-78749
-78717
-78717
-78717
-78684
-78684
-78635
-78635
-78635
-78602
-78569
-78569
-78569
-78537
-78537
-78537
-78504
-78504
-78504
-78471
-78471
-78422
-78422
-78406
-78406
-78373
-78373
-78373
-78340
-78340
-78340
-78307
-78307
-78307
-78275
-78258
-78258
-78258
-78209
-78209
-78176
-78176
-78176
-78144
-78144
-78144
-78111
-78095
-78095
-78095
-78045
-78045
-78045
-78013
-78013
-78013
-77980
-77980
-77947
-77947
-77931
-77931
-77898
-77898
-77898
-77833
-77833
-77833
-77800
-77800
-77800
-77767
-77751
-77751
-77751
-77718
-77718
-77718
-77685
-77685
-77636
-77636
-77636
-77603
-77587
-77587
-77587
-77554
-77554
-77554
-77522
-77522
-77522
-77489
-77489
-77440
-77440
-77423
-77423
-77423
-77391
-77391
-77358
-77358
-77358
-77325
-77325
-77325
-77292
-77276
-77276
-77276
-77227
-77227
-77227
-77194
-77194
-77194
-77145
-77145
-77112
-77112
-77096
-77096
-77096
-77063
-77063
-77014
-77014
-77014
-76981
-76981
-76981
-76949
-76932
-76932
-76932
-76899
-76899
-76899
-76850
-76850
-76850
-76818
-76818
-76785
-76785
-76785
-76768
-76768
-76736
-76736
-76703
-76703
-76703
-76654
-76654
-76654
-76621
-76621
-76621
-76605
-76572
-76572
-76572
-76539
-76539
-76539
-76507
-76507
-76507
-76441
-76441
-76425
-76425
-76392
-76392
-76392
-76359
-76359
-76326
-76326
-76326
-76294
-76294
-76294
-76277
-76228
-76228
-76228
-76195
-76195
-76195
-76163
-76163
-76163
-76130
-76130
-76130
-76097
-76081
-76081
-76081
-76032
-76032
-76032
-75999
-75999
-75966
-75966
-75966
-75933
-75933
-75917
-75917
-75917
-75884
-75884
-75835
-75835
-75835
-75803
-75803
-75803
-75753
-75737
-75737
-75737
-75704
-75704
-75704
-75655
-75655
-75655
-75622
-75622
-75622
-75590
-75573
-75573
-75573
-75541
-75541
-75541
-75508
-75508
-75508
-75459
-75459
-75426
-75426
-75410
-75410
-75410
-75377
-75377
-75377
-75344
-75344
-75311
-75311
-75311
-75262
-75262
-75246
-75246
-75213
-75213
-75213
-75180
-75180
-75180
-75148
-75148
-75148
-75115
-75099
-75099
-75099
-75033
-75033
-75033
-75000
-75000
-75000
-74968
-74968
-74968
-74935
-74918
-74918
-74918
-74886
-74886
-74886
-74837
-74837
-74837
-74804
-74804
-74804
-74771
-74755
-74755
-74755
-74722
-74722
-74722
-74689
-74689
-74689
-74640
-74640
-74640
-74607
-74591
-74591
-74591
-74558
-74558
-74558
-74525
-74525
-74525
-74493
-74493
-74493
-74444
-74427
-74427
-74427
-74378
-74378
-74378
-74345
-74345
-74345
-74313
-74313
-74264
-74264
-74247
-74247
-74247
-74214
-74214
-74214
-74182
-74182
-74182
-74149
-74149
-74116
-74116
-74100
-74100
-74100
-74051
-74051
-74051
-74018
-74018
-74018
-73985
-73985
-73952
-73952
-73936
-73936
-73936
-73903
-73903
-73903
-73854
-73854
-73854
-73821
-73821
-73789
-73789
-73789
-73772
-73772
-73740
-73740
-73740
-73707
-73707
-73707
-73641
-73641
-73641
-73609
-73609
-73592
-73592
-73560
-73560
-73560
-73527
-73527
-73527
-73494
-73494
-73494
-73445
-73445
-73445
-73429
-73396
-73396
-73396
-73363
-73363
-73363
-73330
-73330
-73330
-73298
-73298
-73298
-73265
-73232
-73232
-73232
-73199
-73199
-73199
-73167
-73167
-73167
-73134
-73134
-73134
-73117
-73068
-73068
-73068
-73036
-73036
-73036
-73003
-73003
-73003
-72954
-72954
-72954
-72921
-72905
-72905
-72905
-72856
-72856
-72856
-72823
-72823
-72823
-72790
-72790
-72790
-72757
-72757
-72741
-72741
-72741
-72708
-72708
-72708
-72659
-72659
-72626
-72626
-72626
-72594
-72594
-72577
-72577
-72577
-72544
-72544
-72544
-72512
-72512
-72512
-72463
-72463
-72463
-72430
-72414
-72414
-72414
-72381
-72381
-72381
-72348
-72348
-72348
-72315
-72315
-72315
-72250
-72233
-72233
-72233
-72201
-72201
-72201
-72168
-72168
-72168
-72135
-72135
-72135
-72102
-72102
-72070
-72070
-72070
-72037
-72037
-72037
-72004
-72004
-72004
-71971
-71971
-71971
-71939
-71922
-71922
-71922
-71873
-71873
-71873
-71840
-71840
-71840
-71808
-71808
-71808
-71775
-71775
-71759
-71759
-71759
-71726
-71726
-71726
-71677
-71677
-71644
-71644
-71644
-71611
-71611
-71579
-71579
-71579
-71546
-71546
-71546
-71513
-71513
-71513
-71464
-71464
-71464
-71431
-71415
-71415
-71415
-71382
-71382
-71382
-71349
-71349
-71349
-71317
-71317
-71317
-71267
-71267
-71251
-71251
-71251
-71218
-71218
-71218
-71186
-71186
-71186
-71153
-71153
-71153
-71120
-71087
-71087
-71087
-71055
-71055
-71055
-71022
-71022
-71022
-70989
-70989
-70989
-70956
-70956
-70940
-70940
-70940
-70875
-70875
-70875
-70842
-70842
-70842
-70809
-70809
-70809
-70776
-70776
-70776
-70760
-70760
-70727
-70727
-70727
-70678
-70678
-70678
-70645
-70645
-70645
-70613
-70613
-70613
-70596
-70563
-70563
-70563
-70531
-70531
-70531
-70482
-70482
-70482
-70449
-70449
-70449
-70432
-70432
-70400
-70400
-70400
-70367
-70367
-70367
-70334
-70334
-70334
-70285
-70285
-70285
-70269
-70269
-70236
-70236
-70236
-70187
-70187
-70187
-70154
-70154
-70154
-70121
-70121
-70121
-70089
-70056
-70056
-70056
-70023
-70023
-70023
-69990
-69990
-69990
-69958
-69958
-69958
-69941
-69941
-69892
-69892
-69892
-69859
-69859
-69859
-69827
-69827
-69827
-69794
-69794
-69794
-69778
-69778
-69745
-69745
-69745
-69696
-69696
-69696
-69663
-69663
-69663
-69630
-69630
-69630
-69598
-69598
-69581
-69581
-69581
-69548
-69548
-69548
-69483
-69483
-69483
-69450
-69450
-69450
-69417
-69401
-69401
-69401
-69368
-69368
-69368
-69368
-69336
-69336
-69336
-69286
-69286
-69286
-69254
-69237
-69237
-69237
-69205
-69205
-69205
-69172
-69172
-69172
-69172
-69139
-69139
-69139
-69090
-69074
-69074
-69074
-69041
-69041
-69041
-69008
-69008
-69008
-68975
-68975
-68975
-68975
-68943
-68910
-68910
-68910
-68877
-68877
-68877
-68844
-68844
-68844
-68812
-68812
-68812
-68763
-68763
-68746
-68746
-68746
-68697
-68697
-68697
-68664
-68664
-68664
-68632
-68632
-68632
-68599
-68599
-68582
-68582
-68582
-68550
-68550
-68550
-68501
-68501
-68501
-68468
-68468
-68468
-68468
-68435
-68419
-68419
-68419
-68386
-68386
-68386
-68353
-68353
-68353
-68304
-68304
-68304
-68304
-68271
-68255
-68255
-68255
-68222
-68222
-68222
-68190
-68190
-68190
-68190
-68157
-68157
-68157
-68108
-68075
-68075
-68075
-68042
-68042
-68042
-68042
-68009
-68009
-68009
-67977
-67977
-67977
-67944
-67911
-67911
-67911
-67911
-67878
-67878
-67878
-67846
-67846
-67846
-67813
-67813
-67813
-67780
-67780
-67780
-67764
-67764
-67715
-67715
-67715
-67682
-67682
-67682
-67649
-67649
-67649
-67616
-67616
-67616
-67600
-67600
-67567
-67567
-67567
-67518
-67518
-67518
-67486
-67486
-67486
-67453
-67453
-67453
-67453
-67436
-67387
-67387
-67387
-67355
-67355
-67355
-67355
-67305
-67305
-67305
-67273
-67273
-67273
-67256
-67224
-67224
-67224
-67224
-67191
-67191
-67191
-67158
-67158
-67158
-67109
-67109
-67109
-67093
-67093
-67060
-67060
-67060
-67027
-67027
-67027
-66994
-66994
-66994
-66962
-66962
-66962
-66962
-66945
-66896
-66896
-66896
-66863
-66863
-66863
-66831
-66831
-66831
-66831
-66798
-66798
-66798
-66782
-66732
-66732
-66732
-66732
-66683
-66683
-66683
-66651
-66651
-66651
-66618
-66618
-66618
-66601
-66601
-66569
-66569
-66569
-66520
-66520
-66520
-66487
-66487
-66487
-66487
-66454
-66454
-66454
-66421
-66405
-66405
-66405
-66405
-66372
-66372
-66372
-66323
-66323
-66323
-66290
-66290
-66290
-66258
-66258
-66241
-66241
-66241
-66209
-66209
-66209
-66176
-66176
-66176
-66176
-66127
-66127
-66127
-66094
-66078
-66078
-66078
-66078
-66045
-66045
-66045
-66012
-66012
-66012
-65963
-65963
-65963
-65914
-65914
-65897
-65897
-65897
-65865
-65865
-65865
-65832
-65832
-65832
-65832
-65799
-65799
-65799
-65766
-65766
-65750
-65750
-65750
-65701
-65701
-65701
-65668
-65668
-65668
-65635
-65635
-65635
-65635
-65603
-65586
-65586
-65586
-65537
-65537
-65537
-65537
-65505
-65505
-65505
-65472
-65472
-65472
-65439
-65439
-65423
-65423
-65423
-65390
-65390
-65390
-65341
-65341
-65341
-65341
-65292
-65292
-65292
-65259
-65259
-65243
-65243
-65243
-65210
-65210
-65210
-65177
-65177
-65177
-65128
-65128
-65128
-65128
-65095
-65079
-65079
-65079
-65079
-65046
-65046
-65046
-65013
-65013
-65013
-64981
-64981
-64981
-64931
-64931
-64915
-64915
-64915
-64882
-64882
-64882
-64882
-64850
-64850
-64850
-64817
-64817
-64817
-64784
-64784
-64784
-64784
-64768
-64719
-64719
-64719
-64686
-64686
-64686
-64686
-64653
-64653
-64653
-64620
-64620
-64620
-64588
-64588
-64555
-64555
-64555
-64506
-64506
-64506
-64506
-64473
-64473
-64473
-64440
-64440
-64440
-64424
-64424
-64391
-64391
-64391
-64358
-64358
-64358
-64358
-64309
-64309
-64309
-64277
-64277
-64277
-64260
-64260
-64227
-64227
-64227
-64195
-64195
-64195
-64146
-64146
-64146
-64146
-64113
-64113
-64113
-64097
-64097
-64064
-64064
-64064
-64031
-64031
-64031
-63998
-63998
-63998
-63998
-63949
-63949
-63949
-63933
-63933
-63884
-63884
-63884
-63851
-63851
-63851
-63851
-63818
-63818
-63818
-63785
-63785
-63785
-63769
-63769
-63720
-63720
-63720
-63687
-63687
-63687
-63687
-63654
-63654
-63654
-63622
-63622
-63622
-63605
-63605
-63573
-63573
-63573
-63523
-63523
-63523
-63523
-63491
-63491
-63491
-63458
-63458
-63458
-63442
-63442
-63409
-63409
-63409
-63376
-63376
-63376
-63376
-63327
-63327
-63327
-63294
-63294
-63294
-63294
-63278
-63245
-63245
-63245
-63245
-63196
-63196
-63196
-63163
-63163
-63163
-63114
-63114
-63114
-63114
-63081
-63065
-63065
-63065
-63065
-63032
-63032
-63032
-63000
-63000
-63000
-63000
-62950
-62950
-62950
-62918
-62918
-62901
-62901
-62901
-62869
-62869
-62869
-62836
-62836
-62836
-62836
-62803
-62803
-62803
-62754
-62754
-62738
-62738
-62738
-62705
-62705
-62705
-62705
-62672
-62672
-62672
-62639
-62639
-62639
-62639
-62607
-62590
-62590
-62590
-62590
-62541
-62541
-62541
-62492
-62492
-62492
-62492
-62459
-62459
-62459
-62427
-62427
-62410
-62410
-62410
-62377
-62377
-62377
-62377
-62328
-62328
-62328
-62296
-62296
-62296
-62263
-62263
-62246
-62246
-62246
-62214
-62214
-62214
-62214
-62181
-62181
-62181
-62132
-62132
-62132
-62132
-62099
-62099
-62083
-62083
-62083
-62050
-62050
-62050
-62017
-62017
-62017
-62017
-61985
-61985
-61985
-61935
-61935
-61919
-61919
-61919
-61886
-61886
-61886
-61886
-61854
-61854
-61854
-61821
-61821
-61821
-61821
-61772
-61772
-61772
-61739
-61739
-61706
-61706
-61706
-61673
-61673
-61673
-61673
-61641
-61641
-61641
-61608
-61608
-61608
-61608
-61592
-61592
-61542
-61542
-61542
-61510
-61510
-61510
-61477
-61477
-61477
-61477
-61444
-61444
-61444
-61428
-61428
-61395
-61395
-61395
-61395
-61346
-61346
-61346
-61313
-61313
-61313
-61313
-61281
-61281
-61281
-61264
-61264
-61231
-61231
-61231
-61199
-61199
-61199
-61199
-61150
-61150
-61150
-61117
-61117
-61117
-61100
-61084
-61051
-61051
-61051
-61051
-61019
-61019
-61019
-60986
-60986
-60986
-60986
-60937
-60937
-60937
-60920
-60920
-60888
-60888
-60888
-60888
-60855
-60855
-60855
-60822
-60822
-60822
-60822
-60789
-60789
-60789
-60757
-60757
-60724
-60724
-60724
-60724
-60691
-60691
-60691
-60658
-60658
-60658
-60658
-60626
-60626
-60626
-60609
-60609
-60560
-60560
-60560
-60527
-60527
-60527
-60527
-60495
-60495
-60495
-60462
-60462
-60462
-60462
-60446
-60446
-60396
-60396
-60396
-60347
-60347
-60347
-60347
-60315
-60315
-60315
-60282
-60282
-60282
-60282
-60265
-60265
-60233
-60233
-60233
-60200
-60200
-60200
-60200
-60151
-60151
-60151
-60118
-60118
-60118
-60118
-60102
-60102
-60069
-60069
-60069
-60036
-60036
-60036
-60036
-60004
-60004
-60004
-59954
-59954
-59954
-59954
-59922
-59922
-59905
-59905
-59905
-59873
-59873
-59873
-59873
-59840
-59840
-59840
-59807
-59807
-59807
-59807
-59758
-59758
-59742
-59742
-59742
-59692
-59692
-59692
-59692
-59660
-59660
-59660
-59627
-59627
-59627
-59627
-59594
-59594
-59561
-59561
-59561
-59529
-59529
-59529
-59529
-59496
-59496
-59496
-59463
-59463
-59463
-59463
-59430
-59430
-59414
-59414
-59414
-59365
-59365
-59365
-59365
-59332
-59332
-59332
-59332
-59300
-59300
-59300
-59267
-59267
-59250
-59250
-59250
-59250
-59218
-59218
-59218
-59169
-59169
-59169
-59169
-59136
-59136
-59136
-59103
-59103
-59087
-59087
-59087
-59087
-59054
-59054
-59054
-59021
-59021
-59021
-59021
-58956
-58956
-58956
-58956
-58923
-58907
-58907
-58907
-58907
-58874
-58874
-58874
-58874
-58841
-58841
-58841
-58808
-58808
-58808
-58808
-58759
-58759
-58759
-58759
-58743
-58710
-58710
-58710
-58710
-58677
-58677
-58677
-58677
-58645
-58645
-58645
-58612
-58612
-58612
-58612
-58579
-58579
-58546
-58546
-58546
-58514
-58514
-58514
-58514
-58481
-58481
-58481
-58481
-58448
-58448
-58448
-58432
-58432
-58383
-58383
-58383
-58383
-58350
-58350
-58350
-58301
-58301
-58301
-58301
-58268
-58268
-58268
-58268
-58252
-58252
-58219
-58219
-58219
-58170
-58170
-58170
-58170
-58137
-58137
-58137
-58137
-58104
-58104
-58104
-58088
-58088
-58055
-58055
-58055
-58055
-58022
-58022
-58022
-57973
-57973
-57973
-57973
-57941
-57941
-57941
-57941
-57924
-57924
-57892
-57892
-57892
-57859
-57859
-57859
-57859
-57826
-57826
-57826
-57826
-57777
-57777
-57777
-57761
-57761
-57728
-57728
-57728
-57728
-57695
-57695
-57695
-57695
-57662
-57662
-57662
-57630
-57630
-57630
-57630
-57580
-57580
-57548
-57548
-57548
-57548
-57515
-57515
-57515
-57482
-57482
-57482
-57482
-57449
-57449
-57449
-57449
-57433
-57384
-57384
-57384
-57384
-57351
-57351
-57351
-57351
-57318
-57318
-57318
-57318
-57286
-57286
-57286
-57269
-57269
-57237
-57237
-57237
-57237
-57188
-57188
-57188
-57188
-57155
-57155
-57155
-57122
-57122
-57122
-57122
-57106
-57106
-57073
-57073
-57073
-57073
-57040
-57040
-57040
-56991
-56991
-56991
-56991
-56958
-56958
-56958
-56958
-56942
-56942
-56893
-56893
-56893
-56893
-56860
-56860
-56860
-56827
-56827
-56827
-56827
-56778
-56778
-56778
-56778
-56762
-56762
-56729
-56729
-56729
-56696
-56696
-56696
-56696
-56664
-56664
-56664
-56664
-56631
-56631
-56631
-56631
-56582
-56582
-56565
-56565
-56565
-56533
-56533
-56533
-56533
-56500
-56500
-56500
-56500
-56467
-56467
-56467
-56467
-56434
-56434
-56402
-56402
-56402
-56369
-56369
-56369
-56369
-56336
-56336
-56336
-56336
-56303
-56303
-56303
-56303
-56271
-56271
-56254
-56254
-56254
-56189
-56189
-56189
-56189
-56156
-56156
-56156
-56156
-56123
-56123
-56123
-56123
-56091
-56091
-56074
-56074
-56074
-56041
-56041
-56041
-56041
-55992
-55992
-55992
-55992
-55960
-55960
-55960
-55960
-55927
-55927
-55927
-55927
-55910
-55910
-55878
-55878
-55878
-55845
-55845
-55845
-55845
-55796
-55796
-55796
-55796
-55763
-55763
-55763
-55763
-55747
-55747
-55714
-55714
-55714
-55714
-55681
-55681
-55681
-55649
-55649
-55649
-55649
-55599
-55599
-55599
-55599
-55583
-55583
-55550
-55550
-55550
-55550
-55501
-55501
-55501
-55501
-55468
-55468
-55468
-55436
-55436
-55436
-55436
-55403
-55403
-55370
-55370
-55370
-55370
-55337
-55337
-55337
-55337
-55305
-55305
-55305
-55305
-55272
-55272
-55272
-55272
-55256
-55256
-55206
-55206
-55206
-55174
-55174
-55174
-55174
-55141
-55141
-55141
-55141
-55108
-55108
-55108
-55108
-55092
-55092
-55059
-55059
-55059
-55059
-55010
-55010
-55010
-55010
-54977
-54977
-54977
-54977
-54945
-54945
-54945
-54928
-54928
-54895
-54895
-54895
-54895
-54863
-54863
-54863
-54863
-54797
-54797
-54797
-54797
-54764
-54764
-54764
-54764
-54748
-54748
-54715
-54715
-54715
-54715
-54683
-54683
-54683
-54683
-54650
-54650
-54650
-54601
-54601
-54601
-54601
-54584
-54584
-54552
-54552
-54552
-54552
-54519
-54519
-54519
-54519
-54486
-54486
-54486
-54486
-54453
-54453
-54453
-54453
-54437
-54437
-54388
-54388
-54388
-54388
-54355
-54355
-54355
-54355
-54322
-54322
-54322
-54322
-54290
-54290
-54290
-54290
-54273
-54273
-54241
-54241
-54241
-54191
-54191
-54191
-54191
-54159
-54159
-54159
-54159
-54110
-54110
-54110
-54110
-54093
-54093
-54060
-54060
-54060
-54060
-54011
-54011
-54011
-54011
-53979
-53979
-53979
-53979
-53946
-53946
-53946
-53946
-53929
-53929
-53897
-53897
-53897
-53897
-53864
-53864
-53864
-53864
-53815
-53815
-53815
-53815
-53782
-53782
-53782
-53782
-53766
-53766
-53733
-53733
-53733
-53733
-53700
-53700
-53700
-53700
-53668
-53668
-53668
-53668
-53618
-53618
-53618
-53618
-53602
-53602
-53569
-53569
-53569
-53569
-53537
-53537
-53537
-53537
-53504
-53504
-53504
-53504
-53471
-53471
-53471
-53471
-53406
-53406
-53389
-53389
-53389
-53389
-53356
-53356
-53356
-53324
-53324
-53324
-53324
-53291
-53291
-53291
-53291
-53258
-53258
-53242
-53242
-53242
-53242
-53193
-53193
-53193
-53193
-53160
-53160
-53160
-53160
-53127
-53127
-53127
-53127
-53095
-53095
-53078
-53078
-53078
-53078
-53045
-53045
-53045
-53045
-53045
-52996
-52996
-52996
-52996
-52964
-52964
-52964
-52964
-52931
-52931
-52931
-52931
-52914
-52914
-52882
-52882
-52882
-52882
-52833
-52833
-52833
-52833
-52800
-52800
-52800
-52800
-52767
-52767
-52767
-52767
-52751
-52751
-52702
-52702
-52702
-52702
-52669
-52669
-52669
-52669
-52620
-52620
-52620
-52620
-52587
-52587
-52587
-52587
-52571
-52571
-52538
-52538
-52538
-52538
-52505
-52505
-52505
-52505
-52472
-52472
-52472
-52472
-52423
-52423
-52423
-52423
-52407
-52407
-52374
-52374
-52374
-52374
-52341
-52341
-52341
-52341
-52309
-52309
-52309
-52309
-52276
-52276
-52276
-52276
-52260
-52260
-52210
-52210
-52210
-52210
-52178
-52178
-52178
-52178
-52178
-52145
-52145
-52145
-52145
-52112
-52112
-52112
-52112
-52096
-52096
-52063
-52063
-52063
-52063
-51998
-51998
-51998
-51998
-51965
-51965
-51965
-51965
-51932
-51932
-51932
-51932
-51916
-51916
-51883
-51883
-51883
-51883
-51850
-51850
-51850
-51850
-51801
-51801
-51801
-51801
-51801
-51768
-51768
-51768
-51768
-51752
-51752
-51719
-51719
-51719
-51719
-51687
-51687
-51687
-51687
-51654
-51654
-51654
-51654
-51605
-51605
-51605
-51605
-51588
-51588
-51556
-51556
-51556
-51556
-51523
-51523
-51523
-51523
-51490
-51490
-51490
-51490
-51490
-51441
-51441
-51441
-51441
-51425
-51425
-51392
-51392
-51392
-51392
-51359
-51359
-51359
-51359
-51310
-51310
-51310
-51310
-51277
-51277
-51277
-51277
-51261
-51261
-51212
-51212
-51212
-51212
-51212
-51179
-51179
-51179
-51179
-51146
-51146
-51146
-51146
-51113
-51113
-51113
-51113
-51097
-51097
-51064
-51064
-51064
-51064
-51015
-51015
-51015
-51015
-50983
-50983
-50983
-50983
-50983
-50950
-50950
-50950
-50950
-50933
-50933
-50901
-50901
-50901
-50901
-50868
-50868
-50868
-50868
-50819
-50819
-50819
-50819
-50786
-50786
-50786
-50786
-50786
-50770
-50770
-50737
-50737
-50737
-50737
-50704
-50704
-50704
-50704
-50671
-50671
-50671
-50671
-50606
-50606
-50606
-50606
-50590
-50590
-50590
-50557
-50557
-50557
-50557
-50524
-50524
-50524
-50524
-50491
-50491
-50491
-50491
-50459
-50459
-50459
-50459
-50426
-50426
-50426
-50393
-50393
-50393
-50393
-50360
-50360
-50360
-50360
-50328
-50328
-50328
-50328
-50295
-50295
-50295
-50295
-50279
-50279
-50279
-50229
-50229
-50229
-50229
-50197
-50197
-50197
-50197
-50164
-50164
-50164
-50164
-50131
-50131
-50131
-50131
-50098
-50098
-50098
-50082
-50082
-50082
-50082
-50033
-50033
-50033
-50033
-50000
-50000
-50000
-50000
-49967
-49967
-49967
-49967
-49967
-49935
-49935
-49935
-49935
-49902
-49902
-49869
-49869
-49869
-49869
-49820
-49820
-49820
-49820
-49820
-49787
-49787
-49787
-49787
-49755
-49755
-49755
-49755
-49738
-49738
-49705
-49705
-49705
-49705
-49673
-49673
-49673
-49673
-49673
-49624
-49624
-49624
-49624
-49591
-49591
-49591
-49591
-49575
-49575
-49542
-49542
-49542
-49542
-49542
-49509
-49509
-49509
-49509
-49476
-49476
-49476
-49476
-49427
-49427
-49427
-49427
-49427
-49411
-49411
-49378
-49378
-49378
-49378
-49345
-49345
-49345
-49345
-49313
-49313
-49313
-49313
-49313
-49280
-49280
-49280
-49280
-49247
-49247
-49198
-49198
-49198
-49198
-49165
-49165
-49165
-49165
-49165
-49132
-49132
-49132
-49132
-49100
-49100
-49100
-49100
-49083
-49083
-49083
-49034
-49034
-49034
-49034
-49001
-49001
-49001
-49001
-48969
-48969
-48969
-48969
-48969
-48936
-48936
-48936
-48936
-48920
-48920
-48887
-48887
-48887
-48887
-48887
-48838
-48838
-48838
-48838
-48805
-48805
-48805
-48805
-48772
-48772
-48772
-48772
-48772
-48756
-48756
-48723
-48723
-48723
-48723
-48690
-48690
-48690
-48690
-48641
-48641
-48641
-48641
-48641
-48609
-48609
-48609
-48609
-48592
-48592
-48559
-48559
-48559
-48559
-48559
-48510
-48510
-48510
-48510
-48478
-48478
-48478
-48478
-48478
-48428
-48428
-48428
-48428
-48412
-48412
-48379
-48379
-48379
-48379
-48347
-48347
-48347
-48347
-48347
-48314
-48314
-48314
-48314
-48281
-48281
-48281
-48281
-48281
-48248
-48248
-48216
-48216
-48216
-48216
-48183
-48183
-48183
-48183
-48183
-48150
-48150
-48150
-48150
-48117
-48117
-48117
-48117
-48117
-48101
-48101
-48052
-48052
-48052
-48052
-48019
-48019
-48019
-48019
-48019
-47986
-47986
-47986
-47986
-47954
-47954
-47954
-47954
-47937
-47937
-47937
-47905
-47905
-47905
-47905
-47855
-47855
-47855
-47855
-47855
-47806
-47806
-47806
-47806
-47774
-47774
-47774
-47774
-47757
-47757
-47757
-47724
-47724
-47724
-47724
-47692
-47692
-47692
-47692
-47692
-47643
-47643
-47643
-47643
-47610
-47610
-47610
-47610
-47594
-47594
-47594
-47561
-47561
-47561
-47561
-47528
-47528
-47528
-47528
-47528
-47495
-47495
-47495
-47495
-47446
-47446
-47446
-47446
-47446
-47430
-47430
-47397
-47397
-47397
-47397
-47364
-47364
-47364
-47364
-47364
-47332
-47332
-47332
-47332
-47299
-47299
-47299
-47299
-47299
-47266
-47266
-47233
-47233
-47233
-47233
-47201
-47201
-47201
-47201
-47201
-47168
-47168
-47168
-47168
-47119
-47119
-47119
-47119
-47119
-47102
-47102
-47053
-47053
-47053
-47053
-47053
-47020
-47020
-47020
-47020
-46988
-46988
-46988
-46988
-46988
-46955
-46955
-46955
-46955
-46922
-46922
-46922
-46922
-46922
-46906
-46906
-46857
-46857
-46857
-46857
-46857
-46824
-46824
-46824
-46824
-46791
-46791
-46791
-46791
-46791
-46759
-46759
-46759
-46759
-46742
-46742
-46709
-46709
-46709
-46709
-46709
-46660
-46660
-46660
-46660
-46660
-46628
-46628
-46628
-46628
-46595
-46595
-46595
-46595
-46595
-46578
-46578
-46546
-46546
-46546
-46546
-46546
-46513
-46513
-46513
-46513
-46464
-46464
-46464
-46464
-46464
-46415
-46415
-46415
-46415
-46398
-46398
-46398
-46366
-46366
-46366
-46366
-46333
-46333
-46333
-46333
-46333
-46300
-46300
-46300
-46300
-46251
-46251
-46251
-46251
-46251
-46235
-46235
-46202
-46202
-46202
-46202
-46202
-46169
-46169
-46169
-46169
-46136
-46136
-46136
-46136
-46136
-46104
-46104
-46104
-46104
-46104
-46071
-46071
-46038
-46038
-46038
-46038
-46005
-46005
-46005
-46005
-46005
-45973
-45973
-45973
-45973
-45973
-45940
-45940
-45940
-45940
-45924
-45924
-45924
-45874
-45874
-45874
-45874
-45842
-45842
-45842
-45842
-45842
-45809
-45809
-45809
-45809
-45776
-45776
-45776
-45776
-45776
-45760
-45760
-45711
-45711
-45711
-45711
-45711
-45662
-45662
-45662
-45662
-45662
-45629
-45629
-45629
-45629
-45596
-45596
-45596
-45596
-45596
-45580
-45580
-45547
-45547
-45547
-45547
-45547
-45514
-45514
-45514
-45514
-45514
-45465
-45465
-45465
-45465
-45432
-45432
-45432
-45432
-45432
-45416
-45416
-45383
-45383
-45383
-45383
-45383
-45351
-45351
-45351
-45351
-45351
-45318
-45318
-45318
-45318
-45269
-45269
-45269
-45269
-45269
-45252
-45252
-45220
-45220
-45220
-45220
-45220
-45187
-45187
-45187
-45187
-45187
-45154
-45154
-45154
-45154
-45121
-45121
-45121
-45121
-45121
-45089
-45089
-45089
-45056
-45056
-45056
-45056
-45007
-45007
-45007
-45007
-45007
-44974
-44974
-44974
-44974
-44974
-44941
-44941
-44941
-44941
-44925
-44925
-44925
-44876
-44876
-44876
-44876
-44843
-44843
-44843
-44843
-44843
-44810
-44810
-44810
-44810
-44810
-44778
-44778
-44778
-44778
-44778
-44761
-44761
-44728
-44728
-44728
-44728
-44728
-44679
-44679
-44679
-44679
-44679
-44647
-44647
-44647
-44647
-44614
-44614
-44614
-44614
-44614
-44597
-44597
-44565
-44565
-44565
-44565
-44565
-44532
-44532
-44532
-44532
-44532
-44483
-44483
-44483
-44483
-44483
-44450
-44450
-44450
-44450
-44434
-44434
-44434
-44401
-44401
-44401
-44401
-44401
-44368
-44368
-44368
-44368
-44319
-44319
-44319
-44319
-44319
-44270
-44270
-44270
-44270
-44270
-44254
-44254
-44221
-44221
-44221
-44221
-44221
-44188
-44188
-44188
-44188
-44188
-44155
-44155
-44155
-44155
-44155
-44123
-44123
-44123
-44123
-44123
-44106
-44106
-44057
-44057
-44057
-44057
-44057
-44024
-44024
-44024
-44024
-44024
-43992
-43992
-43992
-43992
-43959
-43959
-43959
-43959
-43959
-43943
-43943
-43943
-43943
-43943
-43893
-43893
-43861
-43861
-43861
-43861
-43861
-43828
-43828
-43828
-43828
-43828
-43795
-43795
-43795
-43795
-43795
-43762
-43762
-43762
-43762
-43762
-43746
-43746
-43697
-43697
-43697
-43697
-43697
-43664
-43664
-43664
-43664
-43664
-43615
-43615
-43615
-43615
-43615
-43582
-43582
-43582
-43582
-43582
-43566
-43566
-43533
-43533
-43533
-43533
-43533
-43484
-43484
-43484
-43484
-43484
-43451
-43451
-43451
-43451
-43451
-43419
-43419
-43419
-43419
-43419
-43402
-43402
-43370
-43370
-43370
-43370
-43370
-43337
-43337
-43337
-43337
-43337
-43288
-43288
-43288
-43288
-43288
-43255
-43255
-43255
-43255
-43255
-43239
-43239
-43206
-43206
-43206
-43206
-43206
-43173
-43173
-43173
-43173
-43173
-43140
-43140
-43140
-43140
-43140
-43091
-43091
-43091
-43091
-43091
-43075
-43075
-43042
-43042
-43042
-43042
-43042
-43009
-43009
-43009
-43009
-43009
-42977
-42977
-42977
-42977
-42977
-42944
-42944
-42944
-42944
-42944
-42911
-42911
-42862
-42862
-42862
-42862
-42862
-42829
-42829
-42829
-42829
-42829
-42796
-42796
-42796
-42796
-42796
-42764
-42764
-42764
-42764
-42764
-42747
-42747
-42747
-42698
-42698
-42698
-42698
-42698
-42666
-42666
-42666
-42666
-42666
-42633
-42633
-42633
-42633
-42600
-42600
-42600
-42600
-42600
-42584
-42584
-42584
-42551
-42551
-42551
-42551
-42551
-42502
-42502
-42502
-42502
-42502
-42469
-42469
-42469
-42469
-42469
-42436
-42436
-42436
-42436
-42436
-42420
-42420
-42387
-42387
-42387
-42387
-42387
-42354
-42354
-42354
-42354
-42354
-42305
-42305
-42305
-42305
-42305
-42273
-42273
-42273
-42273
-42273
-42256
-42256
-42256
-42207
-42207
-42207
-42207
-42207
-42174
-42174
-42174
-42174
-42174
-42142
-42142
-42142
-42142
-42142
-42092
-42092
-42092
-42092
-42092
-42076
-42076
-42076
-42043
-42043
-42043
-42043
-42043
-42011
-42011
-42011
-42011
-42011
-41978
-41978
-41978
-41978
-41978
-41945
-41945
-41945
-41945
-41945
-41929
-41929
-41880
-41880
-41880
-41880
-41880
-41847
-41847
-41847
-41847
-41847
-41814
-41814
-41814
-41814
-41814
-41781
-41781
-41781
-41781
-41781
-41765
-41765
-41765
-41732
-41732
-41732
-41732
-41732
-41683
-41683
-41683
-41683
-41683
-41650
-41650
-41650
-41650
-41650
-41618
-41618
-41618
-41618
-41618
-41601
-41601
-41601
-41569
-41569
-41569
-41569
-41569
-41519
-41519
-41519
-41519
-41519
-41470
-41470
-41470
-41470
-41470
-41438
-41438
-41438
-41438
-41438
-41421
-41421
-41421
-41388
-41388
-41388
-41388
-41388
-41356
-41356
-41356
-41356
-41356
-41307
-41307
-41307
-41307
-41307
-41274
-41274
-41274
-41274
-41274
-41258
-41258
-41258
-41225
-41225
-41225
-41225
-41225
-41192
-41192
-41192
-41192
-41192
-41159
-41159
-41159
-41159
-41159
-41110
-41110
-41110
-41110
-41110
-41094
-41094
-41094
-41061
-41061
-41061
-41061
-41061
-41028
-41028
-41028
-41028
-41028
-40996
-40996
-40996
-40996
-40996
-40963
-40963
-40963
-40963
-40963
-40963
-40946
-40946
-40946
-40946
-40946
-40897
-40897
-40865
-40865
-40865
-40865
-40865
-40865
-40815
-40815
-40815
-40815
-40815
-40783
-40783
-40783
-40783
-40783
-40766
-40766
-40766
-40766
-40766
-40734
-40734
-40734
-40685
-40685
-40685
-40685
-40685
-40652
-40652
-40652
-40652
-40652
-40619
-40619
-40619
-40619
-40619
-40603
-40603
-40603
-40603
-40603
-40603
-40570
-40570
-40537
-40537
-40537
-40537
-40537
-40488
-40488
-40488
-40488
-40488
-40488
-40455
-40455
-40455
-40455
-40455
-40423
-40423
-40423
-40423
-40423
-40406
-40406
-40406
-40373
-40373
-40373
-40373
-40373
-40341
-40341
-40341
-40341
-40341
-40292
-40292
-40292
-40292
-40292
-40259
-40259
-40259
-40259
-40259
-40259
-40242
-40242
-40210
-40210
-40210
-40210
-40210
-40210
-40177
-40177
-40177
-40177
-40177
-40111
-40111
-40111
-40111
-40111
-40079
-40079
-40079
-40079
-40079
-40062
-40062
-40062
-40030
-40030
-40030
-40030
-40030
-39997
-39997
-39997
-39997
-39997
-39997
-39964
-39964
-39964
-39964
-39964
-39915
-39915
-39915
-39915
-39915
-39899
-39899
-39899
-39866
-39866
-39866
-39866
-39866
-39833
-39833
-39833
-39833
-39833
-39800
-39800
-39800
-39800
-39800
-39800
-39768
-39768
-39768
-39768
-39768
-39751
-39751
-39751
-39702
-39702
-39702
-39702
-39702
-39669
-39669
-39669
-39669
-39669
-39637
-39637
-39637
-39637
-39637
-39637
-39604
-39604
-39604
-39604
-39604
-39588
-39588
-39588
-39555
-39555
-39555
-39555
-39555
-39506
-39506
-39506
-39506
-39506
-39473
-39473
-39473
-39473
-39473
-39473
-39424
-39424
-39424
-39424
-39424
-39407
-39407
-39407
-39375
-39375
-39375
-39375
-39375
-39342
-39342
-39342
-39342
-39342
-39342
-39293
-39293
-39293
-39293
-39293
-39260
-39260
-39260
-39260
-39260
-39244
-39244
-39244
-39211
-39211
-39211
-39211
-39211
-39178
-39178
-39178
-39178
-39178
-39178
-39146
-39146
-39146
-39146
-39146
-39096
-39096
-39096
-39096
-39096
-39096
-39080
-39080
-39047
-39047
-39047
-39047
-39047
-39047
-39015
-39015
-39015
-39015
-39015
-38982
-38982
-38982
-38982
-38982
-38982
-38933
-38933
-38933
-38933
-38933
-38916
-38916
-38916
-38884
-38884
-38884
-38884
-38884
-38851
-38851
-38851
-38851
-38851
-38851
-38818
-38818
-38818
-38818
-38818
-38785
-38785
-38785
-38785
-38785
-38785
-38769
-38769
-38703
-38703
-38703
-38703
-38703
-38703
-38671
-38671
-38671
-38671
-38671
-38638
-38638
-38638
-38638
-38638
-38638
-38605
-38605
-38605
-38605
-38605
-38589
-38589
-38589
-38556
-38556
-38556
-38556
-38556
-38507
-38507
-38507
-38507
-38507
-38507
-38474
-38474
-38474
-38474
-38474
-38442
-38442
-38442
-38442
-38442
-38442
-38425
-38425
-38425
-38392
-38392
-38392
-38392
-38392
-38360
-38360
-38360
-38360
-38360
-38360
-38311
-38311
-38311
-38311
-38311
-38278
-38278
-38278
-38278
-38278
-38278
-38261
-38261
-38229
-38229
-38229
-38229
-38229
-38229
-38196
-38196
-38196
-38196
-38196
-38163
-38163
-38163
-38163
-38163
-38163
-38114
-38114
-38114
-38114
-38114
-38114
-38098
-38098
-38065
-38065
-38065
-38065
-38065
-38065
-38016
-38016
-38016
-38016
-38016
-37983
-37983
-37983
-37983
-37983
-37983
-37950
-37950
-37950
-37950
-37950
-37950
-37918
-37918
-37918
-37918
-37918
-37885
-37885
-37885
-37852
-37852
-37852
-37852
-37852
-37819
-37819
-37819
-37819
-37819
-37819
-37787
-37787
-37787
-37787
-37787
-37787
-37770
-37770
-37770
-37770
-37770
-37721
-37721
-37721
-37688
-37688
-37688
-37688
-37688
-37688
-37656
-37656
-37656
-37656
-37656
-37623
-37623
-37623
-37623
-37623
-37623
-37607
-37607
-37607
-37607
-37607
-37574
-37574
-37574
-37525
-37525
-37525
-37525
-37525
-37525
-37492
-37492
-37492
-37492
-37492
-37492
-37459
-37459
-37459
-37459
-37459
-37443
-37443
-37443
-37443
-37443
-37443
-37410
-37410
-37410
-37377
-37377
-37377
-37377
-37377
-37312
-37312
-37312
-37312
-37312
-37312
-37279
-37279
-37279
-37279
-37279
-37279
-37246
-37246
-37246
-37246
-37246
-37230
-37230
-37230
-37197
-37197
-37197
-37197
-37197
-37197
-37165
-37165
-37165
-37165
-37165
-37115
-37115
-37115
-37115
-37115
-37115
-37083
-37083
-37083
-37083
-37083
-37083
-37066
-37066
-37066
-37034
-37034
-37034
-37034
-37034
-37001
-37001
-37001
-37001
-37001
-37001
-36968
-36968
-36968
-36968
-36968
-36968
-36919
-36919
-36919
-36919
-36919
-36919
-36903
-36903
-36870
-36870
-36870
-36870
-36870
-36870
-36837
-36837
-36837
-36837
-36837
-36837
-36804
-36804
-36804
-36804
-36804
-36804
-36772
-36772
-36772
-36772
-36772
-36739
-36739
-36739
-36706
-36706
-36706
-36706
-36706
-36706
-36673
-36673
-36673
-36673
-36673
-36673
-36624
-36624
-36624
-36624
-36624
-36591
-36591
-36591
-36591
-36591
-36591
-36575
-36575
-36575
-36526
-36526
-36526
-36526
-36526
-36526
-36493
-36493
-36493
-36493
-36493
-36493
-36461
-36461
-36461
-36461
-36461
-36428
-36428
-36428
-36428
-36428
-36428
-36411
-36411
-36411
-36379
-36379
-36379
-36379
-36379
-36379
-36330
-36330
-36330
-36330
-36330
-36330
-36297
-36297
-36297
-36297
-36297
-36297
-36264
-36264
-36264
-36264
-36264
-36248
-36248
-36248
-36215
-36215
-36215
-36215
-36215
-36215
-36182
-36182
-36182
-36182
-36182
-36182
-36133
-36133
-36133
-36133
-36133
-36133
-36100
-36100
-36100
-36100
-36100
-36100
-36084
-36084
-36084
-36051
-36051
-36051
-36051
-36051
-36018
-36018
-36018
-36018
-36018
-36018
-35986
-35986
-35986
-35986
-35986
-35986
-35920
-35920
-35920
-35920
-35920
-35920
-35904
-35904
-35904
-35871
-35871
-35871
-35871
-35871
-35871
-35838
-35838
-35838
-35838
-35838
-35838
-35806
-35806
-35806
-35806
-35806
-35806
-35773
-35773
-35773
-35773
-35773
-35740
-35740
-35740
-35707
-35707
-35707
-35707
-35707
-35707
-35675
-35675
-35675
-35675
-35675
-35675
-35642
-35642
-35642
-35642
-35642
-35642
-35609
-35609
-35609
-35609
-35609
-35609
-35593
-35593
-35593
-35544
-35544
-35544
-35544
-35544
-35544
-35511
-35511
-35511
-35511
-35511
-35511
-35478
-35478
-35478
-35478
-35478
-35478
-35445
-35445
-35445
-35445
-35445
-35445
-35429
-35429
-35429
-35396
-35396
-35396
-35396
-35396
-35396
-35347
-35347
-35347
-35347
-35347
-35347
-35314
-35314
-35314
-35314
-35314
-35314
-35282
-35282
-35282
-35282
-35282
-35282
-35265
-35265
-35265
-35216
-35216
-35216
-35216
-35216
-35216
-35183
-35183
-35183
-35183
-35183
-35183
-35134
-35134
-35134
-35134
-35134
-35134
-35102
-35102
-35102
-35102
-35102
-35102
-35085
-35085
-35085
-35053
-35053
-35053
-35053
-35053
-35053
-35020
-35020
-35020
-35020
-35020
-35020
-34987
-34987
-34987
-34987
-34987
-34987
-34938
-34938
-34938
-34938
-34938
-34938
-34922
-34922
-34922
-34922
-34922
-34922
-34889
-34889
-34889
-34856
-34856
-34856
-34856
-34856
-34856
-34823
-34823
-34823
-34823
-34823
-34823
-34791
-34791
-34791
-34791
-34791
-34791
-34758
-34758
-34758
-34758
-34758
-34758
-34725
-34725
-34725
-34692
-34692
-34692
-34692
-34692
-34692
-34660
-34660
-34660
-34660
-34660
-34660
-34627
-34627
-34627
-34627
-34627
-34627
-34610
-34610
-34610
-34610
-34610
-34610
-34561
-34561
-34561
-34512
-34512
-34512
-34512
-34512
-34512
-34512
-34480
-34480
-34480
-34480
-34480
-34480
-34447
-34447
-34447
-34447
-34447
-34447
-34430
-34430
-34430
-34430
-34430
-34430
-34398
-34398
-34398
-34349
-34349
-34349
-34349
-34349
-34349
-34316
-34316
-34316
-34316
-34316
-34316
-34283
-34283
-34283
-34283
-34283
-34283
-34267
-34267
-34267
-34267
-34267
-34267
-34234
-34234
-34234
-34234
-34201
-34201
-34201
-34201
-34201
-34201
-34152
-34152
-34152
-34152
-34152
-34152
-34119
-34119
-34119
-34119
-34119
-34119
-34103
-34103
-34103
-34103
-34103
-34103
-34070
-34070
-34070
-34037
-34037
-34037
-34037
-34037
-34037
-34037
-34005
-34005
-34005
-34005
-34005
-34005
-33956
-33956
-33956
-33956
-33956
-33956
-33923
-33923
-33923
-33923
-33923
-33923
-33906
-33906
-33906
-33874
-33874
-33874
-33874
-33874
-33874
-33825
-33825
-33825
-33825
-33825
-33825
-33825
-33792
-33792
-33792
-33792
-33792
-33792
-33743
-33743
-33743
-33743
-33743
-33743
-33726
-33726
-33726
-33694
-33694
-33694
-33694
-33694
-33694
-33694
-33661
-33661
-33661
-33661
-33661
-33661
-33628
-33628
-33628
-33628
-33628
-33628
-33595
-33595
-33595
-33595
-33595
-33595
-33563
-33563
-33563
-33530
-33530
-33530
-33530
-33530
-33530
-33530
-33497
-33497
-33497
-33497
-33497
-33497
-33464
-33464
-33464
-33464
-33464
-33464
-33432
-33432
-33432
-33432
-33432
-33432
-33432
-33415
-33415
-33415
-33366
-33366
-33366
-33366
-33366
-33366
-33333
-33333
-33333
-33333
-33333
-33333
-33301
-33301
-33301
-33301
-33301
-33301
-33301
-33268
-33268
-33268
-33268
-33268
-33268
-33252
-33252
-33252
-33219
-33219
-33219
-33219
-33219
-33219
-33170
-33170
-33170
-33170
-33170
-33170
-33170
-33121
-33121
-33121
-33121
-33121
-33121
-33088
-33088
-33088
-33088
-33088
-33088
-33088
-33072
-33072
-33072
-33039
-33039
-33039
-33039
-33039
-33039
-33006
-33006
-33006
-33006
-33006
-33006
-32957
-32957
-32957
-32957
-32957
-32957
-32957
-32924
-32924
-32924
-32924
-32924
-32924
-32908
-32908
-32908
-32875
-32875
-32875
-32875
-32875
-32875
-32875
-32842
-32842
-32842
-32842
-32842
-32842
-32810
-32810
-32810
-32810
-32810
-32810
-32810
-32760
-32760
-32760
-32760
-32760
-32760
-32744
-32744
-32744
-32711
-32711
-32711
-32711
-32711
-32711
-32711
-32679
-32679
-32679
-32679
-32679
-32679
-32646
-32646
-32646
-32646
-32646
-32646
-32646
-32613
-32613
-32613
-32613
-32613
-32613
-32580
-32580
-32580
-32548
-32548
-32548
-32548
-32548
-32548
-32548
-32515
-32515
-32515
-32515
-32515
-32515
-32482
-32482
-32482
-32482
-32482
-32482
-32482
-32433
-32433
-32433
-32433
-32433
-32433
-32417
-32417
-32417
-32368
-32368
-32368
-32368
-32368
-32368
-32368
-32335
-32335
-32335
-32335
-32335
-32335
-32302
-32302
-32302
-32302
-32302
-32302
-32302
-32269
-32269
-32269
-32269
-32269
-32269
-32253
-32253
-32253
-32253
-32220
-32220
-32220
-32220
-32220
-32220
-32171
-32171
-32171
-32171
-32171
-32171
-32171
-32138
-32138
-32138
-32138
-32138
-32138
-32106
-32106
-32106
-32106
-32106
-32106
-32106
-32089
-32089
-32089
-32056
-32056
-32056
-32056
-32056
-32056
-32056
-32024
-32024
-32024
-32024
-32024
-32024
-31975
-31975
-31975
-31975
-31975
-31975
-31975
-31942
-31942
-31942
-31942
-31942
-31942
-31925
-31925
-31925
-31925
-31925
-31925
-31925
-31893
-31893
-31893
-31860
-31860
-31860
-31860
-31860
-31860
-31860
-31827
-31827
-31827
-31827
-31827
-31827
-31778
-31778
-31778
-31778
-31778
-31778
-31778
-31762
-31762
-31762
-31762
-31762
-31762
-31762
-31713
-31713
-31713
-31680
-31680
-31680
-31680
-31680
-31680
-31680
-31647
-31647
-31647
-31647
-31647
-31647
-31614
-31614
-31614
-31614
-31614
-31614
-31614
-31598
-31598
-31598
-31598
-31598
-31598
-31598
-31549
-31549
-31549
-31516
-31516
-31516
-31516
-31516
-31516
-31516
-31483
-31483
-31483
-31483
-31483
-31483
-31451
-31451
-31451
-31451
-31451
-31451
-31451
-31434
-31434
-31434
-31434
-31434
-31434
-31434
-31402
-31402
-31402
-31352
-31352
-31352
-31352
-31352
-31352
-31352
-31320
-31320
-31320
-31320
-31320
-31320
-31287
-31287
-31287
-31287
-31287
-31287
-31287
-31271
-31271
-31271
-31271
-31271
-31271
-31271
-31238
-31238
-31238
-31189
-31189
-31189
-31189
-31189
-31189
-31189
-31156
-31156
-31156
-31156
-31156
-31156
-31156
-31123
-31123
-31123
-31123
-31123
-31123
-31107
-31107
-31107
-31107
-31107
-31107
-31107
-31074
-31074
-31074
-31074
-31025
-31025
-31025
-31025
-31025
-31025
-30976
-30976
-30976
-30976
-30976
-30976
-30976
-30943
-30943
-30943
-30943
-30943
-30943
-30943
-30927
-30927
-30927
-30927
-30927
-30927
-30927
-30894
-30894
-30894
-30861
-30861
-30861
-30861
-30861
-30861
-30861
-30829
-30829
-30829
-30829
-30829
-30829
-30829
-30779
-30779
-30779
-30779
-30779
-30779
-30779
-30747
-30747
-30747
-30747
-30747
-30747
-30730
-30730
-30730
-30730
-30698
-30698
-30698
-30698
-30698
-30698
-30698
-30665
-30665
-30665
-30665
-30665
-30665
-30632
-30632
-30632
-30632
-30632
-30632
-30632
-30583
-30583
-30583
-30583
-30583
-30583
-30583
-30567
-30567
-30567
-30567
-30534
-30534
-30534
-30534
-30534
-30534
-30501
-30501
-30501
-30501
-30501
-30501
-30501
-30468
-30468
-30468
-30468
-30468
-30468
-30468
-30436
-30436
-30436
-30436
-30436
-30436
-30436
-30419
-30419
-30419
-30419
-30370
-30370
-30370
-30370
-30370
-30370
-30321
-30321
-30321
-30321
-30321
-30321
-30321
-30288
-30288
-30288
-30288
-30288
-30288
-30288
-30256
-30256
-30256
-30256
-30256
-30256
-30256
-30239
-30239
-30239
-30239
-30206
-30206
-30206
-30206
-30206
-30206
-30206
-30157
-30157
-30157
-30157
-30157
-30157
-30157
-30125
-30125
-30125
-30125
-30125
-30125
-30125
-30092
-30092
-30092
-30092
-30092
-30092
-30092
-30075
-30075
-30075
-30043
-30043
-30043
-30043
-30043
-30043
-30043
-29994
-29994
-29994
-29994
-29994
-29994
-29994
-29961
-29961
-29961
-29961
-29961
-29961
-29961
-29928
-29928
-29928
-29928
-29928
-29928
-29928
-29912
-29912
-29912
-29912
-29879
-29879
-29879
-29879
-29879
-29879
-29879
-29846
-29846
-29846
-29846
-29846
-29846
-29846
-29797
-29797
-29797
-29797
-29797
-29797
-29797
-29764
-29764
-29764
-29764
-29764
-29764
-29764
-29748
-29748
-29748
-29715
-29715
-29715
-29715
-29715
-29715
-29715
-29682
-29682
-29682
-29682
-29682
-29682
-29682
-29633
-29633
-29633
-29633
-29633
-29633
-29633
-29584
-29584
-29584
-29584
-29584
-29584
-29584
-29584
-29568
-29568
-29568
-29535
-29535
-29535
-29535
-29535
-29535
-29535
-29502
-29502
-29502
-29502
-29502
-29502
-29502
-29470
-29470
-29470
-29470
-29470
-29470
-29470
-29437
-29437
-29437
-29437
-29437
-29437
-29437
-29437
-29421
-29421
-29421
-29371
-29371
-29371
-29371
-29371
-29371
-29371
-29339
-29339
-29339
-29339
-29339
-29339
-29339
-29306
-29306
-29306
-29306
-29306
-29306
-29306
-29306
-29273
-29273
-29273
-29273
-29273
-29273
-29273
-29257
-29257
-29257
-29224
-29224
-29224
-29224
-29224
-29224
-29224
-29175
-29175
-29175
-29175
-29175
-29175
-29175
-29175
-29142
-29142
-29142
-29142
-29142
-29142
-29142
-29109
-29109
-29109
-29109
-29109
-29109
-29109
-29093
-29093
-29093
-29093
-29093
-29093
-29093
-29060
-29060
-29060
-29060
-29028
-29028
-29028
-29028
-29028
-29028
-29028
-28978
-28978
-28978
-28978
-28978
-28978
-28978
-28929
-28929
-28929
-28929
-28929
-28929
-28929
-28929
-28913
-28913
-28913
-28913
-28913
-28913
-28913
-28880
-28880
-28880
-28848
-28848
-28848
-28848
-28848
-28848
-28848
-28848
-28798
-28798
-28798
-28798
-28798
-28798
-28798
-28766
-28766
-28766
-28766
-28766
-28766
-28766
-28749
-28749
-28749
-28749
-28749
-28749
-28749
-28717
-28717
-28717
-28717
-28684
-28684
-28684
-28684
-28684
-28684
-28684
-28651
-28651
-28651
-28651
-28651
-28651
-28651
-28651
-28602
-28602
-28602
-28602
-28602
-28602
-28602
-28586
-28586
-28586
-28586
-28586
-28586
-28586
-28553
-28553
-28553
-28553
-28520
-28520
-28520
-28520
-28520
-28520
-28520
-28487
-28487
-28487
-28487
-28487
-28487
-28487
-28487
-28455
-28455
-28455
-28455
-28455
-28455
-28455
-28438
-28438
-28438
-28438
-28438
-28438
-28438
-28389
-28389
-28389
-28389
-28356
-28356
-28356
-28356
-28356
-28356
-28356
-28356
-28324
-28324
-28324
-28324
-28324
-28324
-28324
-28291
-28291
-28291
-28291
-28291
-28291
-28291
-28275
-28275
-28275
-28275
-28275
-28275
-28275
-28275
-28225
-28225
-28225
-28176
-28176
-28176
-28176
-28176
-28176
-28176
-28176
-28144
-28144
-28144
-28144
-28144
-28144
-28144
-28111
-28111
-28111
-28111
-28111
-28111
-28111
-28111
-28094
-28094
-28094
-28094
-28094
-28094
-28094
-28062
-28062
-28062
-28062
-28029
-28029
-28029
-28029
-28029
-28029
-28029
-27980
-27980
-27980
-27980
-27980
-27980
-27980
-27980
-27947
-27947
-27947
-27947
-27947
-27947
-27947
-27931
-27931
-27931
-27931
-27931
-27931
-27931
-27931
-27898
-27898
-27898
-27898
-27865
-27865
-27865
-27865
-27865
-27865
-27865
-27832
-27832
-27832
-27832
-27832
-27832
-27832
-27832
-27783
-27783
-27783
-27783
-27783
-27783
-27783
-27767
-27767
-27767
-27767
-27767
-27767
-27767
-27767
-27734
-27734
-27734
-27734
-27701
-27701
-27701
-27701
-27701
-27701
-27701
-27669
-27669
-27669
-27669
-27669
-27669
-27669
-27669
-27636
-27636
-27636
-27636
-27636
-27636
-27636
-27603
-27603
-27603
-27603
-27603
-27603
-27603
-27603
-27571
-27571
-27571
-27571
-27521
-27521
-27521
-27521
-27521
-27521
-27521
-27489
-27489
-27489
-27489
-27489
-27489
-27489
-27489
-27456
-27456
-27456
-27456
-27456
-27456
-27456
-27407
-27407
-27407
-27407
-27407
-27407
-27407
-27407
-27390
-27390
-27390
-27390
-27358
-27358
-27358
-27358
-27358
-27358
-27358
-27358
-27325
-27325
-27325
-27325
-27325
-27325
-27325
-27292
-27292
-27292
-27292
-27292
-27292
-27292
-27292
-27259
-27259
-27259
-27259
-27259
-27259
-27259
-27243
-27243
-27243
-27243
-27194
-27194
-27194
-27194
-27194
-27194
-27194
-27194
-27161
-27161
-27161
-27161
-27161
-27161
-27161
-27161
-27128
-27128
-27128
-27128
-27128
-27128
-27128
-27096
-27096
-27096
-27096
-27096
-27096
-27096
-27096
-27079
-27079
-27079
-27079
-27047
-27047
-27047
-27047
-27047
-27047
-27047
-27047
-26997
-26997
-26997
-26997
-26997
-26997
-26997
-26965
-26965
-26965
-26965
-26965
-26965
-26965
-26965
-26932
-26932
-26932
-26932
-26932
-26932
-26932
-26932
-26916
-26916
-26916
-26916
-26883
-26883
-26883
-26883
-26883
-26883
-26883
-26883
-26834
-26834
-26834
-26834
-26834
-26834
-26834
-26785
-26785
-26785
-26785
-26785
-26785
-26785
-26785
-26752
-26752
-26752
-26752
-26752
-26752
-26752
-26752
-26736
-26736
-26736
-26736
-26703
-26703
-26703
-26703
-26703
-26703
-26703
-26703
-26670
-26670
-26670
-26670
-26670
-26670
-26670
-26670
-26637
-26637
-26637
-26637
-26637
-26637
-26637
-26588
-26588
-26588
-26588
-26588
-26588
-26588
-26588
-26572
-26572
-26572
-26572
-26539
-26539
-26539
-26539
-26539
-26539
-26539
-26539
-26506
-26506
-26506
-26506
-26506
-26506
-26506
-26506
-26474
-26474
-26474
-26474
-26474
-26474
-26474
-26474
-26441
-26441
-26441
-26441
-26441
-26441
-26441
-26441
-26408
-26408
-26408
-26408
-26375
-26375
-26375
-26375
-26375
-26375
-26375
-26375
-26343
-26343
-26343
-26343
-26343
-26343
-26343
-26343
-26310
-26310
-26310
-26310
-26310
-26310
-26310
-26310
-26277
-26277
-26277
-26277
-26277
-26277
-26277
-26261
-26261
-26261
-26261
-26212
-26212
-26212
-26212
-26212
-26212
-26212
-26212
-26179
-26179
-26179
-26179
-26179
-26179
-26179
-26179
-26130
-26130
-26130
-26130
-26130
-26130
-26130
-26130
-26097
-26097
-26097
-26097
-26097
-26097
-26097
-26097
-26081
-26081
-26081
-26081
-26081
-26081
-26081
-26081
-26048
-26048
-26048
-26048
-25999
-25999
-25999
-25999
-25999
-25999
-25999
-25999
-25966
-25966
-25966
-25966
-25966
-25966
-25966
-25966
-25933
-25933
-25933
-25933
-25933
-25933
-25933
-25933
-25917
-25917
-25917
-25917
-25917
-25917
-25917
-25917
-25917
-25884
-25884
-25884
-25884
-25851
-25851
-25851
-25851
-25851
-25851
-25851
-25851
-25802
-25802
-25802
-25802
-25802
-25802
-25802
-25802
-25770
-25770
-25770
-25770
-25770
-25770
-25770
-25770
-25753
-25753
-25753
-25753
-25753
-25753
-25753
-25753
-25720
-25720
-25720
-25720
-25688
-25688
-25688
-25688
-25688
-25688
-25688
-25688
-25655
-25655
-25655
-25655
-25655
-25655
-25655
-25655
-25606
-25606
-25606
-25606
-25606
-25606
-25606
-25606
-25589
-25589
-25589
-25589
-25589
-25589
-25589
-25589
-25589
-25557
-25557
-25557
-25557
-25524
-25524
-25524
-25524
-25524
-25524
-25524
-25524
-25491
-25491
-25491
-25491
-25491
-25491
-25491
-25491
-25442
-25442
-25442
-25442
-25442
-25442
-25442
-25442
-25409
-25409
-25409
-25409
-25409
-25409
-25409
-25409
-25377
-25377
-25377
-25377
-25377
-25344
-25344
-25344
-25344
-25344
-25344
-25344
-25344
-25311
-25311
-25311
-25311
-25311
-25311
-25311
-25311
-25278
-25278
-25278
-25278
-25278
-25278
-25278
-25278
-25262
-25262
-25262
-25262
-25262
-25262
-25262
-25262
-25262
-25213
-25213
-25213
-25213
-25180
-25180
-25180
-25180
-25180
-25180
-25180
-25180
-25147
-25147
-25147
-25147
-25147
-25147
-25147
-25147
-25115
-25115
-25115
-25115
-25115
-25115
-25115
-25115
-25115
-25098
-25098
-25098
-25098
-25098
-25098
-25098
-25098
-25066
-25066
-25066
-25066
-25016
-25016
-25016
-25016
-25016
-25016
-25016
-25016
-24984
-24984
-24984
-24984
-24984
-24984
-24984
-24984
-24984
-24951
-24951
-24951
-24951
-24951
-24951
-24951
-24951
-24935
-24935
-24935
-24935
-24935
-24935
-24935
-24935
-24902
-24902
-24902
-24902
-24902
-24869
-24869
-24869
-24869
-24869
-24869
-24869
-24869
-24820
-24820
-24820
-24820
-24820
-24820
-24820
-24820
-24787
-24787
-24787
-24787
-24787
-24787
-24787
-24787
-24787
-24771
-24771
-24771
-24771
-24771
-24771
-24771
-24771
-24722
-24722
-24722
-24722
-24689
-24689
-24689
-24689
-24689
-24689
-24689
-24689
-24689
-24656
-24656
-24656
-24656
-24656
-24656
-24656
-24656
-24607
-24607
-24607
-24607
-24607
-24607
-24607
-24607
-24607
-24591
-24591
-24591
-24591
-24591
-24591
-24591
-24591
-24558
-24558
-24558
-24558
-24525
-24525
-24525
-24525
-24525
-24525
-24525
-24525
-24525
-24493
-24493
-24493
-24493
-24493
-24493
-24493
-24493
-24460
-24460
-24460
-24460
-24460
-24460
-24460
-24460
-24460
-24427
-24427
-24427
-24427
-24427
-24427
-24427
-24427
-24394
-24394
-24394
-24394
-24394
-24362
-24362
-24362
-24362
-24362
-24362
-24362
-24362
-24329
-24329
-24329
-24329
-24329
-24329
-24329
-24329
-24329
-24296
-24296
-24296
-24296
-24296
-24296
-24296
-24296
-24263
-24263
-24263
-24263
-24263
-24263
-24263
-24263
-24263
-24231
-24231
-24231
-24231
-24198
-24198
-24198
-24198
-24198
-24198
-24198
-24198
-24198
-24165
-24165
-24165
-24165
-24165
-24165
-24165
-24165
-24132
-24132
-24132
-24132
-24132
-24132
-24132
-24132
-24132
-24100
-24100
-24100
-24100
-24100
-24100
-24100
-24100
-24100
-24083
-24083
-24083
-24083
-24018
-24018
-24018
-24018
-24018
-24018
-24018
-24018
-24018
-23985
-23985
-23985
-23985
-23985
-23985
-23985
-23985
-23952
-23952
-23952
-23952
-23952
-23952
-23952
-23952
-23952
-23920
-23920
-23920
-23920
-23920
-23920
-23920
-23920
-23920
-23903
-23903
-23903
-23903
-23870
-23870
-23870
-23870
-23870
-23870
-23870
-23870
-23870
-23821
-23821
-23821
-23821
-23821
-23821
-23821
-23821
-23821
-23789
-23789
-23789
-23789
-23789
-23789
-23789
-23789
-23756
-23756
-23756
-23756
-23756
-23756
-23756
-23756
-23756
-23739
-23739
-23739
-23739
-23739
-23707
-23707
-23707
-23707
-23707
-23707
-23707
-23707
-23674
-23674
-23674
-23674
-23674
-23674
-23674
-23674
-23674
-23625
-23625
-23625
-23625
-23625
-23625
-23625
-23625
-23625
-23592
-23592
-23592
-23592
-23592
-23592
-23592
-23592
-23592
-23576
-23576
-23576
-23576
-23543
-23543
-23543
-23543
-23543
-23543
-23543
-23543
-23543
-23510
-23510
-23510
-23510
-23510
-23510
-23510
-23510
-23510
-23477
-23477
-23477
-23477
-23477
-23477
-23477
-23477
-23477
-23428
-23428
-23428
-23428
-23428
-23428
-23428
-23428
-23428
-23412
-23412
-23412
-23412
-23379
-23379
-23379
-23379
-23379
-23379
-23379
-23379
-23379
-23330
-23330
-23330
-23330
-23330
-23330
-23330
-23330
-23330
-23297
-23297
-23297
-23297
-23297
-23297
-23297
-23297
-23297
-23265
-23265
-23265
-23265
-23265
-23265
-23265
-23265
-23265
-23232
-23232
-23232
-23232
-23199
-23199
-23199
-23199
-23199
-23199
-23199
-23199
-23199
-23166
-23166
-23166
-23166
-23166
-23166
-23166
-23166
-23166
-23134
-23134
-23134
-23134
-23134
-23134
-23134
-23134
-23134
-23101
-23101
-23101
-23101
-23101
-23101
-23101
-23101
-23101
-23085
-23085
-23085
-23085
-23085
-23085
-23085
-23085
-23085
-23035
-23035
-23035
-23035
-23003
-23003
-23003
-23003
-23003
-23003
-23003
-23003
-23003
-22970
-22970
-22970
-22970
-22970
-22970
-22970
-22970
-22970
-22970
-22937
-22937
-22937
-22937
-22937
-22937
-22937
-22937
-22937
-22921
-22921
-22921
-22921
-22921
-22921
-22921
-22921
-22921
-22888
-22888
-22888
-22888
-22839
-22839
-22839
-22839
-22839
-22839
-22839
-22839
-22839
-22806
-22806
-22806
-22806
-22806
-22806
-22806
-22806
-22806
-22773
-22773
-22773
-22773
-22773
-22773
-22773
-22773
-22773
-22773
-22757
-22757
-22757
-22757
-22757
-22757
-22757
-22757
-22757
-22724
-22724
-22724
-22724
-22692
-22692
-22692
-22692
-22692
-22692
-22692
-22692
-22692
-22626
-22626
-22626
-22626
-22626
-22626
-22626
-22626
-22626
-22626
-22593
-22593
-22593
-22593
-22593
-22593
-22593
-22593
-22593
-22577
-22577
-22577
-22577
-22577
-22577
-22577
-22577
-22577
-22544
-22544
-22544
-22544
-22544
-22512
-22512
-22512
-22512
-22512
-22512
-22512
-22512
-22512
-22479
-22479
-22479
-22479
-22479
-22479
-22479
-22479
-22479
-22430
-22430
-22430
-22430
-22430
-22430
-22430
-22430
-22430
-22413
-22413
-22413
-22413
-22413
-22413
-22413
-22413
-22413
-22413
-22381
-22381
-22381
-22381
-22348
-22348
-22348
-22348
-22348
-22348
-22348
-22348
-22348
-22315
-22315
-22315
-22315
-22315
-22315
-22315
-22315
-22315
-22315
-22282
-22282
-22282
-22282
-22282
-22282
-22282
-22282
-22282
-22250
-22250
-22250
-22250
-22250
-22250
-22250
-22250
-22250
-22217
-22217
-22217
-22217
-22217
-22184
-22184
-22184
-22184
-22184
-22184
-22184
-22184
-22184
-22151
-22151
-22151
-22151
-22151
-22151
-22151
-22151
-22151
-22151
-22119
-22119
-22119
-22119
-22119
-22119
-22119
-22119
-22119
-22102
-22102
-22102
-22102
-22102
-22102
-22102
-22102
-22102
-22102
-22053
-22053
-22053
-22053
-22020
-22020
-22020
-22020
-22020
-22020
-22020
-22020
-22020
-22020
-21988
-21988
-21988
-21988
-21988
-21988
-21988
-21988
-21988
-21939
-21939
-21939
-21939
-21939
-21939
-21939
-21939
-21939
-21939
-21922
-21922
-21922
-21922
-21922
-21922
-21922
-21922
-21922
-21889
-21889
-21889
-21889
-21889
-21840
-21840
-21840
-21840
-21840
-21840
-21840
-21840
-21840
-21808
-21808
-21808
-21808
-21808
-21808
-21808
-21808
-21808
-21808
-21775
-21775
-21775
-21775
-21775
-21775
-21775
-21775
-21775
-21758
-21758
-21758
-21758
-21758
-21758
-21758
-21758
-21758
-21758
-21726
-21726
-21726
-21726
-21726
-21693
-21693
-21693
-21693
-21693
-21693
-21693
-21693
-21693
-21644
-21644
-21644
-21644
-21644
-21644
-21644
-21644
-21644
-21644
-21611
-21611
-21611
-21611
-21611
-21611
-21611
-21611
-21611
-21595
-21595
-21595
-21595
-21595
-21595
-21595
-21595
-21595
-21595
-21562
-21562
-21562
-21562
-21562
-21529
-21529
-21529
-21529
-21529
-21529
-21529
-21529
-21529
-21496
-21496
-21496
-21496
-21496
-21496
-21496
-21496
-21496
-21496
-21447
-21447
-21447
-21447
-21447
-21447
-21447
-21447
-21447
-21447
-21431
-21431
-21431
-21431
-21431
-21431
-21431
-21431
-21431
-21398
-21398
-21398
-21398
-21398
-21366
-21366
-21366
-21366
-21366
-21366
-21366
-21366
-21366
-21366
-21333
-21333
-21333
-21333
-21333
-21333
-21333
-21333
-21333
-21300
-21300
-21300
-21300
-21300
-21300
-21300
-21300
-21300
-21300
-21284
-21284
-21284
-21284
-21284
-21284
-21284
-21284
-21284
-21284
-21218
-21218
-21218
-21218
-21218
-21185
-21185
-21185
-21185
-21185
-21185
-21185
-21185
-21185
-21185
-21153
-21153
-21153
-21153
-21153
-21153
-21153
-21153
-21153
-21120
-21120
-21120
-21120
-21120
-21120
-21120
-21120
-21120
-21120
-21104
-21104
-21104
-21104
-21104
-21104
-21104
-21104
-21104
-21104
-21054
-21054
-21054
-21054
-21054
-21022
-21022
-21022
-21022
-21022
-21022
-21022
-21022
-21022
-21022
-20989
-20989
-20989
-20989
-20989
-20989
-20989
-20989
-20989
-20989
-20956
-20956
-20956
-20956
-20956
-20956
-20956
-20956
-20956
-20923
-20923
-20923
-20923
-20923
-20923
-20923
-20923
-20923
-20923
-20907
-20907
-20907
-20907
-20907
-20858
-20858
-20858
-20858
-20858
-20858
-20858
-20858
-20858
-20858
-20825
-20825
-20825
-20825
-20825
-20825
-20825
-20825
-20825
-20825
-20792
-20792
-20792
-20792
-20792
-20792
-20792
-20792
-20792
-20792
-20760
-20760
-20760
-20760
-20760
-20760
-20760
-20760
-20760
-20760
-20743
-20743
-20743
-20743
-20743
-20711
-20711
-20711
-20711
-20711
-20711
-20711
-20711
-20711
-20711
-20662
-20662
-20662
-20662
-20662
-20662
-20662
-20662
-20662
-20662
-20629
-20629
-20629
-20629
-20629
-20629
-20629
-20629
-20629
-20629
-20596
-20596
-20596
-20596
-20596
-20596
-20596
-20596
-20596
-20596
-20580
-20580
-20580
-20580
-20580
-20531
-20531
-20531
-20531
-20531
-20531
-20531
-20531
-20531
-20531
-20498
-20498
-20498
-20498
-20498
-20498
-20498
-20498
-20498
-20498
-20449
-20449
-20449
-20449
-20449
-20449
-20449
-20449
-20449
-20449
-20416
-20416
-20416
-20416
-20416
-20416
-20416
-20416
-20416
-20416
-20400
-20400
-20400
-20400
-20400
-20400
-20367
-20367
-20367
-20367
-20367
-20367
-20367
-20367
-20367
-20367
-20334
-20334
-20334
-20334
-20334
-20334
-20334
-20334
-20334
-20334
-20301
-20301
-20301
-20301
-20301
-20301
-20301
-20301
-20301
-20301
-20252
-20252
-20252
-20252
-20252
-20252
-20252
-20252
-20252
-20252
-20236
-20236
-20236
-20236
-20236
-20203
-20203
-20203
-20203
-20203
-20203
-20203
-20203
-20203
-20203
-20170
-20170
-20170
-20170
-20170
-20170
-20170
-20170
-20170
-20170
-20170
-20138
-20138
-20138
-20138
-20138
-20138
-20138
-20138
-20138
-20138
-20105
-20105
-20105
-20105
-20105
-20105
-20105
-20105
-20105
-20105
-20088
-20088
-20088
-20088
-20088
-20088
-20088
-20088
-20088
-20088
-20088
-20039
-20039
-20039
-20039
-20039
-20007
-20007
-20007
-20007
-20007
-20007
-20007
-20007
-20007
-20007
-19974
-19974
-19974
-19974
-19974
-19974
-19974
-19974
-19974
-19974
-19941
-19941
-19941
-19941
-19941
-19941
-19941
-19941
-19941
-19941
-19941
-19925
-19925
-19925
-19925
-19925
-19925
-19925
-19925
-19925
-19925
-19859
-19859
-19859
-19859
-19859
-19827
-19827
-19827
-19827
-19827
-19827
-19827
-19827
-19827
-19827
-19827
-19794
-19794
-19794
-19794
-19794
-19794
-19794
-19794
-19794
-19794
-19761
-19761
-19761
-19761
-19761
-19761
-19761
-19761
-19761
-19761
-19761
-19745
-19745
-19745
-19745
-19745
-19745
-19745
-19745
-19745
-19745
-19712
-19712
-19712
-19712
-19712
-19663
-19663
-19663
-19663
-19663
-19663
-19663
-19663
-19663
-19663
-19663
-19630
-19630
-19630
-19630
-19630
-19630
-19630
-19630
-19630
-19630
-19597
-19597
-19597
-19597
-19597
-19597
-19597
-19597
-19597
-19597
-19597
-19581
-19581
-19581
-19581
-19581
-19581
-19581
-19581
-19581
-19581
-19548
-19548
-19548
-19548
-19548
-19548
-19515
-19515
-19515
-19515
-19515
-19515
-19515
-19515
-19515
-19515
-19466
-19466
-19466
-19466
-19466
-19466
-19466
-19466
-19466
-19466
-19466
-19434
-19434
-19434
-19434
-19434
-19434
-19434
-19434
-19434
-19434
-19417
-19417
-19417
-19417
-19417
-19417
-19417
-19417
-19417
-19417
-19417
-19384
-19384
-19384
-19384
-19384
-19352
-19352
-19352
-19352
-19352
-19352
-19352
-19352
-19352
-19352
-19352
-19319
-19319
-19319
-19319
-19319
-19319
-19319
-19319
-19319
-19319
-19319
-19270
-19270
-19270
-19270
-19270
-19270
-19270
-19270
-19270
-19270
-19254
-19254
-19254
-19254
-19254
-19254
-19254
-19254
-19254
-19254
-19254
-19221
-19221
-19221
-19221
-19221
-19188
-19188
-19188
-19188
-19188
-19188
-19188
-19188
-19188
-19188
-19188
-19139
-19139
-19139
-19139
-19139
-19139
-19139
-19139
-19139
-19139
-19139
-19106
-19106
-19106
-19106
-19106
-19106
-19106
-19106
-19106
-19106
-19106
-19090
-19090
-19090
-19090
-19090
-19090
-19090
-19090
-19090
-19090
-19041
-19041
-19041
-19041
-19041
-19041
-19008
-19008
-19008
-19008
-19008
-19008
-19008
-19008
-19008
-19008
-19008
-18975
-18975
-18975
-18975
-18975
-18975
-18975
-18975
-18975
-18975
-18975
-18942
-18942
-18942
-18942
-18942
-18942
-18942
-18942
-18942
-18942
-18926
-18926
-18926
-18926
-18926
-18926
-18926
-18926
-18926
-18926
-18926
-18893
-18893
-18893
-18893
-18893
-18893
-18844
-18844
-18844
-18844
-18844
-18844
-18844
-18844
-18844
-18844
-18844
-18811
-18811
-18811
-18811
-18811
-18811
-18811
-18811
-18811
-18811
-18811
-18779
-18779
-18779
-18779
-18779
-18779
-18779
-18779
-18779
-18779
-18779
-18762
-18762
-18762
-18762
-18762
-18762
-18762
-18762
-18762
-18762
-18730
-18730
-18730
-18730
-18730
-18730
-18680
-18680
-18680
-18680
-18680
-18680
-18680
-18680
-18680
-18680
-18680
-18648
-18648
-18648
-18648
-18648
-18648
-18648
-18648
-18648
-18648
-18648
-18615
-18615
-18615
-18615
-18615
-18615
-18615
-18615
-18615
-18615
-18615
-18599
-18599
-18599
-18599
-18599
-18599
-18599
-18599
-18599
-18599
-18599
-18566
-18566
-18566
-18566
-18566
-18566
-18533
-18533
-18533
-18533
-18533
-18533
-18533
-18533
-18533
-18533
-18533
-18484
-18484
-18484
-18484
-18484
-18484
-18484
-18484
-18484
-18484
-18484
-18435
-18435
-18435
-18435
-18435
-18435
-18435
-18435
-18435
-18435
-18435
-18419
-18419
-18419
-18419
-18419
-18419
-18419
-18419
-18419
-18419
-18419
-18386
-18386
-18386
-18386
-18386
-18386
-18353
-18353
-18353
-18353
-18353
-18353
-18353
-18353
-18353
-18353
-18353
-18320
-18320
-18320
-18320
-18320
-18320
-18320
-18320
-18320
-18320
-18320
-18271
-18271
-18271
-18271
-18271
-18271
-18271
-18271
-18271
-18271
-18271
-18271
-18255
-18255
-18255
-18255
-18255
-18255
-18255
-18255
-18255
-18255
-18255
-18222
-18222
-18222
-18222
-18222
-18189
-18189
-18189
-18189
-18189
-18189
-18189
-18189
-18189
-18189
-18189
-18189
-18157
-18157
-18157
-18157
-18157
-18157
-18157
-18157
-18157
-18157
-18157
-18124
-18124
-18124
-18124
-18124
-18124
-18124
-18124
-18124
-18124
-18124
-18107
-18107
-18107
-18107
-18107
-18107
-18107
-18107
-18107
-18107
-18107
-18107
-18058
-18058
-18058
-18058
-18058
-18026
-18026
-18026
-18026
-18026
-18026
-18026
-18026
-18026
-18026
-18026
-18026
-17993
-17993
-17993
-17993
-17993
-17993
-17993
-17993
-17993
-17993
-17993
-17960
-17960
-17960
-17960
-17960
-17960
-17960
-17960
-17960
-17960
-17960
-17960
-17944
-17944
-17944
-17944
-17944
-17944
-17944
-17944
-17944
-17944
-17944
-17911
-17911
-17911
-17911
-17911
-17911
-17862
-17862
-17862
-17862
-17862
-17862
-17862
-17862
-17862
-17862
-17862
-17829
-17829
-17829
-17829
-17829
-17829
-17829
-17829
-17829
-17829
-17829
-17829
-17796
-17796
-17796
-17796
-17796
-17796
-17796
-17796
-17796
-17796
-17796
-17747
-17747
-17747
-17747
-17747
-17747
-17747
-17747
-17747
-17747
-17747
-17747
-17731
-17731
-17731
-17731
-17731
-17731
-17698
-17698
-17698
-17698
-17698
-17698
-17698
-17698
-17698
-17698
-17698
-17649
-17649
-17649
-17649
-17649
-17649
-17649
-17649
-17649
-17649
-17649
-17649
-17616
-17616
-17616
-17616
-17616
-17616
-17616
-17616
-17616
-17616
-17616
-17616
-17584
-17584
-17584
-17584
-17584
-17584
-17584
-17584
-17584
-17584
-17584
-17567
-17567
-17567
-17567
-17567
-17567
-17534
-17534
-17534
-17534
-17534
-17534
-17534
-17534
-17534
-17534
-17534
-17534
-17502
-17502
-17502
-17502
-17502
-17502
-17502
-17502
-17502
-17502
-17502
-17453
-17453
-17453
-17453
-17453
-17453
-17453
-17453
-17453
-17453
-17453
-17453
-17420
-17420
-17420
-17420
-17420
-17420
-17420
-17420
-17420
-17420
-17420
-17420
-17403
-17403
-17403
-17403
-17403
-17403
-17371
-17371
-17371
-17371
-17371
-17371
-17371
-17371
-17371
-17371
-17371
-17371
-17338
-17338
-17338
-17338
-17338
-17338
-17338
-17338
-17338
-17338
-17338
-17289
-17289
-17289
-17289
-17289
-17289
-17289
-17289
-17289
-17289
-17289
-17289
-17256
-17256
-17256
-17256
-17256
-17256
-17256
-17256
-17256
-17256
-17256
-17256
-17240
-17240
-17240
-17240
-17240
-17240
-17207
-17207
-17207
-17207
-17207
-17207
-17207
-17207
-17207
-17207
-17207
-17207
-17174
-17174
-17174
-17174
-17174
-17174
-17174
-17174
-17174
-17174
-17174
-17174
-17142
-17142
-17142
-17142
-17142
-17142
-17142
-17142
-17142
-17142
-17142
-17142
-17092
-17092
-17092
-17092
-17092
-17092
-17092
-17092
-17092
-17092
-17092
-17092
-17060
-17060
-17060
-17060
-17060
-17060
-17060
-17060
-17060
-17060
-17060
-17060
-17027
-17027
-17027
-17027
-17027
-17027
-16994
-16994
-16994
-16994
-16994
-16994
-16994
-16994
-16994
-16994
-16994
-16994
-16961
-16961
-16961
-16961
-16961
-16961
-16961
-16961
-16961
-16961
-16961
-16961
-16929
-16929
-16929
-16929
-16929
-16929
-16929
-16929
-16929
-16929
-16929
-16929
-16912
-16912
-16912
-16912
-16912
-16912
-16912
-16912
-16912
-16912
-16912
-16912
-16863
-16863
-16863
-16863
-16863
-16863
-16830
-16830
-16830
-16830
-16830
-16830
-16830
-16830
-16830
-16830
-16830
-16830
-16830
-16798
-16798
-16798
-16798
-16798
-16798
-16798
-16798
-16798
-16798
-16798
-16798
-16765
-16765
-16765
-16765
-16765
-16765
-16765
-16765
-16765
-16765
-16765
-16765
-16749
-16749
-16749
-16749
-16749
-16749
-16749
-16749
-16749
-16749
-16749
-16749
-16716
-16716
-16716
-16716
-16716
-16716
-16667
-16667
-16667
-16667
-16667
-16667
-16667
-16667
-16667
-16667
-16667
-16667
-16667
-16634
-16634
-16634
-16634
-16634
-16634
-16634
-16634
-16634
-16634
-16634
-16634
-16601
-16601
-16601
-16601
-16601
-16601
-16601
-16601
-16601
-16601
-16601
-16601
-16585
-16585
-16585
-16585
-16585
-16585
-16585
-16585
-16585
-16585
-16585
-16585
-16585
-16552
-16552
-16552
-16552
-16552
-16552
-16519
-16519
-16519
-16519
-16519
-16519
-16519
-16519
-16519
-16519
-16519
-16519
-16470
-16470
-16470
-16470
-16470
-16470
-16470
-16470
-16470
-16470
-16470
-16470
-16438
-16438
-16438
-16438
-16438
-16438
-16438
-16438
-16438
-16438
-16438
-16438
-16438
-16421
-16421
-16421
-16421
-16421
-16421
-16421
-16421
-16421
-16421
-16421
-16421
-16388
-16388
-16388
-16388
-16388
-16388
-16388
-16339
-16339
-16339
-16339
-16339
-16339
-16339
-16339
-16339
-16339
-16339
-16339
-16307
-16307
-16307
-16307
-16307
-16307
-16307
-16307
-16307
-16307
-16307
-16307
-16307
-16257
-16257
-16257
-16257
-16257
-16257
-16257
-16257
-16257
-16257
-16257
-16257
-16241
-16241
-16241
-16241
-16241
-16241
-16241
-16241
-16241
-16241
-16241
-16241
-16241
-16208
-16208
-16208
-16208
-16208
-16208
-16176
-16176
-16176
-16176
-16176
-16176
-16176
-16176
-16176
-16176
-16176
-16176
-16176
-16143
-16143
-16143
-16143
-16143
-16143
-16143
-16143
-16143
-16143
-16143
-16143
-16094
-16094
-16094
-16094
-16094
-16094
-16094
-16094
-16094
-16094
-16094
-16094
-16094
-16077
-16077
-16077
-16077
-16077
-16077
-16077
-16077
-16077
-16077
-16077
-16077
-16077
-16045
-16045
-16045
-16045
-16045
-16045
-16012
-16012
-16012
-16012
-16012
-16012
-16012
-16012
-16012
-16012
-16012
-16012
-16012
-15979
-15979
-15979
-15979
-15979
-15979
-15979
-15979
-15979
-15979
-15979
-15979
-15946
-15946
-15946
-15946
-15946
-15946
-15946
-15946
-15946
-15946
-15946
-15946
-15946
-15930
-15930
-15930
-15930
-15930
-15930
-15930
-15930
-15930
-15930
-15930
-15930
-15930
-15881
-15881
-15881
-15881
-15881
-15881
-15848
-15848
-15848
-15848
-15848
-15848
-15848
-15848
-15848
-15848
-15848
-15848
-15848
-15815
-15815
-15815
-15815
-15815
-15815
-15815
-15815
-15815
-15815
-15815
-15815
-15815
-15783
-15783
-15783
-15783
-15783
-15783
-15783
-15783
-15783
-15783
-15783
-15783
-15783
-15766
-15766
-15766
-15766
-15766
-15766
-15766
-15766
-15766
-15766
-15766
-15766
-15766
-15734
-15734
-15734
-15734
-15734
-15734
-15684
-15684
-15684
-15684
-15684
-15684
-15684
-15684
-15684
-15684
-15684
-15684
-15684
-15635
-15635
-15635
-15635
-15635
-15635
-15635
-15635
-15635
-15635
-15635
-15635
-15635
-15603
-15603
-15603
-15603
-15603
-15603
-15603
-15603
-15603
-15603
-15603
-15603
-15603
-15603
-15586
-15586
-15586
-15586
-15586
-15586
-15586
-15586
-15586
-15586
-15586
-15586
-15586
-15553
-15553
-15553
-15553
-15553
-15553
-15521
-15521
-15521
-15521
-15521
-15521
-15521
-15521
-15521
-15521
-15521
-15521
-15521
-15472
-15472
-15472
-15472
-15472
-15472
-15472
-15472
-15472
-15472
-15472
-15472
-15472
-15472
-15439
-15439
-15439
-15439
-15439
-15439
-15439
-15439
-15439
-15439
-15439
-15439
-15439
-15422
-15422
-15422
-15422
-15422
-15422
-15422
-15422
-15422
-15422
-15422
-15422
-15422
-15390
-15390
-15390
-15390
-15390
-15390
-15390
-15357
-15357
-15357
-15357
-15357
-15357
-15357
-15357
-15357
-15357
-15357
-15357
-15357
-15324
-15324
-15324
-15324
-15324
-15324
-15324
-15324
-15324
-15324
-15324
-15324
-15324
-15275
-15275
-15275
-15275
-15275
-15275
-15275
-15275
-15275
-15275
-15275
-15275
-15275
-15259
-15259
-15259
-15259
-15259
-15259
-15259
-15259
-15259
-15259
-15259
-15259
-15259
-15259
-15226
-15226
-15226
-15226
-15226
-15226
-15226
-15193
-15193
-15193
-15193
-15193
-15193
-15193
-15193
-15193
-15193
-15193
-15193
-15193
-15161
-15161
-15161
-15161
-15161
-15161
-15161
-15161
-15161
-15161
-15161
-15161
-15161
-15128
-15128
-15128
-15128
-15128
-15128
-15128
-15128
-15128
-15128
-15128
-15128
-15128
-15128
-15095
-15095
-15095
-15095
-15095
-15095
-15095
-15095
-15095
-15095
-15095
-15095
-15095
-15062
-15062
-15062
-15062
-15062
-15062
-15062
-15030
-15030
-15030
-15030
-15030
-15030
-15030
-15030
-15030
-15030
-15030
-15030
-15030
-15030
-14997
-14997
-14997
-14997
-14997
-14997
-14997
-14997
-14997
-14997
-14997
-14997
-14997
-14948
-14948
-14948
-14948
-14948
-14948
-14948
-14948
-14948
-14948
-14948
-14948
-14948
-14948
-14931
-14931
-14931
-14931
-14931
-14931
-14931
-14931
-14931
-14931
-14931
-14931
-14931
-14882
-14882
-14882
-14882
-14882
-14882
-14882
-14849
-14849
-14849
-14849
-14849
-14849
-14849
-14849
-14849
-14849
-14849
-14849
-14849
-14849
-14817
-14817
-14817
-14817
-14817
-14817
-14817
-14817
-14817
-14817
-14817
-14817
-14817
-14784
-14784
-14784
-14784
-14784
-14784
-14784
-14784
-14784
-14784
-14784
-14784
-14784
-14784
-14768
-14768
-14768
-14768
-14768
-14768
-14768
-14768
-14768
-14768
-14768
-14768
-14768
-14768
-14735
-14735
-14735
-14735
-14735
-14735
-14735
-14686
-14686
-14686
-14686
-14686
-14686
-14686
-14686
-14686
-14686
-14686
-14686
-14686
-14653
-14653
-14653
-14653
-14653
-14653
-14653
-14653
-14653
-14653
-14653
-14653
-14653
-14653
-14620
-14620
-14620
-14620
-14620
-14620
-14620
-14620
-14620
-14620
-14620
-14620
-14620
-14620
-14587
-14587
-14587
-14587
-14587
-14587
-14587
-14587
-14587
-14587
-14587
-14587
-14587
-14587
-14571
-14571
-14571
-14571
-14571
-14571
-14571
-14538
-14538
-14538
-14538
-14538
-14538
-14538
-14538
-14538
-14538
-14538
-14538
-14538
-14538
-14489
-14489
-14489
-14489
-14489
-14489
-14489
-14489
-14489
-14489
-14489
-14489
-14489
-14489
-14457
-14457
-14457
-14457
-14457
-14457
-14457
-14457
-14457
-14457
-14457
-14457
-14457
-14457
-14424
-14424
-14424
-14424
-14424
-14424
-14424
-14424
-14424
-14424
-14424
-14424
-14424
-14424
-14407
-14407
-14407
-14407
-14407
-14407
-14407
-14375
-14375
-14375
-14375
-14375
-14375
-14375
-14375
-14375
-14375
-14375
-14375
-14375
-14375
-14342
-14342
-14342
-14342
-14342
-14342
-14342
-14342
-14342
-14342
-14342
-14342
-14342
-14342
-14293
-14293
-14293
-14293
-14293
-14293
-14293
-14293
-14293
-14293
-14293
-14293
-14293
-14293
-14244
-14244
-14244
-14244
-14244
-14244
-14244
-14244
-14244
-14244
-14244
-14244
-14244
-14244
-14244
-14227
-14227
-14227
-14227
-14227
-14227
-14227
-14195
-14195
-14195
-14195
-14195
-14195
-14195
-14195
-14195
-14195
-14195
-14195
-14195
-14195
-14162
-14162
-14162
-14162
-14162
-14162
-14162
-14162
-14162
-14162
-14162
-14162
-14162
-14162
-14129
-14129
-14129
-14129
-14129
-14129
-14129
-14129
-14129
-14129
-14129
-14129
-14129
-14129
-14129
-14080
-14080
-14080
-14080
-14080
-14080
-14080
-14080
-14080
-14080
-14080
-14080
-14080
-14080
-14064
-14064
-14064
-14064
-14064
-14064
-14064
-14064
-14064
-14064
-14064
-14064
-14064
-14064
-14064
-14031
-14031
-14031
-14031
-14031
-14031
-14031
-13998
-13998
-13998
-13998
-13998
-13998
-13998
-13998
-13998
-13998
-13998
-13998
-13998
-13998
-13965
-13965
-13965
-13965
-13965
-13965
-13965
-13965
-13965
-13965
-13965
-13965
-13965
-13965
-13965
-13933
-13933
-13933
-13933
-13933
-13933
-13933
-13933
-13933
-13933
-13933
-13933
-13933
-13933
-13900
-13900
-13900
-13900
-13900
-13900
-13900
-13900
-13900
-13900
-13900
-13900
-13900
-13900
-13900
-13867
-13867
-13867
-13867
-13867
-13867
-13867
-13834
-13834
-13834
-13834
-13834
-13834
-13834
-13834
-13834
-13834
-13834
-13834
-13834
-13834
-13834
-13802
-13802
-13802
-13802
-13802
-13802
-13802
-13802
-13802
-13802
-13802
-13802
-13802
-13802
-13769
-13769
-13769
-13769
-13769
-13769
-13769
-13769
-13769
-13769
-13769
-13769
-13769
-13769
-13769
-13753
-13753
-13753
-13753
-13753
-13753
-13753
-13753
-13753
-13753
-13753
-13753
-13753
-13753
-13753
-13703
-13703
-13703
-13703
-13703
-13703
-13703
-13671
-13671
-13671
-13671
-13671
-13671
-13671
-13671
-13671
-13671
-13671
-13671
-13671
-13671
-13671
-13638
-13638
-13638
-13638
-13638
-13638
-13638
-13638
-13638
-13638
-13638
-13638
-13638
-13638
-13638
-13605
-13605
-13605
-13605
-13605
-13605
-13605
-13605
-13605
-13605
-13605
-13605
-13605
-13605
-13605
-13589
-13589
-13589
-13589
-13589
-13589
-13589
-13589
-13589
-13589
-13589
-13589
-13589
-13589
-13540
-13540
-13540
-13540
-13540
-13540
-13540
-13540
-13491
-13491
-13491
-13491
-13491
-13491
-13491
-13491
-13491
-13491
-13491
-13491
-13491
-13491
-13491
-13458
-13458
-13458
-13458
-13458
-13458
-13458
-13458
-13458
-13458
-13458
-13458
-13458
-13458
-13458
-13425
-13425
-13425
-13425
-13425
-13425
-13425
-13425
-13425
-13425
-13425
-13425
-13425
-13425
-13425
-13409
-13409
-13409
-13409
-13409
-13409
-13409
-13409
-13409
-13409
-13409
-13409
-13409
-13409
-13409
-13376
-13376
-13376
-13376
-13376
-13376
-13376
-13343
-13343
-13343
-13343
-13343
-13343
-13343
-13343
-13343
-13343
-13343
-13343
-13343
-13343
-13343
-13294
-13294
-13294
-13294
-13294
-13294
-13294
-13294
-13294
-13294
-13294
-13294
-13294
-13294
-13294
-13294
-13261
-13261
-13261
-13261
-13261
-13261
-13261
-13261
-13261
-13261
-13261
-13261
-13261
-13261
-13261
-13245
-13245
-13245
-13245
-13245
-13245
-13245
-13245
-13245
-13245
-13245
-13245
-13245
-13245
-13245
-13212
-13212
-13212
-13212
-13212
-13212
-13212
-13212
-13179
-13179
-13179
-13179
-13179
-13179
-13179
-13179
-13179
-13179
-13179
-13179
-13179
-13179
-13179
-13147
-13147
-13147
-13147
-13147
-13147
-13147
-13147
-13147
-13147
-13147
-13147
-13147
-13147
-13147
-13098
-13098
-13098
-13098
-13098
-13098
-13098
-13098
-13098
-13098
-13098
-13098
-13098
-13098
-13098
-13098
-13081
-13081
-13081
-13081
-13081
-13081
-13081
-13081
-13081
-13081
-13081
-13081
-13081
-13081
-13081
-13049
-13049
-13049
-13049
-13049
-13049
-13049
-13049
-13016
-13016
-13016
-13016
-13016
-13016
-13016
-13016
-13016
-13016
-13016
-13016
-13016
-13016
-13016
-12983
-12983
-12983
-12983
-12983
-12983
-12983
-12983
-12983
-12983
-12983
-12983
-12983
-12983
-12983
-12983
-12950
-12950
-12950
-12950
-12950
-12950
-12950
-12950
-12950
-12950
-12950
-12950
-12950
-12950
-12950
-12918
-12918
-12918
-12918
-12918
-12918
-12918
-12918
-12918
-12918
-12918
-12918
-12918
-12918
-12918
-12918
-12868
-12868
-12868
-12868
-12868
-12868
-12868
-12868
-12836
-12836
-12836
-12836
-12836
-12836
-12836
-12836
-12836
-12836
-12836
-12836
-12836
-12836
-12836
-12803
-12803
-12803
-12803
-12803
-12803
-12803
-12803
-12803
-12803
-12803
-12803
-12803
-12803
-12803
-12803
-12770
-12770
-12770
-12770
-12770
-12770
-12770
-12770
-12770
-12770
-12770
-12770
-12770
-12770
-12770
-12770
-12754
-12754
-12754
-12754
-12754
-12754
-12754
-12754
-12754
-12754
-12754
-12754
-12754
-12754
-12754
-12705
-12705
-12705
-12705
-12705
-12705
-12705
-12705
-12672
-12672
-12672
-12672
-12672
-12672
-12672
-12672
-12672
-12672
-12672
-12672
-12672
-12672
-12672
-12672
-12639
-12639
-12639
-12639
-12639
-12639
-12639
-12639
-12639
-12639
-12639
-12639
-12639
-12639
-12639
-12639
-12606
-12606
-12606
-12606
-12606
-12606
-12606
-12606
-12606
-12606
-12606
-12606
-12606
-12606
-12606
-12606
-12590
-12590
-12590
-12590
-12590
-12590
-12590
-12590
-12590
-12590
-12590
-12590
-12590
-12590
-12590
-12590
-12557
-12557
-12557
-12557
-12557
-12557
-12557
-12557
-12508
-12508
-12508
-12508
-12508
-12508
-12508
-12508
-12508
-12508
-12508
-12508
-12508
-12508
-12508
-12508
-12475
-12475
-12475
-12475
-12475
-12475
-12475
-12475
-12475
-12475
-12475
-12475
-12475
-12475
-12475
-12475
-12443
-12443
-12443
-12443
-12443
-12443
-12443
-12443
-12443
-12443
-12443
-12443
-12443
-12443
-12443
-12443
-12443
-12426
-12426
-12426
-12426
-12426
-12426
-12426
-12426
-12426
-12426
-12426
-12426
-12426
-12426
-12426
-12426
-12394
-12394
-12394
-12394
-12394
-12394
-12394
-12394
-12361
-12361
-12361
-12361
-12361
-12361
-12361
-12361
-12361
-12361
-12361
-12361
-12361
-12361
-12361
-12361
-12312
-12312
-12312
-12312
-12312
-12312
-12312
-12312
-12312
-12312
-12312
-12312
-12312
-12312
-12312
-12312
-12279
-12279
-12279
-12279
-12279
-12279
-12279
-12279
-12279
-12279
-12279
-12279
-12279
-12279
-12279
-12279
-12279
-12263
-12263
-12263
-12263
-12263
-12263
-12263
-12263
-12263
-12263
-12263
-12263
-12263
-12263
-12263
-12263
-12230
-12230
-12230
-12230
-12230
-12230
-12230
-12230
-12197
-12197
-12197
-12197
-12197
-12197
-12197
-12197
-12197
-12197
-12197
-12197
-12197
-12197
-12197
-12197
-12197
-12148
-12148
-12148
-12148
-12148
-12148
-12148
-12148
-12148
-12148
-12148
-12148
-12148
-12148
-12148
-12148
-12099
-12099
-12099
-12099
-12099
-12099
-12099
-12099
-12099
-12099
-12099
-12099
-12099
-12099
-12099
-12099
-12099
-12083
-12083
-12083
-12083
-12083
-12083
-12083
-12083
-12083
-12083
-12083
-12083
-12083
-12083
-12083
-12083
-12050
-12050
-12050
-12050
-12050
-12050
-12050
-12050
-12017
-12017
-12017
-12017
-12017
-12017
-12017
-12017
-12017
-12017
-12017
-12017
-12017
-12017
-12017
-12017
-12017
-11984
-11984
-11984
-11984
-11984
-11984
-11984
-11984
-11984
-11984
-11984
-11984
-11984
-11984
-11984
-11984
-11984
-11952
-11952
-11952
-11952
-11952
-11952
-11952
-11952
-11952
-11952
-11952
-11952
-11952
-11952
-11952
-11952
-11919
-11919
-11919
-11919
-11919
-11919
-11919
-11919
-11919
-11919
-11919
-11919
-11919
-11919
-11919
-11919
-11919
-11886
-11886
-11886
-11886
-11886
-11886
-11886
-11886
-11853
-11853
-11853
-11853
-11853
-11853
-11853
-11853
-11853
-11853
-11853
-11853
-11853
-11853
-11853
-11853
-11853
-11821
-11821
-11821
-11821
-11821
-11821
-11821
-11821
-11821
-11821
-11821
-11821
-11821
-11821
-11821
-11821
-11821
-11788
-11788
-11788
-11788
-11788
-11788
-11788
-11788
-11788
-11788
-11788
-11788
-11788
-11788
-11788
-11788
-11788
-11771
-11771
-11771
-11771
-11771
-11771
-11771
-11771
-11771
-11771
-11771
-11771
-11771
-11771
-11771
-11771
-11771
-11722
-11722
-11722
-11722
-11722
-11722
-11722
-11722
-11722
-11690
-11690
-11690
-11690
-11690
-11690
-11690
-11690
-11690
-11690
-11690
-11690
-11690
-11690
-11690
-11690
-11690
-11657
-11657
-11657
-11657
-11657
-11657
-11657
-11657
-11657
-11657
-11657
-11657
-11657
-11657
-11657
-11657
-11657
-11624
-11624
-11624
-11624
-11624
-11624
-11624
-11624
-11624
-11624
-11624
-11624
-11624
-11624
-11624
-11624
-11624
-11608
-11608
-11608
-11608
-11608
-11608
-11608
-11608
-11608
-11608
-11608
-11608
-11608
-11608
-11608
-11608
-11608
-11575
-11575
-11575
-11575
-11575
-11575
-11575
-11575
-11575
-11526
-11526
-11526
-11526
-11526
-11526
-11526
-11526
-11526
-11526
-11526
-11526
-11526
-11526
-11526
-11526
-11526
-11493
-11493
-11493
-11493
-11493
-11493
-11493
-11493
-11493
-11493
-11493
-11493
-11493
-11493
-11493
-11493
-11493
-11444
-11444
-11444
-11444
-11444
-11444
-11444
-11444
-11444
-11444
-11444
-11444
-11444
-11444
-11444
-11444
-11444
-11444
-11428
-11428
-11428
-11428
-11428
-11428
-11428
-11428
-11428
-11428
-11428
-11428
-11428
-11428
-11428
-11428
-11428
-11395
-11395
-11395
-11395
-11395
-11395
-11395
-11395
-11395
-11362
-11362
-11362
-11362
-11362
-11362
-11362
-11362
-11362
-11362
-11362
-11362
-11362
-11362
-11362
-11362
-11362
-11362
-11313
-11313
-11313
-11313
-11313
-11313
-11313
-11313
-11313
-11313
-11313
-11313
-11313
-11313
-11313
-11313
-11313
-11280
-11280
-11280
-11280
-11280
-11280
-11280
-11280
-11280
-11280
-11280
-11280
-11280
-11280
-11280
-11280
-11280
-11280
-11248
-11248
-11248
-11248
-11248
-11248
-11248
-11248
-11248
-11248
-11248
-11248
-11248
-11248
-11248
-11248
-11248
-11248
-11231
-11231
-11231
-11231
-11231
-11231
-11231
-11231
-11231
-11198
-11198
-11198
-11198
-11198
-11198
-11198
-11198
-11198
-11198
-11198
-11198
-11198
-11198
-11198
-11198
-11198
-11166
-11166
-11166
-11166
-11166
-11166
-11166
-11166
-11166
-11166
-11166
-11166
-11166
-11166
-11166
-11166
-11166
-11166
-11117
-11117
-11117
-11117
-11117
-11117
-11117
-11117
-11117
-11117
-11117
-11117
-11117
-11117
-11117
-11117
-11117
-11117
-11084
-11084
-11084
-11084
-11084
-11084
-11084
-11084
-11084
-11084
-11084
-11084
-11084
-11084
-11084
-11084
-11084
-11084
-11067
-11067
-11067
-11067
-11067
-11067
-11067
-11067
-11067
-11067
-11067
-11067
-11067
-11067
-11067
-11067
-11067
-11067
-11035
-11035
-11035
-11035
-11035
-11035
-11035
-11035
-11035
-11002
-11002
-11002
-11002
-11002
-11002
-11002
-11002
-11002
-11002
-11002
-11002
-11002
-11002
-11002
-11002
-11002
-11002
-10969
-10969
-10969
-10969
-10969
-10969
-10969
-10969
-10969
-10969
-10969
-10969
-10969
-10969
-10969
-10969
-10969
-10969
-10920
-10920
-10920
-10920
-10920
-10920
-10920
-10920
-10920
-10920
-10920
-10920
-10920
-10920
-10920
-10920
-10920
-10920
-10920
-10904
-10904
-10904
-10904
-10904
-10904
-10904
-10904
-10904
-10904
-10904
-10904
-10904
-10904
-10904
-10904
-10904
-10904
-10871
-10871
-10871
-10871
-10871
-10871
-10871
-10871
-10871
-10838
-10838
-10838
-10838
-10838
-10838
-10838
-10838
-10838
-10838
-10838
-10838
-10838
-10838
-10838
-10838
-10838
-10838
-10806
-10806
-10806
-10806
-10806
-10806
-10806
-10806
-10806
-10806
-10806
-10806
-10806
-10806
-10806
-10806
-10806
-10806
-10806
-10756
-10756
-10756
-10756
-10756
-10756
-10756
-10756
-10756
-10756
-10756
-10756
-10756
-10756
-10756
-10756
-10756
-10756
-10724
-10724
-10724
-10724
-10724
-10724
-10724
-10724
-10724
-10724
-10724
-10724
-10724
-10724
-10724
-10724
-10724
-10724
-10691
-10691
-10691
-10691
-10691
-10691
-10691
-10691
-10691
-10691
-10658
-10658
-10658
-10658
-10658
-10658
-10658
-10658
-10658
-10658
-10658
-10658
-10658
-10658
-10658
-10658
-10658
-10658
-10625
-10625
-10625
-10625
-10625
-10625
-10625
-10625
-10625
-10625
-10625
-10625
-10625
-10625
-10625
-10625
-10625
-10625
-10625
-10593
-10593
-10593
-10593
-10593
-10593
-10593
-10593
-10593
-10593
-10593
-10593
-10593
-10593
-10593
-10593
-10593
-10593
-10576
-10576
-10576
-10576
-10576
-10576
-10576
-10576
-10576
-10576
-10576
-10576
-10576
-10576
-10576
-10576
-10576
-10576
-10576
-10527
-10527
-10527
-10527
-10527
-10527
-10527
-10527
-10527
-10494
-10494
-10494
-10494
-10494
-10494
-10494
-10494
-10494
-10494
-10494
-10494
-10494
-10494
-10494
-10494
-10494
-10494
-10494
-10462
-10462
-10462
-10462
-10462
-10462
-10462
-10462
-10462
-10462
-10462
-10462
-10462
-10462
-10462
-10462
-10462
-10462
-10462
-10429
-10429
-10429
-10429
-10429
-10429
-10429
-10429
-10429
-10429
-10429
-10429
-10429
-10429
-10429
-10429
-10429
-10429
-10429
-10413
-10413
-10413
-10413
-10413
-10413
-10413
-10413
-10413
-10413
-10413
-10413
-10413
-10413
-10413
-10413
-10413
-10413
-10413
-10380
-10380
-10380
-10380
-10380
-10380
-10380
-10380
-10380
-10380
-10331
-10331
-10331
-10331
-10331
-10331
-10331
-10331
-10331
-10331
-10331
-10331
-10331
-10331
-10331
-10331
-10331
-10331
-10331
-10298
-10298
-10298
-10298
-10298
-10298
-10298
-10298
-10298
-10298
-10298
-10298
-10298
-10298
-10298
-10298
-10298
-10298
-10298
-10265
-10265
-10265
-10265
-10265
-10265
-10265
-10265
-10265
-10265
-10265
-10265
-10265
-10265
-10265
-10265
-10265
-10265
-10265
-10249
-10249
-10249
-10249
-10249
-10249
-10249
-10249
-10249
-10249
-10249
-10249
-10249
-10249
-10249
-10249
-10249
-10249
-10249
-10216
-10216
-10216
-10216
-10216
-10216
-10216
-10216
-10216
-10216
-10183
-10183
-10183
-10183
-10183
-10183
-10183
-10183
-10183
-10183
-10183
-10183
-10183
-10183
-10183
-10183
-10183
-10183
-10183
-10134
-10134
-10134
-10134
-10134
-10134
-10134
-10134
-10134
-10134
-10134
-10134
-10134
-10134
-10134
-10134
-10134
-10134
-10134
-10134
-10102
-10102
-10102
-10102
-10102
-10102
-10102
-10102
-10102
-10102
-10102
-10102
-10102
-10102
-10102
-10102
-10102
-10102
-10102
-10069
-10069
-10069
-10069
-10069
-10069
-10069
-10069
-10069
-10069
-10069
-10069
-10069
-10069
-10069
-10069
-10069
-10069
-10069
-10069
-10036
-10036
-10036
-10036
-10036
-10036
-10036
-10036
-10036
-10036
-10003
-10003
-10003
-10003
-10003
-10003
-10003
-10003
-10003
-10003
-10003
-10003
-10003
-10003
-10003
-10003
-10003
-10003
-10003
-9971
-9971
-9971
-9971
-9971
-9971
-9971
-9971
-9971
-9971
-9971
-9971
-9971
-9971
-9971
-9971
-9971
-9971
-9971
-9971
-9921
-9921
-9921
-9921
-9921
-9921
-9921
-9921
-9921
-9921
-9921
-9921
-9921
-9921
-9921
-9921
-9921
-9921
-9921
-9921
-9905
-9905
-9905
-9905
-9905
-9905
-9905
-9905
-9905
-9905
-9905
-9905
-9905
-9905
-9905
-9905
-9905
-9905
-9905
-9905
-9872
-9872
-9872
-9872
-9872
-9872
-9872
-9872
-9872
-9872
-9840
-9840
-9840
-9840
-9840
-9840
-9840
-9840
-9840
-9840
-9840
-9840
-9840
-9840
-9840
-9840
-9840
-9840
-9840
-9840
-9807
-9807
-9807
-9807
-9807
-9807
-9807
-9807
-9807
-9807
-9807
-9807
-9807
-9807
-9807
-9807
-9807
-9807
-9807
-9807
-9774
-9774
-9774
-9774
-9774
-9774
-9774
-9774
-9774
-9774
-9774
-9774
-9774
-9774
-9774
-9774
-9774
-9774
-9774
-9774
-9774
-9741
-9741
-9741
-9741
-9741
-9741
-9741
-9741
-9741
-9741
-9741
-9741
-9741
-9741
-9741
-9741
-9741
-9741
-9741
-9741
-9709
-9709
-9709
-9709
-9709
-9709
-9709
-9709
-9709
-9709
-9676
-9676
-9676
-9676
-9676
-9676
-9676
-9676
-9676
-9676
-9676
-9676
-9676
-9676
-9676
-9676
-9676
-9676
-9676
-9676
-9643
-9643
-9643
-9643
-9643
-9643
-9643
-9643
-9643
-9643
-9643
-9643
-9643
-9643
-9643
-9643
-9643
-9643
-9643
-9643
-9643
-9610
-9610
-9610
-9610
-9610
-9610
-9610
-9610
-9610
-9610
-9610
-9610
-9610
-9610
-9610
-9610
-9610
-9610
-9610
-9610
-9594
-9594
-9594
-9594
-9594
-9594
-9594
-9594
-9594
-9594
-9594
-9594
-9594
-9594
-9594
-9594
-9594
-9594
-9594
-9594
-9594
-9545
-9545
-9545
-9545
-9545
-9545
-9545
-9545
-9545
-9545
-9512
-9512
-9512
-9512
-9512
-9512
-9512
-9512
-9512
-9512
-9512
-9512
-9512
-9512
-9512
-9512
-9512
-9512
-9512
-9512
-9512
-9479
-9479
-9479
-9479
-9479
-9479
-9479
-9479
-9479
-9479
-9479
-9479
-9479
-9479
-9479
-9479
-9479
-9479
-9479
-9479
-9447
-9447
-9447
-9447
-9447
-9447
-9447
-9447
-9447
-9447
-9447
-9447
-9447
-9447
-9447
-9447
-9447
-9447
-9447
-9447
-9447
-9430
-9430
-9430
-9430
-9430
-9430
-9430
-9430
-9430
-9430
-9430
-9430
-9430
-9430
-9430
-9430
-9430
-9430
-9430
-9430
-9430
-9398
-9398
-9398
-9398
-9398
-9398
-9398
-9398
-9398
-9398
-9332
-9332
-9332
-9332
-9332
-9332
-9332
-9332
-9332
-9332
-9332
-9332
-9332
-9332
-9332
-9332
-9332
-9332
-9332
-9332
-9332
-9299
-9299
-9299
-9299
-9299
-9299
-9299
-9299
-9299
-9299
-9299
-9299
-9299
-9299
-9299
-9299
-9299
-9299
-9299
-9299
-9299
-9267
-9267
-9267
-9267
-9267
-9267
-9267
-9267
-9267
-9267
-9267
-9267
-9267
-9267
-9267
-9267
-9267
-9267
-9267
-9267
-9267
-9250
-9250
-9250
-9250
-9250
-9250
-9250
-9250
-9250
-9250
-9250
-9250
-9250
-9250
-9250
-9250
-9250
-9250
-9250
-9250
-9250
-9217
-9217
-9217
-9217
-9217
-9217
-9217
-9217
-9217
-9217
-9217
-9185
-9185
-9185
-9185
-9185
-9185
-9185
-9185
-9185
-9185
-9185
-9185
-9185
-9185
-9185
-9185
-9185
-9185
-9185
-9185
-9185
-9136
-9136
-9136
-9136
-9136
-9136
-9136
-9136
-9136
-9136
-9136
-9136
-9136
-9136
-9136
-9136
-9136
-9136
-9136
-9136
-9136
-9103
-9103
-9103
-9103
-9103
-9103
-9103
-9103
-9103
-9103
-9103
-9103
-9103
-9103
-9103
-9103
-9103
-9103
-9103
-9103
-9103
-9103
-9086
-9086
-9086
-9086
-9086
-9086
-9086
-9086
-9086
-9086
-9086
-9086
-9086
-9086
-9086
-9086
-9086
-9086
-9086
-9086
-9086
-9054
-9054
-9054
-9054
-9054
-9054
-9054
-9054
-9054
-9054
-9054
-9021
-9021
-9021
-9021
-9021
-9021
-9021
-9021
-9021
-9021
-9021
-9021
-9021
-9021
-9021
-9021
-9021
-9021
-9021
-9021
-9021
-8988
-8988
-8988
-8988
-8988
-8988
-8988
-8988
-8988
-8988
-8988
-8988
-8988
-8988
-8988
-8988
-8988
-8988
-8988
-8988
-8988
-8988
-8939
-8939
-8939
-8939
-8939
-8939
-8939
-8939
-8939
-8939
-8939
-8939
-8939
-8939
-8939
-8939
-8939
-8939
-8939
-8939
-8939
-8939
-8923
-8923
-8923
-8923
-8923
-8923
-8923
-8923
-8923
-8923
-8923
-8923
-8923
-8923
-8923
-8923
-8923
-8923
-8923
-8923
-8923
-8890
-8890
-8890
-8890
-8890
-8890
-8890
-8890
-8890
-8890
-8890
-8857
-8857
-8857
-8857
-8857
-8857
-8857
-8857
-8857
-8857
-8857
-8857
-8857
-8857
-8857
-8857
-8857
-8857
-8857
-8857
-8857
-8857
-8825
-8825
-8825
-8825
-8825
-8825
-8825
-8825
-8825
-8825
-8825
-8825
-8825
-8825
-8825
-8825
-8825
-8825
-8825
-8825
-8825
-8825
-8792
-8792
-8792
-8792
-8792
-8792
-8792
-8792
-8792
-8792
-8792
-8792
-8792
-8792
-8792
-8792
-8792
-8792
-8792
-8792
-8792
-8792
-8792
-8775
-8775
-8775
-8775
-8775
-8775
-8775
-8775
-8775
-8775
-8775
-8775
-8775
-8775
-8775
-8775
-8775
-8775
-8775
-8775
-8775
-8775
-8726
-8726
-8726
-8726
-8726
-8726
-8726
-8726
-8726
-8726
-8726
-8694
-8694
-8694
-8694
-8694
-8694
-8694
-8694
-8694
-8694
-8694
-8694
-8694
-8694
-8694
-8694
-8694
-8694
-8694
-8694
-8694
-8694
-8644
-8644
-8644
-8644
-8644
-8644
-8644
-8644
-8644
-8644
-8644
-8644
-8644
-8644
-8644
-8644
-8644
-8644
-8644
-8644
-8644
-8644
-8644
-8612
-8612
-8612
-8612
-8612
-8612
-8612
-8612
-8612
-8612
-8612
-8612
-8612
-8612
-8612
-8612
-8612
-8612
-8612
-8612
-8612
-8612
-8595
-8595
-8595
-8595
-8595
-8595
-8595
-8595
-8595
-8595
-8595
-8595
-8595
-8595
-8595
-8595
-8595
-8595
-8595
-8595
-8595
-8595
-8595
-8546
-8546
-8546
-8546
-8546
-8546
-8546
-8546
-8546
-8546
-8546
-8513
-8513
-8513
-8513
-8513
-8513
-8513
-8513
-8513
-8513
-8513
-8513
-8513
-8513
-8513
-8513
-8513
-8513
-8513
-8513
-8513
-8513
-8513
-8481
-8481
-8481
-8481
-8481
-8481
-8481
-8481
-8481
-8481
-8481
-8481
-8481
-8481
-8481
-8481
-8481
-8481
-8481
-8481
-8481
-8481
-8481
-8448
-8448
-8448
-8448
-8448
-8448
-8448
-8448
-8448
-8448
-8448
-8448
-8448
-8448
-8448
-8448
-8448
-8448
-8448
-8448
-8448
-8448
-8448
-8432
-8432
-8432
-8432
-8432
-8432
-8432
-8432
-8432
-8432
-8432
-8432
-8432
-8432
-8432
-8432
-8432
-8432
-8432
-8432
-8432
-8432
-8432
-8399
-8399
-8399
-8399
-8399
-8399
-8399
-8399
-8399
-8399
-8399
-8399
-8350
-8350
-8350
-8350
-8350
-8350
-8350
-8350
-8350
-8350
-8350
-8350
-8350
-8350
-8350
-8350
-8350
-8350
-8350
-8350
-8350
-8350
-8350
-8317
-8317
-8317
-8317
-8317
-8317
-8317
-8317
-8317
-8317
-8317
-8317
-8317
-8317
-8317
-8317
-8317
-8317
-8317
-8317
-8317
-8317
-8317
-8317
-8284
-8284
-8284
-8284
-8284
-8284
-8284
-8284
-8284
-8284
-8284
-8284
-8284
-8284
-8284
-8284
-8284
-8284
-8284
-8284
-8284
-8284
-8284
-8268
-8268
-8268
-8268
-8268
-8268
-8268
-8268
-8268
-8268
-8268
-8268
-8268
-8268
-8268
-8268
-8268
-8268
-8268
-8268
-8268
-8268
-8268
-8268
-8235
-8235
-8235
-8235
-8235
-8235
-8235
-8235
-8235
-8235
-8235
-8202
-8202
-8202
-8202
-8202
-8202
-8202
-8202
-8202
-8202
-8202
-8202
-8202
-8202
-8202
-8202
-8202
-8202
-8202
-8202
-8202
-8202
-8202
-8202
-8153
-8153
-8153
-8153
-8153
-8153
-8153
-8153
-8153
-8153
-8153
-8153
-8153
-8153
-8153
-8153
-8153
-8153
-8153
-8153
-8153
-8153
-8153
-8153
-8121
-8121
-8121
-8121
-8121
-8121
-8121
-8121
-8121
-8121
-8121
-8121
-8121
-8121
-8121
-8121
-8121
-8121
-8121
-8121
-8121
-8121
-8121
-8088
-8088
-8088
-8088
-8088
-8088
-8088
-8088
-8088
-8088
-8088
-8088
-8088
-8088
-8088
-8088
-8088
-8088
-8088
-8088
-8088
-8088
-8088
-8088
-8071
-8071
-8071
-8071
-8071
-8071
-8071
-8071
-8071
-8071
-8071
-8071
-8071
-8071
-8071
-8071
-8071
-8071
-8071
-8071
-8071
-8071
-8071
-8071
-8039
-8039
-8039
-8039
-8039
-8039
-8039
-8039
-8039
-8039
-8039
-8039
-8006
-8006
-8006
-8006
-8006
-8006
-8006
-8006
-8006
-8006
-8006
-8006
-8006
-8006
-8006
-8006
-8006
-8006
-8006
-8006
-8006
-8006
-8006
-8006
-7940
-7940
-7940
-7940
-7940
-7940
-7940
-7940
-7940
-7940
-7940
-7940
-7940
-7940
-7940
-7940
-7940
-7940
-7940
-7940
-7940
-7940
-7940
-7940
-7908
-7908
-7908
-7908
-7908
-7908
-7908
-7908
-7908
-7908
-7908
-7908
-7908
-7908
-7908
-7908
-7908
-7908
-7908
-7908
-7908
-7908
-7908
-7908
-7891
-7891
-7891
-7891
-7891
-7891
-7891
-7891
-7891
-7891
-7891
-7891
-7891
-7891
-7891
-7891
-7891
-7891
-7891
-7891
-7891
-7891
-7891
-7891
-7891
-7859
-7859
-7859
-7859
-7859
-7859
-7859
-7859
-7859
-7859
-7859
-7859
-7826
-7826
-7826
-7826
-7826
-7826
-7826
-7826
-7826
-7826
-7826
-7826
-7826
-7826
-7826
-7826
-7826
-7826
-7826
-7826
-7826
-7826
-7826
-7826
-7793
-7793
-7793
-7793
-7793
-7793
-7793
-7793
-7793
-7793
-7793
-7793
-7793
-7793
-7793
-7793
-7793
-7793
-7793
-7793
-7793
-7793
-7793
-7793
-7793
-7744
-7744
-7744
-7744
-7744
-7744
-7744
-7744
-7744
-7744
-7744
-7744
-7744
-7744
-7744
-7744
-7744
-7744
-7744
-7744
-7744
-7744
-7744
-7744
-7744
-7728
-7728
-7728
-7728
-7728
-7728
-7728
-7728
-7728
-7728
-7728
-7728
-7728
-7728
-7728
-7728
-7728
-7728
-7728
-7728
-7728
-7728
-7728
-7728
-7695
-7695
-7695
-7695
-7695
-7695
-7695
-7695
-7695
-7695
-7695
-7695
-7695
-7662
-7662
-7662
-7662
-7662
-7662
-7662
-7662
-7662
-7662
-7662
-7662
-7662
-7662
-7662
-7662
-7662
-7662
-7662
-7662
-7662
-7662
-7662
-7662
-7662
-7629
-7629
-7629
-7629
-7629
-7629
-7629
-7629
-7629
-7629
-7629
-7629
-7629
-7629
-7629
-7629
-7629
-7629
-7629
-7629
-7629
-7629
-7629
-7629
-7629
-7597
-7597
-7597
-7597
-7597
-7597
-7597
-7597
-7597
-7597
-7597
-7597
-7597
-7597
-7597
-7597
-7597
-7597
-7597
-7597
-7597
-7597
-7597
-7597
-7597
-7580
-7580
-7580
-7580
-7580
-7580
-7580
-7580
-7580
-7580
-7580
-7580
-7580
-7580
-7580
-7580
-7580
-7580
-7580
-7580
-7580
-7580
-7580
-7580
-7580
-7531
-7531
-7531
-7531
-7531
-7531
-7531
-7531
-7531
-7531
-7531
-7531
-7531
-7498
-7498
-7498
-7498
-7498
-7498
-7498
-7498
-7498
-7498
-7498
-7498
-7498
-7498
-7498
-7498
-7498
-7498
-7498
-7498
-7498
-7498
-7498
-7498
-7498
-7466
-7466
-7466
-7466
-7466
-7466
-7466
-7466
-7466
-7466
-7466
-7466
-7466
-7466
-7466
-7466
-7466
-7466
-7466
-7466
-7466
-7466
-7466
-7466
-7466
-7433
-7433
-7433
-7433
-7433
-7433
-7433
-7433
-7433
-7433
-7433
-7433
-7433
-7433
-7433
-7433
-7433
-7433
-7433
-7433
-7433
-7433
-7433
-7433
-7433
-7433
-7417
-7417
-7417
-7417
-7417
-7417
-7417
-7417
-7417
-7417
-7417
-7417
-7417
-7417
-7417
-7417
-7417
-7417
-7417
-7417
-7417
-7417
-7417
-7417
-7417
-7417
-7384
-7384
-7384
-7384
-7384
-7384
-7384
-7384
-7384
-7384
-7384
-7384
-7384
-7335
-7335
-7335
-7335
-7335
-7335
-7335
-7335
-7335
-7335
-7335
-7335
-7335
-7335
-7335
-7335
-7335
-7335
-7335
-7335
-7335
-7335
-7335
-7335
-7335
-7335
-7302
-7302
-7302
-7302
-7302
-7302
-7302
-7302
-7302
-7302
-7302
-7302
-7302
-7302
-7302
-7302
-7302
-7302
-7302
-7302
-7302
-7302
-7302
-7302
-7302
-7302
-7253
-7253
-7253
-7253
-7253
-7253
-7253
-7253
-7253
-7253
-7253
-7253
-7253
-7253
-7253
-7253
-7253
-7253
-7253
-7253
-7253
-7253
-7253
-7253
-7253
-7253
-7236
-7236
-7236
-7236
-7236
-7236
-7236
-7236
-7236
-7236
-7236
-7236
-7236
-7236
-7236
-7236
-7236
-7236
-7236
-7236
-7236
-7236
-7236
-7236
-7236
-7236
-7236
-7204
-7204
-7204
-7204
-7204
-7204
-7204
-7204
-7204
-7204
-7204
-7204
-7204
-7155
-7155
-7155
-7155
-7155
-7155
-7155
-7155
-7155
-7155
-7155
-7155
-7155
-7155
-7155
-7155
-7155
-7155
-7155
-7155
-7155
-7155
-7155
-7155
-7155
-7155
-7122
-7122
-7122
-7122
-7122
-7122
-7122
-7122
-7122
-7122
-7122
-7122
-7122
-7122
-7122
-7122
-7122
-7122
-7122
-7122
-7122
-7122
-7122
-7122
-7122
-7122
-7122
-7089
-7089
-7089
-7089
-7089
-7089
-7089
-7089
-7089
-7089
-7089
-7089
-7089
-7089
-7089
-7089
-7089
-7089
-7089
-7089
-7089
-7089
-7089
-7089
-7089
-7089
-7089
-7073
-7073
-7073
-7073
-7073
-7073
-7073
-7073
-7073
-7073
-7073
-7073
-7073
-7073
-7073
-7073
-7073
-7073
-7073
-7073
-7073
-7073
-7073
-7073
-7073
-7073
-7073
-7040
-7040
-7040
-7040
-7040
-7040
-7040
-7040
-7040
-7040
-7040
-7040
-7040
-7040
-7007
-7007
-7007
-7007
-7007
-7007
-7007
-7007
-7007
-7007
-7007
-7007
-7007
-7007
-7007
-7007
-7007
-7007
-7007
-7007
-7007
-7007
-7007
-7007
-7007
-7007
-7007
-6958
-6958
-6958
-6958
-6958
-6958
-6958
-6958
-6958
-6958
-6958
-6958
-6958
-6958
-6958
-6958
-6958
-6958
-6958
-6958
-6958
-6958
-6958
-6958
-6958
-6958
-6958
-6958
-6925
-6925
-6925
-6925
-6925
-6925
-6925
-6925
-6925
-6925
-6925
-6925
-6925
-6925
-6925
-6925
-6925
-6925
-6925
-6925
-6925
-6925
-6925
-6925
-6925
-6925
-6925
-6909
-6909
-6909
-6909
-6909
-6909
-6909
-6909
-6909
-6909
-6909
-6909
-6909
-6909
-6909
-6909
-6909
-6909
-6909
-6909
-6909
-6909
-6909
-6909
-6909
-6909
-6909
-6909
-6876
-6876
-6876
-6876
-6876
-6876
-6876
-6876
-6876
-6876
-6876
-6876
-6876
-6876
-6844
-6844
-6844
-6844
-6844
-6844
-6844
-6844
-6844
-6844
-6844
-6844
-6844
-6844
-6844
-6844
-6844
-6844
-6844
-6844
-6844
-6844
-6844
-6844
-6844
-6844
-6844
-6811
-6811
-6811
-6811
-6811
-6811
-6811
-6811
-6811
-6811
-6811
-6811
-6811
-6811
-6811
-6811
-6811
-6811
-6811
-6811
-6811
-6811
-6811
-6811
-6811
-6811
-6811
-6811
-6762
-6762
-6762
-6762
-6762
-6762
-6762
-6762
-6762
-6762
-6762
-6762
-6762
-6762
-6762
-6762
-6762
-6762
-6762
-6762
-6762
-6762
-6762
-6762
-6762
-6762
-6762
-6762
-6745
-6745
-6745
-6745
-6745
-6745
-6745
-6745
-6745
-6745
-6745
-6745
-6745
-6745
-6745
-6745
-6745
-6745
-6745
-6745
-6745
-6745
-6745
-6745
-6745
-6745
-6745
-6745
-6713
-6713
-6713
-6713
-6713
-6713
-6713
-6713
-6713
-6713
-6713
-6713
-6713
-6713
-6680
-6680
-6680
-6680
-6680
-6680
-6680
-6680
-6680
-6680
-6680
-6680
-6680
-6680
-6680
-6680
-6680
-6680
-6680
-6680
-6680
-6680
-6680
-6680
-6680
-6680
-6680
-6680
-6647
-6647
-6647
-6647
-6647
-6647
-6647
-6647
-6647
-6647
-6647
-6647
-6647
-6647
-6647
-6647
-6647
-6647
-6647
-6647
-6647
-6647
-6647
-6647
-6647
-6647
-6647
-6647
-6647
-6614
-6614
-6614
-6614
-6614
-6614
-6614
-6614
-6614
-6614
-6614
-6614
-6614
-6614
-6614
-6614
-6614
-6614
-6614
-6614
-6614
-6614
-6614
-6614
-6614
-6614
-6614
-6614
-6598
-6598
-6598
-6598
-6598
-6598
-6598
-6598
-6598
-6598
-6598
-6598
-6598
-6598
-6598
-6598
-6598
-6598
-6598
-6598
-6598
-6598
-6598
-6598
-6598
-6598
-6598
-6598
-6598
-6532
-6532
-6532
-6532
-6532
-6532
-6532
-6532
-6532
-6532
-6532
-6532
-6532
-6532
-6500
-6500
-6500
-6500
-6500
-6500
-6500
-6500
-6500
-6500
-6500
-6500
-6500
-6500
-6500
-6500
-6500
-6500
-6500
-6500
-6500
-6500
-6500
-6500
-6500
-6500
-6500
-6500
-6500
-6467
-6467
-6467
-6467
-6467
-6467
-6467
-6467
-6467
-6467
-6467
-6467
-6467
-6467
-6467
-6467
-6467
-6467
-6467
-6467
-6467
-6467
-6467
-6467
-6467
-6467
-6467
-6467
-6434
-6434
-6434
-6434
-6434
-6434
-6434
-6434
-6434
-6434
-6434
-6434
-6434
-6434
-6434
-6434
-6434
-6434
-6434
-6434
-6434
-6434
-6434
-6434
-6434
-6434
-6434
-6434
-6434
-6418
-6418
-6418
-6418
-6418
-6418
-6418
-6418
-6418
-6418
-6418
-6418
-6418
-6418
-6418
-6418
-6418
-6418
-6418
-6418
-6418
-6418
-6418
-6418
-6418
-6418
-6418
-6418
-6418
-6418
-6385
-6385
-6385
-6385
-6385
-6385
-6385
-6385
-6385
-6385
-6385
-6385
-6385
-6385
-6336
-6336
-6336
-6336
-6336
-6336
-6336
-6336
-6336
-6336
-6336
-6336
-6336
-6336
-6336
-6336
-6336
-6336
-6336
-6336
-6336
-6336
-6336
-6336
-6336
-6336
-6336
-6336
-6336
-6303
-6303
-6303
-6303
-6303
-6303
-6303
-6303
-6303
-6303
-6303
-6303
-6303
-6303
-6303
-6303
-6303
-6303
-6303
-6303
-6303
-6303
-6303
-6303
-6303
-6303
-6303
-6303
-6303
-6303
-6270
-6270
-6270
-6270
-6270
-6270
-6270
-6270
-6270
-6270
-6270
-6270
-6270
-6270
-6270
-6270
-6270
-6270
-6270
-6270
-6270
-6270
-6270
-6270
-6270
-6270
-6270
-6270
-6270
-6254
-6254
-6254
-6254
-6254
-6254
-6254
-6254
-6254
-6254
-6254
-6254
-6254
-6254
-6254
-6254
-6254
-6254
-6254
-6254
-6254
-6254
-6254
-6254
-6254
-6254
-6254
-6254
-6254
-6254
-6221
-6221
-6221
-6221
-6221
-6221
-6221
-6221
-6221
-6221
-6221
-6221
-6221
-6221
-6221
-6189
-6189
-6189
-6189
-6189
-6189
-6189
-6189
-6189
-6189
-6189
-6189
-6189
-6189
-6189
-6189
-6189
-6189
-6189
-6189
-6189
-6189
-6189
-6189
-6189
-6189
-6189
-6189
-6189
-6189
-6140
-6140
-6140
-6140
-6140
-6140
-6140
-6140
-6140
-6140
-6140
-6140
-6140
-6140
-6140
-6140
-6140
-6140
-6140
-6140
-6140
-6140
-6140
-6140
-6140
-6140
-6140
-6140
-6140
-6140
-6107
-6107
-6107
-6107
-6107
-6107
-6107
-6107
-6107
-6107
-6107
-6107
-6107
-6107
-6107
-6107
-6107
-6107
-6107
-6107
-6107
-6107
-6107
-6107
-6107
-6107
-6107
-6107
-6107
-6107
-6107
-6090
-6090
-6090
-6090
-6090
-6090
-6090
-6090
-6090
-6090
-6090
-6090
-6090
-6090
-6090
-6090
-6090
-6090
-6090
-6090
-6090
-6090
-6090
-6090
-6090
-6090
-6090
-6090
-6090
-6090
-6058
-6058
-6058
-6058
-6058
-6058
-6058
-6058
-6058
-6058
-6058
-6058
-6058
-6058
-6058
-6025
-6025
-6025
-6025
-6025
-6025
-6025
-6025
-6025
-6025
-6025
-6025
-6025
-6025
-6025
-6025
-6025
-6025
-6025
-6025
-6025
-6025
-6025
-6025
-6025
-6025
-6025
-6025
-6025
-6025
-6025
-5976
-5976
-5976
-5976
-5976
-5976
-5976
-5976
-5976
-5976
-5976
-5976
-5976
-5976
-5976
-5976
-5976
-5976
-5976
-5976
-5976
-5976
-5976
-5976
-5976
-5976
-5976
-5976
-5976
-5976
-5976
-5943
-5943
-5943
-5943
-5943
-5943
-5943
-5943
-5943
-5943
-5943
-5943
-5943
-5943
-5943
-5943
-5943
-5943
-5943
-5943
-5943
-5943
-5943
-5943
-5943
-5943
-5943
-5943
-5943
-5943
-5943
-5927
-5927
-5927
-5927
-5927
-5927
-5927
-5927
-5927
-5927
-5927
-5927
-5927
-5927
-5927
-5927
-5927
-5927
-5927
-5927
-5927
-5927
-5927
-5927
-5927
-5927
-5927
-5927
-5927
-5927
-5927
-5927
-5878
-5878
-5878
-5878
-5878
-5878
-5878
-5878
-5878
-5878
-5878
-5878
-5878
-5878
-5878
-5845
-5845
-5845
-5845
-5845
-5845
-5845
-5845
-5845
-5845
-5845
-5845
-5845
-5845
-5845
-5845
-5845
-5845
-5845
-5845
-5845
-5845
-5845
-5845
-5845
-5845
-5845
-5845
-5845
-5845
-5845
-5845
-5812
-5812
-5812
-5812
-5812
-5812
-5812
-5812
-5812
-5812
-5812
-5812
-5812
-5812
-5812
-5812
-5812
-5812
-5812
-5812
-5812
-5812
-5812
-5812
-5812
-5812
-5812
-5812
-5812
-5812
-5812
-5812
-5763
-5763
-5763
-5763
-5763
-5763
-5763
-5763
-5763
-5763
-5763
-5763
-5763
-5763
-5763
-5763
-5763
-5763
-5763
-5763
-5763
-5763
-5763
-5763
-5763
-5763
-5763
-5763
-5763
-5763
-5763
-5763
-5747
-5747
-5747
-5747
-5747
-5747
-5747
-5747
-5747
-5747
-5747
-5747
-5747
-5747
-5747
-5747
-5747
-5747
-5747
-5747
-5747
-5747
-5747
-5747
-5747
-5747
-5747
-5747
-5747
-5747
-5747
-5747
-5714
-5714
-5714
-5714
-5714
-5714
-5714
-5714
-5714
-5714
-5714
-5714
-5714
-5714
-5714
-5714
-5714
-5681
-5681
-5681
-5681
-5681
-5681
-5681
-5681
-5681
-5681
-5681
-5681
-5681
-5681
-5681
-5681
-5681
-5681
-5681
-5681
-5681
-5681
-5681
-5681
-5681
-5681
-5681
-5681
-5681
-5681
-5681
-5681
-5648
-5648
-5648
-5648
-5648
-5648
-5648
-5648
-5648
-5648
-5648
-5648
-5648
-5648
-5648
-5648
-5648
-5648
-5648
-5648
-5648
-5648
-5648
-5648
-5648
-5648
-5648
-5648
-5648
-5648
-5648
-5648
-5648
-5616
-5616
-5616
-5616
-5616
-5616
-5616
-5616
-5616
-5616
-5616
-5616
-5616
-5616
-5616
-5616
-5616
-5616
-5616
-5616
-5616
-5616
-5616
-5616
-5616
-5616
-5616
-5616
-5616
-5616
-5616
-5616
-5616
-5616
-5599
-5599
-5599
-5599
-5599
-5599
-5599
-5599
-5599
-5599
-5599
-5599
-5599
-5599
-5599
-5599
-5599
-5599
-5599
-5599
-5599
-5599
-5599
-5599
-5599
-5599
-5599
-5599
-5599
-5599
-5599
-5599
-5599
-5550
-5550
-5550
-5550
-5550
-5550
-5550
-5550
-5550
-5550
-5550
-5550
-5550
-5550
-5550
-5550
-5550
-5517
-5517
-5517
-5517
-5517
-5517
-5517
-5517
-5517
-5517
-5517
-5517
-5517
-5517
-5517
-5517
-5517
-5517
-5517
-5517
-5517
-5517
-5517
-5517
-5517
-5517
-5517
-5517
-5517
-5517
-5517
-5517
-5517
-5485
-5485
-5485
-5485
-5485
-5485
-5485
-5485
-5485
-5485
-5485
-5485
-5485
-5485
-5485
-5485
-5485
-5485
-5485
-5485
-5485
-5485
-5485
-5485
-5485
-5485
-5485
-5485
-5485
-5485
-5485
-5485
-5485
-5485
-5452
-5452
-5452
-5452
-5452
-5452
-5452
-5452
-5452
-5452
-5452
-5452
-5452
-5452
-5452
-5452
-5452
-5452
-5452
-5452
-5452
-5452
-5452
-5452
-5452
-5452
-5452
-5452
-5452
-5452
-5452
-5452
-5452
-5452
-5436
-5436
-5436
-5436
-5436
-5436
-5436
-5436
-5436
-5436
-5436
-5436
-5436
-5436
-5436
-5436
-5436
-5436
-5436
-5436
-5436
-5436
-5436
-5436
-5436
-5436
-5436
-5436
-5436
-5436
-5436
-5436
-5436
-5436
-5403
-5403
-5403
-5403
-5403
-5403
-5403
-5403
-5403
-5403
-5403
-5403
-5403
-5403
-5403
-5403
-5403
-5354
-5354
-5354
-5354
-5354
-5354
-5354
-5354
-5354
-5354
-5354
-5354
-5354
-5354
-5354
-5354
-5354
-5354
-5354
-5354
-5354
-5354
-5354
-5354
-5354
-5354
-5354
-5354
-5354
-5354
-5354
-5354
-5354
-5354
-5321
-5321
-5321
-5321
-5321
-5321
-5321
-5321
-5321
-5321
-5321
-5321
-5321
-5321
-5321
-5321
-5321
-5321
-5321
-5321
-5321
-5321
-5321
-5321
-5321
-5321
-5321
-5321
-5321
-5321
-5321
-5321
-5321
-5321
-5288
-5288
-5288
-5288
-5288
-5288
-5288
-5288
-5288
-5288
-5288
-5288
-5288
-5288
-5288
-5288
-5288
-5288
-5288
-5288
-5288
-5288
-5288
-5288
-5288
-5288
-5288
-5288
-5288
-5288
-5288
-5288
-5288
-5288
-5272
-5272
-5272
-5272
-5272
-5272
-5272
-5272
-5272
-5272
-5272
-5272
-5272
-5272
-5272
-5272
-5272
-5272
-5272
-5272
-5272
-5272
-5272
-5272
-5272
-5272
-5272
-5272
-5272
-5272
-5272
-5272
-5272
-5272
-5272
-5239
-5239
-5239
-5239
-5239
-5239
-5239
-5239
-5239
-5239
-5239
-5239
-5239
-5239
-5239
-5239
-5239
-5239
-5239
-5239
-5239
-5239
-5239
-5239
-5239
-5239
-5239
-5239
-5239
-5239
-5239
-5239
-5239
-5239
-5239
-5206
-5206
-5206
-5206
-5206
-5206
-5206
-5206
-5206
-5206
-5206
-5206
-5206
-5206
-5206
-5206
-5206
-5141
-5141
-5141
-5141
-5141
-5141
-5141
-5141
-5141
-5141
-5141
-5141
-5141
-5141
-5141
-5141
-5141
-5141
-5141
-5141
-5141
-5141
-5141
-5141
-5141
-5141
-5141
-5141
-5141
-5141
-5141
-5141
-5141
-5141
-5141
-5108
-5108
-5108
-5108
-5108
-5108
-5108
-5108
-5108
-5108
-5108
-5108
-5108
-5108
-5108
-5108
-5108
-5108
-5108
-5108
-5108
-5108
-5108
-5108
-5108
-5108
-5108
-5108
-5108
-5108
-5108
-5108
-5108
-5108
-5108
-5092
-5092
-5092
-5092
-5092
-5092
-5092
-5092
-5092
-5092
-5092
-5092
-5092
-5092
-5092
-5092
-5092
-5092
-5092
-5092
-5092
-5092
-5092
-5092
-5092
-5092
-5092
-5092
-5092
-5092
-5092
-5092
-5092
-5092
-5092
-5092
-5059
-5059
-5059
-5059
-5059
-5059
-5059
-5059
-5059
-5059
-5059
-5059
-5059
-5059
-5059
-5059
-5059
-5059
-5059
-5059
-5059
-5059
-5059
-5059
-5059
-5059
-5059
-5059
-5059
-5059
-5059
-5059
-5059
-5059
-5059
-5026
-5026
-5026
-5026
-5026
-5026
-5026
-5026
-5026
-5026
-5026
-5026
-5026
-5026
-5026
-5026
-5026
-5026
-4993
-4993
-4993
-4993
-4993
-4993
-4993
-4993
-4993
-4993
-4993
-4993
-4993
-4993
-4993
-4993
-4993
-4993
-4993
-4993
-4993
-4993
-4993
-4993
-4993
-4993
-4993
-4993
-4993
-4993
-4993
-4993
-4993
-4993
-4993
-4993
-4944
-4944
-4944
-4944
-4944
-4944
-4944
-4944
-4944
-4944
-4944
-4944
-4944
-4944
-4944
-4944
-4944
-4944
-4944
-4944
-4944
-4944
-4944
-4944
-4944
-4944
-4944
-4944
-4944
-4944
-4944
-4944
-4944
-4944
-4944
-4944
-4928
-4928
-4928
-4928
-4928
-4928
-4928
-4928
-4928
-4928
-4928
-4928
-4928
-4928
-4928
-4928
-4928
-4928
-4928
-4928
-4928
-4928
-4928
-4928
-4928
-4928
-4928
-4928
-4928
-4928
-4928
-4928
-4928
-4928
-4928
-4928
-4895
-4895
-4895
-4895
-4895
-4895
-4895
-4895
-4895
-4895
-4895
-4895
-4895
-4895
-4895
-4895
-4895
-4895
-4895
-4895
-4895
-4895
-4895
-4895
-4895
-4895
-4895
-4895
-4895
-4895
-4895
-4895
-4895
-4895
-4895
-4895
-4895
-4862
-4862
-4862
-4862
-4862
-4862
-4862
-4862
-4862
-4862
-4862
-4862
-4862
-4862
-4862
-4862
-4862
-4862
-4830
-4830
-4830
-4830
-4830
-4830
-4830
-4830
-4830
-4830
-4830
-4830
-4830
-4830
-4830
-4830
-4830
-4830
-4830
-4830
-4830
-4830
-4830
-4830
-4830
-4830
-4830
-4830
-4830
-4830
-4830
-4830
-4830
-4830
-4830
-4830
-4830
-4781
-4781
-4781
-4781
-4781
-4781
-4781
-4781
-4781
-4781
-4781
-4781
-4781
-4781
-4781
-4781
-4781
-4781
-4781
-4781
-4781
-4781
-4781
-4781
-4781
-4781
-4781
-4781
-4781
-4781
-4781
-4781
-4781
-4781
-4781
-4781
-4781
-4748
-4748
-4748
-4748
-4748
-4748
-4748
-4748
-4748
-4748
-4748
-4748
-4748
-4748
-4748
-4748
-4748
-4748
-4748
-4748
-4748
-4748
-4748
-4748
-4748
-4748
-4748
-4748
-4748
-4748
-4748
-4748
-4748
-4748
-4748
-4748
-4748
-4732
-4732
-4732
-4732
-4732
-4732
-4732
-4732
-4732
-4732
-4732
-4732
-4732
-4732
-4732
-4732
-4732
-4732
-4732
-4732
-4732
-4732
-4732
-4732
-4732
-4732
-4732
-4732
-4732
-4732
-4732
-4732
-4732
-4732
-4732
-4732
-4732
-4732
-4699
-4699
-4699
-4699
-4699
-4699
-4699
-4699
-4699
-4699
-4699
-4699
-4699
-4699
-4699
-4699
-4699
-4699
-4699
-4666
-4666
-4666
-4666
-4666
-4666
-4666
-4666
-4666
-4666
-4666
-4666
-4666
-4666
-4666
-4666
-4666
-4666
-4666
-4666
-4666
-4666
-4666
-4666
-4666
-4666
-4666
-4666
-4666
-4666
-4666
-4666
-4666
-4666
-4666
-4666
-4666
-4666
-4633
-4633
-4633
-4633
-4633
-4633
-4633
-4633
-4633
-4633
-4633
-4633
-4633
-4633
-4633
-4633
-4633
-4633
-4633
-4633
-4633
-4633
-4633
-4633
-4633
-4633
-4633
-4633
-4633
-4633
-4633
-4633
-4633
-4633
-4633
-4633
-4633
-4633
-4584
-4584
-4584
-4584
-4584
-4584
-4584
-4584
-4584
-4584
-4584
-4584
-4584
-4584
-4584
-4584
-4584
-4584
-4584
-4584
-4584
-4584
-4584
-4584
-4584
-4584
-4584
-4584
-4584
-4584
-4584
-4584
-4584
-4584
-4584
-4584
-4584
-4584
-4568
-4568
-4568
-4568
-4568
-4568
-4568
-4568
-4568
-4568
-4568
-4568
-4568
-4568
-4568
-4568
-4568
-4568
-4568
-4568
-4568
-4568
-4568
-4568
-4568
-4568
-4568
-4568
-4568
-4568
-4568
-4568
-4568
-4568
-4568
-4568
-4568
-4568
-4568
-4535
-4535
-4535
-4535
-4535
-4535
-4535
-4535
-4535
-4535
-4535
-4535
-4535
-4535
-4535
-4535
-4535
-4535
-4535
-4535
-4502
-4502
-4502
-4502
-4502
-4502
-4502
-4502
-4502
-4502
-4502
-4502
-4502
-4502
-4502
-4502
-4502
-4502
-4502
-4502
-4502
-4502
-4502
-4502
-4502
-4502
-4502
-4502
-4502
-4502
-4502
-4502
-4502
-4502
-4502
-4502
-4502
-4502
-4502
-4453
-4453
-4453
-4453
-4453
-4453
-4453
-4453
-4453
-4453
-4453
-4453
-4453
-4453
-4453
-4453
-4453
-4453
-4453
-4453
-4453
-4453
-4453
-4453
-4453
-4453
-4453
-4453
-4453
-4453
-4453
-4453
-4453
-4453
-4453
-4453
-4453
-4453
-4453
-4453
-4420
-4420
-4420
-4420
-4420
-4420
-4420
-4420
-4420
-4420
-4420
-4420
-4420
-4420
-4420
-4420
-4420
-4420
-4420
-4420
-4420
-4420
-4420
-4420
-4420
-4420
-4420
-4420
-4420
-4420
-4420
-4420
-4420
-4420
-4420
-4420
-4420
-4420
-4420
-4420
-4404
-4404
-4404
-4404
-4404
-4404
-4404
-4404
-4404
-4404
-4404
-4404
-4404
-4404
-4404
-4404
-4404
-4404
-4404
-4404
-4404
-4404
-4404
-4404
-4404
-4404
-4404
-4404
-4404
-4404
-4404
-4404
-4404
-4404
-4404
-4404
-4404
-4404
-4404
-4404
-4404
-4355
-4355
-4355
-4355
-4355
-4355
-4355
-4355
-4355
-4355
-4355
-4355
-4355
-4355
-4355
-4355
-4355
-4355
-4355
-4355
-4322
-4322
-4322
-4322
-4322
-4322
-4322
-4322
-4322
-4322
-4322
-4322
-4322
-4322
-4322
-4322
-4322
-4322
-4322
-4322
-4322
-4322
-4322
-4322
-4322
-4322
-4322
-4322
-4322
-4322
-4322
-4322
-4322
-4322
-4322
-4322
-4322
-4322
-4322
-4322
-4322
-4289
-4289
-4289
-4289
-4289
-4289
-4289
-4289
-4289
-4289
-4289
-4289
-4289
-4289
-4289
-4289
-4289
-4289
-4289
-4289
-4289
-4289
-4289
-4289
-4289
-4289
-4289
-4289
-4289
-4289
-4289
-4289
-4289
-4289
-4289
-4289
-4289
-4289
-4289
-4289
-4289
-4289
-4257
-4257
-4257
-4257
-4257
-4257
-4257
-4257
-4257
-4257
-4257
-4257
-4257
-4257
-4257
-4257
-4257
-4257
-4257
-4257
-4257
-4257
-4257
-4257
-4257
-4257
-4257
-4257
-4257
-4257
-4257
-4257
-4257
-4257
-4257
-4257
-4257
-4257
-4257
-4257
-4257
-4240
-4240
-4240
-4240
-4240
-4240
-4240
-4240
-4240
-4240
-4240
-4240
-4240
-4240
-4240
-4240
-4240
-4240
-4240
-4240
-4240
-4240
-4240
-4240
-4240
-4240
-4240
-4240
-4240
-4240
-4240
-4240
-4240
-4240
-4240
-4240
-4240
-4240
-4240
-4240
-4240
-4240
-4240
-4208
-4208
-4208
-4208
-4208
-4208
-4208
-4208
-4208
-4208
-4208
-4208
-4208
-4208
-4208
-4208
-4208
-4208
-4208
-4208
-4208
-4158
-4158
-4158
-4158
-4158
-4158
-4158
-4158
-4158
-4158
-4158
-4158
-4158
-4158
-4158
-4158
-4158
-4158
-4158
-4158
-4158
-4158
-4158
-4158
-4158
-4158
-4158
-4158
-4158
-4158
-4158
-4158
-4158
-4158
-4158
-4158
-4158
-4158
-4158
-4158
-4158
-4158
-4158
-4126
-4126
-4126
-4126
-4126
-4126
-4126
-4126
-4126
-4126
-4126
-4126
-4126
-4126
-4126
-4126
-4126
-4126
-4126
-4126
-4126
-4126
-4126
-4126
-4126
-4126
-4126
-4126
-4126
-4126
-4126
-4126
-4126
-4126
-4126
-4126
-4126
-4126
-4126
-4126
-4126
-4126
-4126
-4093
-4093
-4093
-4093
-4093
-4093
-4093
-4093
-4093
-4093
-4093
-4093
-4093
-4093
-4093
-4093
-4093
-4093
-4093
-4093
-4093
-4093
-4093
-4093
-4093
-4093
-4093
-4093
-4093
-4093
-4093
-4093
-4093
-4093
-4093
-4093
-4093
-4093
-4093
-4093
-4093
-4093
-4093
-4077
-4077
-4077
-4077
-4077
-4077
-4077
-4077
-4077
-4077
-4077
-4077
-4077
-4077
-4077
-4077
-4077
-4077
-4077
-4077
-4077
-4077
-4077
-4077
-4077
-4077
-4077
-4077
-4077
-4077
-4077
-4077
-4077
-4077
-4077
-4077
-4077
-4077
-4077
-4077
-4077
-4077
-4077
-4044
-4044
-4044
-4044
-4044
-4044
-4044
-4044
-4044
-4044
-4044
-4044
-4044
-4044
-4044
-4044
-4044
-4044
-4044
-4044
-4044
-4044
-4011
-4011
-4011
-4011
-4011
-4011
-4011
-4011
-4011
-4011
-4011
-4011
-4011
-4011
-4011
-4011
-4011
-4011
-4011
-4011
-4011
-4011
-4011
-4011
-4011
-4011
-4011
-4011
-4011
-4011
-4011
-4011
-4011
-4011
-4011
-4011
-4011
-4011
-4011
-4011
-4011
-4011
-4011
-4011
-3962
-3962
-3962
-3962
-3962
-3962
-3962
-3962
-3962
-3962
-3962
-3962
-3962
-3962
-3962
-3962
-3962
-3962
-3962
-3962
-3962
-3962
-3962
-3962
-3962
-3962
-3962
-3962
-3962
-3962
-3962
-3962
-3962
-3962
-3962
-3962
-3962
-3962
-3962
-3962
-3962
-3962
-3962
-3929
-3929
-3929
-3929
-3929
-3929
-3929
-3929
-3929
-3929
-3929
-3929
-3929
-3929
-3929
-3929
-3929
-3929
-3929
-3929
-3929
-3929
-3929
-3929
-3929
-3929
-3929
-3929
-3929
-3929
-3929
-3929
-3929
-3929
-3929
-3929
-3929
-3929
-3929
-3929
-3929
-3929
-3929
-3929
-3913
-3913
-3913
-3913
-3913
-3913
-3913
-3913
-3913
-3913
-3913
-3913
-3913
-3913
-3913
-3913
-3913
-3913
-3913
-3913
-3913
-3913
-3913
-3913
-3913
-3913
-3913
-3913
-3913
-3913
-3913
-3913
-3913
-3913
-3913
-3913
-3913
-3913
-3913
-3913
-3913
-3913
-3913
-3913
-3913
-3880
-3880
-3880
-3880
-3880
-3880
-3880
-3880
-3880
-3880
-3880
-3880
-3880
-3880
-3880
-3880
-3880
-3880
-3880
-3880
-3880
-3880
-3847
-3847
-3847
-3847
-3847
-3847
-3847
-3847
-3847
-3847
-3847
-3847
-3847
-3847
-3847
-3847
-3847
-3847
-3847
-3847
-3847
-3847
-3847
-3847
-3847
-3847
-3847
-3847
-3847
-3847
-3847
-3847
-3847
-3847
-3847
-3847
-3847
-3847
-3847
-3847
-3847
-3847
-3847
-3847
-3815
-3815
-3815
-3815
-3815
-3815
-3815
-3815
-3815
-3815
-3815
-3815
-3815
-3815
-3815
-3815
-3815
-3815
-3815
-3815
-3815
-3815
-3815
-3815
-3815
-3815
-3815
-3815
-3815
-3815
-3815
-3815
-3815
-3815
-3815
-3815
-3815
-3815
-3815
-3815
-3815
-3815
-3815
-3815
-3815
-3749
-3749
-3749
-3749
-3749
-3749
-3749
-3749
-3749
-3749
-3749
-3749
-3749
-3749
-3749
-3749
-3749
-3749
-3749
-3749
-3749
-3749
-3749
-3749
-3749
-3749
-3749
-3749
-3749
-3749
-3749
-3749
-3749
-3749
-3749
-3749
-3749
-3749
-3749
-3749
-3749
-3749
-3749
-3749
-3749
-3733
-3733
-3733
-3733
-3733
-3733
-3733
-3733
-3733
-3733
-3733
-3733
-3733
-3733
-3733
-3733
-3733
-3733
-3733
-3733
-3733
-3733
-3733
-3733
-3733
-3733
-3733
-3733
-3733
-3733
-3733
-3733
-3733
-3733
-3733
-3733
-3733
-3733
-3733
-3733
-3733
-3733
-3733
-3733
-3733
-3700
-3700
-3700
-3700
-3700
-3700
-3700
-3700
-3700
-3700
-3700
-3700
-3700
-3700
-3700
-3700
-3700
-3700
-3700
-3700
-3700
-3700
-3700
-3667
-3667
-3667
-3667
-3667
-3667
-3667
-3667
-3667
-3667
-3667
-3667
-3667
-3667
-3667
-3667
-3667
-3667
-3667
-3667
-3667
-3667
-3667
-3667
-3667
-3667
-3667
-3667
-3667
-3667
-3667
-3667
-3667
-3667
-3667
-3667
-3667
-3667
-3667
-3667
-3667
-3667
-3667
-3667
-3667
-3667
-3635
-3635
-3635
-3635
-3635
-3635
-3635
-3635
-3635
-3635
-3635
-3635
-3635
-3635
-3635
-3635
-3635
-3635
-3635
-3635
-3635
-3635
-3635
-3635
-3635
-3635
-3635
-3635
-3635
-3635
-3635
-3635
-3635
-3635
-3635
-3635
-3635
-3635
-3635
-3635
-3635
-3635
-3635
-3635
-3635
-3635
-3602
-3602
-3602
-3602
-3602
-3602
-3602
-3602
-3602
-3602
-3602
-3602
-3602
-3602
-3602
-3602
-3602
-3602
-3602
-3602
-3602
-3602
-3602
-3602
-3602
-3602
-3602
-3602
-3602
-3602
-3602
-3602
-3602
-3602
-3602
-3602
-3602
-3602
-3602
-3602
-3602
-3602
-3602
-3602
-3602
-3602
-3569
-3569
-3569
-3569
-3569
-3569
-3569
-3569
-3569
-3569
-3569
-3569
-3569
-3569
-3569
-3569
-3569
-3569
-3569
-3569
-3569
-3569
-3569
-3569
-3569
-3569
-3569
-3569
-3569
-3569
-3569
-3569
-3569
-3569
-3569
-3569
-3569
-3569
-3569
-3569
-3569
-3569
-3569
-3569
-3569
-3569
-3569
-3536
-3536
-3536
-3536
-3536
-3536
-3536
-3536
-3536
-3536
-3536
-3536
-3536
-3536
-3536
-3536
-3536
-3536
-3536
-3536
-3536
-3536
-3536
-3504
-3504
-3504
-3504
-3504
-3504
-3504
-3504
-3504
-3504
-3504
-3504
-3504
-3504
-3504
-3504
-3504
-3504
-3504
-3504
-3504
-3504
-3504
-3504
-3504
-3504
-3504
-3504
-3504
-3504
-3504
-3504
-3504
-3504
-3504
-3504
-3504
-3504
-3504
-3504
-3504
-3504
-3504
-3504
-3504
-3504
-3504
-3504
-3471
-3471
-3471
-3471
-3471
-3471
-3471
-3471
-3471
-3471
-3471
-3471
-3471
-3471
-3471
-3471
-3471
-3471
-3471
-3471
-3471
-3471
-3471
-3471
-3471
-3471
-3471
-3471
-3471
-3471
-3471
-3471
-3471
-3471
-3471
-3471
-3471
-3471
-3471
-3471
-3471
-3471
-3471
-3471
-3471
-3471
-3471
-3438
-3438
-3438
-3438
-3438
-3438
-3438
-3438
-3438
-3438
-3438
-3438
-3438
-3438
-3438
-3438
-3438
-3438
-3438
-3438
-3438
-3438
-3438
-3438
-3438
-3438
-3438
-3438
-3438
-3438
-3438
-3438
-3438
-3438
-3438
-3438
-3438
-3438
-3438
-3438
-3438
-3438
-3438
-3438
-3438
-3438
-3438
-3438
-3422
-3422
-3422
-3422
-3422
-3422
-3422
-3422
-3422
-3422
-3422
-3422
-3422
-3422
-3422
-3422
-3422
-3422
-3422
-3422
-3422
-3422
-3422
-3422
-3422
-3422
-3422
-3422
-3422
-3422
-3422
-3422
-3422
-3422
-3422
-3422
-3422
-3422
-3422
-3422
-3422
-3422
-3422
-3422
-3422
-3422
-3422
-3422
-3422
-3373
-3373
-3373
-3373
-3373
-3373
-3373
-3373
-3373
-3373
-3373
-3373
-3373
-3373
-3373
-3373
-3373
-3373
-3373
-3373
-3373
-3373
-3373
-3373
-3340
-3340
-3340
-3340
-3340
-3340
-3340
-3340
-3340
-3340
-3340
-3340
-3340
-3340
-3340
-3340
-3340
-3340
-3340
-3340
-3340
-3340
-3340
-3340
-3340
-3340
-3340
-3340
-3340
-3340
-3340
-3340
-3340
-3340
-3340
-3340
-3340
-3340
-3340
-3340
-3340
-3340
-3340
-3340
-3340
-3340
-3340
-3340
-3340
-3307
-3307
-3307
-3307
-3307
-3307
-3307
-3307
-3307
-3307
-3307
-3307
-3307
-3307
-3307
-3307
-3307
-3307
-3307
-3307
-3307
-3307
-3307
-3307
-3307
-3307
-3307
-3307
-3307
-3307
-3307
-3307
-3307
-3307
-3307
-3307
-3307
-3307
-3307
-3307
-3307
-3307
-3307
-3307
-3307
-3307
-3307
-3307
-3307
-3274
-3274
-3274
-3274
-3274
-3274
-3274
-3274
-3274
-3274
-3274
-3274
-3274
-3274
-3274
-3274
-3274
-3274
-3274
-3274
-3274
-3274
-3274
-3274
-3274
-3274
-3274
-3274
-3274
-3274
-3274
-3274
-3274
-3274
-3274
-3274
-3274
-3274
-3274
-3274
-3274
-3274
-3274
-3274
-3274
-3274
-3274
-3274
-3274
-3274
-3258
-3258
-3258
-3258
-3258
-3258
-3258
-3258
-3258
-3258
-3258
-3258
-3258
-3258
-3258
-3258
-3258
-3258
-3258
-3258
-3258
-3258
-3258
-3258
-3258
-3258
-3258
-3258
-3258
-3258
-3258
-3258
-3258
-3258
-3258
-3258
-3258
-3258
-3258
-3258
-3258
-3258
-3258
-3258
-3258
-3258
-3258
-3258
-3258
-3258
-3258
-3225
-3225
-3225
-3225
-3225
-3225
-3225
-3225
-3225
-3225
-3225
-3225
-3225
-3225
-3225
-3225
-3225
-3225
-3225
-3225
-3225
-3225
-3225
-3225
-3225
-3176
-3176
-3176
-3176
-3176
-3176
-3176
-3176
-3176
-3176
-3176
-3176
-3176
-3176
-3176
-3176
-3176
-3176
-3176
-3176
-3176
-3176
-3176
-3176
-3176
-3176
-3176
-3176
-3176
-3176
-3176
-3176
-3176
-3176
-3176
-3176
-3176
-3176
-3176
-3176
-3176
-3176
-3176
-3176
-3176
-3176
-3176
-3176
-3176
-3176
-3176
-3176
-3143
-3143
-3143
-3143
-3143
-3143
-3143
-3143
-3143
-3143
-3143
-3143
-3143
-3143
-3143
-3143
-3143
-3143
-3143
-3143
-3143
-3143
-3143
-3143
-3143
-3143
-3143
-3143
-3143
-3143
-3143
-3143
-3143
-3143
-3143
-3143
-3143
-3143
-3143
-3143
-3143
-3143
-3143
-3143
-3143
-3143
-3143
-3143
-3143
-3143
-3143
-3143
-3111
-3111
-3111
-3111
-3111
-3111
-3111
-3111
-3111
-3111
-3111
-3111
-3111
-3111
-3111
-3111
-3111
-3111
-3111
-3111
-3111
-3111
-3111
-3111
-3111
-3111
-3111
-3111
-3111
-3111
-3111
-3111
-3111
-3111
-3111
-3111
-3111
-3111
-3111
-3111
-3111
-3111
-3111
-3111
-3111
-3111
-3111
-3111
-3111
-3111
-3111
-3111
-3078
-3078
-3078
-3078
-3078
-3078
-3078
-3078
-3078
-3078
-3078
-3078
-3078
-3078
-3078
-3078
-3078
-3078
-3078
-3078
-3078
-3078
-3078
-3078
-3078
-3078
-3078
-3078
-3078
-3078
-3078
-3078
-3078
-3078
-3078
-3078
-3078
-3078
-3078
-3078
-3078
-3078
-3078
-3078
-3078
-3078
-3078
-3078
-3078
-3078
-3078
-3078
-3078
-3078
-3045
-3045
-3045
-3045
-3045
-3045
-3045
-3045
-3045
-3045
-3045
-3045
-3045
-3045
-3045
-3045
-3045
-3045
-3045
-3045
-3045
-3045
-3045
-3045
-3045
-3045
-3012
-3012
-3012
-3012
-3012
-3012
-3012
-3012
-3012
-3012
-3012
-3012
-3012
-3012
-3012
-3012
-3012
-3012
-3012
-3012
-3012
-3012
-3012
-3012
-3012
-3012
-3012
-3012
-3012
-3012
-3012
-3012
-3012
-3012
-3012
-3012
-3012
-3012
-3012
-3012
-3012
-3012
-3012
-3012
-3012
-3012
-3012
-3012
-3012
-3012
-3012
-3012
-3012
-3012
-3012
-2963
-2963
-2963
-2963
-2963
-2963
-2963
-2963
-2963
-2963
-2963
-2963
-2963
-2963
-2963
-2963
-2963
-2963
-2963
-2963
-2963
-2963
-2963
-2963
-2963
-2963
-2963
-2963
-2963
-2963
-2963
-2963
-2963
-2963
-2963
-2963
-2963
-2963
-2963
-2963
-2963
-2963
-2963
-2963
-2963
-2963
-2963
-2963
-2963
-2963
-2963
-2963
-2963
-2963
-2963
-2931
-2931
-2931
-2931
-2931
-2931
-2931
-2931
-2931
-2931
-2931
-2931
-2931
-2931
-2931
-2931
-2931
-2931
-2931
-2931
-2931
-2931
-2931
-2931
-2931
-2931
-2931
-2931
-2931
-2931
-2931
-2931
-2931
-2931
-2931
-2931
-2931
-2931
-2931
-2931
-2931
-2931
-2931
-2931
-2931
-2931
-2931
-2931
-2931
-2931
-2931
-2931
-2931
-2931
-2931
-2931
-2914
-2914
-2914
-2914
-2914
-2914
-2914
-2914
-2914
-2914
-2914
-2914
-2914
-2914
-2914
-2914
-2914
-2914
-2914
-2914
-2914
-2914
-2914
-2914
-2914
-2914
-2914
-2914
-2914
-2914
-2914
-2914
-2914
-2914
-2914
-2914
-2914
-2914
-2914
-2914
-2914
-2914
-2914
-2914
-2914
-2914
-2914
-2914
-2914
-2914
-2914
-2914
-2914
-2914
-2914
-2914
-2914
-2881
-2881
-2881
-2881
-2881
-2881
-2881
-2881
-2881
-2881
-2881
-2881
-2881
-2881
-2881
-2881
-2881
-2881
-2881
-2881
-2881
-2881
-2881
-2881
-2881
-2881
-2881
-2881
-2881
-2849
-2849
-2849
-2849
-2849
-2849
-2849
-2849
-2849
-2849
-2849
-2849
-2849
-2849
-2849
-2849
-2849
-2849
-2849
-2849
-2849
-2849
-2849
-2849
-2849
-2849
-2849
-2849
-2849
-2849
-2849
-2849
-2849
-2849
-2849
-2849
-2849
-2849
-2849
-2849
-2849
-2849
-2849
-2849
-2849
-2849
-2849
-2849
-2849
-2849
-2849
-2849
-2849
-2849
-2849
-2849
-2849
-2849
-2816
-2816
-2816
-2816
-2816
-2816
-2816
-2816
-2816
-2816
-2816
-2816
-2816
-2816
-2816
-2816
-2816
-2816
-2816
-2816
-2816
-2816
-2816
-2816
-2816
-2816
-2816
-2816
-2816
-2816
-2816
-2816
-2816
-2816
-2816
-2816
-2816
-2816
-2816
-2816
-2816
-2816
-2816
-2816
-2816
-2816
-2816
-2816
-2816
-2816
-2816
-2816
-2816
-2816
-2816
-2816
-2816
-2816
-2816
-2767
-2767
-2767
-2767
-2767
-2767
-2767
-2767
-2767
-2767
-2767
-2767
-2767
-2767
-2767
-2767
-2767
-2767
-2767
-2767
-2767
-2767
-2767
-2767
-2767
-2767
-2767
-2767
-2767
-2767
-2767
-2767
-2767
-2767
-2767
-2767
-2767
-2767
-2767
-2767
-2767
-2767
-2767
-2767
-2767
-2767
-2767
-2767
-2767
-2767
-2767
-2767
-2767
-2767
-2767
-2767
-2767
-2767
-2767
-2767
-2751
-2751
-2751
-2751
-2751
-2751
-2751
-2751
-2751
-2751
-2751
-2751
-2751
-2751
-2751
-2751
-2751
-2751
-2751
-2751
-2751
-2751
-2751
-2751
-2751
-2751
-2751
-2751
-2751
-2751
-2751
-2751
-2751
-2751
-2751
-2751
-2751
-2751
-2751
-2751
-2751
-2751
-2751
-2751
-2751
-2751
-2751
-2751
-2751
-2751
-2751
-2751
-2751
-2751
-2751
-2751
-2751
-2751
-2751
-2751
-2718
-2718
-2718
-2718
-2718
-2718
-2718
-2718
-2718
-2718
-2718
-2718
-2718
-2718
-2718
-2718
-2718
-2718
-2718
-2718
-2718
-2718
-2718
-2718
-2718
-2718
-2718
-2718
-2718
-2718
-2685
-2685
-2685
-2685
-2685
-2685
-2685
-2685
-2685
-2685
-2685
-2685
-2685
-2685
-2685
-2685
-2685
-2685
-2685
-2685
-2685
-2685
-2685
-2685
-2685
-2685
-2685
-2685
-2685
-2685
-2685
-2685
-2685
-2685
-2685
-2685
-2685
-2685
-2685
-2685
-2685
-2685
-2685
-2685
-2685
-2685
-2685
-2685
-2685
-2685
-2685
-2685
-2685
-2685
-2685
-2685
-2685
-2685
-2685
-2685
-2685
-2652
-2652
-2652
-2652
-2652
-2652
-2652
-2652
-2652
-2652
-2652
-2652
-2652
-2652
-2652
-2652
-2652
-2652
-2652
-2652
-2652
-2652
-2652
-2652
-2652
-2652
-2652
-2652
-2652
-2652
-2652
-2652
-2652
-2652
-2652
-2652
-2652
-2652
-2652
-2652
-2652
-2652
-2652
-2652
-2652
-2652
-2652
-2652
-2652
-2652
-2652
-2652
-2652
-2652
-2652
-2652
-2652
-2652
-2652
-2652
-2620
-2620
-2620
-2620
-2620
-2620
-2620
-2620
-2620
-2620
-2620
-2620
-2620
-2620
-2620
-2620
-2620
-2620
-2620
-2620
-2620
-2620
-2620
-2620
-2620
-2620
-2620
-2620
-2620
-2620
-2620
-2620
-2620
-2620
-2620
-2620
-2620
-2620
-2620
-2620
-2620
-2620
-2620
-2620
-2620
-2620
-2620
-2620
-2620
-2620
-2620
-2620
-2620
-2620
-2620
-2620
-2620
-2620
-2620
-2620
-2620
-2587
-2587
-2587
-2587
-2587
-2587
-2587
-2587
-2587
-2587
-2587
-2587
-2587
-2587
-2587
-2587
-2587
-2587
-2587
-2587
-2587
-2587
-2587
-2587
-2587
-2587
-2587
-2587
-2587
-2587
-2587
-2587
-2587
-2587
-2587
-2587
-2587
-2587
-2587
-2587
-2587
-2587
-2587
-2587
-2587
-2587
-2587
-2587
-2587
-2587
-2587
-2587
-2587
-2587
-2587
-2587
-2587
-2587
-2587
-2587
-2587
-2554
-2554
-2554
-2554
-2554
-2554
-2554
-2554
-2554
-2554
-2554
-2554
-2554
-2554
-2554
-2554
-2554
-2554
-2554
-2554
-2554
-2554
-2554
-2554
-2554
-2554
-2554
-2554
-2554
-2554
-2554
-2521
-2521
-2521
-2521
-2521
-2521
-2521
-2521
-2521
-2521
-2521
-2521
-2521
-2521
-2521
-2521
-2521
-2521
-2521
-2521
-2521
-2521
-2521
-2521
-2521
-2521
-2521
-2521
-2521
-2521
-2521
-2521
-2521
-2521
-2521
-2521
-2521
-2521
-2521
-2521
-2521
-2521
-2521
-2521
-2521
-2521
-2521
-2521
-2521
-2521
-2521
-2521
-2521
-2521
-2521
-2521
-2521
-2521
-2521
-2521
-2521
-2489
-2489
-2489
-2489
-2489
-2489
-2489
-2489
-2489
-2489
-2489
-2489
-2489
-2489
-2489
-2489
-2489
-2489
-2489
-2489
-2489
-2489
-2489
-2489
-2489
-2489
-2489
-2489
-2489
-2489
-2489
-2489
-2489
-2489
-2489
-2489
-2489
-2489
-2489
-2489
-2489
-2489
-2489
-2489
-2489
-2489
-2489
-2489
-2489
-2489
-2489
-2489
-2489
-2489
-2489
-2489
-2489
-2489
-2489
-2489
-2489
-2489
-2456
-2456
-2456
-2456
-2456
-2456
-2456
-2456
-2456
-2456
-2456
-2456
-2456
-2456
-2456
-2456
-2456
-2456
-2456
-2456
-2456
-2456
-2456
-2456
-2456
-2456
-2456
-2456
-2456
-2456
-2456
-2456
-2456
-2456
-2456
-2456
-2456
-2456
-2456
-2456
-2456
-2456
-2456
-2456
-2456
-2456
-2456
-2456
-2456
-2456
-2456
-2456
-2456
-2456
-2456
-2456
-2456
-2456
-2456
-2456
-2456
-2456
-2439
-2439
-2439
-2439
-2439
-2439
-2439
-2439
-2439
-2439
-2439
-2439
-2439
-2439
-2439
-2439
-2439
-2439
-2439
-2439
-2439
-2439
-2439
-2439
-2439
-2439
-2439
-2439
-2439
-2439
-2439
-2439
-2439
-2439
-2439
-2439
-2439
-2439
-2439
-2439
-2439
-2439
-2439
-2439
-2439
-2439
-2439
-2439
-2439
-2439
-2439
-2439
-2439
-2439
-2439
-2439
-2439
-2439
-2439
-2439
-2439
-2439
-2439
-2374
-2374
-2374
-2374
-2374
-2374
-2374
-2374
-2374
-2374
-2374
-2374
-2374
-2374
-2374
-2374
-2374
-2374
-2374
-2374
-2374
-2374
-2374
-2374
-2374
-2374
-2374
-2374
-2374
-2374
-2374
-2341
-2341
-2341
-2341
-2341
-2341
-2341
-2341
-2341
-2341
-2341
-2341
-2341
-2341
-2341
-2341
-2341
-2341
-2341
-2341
-2341
-2341
-2341
-2341
-2341
-2341
-2341
-2341
-2341
-2341
-2341
-2341
-2341
-2341
-2341
-2341
-2341
-2341
-2341
-2341
-2341
-2341
-2341
-2341
-2341
-2341
-2341
-2341
-2341
-2341
-2341
-2341
-2341
-2341
-2341
-2341
-2341
-2341
-2341
-2341
-2341
-2341
-2341
-2308
-2308
-2308
-2308
-2308
-2308
-2308
-2308
-2308
-2308
-2308
-2308
-2308
-2308
-2308
-2308
-2308
-2308
-2308
-2308
-2308
-2308
-2308
-2308
-2308
-2308
-2308
-2308
-2308
-2308
-2308
-2308
-2308
-2308
-2308
-2308
-2308
-2308
-2308
-2308
-2308
-2308
-2308
-2308
-2308
-2308
-2308
-2308
-2308
-2308
-2308
-2308
-2308
-2308
-2308
-2308
-2308
-2308
-2308
-2308
-2308
-2308
-2308
-2308
-2276
-2276
-2276
-2276
-2276
-2276
-2276
-2276
-2276
-2276
-2276
-2276
-2276
-2276
-2276
-2276
-2276
-2276
-2276
-2276
-2276
-2276
-2276
-2276
-2276
-2276
-2276
-2276
-2276
-2276
-2276
-2276
-2276
-2276
-2276
-2276
-2276
-2276
-2276
-2276
-2276
-2276
-2276
-2276
-2276
-2276
-2276
-2276
-2276
-2276
-2276
-2276
-2276
-2276
-2276
-2276
-2276
-2276
-2276
-2276
-2276
-2276
-2276
-2276
-2259
-2259
-2259
-2259
-2259
-2259
-2259
-2259
-2259
-2259
-2259
-2259
-2259
-2259
-2259
-2259
-2259
-2259
-2259
-2259
-2259
-2259
-2259
-2259
-2259
-2259
-2259
-2259
-2259
-2259
-2259
-2259
-2259
-2259
-2259
-2259
-2259
-2259
-2259
-2259
-2259
-2259
-2259
-2259
-2259
-2259
-2259
-2259
-2259
-2259
-2259
-2259
-2259
-2259
-2259
-2259
-2259
-2259
-2259
-2259
-2259
-2259
-2259
-2259
-2227
-2227
-2227
-2227
-2227
-2227
-2227
-2227
-2227
-2227
-2227
-2227
-2227
-2227
-2227
-2227
-2227
-2227
-2227
-2227
-2227
-2227
-2227
-2227
-2227
-2227
-2227
-2227
-2227
-2227
-2227
-2227
-2227
-2227
-2227
-2227
-2227
-2227
-2227
-2227
-2227
-2227
-2227
-2227
-2227
-2227
-2227
-2227
-2227
-2227
-2227
-2227
-2227
-2227
-2227
-2227
-2227
-2227
-2227
-2227
-2227
-2227
-2227
-2227
-2227
-2177
-2177
-2177
-2177
-2177
-2177
-2177
-2177
-2177
-2177
-2177
-2177
-2177
-2177
-2177
-2177
-2177
-2177
-2177
-2177
-2177
-2177
-2177
-2177
-2177
-2177
-2177
-2177
-2177
-2177
-2177
-2177
-2177
-2145
-2145
-2145
-2145
-2145
-2145
-2145
-2145
-2145
-2145
-2145
-2145
-2145
-2145
-2145
-2145
-2145
-2145
-2145
-2145
-2145
-2145
-2145
-2145
-2145
-2145
-2145
-2145
-2145
-2145
-2145
-2145
-2145
-2145
-2145
-2145
-2145
-2145
-2145
-2145
-2145
-2145
-2145
-2145
-2145
-2145
-2145
-2145
-2145
-2145
-2145
-2145
-2145
-2145
-2145
-2145
-2145
-2145
-2145
-2145
-2145
-2145
-2145
-2145
-2145
-2145
-2112
-2112
-2112
-2112
-2112
-2112
-2112
-2112
-2112
-2112
-2112
-2112
-2112
-2112
-2112
-2112
-2112
-2112
-2112
-2112
-2112
-2112
-2112
-2112
-2112
-2112
-2112
-2112
-2112
-2112
-2112
-2112
-2112
-2112
-2112
-2112
-2112
-2112
-2112
-2112
-2112
-2112
-2112
-2112
-2112
-2112
-2112
-2112
-2112
-2112
-2112
-2112
-2112
-2112
-2112
-2112
-2112
-2112
-2112
-2112
-2112
-2112
-2112
-2112
-2112
-2112
-2112
-2096
-2096
-2096
-2096
-2096
-2096
-2096
-2096
-2096
-2096
-2096
-2096
-2096
-2096
-2096
-2096
-2096
-2096
-2096
-2096
-2096
-2096
-2096
-2096
-2096
-2096
-2096
-2096
-2096
-2096
-2096
-2096
-2096
-2096
-2096
-2096
-2096
-2096
-2096
-2096
-2096
-2096
-2096
-2096
-2096
-2096
-2096
-2096
-2096
-2096
-2096
-2096
-2096
-2096
-2096
-2096
-2096
-2096
-2096
-2096
-2096
-2096
-2096
-2096
-2096
-2096
-2096
-2063
-2063
-2063
-2063
-2063
-2063
-2063
-2063
-2063
-2063
-2063
-2063
-2063
-2063
-2063
-2063
-2063
-2063
-2063
-2063
-2063
-2063
-2063
-2063
-2063
-2063
-2063
-2063
-2063
-2063
-2063
-2063
-2063
-2063
-2063
-2063
-2063
-2063
-2063
-2063
-2063
-2063
-2063
-2063
-2063
-2063
-2063
-2063
-2063
-2063
-2063
-2063
-2063
-2063
-2063
-2063
-2063
-2063
-2063
-2063
-2063
-2063
-2063
-2063
-2063
-2063
-2063
-2063
-2063
-2030
-2030
-2030
-2030
-2030
-2030
-2030
-2030
-2030
-2030
-2030
-2030
-2030
-2030
-2030
-2030
-2030
-2030
-2030
-2030
-2030
-2030
-2030
-2030
-2030
-2030
-2030
-2030
-2030
-2030
-2030
-2030
-2030
-2030
-1981
-1981
-1981
-1981
-1981
-1981
-1981
-1981
-1981
-1981
-1981
-1981
-1981
-1981
-1981
-1981
-1981
-1981
-1981
-1981
-1981
-1981
-1981
-1981
-1981
-1981
-1981
-1981
-1981
-1981
-1981
-1981
-1981
-1981
-1981
-1981
-1981
-1981
-1981
-1981
-1981
-1981
-1981
-1981
-1981
-1981
-1981
-1981
-1981
-1981
-1981
-1981
-1981
-1981
-1981
-1981
-1981
-1981
-1981
-1981
-1981
-1981
-1981
-1981
-1981
-1981
-1981
-1981
-1981
-1948
-1948
-1948
-1948
-1948
-1948
-1948
-1948
-1948
-1948
-1948
-1948
-1948
-1948
-1948
-1948
-1948
-1948
-1948
-1948
-1948
-1948
-1948
-1948
-1948
-1948
-1948
-1948
-1948
-1948
-1948
-1948
-1948
-1948
-1948
-1948
-1948
-1948
-1948
-1948
-1948
-1948
-1948
-1948
-1948
-1948
-1948
-1948
-1948
-1948
-1948
-1948
-1948
-1948
-1948
-1948
-1948
-1948
-1948
-1948
-1948
-1948
-1948
-1948
-1948
-1948
-1948
-1948
-1948
-1948
-1948
-1932
-1932
-1932
-1932
-1932
-1932
-1932
-1932
-1932
-1932
-1932
-1932
-1932
-1932
-1932
-1932
-1932
-1932
-1932
-1932
-1932
-1932
-1932
-1932
-1932
-1932
-1932
-1932
-1932
-1932
-1932
-1932
-1932
-1932
-1932
-1932
-1932
-1932
-1932
-1932
-1932
-1932
-1932
-1932
-1932
-1932
-1932
-1932
-1932
-1932
-1932
-1932
-1932
-1932
-1932
-1932
-1932
-1932
-1932
-1932
-1932
-1932
-1932
-1932
-1932
-1932
-1932
-1932
-1932
-1932
-1932
-1899
-1899
-1899
-1899
-1899
-1899
-1899
-1899
-1899
-1899
-1899
-1899
-1899
-1899
-1899
-1899
-1899
-1899
-1899
-1899
-1899
-1899
-1899
-1899
-1899
-1899
-1899
-1899
-1899
-1899
-1899
-1899
-1899
-1899
-1899
-1899
-1899
-1899
-1899
-1899
-1899
-1899
-1899
-1899
-1899
-1899
-1899
-1899
-1899
-1899
-1899
-1899
-1899
-1899
-1899
-1899
-1899
-1899
-1899
-1899
-1899
-1899
-1899
-1899
-1899
-1899
-1899
-1899
-1899
-1899
-1899
-1899
-1866
-1866
-1866
-1866
-1866
-1866
-1866
-1866
-1866
-1866
-1866
-1866
-1866
-1866
-1866
-1866
-1866
-1866
-1866
-1866
-1866
-1866
-1866
-1866
-1866
-1866
-1866
-1866
-1866
-1866
-1866
-1866
-1866
-1866
-1866
-1866
-1866
-1834
-1834
-1834
-1834
-1834
-1834
-1834
-1834
-1834
-1834
-1834
-1834
-1834
-1834
-1834
-1834
-1834
-1834
-1834
-1834
-1834
-1834
-1834
-1834
-1834
-1834
-1834
-1834
-1834
-1834
-1834
-1834
-1834
-1834
-1834
-1834
-1834
-1834
-1834
-1834
-1834
-1834
-1834
-1834
-1834
-1834
-1834
-1834
-1834
-1834
-1834
-1834
-1834
-1834
-1834
-1834
-1834
-1834
-1834
-1834
-1834
-1834
-1834
-1834
-1834
-1834
-1834
-1834
-1834
-1834
-1834
-1834
-1834
-1834
-1785
-1785
-1785
-1785
-1785
-1785
-1785
-1785
-1785
-1785
-1785
-1785
-1785
-1785
-1785
-1785
-1785
-1785
-1785
-1785
-1785
-1785
-1785
-1785
-1785
-1785
-1785
-1785
-1785
-1785
-1785
-1785
-1785
-1785
-1785
-1785
-1785
-1785
-1785
-1785
-1785
-1785
-1785
-1785
-1785
-1785
-1785
-1785
-1785
-1785
-1785
-1785
-1785
-1785
-1785
-1785
-1785
-1785
-1785
-1785
-1785
-1785
-1785
-1785
-1785
-1785
-1785
-1785
-1785
-1785
-1785
-1785
-1785
-1785
-1785
-1785
-1768
-1768
-1768
-1768
-1768
-1768
-1768
-1768
-1768
-1768
-1768
-1768
-1768
-1768
-1768
-1768
-1768
-1768
-1768
-1768
-1768
-1768
-1768
-1768
-1768
-1768
-1768
-1768
-1768
-1768
-1768
-1768
-1768
-1768
-1768
-1768
-1768
-1768
-1768
-1768
-1768
-1768
-1768
-1768
-1768
-1768
-1768
-1768
-1768
-1768
-1768
-1768
-1768
-1768
-1768
-1768
-1768
-1768
-1768
-1768
-1768
-1768
-1768
-1768
-1768
-1768
-1768
-1768
-1768
-1768
-1768
-1768
-1768
-1768
-1768
-1768
-1768
-1735
-1735
-1735
-1735
-1735
-1735
-1735
-1735
-1735
-1735
-1735
-1735
-1735
-1735
-1735
-1735
-1735
-1735
-1735
-1735
-1735
-1735
-1735
-1735
-1735
-1735
-1735
-1735
-1735
-1735
-1735
-1735
-1735
-1735
-1735
-1735
-1735
-1735
-1735
-1735
-1735
-1735
-1735
-1735
-1735
-1735
-1735
-1735
-1735
-1735
-1735
-1735
-1735
-1735
-1735
-1735
-1735
-1735
-1735
-1735
-1735
-1735
-1735
-1735
-1735
-1735
-1735
-1735
-1735
-1735
-1735
-1735
-1735
-1735
-1735
-1735
-1735
-1735
-1686
-1686
-1686
-1686
-1686
-1686
-1686
-1686
-1686
-1686
-1686
-1686
-1686
-1686
-1686
-1686
-1686
-1686
-1686
-1686
-1686
-1686
-1686
-1686
-1686
-1686
-1686
-1686
-1686
-1686
-1686
-1686
-1686
-1686
-1686
-1686
-1686
-1686
-1686
-1686
-1654
-1654
-1654
-1654
-1654
-1654
-1654
-1654
-1654
-1654
-1654
-1654
-1654
-1654
-1654
-1654
-1654
-1654
-1654
-1654
-1654
-1654
-1654
-1654
-1654
-1654
-1654
-1654
-1654
-1654
-1654
-1654
-1654
-1654
-1654
-1654
-1654
-1654
-1654
-1654
-1654
-1654
-1654
-1654
-1654
-1654
-1654
-1654
-1654
-1654
-1654
-1654
-1654
-1654
-1654
-1654
-1654
-1654
-1654
-1654
-1654
-1654
-1654
-1654
-1654
-1654
-1654
-1654
-1654
-1654
-1654
-1654
-1654
-1654
-1654
-1654
-1654
-1654
-1654
-1654
-1654
-1654
-1621
-1621
-1621
-1621
-1621
-1621
-1621
-1621
-1621
-1621
-1621
-1621
-1621
-1621
-1621
-1621
-1621
-1621
-1621
-1621
-1621
-1621
-1621
-1621
-1621
-1621
-1621
-1621
-1621
-1621
-1621
-1621
-1621
-1621
-1621
-1621
-1621
-1621
-1621
-1621
-1621
-1621
-1621
-1621
-1621
-1621
-1621
-1621
-1621
-1621
-1621
-1621
-1621
-1621
-1621
-1621
-1621
-1621
-1621
-1621
-1621
-1621
-1621
-1621
-1621
-1621
-1621
-1621
-1621
-1621
-1621
-1621
-1621
-1621
-1621
-1621
-1621
-1621
-1621
-1621
-1621
-1621
-1621
-1572
-1572
-1572
-1572
-1572
-1572
-1572
-1572
-1572
-1572
-1572
-1572
-1572
-1572
-1572
-1572
-1572
-1572
-1572
-1572
-1572
-1572
-1572
-1572
-1572
-1572
-1572
-1572
-1572
-1572
-1572
-1572
-1572
-1572
-1572
-1572
-1572
-1572
-1572
-1572
-1572
-1572
-1572
-1572
-1572
-1572
-1572
-1572
-1572
-1572
-1572
-1572
-1572
-1572
-1572
-1572
-1572
-1572
-1572
-1572
-1572
-1572
-1572
-1572
-1572
-1572
-1572
-1572
-1572
-1572
-1572
-1572
-1572
-1572
-1572
-1572
-1572
-1572
-1572
-1572
-1572
-1572
-1572
-1572
-1572
-1555
-1555
-1555
-1555
-1555
-1555
-1555
-1555
-1555
-1555
-1555
-1555
-1555
-1555
-1555
-1555
-1555
-1555
-1555
-1555
-1555
-1555
-1555
-1555
-1555
-1555
-1555
-1555
-1555
-1555
-1555
-1555
-1555
-1555
-1555
-1555
-1555
-1555
-1555
-1555
-1555
-1555
-1555
-1555
-1555
-1555
-1555
-1555
-1555
-1555
-1555
-1555
-1555
-1555
-1555
-1555
-1555
-1555
-1555
-1555
-1555
-1555
-1555
-1555
-1555
-1555
-1555
-1555
-1555
-1555
-1555
-1555
-1555
-1555
-1555
-1555
-1555
-1555
-1555
-1555
-1555
-1555
-1555
-1555
-1555
-1555
-1555
-1555
-1523
-1523
-1523
-1523
-1523
-1523
-1523
-1523
-1523
-1523
-1523
-1523
-1523
-1523
-1523
-1523
-1523
-1523
-1523
-1523
-1523
-1523
-1523
-1523
-1523
-1523
-1523
-1523
-1523
-1523
-1523
-1523
-1523
-1523
-1523
-1523
-1523
-1523
-1523
-1523
-1523
-1523
-1523
-1523
-1523
-1490
-1490
-1490
-1490
-1490
-1490
-1490
-1490
-1490
-1490
-1490
-1490
-1490
-1490
-1490
-1490
-1490
-1490
-1490
-1490
-1490
-1490
-1490
-1490
-1490
-1490
-1490
-1490
-1490
-1490
-1490
-1490
-1490
-1490
-1490
-1490
-1490
-1490
-1490
-1490
-1490
-1490
-1490
-1490
-1490
-1490
-1490
-1490
-1490
-1490
-1490
-1490
-1490
-1490
-1490
-1490
-1490
-1490
-1490
-1490
-1490
-1490
-1490
-1490
-1490
-1490
-1490
-1490
-1490
-1490
-1490
-1490
-1490
-1490
-1490
-1490
-1490
-1490
-1490
-1490
-1490
-1490
-1490
-1490
-1490
-1490
-1490
-1490
-1490
-1490
-1490
-1490
-1490
-1457
-1457
-1457
-1457
-1457
-1457
-1457
-1457
-1457
-1457
-1457
-1457
-1457
-1457
-1457
-1457
-1457
-1457
-1457
-1457
-1457
-1457
-1457
-1457
-1457
-1457
-1457
-1457
-1457
-1457
-1457
-1457
-1457
-1457
-1457
-1457
-1457
-1457
-1457
-1457
-1457
-1457
-1457
-1457
-1457
-1457
-1457
-1457
-1457
-1457
-1457
-1457
-1457
-1457
-1457
-1457
-1457
-1457
-1457
-1457
-1457
-1457
-1457
-1457
-1457
-1457
-1457
-1457
-1457
-1457
-1457
-1457
-1457
-1457
-1457
-1457
-1457
-1457
-1457
-1457
-1457
-1457
-1457
-1457
-1457
-1457
-1457
-1457
-1457
-1457
-1457
-1457
-1457
-1457
-1457
-1457
-1424
-1424
-1424
-1424
-1424
-1424
-1424
-1424
-1424
-1424
-1424
-1424
-1424
-1424
-1424
-1424
-1424
-1424
-1424
-1424
-1424
-1424
-1424
-1424
-1424
-1424
-1424
-1424
-1424
-1424
-1424
-1424
-1424
-1424
-1424
-1424
-1424
-1424
-1424
-1424
-1424
-1424
-1424
-1424
-1424
-1424
-1424
-1424
-1424
-1424
-1424
-1424
-1424
-1424
-1424
-1424
-1424
-1424
-1424
-1424
-1424
-1424
-1424
-1424
-1424
-1424
-1424
-1424
-1424
-1424
-1424
-1424
-1424
-1424
-1424
-1424
-1424
-1424
-1424
-1424
-1424
-1424
-1424
-1424
-1424
-1424
-1424
-1424
-1424
-1424
-1424
-1424
-1424
-1424
-1424
-1424
-1424
-1424
-1424
-1424
-1392
-1392
-1392
-1392
-1392
-1392
-1392
-1392
-1392
-1392
-1392
-1392
-1392
-1392
-1392
-1392
-1392
-1392
-1392
-1392
-1392
-1392
-1392
-1392
-1392
-1392
-1392
-1392
-1392
-1392
-1392
-1392
-1392
-1392
-1392
-1392
-1392
-1392
-1392
-1392
-1392
-1392
-1392
-1392
-1392
-1392
-1392
-1392
-1392
-1392
-1392
-1392
-1392
-1392
-1392
-1392
-1392
-1392
-1392
-1392
-1392
-1392
-1392
-1392
-1392
-1392
-1392
-1392
-1392
-1392
-1392
-1392
-1392
-1392
-1392
-1392
-1392
-1392
-1392
-1392
-1392
-1392
-1392
-1392
-1392
-1392
-1392
-1392
-1392
-1392
-1392
-1392
-1392
-1392
-1392
-1392
-1392
-1392
-1392
-1392
-1392
-1392
-1392
-1359
-1359
-1359
-1359
-1359
-1359
-1359
-1359
-1359
-1359
-1359
-1359
-1359
-1359
-1359
-1359
-1359
-1359
-1359
-1359
-1359
-1359
-1359
-1359
-1359
-1359
-1359
-1359
-1359
-1359
-1359
-1359
-1359
-1359
-1359
-1359
-1359
-1359
-1359
-1359
-1359
-1359
-1359
-1359
-1359
-1359
-1359
-1359
-1359
-1359
-1359
-1359
-1326
-1326
-1326
-1326
-1326
-1326
-1326
-1326
-1326
-1326
-1326
-1326
-1326
-1326
-1326
-1326
-1326
-1326
-1326
-1326
-1326
-1326
-1326
-1326
-1326
-1326
-1326
-1326
-1326
-1326
-1326
-1326
-1326
-1326
-1326
-1326
-1326
-1326
-1326
-1326
-1326
-1326
-1326
-1326
-1326
-1326
-1326
-1326
-1326
-1326
-1326
-1326
-1326
-1326
-1326
-1326
-1326
-1326
-1326
-1326
-1326
-1326
-1326
-1326
-1326
-1326
-1326
-1326
-1326
-1326
-1326
-1326
-1326
-1326
-1326
-1326
-1326
-1326
-1326
-1326
-1326
-1326
-1326
-1326
-1326
-1326
-1326
-1326
-1326
-1326
-1326
-1326
-1326
-1326
-1326
-1326
-1326
-1326
-1326
-1326
-1326
-1326
-1326
-1326
-1293
-1293
-1293
-1293
-1293
-1293
-1293
-1293
-1293
-1293
-1293
-1293
-1293
-1293
-1293
-1293
-1293
-1293
-1293
-1293
-1293
-1293
-1293
-1293
-1293
-1293
-1293
-1293
-1293
-1293
-1293
-1293
-1293
-1293
-1293
-1293
-1293
-1293
-1293
-1293
-1293
-1293
-1293
-1293
-1293
-1293
-1293
-1293
-1293
-1293
-1293
-1293
-1293
-1293
-1293
-1293
-1293
-1293
-1293
-1293
-1293
-1293
-1293
-1293
-1293
-1293
-1293
-1293
-1293
-1293
-1293
-1293
-1293
-1293
-1293
-1293
-1293
-1293
-1293
-1293
-1293
-1293
-1293
-1293
-1293
-1293
-1293
-1293
-1293
-1293
-1293
-1293
-1293
-1293
-1293
-1293
-1293
-1293
-1293
-1293
-1293
-1293
-1293
-1293
-1293
-1261
-1261
-1261
-1261
-1261
-1261
-1261
-1261
-1261
-1261
-1261
-1261
-1261
-1261
-1261
-1261
-1261
-1261
-1261
-1261
-1261
-1261
-1261
-1261
-1261
-1261
-1261
-1261
-1261
-1261
-1261
-1261
-1261
-1261
-1261
-1261
-1261
-1261
-1261
-1261
-1261
-1261
-1261
-1261
-1261
-1261
-1261
-1261
-1261
-1261
-1261
-1261
-1261
-1261
-1261
-1261
-1261
-1261
-1261
-1261
-1261
-1261
-1261
-1261
-1261
-1261
-1261
-1261
-1261
-1261
-1261
-1261
-1261
-1261
-1261
-1261
-1261
-1261
-1261
-1261
-1261
-1261
-1261
-1261
-1261
-1261
-1261
-1261
-1261
-1261
-1261
-1261
-1261
-1261
-1261
-1261
-1261
-1261
-1261
-1261
-1261
-1261
-1261
-1261
-1244
-1244
-1244
-1244
-1244
-1244
-1244
-1244
-1244
-1244
-1244
-1244
-1244
-1244
-1244
-1244
-1244
-1244
-1244
-1244
-1244
-1244
-1244
-1244
-1244
-1244
-1244
-1244
-1244
-1244
-1244
-1244
-1244
-1244
-1244
-1244
-1244
-1244
-1244
-1244
-1244
-1244
-1244
-1244
-1244
-1244
-1244
-1244
-1244
-1244
-1244
-1244
-1244
-1244
-1244
-1244
-1244
-1244
-1244
-1244
-1244
-1244
-1244
-1244
-1244
-1244
-1244
-1244
-1244
-1244
-1244
-1244
-1244
-1244
-1244
-1244
-1244
-1244
-1244
-1244
-1244
-1244
-1244
-1244
-1244
-1244
-1244
-1244
-1244
-1244
-1244
-1244
-1244
-1244
-1244
-1244
-1244
-1244
-1244
-1244
-1244
-1244
-1244
-1244
-1244
-1244
-1195
-1195
-1195
-1195
-1195
-1195
-1195
-1195
-1195
-1195
-1195
-1195
-1195
-1195
-1195
-1195
-1195
-1195
-1195
-1195
-1195
-1195
-1195
-1195
-1195
-1195
-1195
-1195
-1195
-1195
-1195
-1195
-1195
-1195
-1195
-1195
-1195
-1195
-1195
-1195
-1195
-1195
-1195
-1195
-1195
-1195
-1195
-1195
-1195
-1195
-1195
-1195
-1162
-1162
-1162
-1162
-1162
-1162
-1162
-1162
-1162
-1162
-1162
-1162
-1162
-1162
-1162
-1162
-1162
-1162
-1162
-1162
-1162
-1162
-1162
-1162
-1162
-1162
-1162
-1162
-1162
-1162
-1162
-1162
-1162
-1162
-1162
-1162
-1162
-1162
-1162
-1162
-1162
-1162
-1162
-1162
-1162
-1162
-1162
-1162
-1162
-1162
-1162
-1162
-1162
-1162
-1162
-1162
-1162
-1162
-1162
-1162
-1162
-1162
-1162
-1162
-1162
-1162
-1162
-1162
-1162
-1162
-1162
-1162
-1162
-1162
-1162
-1162
-1162
-1162
-1162
-1162
-1162
-1162
-1162
-1162
-1162
-1162
-1162
-1162
-1162
-1162
-1162
-1162
-1162
-1162
-1162
-1162
-1162
-1162
-1162
-1162
-1162
-1162
-1162
-1162
-1162
-1162
-1130
-1130
-1130
-1130
-1130
-1130
-1130
-1130
-1130
-1130
-1130
-1130
-1130
-1130
-1130
-1130
-1130
-1130
-1130
-1130
-1130
-1130
-1130
-1130
-1130
-1130
-1130
-1130
-1130
-1130
-1130
-1130
-1130
-1130
-1130
-1130
-1130
-1130
-1130
-1130
-1130
-1130
-1130
-1130
-1130
-1130
-1130
-1130
-1130
-1130
-1130
-1130
-1130
-1130
-1130
-1130
-1130
-1130
-1130
-1130
-1130
-1130
-1130
-1130
-1130
-1130
-1130
-1130
-1130
-1130
-1130
-1130
-1130
-1130
-1130
-1130
-1130
-1130
-1130
-1130
-1130
-1130
-1130
-1130
-1130
-1130
-1130
-1130
-1130
-1130
-1130
-1130
-1130
-1130
-1130
-1130
-1130
-1130
-1130
-1130
-1130
-1130
-1130
-1130
-1130
-1130
-1130
-1097
-1097
-1097
-1097
-1097
-1097
-1097
-1097
-1097
-1097
-1097
-1097
-1097
-1097
-1097
-1097
-1097
-1097
-1097
-1097
-1097
-1097
-1097
-1097
-1097
-1097
-1097
-1097
-1097
-1097
-1097
-1097
-1097
-1097
-1097
-1097
-1097
-1097
-1097
-1097
-1097
-1097
-1097
-1097
-1097
-1097
-1097
-1097
-1097
-1097
-1097
-1097
-1097
-1097
-1097
-1097
-1097
-1097
-1097
-1097
-1097
-1097
-1097
-1097
-1097
-1097
-1097
-1097
-1097
-1097
-1097
-1097
-1097
-1097
-1097
-1097
-1097
-1097
-1097
-1097
-1097
-1097
-1097
-1097
-1097
-1097
-1097
-1097
-1097
-1097
-1097
-1097
-1097
-1097
-1097
-1097
-1097
-1097
-1097
-1097
-1097
-1097
-1097
-1097
-1097
-1097
-1097
-1081
-1081
-1081
-1081
-1081
-1081
-1081
-1081
-1081
-1081
-1081
-1081
-1081
-1081
-1081
-1081
-1081
-1081
-1081
-1081
-1081
-1081
-1081
-1081
-1081
-1081
-1081
-1081
-1081
-1081
-1081
-1081
-1081
-1081
-1081
-1081
-1081
-1081
-1081
-1081
-1081
-1081
-1081
-1081
-1081
-1081
-1081
-1081
-1081
-1081
-1081
-1081
-1081
-1081
-1081
-1081
-1081
-1081
-1081
-1081
-1081
-1081
-1081
-1081
-1081
-1081
-1081
-1081
-1081
-1081
-1081
-1081
-1081
-1081
-1081
-1081
-1081
-1081
-1081
-1081
-1081
-1081
-1081
-1081
-1081
-1081
-1081
-1081
-1081
-1081
-1081
-1081
-1081
-1081
-1081
-1081
-1081
-1081
-1081
-1081
-1081
-1081
-1081
-1081
-1081
-1081
-1081
-1081
-1048
-1048
-1048
-1048
-1048
-1048
-1048
-1048
-1048
-1048
-1048
-1048
-1048
-1048
-1048
-1048
-1048
-1048
-1048
-1048
-1048
-1048
-1048
-1048
-1048
-1048
-1048
-1048
-1048
-1048
-1048
-1048
-1048
-1048
-1048
-1048
-1048
-1048
-1048
-1048
-1048
-1048
-1048
-1048
-1048
-1048
-1048
-1048
-1048
-1048
-1048
-1048
-1048
-1048
-1048
-982
-982
-982
-982
-982
-982
-982
-982
-982
-982
-982
-982
-982
-982
-982
-982
-982
