IEC 61083-2 TDG Version 2.1.0
Data File Version  2.1.0
10 LI-A10
16 bits, 25995 samples at 10ns
1.000000e-008
0.00
0.00
0.00
0.00
0.00
0.00
0.00
0.00
0.00
0.00
0.00
0.00
0.00
0.00
0.00
0.00
0.00
0.00
0.00
0.00
0.00
0.00
0.00
0.00
0.00
0.00
0.00
0.00
0.00
0.00
0.00
0.00
0.00
0.00
0.00
0.00
0.00
0.00
0.00
0.00
0.00
0.00
0.00
0.00
0.00
0.00
0.00
0.00
0.00
0.00
0.00
0.00
0.00
0.00
0.00
0.00
0.00
0.00
0.00
0.00
0.00
0.00
0.00
0.00
0.00
0.00
0.00
0.00
0.00
0.00
0.00
0.00
0.00
0.00
0.00
0.00
0.00
0.00
0.00
0.00
0.00
0.00
0.00
0.00
0.00
0.00
0.00
0.00
0.00
0.00
0.00
0.00
0.00
0.00
0.00
0.00
0.00
0.00
0.00
0.00
0.00
0.00
0.00
0.00
0.00
0.00
0.00
0.00
0.00
0.00
0.00
0.00
0.00
0.00
0.00
0.00
0.00
0.00
0.00
0.00
0.00
0.00
0.00
0.00
0.00
0.00
0.00
0.00
0.00
0.00
0.00
0.00
0.00
0.00
0.00
0.00
0.00
0.00
0.00
0.00
0.00
0.00
0.00
0.00
0.00
0.00
0.00
0.00
0.00
0.00
0.00
0.00
0.00
0.00
0.00
0.00
0.00
0.00
0.00
0.00
0.00
0.00
0.00
0.00
0.00
0.00
0.00
0.00
0.00
0.00
0.00
0.00
0.00
0.00
0.00
0.00
0.00
0.00
0.00
0.00
0.00
0.00
0.00
0.00
0.00
0.00
0.00
0.00
0.00
0.00
0.00
0.00
0.00
0.00
0.00
0.00
0.00
0.00
0.00
0.00
0.00
0.00
0.00
0.00
0.00
0.00
0.00
0.00
0.00
0.00
0.00
0.00
0.00
0.00
0.00
0.00
0.00
0.00
0.00
0.00
0.00
0.00
0.00
0.00
0.00
0.00
0.00
0.00
0.00
0.00
0.00
0.00
0.00
0.00
0.00
0.00
0.00
0.00
0.00
0.00
0.00
0.00
0.00
0.00
0.00
0.00
0.00
0.00
0.00
0.00
0.00
0.00
0.00
0.00
0.00
0.00
0.00
0.00
0.00
0.00
0.00
0.00
0.00
0.00
0.00
0.00
0.00
0.00
0.00
0.00
0.00
0.00
0.00
0.00
0.00
0.00
0.00
0.00
0.00
0.00
0.00
0.00
0.00
0.00
0.00
0.00
0.00
0.00
0.00
0.00
0.00
0.00
0.00
0.00
0.00
0.00
0.00
0.00
0.00
0.00
0.00
0.00
0.00
0.00
0.00
0.00
0.00
0.00
0.00
0.00
0.00
0.00
0.00
0.00
0.00
0.00
0.00
0.00
0.00
0.00
0.00
0.00
0.00
0.00
0.00
0.00
0.00
0.00
0.00
0.00
0.00
0.00
0.00
0.00
0.00
0.00
0.00
0.00
0.00
0.00
0.00
0.00
0.00
0.00
0.00
0.00
0.00
0.00
0.00
0.00
0.00
0.00
0.00
0.00
0.00
0.00
0.00
0.00
0.00
0.00
0.00
0.00
0.00
0.00
0.00
0.00
0.00
0.00
0.00
0.00
0.00
0.00
0.00
0.00
0.00
0.00
0.00
0.00
0.00
0.00
0.00
0.00
0.00
0.00
0.00
0.00
0.00
0.00
0.00
0.00
0.00
0.00
0.00
0.00
0.00
0.00
0.00
0.00
0.00
0.00
0.00
0.00
0.00
0.00
0.00
0.00
0.00
0.00
0.00
0.00
0.00
0.00
0.00
0.00
0.00
0.00
0.00
0.00
0.00
0.00
0.00
0.00
0.00
0.00
0.00
0.00
0.00
0.00
0.00
0.00
0.00
0.00
0.00
0.00
0.00
0.00
0.00
0.00
0.00
0.00
0.00
0.00
0.00
0.00
0.00
0.00
0.00
0.00
0.00
0.00
0.00
0.00
0.00
0.00
0.00
0.00
0.00
0.00
0.00
0.00
0.00
0.00
0.00
0.00
0.00
0.00
0.00
0.00
0.00
0.00
0.00
0.00
0.00
0.00
0.00
0.00
0.00
0.00
0.00
0.00
0.00
0.00
0.00
0.00
0.00
0.00
0.00
0.00
0.00
0.00
0.00
0.00
0.00
0.00
0.00
0.00
0.00
0.00
0.00
0.00
0.00
0.00
0.00
0.00
0.00
0.00
0.00
0.00
0.00
0.00
0.00
0.00
0.00
0.00
0.00
0.00
0.00
0.00
0.00
0.00
0.00
0.00
0.00
0.00
0.00
0.00
0.00
0.00
0.00
0.00
0.00
0.00
0.00
0.00
0.00
0.00
0.00
0.00
0.00
0.00
0.00
0.00
0.00
0.00
0.00
0.00
0.00
0.00
0.00
0.00
0.00
0.00
0.00
0.00
0.00
0.00
0.00
0.00
0.00
0.00
0.00
0.00
0.00
0.00
0.00
0.00
0.00
0.00
0.00
0.00
0.00
0.00
0.00
0.00
0.00
0.00
0.00
0.00
0.00
0.00
0.00
0.00
0.00
0.00
0.00
0.00
0.00
0.00
0.00
0.00
0.00
0.00
0.00
0.00
0.00
0.00
0.00
0.00
0.00
0.00
0.00
0.00
0.00
0.00
0.00
0.00
0.00
0.00
0.00
0.00
0.00
0.00
0.00
0.00
0.00
0.00
0.00
0.00
0.00
0.00
0.00
0.00
0.00
0.00
0.00
0.00
0.00
0.00
0.00
0.00
0.00
0.00
0.00
0.00
0.00
0.00
0.00
0.00
0.00
0.00
0.00
0.00
0.00
0.00
0.00
0.00
0.00
0.00
0.00
0.00
0.00
0.00
0.00
0.00
0.00
0.00
0.00
0.00
0.00
0.00
0.00
0.00
0.00
0.00
0.00
0.00
0.00
0.00
0.00
0.00
0.00
0.00
0.00
0.00
0.00
0.00
0.00
0.00
0.00
0.00
0.00
0.00
0.00
0.00
0.00
0.00
0.00
0.00
0.00
0.00
0.00
0.00
0.00
0.00
0.00
0.00
0.00
0.00
0.00
0.00
0.00
0.00
0.00
0.00
0.00
0.00
0.00
0.00
0.00
0.00
0.00
0.00
0.00
0.00
0.00
0.00
0.00
0.00
0.00
0.00
0.00
0.00
0.00
0.00
0.00
0.00
0.00
0.00
0.00
0.00
0.00
0.00
0.00
0.00
0.00
0.00
0.00
0.00
0.00
0.00
0.00
0.00
0.00
0.00
0.00
0.00
0.00
0.00
0.00
0.00
0.00
0.00
0.00
0.00
0.00
0.00
0.00
0.00
0.00
0.00
0.00
0.00
0.00
0.00
0.00
0.00
0.00
0.00
0.00
0.00
0.00
0.00
0.00
0.00
0.00
0.00
0.00
0.00
0.00
0.00
0.00
0.00
0.00
0.00
0.00
0.00
0.00
0.00
0.00
0.00
0.00
0.00
0.00
0.00
0.00
0.00
0.00
0.00
0.00
0.00
0.00
0.00
0.00
0.00
0.00
0.00
0.00
0.00
0.00
0.00
0.00
0.00
0.00
0.00
0.00
0.00
0.00
0.00
0.00
0.00
0.00
0.00
0.00
0.00
0.00
0.00
0.00
0.00
0.00
0.00
0.00
0.00
0.00
0.00
0.00
0.00
0.00
0.00
0.00
0.00
0.00
0.00
0.00
0.00
0.00
0.00
0.00
0.00
0.00
0.00
0.00
0.00
0.00
0.00
0.00
0.00
0.00
0.00
0.00
0.00
0.00
0.00
0.00
0.00
0.00
0.00
0.00
0.00
0.00
0.00
0.00
0.00
0.00
0.00
0.00
0.00
0.00
0.00
0.00
0.00
0.00
0.00
0.00
0.00
0.00
0.00
0.00
0.00
0.00
0.00
0.00
0.00
0.00
0.00
0.00
0.00
0.00
0.00
0.00
0.00
0.00
0.00
0.00
0.00
0.00
0.00
0.00
0.00
0.00
0.00
0.00
0.00
0.00
0.00
0.00
0.00
0.00
0.00
0.00
0.00
0.00
0.00
0.00
0.00
0.00
0.00
0.00
0.00
0.00
0.00
0.00
0.00
0.00
0.00
0.00
0.00
0.00
0.00
0.00
0.00
0.00
0.00
0.00
0.00
0.00
0.00
0.00
0.00
0.00
0.00
0.00
0.00
0.00
0.00
0.00
0.00
0.00
0.00
0.00
0.00
0.00
0.00
0.00
0.00
0.00
0.00
0.00
0.00
0.00
0.00
0.00
0.00
0.00
0.00
0.00
0.00
0.00
0.00
0.00
0.00
0.00
0.00
0.00
0.00
0.00
0.00
0.00
0.00
0.00
0.00
0.00
0.00
0.00
0.00
0.00
0.00
0.00
0.00
0.00
0.00
0.00
28.31
110.67
248.37
437.55
675.63
963.90
1298.50
1678.14
2101.53
2567.40
3074.44
3618.81
4200.49
4820.79
5473.25
6159.18
6875.99
7623.69
8399.70
9201.45
10031.51
10883.44
11759.83
12655.53
13574.38
14511.26
15464.86
16436.48
17423.55
18423.48
19437.57
20463.24
21499.21
22545.47
23599.45
24661.16
25730.59
26805.16
27882.31
28964.60
30049.47
31135.63
32223.07
33310.52
34396.67
35482.83
36566.41
37644.85
38722.00
39791.42
40858.28
41918.69
42972.68
44018.94
45058.77
46089.59
47111.40
48124.20
49126.71
50120.21
51102.12
52073.74
53032.50
53979.67
54916.54
55837.97
56747.82
57643.51
58526.34
59395.01
60250.80
61089.87
61916.07
62728.12
63524.72
64304.59
65070.30
65821.86
66555.40
67274.79
67977.44
68667.23
69337.71
69994.04
70634.92
71257.79
71866.50
72458.48
73033.74
73593.54
74137.91
74666.83
75179.02
75675.77
76157.08
76624.23
77073.36
77508.34
77927.87
78333.25
78721.90
79096.39
79456.73
79800.34
80132.36
80448.94
80752.65
81040.92
81315.04
81577.57
81824.65
82061.45
82282.80
82491.28
82688.17
82873.49
83044.65
83204.23
83354.80
83492.50
83617.33
83731.86
83837.39
83931.33
84013.70
84087.05
84151.40
84205.45
84247.92
84283.95
84308.40
84327.70
84336.71
84338.00
84328.99
84314.84
84291.67
84263.36
84226.04
84181.00
84129.52
84072.90
84009.84
83941.63
83865.70
83785.91
83699.69
83609.61
83513.09
83412.71
83307.18
83197.79
83084.54
82967.44
82846.47
82721.63
82592.94
82462.96
82327.84
82191.43
82052.44
81910.88
81765.46
81620.03
81472.04
81321.47
81168.33
81016.47
80862.04
80706.32
80549.32
80392.32
80232.74
80074.45
79916.16
79755.29
79595.72
79434.85
79273.99
79114.41
78954.83
78793.97
78635.68
78476.10
78317.81
78160.81
78005.09
77848.09
77693.66
77539.23
77386.08
77235.51
77084.94
76935.66
76788.95
76642.25
76498.11
76355.26
76213.70
76074.72
75935.73
75799.32
75665.48
75532.92
75401.66
75272.97
75146.85
75022.02
74898.48
74778.79
74659.11
74543.29
74428.75
74316.79
74207.40
74098.01
73991.20
73888.25
73786.58
73687.49
73588.40
73494.45
73401.79
73310.42
73222.91
73136.69
73053.04
72970.68
72890.89
72812.39
72736.46
72664.39
72591.04
72522.83
72455.91
72390.28
72325.93
72265.45
72206.25
72149.62
72093.00
72040.24
71987.47
71938.57
71890.95
71845.91
71802.16
71759.69
71718.51
71679.90
71642.58
71606.55
71574.37
71539.63
71510.03
71480.43
71452.12
71426.38
71403.21
71378.76
71356.88
71336.29
71315.70
71298.97
71280.96
71266.80
71252.64
71238.49
71225.62
71215.32
71205.03
71197.31
71189.59
71183.15
71175.43
71170.28
71166.42
71163.85
71161.27
71158.70
71158.70
71158.70
71158.70
71159.99
71162.56
71163.85
71166.42
71170.28
71174.14
71180.58
71185.72
71192.16
71197.31
71203.74
71210.18
71216.61
71224.33
71232.05
71242.35
71250.07
71257.79
71266.80
71275.81
71284.82
71295.11
71304.12
71314.42
71324.71
71333.72
71342.73
71354.31
71364.61
71374.90
71383.91
71394.21
71404.50
71414.80
71423.80
71434.10
71444.39
71454.69
71463.70
71473.99
71481.72
71490.72
71499.73
71510.03
71519.04
71528.04
71535.77
71543.49
71551.21
71558.93
71567.94
71574.37
71582.09
71588.53
71594.96
71601.40
71606.55
71612.98
71619.42
71624.56
71629.71
71634.86
71640.01
71643.87
71647.73
71650.30
71654.16
71656.74
71660.60
71661.88
71664.46
71665.74
71668.32
71668.32
71669.60
71670.89
71670.89
71672.18
71670.89
71670.89
71669.60
71668.32
71668.32
71665.74
71664.46
71661.88
71660.60
71656.74
71654.16
71651.59
71647.73
71643.87
71640.01
71636.15
71631.00
71627.14
71620.70
71614.27
71610.41
71603.97
71597.54
71591.10
71585.96
71578.23
71571.80
71565.36
71556.36
71548.63
71540.91
71533.19
71525.47
71516.46
71507.45
71498.45
71490.72
71481.72
71472.71
71462.41
71452.12
71443.11
71432.81
71423.80
71412.22
71403.21
71391.63
71381.34
71369.75
71359.46
71349.16
71336.29
71326.00
71315.70
71304.12
71292.54
71279.67
71268.09
71256.51
71244.92
71232.05
71220.47
71208.89
71196.02
71184.44
71170.28
71158.70
71147.12
71134.25
71121.38
71108.51
71096.93
71084.06
71072.48
71058.32
71046.74
71033.87
71021.00
71006.84
70993.97
70981.11
70969.52
70955.37
70942.50
70930.92
70918.05
70905.18
70891.02
70878.15
70865.28
70852.41
70839.54
70826.68
70815.09
70802.22
70788.07
70775.20
70763.62
70750.75
70736.59
70723.72
70712.14
70699.27
70686.40
70673.53
70660.66
70649.08
70636.21
70623.34
70611.76
70598.89
70587.31
70573.15
70561.57
70548.70
70537.12
70525.54
70511.38
70499.80
70488.22
70476.63
70463.77
70452.18
70440.60
70429.02
70417.44
70404.57
70392.98
70381.40
70371.11
70359.53
70345.37
70335.07
70323.49
70313.20
70301.61
70288.74
70278.45
70266.87
70255.28
70243.70
70233.41
70221.83
70210.24
70199.95
70188.37
70176.78
70166.49
70154.91
70145.90
70134.31
70122.73
70112.44
70100.86
70091.85
70081.55
70068.68
70059.67
70048.09
70039.08
70027.50
70017.21
70005.62
69996.61
69986.32
69976.02
69964.44
69955.43
69943.85
69934.84
69924.55
69914.25
69903.96
69893.66
69883.37
69873.07
69864.06
69852.48
69843.47
69833.18
69824.17
69813.87
69802.29
69794.57
69784.27
69773.98
69764.97
69754.67
69744.38
69735.37
69725.08
69716.07
69705.77
69694.19
69686.47
69676.17
69665.88
69658.16
69647.86
69636.28
69628.56
69618.26
69607.97
69600.24
69589.95
69578.37
69570.65
69560.35
69551.34
69542.33
69532.04
69521.74
69512.73
69503.73
69493.43
69484.42
69474.13
69463.83
69454.82
69445.82
69436.81
69426.51
69416.22
69407.21
69398.20
69387.90
69378.90
69369.89
69358.30
69350.58
69340.29
69331.28
69322.27
69313.26
69301.68
69292.67
69283.66
69273.37
69264.36
69254.06
69245.06
69234.76
69225.75
69216.74
69206.45
69196.15
69187.15
69178.14
69167.84
69160.12
69149.82
69138.24
69130.52
69120.23
69111.22
69102.21
69091.91
69081.62
69072.61
69062.31
69053.31
69044.30
69034.00
69023.71
69014.70
69005.69
68995.39
68986.39
68976.09
68965.80
68956.79
68947.78
68937.48
68928.48
68918.18
68907.88
68898.88
68889.87
68879.57
68869.28
68858.98
68849.97
68840.96
68830.67
68821.66
68811.37
68801.07
68790.78
68783.05
68772.76
68762.46
68752.17
68743.16
68732.86
68723.86
68713.56
68703.26
68694.26
68683.96
68674.95
68664.66
68655.65
68645.35
68635.06
68624.76
68617.04
68606.75
68595.16
68586.16
68575.86
68566.85
68557.84
68547.55
68537.25
68526.96
68517.95
68508.94
68498.65
68488.35
68478.05
68469.05
68458.75
68449.74
68439.45
68429.15
68420.14
68409.85
68400.84
68390.54
68381.54
68371.24
68360.95
68351.94
68341.64
68331.35
68321.05
68312.04
68301.75
68292.74
68282.44
68273.44
68263.14
68252.84
68243.84
68233.54
68223.25
68215.52
68203.94
68193.65
68184.64
68174.34
68165.33
68155.04
68144.74
68135.74
68125.44
68116.43
68107.42
68095.84
68085.55
68077.82
68067.53
68057.23
68048.23
68036.64
68027.63
68018.63
68008.33
67999.32
67989.03
67978.73
67969.72
67959.43
67949.13
67941.41
67929.83
67919.53
67910.53
67901.52
67891.22
67880.93
67870.63
67861.62
67852.61
67842.32
67833.31
67823.01
67812.72
67803.71
67794.70
67784.41
67775.40
67763.82
67754.81
67745.80
67735.50
67725.21
67716.20
67705.91
67695.61
67687.89
67677.59
67667.30
67657.00
67647.99
67637.70
67628.69
67619.68
67609.39
67599.09
67590.08
67579.79
67570.78
67561.77
67550.19
67541.18
67532.17
67521.88
67512.87
67503.86
67492.28
67483.27
67474.26
67463.97
67454.96
67445.95
67434.37
67425.36
67416.35
67406.05
67397.05
67386.75
67376.46
67367.45
67358.44
67348.14
67339.13
67328.84
67318.54
67310.82
67300.53
67290.23
67282.51
67270.93
67260.63
67252.91
67242.62
67233.61
67224.60
67213.02
67204.01
67195.00
67185.99
67175.70
67165.40
67156.39
67146.10
67137.09
67128.08
67117.79
67107.49
67098.48
67089.47
67079.18
67070.17
67061.16
67049.58
67040.57
67031.56
67022.55
67012.26
67001.96
66992.95
66982.66
66974.94
66964.64
66955.63
66945.34
66935.04
66926.03
66917.03
66908.02
66897.72
66887.43
66878.42
66868.12
66859.12
66850.11
66841.10
66829.52
66820.51
66811.50
66802.49
66792.20
66784.47
66772.89
66762.60
66754.88
66744.58
66735.57
66725.28
66716.27
66705.97
66696.96
66687.96
66678.95
66667.36
66659.64
66649.35
66640.34
66631.33
66622.32
66610.74
66601.73
66592.72
66582.43
66573.42
66563.12
66554.12
66543.82
66534.81
66525.80
66516.80
66505.21
66497.49
66487.20
66478.19
66469.18
66460.17
66448.59
66439.58
66430.57
66421.56
66411.27
66403.55
66391.96
66382.96
66372.66
66364.94
66355.93
66345.64
66335.34
66326.33
66317.32
66307.03
66299.31
66287.72
66278.72
66269.71
66260.70
66250.40
66241.40
66231.10
66222.09
66211.80
66202.79
66193.78
66184.77
66174.48
66165.47
66156.46
66146.16
66137.16
66128.15
66117.85
66107.56
66099.84
66089.54
66080.53
66071.52
66061.23
66052.22
66041.92
66032.92
66023.91
66013.61
66003.32
65995.59
65986.59
65976.29
65967.28
65956.99
65947.98
65937.68
65929.96
65920.95
65910.66
65900.36
65891.35
65882.35
65872.05
65863.04
65855.32
65843.74
65834.73
65825.72
65816.71
65807.71
65797.41
65788.40
65778.11
65769.10
65760.09
65751.08
65742.07
65730.49
65721.48
65713.76
65703.47
65694.46
65685.45
65675.15
65666.14
65655.85
65648.13
65637.83
65627.54
65618.53
65609.52
65600.51
65591.50
65581.21
65572.20
65561.90
65552.90
65543.89
65534.88
65525.87
65515.58
65506.57
65497.56
65487.26
65478.25
65469.25
65458.95
65449.94
65440.93
65431.93
65422.92
65413.91
65402.33
65394.61
65384.31
65375.30
65366.29
65357.28
65346.99
65337.98
65327.69
65319.96
65310.96
65299.37
65290.37
65282.64
65272.35
65263.34
65254.33
65244.04
65235.03
65226.02
65217.01
65208.00
65198.99
65187.41
65178.40
65170.68
65160.39
65151.38
65142.37
65133.36
65123.07
65114.06
65105.05
65096.04
65087.03
65076.74
65066.44
65058.72
65049.71
65039.42
65030.41
65021.40
65012.39
65002.10
64993.09
64984.08
64975.07
64964.78
64955.77
64946.76
64937.75
64928.74
64919.73
64909.44
64900.43
64891.42
64882.41
64872.12
64864.40
64854.10
64843.81
64834.80
64827.08
64818.07
64807.77
64797.48
64788.47
64780.75
64770.45
64761.44
64752.43
64743.43
64733.13
64724.12
64715.11
64706.11
64697.10
64686.80
64677.79
64668.79
64659.78
64650.77
64641.76
64631.46
64622.46
64613.45
64604.44
64595.43
64585.14
64576.13
64567.12
64558.11
64549.10
64540.09
64529.80
64520.79
64511.78
64502.77
64493.76
64484.76
64474.46
64465.45
64456.44
64447.44
64438.43
64429.42
64419.12
64410.12
64401.11
64392.10
64383.09
64374.08
64363.79
64354.78
64345.77
64336.76
64327.75
64318.74
64308.45
64299.44
64291.72
64281.42
64272.42
64263.41
64253.11
64245.39
64235.09
64226.09
64217.08
64209.36
64199.06
64190.05
64179.76
64172.04
64163.03
64154.02
64143.72
64133.43
64125.71
64116.70
64107.69
64098.68
64088.39
64079.38
64070.37
64061.36
64052.35
64043.34
64034.34
64025.33
64015.03
64006.02
63997.02
63989.29
63979.00
63969.99
63959.69
63951.97
63942.96
63933.96
63923.66
63914.65
63905.64
63897.92
63887.63
63878.62
63868.32
63860.60
63851.59
63842.59
63833.58
63823.28
63814.27
63805.26
63796.26
63787.25
63778.24
63769.23
63760.22
63749.93
63740.92
63731.91
63724.19
63715.18
63704.89
63695.88
63686.87
63677.86
63670.14
63659.84
63649.55
63640.54
63631.53
63623.81
63614.80
63605.79
63595.50
63586.49
63578.77
63568.47
63559.46
63550.46
63540.16
63532.44
63523.43
63514.42
63505.41
63496.41
63486.11
63478.39
63469.38
63459.08
63450.08
63442.35
63433.35
63423.05
63414.04
63405.03
63396.03
63388.30
63379.30
63369.00
63359.99
63350.98
63341.98
63334.25
63325.25
63313.66
63304.65
63296.93
63287.92
63278.92
63269.91
63259.61
63250.60
63242.88
63233.87
63224.87
63215.86
63205.56
63196.55
63188.83
63179.82
63170.82
63161.81
63151.51
63142.50
63134.78
63125.77
63116.77
63107.76
63097.46
63088.45
63080.73
63071.72
63061.43
63052.42
63043.41
63034.40
63025.39
63016.39
63007.38
62998.37
62989.36
62980.35
62971.34
62962.34
62953.33
62944.32
62935.31
62926.30
62917.29
62908.28
62899.28
62890.27
62881.26
62872.25
62863.24
62854.23
62845.23
62836.22
62828.50
62819.49
62810.48
62801.47
62792.46
62783.45
62774.45
62765.44
62756.43
62747.42
62738.41
62729.40
62720.40
62711.39
62702.38
62693.37
62684.36
62675.35
62666.34
62657.34
62648.33
62639.32
62630.31
62621.30
62612.29
62603.29
62594.28
62585.27
62576.26
62568.54
62559.53
62549.24
62541.51
62532.51
62523.50
62514.49
62505.48
62495.19
62487.46
62478.46
62469.45
62460.44
62451.43
62441.13
62433.41
62425.69
62416.68
62407.67
62398.67
62389.66
62379.36
62371.64
62362.63
62353.62
62344.62
62335.61
62325.31
62317.59
62309.87
62300.86
62291.85
62282.84
62272.55
62263.54
62255.82
62246.81
62237.80
62230.08
62219.79
62210.78
62201.77
62192.76
62185.04
62176.03
62165.73
62156.73
62147.72
62140.00
62130.99
62123.27
62114.26
62103.96
62094.95
62085.95
62076.94
62069.22
62061.49
62051.20
62042.19
62033.18
62024.17
62015.17
62007.44
61998.44
61989.43
61980.42
61971.41
61962.40
61953.39
61944.39
61935.38
61927.66
61918.65
61909.64
61900.63
61890.33
61881.33
61873.60
61865.88
61856.88
61847.87
61837.57
61828.56
61820.84
61811.83
61804.11
61795.10
61786.09
61775.80
61768.08
61759.07
61750.06
61741.05
61733.33
61723.04
61715.31
61706.31
61697.30
61688.29
61679.28
61670.27
61662.55
61653.54
61644.53
61635.53
61626.52
61617.51
61608.50
61599.49
61591.77
61582.76
61575.04
61566.03
61555.74
61546.73
61537.72
61530.00
61522.28
61513.27
61502.97
61493.96
61486.24
61477.24
61468.23
61460.51
61450.21
61442.49
61433.48
61424.47
61415.46
61407.74
61397.45
61388.44
61380.72
61371.71
61363.99
61354.98
61345.97
61335.67
61327.95
61318.94
61309.94
61302.21
61293.21
61284.20
61275.19
61266.18
61257.17
61249.45
61240.44
61230.15
61222.43
61214.70
61205.70
61196.69
61187.68
61178.67
61169.66
61160.65
61152.93
61143.92
61136.20
61127.19
61116.90
61109.18
61100.17
61091.16
61083.44
61074.43
61065.42
61056.41
61048.69
61039.68
61030.68
61021.67
61012.66
61003.65
60994.64
60986.92
60977.91
60970.19
60961.18
60952.17
60943.17
60934.16
60926.44
60917.43
60908.42
60899.41
60890.40
60882.68
60873.67
60865.95
60856.94
60846.65
60837.64
60829.92
60820.91
60813.19
60804.18
60796.46
60786.16
60778.44
60769.43
60760.42
60752.70
60743.69
60733.40
60725.68
60716.67
60708.95
60699.94
60692.22
60681.92
60672.91
60665.19
60656.18
60647.17
60639.45
60629.16
60621.44
60613.71
60604.71
60595.70
60587.98
60578.97
60568.67
60560.95
60551.94
60542.93
60535.21
60526.20
60517.20
60509.47
60500.47
60492.74
60483.74
60474.73
60467.01
60456.71
60447.70
60439.98
60430.97
60423.25
60415.53
60405.23
60396.23
60388.50
60379.50
60371.77
60362.77
60352.47
60344.75
60335.74
60326.73
60319.01
60311.29
60303.57
60293.27
60284.26
60276.54
60267.53
60258.53
60250.80
60240.51
60232.79
60223.78
60214.77
60207.05
60199.33
60191.61
60181.31
60172.30
60164.58
60155.57
60147.85
60138.84
60128.55
60120.83
60111.82
60104.10
60095.09
60087.37
60078.36
60069.35
60061.63
60052.62
60043.61
60035.89
60026.88
60017.87
60008.86
60001.14
59992.13
59983.13
59975.40
59966.40
59957.39
59949.67
59940.66
59932.94
59923.93
59914.92
59905.91
59898.19
59889.18
59881.46
59872.45
59863.44
59854.43
59845.43
59837.70
59829.98
59822.26
59813.25
59804.25
59795.24
59786.23
59778.51
59769.50
59761.78
59752.77
59743.76
59734.75
59727.03
59718.02
59710.30
59701.29
59692.28
59684.56
59675.55
59667.83
59658.82
59651.10
59642.09
59633.09
59624.08
59616.36
59607.35
59599.63
59590.62
59581.61
59572.60
59564.88
59555.87
59548.15
59540.43
59530.13
59522.41
59513.40
59505.68
59496.67
59488.95
59479.94
59470.93
59461.93
59454.20
59445.20
59437.47
59428.47
59419.46
59410.45
59402.73
59393.72
59386.00
59378.28
59370.55
59360.26
59352.54
59344.82
59335.81
59328.09
59319.08
59310.07
59301.06
59293.34
59284.33
59276.61
59267.60
59259.88
59249.58
59241.86
59232.85
59225.13
59216.12
59208.40
59198.11
59190.39
59182.66
59174.94
59165.93
59158.21
59150.49
59140.20
59132.48
59123.47
59115.75
59106.74
59099.02
59090.01
59081.00
59073.28
59064.27
59056.55
59047.54
59039.82
59029.52
59021.80
59014.08
59005.07
58997.35
58988.34
58979.33
58970.32
58962.60
58954.88
58947.16
58938.15
58930.43
58921.42
58912.41
58904.69
58896.97
58887.96
58880.24
58869.94
58862.22
58853.21
58845.49
58837.77
58828.76
58821.04
58810.75
58803.02
58795.30
58786.29
58778.57
58769.57
58760.56
58752.84
58743.83
58736.11
58727.10
58719.38
58711.65
58701.36
58693.64
58684.63
58676.91
58669.19
58660.18
58651.17
58643.45
58635.73
58626.72
58619.00
58611.27
58602.27
58593.26
58585.54
58576.53
58568.81
58561.08
58552.08
58544.35
58535.35
58526.34
58518.62
58509.61
58501.89
58494.17
58483.87
58476.15
58468.43
58459.42
58451.70
58443.98
58434.97
58425.96
58416.95
58409.23
58401.51
58392.50
58384.78
58375.77
58366.76
58359.04
58351.32
58342.31
58334.59
58326.87
58316.57
58308.85
58301.13
58292.12
58284.40
58276.68
58266.38
58258.66
58250.94
58241.93
58234.21
58226.49
58217.48
58208.47
58200.75
58191.74
58184.02
58176.30
58167.29
58159.57
58150.56
58142.84
58133.83
58126.11
58118.39
58109.38
58100.37
58092.65
58083.64
58075.92
58068.20
58059.19
58051.47
58042.46
58034.74
58025.73
58018.01
58010.28
58001.28
57993.56
57984.55
57975.54
57967.82
57960.10
57952.37
57943.37
57934.36
57926.64
57917.63
57909.91
57902.18
57894.46
57885.45
57876.45
57868.72
57861.00
57851.99
57844.27
57836.55
57826.26
57818.53
57810.81
57803.09
57794.08
57786.36
57778.64
57769.63
57760.62
57752.90
57745.18
57737.46
57728.45
57720.73
57711.72
57704.00
57694.99
57687.27
57679.55
57671.83
57661.53
57653.81
57646.09
57638.37
57629.36
57621.64
57613.92
57604.91
57595.90
57588.18
57580.46
57572.73
57563.73
57556.00
57547.00
57539.27
57531.55
57522.54
57514.82
57507.10
57499.38
57489.08
57481.36
57473.64
57465.92
57458.20
57449.19
57440.18
57432.46
57424.74
57415.73
57408.01
57400.29
57391.28
57382.27
57374.55
57366.83
57357.82
57350.10
57342.38
57332.08
57324.36
57316.64
57308.92
57301.19
57293.47
57284.46
57275.46
57267.73
57260.01
57252.29
57243.28
57235.56
57227.84
57218.83
57211.11
57202.10
57194.38
57186.66
57178.94
57171.22
57162.21
57153.20
57145.48
57137.76
57130.03
57122.31
57114.59
57104.30
57096.58
57088.85
57079.85
57072.12
57064.40
57055.39
57046.39
57038.66
57030.94
57023.22
57015.50
57007.78
56997.48
56989.76
56982.04
56974.32
56966.60
56958.88
56949.87
56940.86
56933.14
56925.42
56917.69
56909.97
56902.25
56894.53
56884.23
56876.51
56868.79
56861.07
56852.06
56844.34
56835.33
56827.61
56818.60
56810.88
56803.16
56795.44
56787.72
56778.71
56770.99
56763.26
56754.26
56746.53
56738.81
56731.09
56722.08
56714.36
56706.64
56698.92
56691.20
56682.19
56673.18
56665.46
56656.45
56648.73
56641.01
56633.29
56625.56
56616.56
56608.83
56599.83
56592.10
56584.38
56576.66
56568.94
56559.93
56552.21
56544.49
56536.77
56529.05
56521.32
56512.32
56503.31
56495.59
56486.58
56478.86
56471.13
56463.41
56455.69
56446.68
56438.96
56431.24
56423.52
56415.80
56408.08
56397.78
56390.06
56382.34
56374.62
56366.89
56359.17
56351.45
56341.16
56333.43
56325.71
56317.99
56310.27
56302.55
56294.83
56285.82
56278.10
56270.38
56262.65
56254.93
56245.92
56238.20
56229.19
56221.47
56213.75
56204.74
56197.02
56189.30
56181.58
56172.57
56164.85
56157.13
56149.41
56141.68
56133.96
56126.24
56117.23
56109.51
56101.79
56094.07
56085.06
56077.34
56068.33
56060.61
56052.89
56045.17
56037.44
56029.72
56022.00
56012.99
56005.27
55997.55
55989.83
55982.11
55973.10
55965.38
55956.37
55948.65
55940.93
55933.20
55925.48
55917.76
55910.04
55901.03
55893.31
55885.59
55877.87
55870.14
55861.14
55853.41
55844.41
55836.68
55828.96
55821.24
55813.52
55805.80
55798.08
55789.07
55781.35
55773.63
55765.90
55758.18
55749.17
55741.45
55732.44
55724.72
55717.00
55709.28
55701.56
55693.84
55686.12
55677.11
55669.39
55661.66
55653.94
55646.22
55638.50
55630.78
55621.77
55614.05
55606.33
55598.61
55590.88
55583.16
55574.15
55566.43
55558.71
55549.70
55541.98
55534.26
55526.54
55517.53
55509.81
55503.37
55495.65
55487.93
55480.21
55471.20
55462.19
55454.47
55446.75
55439.03
55431.31
55423.59
55415.86
55406.86
55399.13
55392.70
55383.69
55375.97
55368.25
55360.53
55351.52
55343.80
55336.07
55328.35
55320.63
55312.91
55305.19
55296.18
55288.46
55280.74
55273.02
55265.29
55257.57
55249.85
55240.84
55233.12
55225.40
55218.97
55209.96
55202.24
55194.51
55185.51
55177.78
55170.06
55162.34
55154.62
55148.19
55140.46
55130.17
55122.45
55114.73
55107.00
55099.28
55091.56
55083.84
55076.12
55068.40
55060.67
55052.95
55043.95
55036.22
55028.50
55020.78
55013.06
55005.34
54997.62
54989.89
54982.17
54974.45
54965.44
54957.72
54950.00
54942.28
54934.56
54926.84
54919.11
54910.11
54902.38
54894.66
54886.94
54879.22
54871.50
54863.78
54856.06
54848.33
54840.61
54832.89
54825.17
54816.16
54809.73
54800.72
54793.00
54785.28
54777.55
54769.83
54762.11
54754.39
54745.38
54737.66
54729.94
54722.22
54715.78
54708.06
54700.34
54691.33
54683.61
54674.60
54668.17
54660.44
54652.72
54645.00
54635.99
54629.56
54620.55
54612.83
54605.11
54597.39
54590.95
54581.94
54574.22
54566.50
54558.78
54551.06
54543.33
54535.61
54526.61
54518.88
54512.45
54504.73
54497.01
54489.28
54480.28
54472.55
54464.83
54457.11
54449.39
54441.67
54435.23
54426.23
54417.22
54409.50
54403.06
54395.34
54387.62
54379.90
54372.18
54363.17
54355.45
54347.72
54340.00
54333.57
54325.85
54318.12
54309.12
54301.39
54293.67
54285.95
54278.23
54270.51
54264.07
54255.07
54247.34
54239.62
54231.90
54224.18
54216.46
54208.74
54202.30
54193.29
54185.57
54177.85
54170.13
54162.41
54154.69
54145.68
54139.24
54131.52
54123.80
54114.79
54108.36
54100.64
54092.91
54085.19
54077.47
54069.75
54062.03
54054.31
54046.59
54038.86
54029.86
54023.42
54015.70
54007.98
54000.26
53992.54
53984.81
53975.81
53969.37
53961.65
53953.93
53946.21
53938.48
53930.76
53921.75
53915.32
53907.60
53899.88
53892.16
53884.43
53876.71
53867.70
53861.27
53853.55
53845.83
53838.11
53830.38
53822.66
53814.94
53807.22
53799.50
53791.78
53784.05
53776.33
53768.61
53760.89
53753.17
53745.45
53737.73
53730.00
53722.28
53715.85
53708.13
53699.12
53692.68
53683.68
53675.95
53669.52
53661.80
53654.08
53646.35
53638.63
53629.62
53623.19
53615.47
53607.75
53601.31
53592.30
53584.58
53576.86
53569.14
53561.42
53554.98
53547.26
53538.25
53530.53
53522.81
53515.09
53508.65
53500.93
53493.21
53484.20
53476.48
53468.76
53462.33
53454.60
53446.88
53440.45
53430.15
53423.72
53416.00
53408.28
53401.84
53394.12
53386.40
53378.68
53369.67
53361.95
53355.51
53347.79
53340.07
53332.35
53324.63
53316.90
53309.18
53301.46
53293.74
53286.02
53279.58
53271.86
53262.85
53256.42
53248.70
53240.98
53233.26
53225.53
53219.10
53210.09
53202.37
53194.65
53186.93
53180.49
53172.77
53165.05
53158.61
53148.32
53141.88
53134.16
53126.44
53120.01
53112.29
53104.56
53095.56
53089.12
53081.40
53073.68
53065.96
53058.23
53051.80
53042.79
53035.07
53028.64
53020.91
53013.19
53005.47
52999.04
52990.03
52982.31
52974.59
52966.86
52960.43
52952.71
52944.99
52938.55
52928.26
52921.82
52914.10
52907.67
52899.94
52892.22
52884.50
52875.49
52869.06
52861.34
52854.90
52847.18
52839.46
52831.74
52824.02
52816.29
52808.57
52800.85
52793.13
52786.70
52778.97
52771.25
52763.53
52755.81
52748.09
52740.37
52733.93
52726.21
52717.20
52709.48
52703.05
52695.32
52688.89
52681.17
52673.45
52665.73
52658.00
52650.28
52642.56
52634.84
52628.40
52620.68
52612.96
52605.24
52597.52
52589.80
52582.08
52575.64
52567.92
52560.20
52551.19
52544.76
52537.03
52530.60
52522.88
52515.16
52507.43
52501.00
52491.99
52485.56
52476.55
52470.11
52462.39
52455.96
52448.24
52439.23
52431.51
52425.07
52417.35
52410.92
52403.19
52395.47
52386.46
52380.03
52372.31
52365.87
52356.87
52350.43
52342.71
52336.28
52327.27
52319.55
52311.82
52305.39
52297.67
52291.23
52283.51
52274.50
52268.07
52260.35
52253.91
52244.90
52238.47
52230.75
52224.31
52215.30
52207.58
52199.86
52193.43
52185.71
52179.27
52171.55
52162.54
52156.11
52148.39
52141.95
52132.94
52126.51
52118.79
52111.06
52103.34
52095.62
52089.19
52081.47
52075.03
52067.31
52059.59
52050.58
52044.15
52036.42
52029.99
52022.27
52014.55
52008.11
51999.10
51991.38
51983.66
51977.23
51969.50
51963.07
51955.35
51946.34
51939.91
51932.18
51925.75
51918.03
51910.31
51903.87
51896.15
51888.43
51879.42
51872.99
51866.55
51858.83
51851.11
51843.39
51835.66
51827.94
51821.51
51813.79
51806.07
51799.63
51791.91
51785.48
51776.47
51768.75
51762.31
51754.59
51748.15
51740.43
51732.71
51724.99
51717.27
51709.55
51703.11
51695.39
51688.96
51681.24
51672.23
51665.79
51658.07
51651.64
51643.91
51636.19
51629.76
51622.04
51614.32
51606.59
51598.87
51592.44
51586.00
51578.28
51570.56
51561.55
51555.12
51548.68
51539.67
51533.24
51526.81
51519.08
51511.36
51502.35
51495.92
51489.48
51481.76
51474.04
51467.61
51459.89
51452.16
51444.44
51436.72
51430.29
51423.85
51416.13
51408.41
51400.69
51392.97
51386.53
51378.81
51371.09
51364.65
51356.93
51350.50
51341.49
51333.77
51327.33
51320.90
51311.89
51305.46
51299.02
51291.30
51282.29
51275.86
51268.14
51261.70
51253.98
51246.26
51239.82
51232.10
51224.38
51216.66
51210.22
51202.50
51196.07
51188.35
51180.63
51172.90
51166.47
51158.75
51151.03
51144.59
51138.16
51130.44
51121.43
51114.99
51107.27
51100.84
51093.11
51085.39
51078.96
51072.52
51062.23
51055.79
51049.36
51042.93
51033.92
51027.48
51021.05
51012.04
51004.32
50997.88
50991.45
50983.73
50976.01
50969.57
50961.85
50954.13
50946.41
50939.97
50932.25
50925.82
50918.09
50910.37
50902.65
50896.22
50888.50
50880.77
50874.34
50867.90
50860.18
50852.46
50844.74
50838.31
50830.58
50822.86
50816.43
50809.99
50802.27
50793.26
50786.83
50780.39
50772.67
50764.95
50758.52
50752.08
50744.36
50735.35
50728.92
50721.20
50714.76
50707.04
50700.61
50692.88
50686.45
50677.44
50671.01
50664.57
50656.85
50649.13
50642.69
50636.26
50627.25
50619.53
50613.10
50606.66
50598.94
50591.22
50584.78
50578.35
50569.34
50561.62
50555.18
50548.75
50541.03
50533.31
50526.87
50519.15
50511.43
50503.71
50497.27
50490.84
50483.12
50476.68
50468.96
50461.24
50453.52
50447.08
50439.36
50432.93
50425.21
50418.77
50412.34
50403.33
50395.61
50389.17
50382.74
50375.02
50367.29
50360.86
50353.14
50345.42
50338.98
50331.26
50324.83
50317.10
50310.67
50304.24
50295.23
50287.51
50281.07
50274.64
50266.92
50259.19
50252.76
50246.32
50237.32
50230.88
50224.45
50216.73
50209.00
50202.57
50196.13
50187.13
50179.40
50172.97
50166.54
50158.81
50152.38
50145.95
50138.22
50129.22
50122.78
50116.35
50109.91
50102.19
50094.47
50088.03
50081.60
50072.59
50066.16
50059.72
50052.00
50044.28
50037.84
50031.41
50022.40
50015.97
50009.53
50001.81
49994.09
49987.65
49981.22
49973.50
49965.78
49959.34
49951.62
49943.90
49937.46
49931.03
49923.31
49916.87
49909.15
49901.43
49893.71
49887.28
49880.84
49873.12
49866.68
49858.96
49852.53
49843.52
49837.09
49830.65
49824.22
49816.49
49810.06
49802.34
49794.62
49786.90
49780.46
49774.03
49766.30
49759.87
49753.44
49744.43
49737.99
49730.27
49723.84
49716.12
49709.68
49703.25
49694.24
49687.80
49681.37
49673.65
49667.21
49659.49
49653.06
49645.33
49637.61
49631.18
49623.46
49617.02
49610.59
49604.15
49596.43
49588.71
49580.99
49574.55
49566.83
49560.40
49553.96
49546.24
49539.81
49533.37
49524.36
49517.93
49511.50
49503.77
49496.05
49489.62
49483.18
49474.18
49467.74
49461.31
49453.58
49447.15
49440.72
49434.28
49426.56
49418.84
49412.40
49404.68
49396.96
49390.53
49384.09
49376.37
49369.94
49362.21
49354.49
49348.06
49341.62
49333.90
49327.47
49321.03
49313.31
49305.59
49299.15
49292.72
49285.00
49277.28
49270.84
49264.41
49255.40
49248.97
49242.53
49234.81
49228.37
49221.94
49214.22
49207.78
49200.06
49192.34
49185.91
49179.47
49171.75
49165.32
49158.88
49152.45
49143.44
49137.00
49130.57
49122.85
49116.41
49109.98
49102.26
49095.82
49088.10
49080.38
49073.94
49067.51
49061.08
49053.35
49046.92
49040.48
49030.19
49023.75
49017.32
49010.89
49003.16
48996.73
48990.30
48981.29
48974.85
48968.42
48960.70
48954.26
48947.83
48940.11
48933.67
48925.95
48919.51
48911.79
48905.36
48898.92
48891.20
48884.77
48878.33
48870.61
48864.18
48856.46
48850.02
48843.59
48837.15
48829.43
48823.00
48815.27
48807.55
48801.12
48794.68
48786.96
48780.53
48774.09
48766.37
48758.65
48752.22
48744.49
48738.06
48731.63
48725.19
48717.47
48711.03
48703.31
48695.59
48689.16
48682.72
48675.00
48668.57
48662.13
48654.41
48646.69
48640.25
48633.82
48627.38
48620.95
48613.23
48606.79
48600.36
48591.35
48584.92
48578.48
48570.76
48564.33
48557.89
48550.17
48543.74
48536.01
48529.58
48521.86
48515.42
48508.99
48502.55
48496.12
48488.40
48480.68
48474.24
48467.81
48460.09
48453.65
48447.22
48439.50
48431.77
48425.34
48417.62
48412.47
48404.75
48398.31
48391.88
48385.44
48376.44
48370.00
48363.57
48355.85
48349.41
48342.98
48335.26
48330.11
48321.10
48314.66
48308.23
48301.80
48294.07
48287.64
48281.20
48273.48
48265.76
48259.33
48252.89
48246.46
48238.74
48232.30
48225.87
48219.43
48210.42
48203.99
48197.56
48191.12
48184.69
48176.96
48170.53
48164.10
48156.37
48148.65
48142.22
48135.78
48129.35
48122.91
48115.19
48108.76
48101.04
48093.31
48086.88
48080.45
48074.01
48067.58
48061.14
48053.42
48045.70
48039.26
48031.54
48025.11
48019.96
48012.24
48005.80
47999.37
47990.36
47983.93
47977.49
47971.06
47964.62
47956.90
47950.47
47944.03
47936.31
47928.59
47923.44
47915.72
47909.29
47902.85
47895.13
47888.70
47880.97
47874.54
47868.10
47861.67
47853.95
47847.51
47841.08
47834.64
47826.92
47820.49
47812.77
47806.33
47799.90
47793.46
47787.03
47779.31
47771.59
47765.15
47757.43
47752.28
47745.85
47738.13
47731.69
47725.26
47716.25
47711.10
47704.67
47696.95
47690.51
47684.08
47676.35
47671.21
47662.20
47655.76
47649.33
47641.61
47636.46
47630.03
47622.30
47615.87
47609.43
47601.71
47595.28
47587.56
47581.12
47574.69
47568.25
47561.82
47555.38
47546.38
47539.94
47533.51
47527.07
47520.64
47514.20
47506.48
47501.33
47492.33
47485.89
47479.46
47471.73
47466.59
47460.15
47452.43
47446.00
47438.28
47431.84
47425.41
47417.68
47411.25
47406.10
47398.38
47391.95
47384.22
47376.50
47371.36
47363.63
47357.20
47350.76
47344.33
47337.90
47330.17
47322.45
47317.31
47310.87
47303.15
47296.71
47290.28
47283.85
47276.12
47268.40
47261.97
47256.82
47249.10
47242.66
47236.23
47229.79
47222.07
47214.35
47207.92
47202.77
47195.05
47188.61
47182.18
47175.74
47168.02
47160.30
47153.87
47148.72
47141.00
47134.56
47128.13
47121.69
47115.26
47106.25
47101.10
47094.67
47086.95
47080.51
47074.08
47067.64
47061.21
47052.20
47047.05
47040.62
47032.90
47027.75
47020.03
47013.59
47007.16
46999.44
46993.00
46986.57
46980.13
46973.70
46965.98
46959.54
46954.39
46945.39
46938.95
46932.52
46926.08
46919.65
46911.93
46906.78
46900.34
46891.34
46886.19
46878.47
46872.03
46865.60
46859.16
46852.73
46846.29
46839.86
46832.14
46824.42
46819.27
46812.83
46805.11
46798.68
46792.24
46785.81
46778.09
46771.65
46765.22
46758.78
46752.35
46745.91
46738.19
46733.05
46725.32
46717.60
46712.45
46704.73
46698.30
46693.15
46685.43
46678.99
46671.27
46664.84
46658.40
46651.97
46645.54
46639.10
46632.67
46626.23
46617.22
46612.08
46605.64
46597.92
46592.77
46585.05
46578.62
46572.18
46565.75
46558.02
46551.59
46545.16
46538.72
46532.29
46525.85
46519.42
46512.98
46505.26
46497.54
46492.39
46484.67
46478.24
46473.09
46465.37
46458.93
46451.21
46444.78
46439.63
46431.91
46425.47
46419.04
46412.60
46406.17
46398.45
46392.01
46385.58
46379.14
46372.71
46366.27
46359.84
46353.41
46346.97
46339.25
46331.53
46326.38
46318.66
46313.51
46307.08
46299.35
46294.21
46285.20
46278.76
46273.62
46265.90
46260.75
46253.03
46246.59
46241.44
46232.44
46227.29
46219.57
46213.13
46207.98
46200.26
46195.11
46187.39
46180.96
46173.24
46166.80
46161.65
46153.93
46147.50
46141.06
46134.63
46129.48
46120.47
46114.04
46107.60
46101.17
46096.02
46088.30
46081.87
46075.43
46067.71
46061.28
46054.84
46048.41
46041.97
46035.54
46029.10
46022.67
46017.52
46008.51
46002.08
45995.64
45989.21
45984.06
45976.34
45969.90
45963.47
45955.75
45949.31
45942.88
45937.73
45930.01
45924.86
45917.14
45910.71
45904.27
45896.55
45891.40
45883.68
45878.53
45872.10
45864.38
45859.23
45851.51
45845.07
45837.35
45832.20
45825.77
45819.34
45812.90
45805.18
45800.03
45792.31
45785.88
45779.44
45773.01
45766.57
45760.14
45753.70
45747.27
45739.55
45733.11
45726.68
45720.24
45713.81
45707.37
45702.23
45694.50
45689.36
45680.35
45675.20
45667.48
45662.33
45655.90
45649.46
45643.03
45636.59
45628.87
45622.44
45616.00
45609.57
45603.13
45596.70
45590.26
45583.83
45577.40
45569.67
45564.53
45556.80
45551.66
45543.94
45538.79
45532.35
45525.92
45518.20
45511.76
45505.33
45498.89
45492.46
45486.02
45479.59
45474.44
45466.72
45460.29
45452.56
45447.42
45439.70
45434.55
45428.11
45421.68
45415.24
45407.52
45401.09
45394.65
45388.22
45381.78
45375.35
45370.20
45362.48
45357.33
45348.32
45343.18
45336.74
45330.31
45323.87
45317.44
45311.00
45304.57
45296.85
45290.41
45285.27
45278.83
45272.40
45265.96
45259.53
45253.09
45246.66
45238.94
45232.50
45226.07
45220.92
45213.20
45208.05
45200.33
45195.18
45186.17
45181.03
45174.59
45168.16
45163.01
45155.29
45150.14
45142.42
45137.27
45128.26
45123.11
45116.68
45110.25
45103.81
45097.38
45092.23
45084.51
45078.07
45070.35
45065.20
45058.77
45052.33
45045.90
45039.46
45034.32
45025.31
45020.16
45012.44
45007.29
45000.86
44994.42
44987.99
44981.55
44976.41
44967.40
44962.25
44954.53
44949.38
44942.95
44936.51
44930.08
44923.64
44918.49
44910.77
44904.34
44897.90
44891.47
44885.03
44878.60
44872.17
44867.02
44859.30
44852.86
44846.43
44839.99
44834.85
44827.12
44821.98
44814.25
44809.11
44801.39
44794.95
44788.52
44782.08
44776.93
44769.21
44764.06
44757.63
44749.91
44743.47
44737.04
44730.61
44725.46
44719.02
44712.59
44706.15
44699.72
44693.28
44685.56
44680.42
44673.98
44667.55
44661.11
44654.68
44648.24
44643.09
44635.37
44628.94
44622.50
44616.07
44610.92
44603.20
44598.05
44591.62
44583.90
44577.46
44571.03
44564.59
44559.45
44553.01
44546.58
44540.14
44533.71
44527.27
44520.84
44514.40
44507.97
44501.53
44495.10
44489.95
44482.23
44475.80
44469.36
44462.93
44457.78
44451.34
44444.91
44438.48
44432.04
44425.61
44419.17
44411.45
44406.30
44399.87
44393.43
44387.00
44381.85
44375.42
44368.98
44361.26
44354.83
44349.68
44343.24
44336.81
44330.37
44325.23
44317.51
44311.07
44304.64
44298.20
44291.77
44286.62
44278.90
44273.75
44267.32
44260.88
44253.16
44248.01
44241.58
44235.14
44228.71
44222.27
44217.13
44210.69
44204.26
44196.54
44191.39
44183.67
44178.52
44172.08
44165.65
44159.21
44154.07
44147.63
44139.91
44133.48
44128.33
44121.89
44115.46
44109.02
44102.59
44097.44
44089.72
44083.29
44076.85
44071.70
44065.27
44058.84
44052.40
44047.25
44039.53
44033.10
44026.66
44020.23
44013.79
44008.65
44002.21
43995.78
43989.34
43984.19
43976.47
43970.04
43963.60
43958.46
43952.02
43945.59
43939.15
43932.72
43926.28
43919.85
43913.41
43906.98
43901.83
43895.40
43888.96
43882.53
43877.38
43869.66
43863.22
43856.79
43851.64
43845.21
43838.77
43832.34
43827.19
43820.76
43813.03
43806.60
43801.45
43793.73
43788.58
43782.15
43777.00
43769.28
43764.13
43756.41
43751.26
43743.54
43738.39
43731.96
43726.81
43719.09
43713.94
43706.22
43701.07
43694.64
43688.20
43681.77
43676.62
43670.19
43663.75
43657.32
43650.88
43644.45
43638.01
43631.58
43626.43
43620.00
43613.56
43607.13
43601.98
43594.26
43587.82
43582.68
43576.24
43569.81
43563.37
43558.23
43551.79
43545.36
43537.63
43532.49
43526.05
43519.62
43514.47
43508.04
43501.60
43495.17
43490.02
43482.30
43475.86
43470.71
43464.28
43457.85
43451.41
43446.26
43439.83
43433.39
43426.96
43420.53
43414.09
43407.66
43402.51
43396.07
43389.64
43384.49
43376.77
43370.34
43365.19
43358.75
43352.32
43345.88
43340.74
43334.30
43327.87
43320.15
43315.00
43308.56
43303.42
43295.69
43290.55
43284.11
43278.96
43272.53
43264.81
43258.37
43253.23
43246.79
43241.64
43233.92
43228.77
43222.34
43217.19
43209.47
43204.32
43196.60
43191.45
43185.02
43179.87
43173.44
43168.29
43160.57
43154.13
43147.70
43142.55
43136.12
43130.97
43123.25
43118.10
43111.67
43106.52
43098.80
43092.36
43085.93
43080.78
43074.34
43067.91
43062.76
43056.33
43049.89
43042.17
43037.02
43030.59
43025.44
43019.01
43013.86
43006.14
43000.99
42994.56
42988.12
42981.69
42976.54
42968.82
42963.67
42957.24
42952.09
42945.65
42940.51
42932.78
42926.35
42919.92
42914.77
42908.33
42901.90
42896.75
42890.32
42885.17
42877.45
42871.01
42864.58
42859.43
42853.00
42847.85
42841.41
42836.27
42827.26
42822.11
42815.67
42810.53
42804.09
42798.95
42792.51
42786.08
42779.64
42774.49
42766.77
42760.34
42755.19
42748.76
42743.61
42737.17
42732.03
42724.30
42719.16
42711.43
42706.29
42699.85
42694.70
42688.27
42683.12
42676.69
42670.25
42662.53
42657.38
42650.95
42644.52
42639.37
42632.93
42627.79
42621.35
42616.20
42609.77
42602.05
42595.61
42590.46
42584.03
42578.88
42572.45
42567.30
42560.87
42554.43
42548.00
42541.56
42535.13
42528.69
42523.55
42517.11
42511.96
42505.53
42500.38
42492.66
42487.51
42481.08
42474.64
42469.49
42463.06
42456.63
42450.19
42445.04
42437.32
42432.17
42425.74
42420.59
42414.16
42409.01
42402.58
42397.43
42390.99
42383.27
42378.12
42371.69
42366.54
42358.82
42353.67
42347.24
42342.09
42335.66
42329.22
42322.79
42317.64
42311.20
42304.77
42299.62
42293.19
42288.04
42281.61
42275.17
42268.74
42263.59
42257.15
42250.72
42245.57
42239.14
42232.70
42227.55
42219.83
42213.40
42208.25
42201.82
42196.67
42190.23
42185.09
42178.65
42173.50
42165.78
42159.35
42154.20
42147.77
42142.62
42136.18
42131.04
42124.60
42119.45
42111.73
42105.30
42100.15
42093.72
42088.57
42082.13
42076.99
42070.55
42065.40
42057.68
42051.25
42046.10
42039.67
42034.52
42028.08
42022.94
42016.50
42011.35
42004.92
41997.20
41992.05
41985.61
41980.47
41974.03
41968.88
41962.45
41957.30
41950.87
41944.43
41938.00
41931.56
41926.42
41919.98
41914.83
41908.40
41903.25
41896.82
41890.38
41883.95
41877.51
41872.37
41865.93
41860.78
41854.35
41849.20
41842.77
41836.33
41829.90
41823.46
41818.32
41811.88
41806.73
41800.30
41795.15
41788.72
41782.28
41775.85
41769.41
41764.27
41757.83
41752.68
41746.25
41741.10
41734.67
41728.23
41721.80
41715.36
41710.21
41703.78
41698.63
41692.20
41687.05
41681.90
41675.47
41669.03
41662.60
41657.45
41651.02
41645.87
41639.43
41634.29
41627.85
41621.42
41614.98
41608.55
41603.40
41596.97
41591.82
41585.38
41580.24
41573.80
41567.37
41562.22
41555.78
41550.64
41544.20
41537.77
41532.62
41526.19
41521.04
41514.60
41508.17
41501.73
41496.59
41490.15
41483.72
41478.57
41473.42
41468.27
41461.84
41455.41
41448.97
41442.54
41437.39
41430.95
41425.81
41419.37
41414.22
41407.79
41401.35
41394.92
41389.77
41384.63
41378.19
41371.76
41366.61
41360.17
41355.03
41348.59
41342.16
41335.72
41330.57
41325.43
41318.99
41313.84
41307.41
41302.26
41295.83
41288.11
41282.96
41276.52
41271.38
41264.94
41259.79
41254.65
41248.21
41243.06
41236.63
41230.20
41223.76
41218.61
41212.18
41207.03
41201.88
41195.45
41190.30
41183.87
41176.14
41171.00
41164.56
41159.41
41154.27
41147.83
41142.68
41136.25
41131.10
41123.38
41118.23
41111.80
41106.65
41101.50
41095.07
41089.92
41083.49
41078.34
41071.90
41064.18
41059.04
41053.89
41048.74
41042.31
41035.87
41030.72
41024.29
41019.14
41012.71
41006.27
41001.12
40994.69
40989.54
40983.11
40977.96
40972.81
40966.38
40961.23
40953.51
40948.36
40941.93
40936.78
40931.63
40925.20
40920.05
40913.61
40908.47
40900.74
40894.31
40890.45
40884.01
40878.87
40872.43
40866.00
40860.85
40855.70
40849.27
40842.83
40836.40
40831.25
40824.82
40819.67
40814.52
40808.09
40802.94
40796.50
40790.07
40783.64
40778.49
40773.34
40766.91
40761.76
40755.32
40750.18
40745.03
40737.31
40732.16
40725.72
40720.58
40715.43
40708.99
40703.85
40697.41
40692.26
40684.54
40679.40
40674.25
40667.81
40662.67
40656.23
40651.08
40645.94
40639.50
40634.35
40626.63
40621.48
40616.34
40609.90
40604.75
40598.32
40593.17
40588.02
40581.59
40576.44
40568.72
40563.57
40558.43
40551.99
40546.84
40540.41
40535.26
40530.11
40523.68
40517.24
40510.81
40505.66
40500.51
40494.08
40488.93
40482.50
40477.35
40472.20
40464.48
40459.33
40452.90
40447.75
40442.60
40436.17
40431.02
40425.87
40419.44
40414.29
40406.57
40401.42
40396.27
40389.84
40384.69
40378.26
40373.11
40367.96
40361.53
40355.09
40348.66
40343.51
40338.36
40331.93
40326.78
40321.63
40315.20
40310.05
40303.62
40297.18
40292.03
40285.60
40280.45
40275.30
40268.87
40263.72
40257.29
40253.43
40246.99
40239.27
40234.12
40227.69
40223.83
40217.39
40210.96
40205.81
40200.66
40195.52
40187.79
40182.65
40177.50
40171.06
40165.92
40160.77
40154.33
40149.19
40142.75
40137.60
40131.17
40124.73
40119.59
40114.44
40108.01
40102.86
40096.42
40091.28
40086.13
40078.41
40073.26
40068.11
40061.68
40056.53
40051.38
40044.95
40039.80
40033.36
40029.50
40021.78
40015.35
40011.49
40005.05
39999.90
39993.47
39988.32
39983.17
39976.74
39970.31
39965.16
39958.72
39953.58
39948.43
39941.99
39936.85
39931.70
39925.26
39920.12
39912.39
39907.25
39902.10
39895.66
39891.80
39885.37
39878.93
39873.79
39868.64
39863.49
39855.77
39850.62
39845.47
39839.04
39833.89
39828.74
39822.31
39817.16
39812.01
39804.29
39799.15
39794.00
39787.56
39782.42
39777.27
39772.12
39765.69
39760.54
39755.39
39747.67
39742.52
39737.37
39730.94
39725.79
39720.64
39714.21
39709.06
39703.91
39697.48
39691.04
39685.90
39679.46
39674.31
39669.17
39664.02
39657.58
39652.44
39647.29
39639.57
39634.42
39629.27
39622.84
39617.69
39612.54
39606.11
39602.25
39595.81
39589.38
39584.23
39577.80
39572.65
39567.50
39561.07
39555.92
39550.77
39544.34
39539.19
39534.04
39526.32
39522.46
39516.02
39509.59
39505.73
39499.29
39494.15
39489.00
39482.56
39476.13
39470.98
39464.55
39459.40
39454.25
39447.82
39443.96
39437.52
39432.37
39427.23
39419.51
39414.36
39409.21
39402.78
39397.63
39392.48
39386.05
39382.18
39375.75
39369.32
39364.17
39357.73
39352.59
39347.44
39341.00
39335.86
39330.71
39324.27
39320.41
39313.98
39306.26
39302.40
39295.96
39290.81
39285.67
39279.23
39274.08
39268.94
39262.50
39256.07
39250.92
39245.77
39240.62
39234.19
39229.04
39223.89
39218.75
39212.31
39207.16
39200.73
39194.30
39190.43
39184.00
39178.85
39173.70
39167.27
39162.12
39156.97
39150.54
39144.11
39138.96
39133.81
39128.66
39122.23
39117.08
39111.93
39106.78
39100.35
39095.20
39088.77
39082.33
39078.47
39072.04
39066.89
39061.74
39055.31
39050.16
39045.01
39039.87
39033.43
39027.00
39021.85
39016.70
39011.55
39005.12
38999.97
38994.82
38988.39
38984.53
38976.81
38971.66
38966.51
38960.08
38954.93
38949.78
38944.63
38938.20
38934.34
38926.62
38921.47
38916.32
38909.89
38904.74
38899.59
38894.44
38888.01
38884.15
38877.71
38871.28
38866.13
38859.70
38854.55
38849.40
38844.25
38839.11
38833.96
38827.52
38822.38
38815.94
38809.51
38804.36
38799.21
38794.06
38788.92
38783.77
38777.33
38772.19
38767.04
38759.32
38755.46
38749.02
38743.87
38738.73
38733.58
38727.14
38722.00
38716.85
38711.70
38705.27
38700.12
38693.68
38688.54
38683.39
38676.96
38673.09
38666.66
38661.51
38656.36
38649.93
38643.50
38639.63
38633.20
38628.05
38622.90
38617.76
38611.32
38606.17
38601.03
38594.59
38589.44
38583.01
38577.86
38572.71
38567.57
38561.13
38557.27
38550.84
38545.69
38539.26
38534.11
38527.67
38522.53
38517.38
38512.23
38507.08
38501.93
38495.50
38490.35
38483.92
38478.77
38473.62
38468.47
38462.04
38456.89
38451.74
38446.60
38441.45
38436.30
38428.58
38423.43
38418.29
38413.14
38406.70
38402.84
38396.41
38391.26
38386.11
38380.96
38373.24
38369.38
38362.95
38357.80
38352.65
38347.50
38342.36
38337.21
38332.06
38325.63
38319.19
38314.04
38308.90
38303.75
38298.60
38292.17
38287.02
38281.87
38276.72
38270.29
38265.14
38258.71
38253.56
38248.41
38243.26
38238.12
38232.97
38227.82
38221.39
38217.53
38209.80
38204.66
38199.51
38194.36
38187.93
38182.78
38177.63
38172.48
38167.34
38162.19
38155.75
38149.32
38145.46
38139.02
38133.88
38128.73
38123.58
38117.15
38113.29
38108.14
38100.42
38095.27
38090.12
38084.97
38079.83
38074.68
38068.24
38063.10
38059.24
38052.80
38046.37
38041.22
38036.07
38029.64
38025.78
38019.34
38014.19
38009.05
38003.90
37998.75
37992.32
37987.17
37980.73
37975.59
37971.73
37965.29
37960.14
37955.00
37949.85
37943.41
37939.55
37933.12
37926.68
37921.54
37916.39
37911.24
37906.09
37900.95
37895.80
37889.36
37885.50
37877.78
37872.63
37867.49
37862.34
37857.19
37852.04
37846.89
37840.46
37835.31
37831.45
37823.73
37818.58
37813.43
37808.29
37803.14
37797.99
37792.84
37786.41
37781.26
37777.40
37769.68
37764.53
37759.38
37754.24
37749.09
37743.94
37738.79
37732.36
37727.21
37723.35
37715.63
37710.48
37705.33
37700.19
37695.04
37689.89
37684.74
37678.31
37673.16
37669.30
37661.58
37656.43
37652.57
37646.14
37640.99
37635.84
37630.69
37625.55
37619.11
37615.25
37610.10
37602.38
37598.52
37592.09
37586.94
37581.79
37576.64
37571.49
37566.35
37561.20
37556.05
37548.33
37544.47
37539.32
37532.89
37527.74
37523.88
37517.44
37512.30
37507.15
37502.00
37495.57
37490.42
37485.27
37480.12
37473.69
37469.83
37464.68
37458.25
37454.39
37449.24
37441.52
37436.37
37431.22
37426.07
37420.93
37415.78
37410.63
37405.48
37400.34
37395.19
37390.04
37382.32
37378.46
37373.31
37366.88
37361.73
37357.87
37351.43
37346.28
37342.42
37335.99
37329.55
37324.41
37319.26
37314.11
37308.96
37303.82
37298.67
37293.52
37288.37
37283.23
37276.79
37270.36
37266.50
37261.35
37254.91
37249.77
37245.91
37239.47
37234.32
37230.46
37222.74
37217.59
37212.45
37207.30
37202.15
37197.00
37191.85
37186.71
37181.56
37176.41
37171.26
37164.83
37159.68
37154.53
37149.39
37144.24
37137.80
37133.94
37128.80
37122.36
37118.50
37112.07
37105.63
37100.48
37096.62
37091.48
37085.04
37079.89
37076.03
37069.60
37064.45
37060.59
37052.87
37047.72
37042.57
37038.71
37032.28
37027.13
37021.98
37016.83
37011.69
37006.54
37000.10
36994.96
36989.81
36984.66
36979.51
36974.37
36969.22
36964.07
36958.92
36953.78
36947.34
36942.19
36937.05
36931.90
36926.75
36921.60
36916.45
36911.31
36906.16
36901.01
36895.86
36889.43
36884.28
36879.13
36873.99
36868.84
36863.69
36858.54
36853.40
36848.25
36843.10
36836.67
36831.52
36826.37
36821.22
36816.08
36810.93
36805.78
36800.63
36795.48
36790.34
36783.90
36778.75
36773.61
36768.46
36763.31
36758.16
36753.02
36747.87
36742.72
36737.57
36732.43
36725.99
36720.84
36715.70
36710.55
36705.40
36700.25
36695.11
36691.24
36684.81
36679.66
36673.23
36669.37
36662.93
36657.78
36652.64
36648.78
36642.34
36637.19
36632.05
36628.19
36623.04
36615.32
36611.46
36606.31
36601.16
36594.73
36590.87
36585.72
36580.57
36574.14
36570.27
36563.84
36558.69
36553.54
36548.40
36543.25
36538.10
36532.95
36527.81
36522.66
36517.51
36512.36
36507.22
36500.78
36495.63
36491.77
36486.63
36480.19
36475.04
36471.18
36466.03
36460.89
36453.17
36449.30
36444.16
36439.01
36432.57
36428.71
36423.57
36418.42
36413.27
36408.12
36402.98
36396.54
36391.39
36387.53
36381.10
36375.95
36370.80
36366.94
36361.79
36355.36
36351.50
36346.35
36339.92
36334.77
36329.62
36324.47
36319.33
36314.18
36309.03
36303.88
36298.74
36293.59
36287.15
36283.29
36278.14
36271.71
36267.85
36262.70
36257.55
36252.41
36247.26
36242.11
36236.96
36230.53
36225.38
36221.52
36215.09
36209.94
36204.79
36200.93
36195.78
36189.35
36185.49
36179.05
36173.90
36168.76
36163.61
36158.46
36153.31
36148.17
36143.02
36139.16
36134.01
36127.58
36121.14
36117.28
36112.13
36106.99
36101.84
36096.69
36091.54
36086.39
36081.25
36077.39
36072.24
36065.80
36059.37
36055.51
36050.36
36045.21
36040.07
36034.92
36029.77
36024.62
36019.47
36014.33
36009.18
36004.03
35998.88
35993.74
35988.59
35983.44
35978.29
35973.15
35969.29
35964.14
35956.42
35951.27
35947.41
35942.26
35937.11
35931.96
35928.10
35921.67
35916.52
35911.37
35907.51
35901.08
35895.93
35890.78
35885.64
35880.49
35875.34
35870.19
35865.04
35861.18
35856.04
35849.60
35844.45
35839.31
35834.16
35829.01
35823.86
35820.00
35814.86
35809.71
35803.27
35799.41
35792.98
35787.83
35782.68
35777.53
35773.67
35768.53
35763.38
35758.23
35753.08
35747.94
35742.79
35736.35
35732.49
35727.35
35722.20
35717.05
35711.90
35706.75
35701.61
35696.46
35691.31
35687.45
35681.02
35675.87
35670.72
35665.57
35660.43
35655.28
35650.13
35646.27
35641.12
35635.97
35629.54
35624.39
35620.53
35615.38
35608.95
35603.80
35599.94
35594.79
35589.65
35584.50
35579.35
35574.20
35569.05
35563.91
35558.76
35553.61
35548.46
35543.32
35538.17
35534.31
35529.16
35524.01
35517.58
35512.43
35508.57
35503.42
35498.27
35493.13
35487.98
35482.83
35477.68
35472.54
35467.39
35462.24
35457.09
35451.95
35446.80
35441.65
35437.79
35432.64
35427.49
35422.35
35417.20
35412.05
35405.62
35400.47
35396.61
35391.46
35386.31
35381.16
35376.02
35372.16
35367.01
35361.86
35356.71
35350.28
35346.42
35341.27
35336.12
35330.98
35325.83
35320.68
35315.53
35310.38
35306.52
35300.09
35294.94
35289.79
35284.65
35280.79
35275.64
35270.49
35265.34
35260.19
35256.33
35251.19
35244.75
35239.60
35234.46
35230.60
35225.45
35220.30
35215.15
35210.01
35204.86
35199.71
35194.56
35188.13
35184.27
35179.12
35173.97
35168.82
35164.96
35159.82
35154.67
35149.52
35144.37
35140.51
35134.08
35128.93
35123.78
35118.63
35114.77
35109.63
35104.48
35099.33
35094.18
35090.32
35085.17
35078.74
35073.59
35068.44
35064.58
35059.44
35054.29
35049.14
35043.99
35040.13
35034.98
35029.84
35023.40
35018.25
35014.39
35009.25
35004.10
34998.95
34995.09
34989.94
34984.79
34979.65
34974.50
34969.35
34964.20
34959.06
34953.91
34948.76
34944.90
34939.75
34934.61
34929.46
34924.31
34920.45
34914.01
34908.87
34903.72
34898.57
34894.71
34889.56
34884.42
34879.27
34874.12
34870.26
34865.11
34858.68
34853.53
34848.38
34844.52
34839.37
34834.23
34829.08
34823.93
34820.07
34814.92
34809.77
34803.34
34799.48
34794.33
34789.18
34784.04
34778.89
34775.03
34769.88
34764.73
34759.58
34754.44
34749.29
34744.14
34738.99
34733.85
34728.70
34724.84
34720.98
34715.83
34710.68
34705.53
34700.39
34695.24
34690.09
34684.94
34679.80
34674.65
34670.79
34665.64
34660.49
34655.34
34650.20
34646.34
34639.90
34634.75
34629.61
34624.46
34620.60
34615.45
34611.59
34606.44
34601.29
34596.15
34592.29
34585.85
34580.70
34575.56
34571.70
34566.55
34561.40
34556.25
34551.10
34547.24
34542.10
34536.95
34530.51
34525.37
34521.51
34517.64
34512.50
34507.35
34502.20
34497.05
34493.19
34488.05
34482.90
34477.75
34471.32
34467.45
34462.31
34457.16
34453.30
34448.15
34443.00
34439.14
34434.00
34428.85
34423.70
34417.27
34413.40
34408.26
34403.11
34397.96
34392.81
34388.95
34385.09
34379.94
34374.80
34369.65
34363.21
34359.35
34354.21
34349.06
34343.91
34338.76
34334.90
34331.04
34325.89
34320.75
34315.60
34309.16
34305.30
34300.16
34295.01
34289.86
34284.71
34280.85
34276.99
34271.84
34266.70
34261.55
34255.11
34251.25
34246.11
34240.96
34235.81
34231.95
34226.80
34222.94
34217.79
34212.65
34207.50
34201.06
34197.20
34192.05
34188.19
34183.05
34177.90
34172.75
34168.89
34163.74
34158.60
34153.45
34149.59
34143.15
34139.29
34134.14
34129.00
34123.85
34119.99
34114.84
34109.69
34105.83
34100.68
34095.54
34089.10
34085.24
34080.09
34074.95
34069.80
34065.94
34060.79
34056.93
34051.78
34046.63
34041.49
34036.34
34031.19
34027.33
34022.18
34017.03
34011.89
34008.03
34002.88
33997.73
33993.87
33988.72
33983.57
33978.43
33973.28
33968.13
33962.98
33959.12
33953.98
33950.11
33944.97
33939.82
33934.67
33929.52
33924.38
33919.23
33915.37
33910.22
33905.07
33899.93
33896.06
33890.92
33887.06
33881.91
33876.76
33870.33
33866.47
33861.32
33857.46
33852.31
33847.16
33842.01
33838.15
33833.01
33829.14
33824.00
33818.85
33812.41
33808.55
33803.41
33799.55
33794.40
33789.25
33784.10
33778.96
33775.09
33771.23
33766.09
33759.65
33754.50
33749.36
33745.50
33741.63
33736.49
33731.34
33726.19
33721.04
33717.18
33713.32
33706.89
33701.74
33696.59
33692.73
33687.58
33683.72
33678.58
33673.43
33668.28
33664.42
33659.27
33655.41
33648.98
33643.83
33639.97
33634.82
33629.67
33625.81
33620.66
33616.80
33611.66
33606.51
33601.36
33596.21
33592.35
33587.20
33582.06
33576.91
33571.76
33567.90
33564.04
33558.89
33553.74
33548.60
33544.74
33538.30
33534.44
33529.29
33524.15
33520.29
33515.14
33509.99
33506.13
33500.98
33497.12
33491.97
33485.54
33480.39
33476.53
33472.67
33467.52
33462.37
33457.23
33453.37
33448.22
33444.36
33439.21
33434.06
33428.91
33423.77
33418.62
33414.76
33409.61
33405.75
33400.60
33395.45
33390.31
33386.45
33381.30
33376.15
33371.00
33367.14
33361.99
33356.85
33351.70
33347.84
33343.98
33338.83
33333.68
33328.53
33324.67
33318.24
33314.38
33309.23
33305.37
33300.22
33295.07
33289.93
33286.07
33282.21
33277.06
33271.91
33266.76
33261.62
33256.47
33252.61
33247.46
33243.60
33238.45
33233.30
33228.16
33224.29
33220.43
33215.29
33208.85
33204.99
33199.84
33194.70
33190.83
33185.69
33181.83
33176.68
33172.82
33167.67
33162.52
33156.09
33152.23
33148.37
33143.22
33138.07
33134.21
33129.06
33123.92
33120.05
33116.19
33111.05
33105.90
33099.46
33095.60
33090.46
33086.59
33082.73
33077.59
33072.44
33067.29
33063.43
33058.28
33054.42
33049.27
33044.13
33038.98
33033.83
33029.97
33024.82
33020.96
33015.81
33011.95
33006.81
33001.66
32996.51
32991.36
32986.22
32982.35
32978.49
32973.35
32968.20
32963.05
32959.19
32954.04
32950.18
32946.32
32941.17
32934.74
32930.88
32925.73
32920.58
32916.72
32912.86
32907.71
32902.57
32898.70
32893.56
32888.41
32884.55
32879.40
32874.25
32869.11
32865.25
32860.10
32854.95
32851.09
32845.94
32842.08
32836.93
32833.07
32826.64
32821.49
32817.63
32812.48
32808.62
32804.76
32799.61
32794.46
32790.60
32785.46
32780.31
32776.45
32771.30
32766.15
32761.01
32757.14
32752.00
32746.85
32742.99
32739.13
32733.98
32730.12
32724.97
32719.82
32714.68
32709.53
32704.38
32700.52
32696.66
32691.51
32687.65
32682.50
32677.36
32673.49
32668.35
32664.49
32659.34
32654.19
32649.04
32645.18
32640.04
32634.89
32631.03
32627.17
32622.02
32618.16
32613.01
32606.58
32602.71
32597.57
32592.42
32588.56
32584.70
32579.55
32575.69
32570.54
32565.39
32561.53
32556.39
32551.24
32547.38
32542.23
32537.08
32533.22
32528.07
32522.93
32519.06
32515.20
32510.06
32506.20
32501.05
32495.90
32490.75
32485.61
32481.74
32476.60
32472.74
32468.88
32463.73
32458.58
32454.72
32449.57
32443.14
32439.28
32435.42
32431.55
32426.41
32421.26
32417.40
32412.25
32407.10
32403.24
32399.38
32394.23
32390.37
32383.94
32380.08
32374.93
32369.78
32365.92
32360.77
32356.91
32353.05
32347.91
32344.04
32338.90
32332.46
32328.60
32323.45
32319.59
32315.73
32310.58
32306.72
32301.58
32296.43
32292.57
32287.42
32282.27
32277.12
32273.26
32269.40
32264.26
32259.11
32255.25
32250.10
32246.24
32241.09
32237.23
32233.37
32228.22
32223.07
32217.93
32212.78
32208.92
32203.77
32199.91
32194.76
32190.90
32187.04
32181.89
32176.75
32172.88
32166.45
32162.59
32157.44
32153.58
32149.72
32144.57
32140.71
32135.56
32131.70
32126.56
32121.41
32117.55
32111.11
32107.25
32103.39
32098.24
32094.38
32089.24
32085.37
32080.23
32075.08
32071.22
32067.36
32063.50
32057.06
32053.20
32048.05
32042.91
32039.05
32033.90
32030.04
32024.89
32021.03
32017.17
32012.02
32008.16
32001.72
31997.86
31992.72
31987.57
31983.71
31979.85
31975.99
31970.84
31966.98
31961.83
31956.68
31952.82
31946.39
31942.53
31937.38
31933.52
31929.66
31924.51
31920.65
31915.50
31911.64
31906.49
31902.63
31897.48
31892.34
31888.48
31883.33
31879.47
31874.32
31870.46
31865.31
31861.45
31856.30
31851.16
31847.30
31843.43
31838.29
31833.14
31829.28
31824.13
31820.27
31815.12
31811.26
31806.11
31800.97
31797.11
31793.24
31789.38
31782.95
31779.09
31773.94
31770.08
31764.93
31761.07
31755.92
31752.06
31748.20
31743.05
31739.19
31734.05
31728.90
31723.75
31719.89
31714.74
31710.88
31705.73
31701.87
31698.01
31692.87
31689.00
31683.86
31680.00
31673.56
31669.70
31664.55
31660.69
31655.54
31651.68
31647.82
31643.96
31638.81
31634.95
31629.81
31625.95
31620.80
31615.65
31610.50
31606.64
31601.49
31597.63
31593.77
31588.63
31584.76
31579.62
31575.76
31570.61
31566.75
31560.31
31556.45
31552.59
31547.44
31543.58
31539.72
31534.57
31530.71
31525.57
31521.71
31516.56
31512.70
31506.26
31502.40
31498.54
31494.68
31489.53
31485.67
31480.52
31476.66
31471.52
31467.66
31462.51
31458.65
31452.21
31448.35
31444.49
31440.63
31435.48
31431.62
31426.47
31422.61
31417.47
31413.60
31408.46
31404.60
31398.16
31394.30
31390.44
31386.58
31381.43
31377.57
31372.42
31368.56
31363.41
31359.55
31354.41
31350.55
31344.11
31340.25
31336.39
31332.53
31328.67
31323.52
31319.66
31314.51
31310.65
31305.50
31301.64
31296.50
31292.63
31286.20
31282.34
31278.48
31274.62
31269.47
31265.61
31260.46
31256.60
31252.74
31247.59
31243.73
31238.58
31233.44
31228.29
31224.43
31220.57
31216.71
31211.56
31207.70
31202.55
31198.69
31193.54
31189.68
31185.82
31179.39
31175.53
31170.38
31166.52
31162.66
31158.80
31153.65
31149.79
31144.64
31140.78
31136.92
31131.77
31127.91
31121.47
31117.61
31112.47
31108.61
31104.74
31100.88
31095.74
31091.88
31088.02
31082.87
31079.01
31073.86
31068.71
31063.56
31059.70
31055.84
31050.69
31046.83
31042.97
31037.83
31033.96
31030.10
31024.96
31021.10
31017.23
31010.80
31006.94
31001.79
30997.93
30992.78
30988.92
30985.06
30979.91
30976.05
30972.19
30968.33
30963.18
30958.04
30954.18
30949.03
30945.17
30940.02
30936.16
30931.01
30927.15
30923.29
30918.14
30914.28
30910.42
30906.56
30900.13
30896.26
30892.40
30887.26
30883.40
30878.25
30874.39
30870.53
30865.38
30861.52
30856.37
30852.51
30847.36
30843.50
30838.35
30834.49
30830.63
30825.48
30821.62
30817.76
30812.62
30808.75
30803.61
30799.75
30794.60
30789.45
30785.59
30780.44
30776.58
30772.72
30768.86
30765.00
30759.85
30755.99
30752.13
30746.98
30743.12
30736.69
30732.83
30728.97
30723.82
30719.96
30714.81
30710.95
30707.09
30703.23
30698.08
30694.22
30690.36
30685.21
30680.06
30676.20
30672.34
30667.19
30663.33
30658.19
30654.32
30650.46
30645.32
30641.46
30637.59
30632.45
30627.30
30623.44
30619.58
30614.43
30610.57
30606.71
30602.85
30597.70
30593.84
30588.69
30584.83
30580.97
30574.54
30570.68
30566.81
30561.67
30557.81
30552.66
30548.80
30544.94
30541.08
30537.22
30533.35
30528.21
30524.35
30517.91
30514.05
30510.19
30505.04
30501.18
30497.32
30492.17
30488.31
30484.45
30479.30
30475.44
30471.58
30465.15
30461.29
30457.43
30453.57
30449.71
30444.56
30440.70
30436.84
30431.69
30427.83
30423.97
30418.82
30414.96
30409.81
30404.66
30400.80
30396.94
30391.79
30387.93
30384.07
30378.92
30375.06
30371.20
30367.34
30363.48
30358.33
30353.19
30349.33
30344.18
30340.32
30336.46
30331.31
30327.45
30323.59
30318.44
30314.58
30310.72
30305.57
30300.42
30296.56
30291.41
30287.55
30283.69
30279.83
30274.68
30270.82
30266.96
30263.10
30259.24
30254.09
30250.23
30245.09
30239.94
30236.08
30232.22
30228.36
30223.21
30219.35
30215.49
30210.34
30206.48
30202.62
30197.47
30193.61
30188.46
30183.31
30179.45
30175.59
30171.73
30167.87
30162.72
30158.86
30155.00
30151.14
30147.28
30142.13
30138.27
30133.12
30127.98
30124.12
30120.25
30115.11
30111.25
30107.39
30102.24
30098.38
30094.52
30090.66
30085.51
30080.36
30076.50
30071.35
30067.49
30063.63
30059.77
30055.91
30050.76
30046.90
30043.04
30039.18
30035.32
30030.17
30025.02
30021.16
30016.01
30012.15
30008.29
30004.43
29999.28
29995.42
29991.56
29986.42
29982.55
29978.69
29974.83
29968.40
29964.54
29960.68
29955.53
29951.67
29947.81
29943.95
29940.09
29934.94
29931.08
29927.22
29923.36
29919.50
29914.35
29909.20
29905.34
29901.48
29897.62
29892.47
29888.61
29884.75
29879.60
29875.74
29871.88
29868.02
29862.87
29857.72
29853.86
29850.00
29844.85
29840.99
29837.13
29831.99
29828.12
29824.26
29820.40
29815.26
29811.39
29807.53
29802.39
29798.53
29793.38
29789.52
29785.66
29781.80
29777.94
29774.07
29770.21
29765.07
29761.21
29757.34
29753.48
29747.05
29743.19
29739.33
29735.47
29730.32
29726.46
29722.60
29718.74
29713.59
29709.73
29705.87
29702.01
29695.57
29691.71
29687.85
29683.99
29678.84
29674.98
29671.12
29667.26
29662.11
29658.25
29654.39
29650.53
29645.38
29640.24
29636.37
29632.51
29628.65
29623.51
29619.64
29615.78
29611.92
29608.06
29604.20
29599.05
29595.19
29591.33
29586.18
29582.32
29578.46
29573.32
29569.45
29565.59
29561.73
29557.87
29552.72
29548.86
29545.00
29541.14
29536.00
29530.85
29526.99
29523.13
29519.27
29514.12
29510.26
29506.40
29502.54
29497.39
29493.53
29489.67
29485.81
29481.94
29475.51
29471.65
29467.79
29463.93
29458.78
29454.92
29451.06
29447.20
29443.34
29438.19
29434.33
29430.47
29426.61
29421.46
29416.31
29412.45
29408.59
29404.73
29400.87
29395.72
29391.86
29388.00
29384.14
29380.28
29376.42
29371.27
29366.12
29362.26
29358.40
29354.54
29350.68
29346.82
29341.67
29337.81
29333.95
29330.09
29326.23
29322.37
29318.51
29313.36
29308.21
29304.35
29300.49
29296.63
29291.48
29287.62
29283.76
29279.90
29276.04
29272.18
29267.03
29263.17
29259.31
29254.16
29250.30
29245.15
29241.29
29237.43
29233.57
29229.71
29225.85
29220.70
29216.84
29212.98
29209.12
29205.26
29198.82
29194.96
29191.10
29187.24
29183.38
29179.52
29174.37
29170.51
29166.65
29162.79
29158.93
29155.07
29149.92
29144.77
29140.91
29137.05
29133.19
29129.33
29124.18
29120.32
29116.46
29112.60
29108.74
29104.88
29099.73
29095.87
29090.72
29086.86
29083.00
29079.14
29073.99
29070.13
29066.27
29062.41
29058.55
29054.69
29050.83
29045.68
29041.82
29036.67
29032.81
29028.95
29025.09
29019.94
29016.08
29012.22
29008.36
29004.50
29000.64
28996.78
28991.63
28987.77
28983.91
28978.76
28974.90
28971.04
28967.18
28962.03
28958.17
28954.31
28950.45
28946.59
28942.73
28938.87
28933.72
28929.86
28924.71
28920.85
28916.99
28913.13
28909.27
28905.41
28900.26
28896.40
28892.54
28888.68
28884.82
28880.96
28877.09
28870.66
28866.80
28862.94
28859.08
28855.22
28851.36
28847.50
28843.63
28838.49
28834.63
28830.77
28826.90
28823.04
28819.18
28814.04
28810.17
28806.31
28801.17
28797.31
28793.44
28789.58
28785.72
28781.86
28778.00
28774.14
28768.99
28765.13
28759.99
28756.12
28752.26
28748.40
28744.54
28740.68
28736.82
28731.67
28727.81
28723.95
28720.09
28716.23
28712.37
28707.22
28703.36
28699.50
28694.35
28690.49
28686.63
28682.77
28678.91
28675.05
28671.19
28666.04
28662.18
28658.32
28654.46
28649.31
28645.45
28641.59
28636.44
28632.58
28628.72
28624.86
28621.00
28617.14
28613.28
28608.13
28604.27
28600.41
28595.26
28591.40
28587.54
28583.68
28579.82
28575.96
28572.10
28568.23
28564.37
28559.23
28555.37
28551.50
28547.64
28543.78
28538.64
28534.77
28530.91
28527.05
28523.19
28519.33
28515.47
28510.32
28506.46
28502.60
28498.74
28494.88
28491.02
28485.87
28482.01
28478.15
28474.29
28470.43
28466.57
28462.71
28458.85
28453.70
28449.84
28445.98
28442.12
28438.26
28434.40
28429.25
28425.39
28421.53
28417.67
28413.80
28408.66
28404.80
28400.94
28397.07
28393.21
28389.35
28384.21
28380.35
28375.20
28371.34
28367.48
28363.62
28359.75
28355.89
28352.03
28348.17
28344.31
28340.45
28336.59
28332.73
28328.87
28325.01
28319.86
28314.71
28310.85
28306.99
28303.13
28299.27
28295.41
28291.55
28287.69
28283.83
28279.97
28276.10
28272.24
28267.10
28263.24
28259.38
28255.51
28251.65
28247.79
28242.65
28238.78
28234.92
28231.06
28227.20
28223.34
28219.48
28214.33
28209.19
28205.32
28201.46
28197.60
28193.74
28189.88
28186.02
28182.16
28178.30
28174.44
28170.58
28166.72
28162.86
28157.71
28153.85
28149.99
28146.13
28142.27
28138.40
28134.54
28130.68
28126.82
28122.96
28119.10
28115.24
28111.38
28107.52
28101.08
28097.22
28093.36
28089.50
28085.64
28081.78
28077.92
28074.06
28070.20
28066.34
28062.48
28058.62
28054.76
28050.89
28045.75
28041.89
28038.03
28032.88
28029.02
28025.16
28021.30
28017.43
28013.57
28009.71
28005.85
28001.99
27998.13
27992.98
27989.12
27985.26
27981.40
27977.54
27973.68
27969.82
27965.96
27960.81
27956.95
27953.09
27949.23
27945.37
27941.51
27936.36
27932.50
27928.64
27924.78
27920.92
27917.06
27914.48
27910.62
27906.76
27902.90
27899.04
27895.18
27891.32
27887.46
27882.31
27878.45
27873.30
27869.44
27865.58
27861.72
27857.86
27854.00
27850.14
27846.28
27842.41
27838.55
27834.69
27830.83
27825.68
27821.82
27817.96
27814.10
27810.24
27806.38
27802.52
27798.66
27794.80
27790.94
27787.08
27783.22
27779.36
27775.49
27770.35
27766.49
27761.34
27757.48
27753.62
27749.76
27745.90
27742.04
27738.17
27734.31
27731.74
27727.88
27724.02
27720.16
27715.01
27711.15
27707.29
27703.43
27699.57
27695.71
27691.85
27687.98
27684.12
27680.26
27675.12
27671.25
27667.39
27662.25
27658.39
27654.52
27650.66
27646.80
27642.94
27639.08
27636.51
27632.65
27628.79
27624.93
27621.06
27617.20
27613.34
27608.20
27604.34
27600.47
27596.61
27591.47
27587.61
27583.74
27579.88
27576.02
27572.16
27568.30
27564.44
27561.87
27558.01
27552.86
27549.00
27545.14
27541.28
27537.42
27533.55
27529.69
27525.83
27521.97
27518.11
27514.25
27509.10
27505.24
27501.38
27497.52
27493.66
27489.80
27485.94
27482.08
27478.22
27474.36
27470.50
27466.64
27462.77
27458.91
27455.05
27451.19
27447.33
27442.18
27438.32
27434.46
27430.60
27426.74
27422.88
27419.02
27415.16
27411.30
27407.44
27403.58
27399.72
27397.14
27393.28
27388.13
27384.27
27380.41
27376.55
27372.69
27368.83
27363.68
27359.82
27355.96
27352.10
27349.53
27345.67
27341.80
27337.94
27332.80
27328.94
27325.07
27321.21
27317.35
27313.49
27309.63
27305.77
27301.91
27298.05
27294.19
27290.33
27286.47
27282.61
27277.46
27273.60
27269.74
27267.16
27263.30
27259.44
27255.58
27251.72
27247.86
27244.00
27240.14
27236.28
27232.42
27228.56
27223.41
27219.55
27215.69
27211.83
27207.97
27204.10
27200.24
27196.38
27193.81
27189.95
27186.09
27182.23
27178.37
27174.51
27168.07
27164.21
27160.35
27157.78
27153.91
27150.05
27146.19
27142.33
27138.47
27134.61
27130.75
27128.18
27124.32
27120.45
27116.59
27110.16
27106.30
27102.44
27098.58
27096.00
27092.14
27088.28
27084.42
27080.56
27076.70
27072.84
27068.98
27066.40
27062.54
27056.11
27052.25
27048.39
27044.53
27040.67
27038.09
27034.23
27030.37
27026.51
27022.65
27018.79
27014.93
27011.07
27008.49
27003.35
26998.20
26994.34
26990.48
26986.62
26982.75
26980.18
26976.32
26972.46
26968.60
26964.74
26960.88
26957.02
26954.44
26950.58
26945.43
26940.29
26936.43
26932.57
26928.70
26926.13
26922.27
26918.41
26914.55
26910.69
26906.83
26904.25
26900.39
26896.53
26891.38
26886.24
26882.38
26878.51
26875.94
26872.08
26868.22
26864.36
26860.50
26856.64
26854.06
26850.20
26846.34
26842.48
26837.33
26833.47
26829.61
26825.75
26821.89
26818.03
26814.17
26810.31
26807.73
26803.87
26800.01
26796.15
26792.29
26788.43
26783.28
26779.42
26775.56
26771.70
26767.84
26763.98
26761.41
26757.54
26753.68
26749.82
26745.96
26742.10
26738.24
26734.38
26729.23
26725.37
26721.51
26718.94
26715.08
26711.22
26707.36
26703.49
26699.63
26697.06
26693.20
26688.05
26684.19
26680.33
26677.76
26672.61
26668.75
26664.89
26661.03
26657.17
26654.59
26650.73
26646.87
26643.01
26639.15
26635.29
26631.43
26627.57
26623.71
26618.56
26615.98
26612.12
26608.26
26604.40
26600.54
26596.68
26592.82
26588.96
26585.10
26581.24
26578.66
26574.80
26570.94
26567.08
26561.93
26559.36
26555.50
26551.64
26546.49
26542.63
26540.06
26536.20
26532.33
26528.47
26524.61
26522.04
26518.18
26514.32
26509.17
26505.31
26501.45
26497.59
26493.73
26489.87
26487.29
26483.43
26479.57
26475.71
26471.85
26469.28
26464.13
26460.27
26456.41
26451.26
26448.69
26444.82
26440.96
26437.10
26434.53
26430.67
26426.81
26422.95
26419.09
26415.23
26411.36
26407.50
26403.64
26401.07
26395.92
26392.06
26388.20
26384.34
26381.77
26376.62
26372.76
26368.90
26366.32
26362.46
26358.60
26354.74
26352.17
26348.31
26343.16
26339.30
26335.44
26331.58
26327.72
26323.85
26319.99
26317.42
26313.56
26309.70
26305.84
26303.26
26299.40
26294.26
26289.11
26286.53
26282.67
26278.81
26274.95
26272.38
26268.52
26264.66
26260.80
26256.93
26253.07
26249.21
26245.35
26241.49
26238.92
26233.77
26229.91
26226.05
26223.47
26219.61
26215.75
26211.89
26208.03
26204.17
26200.31
26196.45
26193.88
26190.02
26186.15
26183.58
26177.15
26173.29
26169.42
26166.85
26162.99
26159.13
26155.27
26152.69
26148.83
26144.97
26141.11
26137.25
26133.39
26129.53
26124.38
26121.81
26117.95
26114.09
26110.23
26107.65
26103.79
26099.93
26096.07
26092.21
26088.35
26084.49
26081.91
26078.05
26074.19
26069.05
26065.18
26061.32
26057.46
26054.89
26051.03
26047.17
26043.31
26040.73
26036.87
26033.01
26029.15
26025.29
26021.43
26017.57
26013.71
26009.85
26005.99
26002.13
25999.55
25995.69
25991.83
25987.97
25984.11
25980.25
25976.39
25973.81
25969.95
25966.09
25963.52
25958.37
25953.22
25949.36
25946.79
25942.93
25939.07
25936.49
25932.63
25928.77
25924.91
25921.05
25917.19
25913.33
25910.75
25906.89
25901.75
25899.17
25895.31
25891.45
25887.59
25883.73
25879.87
25876.01
25873.43
25869.57
25865.71
25863.14
25859.28
25855.42
25851.56
25846.41
25842.55
25838.69
25836.11
25832.25
25828.39
25825.82
25821.96
25818.10
25814.24
25810.38
25806.51
25802.65
25800.08
25794.93
25791.07
25788.50
25783.35
25779.49
25776.92
25773.05
25769.19
25766.62
25762.76
25758.90
25755.04
25751.18
25747.32
25743.46
25739.59
25735.73
25731.87
25729.30
25725.44
25721.58
25717.72
25713.86
25710.00
25707.42
25703.56
25699.70
25697.13
25693.27
25689.40
25684.26
25680.40
25676.54
25673.96
25670.10
25666.24
25663.67
25659.81
25655.95
25652.08
25648.22
25644.36
25641.79
25637.93
25634.07
25630.21
25626.35
25622.49
25618.62
25614.76
25610.90
25608.33
25604.47
25600.61
25598.03
25594.17
25590.31
25586.45
25582.59
25578.73
25574.87
25571.01
25567.15
25564.57
25559.43
25555.57
25552.99
25549.13
25545.27
25542.70
25538.84
25536.26
25531.11
25527.25
25524.68
25519.53
25515.67
25513.10
25509.24
25505.38
25501.52
25497.65
25493.79
25491.22
25487.36
25483.50
25480.92
25477.06
25473.20
25469.34
25464.19
25461.62
25457.76
25453.90
25451.33
25447.46
25443.60
25439.74
25435.88
25432.02
25429.45
25425.59
25423.01
25419.15
25415.29
25410.14
25406.28
25402.42
25399.85
25395.99
25393.41
25389.55
25385.69
25381.83
25377.97
25374.11
25371.54
25367.68
25363.82
25361.24
25357.38
25352.23
25348.37
25344.51
25341.94
25338.08
25335.50
25331.64
25327.78
25323.92
25320.06
25316.20
25313.63
25309.76
25307.19
25303.33
25298.18
25294.32
25290.46
25286.60
25284.03
25280.17
25277.59
25273.73
25269.87
25266.01
25262.15
25259.58
25255.71
25251.85
25249.28
25244.13
25240.27
25236.41
25232.55
25229.98
25226.12
25222.25
25219.68
25215.82
25211.96
25208.10
25204.24
25201.66
25197.80
25195.23
25190.08
25186.22
25182.36
25178.50
25175.93
25172.07
25168.20
25165.63
25161.77
25157.91
25154.05
25150.19
25147.61
25143.75
25141.18
25137.32
25132.17
25128.31
25124.45
25121.88
25118.01
25114.15
25111.58
25107.72
25103.86
25100.00
25097.42
25093.56
25089.70
25087.13
25083.27
25078.12
25074.26
25070.40
25067.82
25063.96
25061.39
25057.53
25054.96
25049.81
25045.95
25043.37
25039.51
25036.94
25033.08
25029.22
25025.36
25020.21
25017.64
25013.77
25011.20
25007.34
25003.48
25000.91
24997.04
24993.18
24989.32
24986.75
24982.89
24979.03
24976.45
24972.59
24967.45
24963.58
24961.01
24957.15
24953.29
24950.72
24946.85
24942.99
24939.13
24936.56
24932.70
24928.84
24926.26
24922.40
24918.54
24913.40
24910.82
24906.96
24904.39
24900.53
24896.67
24892.80
24888.94
24886.37
24882.51
24879.94
24876.07
24872.21
24868.35
24864.49
24860.63
24856.77
24854.20
24850.34
24846.48
24842.61
24840.04
24836.18
24832.32
24829.75
24825.88
24822.02
24818.16
24815.59
24811.73
24809.15
24804.01
24800.15
24796.29
24792.42
24789.85
24785.99
24783.42
24779.56
24776.98
24773.12
24769.26
24765.40
24761.54
24758.97
24755.10
24751.24
24747.38
24743.52
24739.66
24737.09
24733.23
24730.65
24726.79
24722.93
24719.07
24716.50
24712.64
24708.78
24706.20
24702.34
24698.48
24693.33
24690.76
24686.90
24684.32
24680.46
24676.60
24672.74
24670.17
24666.31
24663.73
24659.87
24656.01
24652.15
24648.29
24645.72
24640.57
24638.00
24634.13
24631.56
24626.41
24623.84
24619.98
24617.40
24613.54
24610.97
24607.11
24603.25
24599.39
24596.81
24592.95
24590.38
24585.23
24581.37
24577.51
24574.94
24571.08
24568.50
24564.64
24560.78
24556.92
24553.06
24550.48
24546.62
24544.05
24540.19
24536.33
24531.18
24528.61
24524.75
24522.17
24518.31
24514.45
24510.59
24508.02
24504.16
24501.58
24497.72
24495.15
24491.29
24487.43
24483.57
24480.99
24475.84
24473.27
24469.41
24465.55
24461.69
24459.11
24455.25
24452.68
24448.82
24444.96
24441.10
24438.52
24434.66
24432.09
24428.23
24424.37
24419.22
24416.65
24412.78
24410.21
24406.35
24403.78
24398.63
24396.06
24393.48
24389.62
24387.05
24383.19
24379.33
24375.46
24372.89
24369.03
24365.17
24361.31
24357.45
24353.59
24351.01
24347.15
24344.58
24340.72
24336.86
24333.00
24330.42
24326.56
24323.99
24320.13
24316.27
24311.12
24308.54
24304.68
24302.11
24299.54
24295.68
24291.81
24287.95
24285.38
24281.52
24278.95
24275.08
24271.22
24267.36
24264.79
24260.93
24258.36
24253.21
24249.35
24245.49
24242.91
24240.34
24236.48
24233.90
24228.76
24226.18
24222.32
24219.75
24215.89
24213.31
24209.45
24205.59
24200.44
24197.87
24195.30
24191.44
24187.57
24183.71
24181.14
24177.28
24174.71
24170.84
24166.98
24163.12
24160.55
24156.69
24154.11
24151.54
24145.11
24142.53
24138.67
24136.10
24132.24
24129.66
24125.80
24121.94
24119.37
24115.51
24112.93
24109.07
24105.21
24101.35
24098.78
24094.92
24091.06
24087.20
24083.33
24080.76
24076.90
24074.33
24070.47
24067.89
24062.74
24060.17
24057.60
24053.74
24051.16
24047.30
24043.44
24039.58
24035.72
24031.86
24029.28
24025.42
24021.56
24018.99
24015.13
24012.55
24008.69
24004.83
24002.26
23998.40
23995.82
23991.96
23989.39
23985.53
23980.38
23977.81
23973.95
23971.37
23967.51
23963.65
23959.79
23957.22
23954.64
23950.78
23946.92
23943.06
23940.49
23936.63
23934.05
23931.48
23926.33
23922.47
23918.61
23916.04
23912.17
23909.60
23905.74
23901.88
23899.31
23895.44
23892.87
23889.01
23885.15
23882.58
23878.72
23876.14
23873.57
23868.42
23864.56
23860.70
23858.12
23854.26
23851.69
23847.83
23843.97
23841.39
23837.53
23834.96
23831.10
23827.24
23824.66
23820.80
23816.94
23814.37
23810.51
23806.65
23802.79
23800.21
23797.64
23793.78
23789.92
23786.06
23783.48
23780.91
23777.05
23773.19
23769.33
23766.75
23764.18
23759.03
23756.46
23751.31
23748.74
23746.16
23742.30
23739.73
23735.87
23732.01
23729.43
23725.57
23723.00
23719.14
23715.28
23712.70
23708.84
23704.98
23701.12
23698.55
23694.69
23690.83
23688.25
23685.68
23681.82
23677.96
23674.10
23671.52
23668.95
23665.09
23661.23
23657.37
23654.79
23650.93
23647.07
23644.50
23640.64
23636.77
23634.20
23630.34
23627.77
23623.91
23620.05
23617.47
23614.90
23611.04
23607.18
23603.32
23600.74
23596.88
23593.02
23590.45
23586.59
23582.72
23580.15
23576.29
23573.72
23569.86
23565.99
23563.42
23560.85
23556.99
23553.13
23549.26
23546.69
23544.12
23538.97
23536.40
23532.53
23528.67
23526.10
23523.53
23519.67
23515.80
23511.94
23509.37
23506.80
23502.94
23500.36
23496.50
23492.64
23490.07
23486.21
23482.35
23478.48
23474.62
23472.05
23469.48
23465.62
23461.75
23459.18
23455.32
23452.75
23450.17
23446.31
23442.45
23439.88
23436.02
23432.16
23428.29
23424.43
23421.86
23418.00
23415.43
23411.56
23407.70
23405.13
23402.56
23398.70
23396.12
23392.26
23388.40
23385.83
23383.25
23379.39
23374.24
23371.67
23367.81
23365.24
23362.66
23358.80
23354.94
23352.37
23348.51
23345.93
23342.07
23338.21
23335.64
23333.06
23329.20
23325.34
23321.48
23317.62
23315.05
23312.47
23308.61
23304.75
23302.18
23298.32
23295.74
23291.88
23288.02
23285.45
23282.87
23279.01
23276.44
23272.58
23267.43
23264.86
23262.28
23258.42
23254.56
23251.99
23248.13
23245.55
23241.69
23237.83
23235.26
23232.68
23228.82
23226.25
23222.39
23218.53
23215.95
23212.09
23208.23
23204.37
23201.80
23199.22
23195.36
23192.79
23188.93
23185.07
23182.49
23179.92
23176.06
23172.20
23169.62
23165.76
23163.19
23159.33
23154.18
23151.61
23149.03
23146.46
23142.60
23138.74
23136.16
23132.30
23129.73
23125.87
23122.01
23119.43
23116.86
23113.00
23110.43
23106.57
23102.71
23098.84
23096.27
23092.41
23088.55
23085.98
23083.40
23079.54
23076.97
23073.11
23070.53
23066.67
23064.10
23060.24
23056.38
23053.80
23051.23
23046.08
23042.22
23039.65
23037.07
23033.21
23030.64
23026.78
23022.92
23020.34
23017.77
23013.91
23010.05
23007.47
23004.90
23001.04
22998.46
22994.60
22989.46
22986.88
22984.31
22980.45
22976.59
22974.01
22971.44
22967.58
22965.01
22961.14
22958.57
22954.71
22952.14
22948.28
22945.70
22941.84
22937.98
22935.41
22930.26
22927.68
22925.11
22922.54
22918.68
22914.82
22912.24
22908.38
22905.81
22901.95
22899.37
22895.51
22892.94
22890.36
22886.50
22881.36
22878.78
22876.21
22872.35
22868.49
22865.91
22863.34
22859.48
22856.90
22853.04
22850.47
22846.61
22844.04
22840.17
22836.31
22833.74
22831.17
22827.31
22823.44
22819.58
22817.01
22814.44
22810.58
22806.71
22804.14
22801.57
22797.71
22795.13
22791.27
22788.70
22784.84
22782.26
22778.40
22775.83
22770.68
22768.11
22765.53
22761.67
22757.81
22755.24
22752.66
22748.80
22744.94
22742.37
22739.79
22735.93
22732.07
22729.50
22726.93
22723.07
22720.49
22715.34
22712.77
22710.20
22706.34
22702.47
22699.90
22697.33
22693.47
22690.89
22687.03
22684.46
22680.60
22678.02
22674.16
22671.59
22667.73
22665.15
22661.29
22657.43
22653.57
22651.00
22648.42
22644.56
22640.70
22638.13
22635.55
22632.98
22629.12
22625.26
22622.69
22620.11
22616.25
22612.39
22608.53
22605.96
22603.38
22599.52
22595.66
22593.09
22590.51
22586.65
22582.79
22580.22
22577.64
22575.07
22571.21
22567.35
22564.77
22562.20
22558.34
22553.19
22550.62
22548.04
22545.47
22541.61
22537.75
22535.18
22532.60
22528.74
22524.88
22522.31
22519.73
22517.16
22513.30
22509.44
22506.86
22504.29
22500.43
22495.28
22492.71
22490.13
22487.56
22483.70
22479.84
22477.26
22474.69
22470.83
22466.97
22464.40
22461.82
22459.25
22455.39
22451.53
22448.95
22446.38
22441.23
22437.37
22434.80
22432.22
22429.65
22425.79
22421.93
22419.35
22416.78
22412.92
22410.34
22406.48
22403.91
22401.34
22397.48
22394.90
22391.04
22387.18
22383.32
22380.75
22378.17
22374.31
22371.74
22367.88
22365.30
22362.73
22358.87
22355.01
22352.43
22349.86
22347.29
22343.42
22339.56
22336.99
22333.13
22329.27
22325.41
22322.83
22320.26
22317.69
22313.83
22309.97
22307.39
22304.82
22300.96
22298.38
22294.52
22291.95
22289.37
22285.51
22282.94
22280.37
22275.22
22271.36
22268.78
22266.21
22263.64
22259.78
22255.91
22253.34
22250.77
22246.91
22244.33
22240.47
22237.90
22235.32
22231.46
22228.89
22223.74
22221.17
22217.31
22214.73
22212.16
22209.59
22205.73
22201.86
22199.29
22196.72
22192.86
22190.28
22186.42
22183.85
22181.27
22177.41
22174.84
22170.98
22167.12
22163.26
22160.68
22158.11
22155.54
22151.67
22147.81
22145.24
22142.67
22138.81
22136.23
22132.37
22129.80
22127.22
22123.36
22120.79
22118.21
22113.07
22109.21
22106.63
22104.06
22101.48
22097.62
22095.05
22091.19
22088.62
22084.75
22082.18
22079.61
22077.03
22073.17
22069.31
22066.74
22064.16
22061.59
22056.44
22053.87
22050.01
22047.43
22043.57
22041.00
22038.43
22035.85
22031.99
22028.13
22025.56
22022.98
22019.12
22016.55
22013.97
22010.11
22007.54
22002.39
21999.82
21997.24
21993.38
21990.81
21986.95
21984.38
21981.80
21977.94
21975.37
21972.79
21968.93
21965.07
21962.50
21959.92
21957.35
21953.49
21950.92
21947.06
21943.19
21939.33
21936.76
21934.19
21931.61
21927.75
21925.18
21921.32
21918.74
21914.88
21912.31
21909.73
21907.16
21903.30
21900.73
21896.87
21893.00
21890.43
21886.57
21884.00
21881.42
21877.56
21873.70
21871.13
21868.55
21865.98
21862.12
21859.54
21856.97
21853.11
21849.25
21846.68
21844.10
21841.53
21836.38
21833.81
21831.23
21827.37
21824.80
21820.94
21818.36
21815.79
21811.93
21809.36
21806.78
21802.92
21800.35
21796.49
21793.91
21791.34
21787.48
21783.62
21781.04
21778.47
21774.61
21772.03
21768.17
21765.60
21761.74
21759.17
21756.59
21754.02
21750.16
21747.58
21745.01
21741.15
21737.29
21734.71
21732.14
21728.28
21724.42
21721.84
21719.27
21715.41
21711.55
21708.98
21706.40
21703.83
21699.97
21697.39
21694.82
21692.25
21688.39
21685.81
21681.95
21679.38
21674.23
21671.66
21669.08
21666.51
21662.65
21660.07
21657.50
21653.64
21649.78
21647.20
21644.63
21642.06
21638.20
21635.62
21633.05
21629.19
21626.61
21624.04
21621.47
21616.32
21612.46
21609.88
21607.31
21603.45
21600.87
21598.30
21595.73
21591.87
21589.29
21586.72
21582.86
21580.28
21576.42
21573.85
21571.28
21567.41
21563.55
21560.98
21558.41
21554.55
21551.97
21549.40
21545.54
21541.68
21539.10
21536.53
21533.96
21530.09
21527.52
21524.95
21521.09
21518.51
21515.94
21513.36
21508.22
21504.36
21501.78
21499.21
21496.63
21492.77
21490.20
21487.63
21483.77
21481.19
21478.62
21476.04
21472.18
21469.61
21467.04
21463.17
21459.31
21456.74
21452.88
21450.31
21446.44
21443.87
21441.30
21438.72
21434.86
21432.29
21429.72
21425.85
21423.28
21420.71
21416.85
21414.27
21410.41
21407.84
21405.26
21401.40
21397.54
21394.97
21392.39
21388.53
21385.96
21383.39
21379.53
21376.95
21374.38
21371.80
21367.94
21364.08
21361.51
21358.93
21356.36
21352.50
21349.93
21347.35
21342.20
21339.63
21337.06
21334.48
21330.62
21328.05
21325.47
21321.61
21319.04
21316.47
21313.89
21310.03
21306.17
21303.60
21301.02
21298.45
21294.59
21292.02
21288.15
21284.29
21281.72
21279.15
21276.57
21272.71
21270.14
21267.56
21263.70
21261.13
21258.56
21255.98
21252.12
21249.55
21246.97
21244.40
21240.54
21237.96
21234.10
21230.24
21226.38
21223.81
21221.23
21218.66
21214.80
21212.23
21209.65
21205.79
21203.22
21200.64
21198.07
21194.21
21191.64
21189.06
21186.49
21182.63
21178.77
21176.19
21172.33
21169.76
21167.18
21164.61
21160.75
21158.18
21155.60
21151.74
21149.17
21146.59
21144.02
21140.16
21137.59
21135.01
21132.44
21128.58
21123.43
21120.86
21118.28
21114.42
21111.85
21109.27
21106.70
21102.84
21100.26
21097.69
21093.83
21091.26
21088.68
21086.11
21082.25
21079.67
21077.10
21074.53
21069.38
21066.80
21064.23
21060.37
21057.80
21055.22
21052.65
21048.79
21046.21
21043.64
21039.78
21037.21
21034.63
21032.06
21028.20
21025.62
21023.05
21020.48
21016.62
21012.75
21010.18
21006.32
21003.75
21001.17
20998.60
20994.74
20992.16
20989.59
20987.02
20983.16
20980.58
20978.01
20974.15
20971.57
20969.00
20966.43
20962.56
20958.70
20956.13
20952.27
20949.70
20947.12
20944.55
20940.69
20938.11
20935.54
20932.97
20929.10
20926.53
20923.96
20920.10
20917.52
20914.95
20912.38
20908.51
20904.65
20902.08
20898.22
20895.65
20893.07
20890.50
20886.64
20884.06
20881.49
20878.92
20875.05
20872.48
20869.91
20866.05
20863.47
20860.90
20858.32
20854.46
20851.89
20848.03
20845.46
20841.59
20839.02
20836.45
20833.87
20831.30
20828.73
20824.86
20822.29
20819.72
20817.14
20813.28
20810.71
20808.13
20804.27
20801.70
20799.13
20795.27
20791.41
20788.83
20786.26
20782.40
20779.82
20777.25
20774.68
20770.81
20768.24
20765.67
20763.09
20759.23
20756.66
20754.08
20750.22
20747.65
20745.08
20742.50
20737.35
20734.78
20732.21
20729.63
20727.06
20724.49
20720.62
20718.05
20715.48
20712.90
20709.04
20706.47
20703.89
20700.03
20697.46
20694.89
20692.31
20688.45
20684.59
20682.02
20679.44
20675.58
20673.01
20670.43
20666.57
20664.00
20661.43
20658.85
20656.28
20653.71
20651.13
20647.27
20644.70
20642.12
20638.26
20635.69
20633.11
20629.25
20625.39
20622.82
20620.25
20616.38
20613.81
20611.24
20608.66
20604.80
20602.23
20600.94
20597.08
20594.51
20591.93
20588.07
20585.50
20582.92
20580.35
20575.20
20572.63
20570.06
20567.48
20563.62
20561.05
20558.47
20554.61
20552.04
20550.75
20546.89
20544.32
20541.74
20539.17
20535.31
20532.74
20530.16
20526.30
20523.73
20519.87
20517.29
20513.43
20510.86
20508.28
20505.71
20503.14
20500.56
20496.70
20494.13
20491.55
20488.98
20485.12
20482.55
20479.97
20476.11
20473.54
20470.96
20468.39
20463.24
20461.95
20459.38
20455.52
20452.95
20450.37
20446.51
20443.94
20441.36
20438.79
20434.93
20432.36
20429.78
20427.21
20424.63
20422.06
20418.20
20415.63
20413.05
20409.19
20405.33
20402.76
20400.18
20397.61
20393.75
20391.17
20388.60
20386.03
20383.45
20380.88
20377.02
20374.44
20371.87
20369.30
20365.44
20362.86
20360.29
20355.14
20353.85
20351.28
20347.42
20344.85
20342.27
20339.70
20335.84
20333.26
20330.69
20326.83
20324.25
20322.97
20319.11
20316.53
20313.96
20311.39
20307.52
20304.95
20302.38
20297.23
20294.66
20293.37
20289.51
20286.93
20284.36
20281.79
20277.93
20275.35
20272.78
20268.92
20266.34
20265.06
20261.20
20258.62
20256.05
20253.47
20249.61
20245.75
20243.18
20239.32
20236.74
20235.46
20231.60
20229.02
20226.45
20223.88
20220.01
20217.44
20214.87
20211.01
20209.72
20207.15
20203.28
20200.71
20198.14
20195.56
20190.42
20187.84
20185.27
20182.69
20180.12
20177.55
20173.69
20171.11
20168.54
20164.68
20162.10
20160.82
20156.96
20154.38
20151.81
20149.23
20145.37
20142.80
20140.23
20135.08
20133.79
20131.22
20127.36
20124.78
20122.21
20119.64
20115.77
20113.20
20111.91
20108.05
20105.48
20102.91
20099.04
20096.47
20093.90
20091.32
20088.75
20086.18
20083.60
20078.45
20075.88
20073.31
20069.45
20066.87
20065.58
20061.72
20059.15
20056.58
20054.00
20050.14
20047.57
20044.99
20042.42
20039.85
20037.27
20033.41
20030.84
20028.26
20023.12
20021.83
20019.26
20015.40
20012.82
20010.25
20007.67
20003.81
20002.53
19999.95
19996.09
19993.52
19990.94
19987.08
19984.51
19983.22
19979.36
19976.79
19974.21
19970.35
19966.49
19963.92
19961.34
19958.77
19956.20
19953.62
19949.76
19947.19
19944.61
19942.04
19939.47
19936.89
19933.03
19930.46
19927.88
19925.31
19922.74
19920.16
19916.30
19912.44
19909.87
19907.29
19904.72
19902.15
19899.57
19895.71
19893.14
19890.56
19887.99
19885.42
19882.84
19878.98
19876.41
19873.83
19871.26
19868.69
19866.11
19863.54
19858.39
19855.82
19853.24
19850.67
19848.10
19845.52
19841.66
19839.09
19836.51
19833.94
19831.37
19828.79
19824.93
19822.36
19819.78
19817.21
19814.64
19812.06
19809.49
19804.34
19801.77
19800.48
19796.62
19794.05
19791.47
19787.61
19785.04
19783.75
19779.89
19777.32
19774.74
19772.17
19768.31
19767.02
19763.16
19760.59
19758.01
19755.44
19752.86
19749.00
19746.43
19742.57
19740.00
19737.42
19734.85
19732.27
19729.70
19725.84
19723.27
19720.69
19718.12
19715.54
19712.97
19709.11
19706.54
19705.25
19701.39
19698.81
19694.95
19692.38
19688.52
19687.23
19683.37
19680.80
19678.22
19675.65
19673.08
19670.50
19667.93
19664.07
19661.49
19660.21
19656.35
19653.77
19651.20
19647.34
19644.76
19643.48
19638.33
19635.76
19633.18
19630.61
19628.03
19625.46
19621.60
19619.03
19616.45
19613.88
19611.30
19608.73
19606.16
19602.30
19601.01
19597.15
19594.57
19592.00
19589.43
19585.57
19582.99
19580.42
19576.56
19573.98
19571.41
19568.84
19566.26
19563.69
19559.83
19558.54
19555.97
19552.11
19549.53
19546.96
19544.38
19541.81
19539.24
19535.38
19531.51
19530.23
19526.37
19523.79
19521.22
19518.65
19516.07
19513.50
19509.64
19507.06
19505.78
19501.92
19499.34
19496.77
19494.19
19491.62
19489.05
19485.19
19482.61
19480.04
19476.18
19473.60
19471.03
19468.46
19465.88
19463.31
19460.73
19456.87
19454.30
19451.73
19449.15
19446.58
19444.00
19440.14
19438.86
19436.28
19432.42
19429.85
19427.27
19424.70
19420.84
19418.27
19414.41
19413.12
19410.54
19406.68
19404.11
19401.54
19398.96
19396.39
19393.81
19391.24
19388.67
19386.09
19382.23
19379.66
19378.37
19374.51
19371.94
19369.36
19365.50
19362.93
19360.36
19356.49
19355.21
19352.63
19348.77
19346.20
19343.63
19341.05
19338.48
19335.90
19332.04
19330.76
19328.18
19324.32
19321.75
19320.46
19316.60
19314.03
19310.17
19307.59
19305.02
19302.44
19298.58
19296.01
19294.72
19290.86
19288.29
19285.71
19283.14
19280.57
19277.99
19274.13
19272.84
19270.27
19266.41
19263.84
19261.26
19258.69
19254.83
19252.25
19249.68
19247.11
19244.53
19240.67
19239.39
19236.81
19232.95
19230.38
19227.80
19225.23
19222.66
19220.08
19217.51
19214.93
19212.36
19208.50
19207.21
19203.35
19199.49
19196.92
19194.34
19191.77
19189.20
19186.62
19184.05
19181.47
19178.90
19175.04
19173.75
19169.89
19167.32
19164.74
19162.17
19159.60
19157.02
19154.45
19151.87
19149.30
19144.15
19142.87
19140.29
19136.43
19133.86
19132.57
19128.71
19126.14
19123.56
19120.99
19118.42
19115.84
19113.27
19110.69
19108.12
19104.26
19102.97
19100.40
19096.54
19093.96
19090.10
19087.53
19084.96
19082.38
19079.81
19077.23
19074.66
19072.09
19069.51
19066.94
19063.08
19061.79
19057.93
19055.36
19052.78
19050.21
19047.63
19045.06
19042.49
19039.91
19036.05
19032.19
19030.90
19028.33
19024.47
19023.18
19020.61
19016.75
19014.17
19012.89
19009.03
19006.45
19003.88
19001.31
18998.73
18996.16
18993.58
18991.01
18988.44
18984.58
18982.00
18978.14
18975.57
18974.28
18970.42
18967.85
18965.27
18962.70
18960.12
18957.55
18954.98
18952.40
18949.83
18947.26
18944.68
18942.11
18938.25
18936.96
18934.39
18930.53
18929.24
18925.38
18921.52
18918.94
18916.37
18913.80
18911.22
18908.65
18906.07
18903.50
18900.93
18898.35
18895.78
18891.92
18890.63
18888.06
18884.20
18882.91
18880.34
18876.47
18875.19
18871.33
18867.47
18864.89
18862.32
18859.75
18857.17
18854.60
18852.02
18849.45
18846.88
18844.30
18841.73
18837.87
18836.58
18834.01
18830.15
18828.86
18826.29
18822.42
18821.14
18817.28
18813.42
18812.13
18808.27
18805.69
18803.12
18800.55
18797.97
18795.40
18792.83
18790.25
18787.68
18785.10
18782.53
18779.96
18777.38
18774.81
18772.23
18769.66
18767.09
18764.51
18760.65
18758.08
18755.50
18751.64
18750.36
18746.50
18743.92
18742.64
18738.77
18736.20
18734.91
18731.05
18728.48
18727.19
18723.33
18720.76
18718.18
18715.61
18713.04
18710.46
18706.60
18704.03
18701.45
18698.88
18696.31
18693.73
18691.16
18688.59
18686.01
18683.44
18680.86
18678.29
18675.72
18673.14
18670.57
18667.99
18664.13
18662.85
18660.27
18656.41
18655.13
18651.26
18647.40
18646.12
18643.54
18639.68
18638.40
18634.53
18631.96
18630.67
18626.81
18624.24
18622.95
18619.09
18616.52
18615.23
18611.37
18608.80
18606.22
18603.65
18601.08
18597.21
18594.64
18592.07
18589.49
18586.92
18584.35
18581.77
18579.20
18576.62
18574.05
18571.48
18568.90
18566.33
18563.75
18561.18
18558.61
18556.03
18552.17
18550.89
18548.31
18544.45
18541.88
18539.30
18536.73
18534.16
18531.58
18529.01
18526.43
18522.57
18521.29
18518.71
18514.85
18513.56
18510.99
18507.13
18505.84
18503.27
18499.41
18498.12
18494.26
18492.97
18490.40
18485.25
18483.97
18481.39
18477.53
18476.24
18473.67
18469.81
18468.52
18464.66
18462.09
18460.80
18456.94
18455.65
18453.08
18449.22
18447.93
18445.36
18441.50
18440.21
18436.35
18432.49
18431.20
18427.34
18426.05
18423.48
18419.62
18418.33
18415.76
18411.90
18410.61
18406.75
18404.18
18402.89
18399.03
18397.74
18395.17
18391.31
18390.02
18386.16
18383.59
18382.30
18377.15
18375.86
18373.29
18369.43
18368.14
18365.57
18361.71
18360.42
18356.56
18355.27
18352.70
18348.84
18347.55
18344.98
18341.12
18339.83
18337.26
18334.68
18332.11
18328.25
18326.96
18324.39
18319.24
18317.95
18315.38
18312.81
18310.23
18307.66
18305.08
18302.51
18299.94
18297.36
18294.79
18292.22
18289.64
18287.07
18284.49
18281.92
18279.35
18276.77
18274.20
18271.62
18267.76
18265.19
18262.62
18260.04
18257.47
18254.89
18252.32
18249.75
18247.17
18245.89
18242.03
18239.45
18236.88
18234.30
18233.02
18229.16
18226.58
18225.30
18221.43
18220.15
18216.29
18212.43
18211.14
18207.28
18205.99
18203.42
18199.56
18198.27
18195.70
18193.12
18190.55
18186.69
18185.40
18182.83
18180.25
18177.68
18175.11
18172.53
18169.96
18167.38
18164.81
18162.24
18159.66
18155.80
18153.23
18150.65
18148.08
18145.51
18142.93
18141.65
18137.79
18135.21
18133.92
18130.06
18128.78
18124.92
18122.34
18121.06
18117.19
18115.91
18113.33
18110.76
18108.19
18105.61
18101.75
18099.18
18096.60
18094.03
18091.46
18088.88
18086.31
18083.74
18081.16
18078.59
18076.01
18073.44
18070.87
18068.29
18067.01
18063.14
18060.57
18059.28
18055.42
18054.14
18051.56
18046.41
18045.13
18041.27
18039.98
18037.41
18034.83
18032.26
18029.68
18027.11
18024.54
18021.96
18019.39
18016.82
18014.24
18011.67
18009.09
18006.52
18005.23
18001.37
17998.80
17997.51
17992.36
17991.08
17987.22
17985.93
17983.36
17979.49
17978.21
17975.63
17973.06
17970.49
17967.91
17965.34
17964.05
17960.19
17957.62
17955.04
17952.47
17951.18
17947.32
17946.04
17943.46
17938.31
17937.03
17933.17
17931.88
17929.31
17926.73
17924.16
17921.58
17919.01
17916.44
17913.86
17911.29
17910.00
17906.14
17904.85
17900.99
17898.42
17897.13
17893.27
17891.98
17889.41
17886.84
17882.98
17880.40
17877.83
17875.25
17872.68
17870.11
17867.53
17864.96
17863.67
17859.81
17858.52
17855.95
17852.09
17850.80
17846.94
17845.66
17843.08
17840.51
17837.93
17835.36
17832.79
17830.21
17826.35
17823.78
17822.49
17818.63
17817.34
17813.48
17812.20
17809.62
17807.05
17804.47
17801.90
17799.33
17796.75
17794.18
17791.61
17789.03
17786.46
17785.17
17781.31
17780.02
17777.45
17772.30
17771.01
17768.44
17765.87
17763.29
17760.72
17758.15
17755.57
17753.00
17751.71
17747.85
17746.56
17743.99
17740.13
17738.84
17734.98
17733.69
17731.12
17728.55
17725.97
17723.40
17720.82
17718.25
17714.39
17713.10
17710.53
17706.67
17705.38
17701.52
17700.23
17697.66
17695.09
17692.51
17689.94
17687.37
17686.08
17682.22
17680.93
17677.07
17675.78
17673.21
17670.64
17668.06
17665.49
17661.63
17659.05
17656.48
17653.91
17652.62
17648.76
17647.47
17643.61
17642.32
17639.75
17637.18
17634.60
17632.03
17629.45
17628.17
17624.31
17623.02
17619.16
17617.87
17615.30
17612.72
17610.15
17606.29
17603.72
17601.14
17598.57
17595.99
17593.42
17590.85
17589.56
17585.70
17584.41
17581.84
17579.26
17576.69
17574.12
17571.54
17570.26
17566.40
17565.11
17561.25
17559.96
17557.39
17553.53
17550.95
17548.38
17545.80
17544.52
17540.66
17539.37
17535.51
17534.22
17531.65
17529.07
17526.50
17523.93
17521.35
17520.07
17516.21
17514.92
17512.34
17509.77
17507.20
17504.62
17502.05
17498.19
17495.61
17494.33
17490.47
17489.18
17486.61
17484.03
17481.46
17478.88
17476.31
17473.74
17471.16
17469.88
17466.02
17464.73
17462.15
17459.58
17457.01
17454.43
17451.86
17449.29
17446.71
17445.43
17440.28
17438.99
17436.42
17433.84
17431.27
17428.70
17426.12
17423.55
17420.97
17419.69
17415.83
17414.54
17411.97
17409.39
17406.82
17404.24
17401.67
17400.38
17396.52
17395.24
17391.37
17388.80
17386.23
17383.65
17381.08
17378.51
17375.93
17374.64
17370.78
17369.50
17365.64
17364.35
17361.78
17359.20
17357.91
17354.05
17352.77
17350.19
17347.62
17345.05
17342.47
17339.90
17337.32
17333.46
17332.18
17328.32
17327.03
17324.45
17321.88
17319.31
17316.73
17314.16
17311.59
17309.01
17307.73
17305.15
17302.58
17300.00
17297.43
17296.14
17292.28
17291.00
17288.42
17285.85
17283.27
17280.70
17276.84
17274.27
17271.69
17270.40
17266.54
17265.26
17262.68
17260.11
17258.82
17254.96
17253.67
17249.81
17248.53
17245.95
17243.38
17240.81
17238.23
17235.66
17234.37
17230.51
17229.22
17226.65
17222.79
17220.21
17217.64
17216.35
17212.49
17211.21
17208.63
17206.06
17203.48
17200.91
17198.34
17195.76
17194.48
17191.90
17189.33
17186.76
17184.18
17181.61
17180.32
17176.46
17175.17
17171.31
17168.74
17166.16
17163.59
17162.30
17158.44
17157.16
17154.58
17152.01
17149.43
17146.86
17144.29
17141.71
17140.43
17137.85
17135.28
17132.70
17130.13
17127.56
17126.27
17122.41
17121.12
17118.55
17115.97
17112.11
17109.54
17108.25
17104.39
17103.11
17100.53
17097.96
17095.38
17092.81
17091.52
17088.95
17086.38
17083.80
17081.23
17078.65
17076.08
17073.51
17072.22
17069.65
17067.07
17064.50
17061.92
17060.64
17055.49
17054.20
17051.63
17049.06
17046.48
17043.91
17042.62
17038.76
17037.47
17034.90
17032.33
17029.75
17027.18
17025.89
17022.03
17020.74
17018.17
17015.60
17014.31
17010.45
17009.16
17006.59
17002.73
17000.15
16997.58
16996.29
16992.43
16991.14
16988.57
16986.00
16983.42
16980.85
16979.56
16976.99
16974.41
16971.84
16969.27
16966.69
16964.12
16962.83
16960.26
16957.68
16955.11
16952.54
16948.68
16947.39
16944.81
16942.24
16939.67
16937.09
16934.52
16931.95
16930.66
16928.09
16925.51
16922.94
16920.36
16919.08
16916.50
16913.93
16911.36
16908.78
16906.21
16903.63
16902.35
16899.77
16897.20
16893.34
16890.76
16888.19
16886.90
16884.33
16881.76
16879.18
16876.61
16874.03
16872.75
16870.17
16867.60
16865.03
16862.45
16859.88
16858.59
16856.02
16853.44
16850.87
16848.30
16847.01
16844.44
16841.86
16838.00
16835.43
16832.85
16830.28
16828.99
16826.42
16823.84
16821.27
16818.70
16817.41
16814.84
16812.26
16809.69
16807.11
16805.83
16801.97
16800.68
16798.11
16795.53
16794.25
16790.39
16789.10
16786.52
16782.66
16781.38
16777.52
16776.23
16772.37
16771.08
16768.51
16765.93
16764.65
16760.79
16759.50
16756.93
16754.35
16753.06
16749.20
16747.92
16745.34
16742.77
16740.20
16737.62
16736.33
16733.76
16731.19
16727.33
16726.04
16723.47
16720.89
16718.32
16715.74
16714.46
16710.60
16709.31
16706.74
16704.16
16702.87
16699.01
16697.73
16695.15
16692.58
16690.01
16687.43
16686.14
16683.57
16681.00
16678.42
16674.56
16673.28
16670.70
16668.13
16665.55
16662.98
16660.41
16659.12
16656.55
16653.97
16652.69
16648.82
16647.54
16644.96
16642.39
16641.10
16637.24
16635.96
16633.38
16630.81
16628.23
16625.66
16624.37
16621.80
16617.94
16615.36
16612.79
16611.50
16608.93
16606.36
16603.78
16602.50
16598.63
16597.35
16594.77
16592.20
16590.91
16587.05
16585.77
16583.19
16580.62
16578.04
16576.76
16574.18
16571.61
16569.04
16566.46
16563.89
16561.31
16558.74
16557.45
16553.59
16552.31
16548.44
16547.16
16544.58
16542.01
16540.72
16538.15
16535.58
16533.00
16531.72
16529.14
16526.57
16523.99
16521.42
16520.13
16516.27
16514.99
16512.41
16508.55
16507.26
16504.69
16502.12
16499.54
16498.26
16495.68
16493.11
16490.53
16487.96
16486.67
16482.81
16481.53
16478.95
16476.38
16475.09
16472.52
16469.94
16467.37
16466.08
16462.22
16460.93
16458.36
16454.50
16453.21
16449.35
16448.07
16445.49
16442.92
16441.63
16439.06
16436.48
16433.91
16432.62
16428.76
16427.47
16424.90
16422.33
16421.04
16417.18
16415.89
16413.32
16410.75
16408.17
16406.88
16404.31
16401.74
16399.16
16395.30
16394.02
16391.44
16388.87
16387.58
16385.01
16382.43
16379.86
16378.57
16374.71
16373.42
16370.85
16368.28
16366.99
16364.42
16361.84
16359.27
16357.98
16355.41
16352.83
16350.26
16347.69
16346.40
16342.54
16339.96
16337.39
16336.10
16333.53
16330.96
16329.67
16325.81
16324.52
16321.95
16319.37
16316.80
16315.51
16312.94
16310.37
16309.08
16305.22
16303.93
16301.36
16298.78
16296.21
16294.92
16292.35
16288.49
16287.20
16283.34
16282.05
16279.48
16276.91
16275.62
16273.05
16270.47
16267.90
16266.61
16262.75
16261.46
16258.89
16256.32
16255.03
16252.45
16249.88
16247.31
16246.02
16243.45
16240.87
16238.30
16234.44
16233.15
16230.58
16228.00
16225.43
16224.14
16221.57
16218.99
16217.71
16215.13
16212.56
16209.99
16208.70
16204.84
16203.55
16200.98
16198.40
16197.12
16194.54
16191.97
16189.40
16188.11
16185.53
16182.96
16179.10
16176.53
16175.24
16172.67
16171.38
16167.52
16166.23
16163.66
16161.08
16159.80
16157.22
16154.65
16152.08
16150.79
16146.93
16145.64
16143.07
16141.78
16139.21
16136.63
16135.35
16131.48
16130.20
16127.62
16123.76
16121.19
16119.90
16117.33
16114.75
16113.47
16110.89
16108.32
16105.75
16104.46
16101.89
16099.31
16096.74
16094.16
16092.88
16090.30
16089.02
16085.16
16083.87
16081.29
16078.72
16077.43
16074.86
16072.29
16068.43
16067.14
16064.56
16061.99
16059.42
16058.13
16055.56
16052.98
16051.70
16047.83
16046.55
16043.97
16042.69
16038.83
16037.54
16034.97
16032.39
16031.10
16028.53
16027.24
16023.38
16022.10
16019.52
16016.95
16014.38
16011.80
16009.23
16006.65
16005.37
16002.79
16000.22
15997.65
15996.36
15993.78
15991.21
15989.92
15987.35
15984.78
15982.20
15980.92
15977.05
15975.77
15973.19
15971.91
15969.33
15966.76
15965.47
15960.32
15959.04
15956.46
15955.18
15951.32
15950.03
15947.46
15946.17
15943.59
15941.02
15939.73
15935.87
15934.59
15932.01
15930.73
15926.86
15925.58
15923.00
15920.43
15919.14
15916.57
15915.28
15911.42
15910.13
15907.56
15904.99
15902.41
15899.84
15897.27
15894.69
15893.41
15890.83
15889.54
15885.68
15884.40
15881.82
15880.54
15877.96
15875.39
15874.10
15870.24
15868.95
15866.38
15865.09
15861.23
15859.95
15857.37
15856.08
15853.51
15849.65
15848.36
15845.79
15843.22
15840.64
15839.35
15835.49
15834.21
15831.63
15830.35
15827.77
15825.20
15823.91
15821.34
15818.76
15816.19
15814.90
15812.33
15809.76
15807.18
15805.89
15803.32
15800.75
15799.46
15796.89
15793.03
15790.45
15789.16
15786.59
15784.02
15781.44
15780.16
15777.58
15775.01
15773.72
15771.15
15769.86
15766.00
15764.71
15762.14
15760.85
15756.99
15755.71
15753.13
15751.84
15749.27
15746.70
15745.41
15742.84
15738.98
15736.40
15735.11
15732.54
15729.97
15727.39
15726.11
15723.53
15720.96
15719.67
15717.10
15715.81
15711.95
15710.66
15708.09
15706.80
15704.23
15701.65
15699.08
15697.79
15695.22
15692.65
15691.36
15688.79
15684.92
15682.35
15681.06
15678.49
15675.92
15673.34
15672.06
15669.48
15668.19
15665.62
15663.05
15661.76
15659.19
15656.61
15654.04
15652.75
15650.18
15647.60
15645.03
15643.74
15641.17
15638.60
15637.31
15634.74
15633.45
15628.30
15627.01
15624.44
15623.15
15620.58
15618.01
15615.43
15614.14
15611.57
15609.00
15607.71
15605.14
15603.85
15599.99
15598.70
15596.13
15594.84
15592.27
15589.69
15587.12
15585.83
15583.26
15580.68
15579.40
15575.54
15574.25
15570.39
15569.10
15566.53
15565.24
15562.67
15560.09
15557.52
15556.23
15553.66
15551.09
15549.80
15547.22
15545.94
15543.36
15540.79
15538.22
15536.93
15534.36
15531.78
15529.21
15527.92
15525.35
15524.06
15520.20
15517.63
15516.34
15513.77
15511.19
15508.62
15507.33
15504.76
15503.47
15499.61
15498.32
15495.75
15494.46
15491.89
15489.31
15488.03
15485.45
15484.17
15480.31
15479.02
15476.44
15475.16
15472.58
15470.01
15467.44
15464.86
15462.29
15461.00
15458.43
15455.85
15454.57
15451.99
15450.71
15446.85
15445.56
15442.98
15441.70
15437.84
15436.55
15433.98
15432.69
15430.12
15427.54
15426.25
15423.68
15422.39
15419.82
15417.25
15414.67
15413.39
15409.52
15408.24
15404.38
15403.09
15400.52
15399.23
15396.66
15394.08
15391.51
15390.22
15387.65
15386.36
15383.79
15381.21
15379.93
15377.35
15376.07
15372.20
15370.92
15368.34
15367.06
15364.48
15361.91
15359.34
15358.05
15354.19
15352.90
15350.33
15347.75
15346.47
15343.89
15342.61
15338.74
15337.46
15334.88
15333.60
15331.02
15328.45
15325.88
15324.59
15322.01
15320.73
15318.15
15315.58
15314.29
15311.72
15310.43
15307.86
15305.28
15302.71
15300.14
15297.56
15296.28
15292.42
15291.13
15288.55
15287.27
15284.69
15283.41
15280.83
15278.26
15275.69
15274.40
15271.82
15269.25
15267.96
15265.39
15264.10
15261.53
15260.24
15256.38
15255.10
15252.52
15251.23
15248.66
15244.80
15242.23
15240.94
15238.37
15237.08
15234.50
15231.93
15230.64
15228.07
15226.78
15224.21
15221.64
15219.06
15217.77
15215.20
15213.91
15211.34
15208.77
15206.19
15204.91
15202.33
15201.04
15198.47
15195.90
15193.32
15190.75
15188.18
15186.89
15184.31
15181.74
15180.45
15177.88
15176.59
15174.02
15171.45
15168.87
15167.58
15165.01
15163.72
15161.15
15158.58
15156.00
15154.72
15152.14
15150.85
15148.28
15145.71
15144.42
15141.85
15140.56
15137.99
15134.12
15131.55
15130.26
15127.69
15126.40
15123.83
15122.54
15119.97
15117.40
15114.82
15113.53
15110.96
15109.67
15107.10
15104.53
15101.95
15100.67
15098.09
15096.80
15094.23
15091.66
15090.37
15087.80
15086.51
15083.94
15080.07
15077.50
15076.21
15073.64
15072.35
15069.78
15068.49
15065.92
15063.34
15060.77
15059.48
15056.91
15055.62
15053.05
15050.48
15047.90
15046.61
15044.04
15042.75
15040.18
15038.89
15036.32
15033.75
15032.46
15029.88
15028.60
15024.74
15022.16
15019.59
15018.30
15015.73
15014.44
15011.87
15010.58
15008.01
15005.43
15002.86
15001.57
14999.00
14997.71
14995.14
14993.85
14989.99
14988.70
14986.13
14984.84
14982.27
14980.98
14978.41
14975.83
14974.55
14970.69
14969.40
14966.83
14964.25
14962.97
14960.39
14957.82
14956.53
14953.96
14952.67
14950.10
14948.81
14944.95
14943.66
14941.09
14939.80
14937.23
14935.94
14933.37
14930.79
14928.22
14926.93
14924.36
14923.07
14920.50
14919.21
14915.35
14912.78
14910.20
14908.91
14906.34
14905.05
14902.48
14901.19
14898.62
14896.05
14894.76
14892.18
14890.90
14888.32
14887.04
14884.46
14881.89
14879.32
14878.03
14875.45
14874.17
14871.59
14870.31
14867.73
14865.16
14861.30
14860.01
14857.44
14856.15
14853.58
14852.29
14849.72
14847.14
14844.57
14843.28
14840.71
14839.42
14836.85
14835.56
14832.99
14830.41
14829.13
14826.55
14823.98
14822.69
14820.12
14818.83
14816.26
14814.97
14812.40
14809.82
14808.54
14804.67
14803.39
14800.81
14798.24
14796.95
14794.38
14791.81
14790.52
14787.94
14786.66
14784.08
14782.80
14780.22
14778.94
14775.08
14773.79
14771.21
14769.93
14767.35
14766.07
14763.49
14762.21
14759.63
14757.06
14754.48
14753.20
14749.34
14748.05
14745.48
14744.19
14741.62
14740.33
14736.47
14735.18
14732.61
14731.32
14728.75
14727.46
14724.89
14723.60
14721.03
14718.45
14717.16
14714.59
14712.02
14710.73
14708.16
14706.87
14704.30
14703.01
14700.43
14696.57
14695.29
14692.71
14691.43
14688.85
14687.57
14684.99
14682.42
14681.13
14678.56
14675.98
14674.70
14672.12
14670.84
14668.26
14666.97
14664.40
14663.11
14660.54
14659.25
14655.39
14654.11
14651.53
14650.24
14647.67
14646.38
14643.81
14641.24
14638.66
14637.38
14634.80
14632.23
14629.65
14628.37
14625.79
14624.51
14621.93
14620.65
14618.07
14616.78
14614.21
14612.92
14609.06
14607.78
14605.20
14603.92
14601.34
14600.06
14597.48
14596.19
14593.62
14592.33
14589.76
14585.90
14583.33
14582.04
14579.46
14578.18
14575.60
14574.32
14571.74
14570.46
14567.88
14566.60
14564.02
14561.45
14558.87
14557.59
14555.01
14553.73
14551.15
14549.87
14547.29
14546.00
14543.43
14542.14
14539.57
14538.28
14534.42
14531.85
14529.27
14527.99
14525.41
14524.13
14521.55
14520.27
14517.69
14516.41
14513.83
14512.54
14509.97
14507.40
14504.82
14503.54
14500.96
14499.68
14497.10
14495.81
14493.24
14491.95
14489.38
14488.09
14485.52
14484.23
14481.66
14479.09
14475.22
14473.94
14471.36
14470.08
14467.50
14466.22
14463.64
14462.36
14459.78
14458.49
14455.92
14454.63
14452.06
14449.49
14446.91
14445.63
14443.05
14441.76
14439.19
14437.90
14435.33
14434.04
14431.47
14430.18
14427.61
14426.32
14423.75
14421.17
14418.60
14416.03
14413.45
14412.17
14409.59
14408.30
14405.73
14404.44
14401.87
14400.58
14398.01
14396.72
14394.15
14392.86
14390.29
14389.00
14386.43
14385.14
14381.28
14379.99
14377.42
14376.13
14373.56
14372.27
14369.70
14368.41
14364.55
14363.26
14360.69
14359.40
14356.83
14355.54
14352.97
14351.68
14349.11
14346.53
14345.25
14342.67
14340.10
14338.81
14336.24
14334.95
14332.38
14331.09
14328.52
14327.23
14324.66
14323.37
14320.79
14318.22
14316.93
14314.36
14311.79
14309.21
14307.93
14305.35
14304.06
14301.49
14298.92
14297.63
14295.06
14293.77
14291.20
14288.62
14287.33
14284.76
14283.47
14280.90
14279.61
14277.04
14275.75
14273.18
14271.89
14269.32
14268.03
14265.46
14264.17
14261.60
14260.31
14256.45
14255.16
14251.30
14250.01
14247.44
14246.15
14243.58
14242.29
14239.72
14238.43
14235.86
14234.57
14232.00
14230.71
14228.14
14226.85
14224.28
14222.99
14220.42
14219.13
14216.55
14215.27
14212.69
14211.41
14208.83
14207.55
14204.97
14201.11
14199.82
14197.25
14195.96
14193.39
14190.82
14189.53
14186.96
14185.67
14183.09
14181.81
14179.23
14176.66
14175.37
14172.80
14171.51
14168.94
14167.65
14165.08
14163.79
14161.22
14159.93
14157.36
14156.07
14153.50
14152.21
14149.63
14147.06
14144.49
14143.20
14140.63
14139.34
14136.77
14135.48
14132.90
14131.62
14129.04
14127.76
14125.18
14123.90
14121.32
14118.75
14117.46
14114.89
14113.60
14111.03
14109.74
14107.17
14105.88
14103.31
14100.73
14099.44
14096.87
14095.58
14091.72
14089.15
14087.86
14085.29
14084.00
14081.43
14080.14
14077.57
14076.28
14073.71
14072.42
14069.85
14068.56
14065.99
14064.70
14062.12
14060.84
14058.26
14056.98
14054.40
14053.12
14050.54
14049.26
14046.68
14045.39
14042.82
14041.53
14038.96
14035.10
14033.81
14031.24
14029.95
14027.38
14026.09
14023.52
14022.23
14019.66
14018.37
14015.80
14014.51
14011.93
14010.65
14008.07
14006.79
14004.21
14002.93
14000.35
13999.07
13996.49
13995.20
13992.63
13991.34
13988.77
13987.48
13984.91
13982.34
13979.76
13977.19
13975.90
13973.33
13972.04
13969.47
13968.18
13965.61
13964.32
13961.75
13960.46
13957.88
13956.60
13954.02
13952.74
13950.16
13948.88
13946.30
13945.02
13942.44
13941.15
13938.58
13937.29
13934.72
13933.43
13930.86
13929.57
13925.71
13924.42
13921.85
13919.28
13917.99
13915.42
13914.13
13911.56
13910.27
13907.69
13906.41
13903.83
13902.55
13899.97
13898.69
13896.11
13894.83
13892.25
13890.96
13888.39
13887.10
13884.53
13883.24
13880.67
13879.38
13876.81
13875.52
13871.66
13870.37
13869.09
13866.51
13865.23
13862.65
13861.37
13858.79
13857.50
13854.93
13853.64
13851.07
13849.78
13847.21
13845.92
13843.35
13842.06
13839.49
13836.91
13835.63
13833.05
13831.77
13829.19
13827.91
13825.33
13824.05
13821.47
13820.18
13816.32
13815.04
13812.46
13811.18
13808.60
13807.32
13804.74
13803.45
13800.88
13799.59
13797.02
13795.73
13793.16
13791.87
13789.30
13788.01
13785.44
13784.15
13782.86
13780.29
13779.00
13776.43
13775.14
13772.57
13771.28
13768.71
13767.42
13764.85
13762.27
13759.70
13758.41
13755.84
13753.26
13751.98
13749.40
13748.12
13745.54
13744.26
13741.68
13740.40
13737.82
13736.53
13733.96
13732.67
13730.10
13728.81
13726.24
13724.95
13723.67
13721.09
13719.80
13717.23
13715.94
13713.37
13712.08
13709.51
13706.94
13704.36
13703.08
13700.50
13699.21
13696.64
13695.35
13692.78
13691.49
13688.92
13687.63
13685.06
13683.77
13681.20
13679.91
13677.34
13676.05
13674.76
13672.19
13670.90
13668.33
13667.04
13664.47
13663.18
13660.61
13659.32
13656.75
13655.46
13651.60
13650.31
13647.74
13646.45
13643.88
13642.59
13640.02
13637.44
13636.16
13634.87
13633.58
13631.01
13629.72
13627.15
13625.86
13623.29
13622.00
13619.43
13618.14
13615.56
13614.28
13611.70
13609.13
13607.84
13605.27
13603.98
13601.41
13600.12
13597.55
13596.26
13593.69
13592.40
13589.83
13588.54
13585.97
13583.39
13582.11
13579.53
13578.24
13575.67
13574.38
13571.81
13570.52
13567.95
13566.66
13565.38
13564.09
13561.51
13560.23
13557.65
13555.08
13553.79
13551.22
13549.93
13547.36
13546.07
13542.21
13540.92
13538.35
13537.06
13534.49
13534.49
13531.92
13530.63
13528.05
13525.48
13524.19
13521.62
13520.33
13517.76
13516.47
13513.90
13512.61
13510.04
13508.75
13506.18
13506.18
13503.60
13502.32
13499.74
13497.17
13495.88
13493.31
13492.02
13489.45
13486.87
13484.30
13483.01
13480.44
13479.15
13477.86
13476.58
13474.00
13472.72
13470.14
13467.57
13466.28
13463.71
13462.42
13459.85
13458.56
13455.99
13454.70
13452.13
13452.13
13449.55
13448.27
13445.69
13443.12
13441.83
13439.26
13437.97
13435.40
13432.82
13430.25
13428.96
13427.68
13426.39
13423.81
13422.53
13419.95
13418.67
13416.09
13413.52
13412.23
13409.66
13408.37
13405.80
13404.51
13403.22
13401.94
13399.36
13398.08
13395.50
13394.22
13391.64
13390.35
13387.78
13385.21
13383.92
13382.63
13381.35
13377.49
13376.20
13373.62
13372.34
13369.76
13368.48
13365.90
13364.62
13362.04
13360.76
13359.47
13356.89
13355.61
13353.03
13351.75
13349.17
13347.89
13345.31
13344.03
13341.45
13340.16
13338.88
13336.30
13335.02
13332.44
13331.16
13328.58
13327.30
13324.72
13322.15
13319.57
13318.29
13317.00
13314.43
13313.14
13310.57
13309.28
13306.71
13305.42
13302.84
13301.56
13298.98
13297.70
13296.41
13293.84
13292.55
13289.98
13288.69
13286.11
13284.83
13282.25
13280.97
13279.68
13278.39
13275.82
13273.25
13271.96
13268.10
13266.81
13264.24
13262.95
13261.66
13260.38
13257.80
13256.52
13253.94
13252.65
13250.08
13248.79
13246.22
13243.65
13243.65
13241.07
13239.79
13237.21
13235.92
13233.35
13232.06
13229.49
13228.20
13226.92
13224.34
13223.06
13220.48
13219.19
13216.62
13215.33
13211.47
13210.19
13208.90
13206.33
13205.04
13202.46
13201.18
13198.60
13197.32
13194.74
13193.46
13192.17
13190.88
13188.31
13185.74
13184.45
13181.87
13180.59
13178.01
13176.73
13175.44
13174.15
13171.58
13170.29
13167.72
13166.43
13163.86
13162.57
13161.28
13157.42
13156.14
13153.56
13152.28
13149.70
13148.41
13145.84
13144.55
13143.27
13140.69
13139.41
13136.83
13135.55
13132.97
13131.68
13129.11
13127.82
13126.54
13123.96
13122.68
13120.10
13118.82
13116.24
13114.95
13113.67
13112.38
13109.81
13108.52
13105.95
13102.09
13100.80
13098.22
13098.22
13095.65
13094.36
13091.79
13090.50
13087.93
13086.64
13084.07
13082.78
13081.49
13078.92
13077.63
13075.06
13073.77
13071.20
13069.91
13068.63
13066.05
13064.77
13062.19
13060.90
13058.33
13057.04
13055.76
13054.47
13051.90
13050.61
13046.75
13044.17
13042.89
13040.31
13040.31
13037.74
13036.45
13033.88
13032.59
13030.02
13028.73
13027.44
13024.87
13023.58
13021.01
13019.72
13017.15
13015.86
13014.58
13012.00
13010.71
13008.14
13006.85
13004.28
13002.99
13001.71
13000.42
12997.85
12996.56
12992.70
12990.12
12988.84
12987.55
12986.26
12983.69
12982.40
12979.83
12978.54
12975.97
12974.68
12973.39
12970.82
12969.53
12966.96
12965.67
12963.10
12961.81
12960.52
12957.95
12956.66
12954.09
12952.80
12950.23
12950.23
12947.66
12946.37
12943.79
12942.51
12939.93
12937.36
12936.07
12933.50
12932.21
12929.64
12928.35
12925.78
12924.49
12923.20
12920.63
12919.34
12916.77
12915.48
12912.91
12912.91
12910.34
12909.05
12906.47
12903.90
12902.61
12901.33
12900.04
12897.47
12896.18
12893.61
12892.32
12889.74
12888.46
12887.17
12883.31
12882.02
12879.45
12878.16
12876.88
12874.30
12873.01
12870.44
12869.15
12866.58
12866.58
12864.01
12862.72
12860.15
12858.86
12856.28
12855.00
12853.71
12851.14
12849.85
12847.28
12845.99
12843.42
12842.13
12840.84
12838.27
12836.98
12834.41
12833.12
12831.83
12830.55
12826.69
12825.40
12822.82
12820.25
12820.25
12817.68
12816.39
12813.82
12812.53
12809.96
12808.67
12807.38
12804.81
12803.52
12800.95
12799.66
12798.37
12797.09
12794.51
12791.94
12790.65
12788.08
12788.08
12785.50
12784.22
12781.64
12780.36
12779.07
12776.50
12775.21
12771.35
12770.06
12767.49
12767.49
12764.91
12762.34
12761.05
12758.48
12757.19
12755.91
12754.62
12752.04
12750.76
12748.18
12746.90
12745.61
12743.04
12741.75
12739.18
12737.89
12736.60
12734.03
12732.74
12730.17
12728.88
12726.31
12726.31
12723.73
12722.45
12718.58
12717.30
12716.01
12713.44
12712.15
12709.58
12708.29
12705.72
12704.43
12703.14
12700.57
12699.28
12696.71
12696.71
12694.13
12692.85
12690.27
12688.99
12687.70
12685.12
12683.84
12681.26
12679.98
12677.40
12676.12
12674.83
12672.26
12670.97
12668.40
12668.40
12665.82
12663.25
12660.67
12659.39
12658.10
12655.53
12654.24
12651.67
12650.38
12647.80
12646.52
12645.23
12642.66
12641.37
12638.80
12638.80
12636.22
12634.94
12632.36
12631.07
12629.79
12627.21
12625.93
12623.35
12622.07
12620.78
12618.21
12616.92
12614.34
12613.06
12611.77
12610.48
12606.62
12605.34
12602.76
12601.48
12600.19
12597.61
12596.33
12593.75
12592.47
12591.18
12588.61
12587.32
12584.75
12584.75
12582.17
12580.88
12578.31
12577.02
12575.74
12573.16
12571.88
12569.30
12568.02
12566.73
12564.15
12562.87
12560.29
12559.01
12557.72
12556.43
12552.57
12551.29
12548.71
12547.43
12546.14
12543.56
12542.28
12539.70
12538.42
12537.13
12534.56
12533.27
12530.70
12530.70
12528.12
12526.83
12524.26
12522.97
12521.69
12519.11
12517.83
12515.25
12515.25
12512.68
12510.10
12508.82
12506.24
12506.24
12503.67
12502.38
12498.52
12497.24
12495.95
12493.37
12492.09
12489.51
12489.51
12486.94
12485.65
12483.08
12480.51
12480.51
12477.93
12476.64
12474.07
12472.78
12471.50
12468.92
12467.64
12465.06
12465.06
12462.49
12461.20
12458.63
12457.34
12456.05
12453.48
12452.19
12449.62
12448.33
12447.05
12443.18
12441.90
12439.32
12439.32
12436.75
12435.46
12432.89
12431.60
12430.32
12427.74
12426.45
12423.88
12422.59
12421.31
12418.73
12417.45
12416.16
12414.87
12412.30
12411.01
12408.44
12407.15
12405.86
12403.29
12402.00
12400.72
12398.14
12396.86
12394.28
12393.00
12391.71
12390.42
12386.56
12385.27
12383.99
12381.41
12380.13
12377.55
12377.55
12374.98
12373.69
12371.12
12368.54
12368.54
12365.97
12364.68
12362.11
12360.82
12359.54
12356.96
12355.67
12354.39
12353.10
12350.53
12349.24
12346.67
12345.38
12344.09
12341.52
12340.23
12338.94
12336.37
12333.80
12331.22
12331.22
12328.65
12327.36
12324.79
12323.50
12322.21
12319.64
12318.35
12315.78
12315.78
12313.21
12310.63
12309.35
12308.06
12306.77
12304.20
12302.91
12301.62
12299.05
12297.76
12295.19
12295.19
12292.62
12291.33
12288.76
12287.47
12286.18
12283.61
12282.32
12281.03
12277.17
12275.89
12273.31
12273.31
12270.74
12269.45
12266.88
12265.59
12264.30
12261.73
12260.44
12259.16
12256.58
12255.30
12252.72
12252.72
12250.15
12248.86
12246.29
12245.00
12243.71
12241.14
12239.85
12238.57
12237.28
12234.70
12233.42
12232.13
12229.56
12228.27
12225.70
12223.12
12221.84
12219.26
12217.97
12216.69
12215.40
12212.83
12211.54
12210.25
12207.68
12206.39
12203.82
12203.82
12201.24
12198.67
12197.38
12196.10
12194.81
12192.24
12190.95
12189.66
12187.09
12185.80
12183.23
12183.23
12180.65
12179.37
12176.79
12175.51
12174.22
12171.65
12169.07
12167.79
12165.21
12163.92
12161.35
12161.35
12158.78
12157.49
12156.20
12153.63
12152.34
12149.77
12149.77
12147.19
12145.91
12143.33
12142.05
12140.76
12138.19
12136.90
12135.61
12133.04
12131.75
12129.18
12129.18
12126.60
12125.32
12124.03
12121.46
12120.17
12117.60
12117.60
12113.73
12111.16
12109.87
12108.59
12107.30
12104.73
12103.44
12102.15
12099.58
12098.29
12097.00
12095.72
12093.14
12091.86
12090.57
12088.00
12086.71
12084.14
12082.85
12081.56
12078.99
12078.99
12076.41
12075.13
12072.55
12071.27
12069.98
12067.41
12066.12
12064.83
12063.54
12060.97
12058.40
12057.11
12054.54
12053.25
12051.96
12049.39
12048.10
12046.81
12045.53
12042.95
12041.67
12040.38
12037.81
12036.52
12033.95
12033.95
12031.37
12028.80
12028.80
12026.22
12024.94
12022.36
12021.08
12019.79
12017.22
12017.22
12014.64
12013.36
12010.78
12009.49
12008.21
12004.35
12004.35
12001.77
11999.20
11997.91
11996.63
11995.34
11992.76
11991.48
11990.19
11987.62
11986.33
11985.04
11983.76
11981.18
11979.90
11978.61
11976.03
11974.75
11973.46
11970.89
11969.60
11968.31
11967.03
11964.45
11963.17
11961.88
11959.30
11958.02
11956.73
11955.44
11952.87
11951.58
11949.01
11946.44
11945.15
11943.86
11941.29
11940.00
11937.43
11937.43
11934.85
11933.57
11932.28
11929.71
11928.42
11927.13
11925.84
11923.27
11921.98
11920.70
11918.12
11916.84
11915.55
11912.98
11911.69
11910.40
11909.12
11906.54
11905.25
11903.97
11901.39
11900.11
11898.82
11897.53
11893.67
11892.39
11891.10
11888.52
11887.24
11885.95
11883.38
11882.09
11880.80
11879.52
11876.94
11875.66
11874.37
11871.79
11870.51
11869.22
11867.93
11865.36
11864.07
11862.79
11860.21
11858.93
11857.64
11855.06
11853.78
11852.49
11851.20
11848.63
11847.34
11846.06
11843.48
11843.48
11839.62
11838.33
11837.05
11834.47
11833.19
11830.61
11829.33
11828.04
11825.47
11825.47
11822.89
11821.60
11820.32
11817.74
11816.46
11815.17
11813.88
11811.31
11810.02
11808.74
11806.16
11804.87
11803.59
11801.01
11799.73
11798.44
11797.15
11794.58
11793.29
11792.01
11789.43
11789.43
11786.86
11784.28
11781.71
11780.42
11779.14
11776.56
11775.28
11773.99
11771.42
11771.42
11768.84
11767.55
11766.27
11763.69
11762.41
11761.12
11759.83
11757.26
11755.97
11754.69
11752.11
11750.82
11749.54
11746.96
11745.68
11744.39
11743.10
11740.53
11739.24
11737.96
11735.38
11735.38
11732.81
11731.52
11728.95
11726.37
11725.09
11723.80
11722.51
11719.94
11718.65
11717.36
11714.79
11713.50
11712.22
11709.64
11709.64
11707.07
11705.78
11704.50
11701.92
11700.63
11699.35
11698.06
11695.49
11694.20
11692.91
11690.34
11689.05
11687.77
11685.19
11683.90
11682.62
11681.33
11678.76
11677.47
11676.18
11672.32
11672.32
11669.75
11668.46
11667.17
11664.60
11663.31
11662.03
11659.45
11658.17
11656.88
11655.59
11653.02
11651.73
11650.45
11647.87
11647.87
11645.30
11644.01
11642.72
11640.15
11638.86
11637.58
11635.00
11633.72
11632.43
11631.14
11628.57
11627.28
11625.99
11623.42
11623.42
11619.56
11618.27
11616.99
11614.41
11614.41
11611.84
11610.55
11609.26
11606.69
11605.40
11604.12
11601.54
11600.26
11598.97
11597.68
11595.11
11593.82
11592.53
11589.96
11589.96
11587.39
11586.10
11584.81
11582.24
11580.95
11579.66
11577.09
11575.80
11574.52
11573.23
11570.66
11569.37
11568.08
11564.22
11564.22
11561.65
11560.36
11559.07
11556.50
11556.50
11553.93
11552.64
11551.35
11548.78
11547.49
11546.20
11543.63
11542.34
11541.06
11539.77
11537.20
11535.91
11534.62
11532.05
11532.05
11529.47
11528.19
11526.90
11524.33
11524.33
11521.75
11519.18
11519.18
11516.61
11515.32
11514.03
11511.46
11508.88
11507.60
11506.31
11503.74
11502.45
11501.16
11499.88
11498.59
11496.02
11494.73
11493.44
11490.87
11489.58
11488.29
11485.72
11485.72
11483.15
11481.86
11480.57
11478.00
11478.00
11475.42
11474.14
11472.85
11470.28
11468.99
11467.70
11465.13
11463.84
11462.56
11461.27
11458.69
11457.41
11454.83
11453.55
11452.26
11449.69
11448.40
11447.11
11444.54
11444.54
11441.96
11440.68
11439.39
11436.82
11435.53
11434.24
11431.67
11431.67
11429.10
11427.81
11426.52
11423.95
11422.66
11421.37
11420.09
11418.80
11416.23
11414.94
11413.65
11412.37
11409.79
11408.50
11407.22
11405.93
11403.36
11402.07
11399.50
11398.21
11395.64
11394.35
11393.06
11390.49
11390.49
11387.91
11386.63
11385.34
11382.77
11382.77
11380.19
11377.62
11377.62
11375.05
11373.76
11372.47
11369.90
11369.90
11367.32
11366.04
11364.75
11362.18
11362.18
11359.60
11358.32
11357.03
11354.45
11353.17
11351.88
11349.31
11349.31
11346.73
11344.16
11342.87
11340.30
11339.01
11337.72
11336.44
11335.15
11332.58
11331.29
11330.00
11328.72
11327.43
11324.86
11323.57
11322.28
11319.71
11318.42
11317.13
11315.85
11314.56
11311.99
11310.70
11309.41
11308.13
11305.55
11304.26
11302.98
11301.69
11300.40
11297.83
11296.54
11295.26
11293.97
11290.11
11288.82
11287.53
11286.25
11283.67
11282.39
11281.10
11279.81
11278.53
11275.95
11274.67
11273.38
11272.09
11270.80
11268.23
11266.94
11265.66
11264.37
11261.80
11260.51
11259.22
11257.94
11255.36
11254.08
11252.79
11251.50
11250.21
11247.64
11246.35
11245.07
11243.78
11242.49
11239.92
11238.63
11237.35
11234.77
11232.20
11230.91
11229.62
11228.34
11227.05
11224.48
11223.19
11221.90
11220.62
11219.33
11216.75
11215.47
11214.18
11211.61
11211.61
11209.03
11207.75
11206.46
11203.89
11202.60
11201.31
11200.02
11198.74
11196.16
11194.88
11193.59
11192.30
11191.02
11188.44
11187.16
11185.87
11183.29
11183.29
11179.43
11178.15
11176.86
11174.29
11174.29
11171.71
11170.43
11169.14
11166.56
11166.56
11163.99
11162.70
11161.42
11158.84
11158.84
11156.27
11154.98
11153.70
11151.12
11149.83
11148.55
11147.26
11145.97
11143.40
11142.11
11140.83
11139.54
11138.25
11135.68
11134.39
11133.11
11131.82
11130.53
11127.96
11125.38
11124.10
11122.81
11120.24
11120.24
11117.66
11116.38
11115.09
11112.51
11112.51
11109.94
11108.65
11107.37
11104.79
11104.79
11102.22
11100.93
11099.65
11097.07
11095.78
11094.50
11093.21
11091.92
11089.35
11088.06
11086.78
11085.49
11084.20
11081.63
11080.34
11079.05
11077.77
11076.48
11073.91
11072.62
11070.05
11068.76
11066.19
11066.19
11063.61
11062.32
11061.04
11058.46
11058.46
11055.89
11054.60
11053.32
11050.74
11050.74
11048.17
11046.88
11045.59
11043.02
11041.73
11040.45
11039.16
11037.87
11036.59
11034.01
11032.73
11031.44
11030.15
11028.86
11026.29
11026.29
11023.72
11022.43
11021.14
11018.57
11018.57
11014.71
11012.13
11012.13
11009.56
11008.27
11006.99
11005.70
11004.41
11001.84
11000.55
10999.27
10997.98
10996.69
10995.41
10992.83
10991.54
10990.26
10988.97
10987.68
10985.11
10983.82
10982.54
10979.96
10979.96
10977.39
10976.10
10974.81
10973.53
10972.24
10969.67
10968.38
10967.09
10965.81
10964.52
10963.23
10959.37
10959.37
10956.80
10954.22
10954.22
10951.65
10950.36
10949.08
10947.79
10946.50
10943.93
10942.64
10941.35
10940.07
10938.78
10937.49
10934.92
10933.63
10932.35
10931.06
10929.77
10927.20
10925.91
10924.62
10923.34
10922.05
10919.48
10918.19
10916.90
10915.62
10914.33
10913.04
10910.47
10909.18
10907.89
10905.32
10904.03
10901.46
10900.17
10898.89
10897.60
10896.31
10893.74
10892.45
10891.16
10889.88
10888.59
10887.30
10884.73
10884.73
10882.16
10880.87
10879.58
10877.01
10877.01
10874.44
10873.15
10871.86
10870.57
10868.00
10866.71
10865.43
10864.14
10862.85
10860.28
10860.28
10857.71
10856.42
10855.13
10852.56
10852.56
10848.70
10847.41
10846.12
10844.84
10842.26
10842.26
10839.69
10838.40
10837.11
10834.54
10834.54
10831.97
10830.68
10829.39
10828.11
10826.82
10825.53
10822.96
10821.67
10820.38
10819.10
10817.81
10815.24
10813.95
10812.66
10811.38
10810.09
10808.80
10806.23
10804.94
10803.65
10802.37
10801.08
10798.51
10798.51
10794.65
10793.36
10792.07
10790.79
10789.50
10786.92
10785.64
10784.35
10783.06
10780.49
10780.49
10777.92
10776.63
10775.34
10774.06
10772.77
10771.48
10768.91
10767.62
10766.33
10765.05
10763.76
10761.19
10759.90
10758.61
10757.33
10756.04
10754.75
10752.18
10752.18
10749.60
10748.32
10747.03
10744.46
10744.46
10740.60
10739.31
10738.02
10736.74
10735.45
10734.16
10731.59
10730.30
10729.01
10726.44
10726.44
10723.87
10722.58
10721.29
10720.01
10718.72
10717.43
10714.86
10714.86
10712.28
10711.00
10709.71
10708.42
10707.14
10705.85
10703.28
10701.99
10700.70
10698.13
10698.13
10695.55
10694.27
10692.98
10691.69
10690.41
10689.12
10685.26
10685.26
10682.68
10681.40
10680.11
10678.82
10677.54
10674.96
10673.68
10672.39
10671.10
10668.53
10668.53
10665.95
10664.67
10663.38
10662.09
10660.81
10659.52
10656.95
10656.95
10654.37
10653.09
10651.80
10650.51
10649.22
10647.94
10645.36
10644.08
10642.79
10640.22
10640.22
10637.64
10636.36
10635.07
10633.78
10632.49
10629.92
10627.35
10627.35
10624.77
10623.49
10622.20
10620.91
10619.63
10618.34
10615.77
10614.48
10613.19
10611.90
10610.62
10609.33
10606.76
10605.47
10604.18
10602.90
10601.61
10599.04
10599.04
10596.46
10595.17
10593.89
10592.60
10590.03
10590.03
10587.45
10586.17
10584.88
10583.59
10582.31
10581.02
10578.44
10578.44
10574.58
10573.30
10572.01
10570.72
10569.44
10568.15
10565.58
10565.58
10563.00
10561.71
10560.43
10559.14
10556.57
10556.57
10553.99
10552.71
10551.42
10550.13
10548.85
10546.27
10544.98
10543.70
10542.41
10541.12
10539.84
10537.26
10537.26
10534.69
10533.40
10532.12
10530.83
10528.25
10528.25
10525.68
10524.39
10523.11
10520.53
10519.25
10517.96
10515.39
10515.39
10512.81
10511.52
10510.24
10508.95
10507.66
10506.38
10503.80
10502.52
10501.23
10499.94
10498.66
10497.37
10494.79
10494.79
10492.22
10490.93
10489.65
10488.36
10487.07
10485.79
10483.21
10483.21
10480.64
10479.35
10478.07
10476.78
10474.20
10474.20
10471.63
10470.34
10469.06
10467.77
10465.20
10463.91
10461.34
10461.34
10458.76
10457.47
10456.19
10454.90
10453.61
10452.33
10449.75
10448.47
10447.18
10445.89
10444.61
10443.32
10440.74
10440.74
10438.17
10436.88
10435.60
10434.31
10433.02
10431.74
10430.45
10429.16
10427.88
10425.30
10425.30
10422.73
10421.44
10420.15
10418.87
10416.29
10416.29
10413.72
10412.43
10409.86
10408.57
10407.28
10406.00
10403.42
10403.42
10400.85
10399.56
10398.28
10396.99
10395.70
10394.42
10391.84
10390.55
10389.27
10387.98
10386.69
10385.41
10382.83
10382.83
10380.26
10378.97
10377.69
10376.40
10375.11
10373.82
10372.54
10371.25
10369.96
10367.39
10367.39
10364.82
10363.53
10362.24
10360.96
10358.38
10358.38
10354.52
10353.23
10351.95
10350.66
10349.37
10348.09
10345.51
10345.51
10342.94
10341.65
10340.37
10339.08
10337.79
10336.50
10335.22
10332.64
10332.64
10330.07
10328.78
10327.50
10326.21
10324.92
10323.64
10321.06
10321.06
10318.49
10317.20
10315.91
10314.63
10313.34
10312.05
10309.48
10308.19
10306.91
10305.62
10304.33
10303.04
10300.47
10299.18
10297.90
10295.32
10295.32
10292.75
10291.46
10290.18
10288.89
10287.60
10286.31
10283.74
10283.74
10281.17
10279.88
10278.59
10277.31
10276.02
10274.73
10273.45
10270.87
10270.87
10268.30
10267.01
10265.72
10264.44
10263.15
10261.86
10259.29
10259.29
10256.72
10255.43
10255.43
10252.85
10251.57
10250.28
10248.99
10245.13
10245.13
10242.56
10241.27
10239.99
10238.70
10237.41
10236.13
10234.84
10233.55
10232.26
10229.69
10229.69
10227.12
10225.83
10224.54
10223.26
10220.68
10220.68
10218.11
10216.82
10216.82
10214.25
10212.96
10211.67
10210.39
10209.10
10207.81
10205.24
10205.24
10202.67
10201.38
10200.09
10198.80
10197.52
10196.23
10194.94
10191.08
10191.08
10188.51
10187.22
10185.94
10184.65
10183.36
10182.07
10180.79
10179.50
10178.21
10175.64
10175.64
10173.07
10171.78
10170.49
10169.21
10166.63
10166.63
10165.34
10162.77
10162.77
10160.20
10158.91
10157.62
10156.34
10155.05
10153.76
10151.19
10151.19
10149.90
10147.33
10147.33
10144.75
10143.47
10142.18
10140.89
10138.32
10138.32
10134.46
10133.17
10133.17
10130.60
10129.31
10128.02
10126.74
10125.45
10124.16
10121.59
10121.59
10120.30
10117.73
10117.73
10115.15
10113.87
10112.58
10111.29
10108.72
10108.72
10107.43
10104.86
10104.86
10102.29
10101.00
10099.71
10098.43
10097.14
10095.85
10094.56
10093.28
10091.99
10089.42
10089.42
10086.84
10085.56
10084.27
10082.98
10080.41
10079.12
10077.83
10075.26
10075.26
10072.69
10071.40
10070.11
10068.83
10067.54
10066.25
10064.97
10063.68
10062.39
10059.82
10059.82
10058.53
10055.96
10055.96
10053.38
10052.10
10050.81
10049.52
10046.95
10046.95
10045.66
10043.09
10043.09
10040.51
10039.23
10037.94
10036.65
10035.37
10034.08
10032.79
10031.51
10030.22
10026.36
10026.36
10023.78
10022.50
10021.21
10019.92
10018.64
10017.35
10016.06
10013.49
10013.49
10012.20
10009.63
10009.63
10007.05
10005.77
10004.48
10003.19
10001.91
10000.62
9999.33
9998.05
9996.76
9995.47
9992.90
9991.61
9990.32
9989.04
9987.75
9986.46
9985.18
9983.89
9982.60
9981.32
9980.03
9978.74
9976.17
9974.88
9973.59
9971.02
9969.73
9968.45
9967.16
9965.87
9964.59
9963.30
9962.01
9960.73
9959.44
9956.86
9955.58
9954.29
9953.00
9951.72
9950.43
9949.14
9947.86
9946.57
9945.28
9944.00
9942.71
9940.13
9938.85
9937.56
9936.27
9934.99
9933.70
9932.41
9931.13
9929.84
9928.55
9927.27
9925.98
9923.40
9922.12
9920.83
9919.54
9918.26
9915.68
9914.40
9913.11
9911.82
9910.54
9909.25
9907.96
9906.67
9905.39
9902.81
9901.53
9900.24
9898.95
9897.67
9896.38
9895.09
9893.81
9892.52
9891.23
9889.94
9888.66
9887.37
9886.08
9883.51
9882.22
9880.94
9879.65
9878.36
9877.08
9875.79
9874.50
9873.21
9871.93
9870.64
9869.35
9868.07
9865.49
9864.21
9861.63
9860.35
9859.06
9857.77
9856.48
9855.20
9853.91
9852.62
9851.34
9850.05
9848.76
9847.48
9846.19
9843.62
9842.33
9841.04
9839.76
9838.47
9837.18
9835.89
9834.61
9833.32
9832.03
9830.75
9829.46
9828.17
9826.89
9825.60
9823.03
9821.74
9820.45
9819.16
9817.88
9816.59
9815.30
9814.02
9812.73
9811.44
9810.16
9808.87
9806.30
9805.01
9803.72
9802.43
9799.86
9798.57
9797.29
9796.00
9794.71
9793.43
9792.14
9790.85
9789.57
9788.28
9786.99
9785.70
9784.42
9783.13
9781.84
9780.56
9777.98
9776.70
9775.41
9774.12
9772.84
9771.55
9770.26
9768.97
9767.69
9766.40
9765.11
9763.83
9762.54
9761.25
9759.97
9758.68
9756.11
9754.82
9753.53
9750.96
9749.67
9748.38
9747.10
9745.81
9744.52
9743.24
9741.95
9740.66
9739.38
9738.09
9736.80
9735.51
9734.23
9731.65
9730.37
9729.08
9727.79
9726.51
9725.22
9723.93
9722.65
9721.36
9720.07
9718.79
9717.50
9716.21
9714.92
9713.64
9712.35
9711.06
9709.78
9708.49
9705.92
9704.63
9703.34
9702.06
9700.77
9699.48
9698.19
9695.62
9694.33
9693.05
9691.76
9690.47
9689.19
9687.90
9686.61
9685.33
9684.04
9682.75
9681.46
9678.89
9677.60
9676.32
9675.03
9673.74
9672.46
9671.17
9669.88
9668.60
9667.31
9666.02
9664.73
9663.45
9662.16
9660.87
9659.59
9658.30
9657.01
9655.73
9654.44
9651.87
9650.58
9649.29
9648.00
9646.72
9645.43
9644.14
9641.57
9640.28
9639.00
9637.71
9636.42
9635.14
9633.85
9632.56
9631.27
9629.99
9628.70
9627.41
9626.13
9624.84
9623.55
9620.98
9619.69
9618.41
9617.12
9615.83
9614.54
9613.26
9611.97
9610.68
9609.40
9608.11
9606.82
9605.54
9604.25
9602.96
9601.68
9600.39
9599.10
9597.81
9596.53
9595.24
9593.95
9592.67
9590.09
9590.09
9586.23
9584.95
9583.66
9582.37
9581.09
9579.80
9578.51
9577.22
9575.94
9574.65
9573.36
9572.08
9570.79
9569.50
9568.22
9566.93
9565.64
9564.36
9563.07
9561.78
9560.49
9559.21
9557.92
9556.63
9554.06
9552.77
9551.49
9550.20
9548.91
9547.63
9546.34
9545.05
9543.76
9542.48
9541.19
9539.90
9538.62
9537.33
9536.04
9534.76
9533.47
9530.90
9529.61
9528.32
9527.03
9525.75
9524.46
9523.17
9521.89
9520.60
9519.31
9518.03
9516.74
9515.45
9512.88
9511.59
9510.30
9509.02
9507.73
9506.44
9505.16
9503.87
9502.58
9501.30
9500.01
9498.72
9497.44
9496.15
9494.86
9493.57
9492.29
9491.00
9489.71
9488.43
9487.14
9485.85
9484.57
9483.28
9481.99
9480.71
9479.42
9476.84
9475.56
9474.27
9472.98
9471.70
9470.41
9469.12
9466.55
9465.26
9463.98
9462.69
9461.40
9460.12
9458.83
9457.54
9456.25
9454.97
9453.68
9452.39
9451.11
9449.82
9448.53
9447.25
9445.96
9444.67
9443.39
9442.10
9440.81
9439.52
9438.24
9436.95
9435.66
9434.38
9433.09
9431.80
9430.52
9429.23
9427.94
9426.66
9425.37
9424.08
9421.51
9420.22
9418.93
9417.65
9416.36
9415.07
9412.50
9411.21
9409.93
9408.64
9407.35
9406.06
9404.78
9403.49
9402.20
9400.92
9399.63
9398.34
9397.06
9395.77
9394.48
9393.20
9391.91
9390.62
9389.33
9388.05
9386.76
9385.47
9384.19
9382.90
9381.61
9380.33
9379.04
9377.75
9376.47
9375.18
9373.89
9372.60
9371.32
9370.03
9368.74
9366.17
9364.88
9363.60
9362.31
9361.02
9359.74
9358.45
9357.16
9355.87
9354.59
9353.30
9352.01
9350.73
9349.44
9348.15
9346.87
9345.58
9344.29
9343.01
9341.72
9340.43
9337.86
9337.86
9336.57
9334.00
9332.71
9331.42
9330.14
9328.85
9327.56
9326.28
9324.99
9323.70
9322.42
9321.13
9319.84
9318.55
9317.27
9315.98
9314.69
9312.12
9310.83
9309.55
9308.26
9306.97
9305.69
9304.40
9303.11
9301.82
9300.54
9299.25
9297.96
9296.68
9295.39
9294.10
9292.82
9291.53
9290.24
9288.96
9287.67
9286.38
9285.09
9283.81
9282.52
9281.23
9279.95
9278.66
9277.37
9276.09
9274.80
9273.51
9272.23
9270.94
9269.65
9268.36
9267.08
9265.79
9264.50
9263.22
9261.93
9260.64
9259.36
9256.78
9255.50
9254.21
9252.92
9251.63
9250.35
9249.06
9247.77
9246.49
9245.20
9243.91
9242.63
9241.34
9240.05
9238.77
9237.48
9236.19
9234.90
9233.62
9232.33
9231.04
9229.76
9228.47
9227.18
9225.90
9224.61
9223.32
9222.04
9220.75
9219.46
9218.17
9216.89
9215.60
9214.31
9213.03
9211.74
9210.45
9209.17
9207.88
9206.59
9205.31
9204.02
9201.45
9200.16
9198.87
9197.58
9196.30
9195.01
9193.72
9192.44
9191.15
9189.86
9188.58
9187.29
9186.00
9184.72
9183.43
9182.14
9180.85
9179.57
9178.28
9176.99
9175.71
9174.42
9173.13
9171.85
9170.56
9169.27
9167.99
9166.70
9165.41
9164.12
9162.84
9161.55
9160.26
9158.98
9157.69
9156.40
9155.12
9153.83
9152.54
9151.26
9149.97
9147.39
9146.11
9144.82
9143.53
9142.25
9140.96
9139.67
9138.39
9137.10
9135.81
9134.53
9133.24
9131.95
9130.66
9129.38
9128.09
9126.80
9125.52
9124.23
9122.94
9121.66
9120.37
9119.08
9117.80
9116.51
9115.22
9113.93
9112.65
9111.36
9110.07
9108.79
9107.50
9106.21
9104.93
9103.64
9102.35
9101.07
9099.78
9098.49
9097.20
9095.92
9094.63
9092.06
9092.06
9090.77
9089.48
9088.20
9086.91
9085.62
9084.34
9083.05
9081.76
9080.47
9079.19
9077.90
9076.61
9075.33
9074.04
9072.75
9071.47
9070.18
9068.89
9067.61
9066.32
9065.03
9063.75
9062.46
9061.17
9059.88
9058.60
9057.31
9056.02
9054.74
9053.45
9052.16
9050.88
9049.59
9048.30
9047.02
9045.73
9044.44
9043.15
9041.87
9040.58
9039.29
9036.72
9035.43
9034.15
9032.86
9031.57
9030.29
9029.00
9027.71
9026.42
9025.14
9023.85
9022.56
9021.28
9019.99
9018.70
9018.70
9017.42
9016.13
9014.84
9013.56
9012.27
9010.98
9009.69
9008.41
9007.12
9005.83
9004.55
9003.26
9001.97
9000.69
8999.40
8998.11
8996.83
8995.54
8994.25
8992.96
8991.68
8990.39
8989.10
8987.82
8986.53
8985.24
8983.96
8981.38
8980.10
8978.81
8977.52
8976.23
8974.95
8973.66
8972.37
8971.09
8969.80
8968.51
8967.23
8965.94
8965.94
8964.65
8963.37
8962.08
8960.79
8959.50
8958.22
8956.93
8955.64
8954.36
8953.07
8951.78
8950.50
8949.21
8947.92
8946.64
8945.35
8944.06
8942.78
8941.49
8940.20
8938.91
8937.63
8936.34
8935.05
8933.77
8932.48
8931.19
8929.91
8927.33
8926.05
8924.76
8923.47
8922.18
8922.18
8920.90
8919.61
8918.32
8917.04
8915.75
8914.46
8913.18
8911.89
8910.60
8909.32
8908.03
8906.74
8905.45
8904.17
8902.88
8901.59
8900.31
8899.02
8897.73
8896.45
8895.16
8893.87
8892.59
8891.30
8890.01
8888.72
8887.44
8886.15
8886.15
8884.86
8883.58
8882.29
8881.00
8879.72
8878.43
8877.14
8875.86
8874.57
8871.99
8870.71
8869.42
8868.13
8866.85
8865.56
8864.27
8862.99
8861.70
8860.41
8859.13
8857.84
8856.55
8855.26
8853.98
8852.69
8851.40
8851.40
8850.12
8848.83
8847.54
8846.26
8844.97
8843.68
8842.40
8841.11
8839.82
8838.53
8837.25
8835.96
8834.67
8833.39
8832.10
8830.81
8829.53
8828.24
8826.95
8825.67
8824.38
8823.09
8821.80
8821.80
8820.52
8819.23
8816.66
8815.37
8814.08
8812.80
8811.51
8810.22
8808.94
8807.65
8806.36
8805.08
8803.79
8802.50
8801.21
8799.93
8798.64
8797.35
8796.07
8794.78
8793.49
8793.49
8792.21
8790.92
8789.63
8788.35
8787.06
8785.77
8784.48
8783.20
8781.91
8780.62
8779.34
8778.05
8776.76
8775.48
8774.19
8772.90
8771.62
8770.33
8769.04
8767.75
8767.75
8766.47
8765.18
8762.61
8761.32
8760.03
8758.75
8757.46
8756.17
8754.89
8753.60
8752.31
8751.02
8749.74
8748.45
8747.16
8745.88
8744.59
8743.30
8742.02
8742.02
8740.73
8739.44
8738.16
8736.87
8735.58
8734.29
8733.01
8731.72
8730.43
8729.15
8727.86
8726.57
8725.29
8724.00
8722.71
8721.43
8720.14
8718.85
8717.56
8717.56
8716.28
8714.99
8713.70
8712.42
8711.13
8709.84
8707.27
8705.98
8704.70
8703.41
8702.12
8700.83
8699.55
8698.26
8696.97
8695.69
8694.40
8694.40
8693.11
8691.83
8690.54
8689.25
8687.97
8686.68
8685.39
8684.11
8682.82
8681.53
8680.24
8678.96
8677.67
8676.38
8675.10
8673.81
8673.81
8672.52
8671.24
8669.95
8668.66
8667.38
8666.09
8664.80
8663.51
8662.23
8660.94
8659.65
8658.37
8657.08
8655.79
8654.51
8654.51
8651.93
8650.65
8649.36
8648.07
8646.78
8645.50
8644.21
8642.92
8641.64
8640.35
8639.06
8637.78
8636.49
8635.20
8633.92
8632.63
8632.63
8631.34
8630.05
8628.77
8627.48
8626.19
8624.91
8623.62
8622.33
8621.05
8619.76
8618.47
8617.19
8615.90
8614.61
8614.61
8613.32
8612.04
8610.75
8609.46
8608.18
8606.89
8605.60
8604.32
8603.03
8601.74
8600.46
8597.88
8596.59
8595.31
8595.31
8594.02
8592.73
8591.45
8590.16
8588.87
8587.59
8586.30
8585.01
8583.73
8582.44
8581.15
8579.86
8578.58
8577.29
8577.29
8576.00
8574.72
8573.43
8572.14
8570.86
8569.57
8568.28
8567.00
8565.71
8564.42
8563.13
8561.85
8560.56
8559.27
8559.27
8557.99
8556.70
8555.41
8554.13
8552.84
8551.55
8550.27
8548.98
8547.69
8546.41
8545.12
8542.54
8542.54
8541.26
8539.97
8538.68
8537.40
8536.11
8534.82
8533.54
8532.25
8530.96
8529.68
8528.39
8527.10
8527.10
8525.81
8524.53
8523.24
8521.95
8520.67
8519.38
8518.09
8516.81
8515.52
8514.23
8512.95
8511.66
8510.37
8510.37
8509.08
8507.80
8506.51
8505.22
8503.94
8502.65
8501.36
8500.08
8498.79
8497.50
8496.22
8494.93
8494.93
8493.64
8492.35
8491.07
8489.78
8487.21
8485.92
8484.63
8483.35
8482.06
8480.77
8479.49
8478.20
8478.20
8476.91
8475.62
8474.34
8473.05
8471.76
8470.48
8469.19
8467.90
8466.62
8465.33
8464.04
8464.04
8462.76
8461.47
8460.18
8458.89
8457.61
8456.32
8455.03
8453.75
8452.46
8451.17
8449.89
8449.89
8448.60
8447.31
8446.03
8444.74
8443.45
8442.16
8440.88
8439.59
8438.30
8437.02
8435.73
8435.73
8433.16
8431.87
8430.58
8429.30
8428.01
8426.72
8425.44
8424.15
8422.86
8421.57
8420.29
8420.29
8419.00
8417.71
8416.43
8415.14
8413.85
8412.57
8411.28
8409.99
8408.71
8407.42
8407.42
8406.13
8404.84
8403.56
8402.27
8400.98
8399.70
8398.41
8397.12
8395.84
8394.55
8394.55
8393.26
8391.98
8390.69
8389.40
8388.11
8386.83
8385.54
8384.25
8382.97
8381.68
8381.68
8380.39
8377.82
8376.53
8375.25
8373.96
8372.67
8371.38
8370.10
8368.81
8367.52
8366.24
8366.24
8364.95
8363.66
8362.38
8361.09
8359.80
8358.52
8357.23
8355.94
8354.65
8354.65
8353.37
8352.08
8350.79
8349.51
8348.22
8346.93
8345.65
8344.36
8343.07
8341.79
8341.79
8340.50
8339.21
8337.92
8336.64
8335.35
8334.06
8332.78
8331.49
8330.20
8330.20
8328.92
8327.63
8326.34
8325.06
8322.48
8321.19
8319.91
8318.62
8317.33
8316.05
8316.05
8314.76
8313.47
8312.19
8310.90
8309.61
8308.33
8307.04
8305.75
8304.47
8304.47
8303.18
8301.89
8300.60
8299.32
8298.03
8296.74
8295.46
8294.17
8292.88
8292.88
8291.60
8290.31
8289.02
8287.74
8286.45
8285.16
8283.87
8282.59
8281.30
8281.30
8280.01
8278.73
8277.44
8276.15
8274.87
8273.58
8272.29
8271.01
8271.01
8269.72
8267.14
8265.86
8264.57
8263.28
8262.00
8260.71
8259.42
8258.14
8258.14
8256.85
8255.56
8254.28
8252.99
8251.70
8250.41
8249.13
8247.84
8247.84
8246.55
8245.27
8243.98
8242.69
8241.41
8240.12
8238.83
8237.55
8236.26
8236.26
8234.97
8233.68
8232.40
8231.11
8229.82
8228.54
8227.25
8225.96
8225.96
8224.68
8223.39
8222.10
8220.82
8219.53
8218.24
8216.95
8215.67
8213.09
8213.09
8211.81
8210.52
8209.23
8207.95
8206.66
8205.37
8204.09
8202.80
8202.80
8201.51
8200.22
8198.94
8197.65
8196.36
8195.08
8193.79
8192.50
8192.50
8191.22
8189.93
8188.64
8187.36
8186.07
8184.78
8183.49
8182.21
8182.21
8180.92
8179.63
8178.35
8177.06
8175.77
8174.49
8173.20
8171.91
8171.91
8170.63
8169.34
8168.05
8166.77
8165.48
8164.19
8162.90
8161.62
8161.62
8160.33
8157.76
8156.47
8155.18
8153.90
8152.61
8151.32
8151.32
8150.04
8148.75
8147.46
8146.17
8144.89
8143.60
8142.31
8141.03
8141.03
8139.74
8138.45
8137.17
8135.88
8134.59
8133.31
8132.02
8130.73
8130.73
8129.44
8128.16
8126.87
8125.58
8124.30
8123.01
8121.72
8121.72
8120.44
8119.15
8117.86
8116.58
8115.29
8114.00
8112.71
8112.71
8111.43
8110.14
8108.85
8107.57
8106.28
8104.99
8102.42
8101.13
8101.13
8099.85
8098.56
8097.27
8095.98
8094.70
8093.41
8092.12
8092.12
8090.84
8089.55
8088.26
8086.98
8085.69
8084.40
8083.12
8083.12
8081.83
8080.54
8079.25
8077.97
8076.68
8075.39
8074.11
8074.11
8072.82
8071.53
8070.25
8068.96
8067.67
8066.39
8065.10
8065.10
8063.81
8062.52
8061.24
8059.95
8058.66
8057.38
8056.09
8056.09
8054.80
8053.52
8052.23
8050.94
8048.37
8047.08
8045.80
8045.80
8044.51
8043.22
8041.93
8040.65
8039.36
8038.07
8036.79
8036.79
8035.50
8034.21
8032.93
8031.64
8030.35
8029.07
8027.78
8027.78
8026.49
8025.20
8023.92
8022.63
8021.34
8020.06
8018.77
8018.77
8017.48
8016.20
8014.91
8013.62
8012.34
8011.05
8011.05
8009.76
8008.47
8007.19
8005.90
8004.61
8003.33
8002.04
8002.04
8000.75
7999.47
7998.18
7996.89
7995.61
7993.03
7993.03
7991.74
7990.46
7989.17
7987.88
7986.60
7985.31
7984.02
7984.02
7982.74
7981.45
7980.16
7978.88
7977.59
7976.30
7976.30
7975.01
7973.73
7972.44
7971.15
7969.87
7968.58
7967.29
7967.29
7966.01
7964.72
7963.43
7962.15
7960.86
7959.57
7959.57
7958.28
7957.00
7955.71
7954.42
7953.14
7951.85
7951.85
7950.56
7949.28
7947.99
7946.70
7945.42
7944.13
7944.13
7942.84
7941.55
7940.27
7937.69
7936.41
7935.12
7933.83
7933.83
7932.55
7931.26
7929.97
7928.69
7927.40
7926.11
7926.11
7924.82
7923.54
7922.25
7920.96
7919.68
7918.39
7918.39
7917.10
7915.82
7914.53
7913.24
7911.96
7910.67
7910.67
7909.38
7908.10
7906.81
7905.52
7904.23
7902.95
7902.95
7901.66
7900.37
7899.09
7897.80
7896.51
7895.23
7895.23
7893.94
7892.65
7891.37
7890.08
7888.79
7887.50
7887.50
7886.22
7883.64
7882.36
7881.07
7879.78
7878.50
7878.50
7877.21
7875.92
7874.64
7873.35
7872.06
7870.77
7870.77
7869.49
7868.20
7866.91
7865.63
7864.34
7863.05
7863.05
7861.77
7860.48
7859.19
7857.91
7856.62
7855.33
7855.33
7854.04
7852.76
7851.47
7850.18
7848.90
7847.61
7847.61
7846.32
7845.04
7843.75
7842.46
7841.18
7841.18
7839.89
7838.60
7837.31
7836.03
7834.74
7833.45
7833.45
7832.17
7830.88
7828.31
7827.02
7825.73
7824.45
7824.45
7823.16
7821.87
7820.58
7819.30
7818.01
7818.01
7816.72
7815.44
7814.15
7812.86
7811.58
7810.29
7810.29
7809.00
7807.72
7806.43
7805.14
7803.85
7803.85
7802.57
7801.28
7799.99
7798.71
7797.42
7796.13
7796.13
7794.85
7793.56
7792.27
7790.99
7789.70
7789.70
7788.41
7787.13
7785.84
7784.55
7783.26
7781.98
7781.98
7780.69
7779.40
7778.12
7776.83
7775.54
7775.54
7772.97
7771.68
7770.40
7769.11
7767.82
7766.53
7766.53
7765.25
7763.96
7762.67
7761.39
7760.10
7760.10
7758.81
7757.53
7756.24
7754.95
7753.67
7753.67
7752.38
7751.09
7749.80
7748.52
7747.23
7747.23
7745.94
7744.66
7743.37
7742.08
7740.80
7739.51
7739.51
7738.22
7736.94
7735.65
7734.36
7733.07
7733.07
7731.79
7730.50
7729.21
7727.93
7726.64
7726.64
7725.35
7724.07
7722.78
7721.49
7720.21
7720.21
7717.63
7716.34
7715.06
7713.77
7712.48
7712.48
7711.20
7709.91
7708.62
7707.34
7706.05
7706.05
7704.76
7703.48
7702.19
7700.90
7699.61
7699.61
7698.33
7697.04
7695.75
7694.47
7693.18
7691.89
7691.89
7690.61
7689.32
7688.03
7686.75
7685.46
7685.46
7684.17
7682.88
7681.60
7680.31
7679.02
7679.02
7677.74
7676.45
7675.16
7673.88
7672.59
7672.59
7671.30
7670.02
7668.73
7667.44
7666.15
7666.15
7663.58
7662.29
7661.01
7659.72
7659.72
7658.43
7657.15
7655.86
7654.57
7653.29
7653.29
7652.00
7650.71
7649.43
7648.14
7646.85
7646.85
7645.56
7644.28
7642.99
7641.70
7640.42
7640.42
7639.13
7637.84
7636.56
7635.27
7633.98
7633.98
7632.70
7631.41
7630.12
7628.83
7627.55
7627.55
7626.26
7624.97
7623.69
7622.40
7621.11
7621.11
7619.83
7618.54
7617.25
7615.97
7615.97
7614.68
7613.39
7612.10
7610.82
7608.24
7608.24
7606.96
7605.67
7604.38
7603.10
7601.81
7601.81
7600.52
7599.24
7597.95
7596.66
7595.37
7595.37
7594.09
7592.80
7591.51
7590.23
7590.23
7588.94
7587.65
7586.37
7585.08
7583.79
7583.79
7582.51
7581.22
7579.93
7578.64
7577.36
7577.36
7576.07
7574.78
7573.50
7572.21
7572.21
7570.92
7569.64
7568.35
7567.06
7565.78
7565.78
7564.49
7563.20
7561.91
7560.63
7559.34
7559.34
7558.05
7556.77
7555.48
7552.91
7552.91
7551.62
7550.33
7549.05
7547.76
7547.76
7546.47
7545.18
7543.90
7542.61
7541.32
7541.32
7540.04
7538.75
7537.46
7536.18
7536.18
7534.89
7533.60
7532.32
7531.03
7529.74
7529.74
7528.46
7527.17
7525.88
7524.59
7524.59
7523.31
7522.02
7520.73
7519.45
7518.16
7518.16
7516.87
7515.59
7514.30
7513.01
7513.01
7511.73
7510.44
7509.15
7507.86
7507.86
7506.58
7505.29
7504.00
7502.72
7501.43
7501.43
7498.86
7497.57
7496.28
7495.00
7495.00
7493.71
7492.42
7491.13
7489.85
7488.56
7488.56
7487.27
7485.99
7484.70
7483.41
7483.41
7482.13
7480.84
7479.55
7478.27
7476.98
7476.98
7475.69
7474.40
7473.12
7471.83
7471.83
7470.54
7469.26
7467.97
7466.68
7466.68
7465.40
7464.11
7462.82
7461.54
7461.54
7460.25
7458.96
7457.67
7456.39
7455.10
7455.10
7453.81
7452.53
7451.24
7449.95
7449.95
7448.67
7447.38
7446.09
7443.52
7443.52
7442.23
7440.94
7439.66
7438.37
7438.37
7437.08
7435.80
7434.51
7433.22
7433.22
7431.94
7430.65
7429.36
7428.08
7428.08
7426.79
7425.50
7424.21
7422.93
7421.64
7421.64
7420.35
7419.07
7417.78
7416.49
7416.49
7415.21
7413.92
7412.63
7411.35
7411.35
7410.06
7408.77
7407.48
7406.20
7406.20
7404.91
7403.62
7402.34
7401.05
7401.05
7399.76
7398.48
7397.19
7395.90
7395.90
7394.62
7393.33
7392.04
7390.76
7390.76
7388.18
7386.89
7385.61
7384.32
7384.32
7383.03
7381.75
7380.46
7379.17
7379.17
7377.89
7376.60
7375.31
7374.03
7374.03
7372.74
7371.45
7370.16
7368.88
7368.88
7367.59
7366.30
7365.02
7363.73
7363.73
7362.44
7361.16
7359.87
7358.58
7358.58
7357.30
7356.01
7354.72
7353.43
7353.43
7352.15
7350.86
7349.57
7348.29
7348.29
7347.00
7345.71
7344.43
7343.14
7343.14
7341.85
7340.57
7339.28
7337.99
7337.99
7336.70
7334.13
7332.84
7331.56
7331.56
7330.27
7328.98
7327.70
7326.41
7326.41
7325.12
7323.84
7322.55
7321.26
7321.26
7319.97
7318.69
7317.40
7317.40
7316.11
7314.83
7313.54
7312.25
7312.25
7310.97
7309.68
7308.39
7307.11
7307.11
7305.82
7304.53
7303.24
7301.96
7301.96
7300.67
7299.38
7298.10
7296.81
7296.81
7295.52
7294.24
7292.95
7291.66
7291.66
7290.38
7289.09
7287.80
7287.80
7286.51
7285.23
7283.94
7282.65
7282.65
7281.37
7278.79
7277.51
7276.22
7276.22
7274.93
7273.65
7272.36
7271.07
7271.07
7269.79
7268.50
7267.21
7267.21
7265.92
7264.64
7263.35
7262.06
7262.06
7260.78
7259.49
7258.20
7256.92
7256.92
7255.63
7254.34
7253.06
7253.06
7251.77
7250.48
7249.19
7247.91
7247.91
7246.62
7245.33
7244.05
7242.76
7242.76
7241.47
7240.19
7238.90
7238.90
7237.61
7236.33
7235.04
7233.75
7233.75
7232.46
7231.18
7229.89
7228.60
7228.60
7227.32
7226.03
7223.46
7223.46
7222.17
7220.88
7219.60
7218.31
7218.31
7217.02
7215.73
7214.45
7213.16
7213.16
7211.87
7210.59
7209.30
7209.30
7208.01
7206.73
7205.44
7204.15
7204.15
7202.87
7201.58
7200.29
7200.29
7199.00
7197.72
7196.43
7195.14
7195.14
7193.86
7192.57
7191.28
7190.00
7190.00
7188.71
7187.42
7186.14
7186.14
7184.85
7183.56
7182.27
7180.99
7180.99
7179.70
7178.41
7177.13
7177.13
7175.84
7174.55
7173.27
7171.98
7171.98
7169.41
7168.12
7166.83
7166.83
7165.54
7164.26
7162.97
7161.68
7161.68
7160.40
7159.11
7157.82
7157.82
7156.54
7155.25
7153.96
7152.68
7152.68
7151.39
7150.10
7148.81
7148.81
7147.53
7146.24
7144.95
7143.67
7143.67
7142.38
7141.09
7139.81
7139.81
7138.52
7137.23
7135.95
7135.95
7134.66
7133.37
7132.09
7130.80
7130.80
7129.51
7128.22
7126.94
7126.94
7125.65
7124.36
7123.08
7121.79
7121.79
7120.50
7119.22
7117.93
7117.93
7116.64
7114.07
7112.78
7112.78
7111.49
7110.21
7108.92
7107.63
7107.63
7106.35
7105.06
7103.77
7103.77
7102.49
7101.20
7099.91
7098.63
7098.63
7097.34
7096.05
7094.76
7094.76
7093.48
7092.19
7090.90
7090.90
7089.62
7088.33
7087.04
7085.76
7085.76
7084.47
7083.18
7081.90
7081.90
7080.61
7079.32
7078.03
7078.03
7076.75
7075.46
7074.17
7074.17
7072.89
7071.60
7070.31
7069.03
7069.03
7067.74
7066.45
7065.17
7065.17
7063.88
7062.59
7061.30
7061.30
7058.73
7057.44
7056.16
7054.87
7054.87
7053.58
7052.30
7051.01
7051.01
7049.72
7048.44
7047.15
7047.15
7045.86
7044.57
7043.29
7043.29
7042.00
7040.71
7039.43
7038.14
7038.14
7036.85
7035.57
7034.28
7034.28
7032.99
7031.71
7030.42
7030.42
7029.13
7027.84
7026.56
7026.56
7025.27
7023.98
7022.70
7022.70
7021.41
7020.12
7018.84
7017.55
7017.55
7016.26
7014.98
7013.69
7013.69
7012.40
7011.12
7009.83
7009.83
7008.54
7007.25
7005.97
7005.97
7003.39
7002.11
7000.82
7000.82
6999.53
6998.25
6996.96
6995.67
6995.67
6994.39
6993.10
6991.81
6991.81
6990.52
6989.24
6987.95
6987.95
6986.66
6985.38
6984.09
6984.09
6982.80
6981.52
6980.23
6980.23
6978.94
6977.66
6976.37
6976.37
6975.08
6973.79
6972.51
6972.51
6971.22
6969.93
6968.65
6967.36
6967.36
6966.07
6964.79
6964.79
6963.50
6962.21
6960.93
6959.64
6959.64
6958.35
6957.06
6955.78
6955.78
6954.49
6953.20
6951.92
6951.92
6949.34
6948.06
6946.77
6946.77
6945.48
6944.20
6942.91
6942.91
6941.62
6940.33
6939.05
6939.05
6937.76
6936.47
6935.19
6935.19
6933.90
6932.61
6931.33
6931.33
6930.04
6928.75
6927.47
6927.47
6926.18
6924.89
6923.60
6923.60
6922.32
6921.03
6919.74
6919.74
6918.46
6917.17
6915.88
6915.88
6914.60
6913.31
6912.02
6912.02
6910.74
6909.45
6908.16
6908.16
6906.87
6905.59
6904.30
6904.30
6903.01
6901.73
6900.44
6900.44
6899.15
6897.87
6896.58
6896.58
6894.01
6892.72
6891.43
6891.43
6890.14
6888.86
6887.57
6887.57
6886.28
6885.00
6883.71
6883.71
6882.42
6881.14
6879.85
6879.85
6878.56
6877.28
6875.99
6875.99
6874.70
6873.42
6872.13
6872.13
6870.84
6869.55
6868.27
6868.27
6866.98
6865.69
6864.41
6864.41
6863.12
6861.83
6861.83
6860.55
6859.26
6857.97
6856.69
6856.69
6855.40
6854.11
6854.11
6852.82
6851.54
6850.25
6850.25
6848.96
6847.68
6846.39
6846.39
6845.10
6843.82
6842.53
6842.53
6841.24
6838.67
6837.38
6837.38
6836.09
6834.81
6833.52
6833.52
6832.23
6830.95
6829.66
6829.66
6828.37
6827.09
6825.80
6825.80
6824.51
6823.23
6823.23
6821.94
6820.65
6819.36
6819.36
6818.08
6816.79
6815.50
6815.50
6814.22
6812.93
6811.64
6811.64
6810.36
6809.07
6807.78
6807.78
6806.50
6805.21
6803.92
6803.92
6802.63
6801.35
6801.35
6800.06
6798.77
6797.49
6797.49
6796.20
6794.91
6793.63
6793.63
6792.34
6791.05
6789.77
6789.77
6788.48
6787.19
6784.62
6784.62
6783.33
6782.04
6782.04
6780.76
6779.47
6778.18
6778.18
6776.90
6775.61
6774.32
6774.32
6773.04
6771.75
6770.46
6770.46
6769.17
6767.89
6766.60
6766.60
6765.31
6764.03
6764.03
6762.74
6761.45
6760.17
6760.17
6758.88
6757.59
6756.31
6756.31
6755.02
6753.73
6752.45
6752.45
6751.16
6749.87
6749.87
6748.58
6747.30
6746.01
6746.01
6744.72
6743.44
6742.15
6742.15
6740.86
6739.58
6739.58
6738.29
6737.00
6735.72
6735.72
6734.43
6733.14
6731.85
6731.85
6729.28
6727.99
6727.99
6726.71
6725.42
6724.13
6724.13
6722.85
6721.56
6720.27
6720.27
6718.99
6717.70
6716.41
6716.41
6715.12
6713.84
6713.84
6712.55
6711.26
6709.98
6709.98
6708.69
6707.40
6706.12
6706.12
6704.83
6703.54
6703.54
6702.26
6700.97
6699.68
6699.68
6698.39
6697.11
6695.82
6695.82
6694.53
6693.25
6693.25
6691.96
6690.67
6689.39
6689.39
6688.10
6686.81
6685.53
6685.53
6684.24
6682.95
6682.95
6681.66
6680.38
6679.09
6679.09
6677.80
6676.52
6676.52
6673.94
6672.66
6671.37
6671.37
6670.08
6668.80
6667.51
6667.51
6666.22
6664.93
6664.93
6663.65
6662.36
6661.07
6661.07
6659.79
6658.50
6657.21
6657.21
6655.93
6654.64
6654.64
6653.35
6652.07
6650.78
6650.78
6649.49
6648.20
6646.92
6646.92
6645.63
6644.34
6644.34
6643.06
6641.77
6640.48
6640.48
6639.20
6637.91
6637.91
6636.62
6635.34
6634.05
6634.05
6632.76
6631.47
6631.47
6630.19
6628.90
6627.61
6627.61
6626.33
6625.04
6625.04
6623.75
6622.47
6619.89
6619.89
6618.61
6617.32
6617.32
6616.03
6614.75
6613.46
6613.46
6612.17
6610.88
6609.60
6609.60
6608.31
6607.02
6607.02
6605.74
6604.45
6603.16
6603.16
6601.88
6600.59
6600.59
6599.30
6598.02
6596.73
6596.73
6595.44
6594.15
6594.15
6592.87
6591.58
6590.29
6590.29
6589.01
6587.72
6587.72
6586.43
6585.15
6583.86
6583.86
6582.57
6581.29
6581.29
6580.00
6578.71
6577.42
6577.42
6576.14
6574.85
6574.85
6573.56
6572.28
6570.99
6570.99
6569.70
6568.42
6568.42
6567.13
6564.56
6563.27
6563.27
6561.98
6560.69
6560.69
6559.41
6558.12
6558.12
6556.83
6555.55
6554.26
6554.26
6552.97
6551.69
6550.40
6550.40
6549.11
6547.83
6547.83
6546.54
6545.25
6543.96
6543.96
6542.68
6541.39
6541.39
6540.10
6538.82
6538.82
6537.53
6536.24
6534.96
6534.96
6533.67
6532.38
6532.38
6531.10
6529.81
6528.52
6528.52
6527.23
6525.95
6525.95
6524.66
6523.37
6522.09
6522.09
6520.80
6519.51
6519.51
6518.23
6516.94
6516.94
6515.65
6514.37
6513.08
6513.08
6511.79
6509.22
6509.22
6507.93
6506.64
6505.36
6505.36
6504.07
6502.78
6502.78
6501.50
6500.21
6500.21
6498.92
6497.64
6496.35
6496.35
6495.06
6493.78
6493.78
6492.49
6491.20
6491.20
6489.91
6488.63
6487.34
6487.34
6486.05
6484.77
6484.77
6483.48
6482.19
6480.91
6480.91
6479.62
6478.33
6478.33
6477.05
6475.76
6475.76
6474.47
6473.18
6471.90
6471.90
6470.61
6469.32
6469.32
6468.04
6466.75
6466.75
6465.46
6464.18
6462.89
6462.89
6461.60
6460.32
6460.32
6459.03
6457.74
6455.17
6455.17
6453.88
6452.59
6452.59
6451.31
6450.02
6450.02
6448.73
6447.45
6446.16
6446.16
6444.87
6443.59
6443.59
6442.30
6441.01
6441.01
6439.72
6438.44
6438.44
6437.15
6435.86
6434.58
6434.58
6433.29
6432.00
6432.00
6430.72
6429.43
6429.43
6428.14
6426.86
6425.57
6425.57
6424.28
6422.99
6422.99
6421.71
6420.42
6420.42
6419.13
6417.85
6417.85
6416.56
6415.27
6413.99
6413.99
6412.70
6411.41
6411.41
6410.13
6408.84
6408.84
6407.55
6406.26
6404.98
6404.98
6403.69
6402.40
6402.40
6399.83
6398.54
6398.54
6397.26
6395.97
6394.68
6394.68
6393.40
6392.11
6392.11
6390.82
6389.53
6389.53
6388.25
6386.96
6386.96
6385.67
6384.39
6383.10
6383.10
6381.81
6380.53
6380.53
6379.24
6377.95
6377.95
6376.67
6375.38
6375.38
6374.09
6372.81
6371.52
6371.52
6370.23
6368.94
6368.94
6367.66
6366.37
6366.37
6365.08
6363.80
6363.80
6362.51
6361.22
6359.94
6359.94
6358.65
6357.36
6357.36
6356.08
6354.79
6354.79
6353.50
6352.21
6352.21
6350.93
6349.64
6349.64
6348.35
6347.07
6344.49
6344.49
6343.21
6341.92
6341.92
6340.63
6339.35
6339.35
6338.06
6336.77
6336.77
6335.48
6334.20
6334.20
6332.91
6331.62
6330.34
6330.34
6329.05
6327.76
6327.76
6326.48
6325.19
6325.19
6323.90
6322.62
6322.62
6321.33
6320.04
6320.04
6318.75
6317.47
6316.18
6316.18
6314.89
6313.61
6313.61
6312.32
6311.03
6311.03
6309.75
6308.46
6308.46
6307.17
6305.89
6305.89
6304.60
6303.31
6303.31
6302.02
6300.74
6299.45
6299.45
6298.16
6296.88
6296.88
6295.59
6294.30
6294.30
6293.02
6291.73
6291.73
6289.16
6287.87
6287.87
6286.58
6285.29
6285.29
6284.01
6282.72
6282.72
6281.43
6280.15
6278.86
6278.86
6277.57
6276.29
6276.29
6275.00
6273.71
6273.71
6272.43
6271.14
6271.14
6269.85
6268.56
6268.56
6267.28
6265.99
6265.99
6264.70
6263.42
6262.13
6262.13
6260.84
6260.84
6259.56
6258.27
6256.98
6256.98
6255.70
6254.41
6254.41
6253.12
6251.83
6251.83
6250.55
6249.26
6249.26
6247.97
6246.69
6246.69
6245.40
6244.11
6244.11
6242.83
6241.54
6241.54
6240.25
6238.97
6238.97
6237.68
6235.11
6233.82
6233.82
6232.53
6231.24
6231.24
6229.96
6228.67
6228.67
6227.38
6226.10
6226.10
6224.81
6223.52
6223.52
6222.24
6220.95
6220.95
6219.66
6218.38
6218.38
6217.09
6215.80
6215.80
6214.51
6213.23
6213.23
6211.94
6210.65
6210.65
6209.37
6208.08
6208.08
6206.79
6205.51
6205.51
6204.22
6202.93
6202.93
6201.65
6200.36
6200.36
6199.07
6197.78
6196.50
6196.50
6195.21
6195.21
6193.92
6192.64
6191.35
6191.35
6190.06
6188.78
6188.78
6187.49
6186.20
6186.20
6184.92
6183.63
6183.63
6182.34
6179.77
6179.77
6178.48
6177.19
6177.19
6175.91
6174.62
6174.62
6173.33
6172.05
6172.05
6170.76
6169.47
6169.47
6168.19
6166.90
6166.90
6165.61
6164.32
6164.32
6163.04
6161.75
6161.75
6160.46
6159.18
6159.18
6157.89
6156.60
6156.60
6155.32
6154.03
6154.03
6152.74
6151.46
6151.46
6150.17
6148.88
6148.88
6147.59
6146.31
6146.31
6145.02
6143.73
6143.73
6142.45
6141.16
6141.16
6139.87
6138.59
6138.59
6137.30
6136.01
6136.01
6134.73
6133.44
6133.44
6132.15
6130.86
6130.86
6129.58
6128.29
6128.29
6127.00
6124.43
6124.43
6123.14
6121.86
6121.86
6120.57
6119.28
6119.28
6118.00
6116.71
6116.71
6115.42
6114.14
6114.14
6112.85
6111.56
6111.56
6110.27
6108.99
6108.99
6107.70
6106.41
6106.41
6105.13
6103.84
6103.84
6102.55
6101.27
6101.27
6099.98
6098.69
6098.69
6097.41
6096.12
6096.12
6094.83
6093.54
6093.54
6092.26
6090.97
6090.97
6089.68
6089.68
6088.40
6087.11
6087.11
6085.82
6084.54
6084.54
6083.25
6081.96
6081.96
6080.68
6079.39
6079.39
6078.10
6076.81
6076.81
6075.53
6074.24
6074.24
6072.95
6070.38
6070.38
6069.09
6067.81
6067.81
6066.52
6065.23
6065.23
6063.95
6062.66
6062.66
6061.37
6060.08
6060.08
6058.80
6057.51
6057.51
6056.22
6054.94
6054.94
6053.65
6053.65
6052.36
6051.08
6051.08
6049.79
6048.50
6048.50
6047.22
6045.93
6045.93
6044.64
6043.35
6043.35
6042.07
6040.78
6040.78
6039.49
6038.21
6038.21
6036.92
6035.63
6035.63
6034.35
6033.06
6033.06
6031.77
6030.49
6030.49
6029.20
6027.91
6027.91
6026.62
6026.62
6025.34
6024.05
6024.05
6022.76
6021.48
6021.48
6020.19
6018.90
6018.90
6017.62
6015.04
6015.04
6013.76
6012.47
6012.47
6011.18
6009.89
6009.89
6008.61
6007.32
6007.32
6006.03
6006.03
6004.75
6003.46
6003.46
6002.17
6000.89
6000.89
5999.60
5998.31
5998.31
5997.03
5995.74
5995.74
5994.45
5993.16
5993.16
5991.88
5990.59
5990.59
5989.30
5988.02
5988.02
5986.73
5986.73
5985.44
5984.16
5984.16
5982.87
5981.58
5981.58
5980.30
5979.01
5979.01
5977.72
5976.44
5976.44
5975.15
5973.86
5973.86
5972.57
5972.57
5971.29
5970.00
5970.00
5968.71
5967.43
5967.43
5966.14
5964.85
5964.85
5963.57
5962.28
5962.28
5959.71
5958.42
5958.42
5957.13
5957.13
5955.84
5954.56
5954.56
5953.27
5951.98
5951.98
5950.70
5949.41
5949.41
5948.12
5946.84
5946.84
5945.55
5944.26
5944.26
5942.98
5942.98
5941.69
5940.40
5940.40
5939.11
5937.83
5937.83
5936.54
5935.25
5935.25
5933.97
5932.68
5932.68
5931.39
5931.39
5930.11
5928.82
5928.82
5927.53
5926.25
5926.25
5924.96
5923.67
5923.67
5922.38
5921.10
5921.10
5919.81
5919.81
5918.52
5917.24
5917.24
5915.95
5914.66
5914.66
5913.38
5912.09
5912.09
5910.80
5909.52
5909.52
5908.23
5908.23
5905.65
5904.37
5904.37
5903.08
5901.79
5901.79
5900.51
5899.22
5899.22
5897.93
5897.93
5896.65
5895.36
5895.36
5894.07
5892.79
5892.79
5891.50
5890.21
5890.21
5888.92
5887.64
5887.64
5886.35
5886.35
5885.06
5883.78
5883.78
5882.49
5881.20
5881.20
5879.92
5878.63
5878.63
5877.34
5876.06
5876.06
5874.77
5874.77
5873.48
5872.19
5872.19
5870.91
5869.62
5869.62
5868.33
5868.33
5867.05
5865.76
5865.76
5864.47
5863.19
5863.19
5861.90
5860.61
5860.61
5859.33
5859.33
5858.04
5856.75
5856.75
5855.47
5854.18
5854.18
5852.89
5850.32
5850.32
5849.03
5849.03
5847.74
5846.46
5846.46
5845.17
5843.88
5843.88
5842.60
5841.31
5841.31
5840.02
5840.02
5838.74
5837.45
5837.45
5836.16
5834.87
5834.87
5833.59
5832.30
5832.30
5831.01
5831.01
5829.73
5828.44
5828.44
5827.15
5825.87
5825.87
5824.58
5824.58
5823.29
5822.01
5822.01
5820.72
5819.43
5819.43
5818.14
5816.86
5816.86
5815.57
5815.57
5814.28
5813.00
5813.00
5811.71
5810.42
5810.42
5809.14
5809.14
5807.85
5806.56
5806.56
5805.28
5803.99
5803.99
5802.70
5802.70
5801.41
5800.13
5800.13
5798.84
5797.55
5797.55
5794.98
5793.69
5793.69
5792.41
5792.41
5791.12
5789.83
5789.83
5788.55
5787.26
5787.26
5785.97
5785.97
5784.68
5783.40
5783.40
5782.11
5780.82
5780.82
5779.54
5779.54
5778.25
5776.96
5776.96
5775.68
5774.39
5774.39
5773.10
5773.10
5771.82
5770.53
5770.53
5769.24
5767.95
5767.95
5766.67
5765.38
5765.38
5764.09
5764.09
5762.81
5761.52
5761.52
5760.23
5758.95
5758.95
5757.66
5757.66
5756.37
5755.09
5755.09
5753.80
5753.80
5752.51
5751.22
5751.22
5749.94
5748.65
5748.65
5747.36
5747.36
5746.08
5744.79
5744.79
5743.50
5740.93
5740.93
5739.64
5739.64
5738.36
5737.07
5737.07
5735.78
5734.49
5734.49
5733.21
5733.21
5731.92
5730.63
5730.63
5729.35
5728.06
5728.06
5726.77
5726.77
5725.49
5724.20
5724.20
5722.91
5721.63
5721.63
5720.34
5720.34
5719.05
5717.77
5717.77
5716.48
5716.48
5715.19
5713.90
5713.90
5712.62
5711.33
5711.33
5710.04
5710.04
5708.76
5707.47
5707.47
5706.18
5704.90
5704.90
5703.61
5703.61
5702.32
5701.04
5701.04
5699.75
5698.46
5698.46
5697.17
5697.17
5695.89
5694.60
5694.60
5693.31
5693.31
5692.03
5690.74
5690.74
5689.45
5688.17
5688.17
5685.59
5685.59
5684.31
5683.02
5683.02
5681.73
5681.73
5680.44
5679.16
5679.16
5677.87
5676.58
5676.58
5675.30
5675.30
5674.01
5672.72
5672.72
5671.44
5671.44
5670.15
5668.86
5668.86
5667.58
5666.29
5666.29
5665.00
5665.00
5663.71
5662.43
5662.43
5661.14
5661.14
5659.85
5658.57
5658.57
5657.28
5655.99
5655.99
5654.71
5654.71
5653.42
5652.13
5652.13
5650.85
5650.85
5649.56
5648.27
5648.27
5646.98
5646.98
5645.70
5644.41
5644.41
5643.12
5641.84
5641.84
5640.55
5640.55
5639.26
5637.98
5637.98
5636.69
5636.69
5635.40
5634.12
5634.12
5632.83
5632.83
5630.25
5628.97
5628.97
5627.68
5626.39
5626.39
5625.11
5625.11
5623.82
5622.53
5622.53
5621.25
5621.25
5619.96
5618.67
5618.67
5617.39
5616.10
5616.10
5614.81
5614.81
5613.52
5612.24
5612.24
5610.95
5610.95
5609.66
5608.38
5608.38
5607.09
5607.09
5605.80
5604.52
5604.52
5603.23
5603.23
5601.94
5600.66
5600.66
5599.37
5599.37
5598.08
5596.80
5596.80
5595.51
5595.51
5594.22
5592.93
5592.93
5591.65
5590.36
5590.36
5589.07
5589.07
5587.79
5586.50
5586.50
5585.21
5585.21
5583.93
5582.64
5582.64
5581.35
5581.35
5580.07
5578.78
5578.78
5577.49
5577.49
5574.92
5573.63
5573.63
5572.34
5572.34
5571.06
5569.77
5569.77
5568.48
5567.20
5567.20
5565.91
5565.91
5564.62
5563.34
5563.34
5562.05
5562.05
5560.76
5559.47
5559.47
5558.19
5558.19
5556.90
5555.61
5555.61
5554.33
5554.33
5553.04
5551.75
5551.75
5550.47
5550.47
5549.18
5547.89
5547.89
5546.61
5546.61
5545.32
5544.03
5544.03
5542.74
5542.74
5541.46
5540.17
5540.17
5538.88
5538.88
5537.60
5536.31
5536.31
5535.02
5535.02
5533.74
5532.45
5532.45
5531.16
5531.16
5529.88
5528.59
5528.59
5527.30
5527.30
5526.01
5524.73
5524.73
5523.44
5523.44
5520.87
5519.58
5519.58
5518.29
5518.29
5517.01
5515.72
5515.72
5514.43
5514.43
5513.15
5511.86
5511.86
5510.57
5510.57
5509.28
5508.00
5508.00
5506.71
5506.71
5505.42
5504.14
5504.14
5502.85
5502.85
5501.56
5500.28
5500.28
5498.99
5498.99
5497.70
5496.42
5496.42
5495.13
5495.13
5493.84
5492.55
5492.55
5491.27
5491.27
5489.98
5489.98
5488.69
5487.41
5487.41
5486.12
5484.83
5484.83
5483.55
5483.55
5482.26
5482.26
5480.97
5479.69
5479.69
5478.40
5478.40
5477.11
5475.82
5475.82
5474.54
5474.54
5473.25
5471.96
5471.96
5470.68
5470.68
5469.39
5468.10
5468.10
5465.53
5465.53
5464.24
5462.96
5462.96
5461.67
5461.67
5460.38
5460.38
5459.10
5457.81
5457.81
5456.52
5456.52
5455.23
5453.95
5453.95
5452.66
5452.66
5451.37
5450.09
5450.09
5448.80
5448.80
5447.51
5446.23
5446.23
5444.94
5444.94
5443.65
5442.37
5442.37
5441.08
5441.08
5439.79
5439.79
5438.50
5437.22
5437.22
5435.93
5435.93
5434.64
5433.36
5433.36
5432.07
5432.07
5430.78
5429.50
5429.50
5428.21
5428.21
5426.92
5426.92
5425.64
5424.35
5424.35
5423.06
5423.06
5421.77
5420.49
5420.49
5419.20
5419.20
5417.91
5416.63
5416.63
5415.34
5415.34
5414.05
5414.05
5412.77
5410.19
5410.19
5408.91
5408.91
5407.62
5406.33
5406.33
5405.04
5405.04
5403.76
5402.47
5402.47
5401.18
5401.18
5399.90
5399.90
5398.61
5397.32
5397.32
5396.04
5396.04
5394.75
5393.46
5393.46
5392.18
5392.18
5390.89
5390.89
5389.60
5388.31
5388.31
5387.03
5387.03
5385.74
5384.45
5384.45
5383.17
5383.17
5381.88
5380.59
5380.59
5379.31
5379.31
5378.02
5378.02
5376.73
5375.45
5375.45
5374.16
5374.16
5372.87
5372.87
5371.58
5370.30
5370.30
5369.01
5369.01
5367.72
5366.44
5366.44
5365.15
5365.15
5363.86
5363.86
5362.58
5361.29
5361.29
5360.00
5360.00
5358.72
5356.14
5356.14
5354.85
5354.85
5353.57
5353.57
5352.28
5350.99
5350.99
5349.71
5349.71
5348.42
5348.42
5347.13
5345.85
5345.85
5344.56
5344.56
5343.27
5341.99
5341.99
5340.70
5340.70
5339.41
5339.41
5338.13
5336.84
5336.84
5335.55
5335.55
5334.26
5332.98
5332.98
5331.69
5331.69
5330.40
5330.40
5329.12
5327.83
5327.83
5326.54
5326.54
5325.26
5325.26
5323.97
5322.68
5322.68
5321.40
5321.40
5320.11
5320.11
5318.82
5317.53
5317.53
5316.25
5316.25
5314.96
5313.67
5313.67
5312.39
5312.39
5311.10
5311.10
5309.81
5308.53
5308.53
5307.24
5307.24
5305.95
5305.95
5304.67
5303.38
5303.38
5300.80
5300.80
5299.52
5298.23
5298.23
5296.94
5296.94
5295.66
5295.66
5294.37
5293.08
5293.08
5291.80
5291.80
5290.51
5290.51
5289.22
5287.94
5287.94
5286.65
5286.65
5285.36
5285.36
5284.07
5282.79
5282.79
5281.50
5281.50
5280.21
5280.21
5278.93
5277.64
5277.64
5276.35
5276.35
5275.07
5275.07
5273.78
5272.49
5272.49
5271.21
5271.21
5269.92
5269.92
5268.63
5267.34
5267.34
5266.06
5266.06
5264.77
5264.77
5263.48
5262.20
5262.20
5260.91
5260.91
5259.62
5259.62
5258.34
5257.05
5257.05
5255.76
5255.76
5254.48
5254.48
5253.19
5251.90
5251.90
5250.61
5250.61
5249.33
5249.33
5248.04
5245.47
5245.47
5244.18
5244.18
5242.89
5242.89
5241.61
5240.32
5240.32
5239.03
5239.03
5237.75
5237.75
5236.46
5236.46
5235.17
5233.88
5233.88
5232.60
5232.60
5231.31
5231.31
5230.02
5228.74
5228.74
5227.45
5227.45
5226.16
5226.16
5224.88
5223.59
5223.59
5222.30
5222.30
5221.02
5221.02
5219.73
5218.44
5218.44
5217.15
5217.15
5215.87
5215.87
5214.58
5213.29
5213.29
5212.01
5212.01
5210.72
5210.72
5209.43
5209.43
5208.15
5206.86
5206.86
5205.57
5205.57
5204.29
5204.29
5203.00
5201.71
5201.71
5200.43
5200.43
5199.14
5199.14
5197.85
5196.56
5196.56
5195.28
5195.28
5193.99
5193.99
5191.42
5191.42
5190.13
5188.84
5188.84
5187.56
5187.56
5186.27
5186.27
5184.98
5183.70
5183.70
5182.41
5182.41
5181.12
5181.12
5179.83
5179.83
5178.55
5177.26
5177.26
5175.97
5175.97
5174.69
5174.69
5173.40
5172.11
5172.11
5170.83
5170.83
5169.54
5169.54
5168.25
5168.25
5166.97
5165.68
5165.68
5164.39
5164.39
5163.10
5163.10
5161.82
5161.82
5160.53
5159.24
5159.24
5157.96
5157.96
5156.67
5156.67
5155.38
5154.10
5154.10
5152.81
5152.81
5151.52
5151.52
5150.24
5150.24
5148.95
5147.66
5147.66
5146.37
5146.37
5145.09
5145.09
5143.80
5143.80
5142.51
5141.23
5141.23
5139.94
5139.94
5138.65
5138.65
5136.08
5134.79
5134.79
5133.51
5133.51
5132.22
5132.22
5130.93
5130.93
5129.64
5128.36
5128.36
5127.07
5127.07
5125.78
5125.78
5124.50
5124.50
5123.21
5121.92
5121.92
5120.64
5120.64
5119.35
5119.35
5118.06
5118.06
5116.78
5115.49
5115.49
5114.20
5114.20
5112.91
5112.91
5111.63
5111.63
5110.34
5110.34
5109.05
5107.77
5107.77
5106.48
5106.48
5105.19
5105.19
5103.91
5103.91
5102.62
5101.33
5101.33
5100.05
5100.05
5098.76
5098.76
5097.47
5097.47
5096.18
5094.90
5094.90
5093.61
5093.61
5092.32
5092.32
5091.04
5091.04
5089.75
5088.46
5088.46
5087.18
5087.18
5085.89
5085.89
5084.60
5084.60
5083.32
5083.32
5080.74
5079.46
5079.46
5078.17
5078.17
5076.88
5076.88
5075.59
5075.59
5074.31
5073.02
5073.02
5071.73
5071.73
5070.45
5070.45
5069.16
5069.16
5067.87
5067.87
5066.59
5065.30
5065.30
5064.01
5064.01
5062.73
5062.73
5061.44
5061.44
5060.15
5058.86
5058.86
5057.58
5057.58
5056.29
5056.29
5055.00
5055.00
5053.72
5053.72
5052.43
5051.14
5051.14
5049.86
5049.86
5048.57
5048.57
5047.28
5047.28
5046.00
5044.71
5044.71
5043.42
5043.42
5042.13
5042.13
5040.85
5040.85
5039.56
5039.56
5038.27
5036.99
5036.99
5035.70
5035.70
5034.41
5034.41
5033.13
5033.13
5031.84
5031.84
5030.55
5029.27
5029.27
5027.98
5027.98
5025.40
5025.40
5024.12
5024.12
5022.83
5022.83
5021.54
5020.26
5020.26
5018.97
5018.97
5017.68
5017.68
5016.40
5016.40
5015.11
5015.11
5013.82
5012.54
5012.54
5011.25
5011.25
5009.96
5009.96
5008.67
5008.67
5007.39
5007.39
5006.10
5004.81
5004.81
5003.53
5003.53
5002.24
5002.24
5000.95
5000.95
4999.67
4999.67
4998.38
4998.38
4997.09
4995.81
4995.81
4994.52
4994.52
4993.23
4993.23
4991.94
4991.94
4990.66
4990.66
4989.37
4988.08
4988.08
4986.80
4986.80
4985.51
4985.51
4984.22
4984.22
4982.94
4982.94
4981.65
4980.36
4980.36
4979.08
4979.08
4977.79
4977.79
4976.50
4976.50
4975.21
4975.21
4973.93
4973.93
4971.35
4971.35
4970.07
4968.78
4968.78
4967.49
4967.49
4966.21
4966.21
4964.92
4964.92
4963.63
4963.63
4962.35
4962.35
4961.06
4959.77
4959.77
4958.48
4958.48
4957.20
4957.20
4955.91
4955.91
4954.62
4954.62
4953.34
4952.05
4952.05
4950.76
4950.76
4949.48
4949.48
4948.19
4948.19
4946.90
4946.90
4945.62
4945.62
4944.33
4943.04
4943.04
4941.76
4941.76
4940.47
4940.47
4939.18
4939.18
4937.89
4937.89
4936.61
4936.61
4935.32
4935.32
4934.03
4932.75
4932.75
4931.46
4931.46
4930.17
4930.17
4928.89
4928.89
4927.60
4927.60
4926.31
4926.31
4925.03
4925.03
4923.74
4922.45
4922.45
4921.16
4921.16
4919.88
4919.88
4918.59
4918.59
4916.02
4916.02
4914.73
4914.73
4913.44
4912.16
4912.16
4910.87
4910.87
4909.58
4909.58
4908.30
4908.30
4907.01
4907.01
4905.72
4905.72
4904.43
4904.43
4903.15
4903.15
4901.86
4900.57
4900.57
4899.29
4899.29
4898.00
4898.00
4896.71
4896.71
4895.43
4895.43
4894.14
4894.14
4892.85
4892.85
4891.57
4890.28
4890.28
4888.99
4888.99
4887.70
4887.70
4886.42
4886.42
4885.13
4885.13
4883.84
4883.84
4882.56
4882.56
4881.27
4881.27
4879.98
4878.70
4878.70
4877.41
4877.41
4876.12
4876.12
4874.84
4874.84
4873.55
4873.55
4872.26
4872.26
4870.97
4870.97
4869.69
4869.69
4868.40
4868.40
4867.11
4865.83
4865.83
4864.54
4864.54
4863.25
4863.25
4860.68
4860.68
4859.39
4859.39
4858.11
4858.11
4856.82
4856.82
4855.53
4855.53
4854.24
4852.96
4852.96
4851.67
4851.67
4850.38
4850.38
4849.10
4849.10
4847.81
4847.81
4846.52
4846.52
4845.24
4845.24
4843.95
4843.95
4842.66
4842.66
4841.38
4840.09
4840.09
4838.80
4838.80
4837.51
4837.51
4836.23
4836.23
4834.94
4834.94
4833.65
4833.65
4832.37
4832.37
4831.08
4831.08
4829.79
4829.79
4828.51
4828.51
4827.22
4825.93
4825.93
4824.65
4824.65
4823.36
4823.36
4822.07
4822.07
4820.79
4820.79
4819.50
4819.50
4818.21
4818.21
4816.92
4816.92
4815.64
4815.64
4814.35
4814.35
4813.06
4811.78
4811.78
4810.49
4810.49
4809.20
4809.20
4806.63
4806.63
4805.34
4805.34
4804.06
4804.06
4802.77
4802.77
4801.48
4801.48
4800.19
4800.19
4798.91
4798.91
4797.62
4797.62
4796.33
4795.05
4795.05
4793.76
4793.76
4792.47
4792.47
4791.19
4791.19
4789.90
4789.90
4788.61
4788.61
4787.33
4787.33
4786.04
4786.04
4784.75
4784.75
4783.46
4783.46
4782.18
4782.18
4780.89
4780.89
4779.60
4779.60
4778.32
4777.03
4777.03
4775.74
4775.74
4774.46
4774.46
4773.17
4773.17
4771.88
4771.88
4770.60
4770.60
4769.31
4769.31
4768.02
4768.02
4766.73
4766.73
4765.45
4765.45
4764.16
4764.16
4762.87
4762.87
4761.59
4761.59
4760.30
4759.01
4759.01
4757.73
4757.73
4756.44
4756.44
4755.15
4755.15
4753.87
4753.87
4751.29
4751.29
4750.00
4750.00
4748.72
4748.72
4747.43
4747.43
4746.14
4746.14
4744.86
4744.86
4743.57
4743.57
4742.28
4742.28
4741.00
4741.00
4739.71
4739.71
4738.42
4738.42
4737.14
4735.85
4735.85
4734.56
4734.56
4733.27
4733.27
4731.99
4731.99
4730.70
4730.70
4729.41
4729.41
4728.13
4728.13
4726.84
4726.84
4725.55
4725.55
4724.27
4724.27
4722.98
4722.98
4721.69
4721.69
4720.41
4720.41
4719.12
4719.12
4717.83
4717.83
4716.54
4716.54
4715.26
4715.26
4713.97
4713.97
4712.68
4712.68
4711.40
4711.40
4710.11
4708.82
4708.82
4707.54
4707.54
4706.25
4706.25
4704.96
4704.96
4703.68
4703.68
4702.39
4702.39
4701.10
4701.10
4699.81
4699.81
4698.53
4698.53
4695.95
4695.95
4694.67
4694.67
4693.38
4693.38
4692.09
4692.09
4690.81
4690.81
4689.52
4689.52
4688.23
4688.23
4686.95
4686.95
4685.66
4685.66
4684.37
4684.37
4683.09
4683.09
4681.80
4681.80
4680.51
4680.51
4679.22
4679.22
4677.94
4677.94
4676.65
4675.36
4675.36
4675.36
4674.08
4674.08
4672.79
4671.50
4671.50
4670.22
4670.22
4668.93
4668.93
4667.64
4667.64
4666.36
4666.36
4665.07
4665.07
4663.78
4663.78
4662.49
4662.49
4661.21
4661.21
4659.92
4659.92
4658.63
4658.63
4657.35
4657.35
4656.06
4656.06
4654.77
4654.77
4653.49
4653.49
4652.20
4652.20
4650.91
4650.91
4649.63
4649.63
4648.34
4648.34
4647.05
4647.05
4645.76
4645.76
4644.48
4644.48
4641.90
4641.90
4640.62
4640.62
4639.33
4639.33
4638.04
4638.04
4636.76
4636.76
4635.47
4635.47
4634.18
4634.18
4632.90
4632.90
4631.61
4631.61
4630.32
4630.32
4629.03
4629.03
4627.75
4627.75
4626.46
4626.46
4625.17
4625.17
4623.89
4623.89
4622.60
4622.60
4621.31
4621.31
4620.03
4620.03
4618.74
4618.74
4617.45
4617.45
4616.17
4616.17
4614.88
4614.88
4613.59
4613.59
4612.30
4612.30
4611.02
4611.02
4609.73
4609.73
4608.44
4608.44
4607.16
4607.16
4605.87
4605.87
4604.58
4604.58
4603.30
4603.30
4602.01
4602.01
4600.72
4600.72
4599.44
4599.44
4598.15
4598.15
4596.86
4596.86
4595.57
4595.57
4594.29
4594.29
4593.00
4593.00
4591.71
4591.71
4590.43
4590.43
4589.14
4589.14
4586.57
4586.57
4585.28
4585.28
4583.99
4583.99
4582.71
4582.71
4581.42
4581.42
4580.13
4580.13
4578.84
4578.84
4577.56
4577.56
4576.27
4576.27
4574.98
4574.98
4573.70
4573.70
4572.41
4572.41
4571.12
4571.12
4569.84
4569.84
4568.55
4568.55
4567.26
4567.26
4565.98
4565.98
4564.69
4564.69
4563.40
4563.40
4562.12
4562.12
4560.83
4560.83
4559.54
4559.54
4558.25
4558.25
4556.97
4556.97
4555.68
4555.68
4554.39
4554.39
4553.11
4553.11
4551.82
4551.82
4550.53
4550.53
4549.25
4549.25
4547.96
4547.96
4546.67
4546.67
4545.39
4545.39
4544.10
4544.10
4542.81
4542.81
4542.81
4541.52
4541.52
4540.24
4540.24
4538.95
4538.95
4537.66
4537.66
4536.38
4536.38
4535.09
4535.09
4533.80
4533.80
4531.23
4531.23
4529.94
4529.94
4528.66
4528.66
4527.37
4527.37
4526.08
4526.08
4524.79
4524.79
4523.51
4523.51
4522.22
4522.22
4520.93
4520.93
4519.65
4519.65
4518.36
4518.36
4517.07
4517.07
4515.79
4515.79
4514.50
4514.50
4513.21
4513.21
4511.93
4511.93
4510.64
4510.64
4509.35
4509.35
4508.06
4508.06
4506.78
4506.78
4505.49
4505.49
4505.49
4504.20
4504.20
4502.92
4502.92
4501.63
4501.63
4500.34
4500.34
4499.06
4499.06
4497.77
4497.77
4496.48
4496.48
4495.20
4495.20
4493.91
4493.91
4492.62
4492.62
4491.33
4491.33
4490.05
4490.05
4488.76
4488.76
4487.47
4487.47
4486.19
4486.19
4484.90
4484.90
4483.61
4483.61
4482.33
4482.33
4482.33
4481.04
4481.04
4479.75
4479.75
4477.18
4477.18
4475.89
4475.89
4474.60
4474.60
4473.32
4473.32
4472.03
4472.03
4470.74
4470.74
4469.46
4469.46
4468.17
4468.17
4466.88
4466.88
4465.60
4465.60
4464.31
4464.31
4463.02
4463.02
4461.74
4461.74
4460.45
4460.45
4460.45
4459.16
4459.16
4457.87
4457.87
4456.59
4456.59
4455.30
4455.30
4454.01
4454.01
4452.73
4452.73
4451.44
4451.44
4450.15
4450.15
4448.87
4448.87
4447.58
4447.58
4446.29
4446.29
4445.01
4445.01
4443.72
4443.72
4442.43
4442.43
4441.15
4441.15
4439.86
4439.86
4439.86
4438.57
4438.57
4437.28
4437.28
4436.00
4436.00
4434.71
4434.71
4433.42
4433.42
4432.14
4432.14
4430.85
4430.85
4429.56
4429.56
4428.28
4428.28
4426.99
4426.99
4425.70
4425.70
4424.42
4424.42
4424.42
4421.84
4421.84
4420.55
4420.55
4419.27
4419.27
4417.98
4417.98
4416.69
4416.69
4415.41
4415.41
4414.12
4414.12
4412.83
4412.83
4411.55
4411.55
4410.26
4410.26
4408.97
4408.97
4408.97
4407.69
4407.69
4406.40
4406.40
4405.11
4405.11
4403.82
4403.82
4402.54
4402.54
4401.25
4401.25
4399.96
4399.96
4398.68
4398.68
4397.39
4397.39
4396.10
4396.10
4394.82
4394.82
4393.53
4393.53
4393.53
4392.24
4392.24
4390.96
4390.96
4389.67
4389.67
4388.38
4388.38
4387.09
4387.09
4385.81
4385.81
4384.52
4384.52
4383.23
4383.23
4381.95
4381.95
4381.95
4380.66
4380.66
4379.37
4379.37
4378.09
4378.09
4376.80
4376.80
4375.51
4375.51
4374.23
4374.23
4372.94
4372.94
4371.65
4371.65
4370.36
4370.36
4370.36
4369.08
4369.08
4366.50
4366.50
4365.22
4365.22
4363.93
4363.93
4362.64
4362.64
4361.36
4361.36
4360.07
4360.07
4358.78
4358.78
4357.50
4357.50
4356.21
4356.21
4356.21
4354.92
4354.92
4353.63
4353.63
4352.35
4352.35
4351.06
4351.06
4349.77
4349.77
4348.49
4348.49
4347.20
4347.20
4345.91
4345.91
4345.91
4344.63
4344.63
4343.34
4343.34
4342.05
4342.05
4340.77
4340.77
4339.48
4339.48
4338.19
4338.19
4336.90
4336.90
4335.62
4335.62
4334.33
4334.33
4334.33
4333.04
4333.04
4331.76
4331.76
4330.47
4330.47
4329.18
4329.18
4327.90
4327.90
4326.61
4326.61
4325.32
4325.32
4325.32
4324.04
4324.04
4322.75
4322.75
4321.46
4321.46
4320.17
4320.17
4318.89
4318.89
4317.60
4317.60
4316.31
4316.31
4315.03
4315.03
4315.03
4313.74
4313.74
4311.17
4311.17
4309.88
4309.88
4308.59
4308.59
4307.31
4307.31
4306.02
4306.02
4304.73
4304.73
4304.73
4303.45
4303.45
4302.16
4302.16
4300.87
4300.87
4299.58
4299.58
4298.30
4298.30
4297.01
4297.01
4297.01
4295.72
4295.72
4294.44
4294.44
4293.15
4293.15
4291.86
4291.86
4290.58
4290.58
4289.29
4289.29
4288.00
4288.00
4288.00
4286.72
4286.72
4285.43
4285.43
4284.14
4284.14
4282.85
4282.85
4281.57
4281.57
4280.28
4280.28
4278.99
4278.99
4278.99
4277.71
4277.71
4276.42
4276.42
4275.13
4275.13
4273.85
4273.85
4272.56
4272.56
4271.27
4271.27
4269.99
4269.99
4269.99
4268.70
4268.70
4267.41
4267.41
4266.12
4266.12
4264.84
4264.84
4263.55
4263.55
4262.26
4262.26
4262.26
4260.98
4260.98
4259.69
4259.69
4257.12
4257.12
4255.83
4255.83
4254.54
4254.54
4253.26
4253.26
4253.26
4251.97
4251.97
4250.68
4250.68
4249.39
4249.39
4248.11
4248.11
4246.82
4246.82
4245.53
4245.53
4245.53
4244.25
4244.25
4242.96
4242.96
4241.67
4241.67
4240.39
4240.39
4239.10
4239.10
4237.81
4237.81
4237.81
4236.53
4236.53
4235.24
4235.24
4233.95
4233.95
4232.66
4232.66
4231.38
4231.38
4231.38
4230.09
4230.09
4228.80
4228.80
4227.52
4227.52
4226.23
4226.23
4224.94
4224.94
4223.66
4223.66
4223.66
4222.37
4222.37
4221.08
4221.08
4219.80
4219.80
4218.51
4218.51
4217.22
4217.22
4215.93
4215.93
4215.93
4214.65
4214.65
4213.36
4213.36
4212.07
4212.07
4210.79
4210.79
4209.50
4209.50
4209.50
4208.21
4208.21
4206.93
4206.93
4205.64
4205.64
4204.35
4204.35
4201.78
4201.78
4201.78
4200.49
4200.49
4199.20
4199.20
4197.92
4197.92
4196.63
4196.63
4195.34
4195.34
4195.34
4194.06
4194.06
4192.77
4192.77
4191.48
4191.48
4190.20
4190.20
4188.91
4188.91
4188.91
4187.62
4187.62
4186.34
4186.34
4185.05
4185.05
4183.76
4183.76
4182.48
4182.48
4182.48
4181.19
4181.19
4179.90
4179.90
4178.61
4178.61
4177.33
4177.33
4176.04
4176.04
4176.04
4174.75
4174.75
4173.47
4173.47
4172.18
4172.18
4170.89
4170.89
4170.89
4169.61
4169.61
4168.32
4168.32
4167.03
4167.03
4165.75
4165.75
4164.46
4164.46
4164.46
4163.17
4163.17
4161.88
4161.88
4160.60
4160.60
4159.31
4159.31
4158.02
4158.02
4158.02
4156.74
4156.74
4155.45
4155.45
4154.16
4154.16
4152.88
4152.88
4151.59
4151.59
4151.59
4150.30
4150.30
4149.02
4149.02
4146.44
4146.44
4145.15
4145.15
4145.15
4143.87
4143.87
4142.58
4142.58
4141.29
4141.29
4140.01
4140.01
4140.01
4138.72
4138.72
4137.43
4137.43
4136.15
4136.15
4134.86
4134.86
4133.57
4133.57
4133.57
4132.29
4132.29
4131.00
4131.00
4129.71
4129.71
4128.42
4128.42
4127.14
4127.14
4127.14
4125.85
4125.85
4124.56
4124.56
4123.28
4123.28
4121.99
4121.99
4121.99
4120.70
4120.70
4119.42
4119.42
4118.13
4118.13
4116.84
4116.84
4116.84
4115.56
4115.56
4114.27
4114.27
4112.98
4112.98
4111.69
4111.69
4111.69
4110.41
4110.41
4109.12
4109.12
4107.83
4107.83
4106.55
4106.55
4106.55
4105.26
4105.26
4103.97
4103.97
4102.69
4102.69
4101.40
4101.40
4101.40
4100.11
4100.11
4098.83
4098.83
4097.54
4097.54
4096.25
4096.25
4096.25
4094.96
4094.96
4092.39
4092.39
4091.10
4091.10
4089.82
4089.82
4089.82
4088.53
4088.53
4087.24
4087.24
4085.96
4085.96
4084.67
4084.67
4084.67
4083.38
4083.38
4082.10
4082.10
4080.81
4080.81
4079.52
4079.52
4079.52
4078.23
4078.23
4076.95
4076.95
4075.66
4075.66
4074.37
4074.37
4074.37
4073.09
4073.09
4071.80
4071.80
4070.51
4070.51
4069.23
4069.23
4069.23
4067.94
4067.94
4066.65
4066.65
4065.37
4065.37
4065.37
4064.08
4064.08
4062.79
4062.79
4061.50
4061.50
4060.22
4060.22
4060.22
4058.93
4058.93
4057.64
4057.64
4056.36
4056.36
4055.07
4055.07
4055.07
4053.78
4053.78
4052.50
4052.50
4051.21
4051.21
4051.21
4049.92
4049.92
4048.64
4048.64
4047.35
4047.35
4046.06
4046.06
4046.06
4044.78
4044.78
4043.49
4043.49
4042.20
4042.20
4040.91
4040.91
4040.91
4039.63
4039.63
4037.05
4037.05
4035.77
4035.77
4035.77
4034.48
4034.48
4033.19
4033.19
4031.91
4031.91
4030.62
4030.62
4030.62
4029.33
4029.33
4028.05
4028.05
4026.76
4026.76
4026.76
4025.47
4025.47
4024.18
4024.18
4022.90
4022.90
4022.90
4021.61
4021.61
4020.32
4020.32
4019.04
4019.04
4017.75
4017.75
4017.75
4016.46
4016.46
4015.18
4015.18
4013.89
4013.89
4013.89
4012.60
4012.60
4011.32
4011.32
4010.03
4010.03
4008.74
4008.74
4008.74
4007.45
4007.45
4006.17
4006.17
4004.88
4004.88
4004.88
4003.59
4003.59
4002.31
4002.31
4001.02
4001.02
4001.02
3999.73
3999.73
3998.45
3998.45
3997.16
3997.16
3995.87
3995.87
3995.87
3994.59
3994.59
3993.30
3993.30
3992.01
3992.01
3992.01
3990.72
3990.72
3989.44
3989.44
3988.15
3988.15
3988.15
3986.86
3986.86
3985.58
3985.58
3984.29
3984.29
3984.29
3981.72
3981.72
3980.43
3980.43
3979.14
3979.14
3979.14
3977.86
3977.86
3976.57
3976.57
3975.28
3975.28
3973.99
3973.99
3973.99
3972.71
3972.71
3971.42
3971.42
3970.13
3970.13
3970.13
3968.85
3968.85
3967.56
3967.56
3966.27
3966.27
3966.27
3964.99
3964.99
3963.70
3963.70
3962.41
3962.41
3962.41
3961.13
3961.13
3959.84
3959.84
3958.55
3958.55
3958.55
3957.26
3957.26
3955.98
3955.98
3954.69
3954.69
3954.69
3953.40
3953.40
3952.12
3952.12
3950.83
3950.83
3950.83
3949.54
3949.54
3948.26
3948.26
3946.97
3946.97
3946.97
3945.68
3945.68
3944.40
3944.40
3943.11
3943.11
3943.11
3941.82
3941.82
3940.53
3940.53
3939.25
3939.25
3939.25
3937.96
3937.96
3936.67
3936.67
3935.39
3935.39
3935.39
3934.10
3934.10
3932.81
3932.81
3931.53
3931.53
3931.53
3930.24
3930.24
3927.67
3927.67
3926.38
3926.38
3926.38
3925.09
3925.09
3923.81
3923.81
3922.52
3922.52
3922.52
3921.23
3921.23
3919.94
3919.94
3919.94
3918.66
3918.66
3917.37
3917.37
3916.08
3916.08
3916.08
3914.80
3914.80
3913.51
3913.51
3912.22
3912.22
3912.22
3910.94
3910.94
3909.65
3909.65
3908.36
3908.36
3908.36
3907.08
3907.08
3905.79
3905.79
3904.50
3904.50
3904.50
3903.21
3903.21
3901.93
3901.93
3900.64
3900.64
3900.64
3899.35
3899.35
3898.07
3898.07
3898.07
3896.78
3896.78
3895.49
3895.49
3894.21
3894.21
3894.21
3892.92
3892.92
3891.63
3891.63
3890.35
3890.35
3890.35
3889.06
3889.06
3887.77
3887.77
3886.48
3886.48
3886.48
3885.20
3885.20
3883.91
3883.91
3883.91
3882.62
3882.62
3881.34
3881.34
3880.05
3880.05
3880.05
3878.76
3878.76
3877.48
3877.48
3876.19
3876.19
3876.19
3874.90
3874.90
3872.33
3872.33
3872.33
3871.04
3871.04
3869.75
3869.75
3868.47
3868.47
3868.47
3867.18
3867.18
3865.89
3865.89
3865.89
3864.61
3864.61
3863.32
3863.32
3862.03
3862.03
3862.03
3860.75
3860.75
3859.46
3859.46
3859.46
3858.17
3858.17
3856.89
3856.89
3855.60
3855.60
3855.60
3854.31
3854.31
3853.02
3853.02
3851.74
3851.74
3851.74
3850.45
3850.45
3849.16
3849.16
3849.16
3847.88
3847.88
3846.59
3846.59
3845.30
3845.30
3845.30
3844.02
3844.02
3842.73
3842.73
3842.73
3841.44
3841.44
3840.16
3840.16
3838.87
3838.87
3838.87
3837.58
3837.58
3836.29
3836.29
3836.29
3835.01
3835.01
3833.72
3833.72
3832.43
3832.43
3832.43
3831.15
3831.15
3829.86
3829.86
3829.86
3828.57
3828.57
3827.29
3827.29
3826.00
3826.00
3826.00
3824.71
3824.71
3823.43
3823.43
3823.43
3822.14
3822.14
3820.85
3820.85
3819.56
3819.56
3819.56
3816.99
3816.99
3815.70
3815.70
3815.70
3814.42
3814.42
3813.13
3813.13
3813.13
3811.84
3811.84
3810.56
3810.56
3809.27
3809.27
3809.27
3807.98
3807.98
3806.70
3806.70
3806.70
3805.41
3805.41
3804.12
3804.12
3802.83
3802.83
3802.83
3801.55
3801.55
3800.26
3800.26
3800.26
3798.97
3798.97
3797.69
3797.69
3797.69
3796.40
3796.40
3795.11
3795.11
3793.83
3793.83
3793.83
3792.54
3792.54
3791.25
3791.25
3791.25
3789.97
3789.97
3788.68
3788.68
3788.68
3787.39
3787.39
3786.11
3786.11
3786.11
3784.82
3784.82
3783.53
3783.53
3782.24
3782.24
3782.24
3780.96
3780.96
3779.67
3779.67
3779.67
3778.38
3778.38
3777.10
3777.10
3777.10
3775.81
3775.81
3774.52
3774.52
3773.24
3773.24
3773.24
3771.95
3771.95
3770.66
3770.66
3770.66
3769.38
3769.38
3768.09
3768.09
3768.09
3766.80
3766.80
3765.51
3765.51
3762.94
3762.94
3762.94
3761.65
3761.65
3760.37
3760.37
3760.37
3759.08
3759.08
3757.79
3757.79
3757.79
3756.51
3756.51
3755.22
3755.22
3755.22
3753.93
3753.93
3752.65
3752.65
3752.65
3751.36
3751.36
3750.07
3750.07
3748.78
3748.78
3748.78
3747.50
3747.50
3746.21
3746.21
3746.21
3744.92
3744.92
3743.64
3743.64
3743.64
3742.35
3742.35
3741.06
3741.06
3741.06
3739.78
3739.78
3738.49
3738.49
3738.49
3737.20
3737.20
3735.92
3735.92
3735.92
3734.63
3734.63
3733.34
3733.34
3733.34
3732.05
3732.05
3730.77
3730.77
3729.48
3729.48
3729.48
3728.19
3728.19
3726.91
3726.91
3726.91
3725.62
3725.62
3724.33
3724.33
3724.33
3723.05
3723.05
3721.76
3721.76
3721.76
3720.47
3720.47
3719.19
3719.19
3719.19
3717.90
3717.90
3716.61
3716.61
3716.61
3715.32
3715.32
3714.04
3714.04
3714.04
3712.75
3712.75
3711.46
3711.46
3711.46
3710.18
3710.18
3707.60
3707.60
3707.60
3706.32
3706.32
3705.03
3705.03
3703.74
3703.74
3703.74
3702.46
3702.46
3702.46
3701.17
3701.17
3699.88
3699.88
3698.59
3698.59
3698.59
3697.31
3697.31
3697.31
3696.02
3696.02
3694.73
3694.73
3694.73
3693.45
3693.45
3692.16
3692.16
3690.87
3690.87
3690.87
3689.59
3689.59
3689.59
3688.30
3688.30
3687.01
3687.01
3685.73
3685.73
3685.73
3684.44
3684.44
3683.15
3683.15
3683.15
3681.86
3681.86
3681.86
3680.58
3680.58
3679.29
3679.29
3678.00
3678.00
3678.00
3676.72
3676.72
3675.43
3675.43
3675.43
3674.14
3674.14
3674.14
3672.86
3672.86
3671.57
3671.57
3671.57
3670.28
3670.28
3669.00
3669.00
3667.71
3667.71
3667.71
3666.42
3666.42
3666.42
3665.14
3665.14
3663.85
3663.85
3663.85
3662.56
3662.56
3661.27
3661.27
3661.27
3659.99
3659.99
3658.70
3658.70
3658.70
3657.41
3657.41
3656.13
3656.13
3656.13
3654.84
3654.84
3652.27
3652.27
3652.27
3650.98
3650.98
3649.69
3649.69
3649.69
3648.41
3648.41
3647.12
3647.12
3647.12
3645.83
3645.83
3644.54
3644.54
3644.54
3643.26
3643.26
3641.97
3641.97
3641.97
3640.68
3640.68
3639.40
3639.40
3639.40
3638.11
3638.11
3638.11
3636.82
3636.82
3635.54
3635.54
3635.54
3634.25
3634.25
3632.96
3632.96
3632.96
3631.68
3631.68
3630.39
3630.39
3630.39
3629.10
3629.10
3627.81
3627.81
3627.81
3626.53
3626.53
3625.24
3625.24
3625.24
3623.95
3623.95
3623.95
3622.67
3622.67
3621.38
3621.38
3621.38
3620.09
3620.09
3618.81
3618.81
3618.81
3617.52
3617.52
3616.23
3616.23
3616.23
3614.95
3614.95
3613.66
3613.66
3613.66
3612.37
3612.37
3611.08
3611.08
3611.08
3609.80
3609.80
3608.51
3608.51
3608.51
3607.22
3607.22
3607.22
3605.94
3605.94
3604.65
3604.65
3604.65
3603.36
3603.36
3602.08
3602.08
3602.08
3600.79
3600.79
3599.50
3599.50
3599.50
3596.93
3596.93
3596.93
3595.64
3595.64
3594.35
3594.35
3594.35
3593.07
3593.07
3591.78
3591.78
3591.78
3590.49
3590.49
3589.21
3589.21
3589.21
3587.92
3587.92
3586.63
3586.63
3586.63
3585.35
3585.35
3585.35
3584.06
3584.06
3582.77
3582.77
3582.77
3581.49
3581.49
3580.20
3580.20
3580.20
3578.91
3578.91
3578.91
3577.62
3577.62
3576.34
3576.34
3576.34
3575.05
3575.05
3573.76
3573.76
3573.76
3572.48
3572.48
3571.19
3571.19
3571.19
3569.90
3569.90
3569.90
3568.62
3568.62
3567.33
3567.33
3567.33
3566.04
3566.04
3564.76
3564.76
3564.76
3563.47
3563.47
3563.47
3562.18
3562.18
3560.89
3560.89
3560.89
3559.61
3559.61
3558.32
3558.32
3558.32
3557.03
3557.03
3557.03
3555.75
3555.75
3554.46
3554.46
3554.46
3553.17
3553.17
3551.89
3551.89
3551.89
3550.60
3550.60
3549.31
3549.31
3549.31
3548.03
3548.03
3548.03
3546.74
3546.74
3545.45
3545.45
3545.45
3542.88
3542.88
3541.59
3541.59
3541.59
3540.30
3540.30
3540.30
3539.02
3539.02
3537.73
3537.73
3537.73
3536.44
3536.44
3535.16
3535.16
3535.16
3533.87
3533.87
3533.87
3532.58
3532.58
3531.30
3531.30
3531.30
3530.01
3530.01
3528.72
3528.72
3528.72
3527.44
3527.44
3527.44
3526.15
3526.15
3524.86
3524.86
3524.86
3523.57
3523.57
3523.57
3522.29
3522.29
3521.00
3521.00
3521.00
3519.71
3519.71
3518.43
3518.43
3518.43
3517.14
3517.14
3517.14
3515.85
3515.85
3514.57
3514.57
3514.57
3513.28
3513.28
3511.99
3511.99
3511.99
3510.71
3510.71
3510.71
3509.42
3509.42
3508.13
3508.13
3508.13
3506.84
3506.84
3506.84
3505.56
3505.56
3504.27
3504.27
3504.27
3502.98
3502.98
3502.98
3501.70
3501.70
3500.41
3500.41
3500.41
3499.12
3499.12
3497.84
3497.84
3497.84
3496.55
3496.55
3496.55
3495.26
3495.26
3493.98
3493.98
3493.98
3492.69
3492.69
3492.69
3491.40
3491.40
3490.11
3490.11
3490.11
3487.54
3487.54
3487.54
3486.25
3486.25
3484.97
3484.97
3484.97
3483.68
3483.68
3482.39
3482.39
3482.39
3481.11
3481.11
3481.11
3479.82
3479.82
3478.53
3478.53
3478.53
3477.25
3477.25
3477.25
3475.96
3475.96
3474.67
3474.67
3474.67
3473.38
3473.38
3473.38
3472.10
3472.10
3470.81
3470.81
3470.81
3469.52
3469.52
3469.52
3468.24
3468.24
3466.95
3466.95
3466.95
3465.66
3465.66
3465.66
3464.38
3464.38
3463.09
3463.09
3463.09
3461.80
3461.80
3460.52
3460.52
3460.52
3459.23
3459.23
3459.23
3457.94
3457.94
3457.94
3456.65
3456.65
3455.37
3455.37
3455.37
3454.08
3454.08
3452.79
3452.79
3452.79
3451.51
3451.51
3451.51
3450.22
3450.22
3450.22
3448.93
3448.93
3447.65
3447.65
3447.65
3446.36
3446.36
3446.36
3445.07
3445.07
3443.79
3443.79
3443.79
3442.50
3442.50
3442.50
3441.21
3441.21
3439.92
3439.92
3439.92
3438.64
3438.64
3438.64
3437.35
3437.35
3436.06
3436.06
3436.06
3434.78
3434.78
3434.78
3432.20
3432.20
3430.92
3430.92
3430.92
3429.63
3429.63
3429.63
3428.34
3428.34
3427.06
3427.06
3427.06
3425.77
3425.77
3425.77
3424.48
3424.48
3423.19
3423.19
3423.19
3421.91
3421.91
3421.91
3420.62
3420.62
3420.62
3419.33
3419.33
3418.05
3418.05
3418.05
3416.76
3416.76
3416.76
3415.47
3415.47
3414.19
3414.19
3414.19
3412.90
3412.90
3412.90
3411.61
3411.61
3410.33
3410.33
3410.33
3409.04
3409.04
3409.04
3407.75
3407.75
3407.75
3406.47
3406.47
3405.18
3405.18
3405.18
3403.89
3403.89
3403.89
3402.60
3402.60
3401.32
3401.32
3401.32
3400.03
3400.03
3400.03
3398.74
3398.74
3398.74
3397.46
3397.46
3396.17
3396.17
3396.17
3394.88
3394.88
3394.88
3393.60
3393.60
3392.31
3392.31
3392.31
3391.02
3391.02
3391.02
3389.74
3389.74
3388.45
3388.45
3388.45
3387.16
3387.16
3387.16
3385.87
3385.87
3385.87
3384.59
3384.59
3383.30
3383.30
3383.30
3382.01
3382.01
3382.01
3380.73
3380.73
3378.15
3378.15
3378.15
3376.87
3376.87
3376.87
3375.58
3375.58
3375.58
3374.29
3374.29
3373.01
3373.01
3373.01
3371.72
3371.72
3371.72
3370.43
3370.43
3370.43
3369.14
3369.14
3367.86
3367.86
3367.86
3366.57
3366.57
3366.57
3365.28
3365.28
3365.28
3364.00
3364.00
3362.71
3362.71
3362.71
3361.42
3361.42
3361.42
3360.14
3360.14
3360.14
3358.85
3358.85
3357.56
3357.56
3357.56
3356.28
3356.28
3356.28
3354.99
3354.99
3354.99
3353.70
3353.70
3352.41
3352.41
3352.41
3351.13
3351.13
3351.13
3349.84
3349.84
3349.84
3348.55
3348.55
3347.27
3347.27
3347.27
3345.98
3345.98
3345.98
3344.69
3344.69
3344.69
3343.41
3343.41
3342.12
3342.12
3342.12
3340.83
3340.83
3340.83
3339.55
3339.55
3339.55
3338.26
3338.26
3336.97
3336.97
3336.97
3335.68
3335.68
3335.68
3334.40
3334.40
3334.40
3333.11
3333.11
3331.82
3331.82
3331.82
3330.54
3330.54
3330.54
3329.25
3329.25
3329.25
3327.96
3327.96
3327.96
3326.68
3326.68
3325.39
3325.39
3325.39
3322.82
3322.82
3322.82
3321.53
3321.53
3321.53
3320.24
3320.24
3318.95
3318.95
3318.95
3317.67
3317.67
3317.67
3316.38
3316.38
3316.38
3315.09
3315.09
3313.81
3313.81
3313.81
3312.52
3312.52
3312.52
3311.23
3311.23
3311.23
3309.95
3309.95
3309.95
3308.66
3308.66
3307.37
3307.37
3307.37
3306.09
3306.09
3306.09
3304.80
3304.80
3304.80
3303.51
3303.51
3303.51
3302.22
3302.22
3300.94
3300.94
3300.94
3299.65
3299.65
3299.65
3298.36
3298.36
3298.36
3297.08
3297.08
3297.08
3295.79
3295.79
3294.50
3294.50
3294.50
3293.22
3293.22
3293.22
3291.93
3291.93
3291.93
3290.64
3290.64
3290.64
3289.36
3289.36
3288.07
3288.07
3288.07
3286.78
3286.78
3286.78
3285.49
3285.49
3285.49
3284.21
3284.21
3282.92
3282.92
3282.92
3281.63
3281.63
3281.63
3280.35
3280.35
3280.35
3279.06
3279.06
3279.06
3277.77
3277.77
3277.77
3276.49
3276.49
3275.20
3275.20
3275.20
3273.91
3273.91
3273.91
3272.63
3272.63
3272.63
3271.34
3271.34
3271.34
3270.05
3270.05
3267.48
3267.48
3267.48
3266.19
3266.19
3266.19
3264.90
3264.90
3264.90
3263.62
3263.62
3263.62
3262.33
3262.33
3262.33
3261.04
3261.04
3259.76
3259.76
3259.76
3258.47
3258.47
3258.47
3257.18
3257.18
3257.18
3255.90
3255.90
3255.90
3254.61
3254.61
3253.32
3253.32
3253.32
3252.04
3252.04
3252.04
3250.75
3250.75
3250.75
3249.46
3249.46
3249.46
3248.17
3248.17
3248.17
3246.89
3246.89
3245.60
3245.60
3245.60
3244.31
3244.31
3244.31
3243.03
3243.03
3243.03
3241.74
3241.74
3241.74
3240.45
3240.45
3240.45
3239.17
3239.17
3239.17
3237.88
3237.88
3237.88
3236.59
3236.59
3235.31
3235.31
3235.31
3234.02
3234.02
3234.02
3232.73
3232.73
3232.73
3231.44
3231.44
3231.44
3230.16
3230.16
3230.16
3228.87
3228.87
3227.58
3227.58
3227.58
3226.30
3226.30
3226.30
3225.01
3225.01
3225.01
3223.72
3223.72
3223.72
3222.44
3222.44
3222.44
3221.15
3221.15
3221.15
3219.86
3219.86
3218.58
3218.58
3218.58
3217.29
3217.29
3217.29
3216.00
3216.00
3216.00
3213.43
3213.43
3213.43
3212.14
3212.14
3212.14
3210.85
3210.85
3210.85
3209.57
3209.57
3208.28
3208.28
3208.28
3206.99
3206.99
3206.99
3205.71
3205.71
3205.71
3204.42
3204.42
3204.42
3203.13
3203.13
3203.13
3201.85
3201.85
3201.85
3200.56
3200.56
3200.56
3199.27
3199.27
3199.27
3197.98
3197.98
3196.70
3196.70
3196.70
3195.41
3195.41
3195.41
3194.12
3194.12
3194.12
3192.84
3192.84
3192.84
3191.55
3191.55
3191.55
3190.26
3190.26
3190.26
3188.98
3188.98
3188.98
3187.69
3187.69
3186.40
3186.40
3186.40
3185.12
3185.12
3185.12
3183.83
3183.83
3183.83
3182.54
3182.54
3182.54
3181.25
3181.25
3181.25
3179.97
3179.97
3179.97
3178.68
3178.68
3178.68
3177.39
3177.39
3177.39
3176.11
3176.11
3176.11
3174.82
3174.82
3173.53
3173.53
3173.53
3172.25
3172.25
3172.25
3170.96
3170.96
3170.96
3169.67
3169.67
3169.67
3168.39
3168.39
3168.39
3167.10
3167.10
3167.10
3165.81
3165.81
3165.81
3164.52
3164.52
3164.52
3163.24
3163.24
3163.24
3161.95
3161.95
3161.95
3160.66
3160.66
3158.09
3158.09
3158.09
3156.80
3156.80
3156.80
3155.52
3155.52
3155.52
3154.23
3154.23
3154.23
3152.94
3152.94
3152.94
3151.66
3151.66
3151.66
3150.37
3150.37
3150.37
3149.08
3149.08
3149.08
3147.80
3147.80
3147.80
3146.51
3146.51
3146.51
3145.22
3145.22
3145.22
3143.93
3143.93
3142.65
3142.65
3142.65
3141.36
3141.36
3141.36
3140.07
3140.07
3140.07
3138.79
3138.79
3138.79
3137.50
3137.50
3137.50
3136.21
3136.21
3136.21
3134.93
3134.93
3134.93
3133.64
3133.64
3133.64
3132.35
3132.35
3132.35
3131.07
3131.07
3131.07
3129.78
3129.78
3129.78
3128.49
3128.49
3128.49
3127.20
3127.20
3127.20
3125.92
3125.92
3125.92
3124.63
3124.63
3124.63
3123.34
3123.34
3123.34
3122.06
3122.06
3120.77
3120.77
3120.77
3119.48
3119.48
3119.48
3119.48
3118.20
3118.20
3116.91
3116.91
3116.91
3115.62
3115.62
3115.62
3114.34
3114.34
3114.34
3113.05
3113.05
3113.05
3111.76
3111.76
3111.76
3110.47
3110.47
3110.47
3109.19
3109.19
3109.19
3107.90
3107.90
3107.90
3106.61
3106.61
3106.61
3105.33
3105.33
3105.33
3102.75
3102.75
3102.75
3101.47
3101.47
3101.47
3100.18
3100.18
3100.18
3098.89
3098.89
3098.89
3097.61
3097.61
3097.61
3096.32
3096.32
3096.32
3095.03
3095.03
3095.03
3093.74
3093.74
3093.74
3092.46
3092.46
3092.46
3091.17
3091.17
3091.17
3089.88
3089.88
3089.88
3088.60
3088.60
3088.60
3087.31
3087.31
3087.31
3086.02
3086.02
3086.02
3084.74
3084.74
3084.74
3083.45
3083.45
3083.45
3082.16
3082.16
3082.16
3080.88
3080.88
3080.88
3079.59
3079.59
3079.59
3078.30
3078.30
3078.30
3077.01
3077.01
3077.01
3075.73
3075.73
3075.73
3074.44
3074.44
3074.44
3073.15
3073.15
3073.15
3071.87
3071.87
3071.87
3070.58
3070.58
3070.58
3069.29
3069.29
3069.29
3068.01
3068.01
3068.01
3066.72
3066.72
3066.72
3065.43
3065.43
3065.43
3064.15
3064.15
3064.15
3062.86
3062.86
3062.86
3061.57
3061.57
3061.57
3060.28
3060.28
3060.28
3059.00
3059.00
3059.00
3057.71
3057.71
3057.71
3056.42
3056.42
3056.42
3055.14
3055.14
3055.14
3053.85
3053.85
3053.85
3052.56
3052.56
3052.56
3051.28
3051.28
3051.28
3048.70
3048.70
3048.70
3047.42
3047.42
3047.42
3046.13
3046.13
3046.13
3044.84
3044.84
3044.84
3043.55
3043.55
3043.55
3042.27
3042.27
3042.27
3040.98
3040.98
3040.98
3039.69
3039.69
3039.69
3038.41
3038.41
3038.41
3037.12
3037.12
3037.12
3035.83
3035.83
3035.83
3034.55
3034.55
3034.55
3033.26
3033.26
3033.26
3031.97
3031.97
3031.97
3030.69
3030.69
3030.69
3029.40
3029.40
3029.40
3028.11
3028.11
3028.11
3026.82
3026.82
3026.82
3025.54
3025.54
3025.54
3024.25
3024.25
3024.25
3022.96
3022.96
3022.96
3022.96
3021.68
3021.68
3021.68
3020.39
3020.39
3020.39
3019.10
3019.10
3019.10
3017.82
3017.82
3017.82
3016.53
3016.53
3016.53
3015.24
3015.24
3015.24
3013.96
3013.96
3013.96
3012.67
3012.67
3012.67
3011.38
3011.38
3011.38
3010.10
3010.10
3010.10
3008.81
3008.81
3008.81
3007.52
3007.52
3007.52
3006.23
3006.23
3006.23
3004.95
3004.95
3004.95
3003.66
3003.66
3003.66
3002.37
3002.37
3002.37
3001.09
3001.09
3001.09
3001.09
2999.80
2999.80
2999.80
2998.51
2998.51
2998.51
2997.23
2997.23
2997.23
2995.94
2995.94
2995.94
2993.37
2993.37
2993.37
2992.08
2992.08
2992.08
2990.79
2990.79
2990.79
2989.50
2989.50
2989.50
2988.22
2988.22
2988.22
2986.93
2986.93
2986.93
2985.64
2985.64
2985.64
2985.64
2984.36
2984.36
2984.36
2983.07
2983.07
2983.07
2981.78
2981.78
2981.78
2980.50
2980.50
2980.50
2979.21
2979.21
2979.21
2977.92
2977.92
2977.92
2976.64
2976.64
2976.64
2975.35
2975.35
2975.35
2974.06
2974.06
2974.06
2972.77
2972.77
2972.77
2971.49
2971.49
2971.49
2971.49
2970.20
2970.20
2970.20
2968.91
2968.91
2968.91
2967.63
2967.63
2967.63
2966.34
2966.34
2966.34
2965.05
2965.05
2965.05
2963.77
2963.77
2963.77
2962.48
2962.48
2962.48
2961.19
2961.19
2961.19
2959.91
2959.91
2959.91
2958.62
2958.62
2958.62
2957.33
2957.33
2957.33
2957.33
2956.04
2956.04
2956.04
2954.76
2954.76
2954.76
2953.47
2953.47
2953.47
2952.18
2952.18
2952.18
2950.90
2950.90
2950.90
2949.61
2949.61
2949.61
2949.61
2948.32
2948.32
2948.32
2947.04
2947.04
2947.04
2945.75
2945.75
2945.75
2944.46
2944.46
2944.46
2943.18
2943.18
2943.18
2941.89
2941.89
2941.89
2940.60
2940.60
2940.60
2938.03
2938.03
2938.03
2936.74
2936.74
2936.74
2936.74
2935.45
2935.45
2935.45
2934.17
2934.17
2934.17
2932.88
2932.88
2932.88
2931.59
2931.59
2931.59
2930.31
2930.31
2930.31
2929.02
2929.02
2929.02
2927.73
2927.73
2927.73
2926.45
2926.45
2926.45
2926.45
2925.16
2925.16
2925.16
2923.87
2923.87
2923.87
2922.58
2922.58
2922.58
2921.30
2921.30
2921.30
2920.01
2920.01
2920.01
2918.72
2918.72
2918.72
2918.72
2917.44
2917.44
2917.44
2916.15
2916.15
2916.15
2914.86
2914.86
2914.86
2913.58
2913.58
2913.58
2912.29
2912.29
2912.29
2912.29
2911.00
2911.00
2911.00
2909.72
2909.72
2909.72
2908.43
2908.43
2908.43
2907.14
2907.14
2907.14
2905.85
2905.85
2905.85
2904.57
2904.57
2904.57
2904.57
2903.28
2903.28
2903.28
2901.99
2901.99
2901.99
2900.71
2900.71
2900.71
2899.42
2899.42
2899.42
2898.13
2898.13
2898.13
2896.85
2896.85
2896.85
2896.85
2895.56
2895.56
2895.56
2894.27
2894.27
2894.27
2892.99
2892.99
2892.99
2891.70
2891.70
2891.70
2890.41
2890.41
2890.41
2890.41
2889.13
2889.13
2889.13
2887.84
2887.84
2887.84
2886.55
2886.55
2886.55
2885.26
2885.26
2885.26
2882.69
2882.69
2882.69
2881.40
2881.40
2881.40
2881.40
2880.12
2880.12
2880.12
2878.83
2878.83
2878.83
2877.54
2877.54
2877.54
2876.26
2876.26
2876.26
2874.97
2874.97
2874.97
2874.97
2873.68
2873.68
2873.68
2872.40
2872.40
2872.40
2871.11
2871.11
2871.11
2869.82
2869.82
2869.82
2868.53
2868.53
2868.53
2868.53
2867.25
2867.25
2867.25
2865.96
2865.96
2865.96
2864.67
2864.67
2864.67
2863.39
2863.39
2863.39
2863.39
2862.10
2862.10
2862.10
2860.81
2860.81
2860.81
2859.53
2859.53
2859.53
2858.24
2858.24
2858.24
2856.95
2856.95
2856.95
2856.95
2855.67
2855.67
2855.67
2854.38
2854.38
2854.38
2853.09
2853.09
2853.09
2851.80
2851.80
2851.80
2851.80
2850.52
2850.52
2850.52
2849.23
2849.23
2849.23
2847.94
2847.94
2847.94
2846.66
2846.66
2846.66
2845.37
2845.37
2845.37
2845.37
2844.08
2844.08
2844.08
2842.80
2842.80
2842.80
2841.51
2841.51
2841.51
2840.22
2840.22
2840.22
2840.22
2838.94
2838.94
2838.94
2837.65
2837.65
2837.65
2836.36
2836.36
2836.36
2835.07
2835.07
2835.07
2835.07
2833.79
2833.79
2833.79
2832.50
2832.50
2832.50
2831.21
2831.21
2831.21
2831.21
2828.64
2828.64
2828.64
2827.35
2827.35
2827.35
2826.07
2826.07
2826.07
2824.78
2824.78
2824.78
2823.49
2823.49
2823.49
2823.49
2822.21
2822.21
2822.21
2820.92
2820.92
2820.92
2819.63
2819.63
2819.63
2819.63
2818.34
2818.34
2818.34
2817.06
2817.06
2817.06
2815.77
2815.77
2815.77
2814.48
2814.48
2814.48
2814.48
2813.20
2813.20
2813.20
2811.91
2811.91
2811.91
2810.62
2810.62
2810.62
2809.34
2809.34
2809.34
2809.34
2808.05
2808.05
2808.05
2806.76
2806.76
2806.76
2805.48
2805.48
2805.48
2805.48
2804.19
2804.19
2804.19
2802.90
2802.90
2802.90
2801.61
2801.61
2801.61
2800.33
2800.33
2800.33
2800.33
2799.04
2799.04
2799.04
2797.75
2797.75
2797.75
2796.47
2796.47
2796.47
2796.47
2795.18
2795.18
2795.18
2793.89
2793.89
2793.89
2792.61
2792.61
2792.61
2792.61
2791.32
2791.32
2791.32
2790.03
2790.03
2790.03
2788.75
2788.75
2788.75
2787.46
2787.46
2787.46
2787.46
2786.17
2786.17
2786.17
2784.88
2784.88
2784.88
2783.60
2783.60
2783.60
2783.60
2782.31
2782.31
2782.31
2781.02
2781.02
2781.02
2779.74
2779.74
2779.74
2778.45
2778.45
2778.45
2778.45
2777.16
2777.16
2777.16
2775.88
2775.88
2775.88
2775.88
2773.30
2773.30
2773.30
2772.02
2772.02
2772.02
2770.73
2770.73
2770.73
2770.73
2769.44
2769.44
2769.44
2768.16
2768.16
2768.16
2766.87
2766.87
2766.87
2766.87
2765.58
2765.58
2765.58
2764.29
2764.29
2764.29
2763.01
2763.01
2763.01
2763.01
2761.72
2761.72
2761.72
2760.43
2760.43
2760.43
2759.15
2759.15
2759.15
2759.15
2757.86
2757.86
2757.86
2756.57
2756.57
2756.57
2755.29
2755.29
2755.29
2755.29
2754.00
2754.00
2754.00
2752.71
2752.71
2752.71
2751.43
2751.43
2751.43
2751.43
2750.14
2750.14
2750.14
2748.85
2748.85
2748.85
2747.56
2747.56
2747.56
2747.56
2746.28
2746.28
2746.28
2744.99
2744.99
2744.99
2743.70
2743.70
2743.70
2743.70
2742.42
2742.42
2742.42
2741.13
2741.13
2741.13
2741.13
2739.84
2739.84
2739.84
2738.56
2738.56
2738.56
2737.27
2737.27
2737.27
2737.27
2735.98
2735.98
2735.98
2734.70
2734.70
2734.70
2733.41
2733.41
2733.41
2733.41
2732.12
2732.12
2732.12
2730.83
2730.83
2730.83
2729.55
2729.55
2729.55
2729.55
2728.26
2728.26
2728.26
2726.97
2726.97
2726.97
2726.97
2725.69
2725.69
2725.69
2724.40
2724.40
2724.40
2723.11
2723.11
2723.11
2723.11
2721.83
2721.83
2721.83
2720.54
2720.54
2720.54
2717.97
2717.97
2717.97
2717.97
2716.68
2716.68
2716.68
2715.39
2715.39
2715.39
2715.39
2714.10
2714.10
2714.10
2712.82
2712.82
2712.82
2711.53
2711.53
2711.53
2711.53
2710.24
2710.24
2710.24
2708.96
2708.96
2708.96
2708.96
2707.67
2707.67
2707.67
2706.38
2706.38
2706.38
2705.10
2705.10
2705.10
2705.10
2703.81
2703.81
2703.81
2702.52
2702.52
2702.52
2702.52
2701.24
2701.24
2701.24
2699.95
2699.95
2699.95
2698.66
2698.66
2698.66
2698.66
2697.37
2697.37
2697.37
2696.09
2696.09
2696.09
2696.09
2694.80
2694.80
2694.80
2693.51
2693.51
2693.51
2693.51
2692.23
2692.23
2692.23
2690.94
2690.94
2690.94
2689.65
2689.65
2689.65
2689.65
2688.37
2688.37
2688.37
2687.08
2687.08
2687.08
2687.08
2685.79
2685.79
2685.79
2684.51
2684.51
2684.51
2683.22
2683.22
2683.22
2683.22
2681.93
2681.93
2681.93
2681.93
2680.64
2680.64
2680.64
2679.36
2679.36
2679.36
2678.07
2678.07
2678.07
2678.07
2676.78
2676.78
2676.78
2675.50
2675.50
2675.50
2675.50
2674.21
2674.21
2674.21
2672.92
2672.92
2672.92
2672.92
2671.64
2671.64
2671.64
2670.35
2670.35
2670.35
2669.06
2669.06
2669.06
2669.06
2667.78
2667.78
2667.78
2666.49
2666.49
2666.49
2666.49
2663.91
2663.91
2663.91
2662.63
2662.63
2662.63
2662.63
2661.34
2661.34
2661.34
2660.05
2660.05
2660.05
2660.05
2658.77
2658.77
2658.77
2657.48
2657.48
2657.48
2657.48
2656.19
2656.19
2656.19
2654.91
2654.91
2654.91
2653.62
2653.62
2653.62
2653.62
2652.33
2652.33
2652.33
2652.33
2651.05
2651.05
2651.05
2649.76
2649.76
2649.76
2648.47
2648.47
2648.47
2648.47
2647.18
2647.18
2647.18
2645.90
2645.90
2645.90
2645.90
2644.61
2644.61
2644.61
2643.32
2643.32
2643.32
2643.32
2642.04
2642.04
2642.04
2640.75
2640.75
2640.75
2640.75
2639.46
2639.46
2639.46
2638.18
2638.18
2638.18
2638.18
2636.89
2636.89
2636.89
2635.60
2635.60
2635.60
2635.60
2634.32
2634.32
2634.32
2633.03
2633.03
2633.03
2633.03
2631.74
2631.74
2631.74
2630.46
2630.46
2630.46
2630.46
2629.17
2629.17
2629.17
2627.88
2627.88
2627.88
2627.88
2626.59
2626.59
2626.59
2625.31
2625.31
2625.31
2625.31
2624.02
2624.02
2624.02
2622.73
2622.73
2622.73
2622.73
2621.45
2621.45
2621.45
2620.16
2620.16
2620.16
2620.16
2618.87
2618.87
2618.87
2617.59
2617.59
2617.59
2617.59
2616.30
2616.30
2616.30
2616.30
2615.01
2615.01
2615.01
2613.73
2613.73
2613.73
2613.73
2612.44
2612.44
2612.44
2611.15
2611.15
2611.15
2608.58
2608.58
2608.58
2608.58
2607.29
2607.29
2607.29
2607.29
2606.00
2606.00
2606.00
2604.72
2604.72
2604.72
2604.72
2603.43
2603.43
2603.43
2602.14
2602.14
2602.14
2602.14
2600.86
2600.86
2600.86
2599.57
2599.57
2599.57
2599.57
2598.28
2598.28
2598.28
2597.00
2597.00
2597.00
2597.00
2595.71
2595.71
2595.71
2594.42
2594.42
2594.42
2594.42
2593.13
2593.13
2593.13
2593.13
2591.85
2591.85
2591.85
2590.56
2590.56
2590.56
2590.56
2589.27
2589.27
2589.27
2587.99
2587.99
2587.99
2587.99
2586.70
2586.70
2586.70
2585.41
2585.41
2585.41
2585.41
2584.13
2584.13
2584.13
2584.13
2582.84
2582.84
2582.84
2581.55
2581.55
2581.55
2581.55
2580.27
2580.27
2580.27
2578.98
2578.98
2578.98
2578.98
2577.69
2577.69
2577.69
2576.40
2576.40
2576.40
2576.40
2575.12
2575.12
2575.12
2575.12
2573.83
2573.83
2573.83
2572.54
2572.54
2572.54
2572.54
2571.26
2571.26
2571.26
2569.97
2569.97
2569.97
2569.97
2568.68
2568.68
2568.68
2567.40
2567.40
2567.40
2567.40
2566.11
2566.11
2566.11
2566.11
2564.82
2564.82
2564.82
2563.54
2563.54
2563.54
2563.54
2562.25
2562.25
2562.25
2560.96
2560.96
2560.96
2560.96
2559.67
2559.67
2559.67
2559.67
2558.39
2558.39
2558.39
2557.10
2557.10
2557.10
2557.10
2555.81
2555.81
2555.81
2553.24
2553.24
2553.24
2553.24
2551.95
2551.95
2551.95
2551.95
2550.67
2550.67
2550.67
2549.38
2549.38
2549.38
2549.38
2548.09
2548.09
2548.09
2548.09
2546.81
2546.81
2546.81
2545.52
2545.52
2545.52
2545.52
2544.23
2544.23
2544.23
2542.94
2542.94
2542.94
2542.94
2541.66
2541.66
2541.66
2540.37
2540.37
2540.37
2540.37
2539.08
2539.08
2539.08
2539.08
2537.80
2537.80
2537.80
2536.51
2536.51
2536.51
2536.51
2535.22
2535.22
2535.22
2535.22
2533.94
2533.94
2533.94
2532.65
2532.65
2532.65
2532.65
2531.36
2531.36
2531.36
2531.36
2530.08
2530.08
2530.08
2528.79
2528.79
2528.79
2528.79
2527.50
2527.50
2527.50
2526.21
2526.21
2526.21
2526.21
2524.93
2524.93
2524.93
2524.93
2523.64
2523.64
2523.64
2523.64
2522.35
2522.35
2522.35
2521.07
2521.07
2521.07
2521.07
2519.78
2519.78
2519.78
2519.78
2518.49
2518.49
2518.49
2517.21
2517.21
2517.21
2517.21
2515.92
2515.92
2515.92
2514.63
2514.63
2514.63
2514.63
2513.35
2513.35
2513.35
2513.35
2512.06
2512.06
2512.06
2512.06
2510.77
2510.77
2510.77
2509.49
2509.49
2509.49
2509.49
2508.20
2508.20
2508.20
2506.91
2506.91
2506.91
2506.91
2505.62
2505.62
2505.62
2505.62
2504.34
2504.34
2504.34
2504.34
2503.05
2503.05
2503.05
2501.76
2501.76
2501.76
2501.76
2499.19
2499.19
2499.19
2499.19
2497.90
2497.90
2497.90
2496.62
2496.62
2496.62
2496.62
2495.33
2495.33
2495.33
2495.33
2494.04
2494.04
2494.04
2492.76
2492.76
2492.76
2492.76
2491.47
2491.47
2491.47
2491.47
2490.18
2490.18
2490.18
2488.89
2488.89
2488.89
2488.89
2487.61
2487.61
2487.61
2487.61
2486.32
2486.32
2486.32
2486.32
2485.03
2485.03
2485.03
2483.75
2483.75
2483.75
2483.75
2482.46
2482.46
2482.46
2482.46
2481.17
2481.17
2481.17
2479.89
2479.89
2479.89
2479.89
2478.60
2478.60
2478.60
2478.60
2477.31
2477.31
2477.31
2476.03
2476.03
2476.03
2476.03
2474.74
2474.74
2474.74
2474.74
2473.45
2473.45
2473.45
2473.45
2472.16
2472.16
2472.16
2470.88
2470.88
2470.88
2470.88
2469.59
2469.59
2469.59
2469.59
2468.30
2468.30
2468.30
2467.02
2467.02
2467.02
2467.02
2465.73
2465.73
2465.73
2465.73
2464.44
2464.44
2464.44
2464.44
2463.16
2463.16
2463.16
2463.16
2461.87
2461.87
2461.87
2460.58
2460.58
2460.58
2460.58
2459.30
2459.30
2459.30
2459.30
2458.01
2458.01
2458.01
2458.01
2456.72
2456.72
2456.72
2455.43
2455.43
2455.43
2455.43
2454.15
2454.15
2454.15
2454.15
2452.86
2452.86
2452.86
2452.86
2451.57
2451.57
2451.57
2450.29
2450.29
2450.29
2450.29
2449.00
2449.00
2449.00
2449.00
2447.71
2447.71
2447.71
2447.71
2446.43
2446.43
2446.43
2443.85
2443.85
2443.85
2443.85
2442.57
2442.57
2442.57
2442.57
2441.28
2441.28
2441.28
2441.28
2439.99
2439.99
2439.99
2438.70
2438.70
2438.70
2438.70
2437.42
2437.42
2437.42
2437.42
2436.13
2436.13
2436.13
2436.13
2434.84
2434.84
2434.84
2434.84
2433.56
2433.56
2433.56
2432.27
2432.27
2432.27
2432.27
2430.98
2430.98
2430.98
2430.98
2429.70
2429.70
2429.70
2429.70
2428.41
2428.41
2428.41
2428.41
2427.12
2427.12
2427.12
2425.84
2425.84
2425.84
2425.84
2424.55
2424.55
2424.55
2424.55
2423.26
2423.26
2423.26
2423.26
2421.97
2421.97
2421.97
2421.97
2420.69
2420.69
2420.69
2419.40
2419.40
2419.40
2419.40
2418.11
2418.11
2418.11
2418.11
2416.83
2416.83
2416.83
2416.83
2415.54
2415.54
2415.54
2415.54
2414.25
2414.25
2414.25
2412.97
2412.97
2412.97
2412.97
2411.68
2411.68
2411.68
2411.68
2410.39
2410.39
2410.39
2410.39
2409.11
2409.11
2409.11
2409.11
2407.82
2407.82
2407.82
2407.82
2406.53
2406.53
2406.53
2405.24
2405.24
2405.24
2405.24
2403.96
2403.96
2403.96
2403.96
2402.67
2402.67
2402.67
2402.67
2401.38
2401.38
2401.38
2401.38
2400.10
2400.10
2400.10
2400.10
2398.81
2398.81
2398.81
2397.52
2397.52
2397.52
2397.52
2396.24
2396.24
2396.24
2396.24
2394.95
2394.95
2394.95
2394.95
2393.66
2393.66
2393.66
2393.66
2392.38
2392.38
2392.38
2392.38
2391.09
2391.09
2391.09
2388.51
2388.51
2388.51
2388.51
2387.23
2387.23
2387.23
2387.23
2385.94
2385.94
2385.94
2385.94
2384.65
2384.65
2384.65
2384.65
2383.37
2383.37
2383.37
2383.37
2382.08
2382.08
2382.08
2382.08
2380.79
2380.79
2380.79
2379.51
2379.51
2379.51
2379.51
2378.22
2378.22
2378.22
2378.22
2376.93
2376.93
2376.93
2376.93
2375.65
2375.65
2375.65
2375.65
2374.36
2374.36
2374.36
2374.36
2373.07
2373.07
2373.07
2373.07
2371.79
2371.79
2371.79
2371.79
2370.50
2370.50
2370.50
2370.50
2369.21
2369.21
2369.21
2369.21
2367.92
2367.92
2367.92
2366.64
2366.64
2366.64
2366.64
2365.35
2365.35
2365.35
2365.35
2364.06
2364.06
2364.06
2364.06
2362.78
2362.78
2362.78
2362.78
2361.49
2361.49
2361.49
2361.49
2360.20
2360.20
2360.20
2360.20
2358.92
2358.92
2358.92
2358.92
2357.63
2357.63
2357.63
2356.34
2356.34
2356.34
2356.34
2356.34
2355.06
2355.06
2355.06
2353.77
2353.77
2353.77
2353.77
2352.48
2352.48
2352.48
2352.48
2351.19
2351.19
2351.19
2351.19
2349.91
2349.91
2349.91
2349.91
2348.62
2348.62
2348.62
2348.62
2347.33
2347.33
2347.33
2347.33
2346.05
2346.05
2346.05
2346.05
2344.76
2344.76
2344.76
2344.76
2343.47
2343.47
2343.47
2343.47
2342.19
2342.19
2342.19
2342.19
2340.90
2340.90
2340.90
2340.90
2339.61
2339.61
2339.61
2339.61
2338.33
2338.33
2338.33
2337.04
2337.04
2337.04
2337.04
2335.75
2335.75
2335.75
2335.75
2333.18
2333.18
2333.18
2333.18
2331.89
2331.89
2331.89
2331.89
2330.60
2330.60
2330.60
2330.60
2329.32
2329.32
2329.32
2329.32
2328.03
2328.03
2328.03
2328.03
2326.74
2326.74
2326.74
2326.74
2325.46
2325.46
2325.46
2325.46
2324.17
2324.17
2324.17
2324.17
2322.88
2322.88
2322.88
2322.88
2321.60
2321.60
2321.60
2321.60
2320.31
2320.31
2320.31
2320.31
2319.02
2319.02
2319.02
2319.02
2317.73
2317.73
2317.73
2317.73
2316.45
2316.45
2316.45
2316.45
2315.16
2315.16
2315.16
2315.16
2313.87
2313.87
2313.87
2313.87
2312.59
2312.59
2312.59
2312.59
2311.30
2311.30
2311.30
2311.30
2310.01
2310.01
2310.01
2310.01
2308.73
2308.73
2308.73
2308.73
2307.44
2307.44
2307.44
2307.44
2306.15
2306.15
2306.15
2306.15
2304.87
2304.87
2304.87
2304.87
2303.58
2303.58
2303.58
2303.58
2302.29
2302.29
2302.29
2302.29
2301.00
2301.00
2301.00
2301.00
2299.72
2299.72
2299.72
2299.72
2298.43
2298.43
2298.43
2298.43
2297.14
2297.14
2297.14
2297.14
2295.86
2295.86
2295.86
2295.86
2294.57
2294.57
2294.57
2294.57
2293.28
2293.28
2293.28
2293.28
2292.00
2292.00
2292.00
2292.00
2290.71
2290.71
2290.71
2290.71
2289.42
2289.42
2289.42
2289.42
2288.14
2288.14
2288.14
2288.14
2286.85
2286.85
2286.85
2286.85
2285.56
2285.56
2285.56
2285.56
2284.27
2284.27
2284.27
2284.27
2282.99
2282.99
2282.99
2282.99
2281.70
2281.70
2281.70
2281.70
2279.13
2279.13
2279.13
2279.13
2277.84
2277.84
2277.84
2277.84
2276.55
2276.55
2276.55
2276.55
2275.27
2275.27
2275.27
2275.27
2273.98
2273.98
2273.98
2273.98
2272.69
2272.69
2272.69
2272.69
2271.41
2271.41
2271.41
2271.41
2270.12
2270.12
2270.12
2270.12
2268.83
2268.83
2268.83
2268.83
2267.54
2267.54
2267.54
2267.54
2266.26
2266.26
2266.26
2266.26
2266.26
2264.97
2264.97
2264.97
2264.97
2263.68
2263.68
2263.68
2263.68
2262.40
2262.40
2262.40
2262.40
2261.11
2261.11
2261.11
2261.11
2259.82
2259.82
2259.82
2259.82
2258.54
2258.54
2258.54
2258.54
2257.25
2257.25
2257.25
2257.25
2255.96
2255.96
2255.96
2255.96
2254.68
2254.68
2254.68
2254.68
2253.39
2253.39
2253.39
2253.39
2252.10
2252.10
2252.10
2252.10
2252.10
2250.82
2250.82
2250.82
2250.82
2249.53
2249.53
2249.53
2249.53
2248.24
2248.24
2248.24
2248.24
2246.95
2246.95
2246.95
2246.95
2245.67
2245.67
2245.67
2245.67
2244.38
2244.38
2244.38
2244.38
2243.09
2243.09
2243.09
2243.09
2241.81
2241.81
2241.81
2241.81
2240.52
2240.52
2240.52
2240.52
2239.23
2239.23
2239.23
2239.23
2237.95
2237.95
2237.95
2237.95
2237.95
2236.66
2236.66
2236.66
2236.66
2235.37
2235.37
2235.37
2235.37
2234.09
2234.09
2234.09
2234.09
2232.80
2232.80
2232.80
2232.80
2231.51
2231.51
2231.51
2231.51
2230.22
2230.22
2230.22
2230.22
2230.22
2228.94
2228.94
2228.94
2228.94
2227.65
2227.65
2227.65
2227.65
2226.36
2226.36
2226.36
2226.36
2223.79
2223.79
2223.79
2223.79
2222.50
2222.50
2222.50
2222.50
2221.22
2221.22
2221.22
2221.22
2219.93
2219.93
2219.93
2219.93
2218.64
2218.64
2218.64
2218.64
2218.64
2217.36
2217.36
2217.36
2217.36
2216.07
2216.07
2216.07
2216.07
2214.78
2214.78
2214.78
2214.78
2213.49
2213.49
2213.49
2213.49
2212.21
2212.21
2212.21
2212.21
2210.92
2210.92
2210.92
2210.92
2209.63
2209.63
2209.63
2209.63
2209.63
2208.35
2208.35
2208.35
2208.35
2207.06
2207.06
2207.06
2207.06
2205.77
2205.77
2205.77
2205.77
2204.49
2204.49
2204.49
2204.49
2203.20
2203.20
2203.20
2203.20
2203.20
2201.91
2201.91
2201.91
2201.91
2200.63
2200.63
2200.63
2200.63
2199.34
2199.34
2199.34
2199.34
2198.05
2198.05
2198.05
2198.05
2196.76
2196.76
2196.76
2196.76
2196.76
2195.48
2195.48
2195.48
2195.48
2194.19
2194.19
2194.19
2194.19
2192.90
2192.90
2192.90
2192.90
2191.62
2191.62
2191.62
2191.62
2190.33
2190.33
2190.33
2190.33
2190.33
2189.04
2189.04
2189.04
2189.04
2187.76
2187.76
2187.76
2187.76
2186.47
2186.47
2186.47
2186.47
2185.18
2185.18
2185.18
2185.18
2185.18
2183.90
2183.90
2183.90
2183.90
2182.61
2182.61
2182.61
2182.61
2181.32
2181.32
2181.32
2181.32
2180.03
2180.03
2180.03
2180.03
2178.75
2178.75
2178.75
2178.75
2178.75
2177.46
2177.46
2177.46
2177.46
2176.17
2176.17
2176.17
2176.17
2174.89
2174.89
2174.89
2174.89
2173.60
2173.60
2173.60
2173.60
2172.31
2172.31
2172.31
2172.31
2172.31
2171.03
2171.03
2171.03
2171.03
2168.45
2168.45
2168.45
2168.45
2167.17
2167.17
2167.17
2167.17
2165.88
2165.88
2165.88
2165.88
2165.88
2164.59
2164.59
2164.59
2164.59
2163.30
2163.30
2163.30
2163.30
2162.02
2162.02
2162.02
2162.02
2162.02
2160.73
2160.73
2160.73
2160.73
2159.44
2159.44
2159.44
2159.44
2158.16
2158.16
2158.16
2158.16
2156.87
2156.87
2156.87
2156.87
2155.58
2155.58
2155.58
2155.58
2155.58
2154.30
2154.30
2154.30
2154.30
2153.01
2153.01
2153.01
2153.01
2151.72
2151.72
2151.72
2151.72
2151.72
2150.44
2150.44
2150.44
2150.44
2149.15
2149.15
2149.15
2149.15
2147.86
2147.86
2147.86
2147.86
2147.86
2146.57
2146.57
2146.57
2146.57
2145.29
2145.29
2145.29
2145.29
2144.00
2144.00
2144.00
2144.00
2142.71
2142.71
2142.71
2142.71
2142.71
2141.43
2141.43
2141.43
2141.43
2140.14
2140.14
2140.14
2140.14
2138.85
2138.85
2138.85
2138.85
2138.85
2137.57
2137.57
2137.57
2137.57
2136.28
2136.28
2136.28
2136.28
2134.99
2134.99
2134.99
2134.99
2133.71
2133.71
2133.71
2133.71
2133.71
2132.42
2132.42
2132.42
2132.42
2131.13
2131.13
2131.13
2131.13
2131.13
2129.84
2129.84
2129.84
2129.84
2128.56
2128.56
2128.56
2128.56
2127.27
2127.27
2127.27
2127.27
2127.27
2125.98
2125.98
2125.98
2125.98
2124.70
2124.70
2124.70
2124.70
2123.41
2123.41
2123.41
2123.41
2123.41
2122.12
2122.12
2122.12
2122.12
2120.84
2120.84
2120.84
2120.84
2119.55
2119.55
2119.55
2119.55
2119.55
2118.26
2118.26
2118.26
2118.26
2116.98
