IEC 61083-2 TDG Version 2.1.0
Data File Version  2.1.0
07 LI-A7
16 bits, 25995 samples at 10ns
1.000000e-008
0.0
0.0
0.0
0.0
0.0
0.0
0.0
0.0
0.0
0.0
0.0
0.0
0.0
0.0
0.0
0.0
0.0
0.0
0.0
0.0
0.0
0.0
0.0
0.0
0.0
0.0
0.0
0.0
0.0
0.0
0.0
0.0
0.0
0.0
0.0
0.0
0.0
0.0
0.0
0.0
0.0
0.0
0.0
0.0
0.0
0.0
0.0
0.0
0.0
0.0
0.0
0.0
0.0
0.0
0.0
0.0
0.0
0.0
0.0
0.0
0.0
0.0
0.0
0.0
0.0
0.0
0.0
0.0
0.0
0.0
0.0
0.0
0.0
0.0
0.0
0.0
0.0
0.0
0.0
0.0
0.0
0.0
0.0
0.0
0.0
0.0
0.0
0.0
0.0
0.0
0.0
0.0
0.0
0.0
0.0
0.0
0.0
0.0
0.0
0.0
0.0
0.0
0.0
0.0
0.0
0.0
0.0
0.0
0.0
0.0
0.0
0.0
0.0
0.0
0.0
0.0
0.0
0.0
0.0
0.0
0.0
0.0
0.0
0.0
0.0
0.0
0.0
0.0
0.0
0.0
0.0
0.0
0.0
0.0
0.0
0.0
0.0
0.0
0.0
0.0
0.0
0.0
0.0
0.0
0.0
0.0
0.0
0.0
0.0
0.0
0.0
0.0
0.0
0.0
0.0
0.0
0.0
0.0
0.0
0.0
0.0
0.0
0.0
0.0
0.0
0.0
0.0
0.0
0.0
0.0
0.0
0.0
0.0
0.0
0.0
0.0
0.0
0.0
0.0
0.0
0.0
0.0
0.0
0.0
0.0
0.0
0.0
0.0
0.0
0.0
0.0
0.0
0.0
0.0
0.0
0.0
0.0
0.0
0.0
0.0
0.0
0.0
0.0
0.0
0.0
0.0
0.0
0.0
0.0
0.0
0.0
0.0
0.0
0.0
0.0
0.0
0.0
0.0
0.0
0.0
0.0
0.0
0.0
0.0
0.0
0.0
0.0
0.0
0.0
0.0
0.0
0.0
0.0
0.0
0.0
0.0
0.0
0.0
0.0
0.0
0.0
0.0
0.0
0.0
0.0
0.0
0.0
0.0
0.0
0.0
0.0
0.0
0.0
0.0
0.0
0.0
0.0
0.0
0.0
0.0
0.0
0.0
0.0
0.0
0.0
0.0
0.0
0.0
0.0
0.0
0.0
0.0
0.0
0.0
0.0
0.0
0.0
0.0
0.0
0.0
0.0
0.0
0.0
0.0
0.0
0.0
0.0
0.0
0.0
0.0
0.0
0.0
0.0
0.0
0.0
0.0
0.0
0.0
0.0
0.0
0.0
0.0
0.0
0.0
0.0
0.0
0.0
0.0
0.0
0.0
0.0
0.0
0.0
0.0
0.0
0.0
0.0
0.0
0.0
0.0
0.0
0.0
0.0
0.0
0.0
0.0
0.0
0.0
0.0
0.0
0.0
0.0
0.0
0.0
0.0
0.0
0.0
0.0
0.0
0.0
0.0
0.0
0.0
0.0
0.0
0.0
0.0
0.0
0.0
0.0
0.0
0.0
0.0
0.0
0.0
0.0
0.0
0.0
0.0
0.0
0.0
0.0
0.0
0.0
0.0
0.0
0.0
0.0
0.0
0.0
0.0
0.0
0.0
0.0
0.0
0.0
0.0
0.0
0.0
0.0
0.0
0.0
0.0
0.0
0.0
0.0
0.0
0.0
0.0
0.0
0.0
0.0
0.0
0.0
0.0
0.0
0.0
0.0
0.0
0.0
0.0
0.0
0.0
0.0
0.0
0.0
0.0
0.0
0.0
0.0
0.0
0.0
0.0
0.0
0.0
0.0
0.0
0.0
0.0
0.0
0.0
0.0
0.0
0.0
0.0
0.0
0.0
0.0
0.0
0.0
0.0
0.0
0.0
0.0
0.0
0.0
0.0
0.0
0.0
0.0
0.0
0.0
0.0
0.0
0.0
0.0
0.0
0.0
0.0
0.0
0.0
0.0
0.0
0.0
0.0
0.0
0.0
0.0
0.0
0.0
0.0
0.0
0.0
0.0
0.0
0.0
0.0
0.0
0.0
0.0
0.0
0.0
0.0
0.0
0.0
0.0
0.0
0.0
0.0
0.0
0.0
0.0
0.0
0.0
0.0
0.0
0.0
0.0
0.0
0.0
0.0
0.0
0.0
0.0
0.0
0.0
0.0
0.0
0.0
0.0
0.0
0.0
0.0
0.0
0.0
0.0
0.0
0.0
0.0
0.0
0.0
0.0
0.0
0.0
0.0
0.0
0.0
0.0
0.0
0.0
0.0
0.0
0.0
0.0
0.0
0.0
0.0
0.0
0.0
0.0
0.0
0.0
0.0
0.0
0.0
0.0
0.0
0.0
0.0
0.0
0.0
0.0
0.0
0.0
0.0
0.0
0.0
0.0
0.0
0.0
0.0
0.0
0.0
0.0
0.0
0.0
0.0
0.0
0.0
0.0
0.0
0.0
0.0
0.0
0.0
0.0
0.0
0.0
0.0
0.0
0.0
0.0
0.0
0.0
0.0
0.0
0.0
0.0
0.0
0.0
0.0
0.0
0.0
0.0
0.0
0.0
0.0
0.0
0.0
0.0
0.0
0.0
0.0
0.0
0.0
0.0
0.0
0.0
0.0
0.0
0.0
0.0
0.0
0.0
0.0
0.0
0.0
0.0
0.0
0.0
0.0
0.0
0.0
0.0
0.0
0.0
0.0
0.0
0.0
0.0
0.0
0.0
0.0
0.0
0.0
0.0
0.0
0.0
0.0
0.0
0.0
0.0
0.0
0.0
0.0
0.0
0.0
0.0
0.0
0.0
0.0
0.0
0.0
0.0
0.0
0.0
0.0
0.0
0.0
0.0
0.0
0.0
0.0
0.0
0.0
0.0
0.0
0.0
0.0
0.0
0.0
0.0
0.0
0.0
0.0
0.0
0.0
0.0
0.0
0.0
0.0
0.0
0.0
0.0
0.0
0.0
0.0
0.0
0.0
0.0
0.0
0.0
0.0
0.0
0.0
0.0
0.0
0.0
0.0
0.0
0.0
0.0
0.0
0.0
0.0
0.0
0.0
0.0
0.0
0.0
0.0
0.0
0.0
0.0
0.0
0.0
0.0
0.0
0.0
0.0
0.0
0.0
0.0
0.0
0.0
0.0
0.0
0.0
0.0
0.0
0.0
0.0
0.0
0.0
0.0
0.0
0.0
0.0
0.0
0.0
0.0
0.0
0.0
0.0
0.0
0.0
0.0
0.0
0.0
0.0
0.0
0.0
0.0
0.0
0.0
0.0
0.0
0.0
0.0
0.0
0.0
0.0
0.0
0.0
0.0
0.0
0.0
0.0
0.0
0.0
0.0
0.0
0.0
0.0
0.0
0.0
0.0
0.0
0.0
0.0
0.0
0.0
0.0
0.0
0.0
0.0
0.0
0.0
0.0
0.0
0.0
0.0
0.0
0.0
0.0
0.0
0.0
0.0
0.0
0.0
0.0
0.0
0.0
0.0
0.0
0.0
0.0
0.0
0.0
0.0
0.0
0.0
0.0
0.0
0.0
0.0
0.0
0.0
0.0
0.0
0.0
0.0
0.0
0.0
0.0
0.0
0.0
0.0
0.0
0.0
0.0
0.0
0.0
0.0
0.0
0.0
0.0
0.0
0.0
0.0
0.0
0.0
0.0
0.0
0.0
0.0
0.0
0.0
0.0
0.0
0.0
0.0
0.0
0.0
0.0
0.0
0.0
0.0
0.0
0.0
0.0
0.0
0.0
0.0
0.0
0.0
0.0
0.0
0.0
0.0
0.0
0.0
0.0
0.0
0.0
0.0
0.0
0.0
0.0
0.0
0.0
0.0
0.0
0.0
0.0
0.0
0.0
0.0
0.0
0.0
0.0
0.0
0.0
0.0
0.0
0.0
0.0
0.0
0.0
0.0
0.0
0.0
0.0
0.0
0.0
0.0
0.0
0.0
0.0
0.0
0.0
0.0
0.0
0.0
0.0
0.0
0.0
0.0
0.0
0.0
0.0
0.0
0.0
0.0
0.0
0.0
0.0
0.0
0.0
0.0
0.0
0.0
0.0
0.0
0.0
0.0
0.0
0.0
0.0
0.0
0.0
0.0
0.0
0.0
0.0
0.0
0.0
0.0
0.0
0.0
0.0
0.0
0.0
0.0
0.0
0.0
0.0
0.0
0.0
0.0
0.0
0.0
0.0
0.0
0.0
0.0
0.0
0.0
0.0
0.0
0.0
0.0
0.0
0.0
0.0
0.0
0.0
0.0
0.0
0.0
0.0
0.0
0.0
0.0
0.0
0.0
0.0
0.0
0.0
0.0
0.0
0.0
0.0
0.0
0.0
0.0
0.0
0.0
0.0
0.0
0.0
0.0
0.0
0.0
0.0
0.0
0.0
0.0
0.0
0.0
0.0
4.8
21.0
50.1
88.9
138.9
198.7
269.8
352.2
444.3
547.7
660.8
783.6
916.1
1059.9
1213.3
1376.5
1547.8
1730.3
1922.6
2122.9
2333.0
2552.7
2778.9
3018.0
3261.9
3517.2
3780.6
4052.0
4331.5
4619.1
4914.7
5220.1
5530.3
5851.8
6179.8
6512.6
6855.1
7204.1
7562.7
7926.3
8296.2
8675.9
9058.8
9451.4
9848.9
10254.4
10664.7
11081.6
11504.9
11933.0
12367.6
12808.7
13254.6
13707.0
14164.2
14627.9
15094.8
15568.2
16046.4
16529.5
17017.4
17510.1
18006.1
18507.0
19014.3
19523.2
20038.6
20555.6
21079.1
21604.1
22134.1
22667.2
23203.6
23744.8
24287.7
24835.4
25384.7
25938.9
26494.6
27053.6
27614.3
28179.7
28745.2
29313.9
29885.8
30459.4
31034.5
31612.9
32192.9
32774.6
33357.8
33942.7
34529.1
35115.6
35705.3
36296.6
36888.0
37479.3
38073.8
38668.4
39264.5
39860.7
40458.5
41054.7
41652.4
42251.8
42849.6
43449.0
44048.4
44646.2
45245.6
45845.0
46441.1
47040.5
47639.9
48236.1
48833.9
49430.1
50026.2
50620.8
51216.9
51808.3
52402.8
52992.5
53583.8
54171.9
54761.6
55346.5
55932.9
56516.2
57099.4
57679.4
58259.4
58836.2
59411.4
59986.5
60558.5
61127.2
61695.9
62263.0
62826.8
63387.4
63946.4
64503.8
65058.0
65610.5
66159.9
66707.6
67252.0
67794.9
68334.5
68869.3
69404.0
69935.6
70463.9
70989.0
71510.8
72029.4
72546.4
73058.6
73569.1
74076.4
74578.9
75079.7
75577.3
76070.1
76559.6
77047.6
77530.6
78010.5
78487.1
78958.8
79429.0
79894.3
80354.7
80813.6
81267.6
81718.3
82164.2
82608.5
83048.0
83481.0
83915.6
84342.1
84765.4
85183.8
85600.7
86011.0
86419.8
86822.1
87222.8
87617.0
88008.0
88395.7
88777.0
89156.7
89531.5
89899.9
90268.2
90630.1
90985.6
91339.4
91688.3
92032.5
92373.4
92709.4
93042.2
93370.2
93693.3
94011.6
94325.0
94636.9
94942.2
95242.7
95541.6
95832.4
96123.2
96406.0
96685.5
96961.7
97233.2
97498.1
97759.9
98018.4
98272.0
98520.8
98766.4
99005.5
99243.0
99474.0
99700.2
99924.8
100139.7
100359.4
100569.4
100769.8
100970.1
101170.5
101357.9
101548.5
101739.2
101920.1
102089.7
102269.1
102429.0
102598.7
102750.5
102908.9
103059.1
103209.4
103348.3
103488.9
103618.1
103749.0
103879.9
103999.4
104119.0
104228.8
104340.3
104448.6
104550.3
104648.9
104737.8
104829.8
104918.7
104999.5
105078.6
105148.1
105219.2
105288.7
105348.5
105408.2
105469.6
105519.7
105568.2
105608.6
105660.3
105689.4
105729.7
105758.8
105789.5
105808.9
105828.3
105849.3
105859.0
105868.7
105878.4
105878.4
105878.4
105878.4
105868.7
105859.0
105849.3
105828.3
105808.9
105789.5
105758.8
105729.7
105699.0
105670.0
105628.0
105589.2
105548.8
105498.7
105450.2
105398.5
105338.8
105288.7
105219.2
105159.4
105099.7
105030.2
104959.1
104878.3
104808.8
104728.1
104648.9
104560.0
104479.3
104388.8
104298.3
104209.4
104109.3
104009.1
103908.9
103808.8
103710.2
103598.7
103488.9
103379.0
103269.1
103148.0
103039.7
102918.6
102799.0
102679.4
102550.2
102419.3
102299.8
102168.9
102038.0
101899.1
101768.2
101629.3
101488.7
101348.2
101209.2
101068.7
100928.1
100779.5
100629.2
100479.0
100330.3
100178.5
100028.2
99874.7
99721.2
99562.9
99406.2
99247.9
99089.5
98926.3
98764.8
98601.6
98438.4
98273.6
98107.2
97940.8
97772.8
97604.8
97435.1
97265.5
97094.2
96921.4
96750.1
96577.2
96404.4
96228.3
96053.8
95877.7
95699.9
95525.5
95346.1
95170.0
94990.7
94814.6
94633.6
94454.3
94275.0
94095.6
93914.7
93733.7
93552.8
93373.4
93190.9
93008.3
92827.4
92646.4
92465.5
92282.9
92100.3
91919.4
91736.8
91554.3
91373.3
91190.7
91008.2
90827.2
90646.3
90465.3
90282.8
90101.8
89922.5
89741.5
89560.6
89381.2
89200.3
89022.6
88841.6
88663.9
88486.2
88306.8
88130.7
87953.0
87776.9
87600.8
87424.7
87248.6
87074.1
86901.3
86726.8
86553.9
86381.0
86209.8
86038.5
85868.9
85699.2
85529.6
85361.6
85193.5
85027.1
84859.1
84694.3
84529.5
84366.3
84203.2
84040.0
83878.4
83718.5
83556.9
83398.6
83241.9
83081.9
82926.8
82771.7
82618.2
82464.7
82309.6
82159.4
82007.5
81858.9
81710.2
81560.0
81413.0
81267.6
81123.8
80980.0
80837.8
80695.6
80555.1
80416.1
80277.2
80139.9
80004.1
79866.8
79732.7
79600.2
79467.8
79336.9
79207.6
79078.4
78952.4
78824.7
78700.3
78575.9
78453.1
78332.0
78212.4
78091.2
77973.3
77857.0
77742.3
77625.9
77514.5
77401.4
77291.5
77181.6
77071.8
76965.2
76858.5
76755.1
76650.1
76549.9
76446.5
76348.0
76247.8
76150.9
76055.6
75960.2
75866.5
75774.4
75682.3
75591.9
75503.0
75415.8
75328.5
75244.5
75160.5
75078.1
74995.7
74916.5
74837.4
74759.8
74683.9
74608.0
74533.6
74459.3
74388.2
74317.1
74247.7
74179.8
74113.6
74049.0
73984.3
73921.3
73859.9
73798.5
73738.8
73680.6
73622.4
73567.5
73510.9
73457.6
73404.3
73354.2
73304.1
73254.1
73205.6
73160.4
73113.5
73068.3
73026.3
72982.6
72940.6
72901.9
72863.1
72825.9
72787.1
72753.2
72717.7
72685.4
72651.4
72620.7
72590.0
72561.0
72533.5
72504.4
72480.2
72452.7
72430.1
72407.5
72384.9
72362.2
72342.9
72325.1
72305.7
72289.5
72271.8
72257.2
72242.7
72228.1
72216.8
72205.5
72194.2
72186.1
72174.8
72168.4
72160.3
72155.4
72149.0
72145.7
72140.9
72137.7
72136.1
72136.1
72136.1
72136.1
72137.7
72139.3
72142.5
72145.7
72150.6
72155.4
72160.3
72168.4
72174.8
72182.9
72192.6
72202.3
72212.0
72223.3
72234.6
72245.9
72260.5
72275.0
72287.9
72302.5
72317.0
72334.8
72350.9
72368.7
72386.5
72405.9
72423.6
72443.0
72465.6
72485.0
72506.0
72527.0
72551.3
72573.9
72596.5
72620.7
72645.0
72670.8
72696.7
72720.9
72748.4
72774.2
72801.7
72829.2
72856.6
72887.3
72914.8
72945.5
72972.9
73002.0
73032.7
73063.4
73095.7
73126.4
73158.7
73189.4
73223.4
73255.7
73289.6
73321.9
73354.2
73389.8
73422.1
73457.6
73491.6
73525.5
73561.0
73596.6
73632.1
73667.7
73704.8
73740.4
73777.5
73813.1
73850.2
73885.8
73922.9
73960.1
73997.3
74034.4
74073.2
74108.7
74147.5
74186.3
74223.4
74262.2
74299.4
74338.1
74375.3
74414.1
74452.9
74491.6
74528.8
74567.6
74606.3
74645.1
74683.9
74721.1
74761.4
74798.6
74839.0
74876.2
74914.9
74953.7
74990.9
75031.3
75068.4
75107.2
75144.3
75183.1
75221.9
75259.1
75297.8
75333.4
75372.1
75409.3
75448.1
75485.2
75522.4
75557.9
75596.7
75632.3
75669.4
75706.6
75743.7
75779.3
75814.8
75852.0
75887.5
75923.1
75958.6
75994.2
76028.1
76063.6
76097.6
76133.1
76167.0
76201.0
76234.9
76270.4
76301.1
76335.1
76367.4
76401.3
76433.6
76467.5
76498.2
76528.9
76561.2
76591.9
76624.3
76655.0
76685.7
76716.3
76747.0
76774.5
76803.6
76834.3
76863.4
76892.5
76919.9
76949.0
76976.5
77002.3
77029.8
77057.2
77084.7
77110.6
77136.4
77162.3
77186.5
77212.3
77238.2
77262.4
77285.0
77310.9
77333.5
77356.1
77378.8
77401.4
77424.0
77446.6
77467.6
77487.0
77509.6
77530.6
77550.0
77571.0
77588.8
77608.2
77627.6
77646.9
77664.7
77682.5
77698.6
77718.0
77734.2
77750.3
77764.9
77782.7
77798.8
77813.4
77826.3
77842.4
77857.0
77869.9
77882.8
77895.8
77908.7
77921.6
77932.9
77945.8
77955.5
77966.8
77979.8
77989.5
77999.2
78007.2
78016.9
78026.6
78033.1
78041.2
78050.9
78058.9
78065.4
78071.9
78078.3
78084.8
78089.6
78096.1
78100.9
78105.8
78109.0
78113.9
78118.7
78123.6
78125.2
78128.4
78130.0
78133.3
78134.9
78136.5
78138.1
78138.1
78139.7
78139.7
78139.7
78139.7
78138.1
78138.1
78136.5
78134.9
78133.3
78130.0
78128.4
78125.2
78121.9
78118.7
78113.9
78109.0
78105.8
78100.9
78096.1
78091.2
78086.4
78079.9
78075.1
78067.0
78062.2
78054.1
78046.0
78037.9
78031.5
78023.4
78015.3
78007.2
77999.2
77989.5
77981.4
77970.1
77960.4
77950.7
77941.0
77931.3
77920.0
77907.1
77897.4
77884.4
77873.1
77861.8
77850.5
77836.0
77823.1
77811.7
77798.8
77785.9
77769.7
77758.4
77743.9
77731.0
77716.4
77700.3
77685.7
77671.2
77656.6
77640.5
77624.3
77608.2
77593.6
77577.5
77559.7
77543.5
77527.4
77511.2
77493.5
77475.7
77459.5
77443.4
77424.0
77406.2
77388.4
77370.7
77351.3
77333.5
77315.7
77296.4
77277.0
77257.6
77239.8
77218.8
77199.4
77181.6
77162.3
77141.3
77120.3
77100.9
77079.9
77060.5
77041.1
77020.1
76999.1
76979.7
76958.7
76936.1
76916.7
76895.7
76873.1
76852.1
76831.1
76810.1
76787.4
76766.4
76745.4
76722.8
76701.8
76679.2
76656.6
76635.6
76612.9
76590.3
76567.7
76546.7
76522.5
76501.5
76478.9
76456.2
76433.6
76411.0
76386.8
76365.8
76343.1
76318.9
76296.3
76275.3
76251.0
76228.4
76205.8
76181.6
76159.0
76136.3
76112.1
76089.5
76066.9
76042.6
76021.6
75999.0
75974.8
75952.2
75929.5
75903.7
75882.7
75860.1
75835.8
75813.2
75790.6
75766.4
75743.7
75721.1
75696.9
75674.3
75653.3
75629.0
75606.4
75583.8
75559.6
75536.9
75514.3
75490.1
75467.5
75444.9
75422.2
75399.6
75377.0
75354.4
75331.8
75309.1
75286.5
75263.9
75242.9
75218.7
75197.7
75175.0
75154.0
75131.4
75108.8
75086.2
75063.6
75042.6
75021.6
74998.9
74977.9
74955.3
74934.3
74911.7
74890.7
74868.1
74848.7
74826.1
74806.7
74784.1
74763.1
74742.1
74721.1
74700.0
74679.0
74658.0
74637.0
74617.7
74595.0
74575.6
74556.3
74535.3
74514.3
74494.9
74475.5
74454.5
74435.1
74415.7
74396.3
74375.3
74355.9
74338.1
74317.1
74297.8
74280.0
74260.6
74241.2
74221.8
74204.1
74186.3
74165.3
74147.5
74129.7
74110.3
74092.6
74074.8
74057.0
74037.6
74019.9
74003.7
73985.9
73966.6
73950.4
73932.6
73916.5
73897.1
73880.9
73864.8
73848.6
73829.2
73813.1
73796.9
73780.8
73763.0
73748.4
73730.7
73716.1
73698.4
73682.2
73667.7
73653.1
73637.0
73620.8
73604.7
73590.1
73575.6
73557.8
73543.3
73528.7
73515.8
73501.3
73485.1
73470.6
73456.0
73443.1
73428.6
73414.0
73399.5
73386.5
73372.0
73359.1
73342.9
73331.6
73317.1
73304.1
73291.2
73276.7
73263.8
73250.8
73237.9
73226.6
73212.1
73199.1
73187.8
73174.9
73163.6
73152.3
73137.7
73126.4
73113.5
73103.8
73092.5
73078.0
73066.7
73055.3
73044.0
73032.7
73023.0
73010.1
72998.8
72987.5
72977.8
72968.1
72956.8
72945.5
72934.2
72924.5
72914.8
72903.5
72893.8
72884.1
72872.8
72863.1
72853.4
72843.7
72834.0
72824.3
72814.6
72803.3
72795.2
72785.5
72775.8
72767.8
72758.1
72748.4
72740.3
72729.0
72720.9
72712.8
72704.8
72695.1
72687.0
72678.9
72669.2
72661.1
72653.1
72643.4
72636.9
72628.8
72620.7
72612.7
72604.6
72594.9
72586.8
72580.3
72572.3
72565.8
72557.7
72549.7
72543.2
72535.1
72527.0
72519.0
72512.5
72504.4
72498.0
72491.5
72483.4
72476.9
72470.5
72462.4
72455.9
72447.9
72441.4
72434.9
72428.5
72422.0
72415.6
72409.1
72402.6
72396.2
72388.1
72381.6
72375.2
72368.7
72362.2
72357.4
72350.9
72344.5
72338.0
72333.2
72326.7
72318.6
72313.8
72307.3
72302.5
72296.0
72289.5
72284.7
72278.2
72271.8
72266.9
72260.5
72255.6
72249.1
72242.7
72236.2
72231.4
72226.5
72220.1
72215.2
72208.8
72203.9
72199.1
72192.6
72187.8
72179.7
72174.8
72170.0
72165.1
72158.7
72153.8
72149.0
72144.1
72137.7
72132.8
72128.0
72121.5
72116.7
72110.2
72105.4
72100.5
72094.0
72089.2
72084.4
72077.9
72073.0
72068.2
72063.3
72058.5
72053.7
72045.6
72040.7
72035.9
72031.0
72024.6
72019.7
72014.9
72010.0
72003.6
71998.7
71993.9
71989.0
71984.2
71979.3
71971.3
71966.4
71961.6
71955.1
71950.3
71945.4
71940.6
71935.7
71929.3
71924.4
71919.6
71913.1
71906.6
71901.8
71896.9
71892.1
71885.6
71880.8
71875.9
71869.5
71864.6
71859.8
71853.3
71848.5
71843.6
71835.5
71830.7
71824.2
71819.4
71814.5
71808.1
71803.2
71796.8
71791.9
71785.5
71780.6
71774.2
71767.7
71761.2
71756.4
71751.5
71745.1
71738.6
71733.8
71727.3
71720.8
71716.0
71709.5
71704.7
71696.6
71690.1
71685.3
71678.8
71672.4
71667.5
71661.1
71656.2
71648.1
71643.3
71636.8
71628.7
71622.3
71617.4
71611.0
71604.5
71598.0
71591.6
71585.1
71580.3
71572.2
71567.4
71559.3
71552.8
71546.3
71538.3
71533.4
71527.0
71518.9
71514.0
71506.0
71499.5
71491.4
71485.0
71478.5
71472.0
71465.6
71457.5
71451.0
71444.6
71438.1
71431.6
71421.9
71415.5
71409.0
71402.6
71394.5
71388.0
71379.9
71373.5
71367.0
71358.9
71350.9
71344.4
71336.3
71328.2
71321.8
71313.7
71307.2
71299.2
71292.7
71283.0
71276.5
71268.5
71260.4
71253.9
71245.8
71237.8
71231.3
71223.2
71215.1
71207.1
71199.0
71192.5
71184.4
71176.4
71168.3
71160.2
71152.1
71144.1
71136.0
71127.9
71119.8
71111.7
71103.7
71095.6
71087.5
71077.8
71071.4
71061.7
71053.6
71045.5
71039.0
71029.3
71021.3
71013.2
71003.5
70995.4
70987.3
70979.3
70969.6
70963.1
70953.4
70945.3
70935.6
70925.9
70919.5
70909.8
70901.7
70893.6
70883.9
70875.9
70866.2
70858.1
70848.4
70840.3
70830.6
70822.5
70814.5
70803.2
70795.1
70787.0
70777.3
70769.2
70761.2
70751.5
70743.4
70732.1
70722.4
70714.3
70704.6
70696.5
70686.8
70678.8
70670.7
70657.8
70649.7
70641.6
70631.9
70623.8
70614.1
70604.4
70594.7
70585.1
70575.4
70567.3
70557.6
70547.9
70539.8
70530.1
70518.8
70509.1
70501.0
70491.3
70483.3
70472.0
70463.9
70452.6
70444.5
70433.2
70425.1
70415.4
70407.3
70397.6
70386.3
70376.6
70366.9
70358.9
70349.2
70337.9
70329.8
70318.5
70310.4
70299.1
70289.4
70279.7
70271.6
70261.9
70250.6
70240.9
70231.2
70221.5
70211.8
70203.8
70194.1
70182.8
70173.1
70163.4
70153.7
70144.0
70134.3
70124.6
70116.5
70105.2
70095.5
70085.8
70074.5
70064.8
70056.7
70045.4
70035.7
70026.0
70016.4
70006.7
69997.0
69987.3
69976.0
69966.3
69956.6
69946.9
69937.2
69927.5
69917.8
69906.5
69896.8
69887.1
69877.4
69867.7
69858.0
69848.3
69837.0
69827.3
69817.6
69809.6
69799.9
69790.2
69780.5
69769.2
69757.9
69748.2
69738.5
69728.8
69719.1
69711.0
69699.7
69690.0
69680.3
69670.6
69660.9
69651.2
69641.5
69630.2
69620.5
69610.8
69601.1
69591.4
69581.7
69572.1
69560.7
69551.1
69541.4
69531.7
69522.0
69512.3
69502.6
69492.9
69483.2
69473.5
69463.8
69454.1
69444.4
69434.7
69423.4
69413.7
69404.0
69394.3
69384.6
69374.9
69365.3
69355.6
69345.9
69336.2
69326.5
69316.8
69307.1
69297.4
69286.1
69278.0
69268.3
69258.6
69248.9
69239.2
69229.5
69221.5
69210.2
69200.5
69190.8
69181.1
69171.4
69163.3
69153.6
69142.3
69132.6
69122.9
69114.8
69105.1
69095.4
69085.8
69074.4
69066.4
69056.7
69047.0
69037.3
69029.2
69019.5
69008.2
68998.5
68990.4
68980.7
68971.0
68961.3
68953.3
68943.6
68932.3
68922.6
68914.5
68904.8
68895.1
68887.0
68877.3
68866.0
68857.9
68848.3
68838.6
68830.5
68820.8
68811.1
68801.4
68791.7
68783.6
68773.9
68764.2
68756.2
68746.5
68738.4
68727.1
68717.4
68709.3
68699.6
68689.9
68681.8
68672.2
68662.5
68654.4
68644.7
68635.0
68626.9
68617.2
68609.1
68599.4
68589.8
68580.1
68572.0
68562.3
68554.2
68544.5
68536.4
68525.1
68517.1
68507.4
68499.3
68489.6
68481.5
68473.4
68463.7
68454.0
68444.3
68436.3
68426.6
68418.5
68408.8
68400.7
68392.6
68381.3
68373.3
68365.2
68355.5
68347.4
68339.3
68329.6
68319.9
68310.3
68302.2
68294.1
68286.0
68276.3
68268.2
68258.6
68248.9
68240.8
68231.1
68223.0
68214.9
68206.9
68197.2
68189.1
68179.4
68171.3
68161.6
68153.5
68145.5
68135.8
68127.7
68119.6
68109.9
68100.2
68092.1
68084.1
68076.0
68067.9
68058.2
68050.1
68040.4
68032.4
68024.3
68014.6
68006.5
67998.4
67990.4
67982.3
67971.0
67962.9
67954.8
67946.7
67938.7
67929.0
67920.9
67912.8
67903.1
67895.0
67887.0
67877.3
67870.8
67861.1
67853.0
67845.0
67835.3
67827.2
67819.1
67811.0
67802.9
67794.9
67785.2
67777.1
67767.4
67759.3
67751.2
67743.2
67735.1
67727.0
67718.9
67710.9
67702.8
67693.1
67683.4
67675.3
67668.8
67659.2
67651.1
67643.0
67634.9
67625.2
67617.1
67609.1
67601.0
67592.9
67584.8
67576.8
67568.7
67559.0
67550.9
67542.8
67534.8
67526.7
67518.6
67508.9
67502.4
67492.7
67484.7
67476.6
67468.5
67460.4
67452.4
67444.3
67436.2
67428.1
67416.8
67410.3
67402.3
67394.2
67384.5
67378.0
67370.0
67361.9
67352.2
67344.1
67336.0
67328.0
67319.9
67311.8
67303.7
67295.6
67285.9
67277.9
67269.8
67261.7
67253.6
67245.6
67237.5
67229.4
67221.3
67213.2
67205.2
67195.5
67187.4
67180.9
67172.9
67164.8
67155.1
67147.0
67138.9
67130.8
67122.8
67114.7
67106.6
67098.5
67090.5
67082.4
67074.3
67064.6
67056.5
67048.4
67042.0
67033.9
67025.8
67016.1
67008.1
67000.0
66991.9
66983.8
66975.7
66967.7
66959.6
66951.5
66943.4
66933.7
66925.7
66917.6
66909.5
66903.0
66895.0
66886.9
66877.2
66869.1
66861.0
66853.0
66844.9
66836.8
66828.7
66820.6
66812.6
66802.9
66794.8
66788.3
66778.6
66770.6
66764.1
66756.0
66747.9
66739.9
66730.2
66722.1
66714.0
66705.9
66697.9
66689.8
66681.7
66673.6
66663.9
66655.9
66649.4
66639.7
66631.6
66625.2
66617.1
66609.0
66599.3
66591.2
66583.1
66575.1
66567.0
66558.9
66550.8
66542.8
66534.7
66525.0
66516.9
66508.8
66500.8
66492.7
66484.6
66478.1
66468.4
66460.4
66452.3
66444.2
66436.1
66426.4
66420.0
66411.9
66403.8
66395.7
66386.0
66378.0
66369.9
66361.8
66353.7
66345.7
66337.6
66329.5
66319.8
66313.3
66303.6
66295.6
66287.5
66281.0
66271.3
66263.3
66255.2
66247.1
66239.0
66229.3
66222.9
66214.8
66206.7
66197.0
66190.6
66180.9
66172.8
66163.1
66156.6
66148.5
66140.5
66132.4
66124.3
66116.2
66106.5
66098.5
66090.4
66082.3
66074.2
66066.1
66058.1
66050.0
66040.3
66032.2
66024.1
66016.1
66008.0
65999.9
65991.8
65983.8
65974.1
65966.0
65957.9
65949.8
65941.7
65933.7
65925.6
65917.5
65909.4
65899.7
65891.7
65883.6
65875.5
65867.4
65859.3
65851.3
65843.2
65833.5
65825.4
65817.3
65809.3
65801.2
65793.1
65785.0
65777.0
65767.3
65759.2
65751.1
65743.0
65734.9
65726.9
65718.8
65710.7
65702.6
65692.9
65684.9
65676.8
65668.7
65660.6
65652.5
65644.5
65636.4
65626.7
65618.6
65610.5
65602.5
65594.4
65584.7
65578.2
65570.2
65560.5
65552.4
65544.3
65536.2
65526.5
65520.1
65512.0
65502.3
65492.6
65486.1
65478.1
65468.4
65461.9
65453.8
65444.1
65436.1
65429.6
65418.3
65410.2
65402.1
65394.0
65386.0
65377.9
65371.4
65361.7
65352.0
65344.0
65335.9
65327.8
65319.7
65311.7
65303.6
65295.5
65285.8
65277.7
65269.6
65261.6
65253.5
65245.4
65237.3
65229.3
65221.2
65211.5
65203.4
65195.3
65187.2
65177.6
65171.1
65163.0
65154.9
65145.2
65137.2
65129.1
65119.4
65112.9
65104.9
65095.2
65087.1
65079.0
65070.9
65061.2
65054.8
65046.7
65037.0
65028.9
65022.5
65012.8
65003.1
64995.0
64988.5
64978.8
64970.8
64964.3
64954.6
64946.5
64936.8
64928.7
64920.7
64912.6
64904.5
64896.4
64888.4
64880.3
64870.6
64862.5
64854.4
64846.4
64838.3
64830.2
64822.1
64814.0
64806.0
64796.3
64788.2
64780.1
64772.0
64764.0
64755.9
64747.8
64739.7
64730.0
64721.9
64713.9
64705.8
64697.7
64689.6
64681.6
64673.5
64663.8
64655.7
64647.6
64639.6
64631.5
64623.4
64615.3
64607.2
64599.2
64589.5
64581.4
64573.3
64565.2
64557.2
64549.1
64541.0
64532.9
64523.2
64515.1
64507.1
64500.6
64490.9
64482.8
64476.4
64468.3
64457.0
64448.9
64442.4
64434.4
64424.7
64416.6
64410.1
64402.1
64394.0
64384.3
64376.2
64368.1
64360.0
64352.0
64343.9
64335.8
64327.7
64318.0
64310.0
64301.9
64293.8
64285.7
64277.7
64269.6
64261.5
64253.4
64243.7
64237.3
64227.6
64219.5
64213.0
64204.9
64196.9
64187.2
64179.1
64171.0
64162.9
64154.9
64146.8
64138.7
64130.6
64122.6
64112.9
64104.8
64096.7
64088.6
64080.5
64074.1
64066.0
64057.9
64048.2
64040.2
64032.1
64024.0
64015.9
64007.8
63999.8
63991.7
63983.6
63973.9
63965.8
63959.4
63951.3
63943.2
63935.1
63927.1
63919.0
63910.9
63901.2
63893.1
63885.1
63877.0
63868.9
63860.8
63854.4
63846.3
63836.6
63828.5
63820.4
63812.4
63804.3
63796.2
63788.1
63780.0
63773.6
63763.9
63755.8
63747.7
63739.6
63731.6
63723.5
63715.4
63707.3
63697.6
63691.2
63683.1
63675.0
63666.9
63658.9
63650.8
63644.3
63634.6
63624.9
63618.5
63610.4
63602.3
63594.2
63586.2
63578.1
63570.0
63563.5
63553.9
63545.8
63537.7
63529.6
63521.5
63515.1
63505.4
63497.3
63489.2
63481.1
63473.1
63465.0
63456.9
63448.8
63442.4
63434.3
63426.2
63416.5
63408.4
63400.4
63393.9
63385.8
63377.7
63369.7
63361.6
63351.9
63343.8
63337.4
63329.3
63321.2
63313.1
63305.0
63297.0
63290.5
63280.8
63272.7
63264.7
63256.6
63248.5
63242.0
63234.0
63225.9
63216.2
63208.1
63200.0
63193.6
63185.5
63177.4
63169.3
63161.3
63153.2
63145.1
63137.0
63128.9
63120.9
63112.8
63104.7
63098.2
63090.2
63082.1
63072.4
63064.3
63056.2
63049.8
63041.7
63033.6
63025.5
63017.5
63007.8
63001.3
62993.2
62985.1
62977.1
62969.0
62962.5
62954.5
62946.4
62936.7
62930.2
62922.1
62914.1
62906.0
62897.9
62889.8
62883.4
62875.3
62865.6
62857.5
62849.4
62841.4
62834.9
62826.8
62820.4
62812.3
62802.6
62794.5
62786.4
62778.3
62771.9
62763.8
62755.7
62747.7
62739.6
62729.9
62723.4
62715.3
62707.3
62700.8
62692.7
62684.6
62676.6
62668.5
62658.8
62652.3
62644.3
62637.8
62629.7
62621.6
62613.6
62605.5
62595.8
62589.3
62581.2
62573.2
62566.7
62558.6
62550.5
62542.5
62534.4
62524.7
62518.2
62510.2
62502.1
62495.6
62487.5
62479.5
62471.4
62463.3
62455.2
62447.1
62439.1
62432.6
62424.5
62416.4
62408.4
62400.3
62392.2
62384.1
62376.1
62369.6
62361.5
62353.4
62345.4
62337.3
62329.2
62322.7
62313.0
62305.0
62298.5
62290.4
62282.4
62274.3
62266.2
62259.7
62250.0
62242.0
62235.5
62227.4
62219.3
62212.9
62204.8
62196.7
62188.6
62179.0
62170.9
62164.4
62156.3
62149.9
62141.8
62133.7
62125.6
62117.6
62109.5
62101.4
62093.3
62085.2
62078.8
62070.7
62064.2
62056.2
62048.1
62038.4
62030.3
62023.9
62015.8
62007.7
61999.6
61993.2
61985.1
61978.6
61968.9
61960.8
61952.8
61944.7
61938.2
61930.1
61922.1
61915.6
61905.9
61897.8
61891.4
61883.3
61875.2
61867.1
61859.1
61852.6
61844.5
61834.8
61828.4
61820.3
61812.2
61805.7
61797.7
61789.6
61781.5
61775.0
61765.4
61757.3
61749.2
61742.7
61734.7
61726.6
61720.1
61712.0
61705.6
61695.9
61687.8
61679.7
61671.6
61665.2
61657.1
61649.0
61640.9
61634.5
61624.8
61618.3
61610.3
61602.2
61595.7
61587.6
61579.6
61571.5
61565.0
61555.3
61547.2
61539.2
61532.7
61524.6
61518.2
61510.1
61502.0
61495.5
61485.8
61477.8
61469.7
61463.2
61455.2
61447.1
61439.0
61432.5
61422.8
61414.8
61408.3
61400.2
61393.8
61385.7
61377.6
61369.5
61363.1
61353.4
61345.3
61337.2
61330.7
61322.7
61314.6
61308.1
61300.1
61293.6
61283.9
61275.8
61269.4
61261.3
61253.2
61246.7
61238.7
61230.6
61222.5
61214.4
61206.3
61198.3
61190.2
61183.7
61175.6
61169.2
61161.1
61154.6
61145.0
61136.9
61130.4
61122.3
61114.3
61106.2
61099.7
61091.6
61083.6
61073.9
61067.4
61059.3
61051.2
61044.8
61036.7
61030.2
61022.2
61014.1
61006.0
60997.9
60991.5
60983.4
60975.3
60967.2
60960.8
60952.7
60944.6
60936.5
60928.5
60920.4
60912.3
60905.8
60897.8
60891.3
60883.2
60875.1
60867.1
60859.0
60852.5
60844.4
60836.4
60829.9
60821.8
60813.7
60807.3
60797.6
60789.5
60783.1
60775.0
60766.9
60760.4
60752.4
60744.3
60737.8
60728.1
60720.0
60713.6
60705.5
60697.4
60691.0
60682.9
60676.4
60668.3
60660.3
60652.2
60644.1
60637.6
60629.6
60621.5
60615.0
60606.9
60598.9
60590.8
60582.7
60574.6
60568.2
60560.1
60552.0
60545.6
60537.5
60529.4
60521.3
60513.2
60505.2
60498.7
60490.6
60484.2
60476.1
60468.0
60461.5
60451.8
60445.4
60437.3
60429.2
60422.8
60414.7
60408.2
60400.1
60393.7
60384.0
60375.9
60369.5
60361.4
60353.3
60346.8
60338.8
60332.3
60324.2
60314.5
60308.1
60300.0
60291.9
60285.4
60277.4
60269.3
60262.8
60254.7
60246.7
60238.6
60230.5
60224.0
60216.0
60207.9
60201.4
60193.3
60186.9
60177.2
60169.1
60162.7
60154.6
60148.1
60140.0
60132.0
60125.5
60117.4
60107.7
60101.3
60093.2
60086.7
60078.6
60070.6
60064.1
60056.0
60049.6
60039.9
60033.4
60025.3
60017.2
60010.8
60002.7
59996.2
59988.2
59980.1
59972.0
59963.9
59957.5
59949.4
59942.9
59934.8
59926.8
59920.3
59912.2
59904.2
59896.1
59888.0
59881.5
59873.5
59867.0
59858.9
59852.5
59844.4
59834.7
59828.2
59820.1
59813.7
59805.6
59797.5
59791.1
59783.0
59776.5
59766.8
59760.4
59752.3
59744.2
59737.7
59729.7
59723.2
59715.1
59708.7
59700.6
59690.9
59684.4
59676.3
59669.9
59661.8
59655.3
59647.3
59640.8
59632.7
59623.0
59616.6
59608.5
59602.0
59594.0
59587.5
59579.4
59572.9
59564.9
59556.8
59548.7
59542.3
59534.2
59526.1
59519.6
59511.6
59505.1
59497.0
59488.9
59480.9
59474.4
59466.3
59459.9
59451.8
59443.7
59437.2
59429.2
59421.1
59413.0
59406.5
59398.5
59390.4
59383.9
59375.8
59369.4
59361.3
59351.6
59345.1
59337.1
59330.6
59322.5
59316.1
59308.0
59301.5
59293.4
59287.0
59277.3
59270.8
59262.7
59256.3
59248.2
59241.7
59233.7
59227.2
59219.1
59211.0
59203.0
59196.5
59188.4
59182.0
59173.9
59165.8
59159.3
59151.3
59143.2
59135.1
59128.7
59120.6
59114.1
59106.0
59099.6
59091.5
59085.0
59075.3
59068.9
59060.8
59054.3
59046.3
59039.8
59031.7
59025.3
59017.2
59009.1
59001.0
58992.9
58986.5
58978.4
58971.9
58963.9
58957.4
58949.3
58942.9
58933.2
58926.7
58920.2
58912.2
58905.7
58897.6
58891.2
58883.1
58876.6
58866.9
58858.8
58852.4
58844.3
58837.8
58829.8
58823.3
58815.2
58808.8
58799.1
58792.6
58786.1
58778.1
58771.6
58763.5
58757.1
58749.0
58742.5
58732.8
58724.7
58718.3
58710.2
58703.7
58695.7
58689.2
58682.7
58674.7
58668.2
58658.5
58652.0
58644.0
58637.5
58629.4
58623.0
58614.9
58608.4
58600.3
58592.3
58584.2
58577.7
58569.6
58563.2
58556.7
58548.6
58542.2
58534.1
58526.0
58517.9
58511.5
58503.4
58495.3
58488.9
58482.4
58474.3
58467.9
58459.8
58451.7
58445.2
58437.2
58430.7
58422.6
58416.2
58408.1
58400.0
58393.5
58383.8
58377.4
58370.9
58362.8
58356.4
58349.9
58341.8
58335.4
58327.3
58317.6
58311.1
58303.1
58296.6
58290.1
58282.1
58275.6
58267.5
58261.1
58254.6
58244.9
58238.4
58230.4
58222.3
58215.8
58209.4
58201.3
58194.8
58186.7
58178.7
58172.2
58164.1
58157.7
58149.6
58141.5
58135.0
58128.6
58120.5
58112.4
58106.0
58097.9
58091.4
58083.3
58076.9
58068.8
58062.3
58054.3
58047.8
58039.7
58031.6
58025.2
58018.7
58010.6
58002.6
57996.1
57988.0
57981.6
57973.5
57965.4
57958.9
57952.5
57944.4
57937.9
57929.9
57923.4
57915.3
57908.9
57899.2
57892.7
57886.2
57878.2
57871.7
57863.6
57857.2
57849.1
57842.6
57832.9
57826.5
57820.0
57811.9
57805.5
57799.0
57790.9
57782.8
57776.4
57769.9
57760.2
57753.8
57747.3
57739.2
57732.8
57724.7
57718.2
57710.1
57703.7
57695.6
57687.5
57681.1
57674.6
57666.5
57660.0
57652.0
57645.5
57637.4
57629.4
57622.9
57614.8
57608.3
57600.3
57593.8
57585.7
57579.3
57572.8
57564.7
57556.6
57550.2
57542.1
57535.6
57527.6
57521.1
57514.6
57506.6
57500.1
57493.6
57483.9
57477.5
57469.4
57462.9
57454.9
57448.4
57441.9
57435.5
57427.4
57417.7
57411.2
57404.8
57396.7
57390.2
57383.8
57375.7
57369.2
57361.2
57353.1
57346.6
57338.5
57332.1
57325.6
57317.5
57311.1
57303.0
57296.5
57290.1
57280.4
57273.9
57267.5
57259.4
57252.9
57244.8
57238.4
57231.9
57223.8
57215.8
57209.3
57201.2
57193.1
57186.7
57180.2
57173.7
57167.3
57159.2
57151.1
57143.0
57136.6
57128.5
57122.0
57115.6
57107.5
57101.0
57093.0
57086.5
57080.0
57072.0
57063.9
57057.4
57049.3
57042.9
57036.4
57028.3
57021.9
57015.4
57005.7
56999.3
56991.2
56984.7
56978.3
56971.8
56963.7
56957.3
56949.2
56942.7
56934.6
56926.6
56920.1
56913.6
56905.6
56899.1
56891.0
56884.5
56878.1
56870.0
56861.9
56855.5
56847.4
56840.9
56834.5
56828.0
56819.9
56813.5
56805.4
56797.3
56790.8
56784.4
56776.3
56769.8
56761.8
56755.3
56748.8
56742.4
56732.7
56726.2
56718.1
56711.7
56705.2
56698.8
56690.7
56684.2
56676.1
56669.7
56661.6
56655.1
56647.1
56640.6
56632.5
56626.0
56619.6
56613.1
56605.0
56598.6
56588.9
56582.4
56576.0
56569.5
56561.4
56555.0
56546.9
56540.4
56534.0
56525.9
56517.8
56511.3
56503.3
56496.8
56490.3
56483.9
56475.8
56469.3
56461.3
56453.2
56446.7
56440.3
56432.2
56425.7
56419.2
56411.2
56404.7
56398.2
56390.2
56382.1
56375.6
56369.2
56362.7
56354.6
56346.5
56340.1
56333.6
56327.2
56319.1
56311.0
56304.5
56296.5
56290.0
56283.5
56277.1
56269.0
56262.5
56256.1
56248.0
56239.9
56233.5
56225.4
56218.9
56212.4
56206.0
56197.9
56191.4
56185.0
56175.3
56168.8
56162.4
56154.3
56147.8
56141.4
56134.9
56128.4
56120.4
56113.9
56104.2
56097.7
56091.3
56084.8
56076.7
56070.3
56063.8
56057.3
56049.3
56041.2
56034.7
56026.7
56020.2
56013.7
56005.6
55999.2
55992.7
55986.3
55978.2
55970.1
55963.6
55957.2
55950.7
55942.6
55934.6
55928.1
55921.6
55915.2
55908.7
55899.0
55892.6
55886.1
55879.6
55871.6
55865.1
55858.6
55852.2
55844.1
55836.0
55827.9
55821.5
55815.0
55808.5
55800.5
55794.0
55787.5
55781.1
55774.6
55764.9
55758.5
55752.0
55745.5
55737.5
55731.0
55724.5
55718.1
55710.0
55703.5
55693.8
55687.4
55680.9
55674.4
55666.4
55659.9
55653.4
55647.0
55640.5
55632.4
55624.4
55617.9
55611.4
55603.4
55596.9
55590.4
55584.0
55575.9
55569.4
55563.0
55554.9
55548.4
55540.3
55533.9
55527.4
55521.0
55512.9
55506.4
55500.0
55493.5
55483.8
55477.3
55469.3
55462.8
55456.3
55449.9
55441.8
55435.3
55428.9
55420.8
55414.3
55406.3
55399.8
55393.3
55386.9
55378.8
55372.3
55365.9
55359.4
55349.7
55343.2
55336.8
55330.3
55323.9
55315.8
55309.3
55302.9
55296.4
55288.3
55280.2
55273.8
55267.3
55259.2
55252.8
55246.3
55239.8
55233.4
55225.3
55218.8
55210.8
55204.3
55197.8
55191.4
55184.9
55176.8
55170.4
55163.9
55157.4
55149.4
55141.3
55134.8
55128.4
55120.3
55113.8
55107.4
55100.9
55094.4
55086.4
55079.9
55071.8
55065.4
55057.3
55050.8
55044.4
55037.9
55029.8
55023.3
55016.9
55010.4
55000.7
54994.3
54987.8
54981.3
54974.9
54968.4
54962.0
54953.9
54947.4
54939.3
54932.9
54926.4
54918.3
54911.9
54905.4
54898.9
54890.9
54884.4
54877.9
54869.9
54861.8
54855.3
54850.5
54842.4
54835.9
54829.5
54823.0
54814.9
54808.5
54800.4
54793.9
54787.5
54779.4
54772.9
54766.5
54760.0
54753.5
54747.1
54740.6
54730.9
54724.5
54718.0
54711.5
54703.5
54697.0
54690.5
54684.1
54676.0
54669.5
54663.1
54655.0
54648.5
54642.1
54635.6
54627.5
54621.1
54614.6
54608.1
54601.7
54592.0
54587.1
54579.1
54572.6
54566.1
54559.7
54551.6
54545.1
54538.7
54532.2
54524.1
54517.7
54511.2
54503.1
54496.7
54490.2
54483.7
54477.3
54469.2
54462.7
54454.6
54448.2
54441.7
54435.3
54428.8
54420.7
54414.3
54407.8
54401.3
54394.9
54386.8
54380.3
54372.3
54365.8
54359.3
54352.9
54344.8
54339.9
54333.5
54325.4
54317.3
54310.9
54304.4
54296.3
54291.5
54283.4
54276.9
54270.5
54264.0
54257.5
54247.8
54241.4
54234.9
54228.5
54222.0
54215.5
54209.1
54201.0
54194.5
54188.1
54180.0
54173.5
54167.1
54160.6
54152.5
54147.7
54139.6
54133.1
54126.7
54120.2
54113.8
54104.1
54099.2
54091.1
54084.7
54078.2
54071.7
54065.3
54058.8
54052.4
54042.7
54036.2
54029.7
54023.3
54016.8
54010.4
54003.9
53995.8
53989.3
53982.9
53976.4
53968.3
53961.9
53955.4
53947.3
53940.9
53936.0
53928.0
53921.5
53915.0
53908.6
53900.5
53894.0
53887.6
53879.5
53873.0
53866.6
53860.1
53853.6
53847.2
53840.7
53831.0
53826.2
53818.1
53811.6
53805.2
53798.7
53792.2
53785.8
53779.3
53771.2
53763.2
53758.3
53750.2
53743.8
53737.3
53730.8
53724.4
53717.9
53711.5
53703.4
53695.3
53688.8
53682.4
53675.9
53669.5
53663.0
53656.5
53650.1
53642.0
53635.5
53630.7
53621.0
53614.5
53608.1
53601.6
53595.1
53588.7
53582.2
53574.1
53569.3
53559.6
53553.1
53546.7
53540.2
53533.7
53527.3
53520.8
53512.7
53507.9
53501.4
53493.4
53485.3
53480.4
53472.3
53465.9
53459.4
53453.0
53446.5
53440.0
53432.0
53427.1
53419.0
53411.0
53404.5
53398.0
53391.6
53385.1
53378.6
53372.2
53365.7
53359.3
53351.2
53343.1
53338.3
53330.2
53323.7
53318.9
53310.8
53304.3
53297.9
53291.4
53283.3
53276.9
53270.4
53263.9
53257.5
53249.4
53242.9
53238.1
53230.0
53223.5
53217.1
53209.0
53202.5
53196.1
53189.6
53183.2
53176.7
53170.2
53163.8
53157.3
53149.2
53141.1
53136.3
53128.2
53121.8
53115.3
53108.8
53102.4
53095.9
53089.4
53083.0
53074.9
53068.4
53062.0
53055.5
53047.4
53042.6
53036.1
53028.1
53023.2
53015.1
53007.0
53002.2
52994.1
52987.7
52981.2
52974.7
52968.3
52961.8
52955.3
52948.9
52942.4
52934.3
52927.9
52921.4
52913.3
52908.5
52902.0
52894.0
52889.1
52881.0
52874.6
52868.1
52860.0
52853.6
52847.1
52840.6
52834.2
52827.7
52821.3
52814.8
52808.3
52800.2
52793.8
52787.3
52780.9
52774.4
52767.9
52761.5
52755.0
52746.9
52742.1
52735.6
52725.9
52721.1
52713.0
52706.5
52701.7
52693.6
52687.2
52682.3
52674.2
52667.8
52659.7
52653.2
52646.8
52640.3
52633.8
52627.4
52620.9
52614.5
52608.0
52601.5
52593.4
52587.0
52580.5
52574.1
52567.6
52561.1
52554.7
52548.2
52541.7
52535.3
52528.8
52520.7
52514.3
52507.8
52501.4
52494.9
52488.4
52482.0
52475.5
52469.0
52462.6
52454.5
52448.0
52440.0
52435.1
52428.7
52422.2
52415.7
52409.3
52402.8
52396.3
52386.6
52381.8
52375.3
52368.9
52362.4
52354.3
52349.5
52343.0
52334.9
52330.1
52323.6
52315.6
52309.1
52301.0
52296.2
52289.7
52283.2
52276.8
52270.3
52263.9
52257.4
52247.7
52242.9
52236.4
52229.9
52223.5
52215.4
52210.5
52204.1
52197.6
52191.2
52184.7
52176.6
52170.2
52163.7
52157.2
52150.8
52144.3
52137.8
52131.4
52124.9
52118.5
52110.4
52103.9
52097.5
52091.0
52084.5
52078.1
52071.6
52065.1
52058.7
52052.2
52045.8
52037.7
52031.2
52024.7
52018.3
52011.8
52007.0
51998.9
51992.4
51986.0
51979.5
51973.0
51965.0
51960.1
51953.7
51945.6
51940.7
51932.7
51927.8
51921.3
51914.9
51908.4
51898.7
51893.9
51887.4
51881.0
51874.5
51868.0
51861.6
51855.1
51848.6
51842.2
51834.1
51827.6
51821.2
51814.7
51808.3
51801.8
51795.3
51788.9
51782.4
51777.6
51769.5
51763.0
51754.9
51750.1
51743.6
51737.2
51730.7
51722.6
51717.8
51711.3
51704.9
51696.8
51690.3
51683.9
51677.4
51670.9
51664.5
51658.0
51653.2
51645.1
51640.2
51632.2
51624.1
51619.2
51611.1
51606.3
51599.8
51593.4
51586.9
51580.5
51574.0
51567.5
51559.4
51553.0
51546.5
51540.1
51533.6
51528.8
51520.7
51515.8
51509.4
51502.9
51496.4
51488.4
51481.9
51475.4
51469.0
51462.5
51456.0
51449.6
51443.1
51436.7
51430.2
51423.7
51417.3
51409.2
51404.3
51396.3
51391.4
51385.0
51378.5
51372.0
51365.6
51359.1
51351.0
51344.6
51338.1
51331.6
51326.8
51318.7
51313.9
51307.4
51300.9
51294.5
51288.0
51279.9
51273.5
51267.0
51260.6
51255.7
51247.6
51242.8
51236.3
51229.9
51223.4
51216.9
51208.9
51202.4
51195.9
51189.5
51183.0
51176.5
51170.1
51165.2
51157.2
51152.3
51144.2
51137.8
51131.3
51124.8
51118.4
51111.9
51107.1
51099.0
51094.1
51086.1
51081.2
51073.1
51066.7
51060.2
51053.8
51047.3
51040.8
51036.0
51027.9
51023.1
51016.6
51010.1
51002.1
50995.6
50989.1
50982.7
50977.8
50969.7
50964.9
50956.8
50952.0
50945.5
50937.4
50931.0
50924.5
50918.0
50911.6
50906.7
50898.7
50893.8
50887.3
50880.9
50874.4
50866.3
50859.9
50853.4
50848.6
50840.5
50835.6
50829.2
50822.7
50816.3
50809.8
50803.3
50795.3
50790.4
50783.9
50777.5
50771.0
50764.6
50758.1
50751.6
50745.2
50740.3
50730.6
50725.8
50719.3
50712.9
50706.4
50699.9
50693.5
50687.0
50682.2
50675.7
50669.2
50661.2
50654.7
50648.2
50641.8
50635.3
50630.5
50624.0
50617.5
50611.1
50604.6
50598.2
50590.1
50585.2
50577.1
50572.3
50565.8
50559.4
50552.9
50548.1
50540.0
50535.1
50528.7
50520.6
50514.1
50507.7
50501.2
50494.8
50489.9
50483.4
50477.0
50470.5
50464.1
50456.0
50451.1
50443.1
50438.2
50431.7
50425.3
50418.8
50412.4
50405.9
50401.0
50394.6
50386.5
50380.0
50373.6
50367.1
50360.7
50355.8
50349.3
50342.9
50336.4
50330.0
50323.5
50317.0
50310.6
50304.1
50297.6
50291.2
50284.7
50279.9
50271.8
50266.9
50260.5
50254.0
50245.9
50241.1
50233.0
50228.2
50221.7
50215.2
50208.8
50202.3
50195.9
50191.0
50184.6
50176.5
50170.0
50163.5
50158.7
50152.2
50145.8
50139.3
50132.9
50126.4
50121.5
50115.1
50107.0
50100.5
50094.1
50087.6
50082.8
50076.3
50069.8
50063.4
50056.9
50050.5
50045.6
50037.5
50031.1
50024.6
50018.1
50011.7
50006.8
50000.4
49993.9
49987.4
49982.6
49972.9
49968.1
49961.6
49955.1
49948.7
49943.8
49937.4
49930.9
49924.4
49918.0
49911.5
49906.7
49898.6
49892.1
49885.7
49879.2
49872.7
49867.9
49861.4
49855.0
49848.5
49842.0
49837.2
49829.1
49822.7
49816.2
49809.7
49804.9
49798.4
49792.0
49785.5
49779.0
49774.2
49766.1
49759.6
49753.2
49746.7
49740.3
49735.4
49728.9
49722.5
49716.0
49711.2
49703.1
49696.6
49690.2
49685.3
49677.2
49672.4
49665.9
49659.5
49653.0
49648.2
49641.7
49635.2
49627.2
49622.3
49614.2
49609.4
49602.9
49596.5
49590.0
49585.2
49578.7
49572.2
49565.8
49557.7
49552.8
49546.4
49539.9
49533.5
49528.6
49520.5
49515.7
49509.2
49504.4
49496.3
49489.8
49483.4
49476.9
49470.4
49465.6
49459.1
49452.7
49446.2
49441.4
49434.9
49428.4
49420.4
49413.9
49409.1
49402.6
49396.1
49389.7
49384.8
49378.4
49371.9
49365.4
49360.6
49354.1
49346.0
49339.6
49333.1
49328.3
49321.8
49315.3
49308.9
49304.0
49296.0
49291.1
49283.0
49278.2
49271.7
49265.3
49258.8
49252.3
49247.5
49241.0
49234.6
49228.1
49223.3
49213.6
49208.7
49202.3
49197.4
49190.9
49184.5
49178.0
49173.2
49166.7
49160.2
49153.8
49147.3
49140.9
49134.4
49127.9
49121.5
49116.6
49110.2
49103.7
49097.2
49092.4
49085.9
49079.5
49073.0
49064.9
49060.1
49053.6
49048.8
49042.3
49035.8
49029.4
49022.9
49018.1
49011.6
49003.5
48997.1
48992.2
48985.8
48979.3
48972.8
48968.0
48961.5
48955.1
48950.2
48942.1
48935.7
48929.2
48924.4
48917.9
48911.4
48905.0
48898.5
48893.7
48887.2
48882.4
48874.3
48867.8
48861.4
48854.9
48850.0
48843.6
48837.1
48830.7
48825.8
48819.3
48814.5
48806.4
48800.0
48793.5
48787.0
48782.2
48775.7
48769.3
48762.8
48758.0
48751.5
48745.0
48740.2
48733.7
48725.6
48719.2
48714.3
48707.9
48701.4
48694.9
48690.1
48683.6
48677.2
48672.3
48665.9
48657.8
48651.3
48646.5
48640.0
48633.6
48628.7
48622.2
48615.8
48609.3
48604.5
48598.0
48589.9
48585.1
48578.6
48572.2
48565.7
48560.8
48554.4
48547.9
48543.1
48536.6
48530.2
48522.1
48517.2
48510.8
48504.3
48499.5
48493.0
48486.5
48480.1
48475.2
48468.8
48462.3
48457.4
48449.4
48442.9
48436.4
48431.6
48425.1
48418.7
48413.8
48407.4
48400.9
48396.1
48389.6
48381.5
48375.1
48370.2
48363.7
48357.3
48352.4
48346.0
48341.1
48333.0
48328.2
48321.7
48313.7
48308.8
48302.3
48297.5
48291.0
48284.6
48278.1
48271.7
48266.8
48260.3
48255.5
48247.4
48241.0
48236.1
48229.6
48223.2
48216.7
48211.9
48205.4
48198.9
48194.1
48187.6
48179.6
48174.7
48168.3
48163.4
48155.3
48150.5
48144.0
48137.6
48132.7
48126.2
48121.4
48114.9
48106.9
48102.0
48095.5
48089.1
48082.6
48077.8
48071.3
48064.9
48060.0
48053.5
48047.1
48040.6
48034.2
48029.3
48022.8
48016.4
48011.5
48003.5
47998.6
47992.1
47987.3
47980.8
47972.8
47967.9
47961.5
47955.0
47950.1
47943.7
47938.8
47932.4
47925.9
47921.1
47913.0
47908.1
47900.1
47895.2
47888.7
47882.3
47877.4
47871.0
47864.5
47859.7
47853.2
47848.4
47841.9
47833.8
47829.0
47822.5
47816.0
47811.2
47804.7
47798.3
47791.8
47787.0
47780.5
47774.0
47769.2
47761.1
47756.3
47749.8
47743.3
47738.5
47732.0
47725.6
47720.7
47714.3
47709.4
47703.0
47694.9
47690.0
47683.6
47677.1
47672.3
47665.8
47660.9
47654.5
47648.0
47643.2
47636.7
47630.2
47622.2
47617.3
47610.9
47604.4
47599.6
47593.1
47586.6
47581.8
47575.3
47570.5
47564.0
47555.9
47551.1
47544.6
47538.2
47533.3
47526.8
47522.0
47515.5
47509.1
47504.2
47497.8
47489.7
47484.8
47478.4
47473.5
47467.1
47460.6
47455.8
47449.3
47442.8
47438.0
47431.5
47426.7
47418.6
47412.1
47407.3
47400.8
47394.4
47389.5
47383.1
47378.2
47371.7
47365.3
47360.4
47354.0
47345.9
47341.1
47334.6
47328.1
47323.3
47316.8
47312.0
47305.5
47299.0
47294.2
47287.7
47279.7
47274.8
47268.3
47263.5
47257.0
47252.2
47245.7
47240.9
47234.4
47228.0
47223.1
47216.6
47210.2
47203.7
47197.3
47192.4
47186.0
47179.5
47174.6
47168.2
47163.3
47156.9
47150.4
47143.9
47137.5
47131.0
47126.2
47119.7
47114.9
47108.4
47101.9
47097.1
47090.6
47084.2
47079.3
47072.9
47066.4
47059.9
47055.1
47048.6
47043.8
47037.3
47030.9
47026.0
47019.5
47013.1
47006.6
47000.2
46995.3
46988.8
46982.4
46977.5
46971.1
46966.2
46959.8
46954.9
46948.5
46943.6
46935.5
46929.1
46924.2
46917.8
46911.3
46906.4
46900.0
46895.1
46888.7
46882.2
46877.4
46872.5
46864.4
46858.0
46853.1
46846.7
46841.8
46835.4
46828.9
46824.1
46817.6
46811.1
46806.3
46799.8
46793.4
46786.9
46782.0
46775.6
46770.7
46764.3
46757.8
46753.0
46746.5
46740.0
46735.2
46728.7
46722.3
46717.4
46711.0
46704.5
46699.6
46693.2
46686.7
46681.9
46675.4
46670.6
46665.7
46657.6
46651.2
46646.3
46639.9
46633.4
46628.6
46622.1
46617.3
46610.8
46605.9
46599.5
46593.0
46586.6
46580.1
46575.2
46568.8
46562.3
46557.5
46552.6
46546.2
46541.3
46534.9
46528.4
46521.9
46515.5
46509.0
46504.2
46499.3
46492.8
46488.0
46481.5
46475.1
46470.2
46463.8
46457.3
46450.8
46446.0
46439.5
46434.7
46428.2
46421.8
46416.9
46412.1
46405.6
46399.1
46394.3
46386.2
46379.8
46374.9
46368.4
46363.6
46358.8
46352.3
46345.8
46341.0
46334.5
46328.1
46323.2
46316.7
46310.3
46305.4
46299.0
46292.5
46287.7
46282.8
46276.4
46269.9
46265.0
46258.6
46252.1
46245.7
46240.8
46234.3
46229.5
46223.0
46216.6
46211.7
46206.9
46200.4
46194.0
46189.1
46182.6
46176.2
46169.7
46164.9
46158.4
46153.6
46147.1
46140.6
46135.8
46130.9
46124.5
46118.0
46113.2
46105.1
46100.3
46095.4
46088.9
46082.5
46077.6
46071.2
46064.7
46059.9
46055.0
46048.6
46043.7
46035.6
46030.8
46024.3
46019.5
46013.0
46006.5
46001.7
45996.9
45990.4
45983.9
45979.1
45971.0
45966.2
45961.3
45954.8
45948.4
45943.5
45937.1
45932.2
45925.8
45920.9
45914.5
45909.6
45903.1
45896.7
45890.2
45885.4
45878.9
45874.1
45867.6
45862.8
45856.3
45849.8
45845.0
45840.1
45832.1
45827.2
45820.7
45815.9
45809.4
45804.6
45798.1
45791.7
45786.8
45782.0
45775.5
45770.7
45764.2
45757.7
45751.3
45746.4
45740.0
45735.1
45728.7
45723.8
45717.3
45710.9
45706.0
45701.2
45693.1
45688.3
45683.4
45677.0
45670.5
45665.6
45659.2
45654.3
45647.9
45643.0
45636.6
45631.7
45623.6
45618.8
45612.3
45607.5
45602.6
45596.2
45589.7
45584.9
45580.0
45573.6
45567.1
45562.2
45555.8
45549.3
45544.5
45538.0
45533.2
45526.7
45521.9
45515.4
45510.5
45504.1
45499.2
45492.8
45486.3
45479.9
45475.0
45468.5
45463.7
45458.8
45452.4
45445.9
45441.1
45436.2
45429.8
45423.3
45416.8
45412.0
45405.5
45399.1
45394.2
45389.4
45382.9
45378.1
45373.2
45366.8
45360.3
45355.4
45349.0
45342.5
45336.1
45331.2
45326.4
45319.9
45315.1
45308.6
45303.7
45297.3
45292.4
45287.6
45279.5
45273.1
45268.2
45263.4
45256.9
45250.4
45245.6
45240.7
45234.3
45229.4
45224.6
45218.1
45210.0
45205.2
45200.3
45193.9
45187.4
45182.6
45177.7
45171.3
45166.4
45160.0
45155.1
45148.6
45142.2
45137.3
45130.9
45126.0
45119.6
45114.7
45108.3
45103.4
45096.9
45092.1
45087.3
45080.8
45072.7
45067.9
45063.0
45056.6
45051.7
45046.9
45040.4
45033.9
45029.1
45024.2
45017.8
45012.9
45004.9
45000.0
44995.2
44988.7
44982.2
44977.4
44972.5
44966.1
44961.2
44956.4
44949.9
44943.5
44937.0
44932.2
44925.7
44920.8
44914.4
44909.5
44904.7
44898.2
44891.8
44886.9
44882.1
44875.6
44870.8
44864.3
44857.8
44851.4
44846.5
44841.7
44835.2
44830.4
44823.9
44819.1
44814.2
44807.8
44799.7
44794.8
44790.0
44783.5
44778.7
44772.2
44767.4
44762.5
44756.1
44751.2
44746.4
44739.9
44735.0
44727.0
44722.1
44717.3
44710.8
44704.4
44699.5
44694.7
44688.2
44683.3
44676.9
44672.0
44667.2
44659.1
44654.3
44649.4
44643.0
44636.5
44631.6
44626.8
44620.3
44615.5
44609.0
44604.2
44599.3
44591.3
44586.4
44579.9
44575.1
44570.3
44563.8
44558.9
44554.1
44547.6
44542.8
44536.3
44531.5
44526.6
44518.6
44512.1
44507.2
44502.4
44497.6
44491.1
44484.6
44479.8
44474.9
44468.5
44463.6
44457.2
44450.7
44445.9
44439.4
44434.5
44429.7
44423.2
44418.4
44411.9
44407.1
44402.2
44395.8
44390.9
44382.8
44378.0
44373.1
44366.7
44361.8
44355.4
44350.5
44345.7
44339.2
44334.4
44329.5
44323.1
44316.6
44310.1
44305.3
44300.4
44294.0
44289.1
44282.7
44277.8
44273.0
44266.5
44261.7
44255.2
44250.4
44243.9
44237.4
44232.6
44226.1
44221.3
44216.4
44210.0
44205.1
44200.3
44195.4
44189.0
44182.5
44176.0
44171.2
44166.3
44159.9
44155.0
44148.6
44143.7
44138.9
44132.4
44127.6
44121.1
44116.3
44109.8
44103.3
44098.5
44092.0
44087.2
44082.3
44075.9
44071.0
44066.2
44061.3
44054.9
44050.0
44043.6
44037.1
44032.3
44025.8
44020.9
44014.5
44009.6
44004.8
43998.3
43993.5
43987.0
43982.2
43977.3
43970.9
43964.4
43959.5
43953.1
43948.2
43943.4
43936.9
43932.1
43927.2
43920.8
43915.9
43911.1
43903.0
43898.2
43893.3
43886.8
43882.0
43875.5
43870.7
43865.8
43861.0
43854.5
43848.1
43843.2
43838.4
43831.9
43825.5
43820.6
43814.1
43809.3
43804.4
43799.6
43793.1
43788.3
43781.8
43777.0
43772.1
43764.1
43759.2
43754.4
43749.5
43743.1
43738.2
43731.7
43726.9
43722.1
43717.2
43710.7
43705.9
43699.4
43693.0
43688.1
43681.7
43676.8
43670.4
43665.5
43660.7
43655.8
43649.3
43644.5
43638.0
43633.2
43626.7
43621.9
43615.4
43610.6
43604.1
43599.3
43594.4
43589.6
43583.1
43578.3
43573.4
43568.6
43562.1
43555.6
43549.2
43544.3
43539.5
43534.6
43528.2
43523.3
43516.9
43512.0
43507.2
43502.3
43495.9
43487.8
43482.9
43478.1
43473.2
43468.4
43461.9
43457.1
43450.6
43445.8
43440.9
43436.1
43429.6
43424.8
43416.7
43411.9
43407.0
43402.2
43395.7
43390.8
43386.0
43379.5
43374.7
43369.8
43363.4
43358.5
43353.7
43347.2
43340.8
43335.9
43329.5
43324.6
43319.8
43314.9
43308.5
43303.6
43297.1
43292.3
43287.4
43281.0
43276.1
43269.7
43264.8
43258.4
43253.5
43248.7
43243.8
43237.4
43232.5
43226.1
43221.2
43216.4
43209.9
43203.4
43198.6
43193.7
43187.3
43182.4
43177.6
43172.7
43166.3
43161.4
43155.0
43150.1
43143.7
43138.8
43132.3
43127.5
43122.7
43117.8
43111.3
43106.5
43101.7
43095.2
43090.3
43085.5
43080.6
43072.6
43067.7
43062.9
43056.4
43051.6
43046.7
43041.9
43035.4
43030.6
43024.1
43019.3
43014.4
43009.6
43003.1
42996.6
42991.8
42985.3
42980.5
42975.6
42970.8
42965.9
42959.5
42954.6
42948.2
42943.3
42936.9
42932.0
42927.2
42920.7
42915.9
42909.4
42904.5
42899.7
42894.9
42890.0
42883.5
42878.7
42872.2
42865.8
42860.9
42856.1
42851.2
42844.8
42839.9
42833.5
42828.6
42823.8
42818.9
42814.1
42807.6
42802.8
42796.3
42789.8
42785.0
42780.1
42775.3
42770.4
42764.0
42759.1
42752.7
42747.8
42743.0
42738.1
42733.3
42725.2
42720.4
42715.5
42709.1
42704.2
42699.4
42694.5
42688.1
42683.2
42678.4
42673.5
42668.7
42660.6
42655.7
42650.9
42644.4
42639.6
42634.7
42629.9
42625.0
42618.6
42613.7
42608.9
42602.4
42597.6
42591.1
42586.3
42581.4
42575.0
42570.1
42563.6
42558.8
42554.0
42549.1
42544.3
42539.4
42533.0
42528.1
42520.0
42515.2
42510.3
42505.5
42500.6
42495.8
42489.3
42484.5
42478.0
42473.2
42468.3
42463.5
42458.6
42452.2
42445.7
42440.9
42434.4
42429.6
42424.7
42419.9
42415.0
42410.2
42403.7
42398.9
42394.0
42387.5
42381.1
42376.2
42371.4
42366.5
42360.1
42355.2
42350.4
42343.9
42339.1
42334.2
42329.4
42324.5
42319.7
42311.6
42306.8
42300.3
42295.5
42290.6
42285.8
42280.9
42276.1
42269.6
42264.8
42259.9
42253.4
42247.0
42242.1
42237.3
42232.4
42227.6
42221.1
42216.3
42211.4
42205.0
42200.1
42195.3
42190.4
42185.6
42180.7
42172.7
42167.8
42163.0
42156.5
42151.7
42146.8
42142.0
42137.1
42132.3
42125.8
42121.0
42116.1
42108.0
42103.2
42098.3
42093.5
42088.7
42083.8
42077.3
42072.5
42067.6
42061.2
42056.3
42051.5
42046.6
42040.2
42033.7
42028.9
42024.0
42019.2
42014.3
42007.9
42003.0
41998.2
41991.7
41986.9
41982.0
41977.2
41970.7
41965.9
41959.4
41954.6
41949.7
41944.9
41938.4
41933.6
41928.7
41923.9
41919.0
41914.2
41907.7
41901.2
41896.4
41891.5
41885.1
41880.2
41875.4
41870.5
41865.7
41860.8
41854.4
41849.5
41844.7
41839.8
41831.8
41826.9
41822.1
41817.2
41812.4
41807.5
41802.7
41796.2
41791.4
41786.5
41780.1
41775.2
41770.4
41763.9
41759.1
41754.2
41749.4
41742.9
41738.1
41733.2
41728.4
41721.9
41717.1
41712.2
41707.4
41702.5
41697.7
41691.2
41684.7
41679.9
41675.1
41670.2
41663.7
41658.9
41654.0
41649.2
41644.4
41639.5
41633.0
41626.6
41621.7
41616.9
41612.0
41605.6
41600.7
41595.9
41591.0
41584.6
41579.7
41574.9
41570.0
41565.2
41560.3
41553.9
41549.0
41542.6
41537.7
41532.9
41528.0
41521.6
41516.7
41511.9
41507.0
41502.2
41497.3
41492.5
41486.0
41479.6
41474.7
41469.9
41465.0
41458.6
41453.7
41448.9
41444.0
41439.2
41434.3
41429.5
41424.6
41416.6
41411.7
41406.9
41402.0
41395.5
41390.7
41385.9
41381.0
41376.2
41371.3
41366.5
41360.0
41355.2
41348.7
41343.8
41339.0
41334.2
41327.7
41322.8
41318.0
41313.2
41308.3
41301.8
41297.0
41292.1
41287.3
41280.8
41276.0
41271.1
41266.3
41261.5
41255.0
41250.1
41245.3
41240.4
41234.0
41229.1
41224.3
41219.4
41213.0
41208.1
41203.3
41198.4
41193.6
41188.7
41182.3
41177.4
41172.6
41167.7
41162.9
41156.4
41151.6
41146.7
41140.3
41135.4
41129.0
41124.1
41119.3
41114.4
41109.6
41104.7
41099.9
41095.0
41090.2
41085.3
41078.9
41072.4
41067.6
41062.7
41057.9
41051.4
41046.6
41041.7
41036.9
41032.0
41027.2
41022.3
41017.5
41012.6
41007.8
40999.7
40994.9
40990.0
40985.2
40980.3
40975.5
40969.0
40964.2
40959.3
40954.5
40949.6
40943.2
40936.7
40931.9
40927.0
40922.2
40917.3
40912.5
40907.6
40902.8
40897.9
40893.1
40888.2
40881.8
40876.9
40872.1
40865.6
40860.8
40855.9
40849.5
40844.6
40839.8
40834.9
40830.1
40825.2
40818.8
40813.9
40809.1
40804.2
40797.8
40792.9
40788.1
40783.2
40778.4
40773.5
40768.7
40763.8
40757.4
40752.5
40747.7
40742.8
40738.0
40733.1
40726.7
40720.2
40715.4
40710.5
40705.7
40700.8
40696.0
40691.1
40684.7
40679.8
40675.0
40670.1
40665.3
40658.8
40654.0
40649.1
40644.3
40639.4
40634.6
40629.7
40624.9
40620.0
40613.6
40608.7
40603.9
40599.0
40594.2
40587.7
40582.9
40576.4
40571.6
40566.7
40561.9
40557.0
40552.2
40547.3
40542.5
40536.0
40531.2
40526.3
40519.9
40515.0
40510.2
40505.3
40500.5
40495.6
40490.8
40486.0
40481.1
40476.3
40471.4
40464.9
40460.1
40453.6
40448.8
40443.9
40439.1
40434.3
40429.4
40424.6
40419.7
40414.9
40408.4
40403.6
40398.7
40393.9
40389.0
40382.6
40377.7
40372.9
40368.0
40363.2
40356.7
40351.9
40347.0
40342.2
40337.3
40332.5
40327.6
40322.8
40316.3
40309.8
40305.0
40300.2
40295.3
40290.5
40285.6
40280.8
40275.9
40271.1
40266.2
40261.4
40256.5
40251.7
40245.2
40238.8
40233.9
40229.1
40224.2
40219.4
40214.5
40209.7
40204.8
40200.0
40195.1
40190.3
40185.4
40180.6
40174.1
40169.3
40164.4
40159.6
40154.7
40148.3
40143.4
40138.6
40133.7
40128.9
40124.1
40119.2
40114.4
40107.9
40103.0
40098.2
40093.4
40088.5
40083.7
40078.8
40074.0
40069.1
40062.7
40057.8
40053.0
40048.1
40043.3
40036.8
40032.0
40027.1
40022.3
40017.4
40012.6
40007.7
40002.9
39998.0
39993.2
39988.3
39981.9
39977.0
39970.6
39965.7
39960.9
39956.0
39951.2
39946.3
39941.5
39936.6
39931.8
39926.9
39922.1
39917.3
39912.4
39907.6
39901.1
39896.2
39891.4
39884.9
39880.1
39875.2
39870.4
39865.6
39860.7
39855.9
39851.0
39846.2
39841.3
39836.5
39830.0
39825.2
39820.3
39815.5
39810.6
39805.8
39800.9
39796.1
39789.6
39784.8
39779.9
39775.1
39770.2
39763.8
39758.9
39754.1
39749.2
39744.4
39739.5
39734.7
39729.8
39725.0
39720.1
39715.3
39710.5
39704.0
39699.1
39692.7
39687.8
39683.0
39678.1
39673.3
39668.4
39663.6
39658.8
39653.9
39649.1
39644.2
39639.4
39634.5
39629.7
39623.2
39618.4
39613.5
39608.7
39603.8
39599.0
39594.1
39589.3
39584.4
39579.6
39574.7
39569.9
39565.0
39560.2
39553.7
39548.9
39544.0
39539.2
39534.3
39529.5
39524.7
39519.8
39515.0
39510.1
39505.3
39500.4
39495.6
39490.7
39484.3
39477.8
39473.0
39468.1
39463.3
39458.4
39453.6
39448.7
39443.9
39439.0
39434.2
39429.3
39424.5
39418.0
39413.2
39408.3
39403.5
39398.6
39393.8
39388.9
39384.1
39379.2
39374.4
39369.6
39364.7
39359.9
39355.0
39348.6
39343.7
39338.9
39334.0
39329.2
39324.3
39319.5
39314.6
39309.8
39304.9
39300.1
39295.2
39290.4
39285.5
39279.1
39274.2
39269.4
39264.5
39259.7
39254.8
39250.0
39245.2
39240.3
39235.5
39230.6
39225.8
39220.9
39216.1
39209.6
39204.8
39199.9
39195.1
39190.2
39185.4
39180.5
39175.7
39170.8
39166.0
39161.1
39156.3
39151.4
39146.6
39140.1
39135.3
39130.4
39125.6
39120.7
39115.9
39111.1
39106.2
39101.4
39096.5
39091.7
39088.4
39083.6
39078.7
39070.7
39065.8
39061.0
39056.1
39051.3
39046.4
39041.6
39036.7
39031.9
39027.0
39022.2
39017.3
39012.5
39007.7
39002.8
38998.0
38993.1
38988.3
38983.4
38978.6
38973.7
38968.9
38964.0
38959.2
38954.3
38949.5
38944.6
38936.6
38933.3
38928.5
38923.6
38918.8
38913.9
38909.1
38904.3
38899.4
38894.6
38889.7
38884.9
38880.0
38875.2
38870.3
38863.9
38859.0
38854.2
38849.3
38844.5
38839.6
38834.8
38829.9
38825.1
38820.2
38817.0
38812.2
38807.3
38802.5
38796.0
38791.2
38786.3
38781.5
38776.6
38771.8
38766.9
38762.1
38757.2
38752.4
38747.5
38742.7
38737.8
38733.0
38726.5
38721.7
38718.5
38712.0
38707.1
38702.3
38697.5
38692.6
38687.8
38682.9
38678.1
38673.2
38670.0
38665.1
38658.7
38653.8
38649.0
38644.1
38639.3
38634.4
38629.6
38624.8
38619.9
38615.1
38610.2
38605.4
38600.5
38595.7
38589.2
38586.0
38581.1
38576.3
38571.4
38566.6
38561.7
38556.9
38552.0
38547.2
38542.4
38537.5
38532.7
38527.8
38521.4
38516.5
38511.7
38508.4
38503.6
38498.7
38493.9
38487.4
38482.6
38477.7
38472.9
38469.7
38464.8
38460.0
38453.5
38448.6
38443.8
38439.0
38434.1
38429.3
38424.4
38419.6
38414.7
38409.9
38405.0
38401.8
38396.9
38392.1
38387.3
38380.8
38375.9
38371.1
38366.3
38361.4
38356.6
38351.7
38346.9
38342.0
38337.2
38333.9
38329.1
38324.2
38319.4
38312.9
38308.1
38303.2
38298.4
38293.5
38288.7
38283.9
38279.0
38274.2
38270.9
38266.1
38261.2
38256.4
38251.5
38245.1
38240.2
38235.4
38230.5
38225.7
38220.8
38216.0
38212.8
38207.9
38203.1
38198.2
38193.4
38188.5
38183.7
38177.2
38172.4
38167.5
38162.7
38157.8
38154.6
38149.8
38144.9
38140.1
38135.2
38130.4
38125.5
38120.7
38115.8
38111.0
38104.5
38101.3
38096.4
38091.6
38085.1
38080.3
38077.1
38072.2
38067.4
38062.5
38057.7
38052.8
38049.6
38043.1
38036.7
38031.8
38027.0
38023.7
38018.9
38014.0
38009.2
38004.4
38001.1
37994.7
37989.8
37985.0
37980.1
37976.9
37970.4
37965.6
37960.7
37955.9
37951.0
37946.2
37941.3
37936.5
37931.6
37928.4
37923.6
37918.7
37913.9
37909.0
37904.2
37897.7
37892.9
37888.0
37883.2
37879.9
37875.1
37870.3
37865.4
37860.6
37855.7
37850.9
37846.0
37841.2
37836.3
37831.5
37826.6
37821.8
37816.9
37812.1
37807.2
37802.4
37797.6
37792.7
37789.5
37784.6
37779.8
37774.9
37770.1
37763.6
37758.8
37753.9
37749.1
37745.9
37741.0
37736.2
37731.3
37726.5
37721.6
37716.8
37711.9
37708.7
37703.8
37699.0
37692.5
37687.7
37682.8
37678.0
37673.1
37668.3
37665.1
37660.2
37655.4
37650.5
37647.3
37642.5
37636.0
37631.1
37627.9
37621.4
37616.6
37611.8
37606.9
37603.7
37598.8
37592.4
37587.5
37584.3
37579.4
37574.6
37569.7
37566.5
37561.7
37555.2
37548.7
37545.5
37540.7
37535.8
37531.0
37527.7
37522.9
37518.0
37513.2
37508.4
37503.5
37498.7
37495.4
37490.6
37484.1
37479.3
37474.4
37469.6
37464.7
37459.9
37456.7
37451.8
37447.0
37442.1
37437.3
37432.4
37427.6
37422.7
37417.9
37413.0
37408.2
37403.3
37398.5
37393.6
37388.8
37385.6
37380.7
37375.9
37371.0
37366.2
37361.3
37356.5
37353.3
37346.8
37341.9
37337.1
37332.3
37327.4
37322.6
37317.7
37314.5
37309.6
37304.8
37299.9
37295.1
37290.2
37285.4
37280.6
37275.7
37270.9
37266.0
37261.2
37256.3
37251.5
37248.2
37243.4
37238.5
37233.7
37228.9
37224.0
37219.2
37215.9
37209.5
37204.6
37201.4
37196.5
37190.1
37186.8
37182.0
37177.2
37172.3
37169.1
37164.2
37159.4
37154.5
37149.7
37143.2
37140.0
37135.1
37130.3
37125.5
37120.6
37115.8
37110.9
37107.7
37102.8
37098.0
37093.1
37088.3
37083.4
37080.2
37073.8
37068.9
37064.1
37059.2
37054.4
37049.5
37046.3
37041.4
37036.6
37031.7
37026.9
37022.1
37018.8
37014.0
37009.1
37002.7
36997.8
36993.0
36989.7
36984.9
36980.0
36976.8
36972.0
36965.5
36960.7
36957.4
36952.6
36947.7
36944.5
36939.7
36933.2
36928.3
36923.5
36918.7
36915.4
36910.6
36905.7
36900.9
36896.0
36891.2
36888.0
36883.1
36878.3
36873.4
36867.0
36862.1
36858.9
36854.0
36849.2
36844.3
36839.5
36834.6
36831.4
36826.6
36821.7
36816.9
36812.0
36808.8
36803.9
36797.5
36794.2
36789.4
36782.9
36779.7
36774.9
36770.0
36766.8
36761.9
36757.1
36752.2
36747.4
36742.5
36739.3
36734.5
36728.0
36723.2
36718.3
36715.1
36710.2
36705.4
36700.5
36695.7
36690.8
36687.6
36682.8
36677.9
36673.1
36668.2
36665.0
36658.5
36653.7
36648.8
36644.0
36639.1
36635.9
36631.1
36626.2
36623.0
36618.1
36613.3
36608.5
36603.6
36600.4
36595.5
36589.1
36584.2
36579.4
36576.1
36571.3
36566.4
36561.6
36556.8
36551.9
36548.7
36543.8
36539.0
36534.1
36529.3
36526.1
36519.6
36514.7
36509.9
36505.1
36501.8
36497.0
36492.1
36488.9
36484.0
36479.2
36474.4
36469.5
36466.3
36461.4
36456.6
36450.1
36445.3
36442.0
36437.2
36432.3
36427.5
36422.7
36419.4
36414.6
36409.7
36404.9
36400.0
36396.8
36392.0
36387.1
36380.6
36375.8
36372.6
36367.7
36362.9
36359.6
36354.8
36350.0
36345.1
36340.3
36337.0
36332.2
36327.3
36322.5
36317.6
36312.8
36307.9
36303.1
36298.3
36293.4
36290.2
36285.3
36280.5
36275.6
36270.8
36267.6
36262.7
36259.5
36254.6
36249.8
36243.3
36238.5
36235.2
36230.4
36225.5
36220.7
36215.9
36212.6
36207.8
36202.9
36198.1
36194.9
36190.0
36185.2
36180.3
36173.8
36170.6
36165.8
36162.5
36156.1
36151.2
36148.0
36143.2
36139.9
36135.1
36130.2
36125.4
36120.5
36117.3
36112.5
36106.0
36101.1
36097.9
36093.1
36088.2
36083.4
36078.5
36075.3
36070.4
36065.6
36060.8
36057.5
36052.7
36047.8
36044.6
36038.1
36033.3
36028.4
36025.2
36020.4
36015.5
36010.7
36005.8
36002.6
35997.7
35992.9
35988.1
35984.8
35980.0
35975.1
35968.7
35963.8
35960.6
35955.7
35952.5
35947.7
35942.8
35938.0
35934.7
35929.9
35925.0
35920.2
35915.3
35912.1
35907.3
35900.8
35896.0
35892.7
35887.9
35883.0
35878.2
35875.0
35870.1
35866.9
35862.0
35857.2
35852.3
35847.5
35844.3
35839.4
35834.6
35828.1
35824.9
35820.0
35815.2
35810.3
35807.1
35802.3
35797.4
35792.6
35787.7
35784.5
35779.6
35776.4
35771.6
35766.7
35760.2
35757.0
35752.2
35747.3
35742.5
35739.2
35734.4
35729.6
35724.7
35721.5
35716.6
35713.4
35706.9
35703.7
35698.9
35694.0
35689.2
35684.3
35679.5
35676.2
35671.4
35666.5
35661.7
35656.8
35653.6
35648.8
35643.9
35639.1
35635.8
35631.0
35627.8
35619.7
35616.5
35611.6
35608.4
35603.5
35598.7
35593.8
35590.6
35585.8
35580.9
35576.1
35572.8
35568.0
35563.1
35556.7
35553.4
35548.6
35545.4
35540.5
35535.7
35530.8
35527.6
35522.8
35517.9
35513.1
35509.8
35505.0
35500.1
35495.3
35492.1
35487.2
35480.7
35477.5
35472.7
35469.4
35464.6
35459.7
35454.9
35451.7
35446.8
35442.0
35437.1
35433.9
35429.0
35424.2
35417.7
35414.5
35409.7
35406.4
35401.6
35396.7
35391.9
35388.7
35383.8
35379.0
35374.1
35370.9
35366.0
35361.2
35358.0
35353.1
35346.6
35341.8
35338.6
35333.7
35330.5
35325.6
35320.8
35316.0
35312.7
35307.9
35303.0
35299.8
35294.9
35290.1
35285.3
35280.4
35275.6
35272.3
35267.5
35262.6
35257.8
35254.6
35249.7
35244.9
35241.6
35236.8
35231.9
35227.1
35223.9
35219.0
35214.2
35207.7
35204.5
35199.6
35196.4
35191.5
35186.7
35183.5
35178.6
35173.8
35168.9
35165.7
35160.9
35156.0
35151.2
35147.9
35143.1
35138.2
35133.4
35128.5
35125.3
35120.5
35115.6
35112.4
35107.5
35102.7
35097.8
35094.6
35089.8
35086.5
35080.1
35076.8
35072.0
35067.1
35062.3
35057.5
35054.2
35049.4
35044.5
35041.3
35036.4
35031.6
35026.8
35023.5
35018.7
35015.4
35010.6
35004.1
35000.9
34996.1
34991.2
34986.4
34983.1
34978.3
34973.4
34970.2
34965.4
34962.1
34957.3
34952.4
34949.2
34944.4
34939.5
34933.0
34929.8
34925.0
34920.1
34916.9
34912.0
34908.8
34902.4
34899.1
34895.9
34891.0
34886.2
34881.3
34878.1
34873.3
34866.8
34863.6
34858.7
34853.9
34849.0
34845.8
34842.6
34837.7
34832.9
34828.0
34824.8
34820.0
34815.1
34811.9
34807.0
34802.2
34797.3
34792.5
34789.3
34784.4
34779.6
34776.3
34771.5
34766.6
34761.8
34758.6
34753.7
34748.9
34745.6
34740.8
34737.6
34732.7
34726.2
34723.0
34718.2
34713.3
34710.1
34705.2
34700.4
34697.2
34692.3
34689.1
34684.2
34679.4
34676.2
34671.3
34666.5
34660.0
34656.8
34651.9
34647.1
34643.9
34640.6
34635.8
34630.9
34626.1
34622.8
34618.0
34613.2
34609.9
34605.1
34600.2
34597.0
34590.5
34585.7
34582.5
34577.6
34574.4
34569.5
34564.7
34561.5
34556.6
34551.8
34548.5
34543.7
34538.8
34535.6
34530.8
34527.5
34521.1
34516.2
34513.0
34508.1
34503.3
34500.1
34495.2
34490.4
34487.1
34482.3
34479.1
34474.2
34469.4
34466.1
34461.3
34456.4
34451.6
34446.7
34441.9
34438.7
34433.8
34430.6
34425.7
34420.9
34417.7
34412.8
34408.0
34404.7
34399.9
34395.0
34391.8
34387.0
34382.1
34377.3
34372.4
34369.2
34364.3
34359.5
34356.3
34351.4
34346.6
34343.3
34340.1
34335.3
34330.4
34327.2
34322.3
34317.5
34312.6
34307.8
34303.0
34299.7
34294.9
34291.6
34286.8
34282.0
34278.7
34273.9
34269.0
34265.8
34260.9
34256.1
34252.9
34249.6
34243.2
34238.3
34235.1
34230.3
34225.4
34222.2
34217.3
34212.5
34209.2
34204.4
34201.2
34196.3
34191.5
34188.2
34183.4
34176.9
34173.7
34168.9
34164.0
34160.8
34157.5
34152.7
34147.9
34144.6
34139.8
34134.9
34131.7
34126.9
34122.0
34118.8
34113.9
34110.7
34104.2
34101.0
34096.2
34091.3
34088.1
34083.2
34078.4
34075.2
34070.3
34067.1
34062.2
34057.4
34054.1
34049.3
34046.1
34041.2
34034.8
34031.5
34026.7
34023.5
34018.6
34013.8
34010.5
34005.7
34002.4
33997.6
33992.8
33989.5
33984.7
33981.4
33976.6
33970.1
33966.9
33962.1
33958.8
33954.0
33949.1
33945.9
33941.1
33937.8
33933.0
33928.1
33924.9
33920.1
33916.8
33912.0
33907.1
33903.9
33897.4
33894.2
33889.4
33886.1
33881.3
33876.4
33873.2
33868.4
33863.5
33860.3
33857.0
33852.2
33847.3
33844.1
33839.3
33834.4
33829.6
33824.7
33819.9
33816.7
33813.4
33808.6
33803.7
33800.5
33795.6
33790.8
33787.6
33784.3
33779.5
33774.6
33771.4
33766.6
33761.7
33756.9
33752.0
33748.8
33743.9
33740.7
33735.9
33732.6
33727.8
33722.9
33719.7
33714.9
33710.0
33706.8
33703.6
33698.7
33692.2
33689.0
33684.2
33680.9
33676.1
33671.2
33668.0
33663.2
33659.9
33655.1
33651.9
33647.0
33642.2
33638.9
33634.1
33629.2
33624.4
33621.2
33616.3
33611.5
33608.2
33603.4
33600.2
33595.3
33590.5
33587.2
33584.0
33579.2
33574.3
33571.1
33566.2
33561.4
33556.5
33551.7
33548.5
33543.6
33540.4
33535.5
33532.3
33527.5
33522.6
33519.4
33516.1
33511.3
33506.5
33503.2
33498.4
33495.1
33490.3
33483.8
33480.6
33477.4
33472.5
33467.7
33464.4
33459.6
33456.4
33451.5
33446.7
33443.4
33440.2
33435.4
33430.5
33427.3
33422.4
33416.0
33412.7
33407.9
33404.7
33401.4
33396.6
33391.7
33388.5
33383.7
33378.8
33375.6
33370.7
33367.5
33364.3
33359.4
33354.6
33351.4
33344.9
33340.0
33336.8
33332.0
33328.7
33325.5
33320.7
33315.8
33312.6
33307.7
33304.5
33299.7
33296.4
33291.6
33288.3
33283.5
33277.0
33273.8
33269.0
33265.7
33260.9
33257.6
33252.8
33249.6
33244.7
33239.9
33236.6
33231.8
33228.6
33225.3
33220.5
33215.6
33210.8
33205.9
33202.7
33197.9
33193.0
33189.8
33186.6
33181.7
33176.9
33173.6
33168.8
33165.6
33162.3
33157.5
33152.6
33149.4
33144.6
33139.7
33134.9
33130.0
33126.8
33123.5
33118.7
33115.5
33110.6
33105.8
33102.5
33097.7
33094.5
33089.6
33086.4
33081.5
33078.3
33071.8
33067.0
33063.8
33058.9
33055.7
33052.5
33047.6
33042.8
33039.5
33034.7
33031.5
33028.2
33023.4
33018.5
33015.3
33010.5
33007.2
33000.8
32995.9
32992.7
32989.5
32984.6
32981.4
32976.5
32971.7
32968.4
32963.6
32960.4
32957.1
32952.3
32947.4
32944.2
32939.4
32934.5
32931.3
32926.4
32921.6
32918.4
32913.5
32910.3
32905.4
32902.2
32897.4
32894.1
32889.3
32886.1
32881.2
32878.0
32873.1
32866.7
32863.4
32860.2
32855.4
32852.1
32847.3
32842.4
32839.2
32834.4
32831.1
32827.9
32823.0
32819.8
32815.0
32810.1
32806.9
32803.7
32797.2
32794.0
32789.1
32784.3
32781.0
32776.2
32773.0
32769.7
32764.9
32760.0
32756.8
32752.0
32748.7
32743.9
32740.6
32737.4
32732.6
32726.1
32722.9
32718.0
32714.8
32711.6
32706.7
32701.9
32698.6
32693.8
32690.6
32685.7
32682.5
32679.3
32674.4
32669.6
32666.3
32659.9
32656.6
32651.8
32648.6
32645.3
32640.5
32635.6
32632.4
32627.6
32624.3
32621.1
32616.2
32613.0
32608.2
32603.3
32600.1
32595.2
32590.4
32587.2
32582.3
32579.1
32574.2
32569.4
32566.2
32561.3
32558.1
32554.8
32550.0
32546.8
32541.9
32537.1
32533.8
32530.6
32525.8
32520.9
32516.1
32512.8
32508.0
32504.8
32499.9
32496.7
32491.8
32488.6
32483.8
32480.5
32475.7
32472.5
32469.2
32464.4
32459.5
32456.3
32449.8
32446.6
32443.4
32438.5
32435.3
32430.4
32427.2
32422.4
32417.5
32414.3
32411.1
32406.2
32403.0
32398.1
32394.9
32390.1
32386.8
32380.4
32377.1
32372.3
32369.1
32364.2
32361.0
32357.7
32352.9
32349.7
32344.8
32341.6
32336.7
32331.9
32328.7
32325.4
32320.6
32317.4
32310.9
32307.7
32304.4
32299.6
32296.3
32291.5
32286.7
32283.4
32278.6
32275.3
32272.1
32267.3
32264.0
32259.2
32256.0
32251.1
32247.9
32243.0
32238.2
32233.3
32230.1
32225.3
32222.0
32218.8
32214.0
32210.7
32205.9
32202.6
32197.8
32194.6
32191.3
32186.5
32181.6
32176.8
32171.9
32168.7
32163.9
32160.6
32157.4
32152.6
32149.3
32144.5
32141.2
32138.0
32133.2
32129.9
32125.1
32120.2
32117.0
32112.2
32107.3
32104.1
32099.2
32096.0
32091.2
32087.9
32084.7
32079.9
32076.6
32071.8
32068.5
32063.7
32060.5
32055.6
32052.4
32047.5
32044.3
32037.8
32034.6
32029.8
32026.5
32023.3
32018.5
32015.2
32010.4
32007.2
32003.9
31999.1
31995.8
31991.0
31987.8
31982.9
31979.7
31976.5
31970.0
31965.1
31961.9
31957.1
31953.8
31950.6
31945.8
31942.5
31937.7
31934.4
31929.6
31926.4
31923.1
31918.3
31915.1
31910.2
31907.0
31903.8
31897.3
31894.1
31889.2
31886.0
31881.1
31877.9
31874.7
31869.8
31866.6
31861.7
31856.9
31853.7
31848.8
31845.6
31842.4
31837.5
31834.3
31827.8
31824.6
31821.4
31816.5
31813.3
31808.4
31805.2
31800.4
31797.1
31793.9
31789.0
31785.8
31781.0
31777.7
31774.5
31769.7
31766.4
31760.0
31756.7
31751.9
31748.7
31745.4
31740.6
31737.3
31732.5
31729.3
31726.0
31721.2
31718.0
31713.1
31709.9
31705.0
31701.8
31698.6
31692.1
31688.9
31684.0
31680.8
31677.6
31672.7
31669.5
31664.6
31661.4
31656.6
31653.3
31650.1
31645.3
31642.0
31637.2
31633.9
31630.7
31624.2
31621.0
31616.2
31612.9
31608.1
31604.9
31601.6
31596.8
31593.6
31588.7
31585.5
31580.6
31577.4
31574.2
31569.3
31566.1
31561.2
31558.0
31553.2
31548.3
31545.1
31540.2
31537.0
31532.2
31528.9
31525.7
31520.8
31517.6
31512.8
31509.5
31506.3
31501.5
31498.2
31493.4
31490.2
31483.7
31480.5
31477.2
31472.4
31469.1
31464.3
31461.1
31457.8
31453.0
31449.8
31444.9
31441.7
31436.8
31433.6
31430.4
31425.5
31422.3
31415.8
31412.6
31409.4
31404.5
31401.3
31396.4
31393.2
31390.0
31386.8
31381.9
31378.7
31373.8
31370.6
31367.4
31362.5
31359.3
31354.4
31351.2
31344.7
31341.5
31338.3
31333.4
31330.2
31325.4
31322.1
31318.9
31314.0
31310.8
31306.0
31302.7
31297.9
31294.7
31291.4
31286.6
31283.4
31278.5
31275.3
31270.4
31267.2
31262.3
31259.1
31254.3
31251.0
31247.8
31243.0
31239.7
31234.9
31231.7
31228.4
31223.6
31220.3
31215.5
31210.6
31205.8
31202.6
31199.3
31196.1
31191.3
31188.0
31184.8
31180.0
31176.7
31171.9
31168.6
31163.8
31160.6
31157.3
31152.5
31149.3
31144.4
31139.6
31136.3
31133.1
31128.3
31125.0
31120.2
31116.9
31113.7
31108.9
31105.6
31100.8
31097.6
31094.3
31089.5
31086.2
31081.4
31078.2
31073.3
31070.1
31065.2
31062.0
31057.2
31053.9
31050.7
31045.9
31042.6
31037.8
31034.5
31029.7
31026.5
31023.2
31020.0
31015.2
31011.9
31008.7
31002.2
30999.0
30994.2
30990.9
30986.1
30982.8
30979.6
30974.8
30971.5
30968.3
30965.1
30960.2
30957.0
30952.1
30948.9
30944.1
30940.8
30937.6
30931.1
30927.9
30924.7
30921.5
30916.6
30913.4
30908.5
30905.3
30900.4
30897.2
30894.0
30889.1
30885.9
30882.7
30879.4
30874.6
30871.4
30864.9
30861.7
30856.8
30853.6
30850.4
30845.5
30842.3
30839.1
30835.8
30831.0
30827.7
30822.9
30819.7
30814.8
30811.6
30808.4
30805.1
30800.3
30795.4
30792.2
30787.4
30784.1
30779.3
30776.0
30771.2
30769.6
30764.7
30761.5
30756.7
30753.4
30750.2
30745.3
30742.1
30737.3
30735.7
30730.8
30726.0
30721.1
30717.9
30713.0
30709.8
30706.6
30701.7
30698.5
30695.3
30692.0
30687.2
30684.0
30679.1
30675.9
30671.0
30667.8
30664.6
30661.3
30654.9
30651.6
30648.4
30643.6
30640.3
30635.5
30632.3
30629.0
30625.8
30620.9
30617.7
30612.9
30609.6
30606.4
30603.2
30598.3
30595.1
30588.6
30585.4
30582.2
30577.3
30574.1
30570.9
30567.6
30562.8
30559.6
30554.7
30551.5
30546.6
30545.0
30540.2
30536.9
30532.1
30528.9
30525.6
30519.2
30515.9
30512.7
30509.5
30504.6
30501.4
30496.5
30493.3
30490.1
30486.8
30482.0
30478.8
30473.9
30470.7
30467.5
30464.2
30459.4
30456.2
30449.7
30446.5
30443.2
30440.0
30435.1
30431.9
30428.7
30423.8
30420.6
30415.8
30412.5
30409.3
30406.1
30401.2
30398.0
30393.1
30391.5
30386.7
30381.8
30377.0
30373.8
30368.9
30365.7
30362.4
30359.2
30354.4
30351.1
30347.9
30343.1
30339.8
30336.6
30333.4
30328.5
30325.3
30320.4
30317.2
30312.4
30309.1
30304.3
30301.1
30296.2
30294.6
30289.7
30286.5
30281.7
30278.4
30273.6
30272.0
30267.1
30263.9
30259.0
30255.8
30252.6
30249.4
30242.9
30239.7
30234.8
30231.6
30228.3
30225.1
30220.3
30217.0
30213.8
30209.0
30205.7
30202.5
30199.3
30194.4
30191.2
30186.3
30183.1
30179.9
30175.0
30170.2
30167.0
30163.7
30160.5
30155.6
30152.4
30147.6
30144.3
30141.1
30137.9
30133.0
30129.8
30124.9
30123.3
30118.5
30115.3
30110.4
30105.6
30102.3
30099.1
30094.3
30091.0
30086.2
30084.6
30079.7
30076.5
30071.6
30068.4
30065.2
30061.9
30057.1
30053.9
30049.0
30047.4
30042.6
30037.7
30032.9
30029.6
30026.4
30023.2
30018.3
30015.1
30010.2
30008.6
30003.8
30000.5
29995.7
29992.5
29989.2
29986.0
29981.2
29977.9
29974.7
29971.5
29965.0
29961.8
29956.9
29953.7
29950.5
29947.2
29942.4
29939.2
29935.9
29932.7
29927.8
29924.6
29919.8
29918.1
29913.3
29910.1
29905.2
29900.4
29897.1
29893.9
29889.1
29885.8
29882.6
29879.4
29874.5
29871.3
29866.4
29864.8
29860.0
29856.8
29851.9
29850.3
29845.4
29842.2
29837.4
29835.8
29829.3
29826.1
29821.2
29818.0
29814.7
29811.5
29806.7
29803.4
29800.2
29797.0
29792.1
29788.9
29784.1
29780.8
29777.6
29774.4
29769.5
29766.3
29761.4
29758.2
29753.4
29750.1
29746.9
29742.0
29738.8
29735.6
29732.4
29727.5
29724.3
29721.0
29717.8
29713.0
29709.7
29706.5
29703.3
29698.4
29693.6
29688.7
29687.1
29682.3
29679.0
29674.2
29672.6
29667.7
29664.5
29659.6
29658.0
29653.2
29650.0
29645.1
29641.9
29638.6
29635.4
29630.6
29627.3
29622.5
29619.3
29614.4
29611.2
29607.9
29603.1
29599.9
29596.6
29593.4
29588.6
29586.9
29582.1
29578.9
29574.0
29572.4
29567.6
29564.3
29559.5
29554.6
29551.4
29548.2
29543.3
29540.1
29536.9
29533.6
29528.8
29525.6
29522.3
29517.5
29515.9
29511.0
29507.8
29502.9
29501.3
29496.5
29493.2
29486.8
29485.2
29480.3
29477.1
29472.2
29469.0
29465.8
29462.5
29459.3
29454.5
29451.2
29448.0
29444.8
29439.9
29436.7
29433.5
29430.2
29425.4
29422.2
29417.3
29414.1
29409.2
29406.0
29402.8
29399.5
29394.7
29391.5
29388.2
29383.4
29380.1
29376.9
29373.7
29368.8
29367.2
29362.4
29359.1
29354.3
29352.7
29346.2
29343.0
29339.8
29334.9
29331.7
29328.4
29325.2
29320.4
29317.1
29313.9
29310.7
29305.8
29304.2
29299.4
29296.1
29291.3
29288.1
29284.8
29280.0
29276.7
29271.9
29268.7
29265.4
29262.2
29257.4
29254.1
29250.9
29247.7
29242.8
29239.6
29236.4
29233.1
29228.3
29225.0
29221.8
29218.6
29215.4
29208.9
29205.7
29202.4
29199.2
29194.3
29191.1
29187.9
29184.7
29179.8
29176.6
29173.3
29170.1
29166.9
29162.0
29158.8
29155.6
29152.3
29147.5
29144.3
29139.4
29136.2
29133.0
29128.1
29124.9
29121.6
29118.4
29113.6
29110.3
29107.1
29103.9
29099.0
29095.8
29092.6
29089.3
29086.1
29081.3
29078.0
29074.8
29069.9
29065.1
29061.9
29058.6
29055.4
29052.2
29047.3
29044.1
29040.9
29037.6
29032.8
29031.2
29026.3
29023.1
29019.9
29015.0
29011.8
29008.6
29003.7
28998.9
28997.2
28992.4
28989.2
28985.9
28982.7
28977.9
28974.6
28971.4
28966.5
28964.9
28960.1
28956.9
28953.6
28950.4
28945.5
28942.3
28939.1
28932.6
28931.0
28926.2
28922.9
28919.7
28916.5
28911.6
28908.4
28905.2
28901.9
28898.7
28893.8
28890.6
28887.4
28884.1
28879.3
28876.1
28872.8
28869.6
28864.8
28859.9
28856.7
28853.5
28850.2
28847.0
28842.1
28838.9
28835.7
28832.4
28827.6
28826.0
28821.1
28817.9
28814.7
28811.4
28806.6
28803.4
28800.1
28795.3
28792.1
28787.2
28784.0
28780.7
28777.5
28774.3
28769.4
28766.2
28763.0
28759.7
28754.9
28751.7
28748.4
28745.2
28742.0
28737.1
28735.5
28730.7
28725.8
28722.6
28719.4
28716.1
28711.3
28708.0
28704.8
28701.6
28696.7
28693.5
28690.3
28687.0
28683.8
28679.0
28677.3
28672.5
28669.3
28666.0
28661.2
28656.3
28653.1
28649.9
28646.7
28643.4
28638.6
28635.3
28632.1
28628.9
28625.6
28620.8
28617.6
28614.3
28611.1
28607.9
28603.0
28601.4
28596.6
28593.3
28588.5
28585.3
28580.4
28577.2
28573.9
28570.7
28567.5
28562.6
28559.4
28556.2
28552.9
28549.7
28544.9
28543.3
28538.4
28535.2
28531.9
28527.1
28525.5
28519.0
28515.8
28512.6
28509.3
28506.1
28501.2
28498.0
28494.8
28491.6
28488.3
28483.5
28480.2
28477.0
28473.8
28470.5
28467.3
28462.5
28459.2
28456.0
28451.2
28447.9
28443.1
28439.9
28436.6
28433.4
28430.2
28425.3
28423.7
28418.8
28415.6
28412.4
28409.2
28405.9
28401.1
28397.8
28394.6
28391.4
28388.2
28381.7
28380.1
28375.2
28372.0
28368.8
28365.5
28362.3
28357.5
28355.8
28351.0
28347.8
28344.5
28339.7
28338.1
28333.2
28330.0
28326.8
28323.5
28320.3
28313.8
28312.2
28307.4
28304.1
28300.9
28296.1
28294.4
28289.6
28286.4
28283.1
28279.9
28276.7
28271.8
28270.2
28265.4
28262.1
28258.9
28254.1
28252.4
28247.6
28242.7
28239.5
28236.3
28233.1
28228.2
28226.6
28221.7
28218.5
28215.3
28212.0
28208.8
28204.0
28200.7
28197.5
28194.3
28191.0
28187.8
28184.6
28179.7
28174.9
28171.7
28168.4
28165.2
28162.0
28157.1
28155.5
28150.7
28147.4
28144.2
28141.0
28137.7
28132.9
28131.3
28126.4
28123.2
28120.0
28115.1
28113.5
28107.0
28103.8
28100.6
28097.3
28094.1
28089.3
28087.6
28082.8
28079.6
28076.3
28073.1
28069.9
28066.6
28061.8
28060.2
28055.3
28052.1
28048.9
28045.6
28042.4
28035.9
28032.7
28029.5
28026.3
28023.0
28019.8
28016.6
28011.7
28008.5
28005.2
28002.0
27998.8
27995.6
27990.7
27989.1
27984.2
27981.0
27977.8
27974.6
27971.3
27964.9
27963.2
27958.4
27955.2
27951.9
27948.7
27945.5
27942.2
27937.4
27935.8
27930.9
27927.7
27924.5
27921.2
27918.0
27913.2
27911.5
27906.7
27903.5
27898.6
27895.4
27892.2
27888.9
27884.1
27882.5
27877.6
27874.4
27871.2
27867.9
27864.7
27861.5
27856.6
27853.4
27850.1
27846.9
27843.7
27840.5
27837.2
27830.8
27829.1
27824.3
27821.1
27817.8
27814.6
27811.4
27808.1
27803.3
27801.7
27796.8
27793.6
27790.4
27787.1
27783.9
27780.7
27777.4
27774.2
27769.4
27766.1
27761.3
27758.1
27754.8
27750.0
27748.4
27743.5
27740.3
27737.1
27733.8
27730.6
27727.4
27722.5
27720.9
27716.1
27712.8
27709.6
27706.4
27703.1
27699.9
27696.7
27691.8
27687.0
27685.4
27680.5
27677.3
27674.0
27670.8
27667.6
27664.4
27659.5
27657.9
27653.0
27649.8
27646.6
27643.3
27640.1
27636.9
27632.0
27630.4
27624.0
27620.7
27617.5
27614.3
27611.0
27607.8
27604.6
27601.3
27596.5
27594.9
27591.6
27586.8
27583.6
27580.3
27577.1
27573.9
27570.6
27567.4
27564.2
27559.3
27557.7
27551.3
27548.0
27544.8
27541.6
27538.3
27535.1
27530.3
27528.6
27523.8
27520.6
27517.3
27514.1
27510.9
27507.6
27504.4
27501.2
27496.3
27493.1
27489.9
27485.0
27481.8
27478.6
27475.3
27472.1
27468.9
27465.6
27462.4
27457.6
27454.3
27451.1
27447.9
27444.6
27441.4
27438.2
27434.9
27430.1
27428.5
27425.2
27420.4
27417.2
27412.3
27409.1
27405.9
27402.6
27399.4
27396.2
27391.3
27389.7
27384.8
27381.6
27378.4
27375.2
27371.9
27368.7
27365.5
27362.2
27359.0
27354.2
27352.5
27346.1
27342.8
27339.6
27336.4
27333.1
27329.9
27326.7
27323.5
27320.2
27315.4
27313.8
27308.9
27305.7
27302.5
27299.2
27296.0
27292.8
27289.5
27286.3
27283.1
27278.2
27275.0
27270.1
27266.9
27263.7
27260.4
27257.2
27254.0
27250.8
27247.5
27244.3
27241.1
27237.8
27233.0
27229.7
27228.1
27223.3
27220.1
27216.8
27213.6
27208.7
27205.5
27202.3
27199.1
27195.8
27192.6
27189.4
27184.5
27181.3
27178.0
27174.8
27171.6
27168.4
27165.1
27161.9
27158.7
27155.4
27152.2
27147.4
27145.7
27140.9
27136.0
27132.8
27129.6
27126.3
27123.1
27119.9
27116.7
27113.4
27110.2
27107.0
27103.7
27098.9
27095.7
27094.0
27089.2
27086.0
27082.7
27079.5
27076.3
27071.4
27068.2
27065.0
27061.7
27058.5
27055.3
27050.4
27047.2
27045.6
27040.7
27037.5
27034.3
27031.0
27027.8
27024.6
27021.3
27018.1
27014.9
27011.6
27008.4
27003.6
26998.7
26997.1
26992.3
26989.0
26987.4
26982.6
26979.3
26976.1
26972.9
26969.6
26966.4
26963.2
26959.9
26956.7
26951.9
26950.2
26947.0
26942.2
26940.6
26934.1
26930.9
26929.2
26924.4
26921.2
26917.9
26914.7
26911.5
26908.2
26905.0
26901.8
26898.5
26895.3
26892.1
26888.9
26884.0
26882.4
26879.2
26874.3
26871.1
26867.8
26863.0
26859.8
26856.5
26853.3
26850.1
26846.8
26843.6
26840.4
26837.2
26833.9
26830.7
26827.5
26822.6
26821.0
26816.1
26812.9
26811.3
26806.5
26803.2
26800.0
26795.1
26791.9
26788.7
26785.5
26782.2
26779.0
26775.8
26772.5
26769.3
26766.1
26762.8
26759.6
26754.8
26753.1
26749.9
26745.1
26743.4
26740.2
26735.4
26732.1
26727.3
26724.1
26720.8
26717.6
26714.4
26711.1
26707.9
26704.7
26701.4
26698.2
26695.0
26691.7
26688.5
26683.7
26682.1
26678.8
26674.0
26672.4
26669.1
26664.3
26662.7
26657.8
26653.0
26651.4
26646.5
26643.3
26640.0
26636.8
26633.6
26630.4
26627.1
26623.9
26620.7
26617.4
26614.2
26611.0
26607.7
26604.5
26601.3
26598.0
26594.8
26591.6
26586.7
26581.9
26580.3
26577.0
26572.2
26570.6
26567.3
26562.5
26560.9
26557.6
26552.8
26549.6
26546.3
26543.1
26539.9
26536.6
26533.4
26530.2
26527.0
26523.7
26518.9
26515.6
26512.4
26509.2
26505.9
26502.7
26499.5
26496.3
26493.0
26489.8
26486.6
26483.3
26480.1
26476.9
26473.6
26468.8
26467.2
26463.9
26459.1
26457.5
26454.2
26447.8
26446.2
26442.9
26438.1
26436.5
26433.2
26428.4
26426.8
26423.6
26418.7
26415.5
26413.9
26409.0
26405.8
26404.2
26399.3
26396.1
26392.9
26389.6
26386.4
26381.5
26378.3
26375.1
26371.9
26368.6
26365.4
26362.2
26358.9
26355.7
26352.5
26349.2
26346.0
26342.8
26339.5
26336.3
26333.1
26329.8
26326.6
26323.4
26320.2
26316.9
26312.1
26308.8
26305.6
26302.4
26299.1
26295.9
26292.7
26289.5
26286.2
26283.0
26279.8
26276.5
26273.3
26270.1
26266.8
26263.6
26260.4
26257.1
26253.9
26250.7
26247.4
26242.6
26237.8
26236.1
26232.9
26228.1
26226.4
26223.2
26218.4
26216.8
26213.5
26210.3
26207.1
26203.8
26200.6
26195.7
26194.1
26190.9
26186.1
26184.4
26181.2
26174.7
26173.1
26169.9
26165.1
26163.4
26160.2
26157.0
26152.1
26150.5
26147.3
26142.4
26140.8
26137.6
26132.7
26131.1
26127.9
26123.0
26121.4
26118.2
26115.0
26110.1
26106.9
26103.7
26098.8
26097.2
26094.0
26089.1
26087.5
26084.3
26081.0
26077.8
26074.6
26071.3
26068.1
26064.9
26061.7
26058.4
26055.2
26052.0
26048.7
26045.5
26042.3
26037.4
26034.2
26031.0
26027.7
26024.5
26021.3
26018.0
26014.8
26011.6
26008.3
26005.1
26001.9
25998.6
25995.4
25992.2
25988.9
25985.7
25982.5
25979.3
25976.0
25972.8
25967.9
25964.7
25961.5
25958.3
25955.0
25951.8
25948.6
25945.3
25942.1
25938.9
25935.6
25934.0
25929.2
25925.9
25922.7
25919.5
25916.2
25913.0
25911.4
25906.6
25903.3
25900.1
25896.9
25892.0
25890.4
25887.2
25882.3
25879.1
25877.5
25874.2
25869.4
25867.8
25864.5
25861.3
25858.1
25854.9
25851.6
25848.4
25845.2
25841.9
25838.7
25835.5
25830.6
25827.4
25824.2
25820.9
25817.7
25814.5
25811.2
25808.0
25804.8
25801.5
25798.3
25795.1
25791.8
25788.6
25785.4
25782.1
25778.9
25777.3
25772.5
25769.2
25767.6
25764.4
25757.9
25756.3
25753.1
25749.8
25745.0
25743.4
25740.1
25736.9
25733.7
25730.4
25727.2
25724.0
25720.8
25717.5
25714.3
25711.1
25707.8
25704.6
25701.4
25698.1
25694.9
25690.1
25686.8
25685.2
25680.4
25677.1
25675.5
25672.3
25667.4
25665.8
25662.6
25659.4
25654.5
25652.9
25649.7
25646.4
25643.2
25640.0
25636.7
25633.5
25630.3
25627.0
25622.2
25619.0
25615.7
25612.5
25609.3
25606.0
25602.8
25599.6
25596.4
25594.7
25589.9
25586.7
25585.0
25581.8
25578.6
25575.3
25572.1
25568.9
25565.7
25562.4
25559.2
25554.3
25551.1
25547.9
25544.7
25541.4
25538.2
25536.6
25531.7
25528.5
25525.3
25523.6
25518.8
25515.6
25514.0
25510.7
25505.9
25504.3
25501.0
25497.8
25494.6
25491.3
25488.1
25483.3
25480.0
25476.8
25473.6
25470.3
25467.1
25465.5
25460.6
25457.4
25455.8
25452.6
25447.7
25446.1
25442.9
25439.6
25436.4
25433.2
25429.9
25426.7
25423.5
25420.2
25415.4
25412.2
25408.9
25407.3
25402.5
25399.2
25397.6
25394.4
25391.2
25386.3
25384.7
25381.5
25378.2
25375.0
25371.8
25368.5
25365.3
25362.1
25358.9
25355.6
25352.4
25350.8
25345.9
25341.1
25337.9
25336.2
25333.0
25329.8
25326.5
25323.3
25320.1
25316.8
25313.6
25310.4
25307.2
25303.9
25300.7
25299.1
25294.2
25291.0
25289.4
25286.2
25282.9
25278.1
25274.8
25271.6
25268.4
25265.1
25261.9
25258.7
25255.5
25252.2
25250.6
25245.8
25242.5
25240.9
25237.7
25234.5
25231.2
25228.0
25224.8
25221.5
25218.3
25216.7
25210.2
25207.0
25203.8
25202.1
25198.9
25194.1
25192.4
25189.2
25186.0
25182.8
25179.5
25176.3
25173.1
25169.8
25166.6
25165.0
25160.1
25156.9
25155.3
25152.1
25148.8
25145.6
25140.7
25137.5
25134.3
25131.1
25129.4
25124.6
25121.4
25118.1
25116.5
25113.3
25110.0
25106.8
25103.6
25100.4
25097.1
25093.9
25092.3
25087.4
25084.2
25082.6
25079.4
25076.1
25069.7
25068.0
25064.8
25061.6
25058.3
25055.1
25051.9
25048.7
25045.4
25043.8
25040.6
25037.3
25032.5
25030.9
25027.7
25024.4
25021.2
25018.0
25014.7
25011.5
25008.3
25006.6
25001.8
24998.6
24995.3
24992.1
24988.9
24985.6
24982.4
24979.2
24977.6
24972.7
24969.5
24967.9
24964.6
24961.4
24958.2
24954.9
24951.7
24948.5
24945.3
24942.0
24940.4
24937.2
24930.7
24929.1
24925.9
24922.6
24919.4
24916.2
24912.9
24909.7
24906.5
24904.9
24901.6
24898.4
24895.2
24891.9
24888.7
24885.5
24882.2
24879.0
24877.4
24874.2
24869.3
24867.7
24862.9
24859.6
24856.4
24853.2
24849.9
24846.7
24843.5
24840.2
24838.6
24835.4
24832.2
24828.9
24825.7
24822.5
24819.2
24816.0
24814.4
24811.2
24807.9
24803.1
24801.5
24798.2
24793.4
24790.2
24786.9
24785.3
24780.5
24777.2
24775.6
24772.4
24769.2
24765.9
24762.7
24759.5
24756.2
24753.0
24749.8
24748.1
24744.9
24741.7
24738.5
24735.2
24732.0
24727.1
24723.9
24722.3
24719.1
24715.8
24712.6
24709.4
24706.1
24702.9
24699.7
24696.4
24694.8
24691.6
24688.4
24685.1
24681.9
24678.7
24675.4
24672.2
24669.0
24667.4
24664.1
24660.9
24656.1
24652.8
24649.6
24646.4
24643.1
24641.5
24638.3
24635.1
24631.8
24628.6
24625.4
24622.1
24618.9
24615.7
24614.1
24610.8
24607.6
24604.4
24601.1
24597.9
24594.7
24591.4
24588.2
24585.0
24581.7
24578.5
24575.3
24572.0
24568.8
24565.6
24562.4
24560.7
24557.5
24554.3
24551.0
24547.8
24544.6
24541.3
24538.1
24534.9
24533.3
24530.0
24526.8
24523.6
24518.7
24515.5
24512.3
24509.0
24507.4
24504.2
24501.0
24497.7
24494.5
24491.3
24489.6
24484.8
24481.6
24480.0
24476.7
24473.5
24470.3
24467.0
24465.4
24462.2
24459.0
24455.7
24450.9
24447.6
24444.4
24441.2
24437.9
24436.3
24433.1
24429.9
24426.6
24423.4
24421.8
24416.9
24413.7
24412.1
24408.9
24405.6
24402.4
24399.2
24395.9
24394.3
24391.1
24387.9
24384.6
24379.8
24376.6
24373.3
24370.1
24368.5
24365.2
24362.0
24358.8
24355.6
24352.3
24350.7
24347.5
24342.6
24341.0
24337.8
24334.5
24331.3
24328.1
24326.5
24323.2
24320.0
24316.8
24311.9
24308.7
24307.1
24302.2
24299.0
24297.4
24294.2
24290.9
24287.7
24284.5
24282.8
24279.6
24276.4
24273.2
24269.9
24266.7
24265.1
24260.2
24257.0
24255.4
24252.2
24248.9
24244.1
24240.8
24239.2
24236.0
24232.8
24229.5
24226.3
24223.1
24221.5
24218.2
24213.4
24211.8
24208.5
24205.3
24202.1
24198.8
24197.2
24194.0
24190.8
24187.5
24184.3
24181.1
24179.4
24174.6
24171.4
24168.1
24164.9
24161.7
24158.4
24155.2
24153.6
24150.4
24147.1
24143.9
24140.7
24139.1
24135.8
24132.6
24129.4
24126.1
24122.9
24121.3
24118.1
24114.8
24111.6
24108.4
24103.5
24100.3
24097.1
24095.4
24092.2
24089.0
24085.7
24082.5
24079.3
24077.7
24074.4
24071.2
24068.0
24064.7
24063.1
24059.9
24056.7
24053.4
24050.2
24048.6
24045.4
24042.1
24037.3
24034.0
24030.8
24027.6
24024.3
24021.1
24019.5
24016.3
24013.0
24009.8
24006.6
24005.0
24001.7
23998.5
23995.3
23992.0
23988.8
23987.2
23984.0
23980.7
23977.5
23974.3
23972.6
23967.8
23964.6
23961.3
23958.1
23954.9
23953.3
23950.0
23945.2
23943.6
23940.3
23937.1
23933.9
23930.6
23929.0
23925.8
23922.6
23919.3
23916.1
23914.5
23911.3
23908.0
23904.8
23901.6
23896.7
23895.1
23891.9
23888.6
23885.4
23882.2
23880.6
23877.3
23874.1
23870.9
23867.6
23864.4
23862.8
23859.6
23856.3
23853.1
23849.9
23848.2
23845.0
23841.8
23838.6
23835.3
23833.7
23828.9
23825.6
23822.4
23819.2
23815.9
23814.3
23811.1
23807.9
23804.6
23801.4
23799.8
23796.5
23793.3
23790.1
23786.9
23783.6
23780.4
23777.2
23773.9
23772.3
23769.1
23765.8
23761.0
23757.8
23756.2
23752.9
23749.7
23746.5
23743.2
23741.6
23738.4
23735.2
23731.9
23728.7
23725.5
23723.8
23720.6
23717.4
23714.1
23710.9
23709.3
23706.1
23702.8
23699.6
23696.4
23694.8
23689.9
23686.7
23683.5
23680.2
23677.0
23675.4
23672.1
23668.9
23665.7
23662.4
23660.8
23657.6
23654.4
23652.8
23649.5
23646.3
23643.1
23639.8
23638.2
23635.0
23631.8
23628.5
23623.7
23622.1
23618.8
23615.6
23612.4
23609.1
23607.5
23604.3
23601.1
23597.8
23594.6
23591.4
23589.7
23586.5
23583.3
23580.1
23576.8
23575.2
23572.0
23568.7
23565.5
23562.3
23560.7
23557.4
23552.6
23549.4
23546.1
23542.9
23541.3
23538.0
23534.8
23531.6
23528.4
23526.7
23523.5
23520.3
23517.0
23513.8
23512.2
23509.0
23505.7
23502.5
23499.3
23496.0
23494.4
23491.2
23489.6
23484.7
23481.5
23478.3
23475.0
23473.4
23470.2
23467.0
23463.7
23460.5
23457.3
23455.6
23452.4
23449.2
23446.0
23442.7
23441.1
23437.9
23434.6
23431.4
23428.2
23426.6
23423.3
23420.1
23415.3
23412.0
23408.8
23407.2
23403.9
23402.3
23399.1
23395.9
23392.6
23389.4
23387.8
23384.6
23381.3
23378.1
23374.9
23371.6
23370.0
23366.8
23363.6
23360.3
23357.1
23355.5
23352.2
23347.4
23344.2
23340.9
23339.3
23336.1
23334.5
23331.2
23328.0
23324.8
23321.6
23318.3
23316.7
23313.5
23310.2
23307.0
23303.8
23302.2
23298.9
23295.7
23292.5
23289.2
23287.6
23284.4
23281.2
23277.9
23274.7
23271.5
23268.2
23265.0
23263.4
23260.2
23256.9
23253.7
23250.5
23248.8
23245.6
23242.4
23239.2
23235.9
23232.7
23231.1
23227.8
23226.2
23223.0
23219.8
23216.5
23213.3
23211.7
23206.8
23203.6
23200.4
23197.1
23195.5
23192.3
23189.1
23187.5
23184.2
23181.0
23177.8
23174.5
23172.9
23169.7
23166.5
23163.2
23160.0
23158.4
23155.1
23151.9
23148.7
23145.4
23143.8
23139.0
23135.8
23134.1
23130.9
23127.7
23124.4
23121.2
23119.6
23116.4
23113.1
23109.9
23106.7
23105.1
23101.8
23098.6
23097.0
23093.7
23090.5
23087.3
23084.1
23082.4
23079.2
23076.0
23071.1
23067.9
23066.3
23063.1
23061.4
23058.2
23055.0
23051.7
23048.5
23045.3
23043.7
23040.4
23037.2
23035.6
23032.4
23029.1
23025.9
23024.3
23021.0
23017.8
23014.6
23011.4
23008.1
23006.5
23001.7
23000.0
22996.8
22993.6
22990.3
22987.1
22985.5
22982.3
22979.0
22975.8
22972.6
22971.0
22967.7
22964.5
22962.9
22959.7
22956.4
22953.2
22950.0
22948.3
22945.1
22941.9
22940.3
22937.0
22932.2
22929.0
22927.3
22924.1
22920.9
22917.6
22914.4
22911.2
22909.6
22906.3
22904.7
22901.5
22898.3
22895.0
22891.8
22890.2
22886.9
22885.3
22882.1
22878.9
22875.6
22872.4
22869.2
22867.6
22862.7
22859.5
22856.3
22854.6
22851.4
22848.2
22846.6
22843.3
22840.1
22836.9
22833.6
22830.4
22828.8
22825.6
22823.9
22820.7
22817.5
22814.2
22811.0
22809.4
22806.2
22804.6
22801.3
22798.1
22793.2
22790.0
22786.8
22785.2
22781.9
22780.3
22777.1
22773.9
22770.6
22767.4
22765.8
22762.5
22759.3
22757.7
22754.5
22751.2
22748.0
22744.8
22743.2
22739.9
22736.7
22735.1
22731.8
22727.0
22723.8
22722.2
22718.9
22715.7
22712.5
22710.8
22707.6
22704.4
22702.8
22699.5
22696.3
22693.1
22689.8
22688.2
22685.0
22681.8
22680.1
22676.9
22673.7
22670.5
22667.2
22665.6
22662.4
22660.8
22655.9
22652.7
22649.5
22646.2
22644.6
22641.4
22638.1
22636.5
22633.3
22630.1
22626.8
22625.2
22622.0
22618.8
22617.1
22613.9
22610.7
22607.4
22605.8
22602.6
22599.4
22596.1
22594.5
22591.3
22586.4
22583.2
22581.6
22578.4
22575.1
22573.5
22570.3
22567.1
22565.4
22562.2
22559.0
22555.7
22552.5
22550.9
22547.7
22546.1
22542.8
22539.6
22536.4
22533.1
22531.5
22528.3
22526.7
22523.4
22518.6
22515.4
22512.1
22508.9
22507.3
22504.0
22502.4
22499.2
22496.0
22492.7
22489.5
22487.9
22484.7
22483.0
22479.8
22476.6
22473.3
22471.7
22468.5
22465.3
22462.0
22460.4
22457.2
22454.0
22450.7
22447.5
22444.3
22441.0
22439.4
22436.2
22434.6
22431.3
22428.1
22424.9
22421.6
22418.4
22416.8
22413.6
22412.0
22408.7
22405.5
22402.3
22400.6
22397.4
22394.2
22392.6
22389.3
22386.1
22384.5
22379.6
22376.4
22373.2
22369.9
22368.3
22365.1
22363.5
22360.3
22357.0
22353.8
22350.6
22348.9
22345.7
22344.1
22340.9
22337.6
22336.0
22332.8
22329.6
22326.3
22323.1
22321.5
22318.2
22316.6
22311.8
22308.6
22305.3
22302.1
22300.5
22297.2
22294.0
22292.4
22289.2
22287.6
22284.3
22281.1
22277.9
22274.6
22273.0
22269.8
22268.2
22264.9
22261.7
22258.5
22256.9
22253.6
22250.4
22247.2
22243.9
22240.7
22239.1
22235.9
22232.6
22229.4
22226.2
22224.5
22221.3
22219.7
22216.5
22213.2
22211.6
22208.4
22205.2
22201.9
22198.7
22197.1
22193.8
22192.2
22189.0
22185.8
22184.2
22180.9
22177.7
22172.8
22171.2
22168.0
22166.4
22163.1
22159.9
22156.7
22153.5
22151.8
22148.6
22145.4
22143.8
22140.5
22138.9
22135.7
22132.5
22129.2
22126.0
22124.4
22121.1
22119.5
22116.3
22113.1
22111.4
22108.2
22103.4
22100.1
22098.5
22095.3
22092.1
22090.4
22087.2
22085.6
22082.4
22079.1
22075.9
22072.7
22071.1
22067.8
22064.6
22063.0
22059.7
22058.1
22054.9
22051.7
22048.4
22045.2
22043.6
22040.4
22037.1
22033.9
22032.3
22029.1
22025.8
22022.6
22019.4
22017.7
22014.5
22011.3
22009.7
22006.4
22004.8
22001.6
21998.4
21995.1
21993.5
21990.3
21987.0
21985.4
21982.2
21979.0
21977.4
21974.1
21970.9
21967.7
21964.4
21961.2
21958.0
21956.3
21953.1
21951.5
21948.3
21945.0
21943.4
21940.2
21937.0
21933.7
21930.5
21928.9
21925.7
21924.0
21920.8
21919.2
21916.0
21912.7
21909.5
21906.3
21904.6
21901.4
21898.2
21895.0
21893.3
21890.1
21886.9
21883.6
21882.0
21878.8
21875.6
21872.3
21870.7
21867.5
21865.9
21862.6
21859.4
21857.8
21854.6
21851.3
21848.1
21846.5
21843.3
21840.0
21838.4
21835.2
21833.6
21828.7
21825.5
21823.9
21820.6
21817.4
21814.2
21812.6
21809.3
21807.7
21804.5
21801.2
21799.6
21796.4
21793.2
21789.9
21788.3
21785.1
21781.9
21780.2
21777.0
21775.4
21772.2
21768.9
21767.3
21764.1
21759.2
21756.0
21754.4
21751.2
21747.9
21746.3
21743.1
21741.5
21738.2
21735.0
21733.4
21730.2
21726.9
21723.7
21722.1
21718.9
21717.2
21714.0
21710.8
21709.2
21705.9
21702.7
21701.1
21697.8
21694.6
21689.8
21688.2
21684.9
21683.3
21680.1
21678.5
21675.2
21672.0
21670.4
21667.2
21663.9
21660.7
21659.1
21655.8
21652.6
21651.0
21647.8
21646.1
21642.9
21639.7
21638.1
21634.8
21631.6
21628.4
21626.8
21621.9
21618.7
21617.1
21613.8
21612.2
21609.0
21607.4
21604.1
21600.9
21597.7
21596.1
21592.8
21589.6
21588.0
21584.8
21583.1
21579.9
21576.7
21575.1
21571.8
21568.6
21567.0
21563.8
21560.5
21557.3
21554.1
21550.8
21549.2
21546.0
21544.4
21541.1
21537.9
21536.3
21533.1
21529.8
21526.6
21525.0
21521.7
21518.5
21516.9
21513.7
21512.1
21508.8
21507.2
21504.0
21500.7
21499.1
21495.9
21492.7
21489.4
21487.8
21483.0
21479.7
21478.1
21474.9
21473.3
21470.0
21468.4
21465.2
21462.0
21460.4
21457.1
21453.9
21450.7
21449.0
21445.8
21442.6
21441.0
21437.7
21436.1
21432.9
21431.3
21428.0
21424.8
21423.2
21420.0
21415.1
21411.9
21410.3
21407.0
21405.4
21402.2
21400.6
21397.3
21394.1
21392.5
21389.3
21386.0
21384.4
21381.2
21378.0
21376.3
21373.1
21369.9
21368.3
21365.0
21363.4
21360.2
21358.6
21355.3
21352.1
21350.5
21345.6
21342.4
21339.2
21337.6
21334.3
21331.1
21329.5
21326.3
21324.6
21321.4
21319.8
21316.6
21313.3
21311.7
21308.5
21305.3
21303.6
21300.4
21297.2
21295.6
21292.3
21289.1
21287.5
21284.2
21282.6
21277.8
21276.2
21272.9
21269.7
21268.1
21264.9
21261.6
21260.0
21256.8
21253.6
21251.9
21248.7
21245.5
21243.9
21240.6
21239.0
21235.8
21234.2
21230.9
21227.7
21226.1
21222.9
21219.6
21218.0
21214.8
21211.5
21208.3
21205.1
21201.9
21200.2
21197.0
21195.4
21192.2
21190.5
21187.3
21184.1
21182.5
21179.2
21176.0
21174.4
21171.2
21167.9
21166.3
21163.1
21159.8
21158.2
21155.0
21153.4
21150.1
21148.5
21145.3
21143.7
21138.8
21135.6
21134.0
21130.8
21127.5
21125.9
21122.7
21119.5
21117.8
21114.6
21111.4
21109.8
21106.5
21104.9
21101.7
21100.1
21096.8
21095.2
21092.0
21088.8
21087.1
21083.9
21080.7
21079.1
21075.8
21071.0
21069.4
21066.1
21062.9
21061.3
21058.1
21056.4
21053.2
21051.6
21048.4
21046.7
21043.5
21040.3
21038.7
21035.4
21032.2
21030.6
21027.4
21024.1
21022.5
21019.3
21016.1
21014.4
21011.2
21009.6
21006.4
21004.7
20999.9
20998.3
20995.0
20991.8
20990.2
20987.0
20983.7
20982.1
20978.9
20975.7
20974.0
20970.8
20969.2
20966.0
20962.7
20961.1
20957.9
20956.3
20953.0
20949.8
20948.2
20945.0
20943.3
20940.1
20938.5
20933.7
20930.4
20928.8
20925.6
20924.0
20920.7
20917.5
20915.9
20912.7
20909.4
20907.8
20904.6
20901.3
20899.7
20896.5
20894.9
20891.6
20890.0
20886.8
20885.2
20882.0
20880.3
20877.1
20873.9
20872.3
20869.0
20864.2
20862.6
20859.3
20856.1
20854.5
20851.3
20849.6
20846.4
20843.2
20841.6
20838.3
20836.7
20833.5
20831.9
20828.6
20827.0
20823.8
20822.2
20818.9
20815.7
20814.1
20810.9
20807.6
20806.0
20802.8
20799.6
20797.9
20793.1
20791.5
20788.2
20785.0
20783.4
20780.2
20778.6
20775.3
20773.7
20770.5
20767.2
20765.6
20762.4
20760.8
20757.6
20755.9
20752.7
20751.1
20747.9
20744.6
20743.0
20739.8
20736.5
20734.9
20731.7
20730.1
20725.2
20722.0
20720.4
20717.2
20713.9
20712.3
20709.1
20707.5
20704.2
20702.6
20699.4
20697.8
20694.5
20692.9
20689.7
20688.1
20684.8
20681.6
20680.0
20676.8
20675.2
20671.9
20668.7
20667.1
20663.8
20662.2
20657.4
20654.2
20652.5
20649.3
20646.1
20644.5
20641.2
20639.6
20636.4
20633.1
20631.5
20628.3
20626.7
20623.5
20621.8
20618.6
20617.0
20613.8
20612.1
20608.9
20607.3
20604.1
20602.5
20599.2
20596.0
20594.4
20591.1
20587.9
20584.7
20581.4
20579.8
20576.6
20573.4
20571.8
20568.5
20566.9
20563.7
20560.4
20558.8
20555.6
20554.0
20550.8
20549.1
20545.9
20542.7
20541.1
20537.8
20536.2
20533.0
20531.4
20528.1
20526.5
20523.3
20521.7
20516.8
20515.2
20512.0
20510.4
20507.1
20503.9
20502.3
20499.1
20497.4
20494.2
20491.0
20489.4
20486.1
20484.5
20481.3
20478.0
20476.4
20473.2
20471.6
20468.4
20465.1
20463.5
20460.3
20458.7
20455.4
20453.8
20449.0
20445.7
20444.1
20440.9
20439.3
20436.0
20434.4
20431.2
20429.6
20426.3
20424.7
20421.5
20419.9
20416.7
20415.0
20411.8
20408.6
20407.0
20403.7
20402.1
20398.9
20397.3
20394.0
20392.4
20389.2
20386.0
20384.3
20379.5
20377.9
20374.6
20373.0
20369.8
20366.6
20365.0
20361.7
20360.1
20356.9
20353.6
20352.0
20348.8
20347.2
20344.0
20342.3
20339.1
20335.9
20334.3
20331.0
20329.4
20326.2
20324.6
20321.3
20318.1
20316.5
20311.6
20310.0
20306.8
20305.2
20301.9
20300.3
20297.1
20295.5
20292.3
20290.6
20287.4
20285.8
20282.6
20280.9
20277.7
20274.5
20272.9
20269.6
20268.0
20264.8
20263.2
20259.9
20258.3
20255.1
20253.5
20250.2
20248.6
20243.8
20242.2
20238.9
20235.7
20234.1
20230.9
20229.2
20226.0
20224.4
20221.2
20219.5
20216.3
20213.1
20211.5
20208.2
20206.6
20203.4
20201.8
20198.5
20196.9
20193.7
20190.5
20188.9
20185.6
20184.0
20180.8
20179.2
20174.3
20172.7
20169.5
20166.2
20164.6
20161.4
20159.8
20156.5
20154.9
20151.7
20150.1
20146.8
20143.6
20142.0
20138.8
20137.2
20133.9
20132.3
20129.1
20127.5
20124.2
20122.6
20119.4
20116.1
20114.5
20111.3
20109.7
20104.8
20103.2
20100.0
20098.4
20095.1
20093.5
20090.3
20088.7
20085.5
20082.2
20080.6
20077.4
20075.8
20072.5
20070.9
20067.7
20066.1
20062.8
20061.2
20058.0
20056.4
20053.1
20049.9
20048.3
20045.1
20043.4
20040.2
20037.0
20033.8
20032.1
20028.9
20027.3
20024.1
20022.4
20019.2
20017.6
20014.4
20012.7
20009.5
20006.3
20004.7
20001.4
19999.8
19996.6
19995.0
19991.7
19990.1
19986.9
19985.3
19982.1
19980.4
19977.2
19975.6
19972.4
19970.7
19965.9
19964.3
19961.0
19957.8
19956.2
19953.0
19951.4
19948.1
19946.5
19943.3
19941.7
19938.4
19936.8
19933.6
19932.0
19928.7
19927.1
19923.9
19922.3
19919.0
19915.8
19914.2
19911.0
19909.3
19906.1
19904.5
19901.3
19898.0
19894.8
19893.2
19890.0
19888.3
19885.1
19883.5
19880.3
19878.7
19875.4
19873.8
19870.6
19869.0
19865.7
19864.1
19860.9
19859.3
19856.0
19854.4
19851.2
19849.6
19846.3
19844.7
19841.5
19839.9
19836.6
19835.0
19831.8
19828.6
19825.3
19823.7
19820.5
19817.3
19815.6
19812.4
19810.8
19807.6
19805.9
19802.7
19801.1
19797.9
19796.3
19793.0
19791.4
19788.2
19786.6
19783.3
19781.7
19778.5
19776.9
19773.6
19772.0
19768.8
19767.2
19763.9
19760.7
19757.5
19755.9
19752.6
19751.0
19747.8
19746.2
19742.9
19741.3
19738.1
19736.5
19733.2
19731.6
19728.4
19726.8
19723.6
19721.9
19718.7
19717.1
19713.9
19712.2
19709.0
19707.4
19704.2
19702.5
19699.3
19697.7
19694.5
19689.6
19688.0
19684.8
19683.2
19679.9
19678.3
19675.1
19673.5
19670.2
19668.6
19665.4
19663.8
19660.5
19658.9
19655.7
19654.1
19650.8
19649.2
19646.0
19644.4
19641.2
19639.5
19636.3
19634.7
19631.5
19629.8
19626.6
19625.0
19620.2
19618.5
19615.3
19613.7
19612.1
19608.8
19607.2
19604.0
19602.4
19599.1
19597.5
19594.3
19592.7
19589.5
19587.8
19584.6
19583.0
19579.8
19578.1
19574.9
19573.3
19570.1
19568.5
19565.2
19563.6
19560.4
19557.1
19553.9
19550.7
19549.1
19545.8
19544.2
19541.0
19539.4
19536.1
19534.5
19531.3
19529.7
19526.4
19524.8
19521.6
19520.0
19518.4
19515.1
19513.5
19510.3
19508.7
19505.4
19503.8
19500.6
19499.0
19495.7
19494.1
19490.9
19489.3
19484.4
19482.8
19481.2
19478.0
19476.4
19473.1
19471.5
19468.3
19465.1
19463.4
19460.2
19458.6
19455.4
19453.7
19450.5
19448.9
19445.7
19444.0
19440.8
19439.2
19436.0
19434.4
19431.1
19429.5
19426.3
19424.7
19421.4
19419.8
19418.2
19413.4
19411.7
19408.5
19406.9
19403.7
19402.0
19398.8
19397.2
19394.0
19392.3
19390.7
19387.5
19385.9
19382.7
19379.4
19377.8
19374.6
19373.0
19369.7
19368.1
19364.9
19363.3
19360.0
19358.4
19355.2
19353.6
19350.3
19347.1
19343.9
19342.3
19340.6
19337.4
19335.8
19332.6
19331.0
19327.7
19326.1
19322.9
19321.3
19319.6
19316.4
19314.8
19311.6
19310.0
19306.7
19305.1
19301.9
19300.3
19297.0
19295.4
19292.2
19288.9
19287.3
19284.1
19282.5
19280.9
19276.0
19274.4
19271.2
19269.6
19266.3
19264.7
19261.5
19259.9
19258.3
19255.0
19253.4
19250.2
19248.6
19245.3
19243.7
19240.5
19238.9
19235.6
19234.0
19230.8
19229.2
19225.9
19224.3
19221.1
19219.5
19216.2
19214.6
19211.4
19208.2
19206.6
19203.3
19201.7
19198.5
19196.9
19193.6
19192.0
19190.4
19187.2
19185.5
19182.3
19180.7
19177.5
19175.9
19172.6
19171.0
19167.8
19166.2
19162.9
19161.3
19158.1
19156.5
19153.2
19151.6
19148.4
19146.8
19143.5
19140.3
19138.7
19135.5
19133.8
19130.6
19129.0
19127.4
19124.2
19122.5
19119.3
19117.7
19114.5
19112.8
19109.6
19106.4
19104.8
19101.5
19099.9
19098.3
19095.1
19093.5
19090.2
19088.6
19085.4
19083.8
19082.1
19078.9
19077.3
19074.1
19070.8
19069.2
19066.0
19062.8
19061.1
19057.9
19056.3
19053.1
19051.5
19048.2
19046.6
19043.4
19041.8
19040.1
19036.9
19035.3
19032.1
19030.4
19028.8
19025.6
19024.0
19020.8
19019.1
19015.9
19014.3
19011.1
19009.4
19006.2
19004.6
18999.8
18998.1
18994.9
18993.3
18991.7
18988.4
18986.8
18983.6
18982.0
18980.4
18977.1
18975.5
18972.3
18970.7
18967.4
18965.8
18962.6
18961.0
18957.7
18956.1
18952.9
18951.3
18948.1
18946.4
18944.8
18941.6
18940.0
18936.7
18935.1
18931.9
18928.7
18927.0
18923.8
18922.2
18919.0
18917.4
18914.1
18912.5
18909.3
18907.7
18904.4
18902.8
18899.6
18898.0
18896.4
18893.1
18891.5
18889.9
18886.7
18885.0
18881.8
18880.2
18877.0
18875.3
18872.1
18870.5
18867.3
18864.0
18860.8
18859.2
18856.0
18854.3
18852.7
18849.5
18847.9
18846.3
18843.0
18841.4
18838.2
18836.6
18833.3
18831.7
18828.5
18826.9
18823.6
18822.0
18818.8
18817.2
18815.6
18812.3
18810.7
18807.5
18805.9
18804.3
18801.0
18799.4
18794.6
18793.0
18789.7
18788.1
18784.9
18783.3
18780.0
18778.4
18776.8
18773.6
18771.9
18768.7
18767.1
18765.5
18762.3
18760.6
18759.0
18755.8
18754.2
18750.9
18747.7
18746.1
18742.9
18741.3
18739.6
18736.4
18734.8
18733.2
18729.9
18728.3
18723.5
18721.9
18720.2
18717.0
18715.4
18712.2
18710.6
18707.3
18704.1
18702.5
18700.9
18697.6
18696.0
18694.4
18691.2
18689.6
18687.9
18684.7
18683.1
18679.9
18678.2
18675.0
18673.4
18670.2
18668.5
18665.3
18663.7
18662.1
18657.2
18655.6
18652.4
18650.8
18649.2
18645.9
18644.3
18641.1
18639.5
18636.2
18634.6
18631.4
18629.8
18628.2
18624.9
18623.3
18620.1
18618.5
18616.8
18613.6
18612.0
18608.8
18607.2
18603.9
18602.3
18599.1
18597.5
18595.8
18592.6
18591.0
18587.8
18584.5
18582.9
18581.3
18578.1
18576.5
18573.2
18570.0
18568.4
18565.1
18563.5
18561.9
18558.7
18557.1
18555.5
18552.2
18550.6
18549.0
18545.8
18544.1
18540.9
18539.3
18536.1
18534.5
18531.2
18529.6
18528.0
18524.8
18523.1
18521.5
18516.7
18515.1
18511.8
18510.2
18507.0
18505.4
18502.1
18500.5
18497.3
18495.7
18494.1
18490.8
18489.2
18487.6
18484.4
18482.8
18479.5
18477.9
18474.7
18473.1
18469.8
18468.2
18466.6
18463.4
18461.7
18460.1
18456.9
18455.3
18453.7
18448.8
18447.2
18444.0
18442.4
18439.1
18437.5
18434.3
18432.7
18431.1
18427.8
18426.2
18424.6
18421.4
18419.7
18416.5
18414.9
18411.7
18410.0
18406.8
18405.2
18403.6
18400.4
18398.7
18397.1
18393.9
18392.3
18389.0
18387.4
18384.2
18381.0
18379.4
18376.1
18374.5
18372.9
18369.7
18368.0
18366.4
18363.2
18361.6
18358.3
18356.7
18353.5
18351.9
18348.7
18347.0
18345.4
18342.2
18340.6
18339.0
18335.7
18334.1
18330.9
18329.3
18326.0
18324.4
18321.2
18319.6
18318.0
18316.3
18311.5
18309.9
18308.3
18305.0
18301.8
18300.2
18297.0
18295.3
18293.7
18290.5
18288.9
18287.3
18284.0
18282.4
18280.8
18277.6
18276.0
18272.7
18271.1
18267.9
18266.3
18264.6
18261.4
18259.8
18258.2
18254.9
18253.3
18250.1
18248.5
18243.6
18242.0
18240.4
18237.2
18235.6
18233.9
18230.7
18229.1
18227.5
18224.3
18222.6
18219.4
18217.8
18214.6
18212.9
18211.3
18208.1
18206.5
18204.9
18201.6
18200.0
18196.8
18195.2
18191.9
18190.3
18188.7
18185.5
18183.9
18182.2
18179.0
18177.4
18174.2
18170.9
18167.7
18166.1
18164.5
18161.2
18159.6
18158.0
18154.8
18153.2
18151.5
18148.3
18146.7
18143.5
18141.9
18138.6
18137.0
18135.4
18132.2
18130.5
18128.9
18127.3
18124.1
18120.9
18119.2
18116.0
18114.4
18112.8
18111.2
18107.9
18104.7
18103.1
18099.8
18098.2
18095.0
18093.4
18090.2
18088.5
18086.9
18083.7
18082.1
18080.5
18077.2
18075.6
18072.4
18070.8
18067.5
18065.9
18064.3
18061.1
18059.5
18057.8
18056.2
18053.0
18051.4
18048.1
18046.5
18043.3
18041.7
18040.1
18035.2
18033.6
18032.0
18028.8
18027.1
18023.9
18022.3
18019.1
18017.5
18015.8
18014.2
18011.0
18009.4
18007.8
18004.5
18002.9
17999.7
17998.1
17994.8
17993.2
17991.6
17990.0
17986.8
17985.1
17981.9
17980.3
17977.1
17975.4
17973.8
17970.6
17967.4
17965.8
17964.1
17960.9
17959.3
17956.1
17954.4
17951.2
17949.6
17948.0
17944.7
17943.1
17941.5
17938.3
17936.7
17933.4
17931.8
17928.6
17927.0
17925.4
17923.7
17920.5
17918.9
17917.3
17914.1
17912.4
17909.2
17907.6
17906.0
17902.7
17901.1
17897.9
17894.7
17893.0
17889.8
17888.2
17885.0
17883.4
17881.7
17880.1
17876.9
17875.3
17873.7
17870.4
17868.8
17865.6
17864.0
17862.4
17859.1
17857.5
17855.9
17852.7
17851.0
17847.8
17846.2
17844.6
17841.3
17839.7
17838.1
17834.9
17833.3
17831.7
17826.8
17825.2
17822.0
17820.3
17818.7
17815.5
17813.9
17812.3
17809.0
17807.4
17804.2
17802.6
17801.0
17797.7
17796.1
17794.5
17792.9
17789.6
17788.0
17784.8
17783.2
17780.0
17778.3
17776.7
17775.1
17771.9
17770.3
17768.6
17765.4
17760.6
17759.0
17757.3
17755.7
17752.5
17750.9
17749.3
17746.0
17744.4
17741.2
17739.6
17737.9
17736.3
17733.1
17731.5
17729.9
17726.6
17725.0
17721.8
17720.2
17718.6
17715.3
17713.7
17712.1
17708.9
17707.3
17704.0
17702.4
17700.8
17697.6
17695.9
17694.3
17691.1
17687.9
17686.2
17683.0
17681.4
17679.8
17676.6
17674.9
17673.3
17670.1
17668.5
17665.2
17663.6
17662.0
17658.8
17657.2
17655.6
17653.9
17650.7
17649.1
17645.9
17644.2
17642.6
17639.4
17637.8
17636.2
17634.5
17631.3
17628.1
17626.5
17624.9
17620.0
17618.4
17616.8
17615.2
17611.9
17610.3
17607.1
17605.5
17603.9
17600.6
17599.0
17597.4
17595.8
17592.5
17590.9
17587.7
17586.1
17584.5
17581.2
17579.6
17578.0
17574.8
17573.2
17569.9
17568.3
17566.7
17565.1
17561.8
17560.2
17558.6
17553.8
17552.2
17548.9
17547.3
17545.7
17544.1
17540.8
17539.2
17536.0
17534.4
17532.8
17529.5
17527.9
17526.3
17524.7
17521.5
17519.8
17516.6
17515.0
17513.4
17510.1
17508.5
17506.9
17505.3
17502.1
17500.5
17497.2
17495.6
17494.0
17490.8
17489.1
17487.5
17482.7
17481.1
17477.8
17476.2
17474.6
17473.0
17471.4
17468.1
17466.5
17463.3
17461.7
17460.1
17456.8
17455.2
17453.6
17450.4
17448.8
17445.5
17443.9
17442.3
17440.7
17437.4
17435.8
17434.2
17431.0
17429.4
17426.1
17424.5
17422.9
17421.3
17419.7
17414.8
17413.2
17410.0
17408.4
17406.7
17403.5
17401.9
17400.3
17397.1
17395.4
17392.2
17390.6
17389.0
17387.4
17385.7
17382.5
17380.9
17377.7
17376.0
17374.4
17371.2
17369.6
17368.0
17366.4
17363.1
17359.9
17358.3
17356.7
17355.0
17353.4
17350.2
17347.0
17343.7
17342.1
17340.5
17338.9
17335.7
17334.0
17332.4
17329.2
17327.6
17324.3
17322.7
17321.1
17319.5
17317.9
17314.7
17311.4
17309.8
17308.2
17306.6
17303.3
17301.7
17300.1
17296.9
17295.3
17293.7
17290.4
17288.8
17287.2
17285.6
17282.3
17280.7
17275.9
17274.3
17272.6
17271.0
17267.8
17266.2
17263.0
17261.3
17259.7
17258.1
17254.9
17253.3
17251.6
17248.4
17246.8
17243.6
17242.0
17240.3
17238.7
17237.1
17233.9
17232.3
17229.0
17227.4
17225.8
17224.2
17220.9
17219.3
17216.1
17214.5
17212.9
17211.3
17206.4
17204.8
17203.2
17199.9
17198.3
17196.7
17193.5
17191.9
17190.3
17188.6
17185.4
17183.8
17180.6
17178.9
17177.3
17175.7
17172.5
17170.9
17167.6
17166.0
17164.4
17162.8
17161.2
17157.9
17156.3
17153.1
17151.5
17149.9
17148.2
17145.0
17143.4
17141.8
17136.9
17135.3
17133.7
17130.5
17128.9
17127.2
17124.0
17122.4
17120.8
17117.5
17115.9
17114.3
17112.7
17109.5
17107.9
17104.6
17103.0
17101.4
17099.8
17098.2
17094.9
17091.7
17090.1
17088.5
17086.9
17085.2
17082.0
17080.4
17077.2
17075.5
17073.9
17070.7
17069.1
17065.8
17064.2
17061.0
17059.4
17057.8
17056.2
17054.5
17051.3
17049.7
17046.5
17044.8
17043.2
17041.6
17038.4
17036.8
17033.5
17031.9
17030.3
17028.7
17027.1
17023.8
17022.2
17019.0
17017.4
17015.8
17014.1
17012.5
17009.3
17007.7
17004.5
17001.2
16999.6
16998.0
16994.8
16993.1
16989.9
16988.3
16986.7
16985.1
16983.5
16980.2
16978.6
16975.4
16973.8
16972.1
16970.5
16968.9
16965.7
16964.1
16960.8
16959.2
16957.6
16956.0
16952.8
16951.1
16947.9
16946.3
16944.7
16943.1
16941.4
16938.2
16936.6
16931.8
16930.1
16928.5
16926.9
16925.3
16922.1
16920.4
16917.2
16915.6
16914.0
16912.4
16909.1
16907.5
16904.3
16902.7
16901.1
16899.4
16897.8
16894.6
16893.0
16889.7
16888.1
16886.5
16884.9
16883.3
16880.1
16878.4
16876.8
16873.6
16872.0
16870.4
16867.1
16863.9
16862.3
16860.7
16857.4
16855.8
16854.2
16851.0
16849.4
16847.7
16846.1
16844.5
16841.3
16839.7
16836.4
16834.8
16833.2
16831.6
16830.0
16826.7
16825.1
16821.9
16820.3
16818.7
16817.0
16813.8
16812.2
16809.0
16807.3
16805.7
16804.1
16802.5
16799.3
16797.7
16794.4
16791.2
16789.6
16788.0
16786.3
16783.1
16781.5
16779.9
16778.3
16775.0
16773.4
16770.2
16768.6
16767.0
16765.3
16763.7
16760.5
16758.9
16755.6
16754.0
16752.4
16750.8
16749.2
16746.0
16744.3
16742.7
16739.5
16737.9
16736.3
16733.0
16731.4
16729.8
16728.2
16725.0
16721.7
16720.1
16716.9
16715.3
16713.6
16712.0
16710.4
16707.2
16705.6
16703.9
16700.7
16699.1
16697.5
16695.9
16692.6
16691.0
16689.4
16687.8
16684.6
16682.9
16679.7
16678.1
16676.5
16674.9
16673.3
16670.0
16668.4
16666.8
16663.6
16661.9
16660.3
16657.1
16653.9
16652.2
16650.6
16649.0
16647.4
16644.2
16640.9
16639.3
16637.7
16636.1
16634.5
16631.2
16629.6
16628.0
16626.4
16623.2
16621.6
16619.9
16616.7
16615.1
16613.5
16611.9
16610.2
16607.0
16605.4
16602.2
16600.5
16598.9
16597.3
16594.1
16592.5
16590.9
16587.6
16586.0
16582.8
16581.2
16577.9
16576.3
16574.7
16573.1
16571.5
16568.2
16566.6
16565.0
16563.4
16560.2
16558.5
16556.9
16553.7
16552.1
16550.5
16548.8
16545.6
16544.0
16542.4
16540.8
16537.5
16535.9
16534.3
16531.1
16529.5
16527.8
16526.2
16524.6
16521.4
16518.2
16516.5
16513.3
16511.7
16510.1
16506.8
16505.2
16503.6
16502.0
16500.4
16497.1
16495.5
16493.9
16492.3
16489.1
16487.5
16485.8
16482.6
16481.0
16479.4
16477.8
16476.1
16472.9
16471.3
16469.7
16468.1
16464.8
16463.2
16460.0
16458.4
16456.8
16455.1
16453.5
16448.7
16447.1
16445.4
16443.8
16442.2
16439.0
16437.4
16434.1
16432.5
16430.9
16429.3
16427.7
16424.4
16422.8
16421.2
16419.6
16416.4
16414.8
16411.5
16409.9
16408.3
16406.7
16405.1
16401.8
16400.2
16398.6
16397.0
16395.4
16392.1
16390.5
16388.9
16385.7
16384.1
16380.8
16379.2
16376.0
16374.4
16372.7
16371.1
16367.9
16366.3
16364.7
16363.1
16361.4
16358.2
16356.6
16353.4
16351.7
16350.1
16348.5
16346.9
16343.7
16342.0
16340.4
16338.8
16337.2
16334.0
16332.4
16330.7
16329.1
16325.9
16324.3
16321.0
16319.4
16317.8
16316.2
16314.6
16309.7
16308.1
16306.5
16304.9
16303.3
16300.0
16298.4
16296.8
16295.2
16292.0
16290.3
16288.7
16285.5
16283.9
16282.3
16280.7
16277.4
16275.8
16274.2
16272.6
16271.0
16267.7
16266.1
16264.5
16262.9
16261.3
16258.0
16256.4
16253.2
16251.6
16250.0
16248.3
16246.7
16241.9
16240.3
16238.6
16237.0
16233.8
16232.2
16230.6
16229.0
16227.3
16224.1
16222.5
16220.9
16217.6
16216.0
16214.4
16212.8
16209.6
16208.0
16206.3
16204.7
16203.1
16199.9
16198.3
16196.6
16195.0
16191.8
16190.2
16188.6
16186.9
16185.3
16182.1
16180.5
16178.9
16174.0
16172.4
16170.8
16169.2
16165.9
16164.3
16162.7
16161.1
16159.5
16156.3
16154.6
16153.0
16151.4
16148.2
16146.6
16144.9
16143.3
16141.7
16138.5
16136.9
16135.2
16133.6
16132.0
16128.8
16127.2
16123.9
16122.3
16120.7
16119.1
16117.5
16114.2
16112.6
16111.0
16109.4
16107.8
16102.9
16101.3
16099.7
16098.1
16094.9
16093.2
16091.6
16090.0
16088.4
16085.2
16083.5
16081.9
16080.3
16078.7
16075.5
16073.9
16070.6
16069.0
16067.4
16065.8
16064.2
16060.9
16059.3
16057.7
16056.1
16052.9
16051.2
16049.6
16048.0
16046.4
16043.2
16041.5
16039.9
16038.3
16035.1
16031.8
16030.2
16028.6
16027.0
16025.4
16022.2
16020.5
16018.9
16017.3
16014.1
16012.5
16010.8
16009.2
16007.6
16004.4
16002.8
15999.5
15997.9
15996.3
15994.7
15993.1
15989.8
15988.2
15986.6
15985.0
15983.4
15980.1
15978.5
15976.9
15975.3
15973.7
15970.5
15967.2
15965.6
15964.0
15960.8
15959.1
15957.5
15955.9
15954.3
15951.1
15949.5
15947.8
15946.2
15944.6
15941.4
15939.8
15938.1
15936.5
15934.9
15931.7
15930.1
15928.4
15926.8
15923.6
15922.0
15920.4
15918.8
15917.1
15913.9
15912.3
15910.7
15909.1
15907.4
15904.2
15902.6
15901.0
15897.8
15896.1
15892.9
15891.3
15889.7
15888.1
15886.4
15883.2
15881.6
15880.0
15878.4
15875.1
15873.5
15870.3
15868.7
15867.1
15865.4
15863.8
15860.6
15859.0
15857.4
15855.7
15854.1
15850.9
15849.3
15847.7
15846.1
15844.4
15841.2
15839.6
15838.0
15836.4
15833.1
15831.5
15828.3
15826.7
15825.0
15821.8
15820.2
15818.6
15817.0
15815.4
15812.1
15810.5
15808.9
15807.3
15805.7
15802.4
15800.8
15799.2
15797.6
15796.0
15792.7
15791.1
15789.5
15787.9
15784.7
15783.0
15781.4
15779.8
15778.2
15775.0
15773.3
15771.7
15770.1
15768.5
15765.3
15763.7
15760.4
15758.8
15757.2
15754.0
15752.3
15750.7
15749.1
15747.5
15745.9
15744.3
15741.0
15739.4
15737.8
15736.2
15734.6
15731.3
15729.7
15728.1
15726.5
15724.9
15721.6
15720.0
15718.4
15716.8
15715.2
15712.0
15710.3
15708.7
15707.1
15705.5
15702.3
15700.6
15699.0
15697.4
15694.2
15691.0
15689.3
15687.7
15686.1
15682.9
15681.3
15679.6
15678.0
15676.4
15673.2
15671.6
15669.9
15668.3
15666.7
15663.5
15661.9
15660.3
15658.6
15655.4
15653.8
15652.2
15650.6
15648.9
15645.7
15644.1
15642.5
15640.9
15639.3
15636.0
15634.4
15632.8
15631.2
15629.6
15626.3
15626.3
15624.7
15619.9
15618.2
15616.6
15615.0
15613.4
15610.2
15608.6
15606.9
15605.3
15602.1
15600.5
15598.9
15597.2
15595.6
15592.4
15590.8
15589.2
15587.6
15585.9
15582.7
15581.1
15579.5
15577.9
15576.2
15573.0
15571.4
15569.8
15568.2
15564.9
15563.3
15561.7
15560.1
15558.5
15555.2
15555.2
15552.0
15548.8
15547.2
15545.5
15543.9
15542.3
15539.1
15537.5
15535.9
15534.2
15532.6
15529.4
15527.8
15526.2
15524.5
15521.3
15519.7
15518.1
15516.5
15514.8
15511.6
15510.0
15508.4
15506.8
15505.2
15501.9
15501.9
15500.3
15497.1
15495.5
15493.8
15492.2
15490.6
15487.4
15484.2
15482.5
15480.9
15479.3
15476.1
15474.5
15472.8
15471.2
15468.0
15466.4
15464.8
15463.1
15461.5
15458.3
15456.7
15455.1
15453.5
15451.8
15450.2
15448.6
15447.0
15443.8
15442.1
15440.5
15438.9
15437.3
15434.1
15432.5
15430.8
15429.2
15426.0
15424.4
15422.8
15421.1
15419.5
15414.7
15413.1
15413.1
15409.8
15408.2
15406.6
15405.0
15403.4
15400.1
15398.5
15396.9
15395.3
15393.7
15390.4
15388.8
15387.2
15385.6
15382.4
15380.8
15379.1
15377.5
15375.9
15374.3
15372.7
15371.1
15367.8
15366.2
15364.6
15363.0
15361.4
15358.1
15356.5
15354.9
15353.3
15351.7
15348.4
15345.2
15343.6
15342.0
15340.4
15338.7
15337.1
15333.9
15332.3
15330.7
15329.1
15327.4
15324.2
15322.6
15321.0
15319.4
15317.7
15314.5
15312.9
15312.9
15309.7
15308.0
15306.4
15304.8
15303.2
15300.0
15298.4
15296.7
15295.1
15291.9
15290.3
15288.7
15287.0
15285.4
15282.2
15282.2
15280.6
15275.7
15274.1
15272.5
15270.9
15269.3
15266.0
15264.4
15262.8
15261.2
15259.6
15256.3
15254.7
15254.7
15251.5
15249.9
15248.3
15246.7
15243.4
15241.8
15240.2
15238.6
15237.0
15233.7
15232.1
15230.5
15228.9
15227.3
15225.7
15224.0
15222.4
15219.2
15217.6
15216.0
15214.3
15212.7
15207.9
15206.3
15204.6
15203.0
15201.4
15199.8
15198.2
15195.0
15193.3
15191.7
15190.1
15188.5
15185.3
15183.6
15182.0
15180.4
15178.8
15177.2
15175.6
15174.0
15170.7
15169.1
15167.5
15165.9
15162.6
15161.0
15159.4
15157.8
15156.2
15154.6
15152.9
15151.3
15148.1
15146.5
15144.9
15143.3
15141.6
15136.8
15135.2
15133.6
15131.9
15130.3
15128.7
15127.1
15125.5
15122.3
15120.6
15119.0
15117.4
15114.2
15112.6
15110.9
15109.3
15107.7
15106.1
15104.5
15102.9
15099.6
15098.0
15096.4
15094.8
15093.2
15089.9
15089.9
15088.3
15085.1
15083.5
15081.9
15080.2
15078.6
15075.4
15073.8
15070.6
15068.9
15067.3
15065.7
15064.1
15060.9
15059.2
15057.6
15056.0
15054.4
15051.2
15049.5
15047.9
15046.3
15044.7
15043.1
15041.5
15039.9
15036.6
15035.0
15033.4
15031.8
15030.2
15028.5
15026.9
15023.7
15022.1
15020.5
15018.9
15017.2
15014.0
15012.4
15010.8
15009.2
15007.5
15005.9
15004.3
15001.1
14997.8
14996.2
14994.6
14993.0
14991.4
14989.8
14988.2
14986.5
14983.3
14981.7
14980.1
14978.5
14975.2
14973.6
14973.6
14970.4
14968.8
14967.2
14965.5
14963.9
14960.7
14959.1
14957.5
14955.8
14954.2
14952.6
14951.0
14949.4
14946.1
14944.5
14942.9
14941.3
14938.1
14938.1
14936.5
14931.6
14930.0
14928.4
14926.8
14925.1
14921.9
14920.3
14920.3
14917.1
14915.5
14913.8
14912.2
14910.6
14907.4
14905.8
14905.8
14902.5
14900.9
14899.3
14897.7
14896.1
14892.8
14891.2
14889.6
14888.0
14886.4
14884.8
14883.1
14879.9
14878.3
14876.7
14875.1
14873.4
14871.8
14870.2
14868.6
14863.8
14862.1
14860.5
14858.9
14857.3
14855.7
14854.1
14852.4
14849.2
14847.6
14846.0
14844.4
14841.1
14841.1
14839.5
14836.3
14834.7
14833.1
14831.4
14829.8
14826.6
14826.6
14825.0
14821.7
14820.1
14818.5
14816.9
14815.3
14812.1
14812.1
14810.4
14807.2
14805.6
14804.0
14802.4
14799.1
14797.5
14797.5
14792.7
14791.0
14789.4
14787.8
14786.2
14783.0
14781.4
14781.4
14778.1
14776.5
14774.9
14773.3
14771.7
14768.4
14768.4
14766.8
14763.6
14762.0
14760.4
14758.7
14755.5
14753.9
14753.9
14750.7
14749.0
14747.4
14745.8
14744.2
14741.0
14741.0
14739.3
14736.1
14734.5
14732.9
14731.3
14729.7
14728.0
14724.8
14723.2
14720.0
14718.3
14716.7
14715.1
14711.9
14711.9
14710.3
14707.0
14705.4
14703.8
14702.2
14700.6
14699.0
14697.3
14695.7
14692.5
14690.9
14689.3
14687.6
14686.0
14684.4
14682.8
14681.2
14678.0
14676.3
14674.7
14673.1
14671.5
14669.9
14668.3
14665.0
14663.4
14661.8
14660.2
14658.6
14655.3
14653.7
14652.1
14648.9
14647.3
14647.3
14644.0
14642.4
14640.8
14639.2
14637.6
14635.9
14634.3
14632.7
14629.5
14627.9
14626.3
14624.6
14623.0
14621.4
14619.8
14616.6
14614.9
14613.3
14611.7
14610.1
14608.5
14606.9
14605.3
14602.0
14600.4
14600.4
14597.2
14595.6
14593.9
14592.3
14590.7
14585.9
14585.9
14584.2
14581.0
14579.4
14577.8
14576.2
14574.6
14572.9
14571.3
14568.1
14566.5
14564.9
14563.2
14561.6
14560.0
14558.4
14556.8
14553.6
14551.9
14551.9
14548.7
14547.1
14545.5
14543.9
14542.2
14540.6
14539.0
14537.4
14534.2
14532.5
14530.9
14529.3
14527.7
14526.1
14524.5
14521.2
14518.0
14518.0
14514.8
14513.2
14511.5
14509.9
14508.3
14506.7
14505.1
14503.5
14500.2
14498.6
14497.0
14495.4
14493.8
14492.2
14490.5
14487.3
14485.7
14485.7
14482.5
14480.8
14479.2
14477.6
14476.0
14474.4
14472.8
14471.2
14467.9
14466.3
14464.7
14463.1
14461.5
14459.8
14458.2
14456.6
14453.4
14453.4
14451.8
14446.9
14445.3
14443.7
14442.1
14440.5
14438.8
14437.2
14434.0
14432.4
14430.8
14429.1
14427.5
14425.9
14424.3
14422.7
14421.1
14419.5
14417.8
14414.6
14413.0
14411.4
14409.8
14408.1
14406.5
14404.9
14403.3
14400.1
14400.1
14396.8
14395.2
14393.6
14392.0
14390.4
14388.8
14387.1
14385.5
14380.7
14379.1
14379.1
14375.8
14374.2
14372.6
14371.0
14369.4
14367.8
14366.1
14364.5
14361.3
14359.7
14359.7
14356.4
14354.8
14353.2
14351.6
14350.0
14348.4
14346.8
14343.5
14341.9
14341.9
14338.7
14337.1
14335.4
14333.8
14332.2
14330.6
14329.0
14327.4
14324.1
14322.5
14322.5
14319.3
14317.7
14316.1
14314.4
14311.2
14309.6
14308.0
14304.7
14303.1
14301.5
14299.9
14298.3
14296.7
14295.1
14293.4
14291.8
14290.2
14288.6
14285.4
14283.7
14283.7
14280.5
14278.9
14277.3
14275.7
14274.0
14272.4
14270.8
14269.2
14266.0
14266.0
14262.7
14261.1
14259.5
14257.9
14256.3
14254.7
14253.0
14251.4
14248.2
14248.2
14246.6
14241.7
14240.1
14238.5
14236.9
14235.3
14233.7
14232.0
14230.4
14228.8
14227.2
14225.6
14222.3
14220.7
14219.1
14217.5
14215.9
14214.3
14212.7
14211.0
14209.4
14207.8
14204.6
14203.0
14203.0
14199.7
14198.1
14196.5
14194.9
14193.3
14191.7
14190.0
14188.4
14185.2
14185.2
14183.6
14180.3
14178.7
14177.1
14173.9
14172.3
14170.6
14169.0
14165.8
14165.8
14164.2
14161.0
14159.3
14157.7
14156.1
14154.5
14152.9
14151.3
14149.6
14148.0
14146.4
14144.8
14141.6
14141.6
14140.0
14136.7
14135.1
14133.5
14131.9
14130.3
14128.6
14127.0
14125.4
14123.8
14122.2
14118.9
14117.3
14117.3
14114.1
14112.5
14110.9
14109.3
14107.6
14104.4
14102.8
14101.2
14099.6
14097.9
14096.3
14093.1
14091.5
14091.5
14088.3
14086.6
14085.0
14083.4
14081.8
14080.2
14078.6
14075.3
14075.3
14073.7
14070.5
14068.9
14067.2
14065.6
14064.0
14062.4
14060.8
14059.2
14057.6
14055.9
14054.3
14051.1
14051.1
14049.5
14046.2
14044.6
14044.6
14041.4
14039.8
14038.2
14034.9
14033.3
14031.7
14030.1
14026.9
14026.9
14025.2
14022.0
14020.4
14020.4
14017.2
14015.5
14013.9
14012.3
14010.7
14009.1
14007.5
14005.9
14004.2
14002.6
14001.0
13997.8
13996.2
13994.5
13992.9
13991.3
13989.7
13988.1
13986.5
13984.9
13983.2
13981.6
13980.0
13978.4
13975.2
13973.5
13973.5
13970.3
13968.7
13965.5
13963.8
13962.2
13960.6
13959.0
13957.4
13955.8
13954.2
13952.5
13950.9
13949.3
13946.1
13944.5
13942.8
13941.2
13939.6
13938.0
13936.4
13934.8
13933.2
13931.5
13929.9
13928.3
13926.7
13925.1
13921.8
13921.8
13920.2
13917.0
13915.4
13915.4
13912.1
13910.5
13908.9
13907.3
13905.7
13904.1
13902.5
13897.6
13897.6
13896.0
13892.8
13891.1
13891.1
13887.9
13886.3
13884.7
13883.1
13881.5
13879.8
13878.2
13876.6
13875.0
13873.4
13871.8
13870.1
13868.5
13866.9
13863.7
13863.7
13860.4
13858.8
13857.2
13855.6
13854.0
13852.4
13850.8
13849.1
13847.5
13845.9
13844.3
13842.7
13841.1
13839.4
13836.2
13836.2
13834.6
13831.4
13828.1
13828.1
13824.9
13823.3
13821.7
13820.1
13818.4
13816.8
13815.2
13813.6
13812.0
13810.4
13807.1
13807.1
13805.5
13802.3
13800.7
13800.7
13797.4
13795.8
13794.2
13792.6
13791.0
13789.4
13787.7
13786.1
13784.5
13782.9
13781.3
13779.7
13778.1
13776.4
13773.2
13773.2
13770.0
13768.4
13766.7
13765.1
13763.5
13761.9
13758.7
13757.0
13755.4
13753.8
13752.2
13750.6
13749.0
13747.4
13745.7
13744.1
13742.5
13739.3
13739.3
13737.7
13734.4
13732.8
13732.8
13729.6
13728.0
13726.4
13724.7
13723.1
13721.5
13719.9
13718.3
13716.7
13715.0
13713.4
13711.8
13710.2
13707.0
13707.0
13705.3
13702.1
13700.5
13700.5
13697.3
13695.7
13695.7
13690.8
13689.2
13687.6
13686.0
13684.3
13682.7
13681.1
13679.5
13677.9
13676.3
13674.7
13673.0
13671.4
13668.2
13668.2
13666.6
13663.3
13661.7
13661.7
13658.5
13656.9
13655.3
13653.6
13652.0
13650.4
13648.8
13647.2
13645.6
13644.0
13642.3
13640.7
13639.1
13637.5
13635.9
13634.3
13631.0
13631.0
13629.4
13626.2
13624.6
13624.6
13619.7
13618.1
13618.1
13614.9
13613.3
13611.6
13610.0
13608.4
13606.8
13605.2
13603.6
13601.9
13600.3
13598.7
13597.1
13595.5
13593.9
13592.3
13590.6
13587.4
13587.4
13585.8
13582.6
13580.9
13580.9
13577.7
13576.1
13576.1
13572.9
13571.3
13569.6
13568.0
13566.4
13564.8
13563.2
13561.6
13559.9
13558.3
13556.7
13555.1
13551.9
13550.2
13548.6
13547.0
13543.8
13543.8
13542.2
13538.9
13538.9
13537.3
13534.1
13532.5
13532.5
13529.2
13527.6
13527.6
13524.4
13522.8
13521.2
13519.6
13517.9
13516.3
13514.7
13513.1
13511.5
13509.9
13508.2
13506.6
13505.0
13503.4
13501.8
13500.2
13498.5
13496.9
13495.3
13492.1
13492.1
13490.5
13487.2
13487.2
13484.0
13480.8
13479.2
13479.2
13475.9
13474.3
13474.3
13471.1
13469.5
13469.5
13466.2
13464.6
13463.0
13461.4
13459.8
13458.2
13456.5
13454.9
13453.3
13451.7
13450.1
13448.5
13446.8
13445.2
13443.6
13442.0
13440.4
13438.8
13437.2
13435.5
13433.9
13432.3
13429.1
13429.1
13427.5
13424.2
13424.2
13422.6
13419.4
13419.4
13417.8
13412.9
13411.3
13409.7
13408.1
13406.5
13404.8
13403.2
13401.6
13400.0
13398.4
13396.8
13395.1
13393.5
13391.9
13390.3
13388.7
13387.1
13385.5
13383.8
13382.2
13380.6
13379.0
13377.4
13375.8
13374.1
13372.5
13370.9
13367.7
13367.7
13366.1
13362.8
13362.8
13361.2
13358.0
13358.0
13356.4
13353.1
13353.1
13351.5
13348.3
13345.1
13345.1
13341.8
13340.2
13340.2
13337.0
13335.4
13335.4
13332.1
13330.5
13330.5
13327.3
13325.7
13325.7
13322.4
13320.8
13319.2
13317.6
13316.0
13314.4
13312.8
13311.1
13309.5
13307.9
13306.3
13304.7
13303.1
13301.4
13299.8
13298.2
13296.6
13295.0
13293.4
13291.7
13290.1
13288.5
13286.9
13285.3
13283.7
13282.1
13280.4
13275.6
13275.6
13274.0
13270.7
13270.7
13269.1
13265.9
13265.9
13264.3
13261.1
13261.1
13259.4
13256.2
13256.2
13254.6
13251.4
13251.4
13249.7
13246.5
13246.5
13244.9
13241.7
13241.7
13240.0
13236.8
13235.2
13233.6
13232.0
13230.4
13228.7
13227.1
13225.5
13223.9
13222.3
13220.7
13219.0
13217.4
13215.8
13214.2
13212.6
13211.0
13207.7
13206.1
13204.5
13202.9
13201.3
13199.7
13198.0
13196.4
13194.8
13193.2
13191.6
13190.0
13188.3
13186.7
13185.1
13183.5
13181.9
13180.3
13178.7
13177.0
13175.4
13173.8
13172.2
13170.6
13169.0
13167.3
13165.7
13164.1
13162.5
13160.9
13159.3
13157.7
13156.0
13154.4
13152.8
13151.2
13149.6
13148.0
13146.3
13144.7
13143.1
13141.5
13138.3
13136.6
13135.0
13133.4
13131.8
13130.2
13128.6
13127.0
13125.3
13123.7
13122.1
13120.5
13118.9
13117.3
13115.6
13114.0
13112.4
13110.8
13109.2
13107.6
13106.0
13104.3
13102.7
13101.1
13099.5
13097.9
13096.3
13094.6
13093.0
13091.4
13089.8
13088.2
13086.6
13084.9
13083.3
13081.7
13080.1
13078.5
13076.9
13075.3
13073.6
13072.0
13068.8
13067.2
13065.6
13063.9
13062.3
13060.7
13059.1
13057.5
13055.9
13054.3
13052.6
13051.0
13049.4
13047.8
13046.2
13044.6
13042.9
13041.3
13039.7
13038.1
13036.5
13034.9
13033.2
13031.6
13030.0
13028.4
13026.8
13025.2
13023.6
13021.9
13020.3
13018.7
13017.1
13015.5
13013.9
13012.2
13010.6
13009.0
13007.4
13005.8
13004.2
13000.9
12999.3
12997.7
12996.1
12994.5
12992.9
12991.2
12989.6
12988.0
12986.4
12984.8
12983.2
12981.5
12979.9
12978.3
12976.7
12975.1
12973.5
12971.9
12970.2
12968.6
12967.0
12965.4
12963.8
12962.2
12960.5
12958.9
12957.3
12955.7
12954.1
12952.5
12950.9
12949.2
12947.6
12946.0
12944.4
12942.8
12941.2
12939.5
12939.5
12936.3
12934.7
12934.7
12929.8
12928.2
12928.2
12925.0
12923.4
12923.4
12920.2
12920.2
12916.9
12915.3
12915.3
12912.1
12910.5
12910.5
12907.2
12907.2
12905.6
12902.4
12902.4
12900.8
12897.5
12897.5
12895.9
12892.7
12892.7
12891.1
12889.5
12887.8
12886.2
12884.6
12883.0
12881.4
12879.8
12878.1
12876.5
12874.9
12873.3
12871.7
12870.1
12868.5
12866.8
12865.2
12862.0
12860.4
12858.8
12857.1
12855.5
12853.9
12852.3
12850.7
12849.1
12847.5
12845.8
12844.2
12842.6
12841.0
12839.4
12837.8
12837.8
12834.5
12832.9
12832.9
12829.7
12828.1
12826.4
12824.8
12824.8
12821.6
12820.0
12820.0
12816.8
12815.1
12815.1
12811.9
12811.9
12810.3
12807.1
12807.1
12805.4
12802.2
12802.2
12800.6
12799.0
12797.4
12794.1
12792.5
12790.9
12789.3
12787.7
12786.1
12784.4
12782.8
12781.2
12779.6
12778.0
12776.4
12774.7
12773.1
12771.5
12769.9
12768.3
12766.7
12765.1
12763.4
12761.8
12760.2
12758.6
12757.0
12757.0
12753.7
12752.1
12752.1
12748.9
12748.9
12747.3
12744.1
12744.1
12742.4
12739.2
12739.2
12736.0
12736.0
12734.4
12731.1
12731.1
12729.5
12727.9
12724.7
12723.0
12721.4
12719.8
12718.2
12716.6
12715.0
12713.4
12711.7
12710.1
12708.5
12706.9
12705.3
12703.7
12702.0
12700.4
12698.8
12698.8
12695.6
12694.0
12692.4
12690.7
12690.7
12687.5
12685.9
12685.9
12682.7
12682.7
12681.0
12677.8
12677.8
12676.2
12674.6
12673.0
12671.3
12669.7
12668.1
12666.5
12664.9
12663.3
12661.7
12660.0
12658.4
12655.2
12653.6
12652.0
12650.3
12648.7
12647.1
12645.5
12643.9
12642.3
12642.3
12639.0
12637.4
12637.4
12634.2
12634.2
12632.6
12629.3
12629.3
12627.7
12626.1
12624.5
12622.9
12621.3
12619.6
12618.0
12616.4
12614.8
12613.2
12611.6
12610.0
12608.3
12606.7
12605.1
12603.5
12601.9
12600.3
12598.6
12597.0
12595.4
12595.4
12592.2
12592.2
12590.6
12585.7
12585.7
12584.1
12582.5
12580.9
12579.3
12577.6
12576.0
12574.4
12572.8
12571.2
12569.6
12567.9
12566.3
12564.7
12563.1
12561.5
12559.9
12558.3
12556.6
12556.6
12553.4
12551.8
12551.8
12548.6
12548.6
12546.9
12543.7
12543.7
12542.1
12540.5
12538.9
12537.3
12535.6
12534.0
12532.4
12530.8
12529.2
12527.6
12525.9
12524.3
12522.7
12522.7
12517.9
12516.2
12514.6
12513.0
12513.0
12509.8
12509.8
12508.2
12504.9
12504.9
12503.3
12501.7
12500.1
12498.5
12496.9
12495.2
12493.6
12492.0
12490.4
12488.8
12487.2
12485.6
12483.9
12483.9
12480.7
12480.7
12479.1
12475.9
12475.9
12474.2
12472.6
12471.0
12467.8
12467.8
12466.2
12464.5
12462.9
12461.3
12459.7
12458.1
12456.5
12454.9
12453.2
12451.6
12451.6
12446.8
12445.2
12445.2
12441.9
12441.9
12440.3
12438.7
12437.1
12435.5
12433.9
12432.2
12430.6
12429.0
12427.4
12425.8
12424.2
12422.5
12420.9
12419.3
12417.7
12417.7
12414.5
12412.8
12412.8
12409.6
12409.6
12408.0
12406.4
12404.8
12403.2
12401.5
12399.9
12398.3
12396.7
12395.1
12393.5
12391.8
12390.2
12388.6
12388.6
12385.4
12385.4
12383.8
12378.9
12378.9
12375.7
12375.7
12374.1
12372.5
12370.8
12369.2
12367.6
12366.0
12364.4
12362.8
12361.1
12359.5
12359.5
12356.3
12354.7
12354.7
12351.5
12351.5
12349.8
12348.2
12346.6
12345.0
12343.4
12341.8
12340.1
12338.5
12336.9
12335.3
12333.7
12332.1
12330.5
12328.8
12327.2
12327.2
12324.0
12324.0
12322.4
12320.8
12319.1
12317.5
12315.9
12314.3
12311.1
12309.4
12307.8
12306.2
12306.2
12303.0
12301.4
12301.4
12298.1
12298.1
12296.5
12294.9
12293.3
12291.7
12290.1
12288.4
12286.8
12285.2
12283.6
12282.0
12280.4
12278.8
12278.8
12275.5
12273.9
12273.9
12270.7
12270.7
12269.1
12267.4
12265.8
12264.2
12262.6
12261.0
12259.4
12257.7
12256.1
12254.5
12254.5
12251.3
12251.3
12249.7
12248.1
12246.4
12241.6
12241.6
12240.0
12238.4
12236.7
12235.1
12233.5
12231.9
12230.3
12230.3
12227.1
12225.4
12225.4
12222.2
12222.2
12220.6
12219.0
12217.4
12215.7
12214.1
12212.5
12210.9
12209.3
12207.7
12206.0
12206.0
12202.8
12202.8
12199.6
12199.6
12198.0
12196.4
12194.7
12193.1
12191.5
12189.9
12188.3
12186.7
12185.0
12183.4
12183.4
12180.2
12180.2
12178.6
12177.0
12175.4
12172.1
12170.5
12168.9
12167.3
12165.7
12164.0
12162.4
12162.4
12159.2
12159.2
12156.0
12156.0
12154.3
12151.1
12151.1
12149.5
12147.9
12146.3
12144.7
12143.0
12141.4
12139.8
12139.8
12136.6
12136.6
12135.0
12131.7
12131.7
12130.1
12128.5
12126.9
12125.3
12123.7
12122.0
12120.4
12120.4
12117.2
12117.2
12115.6
12114.0
12112.3
12109.1
12109.1
12107.5
12104.3
12102.6
12101.0
12099.4
12097.8
12096.2
12096.2
12093.0
12093.0
12091.3
12089.7
12088.1
12086.5
12084.9
12083.3
12081.6
12080.0
12078.4
12076.8
12076.8
12073.6
12073.6
12072.0
12070.3
12068.7
12067.1
12065.5
12063.9
12062.3
12060.6
12059.0
12059.0
12055.8
12054.2
12054.2
12050.9
12050.9
12049.3
12047.7
12046.1
12044.5
12042.9
12041.3
12039.6
12039.6
12034.8
12034.8
12033.2
12031.6
12029.9
12028.3
12026.7
12025.1
12023.5
12021.9
12020.3
12018.6
12017.0
12015.4
12015.4
12012.2
12012.2
12010.6
12008.9
12007.3
12005.7
12004.1
12002.5
12000.9
12000.9
11997.6
11997.6
11996.0
11994.4
11992.8
11991.2
11989.6
11987.9
11986.3
11986.3
11983.1
11981.5
11981.5
11978.2
11978.2
11975.0
11975.0
11973.4
11971.8
11970.2
11968.6
11965.3
11963.7
11962.1
11962.1
11958.9
11958.9
11957.2
11955.6
11954.0
11952.4
11950.8
11949.2
11947.5
11947.5
11944.3
11944.3
11942.7
11941.1
11939.5
11937.9
11936.2
11934.6
11933.0
11931.4
11929.8
11929.8
11926.5
11926.5
11924.9
11923.3
11921.7
11920.1
11918.5
11916.9
11915.2
11913.6
11912.0
11910.4
11910.4
11907.2
11907.2
11905.5
11903.9
11902.3
11900.7
11897.5
11895.8
11894.2
11894.2
11891.0
11891.0
11889.4
11887.8
11886.2
11884.5
11882.9
11881.3
11879.7
11878.1
11876.5
11876.5
11873.2
11873.2
11871.6
11870.0
11868.4
11866.8
11865.2
11863.5
11861.9
11861.9
11858.7
11858.7
11857.1
11855.5
11853.8
11852.2
11850.6
11849.0
11847.4
11847.4
11844.1
11844.1
11840.9
11840.9
11839.3
11837.7
11836.1
11834.5
11832.8
11831.2
11828.0
11828.0
11824.8
11824.8
11823.1
11821.5
11819.9
11818.3
11816.7
11815.1
11813.5
11813.5
11810.2
11810.2
11808.6
11807.0
11805.4
11803.8
11803.8
11800.5
11800.5
11797.3
11797.3
11795.7
11794.1
11792.4
11790.8
11789.2
11787.6
11786.0
11786.0
11782.8
11782.8
11781.1
11779.5
11777.9
11776.3
11774.7
11773.1
11771.4
11771.4
11768.2
11768.2
11766.6
11765.0
11763.4
11761.8
11758.5
11756.9
11755.3
11755.3
11752.1
11752.1
11748.8
11748.8
11747.2
11745.6
11744.0
11742.4
11740.7
11739.1
11737.5
11737.5
11735.9
11734.3
11732.7
11731.1
11729.4
11727.8
11727.8
11724.6
11724.6
11723.0
11721.4
11719.7
11718.1
11716.5
11714.9
11713.3
11713.3
11710.1
11710.1
11706.8
11706.8
11705.2
11703.6
11702.0
11700.4
11698.7
11697.1
11697.1
11695.5
11693.9
11690.7
11689.0
11687.4
11685.8
11684.2
11684.2
11681.0
11681.0
11679.4
11677.7
11676.1
11674.5
11672.9
11671.3
11669.7
11669.7
11666.4
11666.4
11664.8
11663.2
11661.6
11660.0
11658.4
11656.7
11656.7
11653.5
11653.5
11651.9
11650.3
11648.7
11647.0
11645.4
11643.8
11642.2
11642.2
11639.0
11639.0
11637.3
11635.7
11634.1
11632.5
11632.5
11629.3
11629.3
11627.7
11626.0
11624.4
11621.2
11619.6
11618.0
11616.3
11614.7
11613.1
11613.1
11611.5
11609.9
11608.3
11606.7
11605.0
11603.4
11603.4
11600.2
11600.2
11598.6
11597.0
11595.3
11593.7
11592.1
11590.5
11588.9
11588.9
11587.3
11585.6
11584.0
11582.4
11580.8
11579.2
11579.2
11576.0
11576.0
11572.7
11572.7
11571.1
11569.5
11567.9
11566.3
11566.3
11563.0
11563.0
11561.4
11559.8
11558.2
11556.6
11555.0
11551.7
11550.1
11550.1
11548.5
11546.9
11545.3
11543.6
11542.0
11540.4
11540.4
11537.2
11537.2
11535.6
11533.9
11532.3
11530.7
11530.7
11527.5
11527.5
11524.3
11524.3
11522.6
11521.0
11519.4
11517.8
11516.2
11514.6
11514.6
11512.9
11511.3
11509.7
11508.1
11506.5
11504.9
11503.3
11503.3
11500.0
11500.0
11498.4
11496.8
11495.2
11493.6
11493.6
11490.3
11490.3
11488.7
11487.1
11483.9
11482.2
11480.6
11479.0
11479.0
11475.8
11475.8
11474.2
11472.6
11470.9
11469.3
11467.7
11466.1
11466.1
11464.5
11462.9
11461.2
11459.6
11458.0
11456.4
11454.8
11454.8
11453.2
11451.6
11449.9
11448.3
11446.7
11445.1
11445.1
11441.9
11441.9
11438.6
11438.6
11437.0
11435.4
11433.8
11432.2
11432.2
11428.9
11428.9
11427.3
11425.7
11424.1
11422.5
11422.5
11419.2
11419.2
11417.6
11414.4
11412.8
11411.2
11411.2
11407.9
11407.9
11406.3
11404.7
11403.1
11401.5
11399.9
11398.2
11398.2
11396.6
11395.0
11393.4
11391.8
11390.2
11388.5
11388.5
11385.3
11385.3
11383.7
11382.1
11380.5
11378.8
11377.2
11375.6
11375.6
11374.0
11372.4
11370.8
11369.2
11367.5
11365.9
11365.9
11364.3
11362.7
11361.1
11359.5
11357.8
11356.2
11354.6
11354.6
11353.0
11351.4
11349.8
11348.2
11344.9
11343.3
11341.7
11341.7
11340.1
11338.5
11336.8
11335.2
11333.6
11332.0
11330.4
11330.4
11328.8
11327.1
11325.5
11323.9
11322.3
11320.7
11320.7
11319.1
11317.5
11315.8
11314.2
11312.6
11311.0
11311.0
11309.4
11307.8
11306.1
11304.5
11302.9
11301.3
11299.7
11299.7
11298.1
11296.5
11294.8
11293.2
11291.6
11290.0
11290.0
11288.4
11286.8
11285.1
11283.5
11281.9
11280.3
11280.3
11278.7
11275.4
11273.8
11272.2
11270.6
11269.0
11269.0
11267.4
11265.8
11264.1
11262.5
11260.9
11259.3
11259.3
11256.1
11256.1
11254.4
11252.8
11251.2
11249.6
11249.6
11246.4
11246.4
11244.8
11243.1
11241.5
11239.9
11239.9
11236.7
11236.7
11235.1
11233.4
11231.8
11230.2
11230.2
11227.0
11227.0
11225.4
11223.7
11222.1
11220.5
11220.5
11217.3
11217.3
11215.7
11214.1
11212.4
11210.8
11207.6
11206.0
11206.0
11204.4
11202.7
11201.1
11199.5
11197.9
11197.9
11196.3
11194.7
11193.1
11191.4
11189.8
11188.2
11188.2
11186.6
11185.0
11183.4
11181.7
11181.7
11178.5
11178.5
11176.9
11175.3
11173.7
11172.0
11172.0
11168.8
11168.8
11165.6
11165.6
11164.0
11162.4
11160.7
11159.1
11159.1
11157.5
11155.9
11154.3
11152.7
11151.0
11151.0
11149.4
11147.8
11146.2
11144.6
11143.0
11141.4
11141.4
11138.1
11136.5
11134.9
11133.3
11133.3
11130.0
11130.0
11128.4
11126.8
11125.2
11123.6
11122.0
11120.3
11120.3
11118.7
11117.1
11115.5
11113.9
11112.3
11112.3
11110.7
11109.0
11107.4
11105.8
11104.2
11102.6
11102.6
11101.0
11099.3
11097.7
11096.1
11096.1
11092.9
11092.9
11091.3
11089.7
11088.0
11086.4
11086.4
11083.2
11083.2
11081.6
11080.0
11078.3
11076.7
11075.1
11075.1
11073.5
11071.9
11068.6
11067.0
11067.0
11063.8
11063.8
11062.2
11060.6
11059.0
11057.3
11057.3
11054.1
11054.1
11052.5
11050.9
11049.3
11047.6
11047.6
11046.0
11044.4
11042.8
11041.2
11039.6
11039.6
11038.0
11036.3
11034.7
11033.1
11031.5
11029.9
11029.9
11028.3
11026.6
11025.0
11023.4
11021.8
11021.8
11020.2
11018.6
11016.9
11015.3
11015.3
11012.1
11012.1
11010.5
11008.9
11007.3
11005.6
11005.6
11000.8
11000.8
10999.2
10997.6
10995.9
10994.3
10994.3
10992.7
10991.1
10989.5
10987.9
10986.3
10986.3
10983.0
10983.0
10981.4
10979.8
10978.2
10976.6
10976.6
10974.9
10973.3
10971.7
10970.1
10968.5
10968.5
10966.9
10965.2
10963.6
10962.0
10962.0
10958.8
10958.8
10957.2
10955.6
10953.9
10952.3
10952.3
10950.7
10949.1
10947.5
10947.5
10944.2
10944.2
10941.0
10941.0
10939.4
10937.8
10936.2
10934.6
10934.6
10931.3
10929.7
10928.1
10928.1
10924.9
10924.9
10923.2
10921.6
10920.0
10918.4
10918.4
10915.2
10915.2
10913.5
10911.9
10910.3
10910.3
10908.7
10907.1
10905.5
10903.9
10903.9
10900.6
10900.6
10899.0
10897.4
10895.8
10894.2
10892.5
10892.5
10890.9
10889.3
10887.7
10886.1
10886.1
10882.9
10882.9
10881.2
10879.6
10878.0
10878.0
10876.4
10874.8
10873.2
10871.5
10871.5
10868.3
10868.3
10866.7
10865.1
10861.8
10860.2
10860.2
10858.6
10857.0
10855.4
10853.8
10852.2
10852.2
10848.9
10848.9
10847.3
10845.7
10844.1
10844.1
10842.5
10840.8
10839.2
10837.6
10837.6
10834.4
10834.4
10832.8
10831.2
10829.5
10827.9
10827.9
10826.3
10824.7
10823.1
10823.1
10819.8
10819.8
10818.2
10816.6
10815.0
10813.4
10813.4
10811.8
10810.1
10808.5
10806.9
10805.3
10805.3
10802.1
10802.1
10800.5
10798.8
10797.2
10797.2
10794.0
10792.4
10790.8
10789.1
10789.1
10785.9
10785.9
10784.3
10782.7
10781.1
10781.1
10779.5
10777.8
10776.2
10774.6
10774.6
10771.4
10771.4
10769.8
10768.1
10766.5
10766.5
10763.3
10763.3
10761.7
10760.1
10758.4
10756.8
10756.8
10755.2
10753.6
10752.0
10752.0
10748.8
10748.8
10747.1
10745.5
10743.9
10743.9
10742.3
10740.7
10739.1
10737.4
10737.4
10734.2
10734.2
10732.6
10731.0
10729.4
10729.4
10727.8
10724.5
10722.9
10721.3
10719.7
10718.1
10718.1
10716.4
10714.8
10713.2
10713.2
10710.0
10710.0
10708.4
10706.7
10705.1
10705.1
10703.5
10701.9
10700.3
10698.7
10698.7
10695.4
10695.4
10693.8
10692.2
10690.6
10690.6
10689.0
10687.4
10685.7
10684.1
10684.1
10682.5
10680.9
10679.3
10679.3
10676.1
10676.1
10672.8
10672.8
10671.2
10669.6
10668.0
10668.0
10666.4
10664.7
10663.1
10661.5
10661.5
10659.9
10658.3
10655.0
10655.0
10651.8
10651.8
10650.2
10648.6
10647.0
10645.4
10645.4
10643.7
10642.1
10640.5
10640.5
10637.3
10637.3
10635.7
10634.0
10632.4
10632.4
10629.2
10629.2
10627.6
10626.0
10624.4
10624.4
10622.7
10621.1
10619.5
10617.9
10617.9
10616.3
10614.7
10613.0
10613.0
10609.8
10609.8
10608.2
10606.6
10605.0
10603.3
10603.3
10601.7
10600.1
10598.5
10598.5
10595.3
10595.3
10593.7
10592.0
10590.4
10590.4
10585.6
10585.6
10584.0
10582.3
10580.7
10580.7
10579.1
10577.5
10575.9
10574.3
10574.3
10572.7
10571.0
10569.4
10569.4
10566.2
10566.2
10564.6
10563.0
10561.3
10561.3
10559.7
10558.1
10556.5
10554.9
10554.9
10553.3
10551.6
10550.0
10550.0
10546.8
10546.8
10545.2
10543.6
10542.0
10542.0
10538.7
10538.7
10537.1
10535.5
10533.9
10533.9
10532.3
10530.6
10529.0
10527.4
10527.4
10525.8
10524.2
10522.6
10522.6
10517.7
10517.7
10516.1
10514.5
10512.9
10512.9
10511.3
10509.6
10508.0
10506.4
10506.4
10504.8
10503.2
10501.6
10501.6
10498.3
10498.3
10496.7
10495.1
10493.5
10493.5
10490.3
10490.3
10488.6
10487.0
10485.4
10485.4
10483.8
10482.2
10480.6
10478.9
10478.9
10477.3
10475.7
10474.1
10474.1
10472.5
10470.9
10469.3
10469.3
10466.0
10466.0
10464.4
10462.8
10461.2
10461.2
10459.6
10457.9
10456.3
10454.7
10454.7
10453.1
10451.5
10448.2
10446.6
10445.0
10445.0
10443.4
10441.8
10440.2
10440.2
10436.9
10436.9
10435.3
10435.3
10432.1
10432.1
10430.5
10428.9
10427.2
10427.2
10425.6
10424.0
10422.4
10420.8
10420.8
10419.2
10417.6
10415.9
10415.9
10412.7
10412.7
10411.1
10409.5
10407.9
10407.9
10406.2
10404.6
10403.0
10403.0
10399.8
10399.8
10398.2
10396.5
10394.9
10394.9
10393.3
10391.7
10390.1
10388.5
10388.5
10386.9
10385.2
10383.6
10383.6
10382.0
10378.8
10377.2
10377.2
10373.9
10373.9
10372.3
10370.7
10369.1
10369.1
10367.5
10365.9
10364.2
10364.2
10361.0
10361.0
10359.4
10357.8
10356.2
10356.2
10354.5
10352.9
10351.3
10349.7
10349.7
10348.1
10346.5
10344.8
10344.8
10343.2
10341.6
10340.0
10340.0
10336.8
10336.8
10335.2
10333.5
10331.9
10331.9
10330.3
10328.7
10327.1
10327.1
10325.5
10323.8
10322.2
10320.6
10320.6
10319.0
10317.4
10315.8
10314.2
10314.2
10310.9
10309.3
10307.7
10306.1
10306.1
10304.5
10302.8
10301.2
10301.2
10298.0
10298.0
10296.4
10296.4
10293.1
10293.1
10291.5
10289.9
10288.3
10288.3
10286.7
10285.1
10283.5
10283.5
10281.8
10280.2
10278.6
10277.0
10277.0
10275.4
10273.8
10272.1
10270.5
10270.5
10268.9
10267.3
10265.7
10264.1
10264.1
10262.5
10260.8
10259.2
10259.2
10257.6
10256.0
10254.4
10254.4
10251.1
10251.1
10249.5
10247.9
10246.3
10246.3
10244.7
10241.4
10239.8
10239.8
10238.2
10236.6
10235.0
10235.0
10233.4
10231.8
10230.1
10228.5
10226.9
10226.9
10225.3
10223.7
10222.1
10222.1
10220.4
10218.8
10217.2
10215.6
10215.6
10214.0
10212.4
10210.8
10210.8
10209.1
10207.5
10205.9
10205.9
10204.3
10202.7
10201.1
10201.1
10197.8
10197.8
10196.2
10194.6
10193.0
10193.0
10191.4
10189.7
10188.1
10188.1
10186.5
10184.9
10183.3
10183.3
10180.1
10180.1
10178.4
10176.8
10175.2
10175.2
10172.0
10170.4
10168.7
10168.7
10167.1
10165.5
10163.9
10163.9
10162.3
10160.7
10159.1
10157.4
10157.4
10155.8
10154.2
10152.6
10152.6
10151.0
10149.4
10147.7
10147.7
10146.1
10144.5
10142.9
10142.9
10139.7
10139.7
10138.0
10136.4
10134.8
10134.8
10133.2
10131.6
10130.0
10130.0
10128.4
10126.7
10125.1
10125.1
10123.5
10121.9
10120.3
10120.3
10117.0
10117.0
10115.4
10115.4
10112.2
10112.2
10110.6
10109.0
10107.4
10107.4
10104.1
10102.5
10100.9
10100.9
10099.3
10097.7
10096.0
10096.0
10094.4
10092.8
10091.2
10091.2
10088.0
10088.0
10086.3
10084.7
10083.1
10083.1
10081.5
10079.9
10078.3
10078.3
10076.7
10075.0
10073.4
10073.4
10071.8
10070.2
10068.6
10068.6
10067.0
10065.3
10063.7
10063.7
10062.1
10060.5
10058.9
10057.3
10057.3
10055.7
10054.0
10052.4
10052.4
10050.8
10049.2
10047.6
10046.0
10046.0
10044.3
10042.7
10041.1
10041.1
10039.5
10037.9
10034.6
10034.6
10033.0
10031.4
10029.8
10029.8
10028.2
10026.6
10025.0
10023.3
10023.3
10021.7
10020.1
10018.5
10018.5
10016.9
10015.3
10013.6
10013.6
10012.0
10010.4
10008.8
10008.8
10007.2
10005.6
10004.0
10002.3
10002.3
10000.7
9999.1
9997.5
9997.5
9995.9
9994.3
9992.6
9992.6
9991.0
9989.4
9987.8
9987.8
9986.2
9984.6
9982.9
9981.3
9981.3
9979.7
9978.1
9976.5
9976.5
9974.9
9973.3
9971.6
9971.6
9970.0
9968.4
9965.2
9965.2
9963.6
9961.9
9960.3
9960.3
9958.7
9957.1
9955.5
9953.9
9953.9
9952.3
9950.6
9949.0
9949.0
9947.4
9945.8
9944.2
9944.2
9942.6
9940.9
9939.3
9939.3
9937.7
9936.1
9934.5
9934.5
9932.9
9931.2
9929.6
9928.0
9928.0
9926.4
9924.8
9923.2
9923.2
9921.6
9919.9
9918.3
9918.3
9916.7
9915.1
9913.5
9913.5
9911.9
9910.2
9908.6
9908.6
9907.0
9905.4
9903.8
9903.8
9902.2
9900.6
9897.3
9897.3
9895.7
9894.1
9892.5
9892.5
9890.9
9889.2
9887.6
9887.6
9886.0
9884.4
9882.8
9881.2
9881.2
9879.5
9877.9
9876.3
9876.3
9874.7
9873.1
9871.5
9871.5
9869.9
9868.2
9866.6
9866.6
9865.0
9863.4
9861.8
9861.8
9860.2
9858.5
9856.9
9856.9
9855.3
9853.7
9852.1
9852.1
9850.5
9848.9
9847.2
9847.2
9845.6
9844.0
9842.4
9842.4
9840.8
9839.2
9837.5
9837.5
9835.9
9834.3
9832.7
9832.7
9831.1
9827.8
9826.2
9826.2
9824.6
9823.0
9821.4
9821.4
9819.8
9818.2
9816.5
9816.5
9814.9
9813.3
9811.7
9811.7
9810.1
9808.5
9806.8
9806.8
9805.2
9803.6
9802.0
9802.0
9800.4
9798.8
9797.2
9797.2
9795.5
9793.9
9792.3
9792.3
9790.7
9789.1
9787.5
9787.5
9785.8
9784.2
9782.6
9782.6
9781.0
9779.4
9777.8
9777.8
9776.1
9774.5
9772.9
9772.9
9771.3
9769.7
9768.1
9768.1
9766.5
9764.8
9763.2
9763.2
9761.6
9758.4
9756.8
9756.8
9755.1
9753.5
9751.9
9751.9
9750.3
9748.7
9747.1
9747.1
9745.5
9743.8
9742.2
9742.2
9740.6
9739.0
9737.4
9737.4
9735.8
9734.1
9732.5
9732.5
9730.9
9729.3
9729.3
9727.7
9726.1
9724.4
9724.4
9722.8
9721.2
9719.6
9719.6
9718.0
9716.4
9714.8
9714.8
9713.1
9711.5
9709.9
9709.9
9708.3
9706.7
9705.1
9705.1
9703.4
9701.8
9700.2
9700.2
9698.6
9697.0
9695.4
9695.4
9693.8
9692.1
9688.9
9688.9
9687.3
9685.7
9685.7
9684.1
9682.4
9680.8
9680.8
9679.2
9677.6
9676.0
9676.0
9674.4
9672.7
9671.1
9671.1
9669.5
9667.9
9666.3
9666.3
9664.7
9663.1
9661.4
9661.4
9659.8
9658.2
9658.2
9656.6
9655.0
9653.4
9653.4
9651.7
9650.1
9648.5
9648.5
9646.9
9645.3
9643.7
9643.7
9642.1
9640.4
9638.8
9638.8
9637.2
9635.6
9635.6
9634.0
9632.4
9630.7
9630.7
9629.1
9627.5
9625.9
9625.9
9624.3
9621.0
9619.4
9619.4
9617.8
9616.2
9616.2
9614.6
9613.0
9611.4
9611.4
9609.7
9608.1
9606.5
9606.5
9604.9
9603.3
9601.7
9601.7
9600.0
9598.4
9596.8
9596.8
9595.2
9593.6
9593.6
9592.0
9590.4
9588.7
9588.7
9587.1
9585.5
9583.9
9583.9
9582.3
9580.7
9579.0
9579.0
9577.4
9575.8
9575.8
9574.2
9572.6
9571.0
9571.0
9569.3
9567.7
9566.1
9566.1
9564.5
9562.9
9562.9
9561.3
9559.7
9558.0
9558.0
9556.4
9554.8
9551.6
9551.6
9550.0
9548.3
9546.7
9546.7
9545.1
9543.5
9543.5
9541.9
9540.3
9538.7
9538.7
9537.0
9535.4
9533.8
9533.8
9532.2
9530.6
9530.6
9529.0
9527.3
9525.7
9525.7
9524.1
9522.5
9520.9
9520.9
9519.3
9517.6
9516.0
9516.0
9514.4
9512.8
9512.8
9511.2
9509.6
9508.0
9508.0
9506.3
9504.7
9504.7
9503.1
9501.5
9499.9
9499.9
9498.3
9496.6
9495.0
9495.0
9493.4
9491.8
9491.8
9490.2
9488.6
9487.0
9487.0
9485.3
9482.1
9480.5
9480.5
9478.9
9477.3
9477.3
9475.6
9474.0
9472.4
9472.4
9470.8
9469.2
9467.6
9467.6
9465.9
9464.3
9464.3
9462.7
9461.1
9459.5
9459.5
9457.9
9456.3
9456.3
9454.6
9453.0
9451.4
9451.4
9449.8
9448.2
9446.6
9446.6
9444.9
9443.3
9443.3
9441.7
9440.1
9438.5
9438.5
9436.9
9435.3
9433.6
9433.6
9432.0
9430.4
9430.4
9428.8
9427.2
9425.6
9425.6
9423.9
9422.3
9422.3
9420.7
9419.1
9417.5
9417.5
9414.2
9412.6
9412.6
9411.0
9409.4
9407.8
9407.8
9406.2
9404.6
9404.6
9402.9
9401.3
9399.7
9399.7
9398.1
9396.5
9394.9
9394.9
9393.2
9391.6
9391.6
9390.0
9388.4
9386.8
9386.8
9385.2
9383.6
9383.6
9381.9
9380.3
9378.7
9378.7
9377.1
9375.5
9375.5
9373.9
9372.2
9370.6
9370.6
9369.0
9367.4
9367.4
9365.8
9364.2
9362.5
9362.5
9360.9
9359.3
9359.3
9357.7
9356.1
9354.5
9354.5
9352.9
9351.2
9351.2
9349.6
9348.0
9344.8
9344.8
9343.2
9341.5
9341.5
9339.9
9338.3
9336.7
9336.7
9335.1
9333.5
9333.5
9331.9
9330.2
9328.6
9328.6
9327.0
9325.4
9325.4
9323.8
9322.2
9320.5
9320.5
9318.9
9317.3
9317.3
9315.7
9314.1
9312.5
9312.5
9310.8
9309.2
9309.2
9307.6
9306.0
9304.4
9304.4
9302.8
9301.2
9301.2
9299.5
9297.9
9296.3
9296.3
9294.7
9293.1
9293.1
9291.5
9289.8
9288.2
9288.2
9286.6
9285.0
9285.0
9283.4
9281.8
9281.8
9280.2
9278.5
9275.3
9275.3
9273.7
9272.1
9272.1
9270.5
9268.8
9267.2
9267.2
9265.6
9264.0
9264.0
9262.4
9260.8
9260.8
9259.1
9257.5
9255.9
9255.9
9254.3
9252.7
9252.7
9251.1
9249.5
9247.8
9247.8
9246.2
9244.6
9244.6
9243.0
9241.4
9239.8
9239.8
9238.1
9236.5
9236.5
9234.9
9233.3
9233.3
9231.7
9230.1
9228.5
9228.5
9226.8
9225.2
9225.2
9223.6
9222.0
9220.4
9220.4
9218.8
9217.1
9217.1
9215.5
9213.9
9213.9
9212.3
9210.7
9207.4
9207.4
9205.8
9204.2
9204.2
9202.6
9201.0
9199.4
9199.4
9197.8
9196.1
9196.1
9194.5
9192.9
9192.9
9191.3
9189.7
9188.1
9188.1
9186.4
9184.8
9184.8
9183.2
9181.6
9181.6
9180.0
9178.4
9176.8
9176.8
9175.1
9173.5
9173.5
9171.9
9170.3
9170.3
9168.7
9167.1
9165.4
9165.4
9163.8
9162.2
9162.2
9160.6
9159.0
9159.0
9157.4
9155.7
9154.1
9154.1
9152.5
9150.9
9150.9
9149.3
9147.7
9147.7
9146.1
9144.4
9142.8
9142.8
9141.2
9138.0
9138.0
9136.4
9134.7
9134.7
9133.1
9131.5
9129.9
9129.9
9128.3
9126.7
9126.7
9125.1
9123.4
9123.4
9121.8
9120.2
9118.6
9118.6
9117.0
9115.4
9115.4
9113.7
9112.1
9112.1
9110.5
9108.9
9108.9
9107.3
9105.7
9104.0
9104.0
9102.4
9100.8
9100.8
9099.2
9097.6
9097.6
9096.0
9094.4
9092.7
9092.7
9091.1
9089.5
9089.5
9087.9
9086.3
9086.3
9084.7
9083.0
9081.4
9081.4
9079.8
9078.2
9078.2
9076.6
9075.0
9075.0
9073.4
9071.7
9071.7
9068.5
9066.9
9065.3
9065.3
9063.7
9062.0
9062.0
9060.4
9058.8
9058.8
9057.2
9055.6
9055.6
9054.0
9052.3
9050.7
9050.7
9049.1
9047.5
9047.5
9045.9
9044.3
9044.3
9042.7
9041.0
9041.0
9039.4
9037.8
9037.8
9036.2
9034.6
9033.0
9033.0
9031.3
9029.7
9029.7
9028.1
9026.5
9026.5
9024.9
9023.3
9023.3
9021.7
9020.0
9018.4
9018.4
9016.8
9015.2
9015.2
9013.6
9012.0
9012.0
9010.3
9008.7
9008.7
9007.1
9005.5
9005.5
9003.9
9000.6
8999.0
8999.0
8997.4
8995.8
8995.8
8994.2
8992.6
8992.6
8991.0
8989.3
8989.3
8987.7
8986.1
8986.1
8984.5
8982.9
8981.3
8981.3
8979.6
8978.0
8978.0
8976.4
8974.8
8974.8
8973.2
8971.6
8971.6
8970.0
8968.3
8968.3
8966.7
8965.1
8963.5
8963.5
8961.9
8960.3
8960.3
8958.6
8957.0
8957.0
8955.4
8953.8
8953.8
8952.2
8950.6
8950.6
8948.9
8947.3
8947.3
8945.7
8944.1
8942.5
8942.5
8940.9
8939.3
8939.3
8937.6
8936.0
8936.0
8934.4
8931.2
8931.2
8929.6
8927.9
8927.9
8926.3
8924.7
8924.7
8923.1
8921.5
8919.9
8919.9
8918.3
8916.6
8916.6
8915.0
8913.4
8913.4
8911.8
8910.2
8910.2
8908.6
8906.9
8906.9
8905.3
8903.7
8903.7
8902.1
8900.5
8900.5
8898.9
8897.2
8895.6
8895.6
8894.0
8892.4
8892.4
8890.8
8889.2
8889.2
8887.6
8885.9
8885.9
8884.3
8882.7
8882.7
8881.1
8879.5
8879.5
8877.9
8876.2
8876.2
8874.6
8873.0
8873.0
8871.4
8869.8
8868.2
8868.2
8866.6
8866.6
8864.9
8861.7
8860.1
8860.1
8858.5
8856.9
8856.9
8855.2
8853.6
8853.6
8852.0
8850.4
8850.4
8848.8
8847.2
8847.2
8845.5
8843.9
8843.9
8842.3
8840.7
8840.7
8839.1
8837.5
8837.5
8835.9
8834.2
8834.2
8832.6
8831.0
8831.0
8829.4
8827.8
8826.2
8826.2
8824.5
8822.9
8822.9
8821.3
8819.7
8819.7
8818.1
8816.5
8816.5
8814.9
8813.2
8813.2
8811.6
8810.0
8810.0
8808.4
8806.8
8806.8
8805.2
8803.5
8803.5
8801.9
8800.3
8800.3
8798.7
8797.1
8797.1
8795.5
8792.2
8792.2
8790.6
8789.0
8789.0
8787.4
8785.8
8785.8
8784.2
8782.5
8782.5
8780.9
8779.3
8779.3
8777.7
8776.1
8776.1
8774.5
8772.8
8772.8
8771.2
8769.6
8769.6
8768.0
8766.4
8764.8
8764.8
8763.2
8761.5
8761.5
8759.9
8758.3
8758.3
8756.7
8755.1
8755.1
8753.5
8751.8
8751.8
8750.2
8748.6
8748.6
8747.0
8745.4
8745.4
8743.8
8742.1
8742.1
8740.5
8738.9
8738.9
8737.3
8735.7
8735.7
8734.1
8732.5
8732.5
8730.8
8729.2
8729.2
8727.6
8724.4
8724.4
8722.8
8721.1
8721.1
8719.5
8717.9
8717.9
8716.3
8714.7
8714.7
8713.1
8711.5
8711.5
8709.8
8708.2
8708.2
8706.6
8705.0
8705.0
8703.4
8701.8
8701.8
8700.1
8698.5
8698.5
8696.9
8695.3
8695.3
8693.7
8692.1
8692.1
8690.4
8688.8
8688.8
8687.2
8685.6
8685.6
8684.0
8682.4
8682.4
8680.8
8679.1
8679.1
8677.5
8677.5
8675.9
8674.3
8674.3
8672.7
8671.1
8671.1
8669.4
8667.8
8667.8
8666.2
8664.6
8664.6
8663.0
8661.4
8661.4
8659.8
8658.1
8658.1
8654.9
8653.3
8653.3
8651.7
8650.1
8650.1
8648.4
8646.8
8646.8
8645.2
8643.6
8643.6
8642.0
8640.4
8640.4
8638.7
8637.1
8637.1
8635.5
8633.9
8633.9
8632.3
8630.7
8630.7
8629.1
8627.4
8627.4
8625.8
8624.2
8624.2
8622.6
8621.0
8621.0
8619.4
8617.7
8617.7
8616.1
8616.1
8614.5
8612.9
8612.9
8611.3
8609.7
8609.7
8608.1
8606.4
8606.4
8604.8
8603.2
8603.2
8601.6
8600.0
8600.0
8598.4
8596.7
8596.7
8595.1
8593.5
8593.5
8591.9
8590.3
8590.3
8588.7
8585.4
8585.4
8583.8
8582.2
8582.2
8580.6
8579.0
8579.0
8577.4
8575.7
8575.7
8574.1
8574.1
8572.5
8570.9
8570.9
8569.3
8567.7
8567.7
8566.0
8564.4
8564.4
8562.8
8561.2
8561.2
8559.6
8558.0
8558.0
8556.4
8554.7
8554.7
8553.1
8551.5
8551.5
8549.9
8548.3
8548.3
8546.7
8545.0
8545.0
8543.4
8543.4
8541.8
8540.2
8540.2
8538.6
8537.0
8537.0
8535.3
8533.7
8533.7
8532.1
8530.5
8530.5
8528.9
8527.3
8527.3
8525.7
8524.0
8524.0
8522.4
8522.4
8520.8
8517.6
8517.6
8516.0
8514.3
8514.3
8512.7
8511.1
8511.1
8509.5
8507.9
8507.9
8506.3
8504.7
8504.7
8503.0
8501.4
8501.4
8499.8
8499.8
8498.2
8496.6
8496.6
8495.0
8493.3
8493.3
8491.7
8490.1
8490.1
8488.5
8486.9
8486.9
8485.3
8483.6
8483.6
8482.0
8480.4
8480.4
8478.8
8478.8
8477.2
8475.6
8475.6
8474.0
8472.3
8472.3
8470.7
8469.1
8469.1
8467.5
8465.9
8465.9
8464.3
8462.6
8462.6
8461.0
8461.0
8459.4
8457.8
8457.8
8456.2
8454.6
8454.6
8453.0
8451.3
8451.3
8448.1
8446.5
8446.5
8444.9
8443.3
8443.3
8441.6
8441.6
8440.0
8438.4
8438.4
8436.8
8435.2
8435.2
8433.6
8431.9
8431.9
8430.3
8428.7
8428.7
8427.1
8427.1
8425.5
8423.9
8423.9
8422.3
8420.6
8420.6
8419.0
8417.4
8417.4
8415.8
8414.2
8414.2
8412.6
8412.6
8410.9
8409.3
8409.3
8407.7
8406.1
8406.1
8404.5
8402.9
8402.9
8401.3
8399.6
8399.6
8398.0
8396.4
8396.4
8394.8
8394.8
8393.2
8391.6
8391.6
8389.9
8388.3
8388.3
8386.7
8385.1
8385.1
8383.5
8381.9
8381.9
8378.6
8378.6
8377.0
8375.4
8375.4
8373.8
8372.2
8372.2
8370.6
8368.9
8368.9
8367.3
8367.3
8365.7
8364.1
8364.1
8362.5
8360.9
8360.9
8359.2
8357.6
8357.6
8356.0
8356.0
8354.4
8352.8
8352.8
8351.2
8349.6
8349.6
8347.9
8346.3
8346.3
8344.7
8343.1
8343.1
8341.5
8341.5
8339.9
8338.2
8338.2
8336.6
8335.0
8335.0
8333.4
8331.8
8331.8
8330.2
8330.2
8328.5
8326.9
8326.9
8325.3
8323.7
8323.7
8322.1
8320.5
8320.5
8318.9
8318.9
8317.2
8315.6
8315.6
8314.0
8310.8
8310.8
8309.2
8307.5
8307.5
8305.9
8305.9
8304.3
8302.7
8302.7
8301.1
8299.5
8299.5
8297.9
8296.2
8296.2
8294.6
8294.6
8293.0
8291.4
8291.4
8289.8
8288.2
8288.2
8286.5
8286.5
8284.9
8283.3
8283.3
8281.7
8280.1
8280.1
8278.5
8276.8
8276.8
8275.2
8275.2
8273.6
8272.0
8272.0
8270.4
8268.8
8268.8
8267.2
8265.5
8265.5
8263.9
8263.9
8262.3
8260.7
8260.7
8259.1
8257.5
8257.5
8255.8
8255.8
8254.2
8252.6
8252.6
8251.0
8249.4
8249.4
8247.8
8247.8
8246.2
8244.5
8244.5
8241.3
8239.7
8239.7
8238.1
8236.5
8236.5
8234.8
8234.8
8233.2
8231.6
8231.6
8230.0
8228.4
8228.4
8226.8
8226.8
8225.1
8223.5
8223.5
8221.9
8220.3
8220.3
8218.7
8218.7
8217.1
8215.5
8215.5
8213.8
8212.2
8212.2
8210.6
8209.0
8209.0
8207.4
8207.4
8205.8
8204.1
8204.1
8202.5
8200.9
8200.9
8199.3
8199.3
8197.7
8196.1
8196.1
8194.5
8192.8
8192.8
8191.2
8191.2
8189.6
8188.0
8188.0
8186.4
8184.8
8184.8
8183.1
8183.1
8181.5
8179.9
8179.9
8178.3
8176.7
8176.7
8175.1
8175.1
8171.8
8170.2
8170.2
8168.6
8167.0
8167.0
8165.4
8165.4
8163.8
8162.1
8162.1
8160.5
8158.9
8158.9
8157.3
8157.3
8155.7
8154.1
8154.1
8152.4
8150.8
8150.8
8149.2
8149.2
8147.6
8146.0
8146.0
8144.4
8144.4
8142.8
8141.1
8141.1
8139.5
8137.9
8137.9
8136.3
8134.7
8134.7
8133.1
8133.1
8131.4
8129.8
8129.8
8128.2
8128.2
8126.6
8125.0
8125.0
8123.4
8121.7
8121.7
8120.1
8120.1
8118.5
8116.9
8116.9
8115.3
8113.7
8113.7
8112.1
8112.1
8110.4
8108.8
8108.8
8107.2
8104.0
8104.0
8102.4
8102.4
8100.7
8099.1
8099.1
8097.5
8097.5
8095.9
8094.3
8094.3
8092.7
8091.1
8091.1
8089.4
8089.4
8087.8
8086.2
8086.2
8084.6
8083.0
8083.0
8081.4
8081.4
8079.7
8078.1
8078.1
8076.5
8076.5
8074.9
8073.3
8073.3
8071.7
8071.7
8070.0
8068.4
8068.4
8066.8
8065.2
8065.2
8063.6
8063.6
8062.0
8060.4
8060.4
8058.7
8057.1
8057.1
8055.5
8055.5
8053.9
8052.3
8052.3
8050.7
8050.7
8049.0
8047.4
8047.4
8045.8
8044.2
8044.2
8042.6
8042.6
8041.0
8039.4
8039.4
8037.7
8037.7
8034.5
8032.9
8032.9
8031.3
8029.7
8029.7
8028.0
8028.0
8026.4
8024.8
8024.8
8023.2
8023.2
8021.6
8020.0
8020.0
8018.3
8016.7
8016.7
8015.1
8015.1
8013.5
8011.9
8011.9
8010.3
8010.3
8008.7
8007.0
8007.0
8005.4
8005.4
8003.8
8002.2
8002.2
8000.6
7999.0
7999.0
7997.3
7997.3
7995.7
7994.1
7994.1
7992.5
7992.5
7990.9
7989.3
7989.3
7987.7
7987.7
7986.0
7984.4
7984.4
7982.8
7981.2
7981.2
7979.6
7979.6
7978.0
7976.3
7976.3
7974.7
7974.7
7973.1
7971.5
7971.5
7969.9
7969.9
7968.3
7965.0
7965.0
7963.4
7963.4
7961.8
7960.2
7960.2
7958.6
7957.0
7957.0
7955.3
7955.3
7953.7
7952.1
7952.1
7950.5
7950.5
7948.9
7947.3
7947.3
7945.6
7945.6
7944.0
7942.4
7942.4
7940.8
7939.2
7939.2
7937.6
7937.6
7936.0
7934.3
7934.3
7932.7
7932.7
7931.1
7929.5
7929.5
7927.9
7927.9
7926.3
7924.6
7924.6
7923.0
7923.0
7921.4
7919.8
7919.8
7918.2
7918.2
7916.6
7914.9
7914.9
7913.3
7913.3
7911.7
7910.1
7910.1
7908.5
7908.5
7906.9
7905.3
7905.3
7903.6
7903.6
7902.0
7900.4
7900.4
7898.8
7898.8
7895.6
7893.9
7893.9
7892.3
7890.7
7890.7
7889.1
7889.1
7887.5
7885.9
7885.9
7884.3
7884.3
7882.6
7881.0
7881.0
7879.4
7879.4
7877.8
7876.2
7876.2
7874.6
7874.6
7872.9
7871.3
7871.3
7869.7
7869.7
7868.1
7866.5
7866.5
7864.9
7864.9
7863.2
7861.6
7861.6
7860.0
7860.0
7858.4
7856.8
7856.8
7855.2
7855.2
7853.6
7851.9
7851.9
7850.3
7850.3
7848.7
7847.1
7847.1
7845.5
7845.5
7843.9
7842.2
7842.2
7840.6
7840.6
7839.0
7837.4
7837.4
7835.8
7835.8
7834.2
7832.6
7832.6
7830.9
7830.9
7827.7
7826.1
7826.1
7824.5
7824.5
7822.9
7821.2
7821.2
7819.6
7819.6
7818.0
7816.4
7816.4
7814.8
7814.8
7813.2
7811.5
7811.5
7809.9
7809.9
7808.3
7806.7
7806.7
7805.1
7805.1
7803.5
7801.9
7801.9
7800.2
7800.2
7798.6
7797.0
7797.0
7795.4
7795.4
7793.8
7793.8
7792.2
7790.5
7790.5
7788.9
7788.9
7787.3
7785.7
7785.7
7784.1
7784.1
7782.5
7780.9
7780.9
7779.2
7779.2
7777.6
7776.0
7776.0
7774.4
7774.4
7772.8
7771.2
7771.2
7769.5
7769.5
7767.9
7766.3
7766.3
7764.7
7764.7
7763.1
7761.5
7761.5
7758.2
7758.2
7756.6
7756.6
7755.0
7753.4
7753.4
7751.8
7751.8
7750.2
7748.5
7748.5
7746.9
7746.9
7745.3
7743.7
7743.7
7742.1
7742.1
7740.5
7738.8
7738.8
7737.2
7737.2
7735.6
7734.0
7734.0
7732.4
7732.4
7730.8
7730.8
7729.2
7727.5
7727.5
7725.9
7725.9
7724.3
7722.7
7722.7
7721.1
7721.1
7719.5
7717.8
7717.8
7716.2
7716.2
7714.6
7714.6
7713.0
7711.4
7711.4
7709.8
7709.8
7708.1
7706.5
7706.5
7704.9
7704.9
7703.3
7701.7
7701.7
7700.1
7700.1
7698.5
7696.8
7696.8
7695.2
7695.2
7693.6
7693.6
7692.0
7688.8
7688.8
7687.1
7687.1
7685.5
7683.9
7683.9
7682.3
7682.3
7680.7
7680.7
7679.1
7677.5
7677.5
7675.8
7675.8
7674.2
7672.6
7672.6
7671.0
7671.0
7669.4
7667.8
7667.8
7666.1
7666.1
7664.5
7664.5
7662.9
7661.3
7661.3
7659.7
7659.7
7658.1
7656.4
7656.4
7654.8
7654.8
7653.2
7651.6
7651.6
7650.0
7650.0
7648.4
7648.4
7646.8
7645.1
7645.1
7643.5
7643.5
7641.9
7640.3
7640.3
7638.7
7638.7
7637.1
7637.1
7635.4
7633.8
7633.8
7632.2
7632.2
7630.6
7629.0
7629.0
7627.4
7627.4
7625.8
7625.8
7624.1
7620.9
7620.9
7619.3
7619.3
7617.7
7617.7
7616.1
7614.4
7614.4
7612.8
7612.8
7611.2
7609.6
7609.6
7608.0
7608.0
7606.4
7604.7
7604.7
7603.1
7603.1
7601.5
7601.5
7599.9
7598.3
7598.3
7596.7
7596.7
7595.1
7595.1
7593.4
7591.8
7591.8
7590.2
7590.2
7588.6
7587.0
7587.0
7585.4
7585.4
7583.7
7583.7
7582.1
7580.5
7580.5
7578.9
7578.9
7577.3
7577.3
7575.7
7574.1
7574.1
7572.4
7572.4
7570.8
7569.2
7569.2
7567.6
7567.6
7566.0
7566.0
7564.4
7562.7
7562.7
7561.1
7561.1
7559.5
7559.5
7557.9
7556.3
7556.3
7554.7
7554.7
7551.4
7549.8
7549.8
7548.2
7548.2
7546.6
7546.6
7545.0
7543.4
7543.4
7541.7
7541.7
7540.1
7540.1
7538.5
7536.9
7536.9
7535.3
7535.3
7533.7
7533.7
7532.0
7530.4
7530.4
7528.8
7528.8
7527.2
7525.6
7525.6
7524.0
7524.0
7522.4
7522.4
7520.7
7519.1
7519.1
7517.5
7517.5
7515.9
7515.9
7514.3
7512.7
7512.7
7511.0
7511.0
7509.4
7509.4
7507.8
7506.2
7506.2
7504.6
7504.6
7503.0
7503.0
7501.3
7499.7
7499.7
7498.1
7498.1
7496.5
7496.5
7494.9
7493.3
7493.3
7491.7
7491.7
7490.0
7490.0
7488.4
7486.8
7486.8
7485.2
7485.2
7482.0
7482.0
7480.3
7478.7
7478.7
7477.1
7477.1
7475.5
7475.5
7473.9
7472.3
7472.3
7470.7
7470.7
7469.0
7467.4
7467.4
7465.8
7465.8
7464.2
7464.2
7462.6
7462.6
7461.0
7459.3
7459.3
7457.7
7457.7
7456.1
7456.1
7454.5
7452.9
7452.9
7451.3
7451.3
7449.6
7449.6
7448.0
7446.4
7446.4
7444.8
7444.8
7443.2
7443.2
7441.6
7440.0
7440.0
7438.3
7438.3
7436.7
7436.7
7435.1
7433.5
7433.5
7431.9
7431.9
7430.3
7430.3
7428.6
7427.0
7427.0
7425.4
7425.4
7423.8
7423.8
7422.2
7420.6
7420.6
7419.0
7419.0
7417.3
7417.3
7414.1
7412.5
7412.5
7410.9
7410.9
7409.3
7409.3
7407.6
7407.6
7406.0
7404.4
7404.4
7402.8
7402.8
7401.2
7401.2
7399.6
7397.9
7397.9
7396.3
7396.3
7394.7
7394.7
7393.1
7391.5
7391.5
7389.9
7389.9
7388.3
7388.3
7386.6
7386.6
7385.0
7383.4
7383.4
7381.8
7381.8
7380.2
7380.2
7378.6
7376.9
7376.9
7375.3
7375.3
7373.7
7373.7
7372.1
7372.1
7370.5
7368.9
7368.9
7367.3
7367.3
7365.6
7365.6
7364.0
7362.4
7362.4
7360.8
7360.8
7359.2
7359.2
7357.6
7355.9
7355.9
7354.3
7354.3
7352.7
7352.7
7351.1
7351.1
7349.5
7347.9
7347.9
7344.6
7344.6
7343.0
7343.0
7341.4
7341.4
7339.8
7338.2
7338.2
7336.6
7336.6
7334.9
7334.9
7333.3
7331.7
7331.7
7330.1
7330.1
7328.5
7328.5
7326.9
7326.9
7325.2
7323.6
7323.6
7322.0
7322.0
7320.4
7320.4
7318.8
7318.8
7317.2
7315.6
7315.6
7313.9
7313.9
7312.3
7312.3
7310.7
7310.7
7309.1
7307.5
7307.5
7305.9
7305.9
7304.2
7304.2
7302.6
7301.0
7301.0
7299.4
7299.4
7297.8
7297.8
7296.2
7296.2
7294.5
7292.9
7292.9
7291.3
7291.3
7289.7
7289.7
7288.1
7288.1
7286.5
7284.9
7284.9
7283.2
7283.2
7281.6
7281.6
7280.0
7280.0
7278.4
7275.2
7275.2
7273.5
7273.5
7271.9
7271.9
7270.3
7270.3
7268.7
7267.1
7267.1
7265.5
7265.5
7263.9
7263.9
7262.2
7260.6
7260.6
7259.0
7259.0
7257.4
7257.4
7255.8
7255.8
7254.2
7254.2
7252.5
7250.9
7250.9
7249.3
7249.3
7247.7
7247.7
7246.1
7246.1
7244.5
7242.8
7242.8
7241.2
7241.2
7239.6
7239.6
7238.0
7238.0
7236.4
7234.8
7234.8
7233.2
7233.2
7231.5
7231.5
7229.9
7229.9
7228.3
7226.7
7226.7
7225.1
7225.1
7223.5
7223.5
7221.8
7221.8
7220.2
7220.2
7218.6
7217.0
7217.0
7215.4
7215.4
7213.8
7213.8
7212.2
7212.2
7210.5
7207.3
7207.3
7205.7
7205.7
7204.1
7204.1
7202.5
7202.5
7200.8
7200.8
7199.2
7197.6
7197.6
7196.0
7196.0
7194.4
7194.4
7192.8
7192.8
7191.1
7189.5
7189.5
7187.9
7187.9
7186.3
7186.3
7184.7
7184.7
7183.1
7183.1
7181.5
7179.8
7179.8
7178.2
7178.2
7176.6
7176.6
7175.0
7175.0
7173.4
7171.8
7171.8
7170.1
7170.1
7168.5
7168.5
7166.9
7166.9
7165.3
7165.3
7163.7
7162.1
7162.1
7160.5
7160.5
7158.8
7158.8
7157.2
7157.2
7155.6
7155.6
7154.0
7152.4
7152.4
7150.8
7150.8
7149.1
7149.1
7147.5
7147.5
7145.9
7144.3
7144.3
7142.7
7142.7
7141.1
7141.1
7137.8
7137.8
7136.2
7136.2
7134.6
7133.0
7133.0
7131.4
7131.4
7129.8
7129.8
7128.1
7128.1
7126.5
7126.5
7124.9
7124.9
7123.3
7121.7
7121.7
7120.1
7120.1
7118.4
7118.4
7116.8
7116.8
7115.2
7115.2
7113.6
7112.0
7112.0
7110.4
7110.4
7108.8
7108.8
7107.1
7107.1
7105.5
7105.5
7103.9
7102.3
7102.3
7100.7
7100.7
7099.1
7099.1
7097.4
7097.4
7095.8
7095.8
7094.2
7092.6
7092.6
7091.0
7091.0
7089.4
7089.4
7087.7
7087.7
7086.1
7086.1
7084.5
7082.9
7082.9
7081.3
7081.3
7079.7
7079.7
7078.1
7078.1
7076.4
7076.4
7074.8
7074.8
7073.2
7071.6
7071.6
7068.4
7068.4
7066.7
7066.7
7065.1
7065.1
7063.5
7063.5
7061.9
7061.9
7060.3
7058.7
7058.7
7057.1
7057.1
7055.4
7055.4
7053.8
7053.8
7052.2
7052.2
7050.6
7050.6
7049.0
7047.4
7047.4
7045.7
7045.7
7044.1
7044.1
7042.5
7042.5
7040.9
7040.9
7039.3
7039.3
7037.7
7036.0
7036.0
7034.4
7034.4
7032.8
7032.8
7031.2
7031.2
7029.6
7029.6
7028.0
7028.0
7026.4
7024.7
7024.7
7023.1
7023.1
7021.5
7021.5
7019.9
7019.9
7018.3
7018.3
7016.7
7016.7
7015.0
7013.4
7013.4
7011.8
7011.8
7010.2
7010.2
7008.6
7008.6
7007.0
7007.0
7005.4
7005.4
7003.7
7003.7
7002.1
6998.9
6998.9
6997.3
6997.3
6995.7
6995.7
6994.0
6994.0
6992.4
6992.4
6990.8
6990.8
6989.2
6987.6
6987.6
6986.0
6986.0
6984.3
6984.3
6982.7
6982.7
6981.1
6981.1
6979.5
6979.5
6977.9
6977.9
6976.3
6974.7
6974.7
6973.0
6973.0
6971.4
6971.4
6969.8
6969.8
6968.2
6968.2
6966.6
6966.6
6965.0
6965.0
6963.3
6961.7
6961.7
6960.1
6960.1
6958.5
6958.5
6956.9
6956.9
6955.3
6955.3
6953.7
6953.7
6952.0
6952.0
6950.4
6948.8
6948.8
6947.2
6947.2
6945.6
6945.6
6944.0
6944.0
6942.3
6942.3
6940.7
6940.7
6939.1
6939.1
6937.5
6937.5
6935.9
6934.3
6934.3
6931.0
6931.0
6929.4
6929.4
6927.8
6927.8
6926.2
6926.2
6924.6
6924.6
6923.0
6923.0
6921.3
6921.3
6919.7
6918.1
6918.1
6916.5
6916.5
6914.9
6914.9
6913.3
6913.3
6911.6
6911.6
6910.0
6910.0
6908.4
6908.4
6906.8
6906.8
6905.2
6903.6
6903.6
6902.0
6902.0
6900.3
6900.3
6898.7
6898.7
6897.1
6897.1
6895.5
6895.5
6893.9
6893.9
6892.3
6892.3
6890.6
6890.6
6889.0
6887.4
6887.4
6885.8
6885.8
6884.2
6884.2
6882.6
6882.6
6880.9
6880.9
6879.3
6879.3
6877.7
6877.7
6876.1
6876.1
6874.5
6874.5
6872.9
6871.3
6871.3
6869.6
6869.6
6868.0
6868.0
6866.4
6866.4
6864.8
6864.8
6861.6
6861.6
6859.9
6859.9
6858.3
6858.3
6856.7
6856.7
6855.1
6853.5
6853.5
6851.9
6851.9
6850.3
6850.3
6848.6
6848.6
6847.0
6847.0
6845.4
6845.4
6843.8
6843.8
6842.2
6842.2
6840.6
6840.6
6838.9
6838.9
6837.3
6837.3
6835.7
6834.1
6834.1
6832.5
6832.5
6830.9
6830.9
6829.2
6829.2
6827.6
6827.6
6826.0
6826.0
6824.4
6824.4
6822.8
6822.8
6821.2
6821.2
6819.6
6819.6
6817.9
6817.9
6816.3
6814.7
6814.7
6813.1
6813.1
6811.5
6811.5
6809.9
6809.9
6808.2
6808.2
6806.6
6806.6
6805.0
6805.0
6803.4
6803.4
6801.8
6801.8
6800.2
6800.2
6798.6
6798.6
6796.9
6796.9
6795.3
6792.1
6792.1
6790.5
6790.5
6788.9
6788.9
6787.2
6787.2
6785.6
6785.6
6784.0
6784.0
6782.4
6782.4
6780.8
6780.8
6779.2
6779.2
6777.5
6777.5
6775.9
6775.9
6774.3
6774.3
6772.7
6771.1
6771.1
6769.5
6769.5
6767.9
6767.9
6766.2
6766.2
6764.6
6764.6
6763.0
6763.0
6761.4
6761.4
6759.8
6759.8
6758.2
6758.2
6756.5
6756.5
6754.9
6754.9
6753.3
6753.3
6751.7
6751.7
6750.1
6750.1
6748.5
6748.5
6746.9
6745.2
6745.2
6743.6
6743.6
6742.0
6742.0
6740.4
6740.4
6738.8
6738.8
6737.2
6737.2
6735.5
6735.5
6733.9
6733.9
6732.3
6732.3
6730.7
6730.7
6729.1
6729.1
6727.5
6727.5
6724.2
6724.2
6722.6
6722.6
6721.0
6721.0
6719.4
6719.4
6717.8
6716.2
6716.2
6714.5
6714.5
6712.9
6712.9
6711.3
6711.3
6709.7
6709.7
6708.1
6708.1
6706.5
6706.5
6704.8
6704.8
6703.2
6703.2
6701.6
6701.6
6700.0
6700.0
6698.4
6698.4
6696.8
6696.8
6695.2
6695.2
6693.5
6693.5
6691.9
6691.9
6690.3
6690.3
6688.7
6688.7
6687.1
6687.1
6685.5
6685.5
6683.8
6683.8
6682.2
6680.6
6680.6
6679.0
6679.0
6677.4
6677.4
6675.8
6675.8
6674.1
6674.1
6672.5
6672.5
6670.9
6670.9
6669.3
6669.3
6667.7
6667.7
6666.1
6666.1
6664.5
6664.5
6662.8
6662.8
6661.2
6661.2
6659.6
6659.6
6658.0
6658.0
6654.8
6654.8
6653.1
6653.1
6651.5
6651.5
6649.9
6649.9
6648.3
6648.3
6646.7
6646.7
6645.1
6645.1
6643.5
6643.5
6641.8
6641.8
6640.2
6640.2
6638.6
6637.0
6637.0
6635.4
6635.4
6635.4
6633.8
6632.1
6632.1
6630.5
6630.5
6628.9
6628.9
6627.3
6627.3
6625.7
6625.7
6624.1
6624.1
6622.4
6622.4
6620.8
6620.8
6619.2
6619.2
6617.6
6617.6
6616.0
6616.0
6614.4
6614.4
6612.8
6612.8
6611.1
6611.1
6609.5
6609.5
6607.9
6607.9
6606.3
6606.3
6604.7
6604.7
6603.1
6603.1
6601.4
6601.4
6599.8
6599.8
6598.2
6598.2
6596.6
6596.6
6595.0
6595.0
6593.4
6593.4
6591.8
6591.8
6590.1
6590.1
6588.5
6588.5
6585.3
6585.3
6583.7
6583.7
6582.1
6582.1
6580.4
6580.4
6578.8
6578.8
6577.2
6577.2
6575.6
6575.6
6574.0
6574.0
6572.4
6572.4
6570.7
6570.7
6569.1
6569.1
6567.5
6567.5
6565.9
6565.9
6564.3
6564.3
6562.7
6562.7
6561.1
6561.1
6559.4
6559.4
6557.8
6557.8
6556.2
6556.2
6554.6
6554.6
6553.0
6553.0
6551.4
6551.4
6549.7
6549.7
6548.1
6548.1
6546.5
6546.5
6544.9
6544.9
6543.3
6543.3
6541.7
6541.7
6540.1
6540.1
6538.4
6538.4
6536.8
6536.8
6535.2
6535.2
6533.6
6533.6
6532.0
6532.0
6530.4
6530.4
6528.7
6528.7
6527.1
6527.1
6525.5
6525.5
6523.9
6523.9
6522.3
6522.3
6520.7
6520.7
6517.4
6517.4
6515.8
6515.8
6514.2
6514.2
6512.6
6512.6
6511.0
6511.0
6509.4
6509.4
6507.7
6507.7
6506.1
6506.1
6504.5
6504.5
6502.9
6502.9
6501.3
6501.3
6499.7
6499.7
6498.0
6498.0
6496.4
6496.4
6494.8
6494.8
6493.2
6493.2
6491.6
6491.6
6490.0
6490.0
6488.4
6488.4
6486.7
6486.7
6485.1
6485.1
6483.5
6483.5
6481.9
6481.9
6480.3
6480.3
6478.7
6478.7
6477.0
6477.0
6475.4
6475.4
6473.8
6473.8
6472.2
6472.2
6470.6
6470.6
6469.0
6469.0
6467.3
6467.3
6465.7
6465.7
6464.1
6464.1
6462.5
6462.5
6460.9
6460.9
6459.3
6459.3
6457.7
6457.7
6456.0
6456.0
6454.4
6454.4
6452.8
6452.8
6451.2
6451.2
6448.0
6448.0
6446.3
6446.3
6446.3
6444.7
6443.1
6443.1
6443.1
6441.5
6441.5
6439.9
6439.9
6438.3
6438.3
6436.7
6436.7
6435.0
6435.0
6433.4
6433.4
6431.8
6431.8
6430.2
6430.2
6428.6
6428.6
6427.0
6427.0
6425.3
6425.3
6423.7
6423.7
6422.1
6422.1
6420.5
6420.5
6418.9
6418.9
6417.3
6417.3
6415.6
6415.6
6414.0
6414.0
6412.4
6412.4
6410.8
6410.8
6409.2
6409.2
6407.6
6407.6
6406.0
6406.0
6404.3
6404.3
6402.7
6402.7
6401.1
6401.1
6399.5
6399.5
6397.9
6397.9
6397.9
6396.3
6396.3
6394.6
6394.6
6393.0
6393.0
6391.4
6391.4
6389.8
6389.8
6388.2
6388.2
6386.6
6386.6
6385.0
6385.0
6383.3
6383.3
6381.7
6381.7
6378.5
6378.5
6376.9
6376.9
6375.3
6375.3
6373.6
6373.6
6372.0
6372.0
6370.4
6370.4
6368.8
6368.8
6367.2
6367.2
6365.6
6365.6
6363.9
6363.9
6363.9
6362.3
6362.3
6360.7
6360.7
6359.1
6359.1
6357.5
6357.5
6355.9
6355.9
6354.3
6354.3
6352.6
6352.6
6351.0
6351.0
6349.4
6349.4
6347.8
6347.8
6346.2
6346.2
6344.6
6344.6
6342.9
6342.9
6341.3
6341.3
6339.7
6339.7
6338.1
6338.1
6336.5
6336.5
6336.5
6334.9
6334.9
6333.3
6333.3
6331.6
6331.6
6330.0
6330.0
6328.4
6328.4
6326.8
6326.8
6325.2
6325.2
6323.6
6323.6
6321.9
6321.9
6320.3
6320.3
6318.7
6318.7
6317.1
6317.1
6315.5
6315.5
6313.9
6313.9
6313.9
6312.2
6312.2
6309.0
6309.0
6307.4
6307.4
6305.8
6305.8
6304.2
6304.2
6302.6
6302.6
6300.9
6300.9
6299.3
6299.3
6297.7
6297.7
6296.1
6296.1
6294.5
6294.5
6292.9
6292.9
6291.2
6291.2
6291.2
6289.6
6289.6
6288.0
6288.0
6286.4
6286.4
6284.8
6284.8
6283.2
6283.2
6281.6
6281.6
6279.9
6279.9
6278.3
6278.3
6276.7
6276.7
6275.1
6275.1
6273.5
6273.5
6271.9
6271.9
6270.2
6270.2
6270.2
6268.6
6268.6
6267.0
6267.0
6265.4
6265.4
6263.8
6263.8
6262.2
6262.2
6260.5
6260.5
6258.9
6258.9
6257.3
6257.3
6255.7
6255.7
6254.1
6254.1
6252.5
6252.5
6252.5
6250.9
6250.9
6249.2
6249.2
6247.6
6247.6
6246.0
6246.0
6244.4
6244.4
6241.2
6241.2
6239.5
6239.5
6237.9
6237.9
6236.3
6236.3
6234.7
6234.7
6234.7
6233.1
6233.1
6231.5
6231.5
6229.9
6229.9
6228.2
6228.2
6226.6
6226.6
6225.0
6225.0
6223.4
6223.4
6221.8
6221.8
6220.2
6220.2
6218.5
6218.5
6218.5
6216.9
6216.9
6215.3
6215.3
6213.7
6213.7
6212.1
6212.1
6210.5
6210.5
6208.8
6208.8
6207.2
6207.2
6205.6
6205.6
6204.0
6204.0
6202.4
6202.4
6202.4
6200.8
6200.8
6199.2
6199.2
6197.5
6197.5
6195.9
6195.9
6194.3
6194.3
6192.7
6192.7
6191.1
6191.1
6189.5
6189.5
6187.8
6187.8
6187.8
6186.2
6186.2
6184.6
6184.6
6183.0
6183.0
6181.4
6181.4
6179.8
6179.8
6178.2
6178.2
6176.5
6176.5
6174.9
6174.9
6171.7
6171.7
6171.7
6170.1
6170.1
6168.5
6168.5
6166.8
6166.8
6165.2
6165.2
6163.6
6163.6
6162.0
6162.0
6160.4
6160.4
6160.4
6158.8
6158.8
6157.1
6157.1
6155.5
6155.5
6153.9
6153.9
6152.3
6152.3
6150.7
6150.7
6149.1
6149.1
6147.5
6147.5
6147.5
6145.8
6145.8
6144.2
6144.2
6142.6
6142.6
6141.0
6141.0
6139.4
6139.4
6137.8
6137.8
6136.1
6136.1
6134.5
6134.5
6134.5
6132.9
6132.9
6131.3
6131.3
6129.7
6129.7
6128.1
6128.1
6126.5
6126.5
6124.8
6124.8
6123.2
6123.2
6121.6
6121.6
6121.6
6120.0
6120.0
6118.4
6118.4
6116.8
6116.8
6115.1
6115.1
6113.5
6113.5
6111.9
6111.9
6110.3
6110.3
6110.3
6108.7
6108.7
6107.1
6107.1
6105.4
6105.4
6102.2
6102.2
6100.6
6100.6
6099.0
6099.0
6097.4
6097.4
6097.4
6095.8
6095.8
6094.1
6094.1
6092.5
6092.5
6090.9
6090.9
6089.3
6089.3
6087.7
6087.7
6086.1
6086.1
6086.1
6084.4
6084.4
6082.8
6082.8
6081.2
6081.2
6079.6
6079.6
6078.0
6078.0
6076.4
6076.4
6074.8
6074.8
6074.8
6073.1
6073.1
6071.5
6071.5
6069.9
6069.9
6068.3
6068.3
6066.7
6066.7
6066.7
6065.1
6065.1
6063.4
6063.4
6061.8
6061.8
6060.2
6060.2
6058.6
6058.6
6057.0
6057.0
6055.4
6055.4
6055.4
6053.7
6053.7
6052.1
6052.1
6050.5
6050.5
6048.9
6048.9
6047.3
6047.3
6045.7
6045.7
6045.7
6044.1
6044.1
6042.4
6042.4
6040.8
6040.8
6039.2
6039.2
6037.6
6037.6
6034.4
6034.4
6034.4
6032.7
6032.7
6031.1
6031.1
6029.5
6029.5
6027.9
6027.9
6026.3
6026.3
6024.7
6024.7
6024.7
6023.1
6023.1
6021.4
6021.4
6019.8
6019.8
6018.2
6018.2
6016.6
6016.6
6015.0
6015.0
6015.0
6013.4
6013.4
6011.7
6011.7
6010.1
6010.1
6008.5
6008.5
6006.9
6006.9
6005.3
6005.3
6005.3
6003.7
6003.7
6002.0
6002.0
6000.4
6000.4
5998.8
5998.8
5997.2
5997.2
5995.6
5995.6
5995.6
5994.0
5994.0
5992.4
5992.4
5990.7
5990.7
5989.1
5989.1
5987.5
5987.5
5987.5
5985.9
5985.9
5984.3
5984.3
5982.7
5982.7
5981.0
5981.0
5979.4
5979.4
5979.4
5977.8
5977.8
5976.2
5976.2
5974.6
5974.6
5973.0
5973.0
5971.4
5971.4
5971.4
5969.7
5969.7
5968.1
5968.1
5964.9
5964.9
5963.3
5963.3
5961.7
5961.7
5961.7
5960.0
5960.0
5958.4
5958.4
5956.8
5956.8
5955.2
5955.2
5953.6
5953.6
5953.6
5952.0
5952.0
5950.3
5950.3
5948.7
5948.7
5947.1
5947.1
5945.5
5945.5
5943.9
5943.9
5943.9
5942.3
5942.3
5940.7
5940.7
5939.0
5939.0
5937.4
5937.4
5935.8
5935.8
5935.8
5934.2
5934.2
5932.6
5932.6
5931.0
5931.0
5929.3
5929.3
5929.3
5927.7
5927.7
5926.1
5926.1
5924.5
5924.5
5922.9
5922.9
5921.3
5921.3
5919.7
5919.7
5919.7
5918.0
5918.0
5916.4
5916.4
5914.8
5914.8
5913.2
5913.2
5913.2
5911.6
5911.6
5910.0
5910.0
5908.3
5908.3
5906.7
5906.7
5905.1
5905.1
5905.1
5903.5
5903.5
5901.9
5901.9
5900.3
5900.3
5898.6
5898.6
5898.6
5895.4
5895.4
5893.8
5893.8
5892.2
5892.2
5890.6
5890.6
5889.0
5889.0
5889.0
5887.3
5887.3
5885.7
5885.7
5884.1
5884.1
5882.5
5882.5
5882.5
5880.9
5880.9
5879.3
5879.3
5877.6
5877.6
5876.0
5876.0
5874.4
5874.4
5874.4
5872.8
5872.8
5871.2
5871.2
5869.6
5869.6
5868.0
5868.0
5868.0
5866.3
5866.3
5864.7
5864.7
5863.1
5863.1
5861.5
5861.5
5859.9
5859.9
5859.9
5858.3
5858.3
5856.6
5856.6
5855.0
5855.0
5853.4
5853.4
5853.4
5851.8
5851.8
5850.2
5850.2
5848.6
5848.6
5846.9
5846.9
5846.9
5845.3
5845.3
5843.7
5843.7
5842.1
5842.1
5840.5
5840.5
5840.5
5838.9
5838.9
5837.3
5837.3
5835.6
5835.6
5834.0
5834.0
5832.4
5832.4
5832.4
5830.8
5830.8
5827.6
5827.6
5825.9
5825.9
5824.3
5824.3
5824.3
5822.7
5822.7
5821.1
5821.1
5819.5
5819.5
5819.5
5817.9
5817.9
5816.3
5816.3
5814.6
5814.6
5813.0
5813.0
5811.4
5811.4
5811.4
5809.8
5809.8
5808.2
5808.2
5806.6
5806.6
5804.9
5804.9
5804.9
5803.3
5803.3
5801.7
5801.7
5800.1
5800.1
5798.5
5798.5
5798.5
5796.9
5796.9
5795.2
5795.2
5793.6
5793.6
5792.0
5792.0
5792.0
5790.4
5790.4
5788.8
5788.8
5787.2
5787.2
5785.6
5785.6
5785.6
5783.9
5783.9
5782.3
5782.3
5780.7
5780.7
5780.7
5779.1
5779.1
5777.5
5777.5
5775.9
5775.9
5774.2
5774.2
5774.2
5772.6
5772.6
5771.0
5771.0
5769.4
5769.4
5767.8
5767.8
5767.8
5766.2
5766.2
5764.6
5764.6
5762.9
5762.9
5762.9
5761.3
5761.3
5758.1
5758.1
5756.5
5756.5
5754.9
5754.9
5754.9
5753.2
5753.2
5751.6
5751.6
5750.0
5750.0
5748.4
5748.4
5748.4
5746.8
5746.8
5745.2
5745.2
5743.5
5743.5
5743.5
5741.9
5741.9
5740.3
5740.3
5738.7
5738.7
5737.1
5737.1
5737.1
5735.5
5735.5
5733.9
5733.9
5732.2
5732.2
5730.6
5730.6
5730.6
5729.0
5729.0
5727.4
5727.4
5725.8
5725.8
5725.8
5724.2
5724.2
5722.5
5722.5
5720.9
5720.9
5719.3
5719.3
5719.3
5717.7
5717.7
5716.1
5716.1
5714.5
5714.5
5714.5
5712.9
5712.9
5711.2
5711.2
5709.6
5709.6
5708.0
5708.0
5708.0
5706.4
5706.4
5704.8
5704.8
5703.2
5703.2
5703.2
5701.5
5701.5
5699.9
5699.9
5698.3
5698.3
5698.3
5696.7
5696.7
5695.1
5695.1
5693.5
5693.5
5691.8
5691.8
5691.8
5688.6
5688.6
5687.0
5687.0
5685.4
5685.4
5685.4
5683.8
5683.8
5682.2
5682.2
5680.5
5680.5
5680.5
5678.9
5678.9
5677.3
5677.3
5675.7
5675.7
5674.1
5674.1
5674.1
5672.5
5672.5
5670.8
5670.8
5669.2
5669.2
5669.2
5667.6
5667.6
5666.0
5666.0
5664.4
5664.4
5664.4
5662.8
5662.8
5661.2
5661.2
5659.5
5659.5
5657.9
5657.9
5657.9
5656.3
5656.3
5654.7
5654.7
5653.1
5653.1
5653.1
5651.5
5651.5
5649.8
5649.8
5648.2
5648.2
5648.2
5646.6
5646.6
5645.0
5645.0
5643.4
5643.4
5643.4
5641.8
5641.8
5640.1
5640.1
5638.5
5638.5
5638.5
5636.9
5636.9
5635.3
5635.3
5633.7
5633.7
5633.7
5632.1
5632.1
5630.5
5630.5
5628.8
5628.8
5628.8
5627.2
5627.2
5625.6
5625.6
5624.0
5624.0
5624.0
5620.8
5620.8
5619.1
5619.1
5617.5
5617.5
5617.5
5615.9
5615.9
5614.3
5614.3
5612.7
5612.7
5612.7
5611.1
5611.1
5609.5
5609.5
5607.8
5607.8
5606.2
5606.2
5606.2
5604.6
5604.6
5603.0
5603.0
5603.0
5601.4
5601.4
5599.8
5599.8
5598.1
5598.1
5596.5
5596.5
5596.5
5594.9
5594.9
5593.3
5593.3
5593.3
5591.7
5591.7
5590.1
5590.1
5588.4
5588.4
5588.4
5586.8
5586.8
5585.2
5585.2
5583.6
5583.6
5583.6
5582.0
5582.0
5580.4
5580.4
5578.8
5578.8
5578.8
5577.1
5577.1
5575.5
5575.5
5573.9
5573.9
5573.9
5572.3
5572.3
5570.7
5570.7
5569.1
5569.1
5569.1
5567.4
5567.4
5565.8
5565.8
5564.2
5564.2
5564.2
5562.6
5562.6
5561.0
5561.0
5559.4
5559.4
5559.4
5557.8
5557.8
5556.1
5556.1
5556.1
5554.5
5554.5
5551.3
5551.3
5549.7
5549.7
5549.7
5548.1
5548.1
5546.4
5546.4
5544.8
5544.8
5544.8
5543.2
5543.2
5541.6
5541.6
5540.0
5540.0
5540.0
5538.4
5538.4
5536.7
5536.7
5536.7
5535.1
5535.1
5533.5
5533.5
5531.9
5531.9
5531.9
5530.3
5530.3
5528.7
5528.7
5527.1
5527.1
5527.1
5525.4
5525.4
5523.8
5523.8
5522.2
5522.2
5522.2
5520.6
5520.6
5519.0
5519.0
5519.0
5517.4
5517.4
5515.7
5515.7
5514.1
5514.1
5514.1
5512.5
5512.5
5510.9
5510.9
5509.3
5509.3
5509.3
5507.7
5507.7
5506.1
5506.1
5504.4
5504.4
5504.4
5502.8
5502.8
5501.2
5501.2
5501.2
5499.6
5499.6
5498.0
5498.0
5496.4
5496.4
5496.4
5494.7
5494.7
5493.1
5493.1
5491.5
5491.5
5491.5
5489.9
5489.9
5488.3
5488.3
5488.3
5486.7
5486.7
5485.0
5485.0
5481.8
5481.8
5481.8
5480.2
5480.2
5478.6
5478.6
5478.6
5477.0
5477.0
5475.4
5475.4
5473.7
5473.7
5473.7
5472.1
5472.1
5470.5
5470.5
5468.9
5468.9
5468.9
5467.3
5467.3
5465.7
5465.7
5465.7
5464.0
5464.0
5462.4
5462.4
5460.8
5460.8
5460.8
5459.2
5459.2
5457.6
5457.6
5457.6
5456.0
5456.0
5454.4
5454.4
5452.7
5452.7
5452.7
5451.1
5451.1
5449.5
5449.5
5449.5
5447.9
5447.9
5446.3
5446.3
5444.7
5444.7
5444.7
5443.0
5443.0
5441.4
5441.4
5441.4
5439.8
5439.8
5438.2
5438.2
5436.6
5436.6
5436.6
5435.0
5435.0
5433.3
5433.3
5433.3
5431.7
5431.7
5430.1
5430.1
5430.1
5428.5
5428.5
5426.9
5426.9
5425.3
5425.3
5425.3
5423.7
5423.7
5422.0
5422.0
5422.0
5420.4
5420.4
5418.8
5418.8
5417.2
5417.2
5417.2
5415.6
5415.6
5412.3
5412.3
5412.3
5410.7
5410.7
5409.1
5409.1
5407.5
5407.5
5407.5
5405.9
5405.9
5404.3
5404.3
5404.3
5402.7
5402.7
5401.0
5401.0
5401.0
5399.4
5399.4
5397.8
5397.8
5396.2
5396.2
5396.2
5394.6
5394.6
5393.0
5393.0
5393.0
5391.3
5391.3
5389.7
5389.7
5389.7
5388.1
5388.1
5386.5
5386.5
5384.9
5384.9
5384.9
5383.3
5383.3
5381.6
5381.6
5381.6
5380.0
5380.0
5378.4
5378.4
5378.4
5376.8
5376.8
5375.2
5375.2
5373.6
5373.6
5373.6
5372.0
5372.0
5370.3
5370.3
5370.3
5368.7
5368.7
5367.1
5367.1
5367.1
5365.5
5365.5
5363.9
5363.9
5363.9
5362.3
5362.3
5360.6
5360.6
5359.0
5359.0
5359.0
5357.4
5357.4
5355.8
5355.8
5355.8
5354.2
5354.2
5352.6
5352.6
5352.6
5351.0
5351.0
5349.3
5349.3
5349.3
5347.7
5347.7
5344.5
5344.5
5342.9
5342.9
5342.9
5341.3
5341.3
5339.6
5339.6
5339.6
5338.0
5338.0
5336.4
5336.4
5336.4
5334.8
5334.8
5333.2
5333.2
5331.6
5331.6
5331.6
5329.9
5329.9
5328.3
5328.3
5328.3
5326.7
5326.7
5325.1
5325.1
5325.1
5323.5
5323.5
5321.9
5321.9
5321.9
5320.3
5320.3
5318.6
5318.6
5318.6
5317.0
5317.0
5315.4
5315.4
5313.8
5313.8
5313.8
5312.2
5312.2
5312.2
5310.6
5310.6
5308.9
5308.9
5307.3
5307.3
5307.3
5305.7
5305.7
5304.1
5304.1
5304.1
5302.5
5302.5
5300.9
5300.9
5300.9
5299.3
5299.3
5297.6
5297.6
5297.6
5296.0
5296.0
5294.4
5294.4
5294.4
5292.8
5292.8
5291.2
5291.2
5291.2
5289.6
5289.6
5287.9
5287.9
5287.9
5286.3
5286.3
5284.7
5284.7
5283.1
5283.1
5283.1
5281.5
5281.5
5279.9
5279.9
5279.9
5278.2
5278.2
5275.0
5275.0
5275.0
5273.4
5273.4
5271.8
5271.8
5271.8
5270.2
5270.2
5268.6
5268.6
5268.6
5266.9
5266.9
5265.3
5265.3
5265.3
5263.7
5263.7
5262.1
5262.1
5262.1
5260.5
5260.5
5258.9
5258.9
5258.9
5257.2
5257.2
5255.6
5255.6
5255.6
5254.0
5254.0
5252.4
5252.4
5252.4
5250.8
5250.8
5249.2
5249.2
5249.2
5247.6
5247.6
5245.9
5245.9
5245.9
5244.3
5244.3
5242.7
5242.7
5242.7
5241.1
5241.1
5239.5
5239.5
5237.9
5237.9
5237.9
5236.2
5236.2
5236.2
5234.6
5234.6
5233.0
5233.0
5233.0
5231.4
5231.4
5229.8
5229.8
5229.8
5228.2
5228.2
5226.5
5226.5
5226.5
5224.9
5224.9
5223.3
5223.3
5223.3
5221.7
5221.7
5220.1
5220.1
5220.1
5218.5
5218.5
5216.9
5216.9
5216.9
5215.2
5215.2
5213.6
5213.6
5213.6
5212.0
5212.0
5210.4
5210.4
5210.4
5208.8
5208.8
5205.5
5205.5
5205.5
5203.9
5203.9
5202.3
5202.3
5202.3
5200.7
5200.7
5199.1
5199.1
5199.1
5197.5
5197.5
5195.9
5195.9
5195.9
5194.2
5194.2
5192.6
5192.6
5192.6
5191.0
5191.0
5189.4
5189.4
5189.4
5187.8
5187.8
5186.2
5186.2
5186.2
5184.5
5184.5
5182.9
5182.9
5182.9
5181.3
5181.3
5179.7
5179.7
5179.7
5178.1
5178.1
5178.1
5176.5
5176.5
5174.8
5174.8
5174.8
5173.2
5173.2
5171.6
5171.6
5171.6
5170.0
5170.0
5168.4
5168.4
5168.4
5166.8
5166.8
5165.2
5165.2
5165.2
5163.5
5163.5
5161.9
5161.9
5161.9
5160.3
5160.3
5158.7
5158.7
5158.7
5157.1
5157.1
5155.5
5155.5
5155.5
5153.8
5153.8
5153.8
5152.2
5152.2
5150.6
5150.6
5150.6
5149.0
5149.0
5147.4
5147.4
5147.4
5145.8
5145.8
5144.2
5144.2
5144.2
5142.5
5142.5
5140.9
5140.9
5140.9
5137.7
5137.7
5136.1
5136.1
5136.1
5134.5
5134.5
5132.8
5132.8
5132.8
5131.2
5131.2
5131.2
5129.6
5129.6
5128.0
5128.0
5128.0
5126.4
5126.4
5124.8
5124.8
5124.8
5123.1
5123.1
5121.5
5121.5
5121.5
5119.9
5119.9
5118.3
5118.3
5118.3
5116.7
5116.7
5116.7
5115.1
5115.1
5113.5
5113.5
5113.5
5111.8
5111.8
5110.2
5110.2
5110.2
5108.6
5108.6
5107.0
5107.0
5107.0
5105.4
5105.4
5103.8
5103.8
5103.8
5102.1
5102.1
5102.1
5100.5
5100.5
5098.9
5098.9
5098.9
5097.3
5097.3
5095.7
5095.7
5095.7
5094.1
5094.1
5092.5
5092.5
5092.5
5090.8
5090.8
5089.2
5089.2
5089.2
5087.6
5087.6
5087.6
5086.0
5086.0
5084.4
5084.4
5084.4
5082.8
5082.8
5081.1
5081.1
5081.1
5079.5
5079.5
5077.9
5077.9
5077.9
5076.3
5076.3
5076.3
5074.7
5074.7
5073.1
5073.1
5073.1
5071.4
5071.4
5068.2
5068.2
5068.2
5066.6
5066.6
5066.6
5065.0
5065.0
5063.4
5063.4
5063.4
5061.8
5061.8
5060.1
5060.1
5060.1
5058.5
5058.5
5058.5
5056.9
5056.9
5055.3
5055.3
5055.3
5053.7
5053.7
5052.1
5052.1
5052.1
5050.4
5050.4
5048.8
5048.8
5048.8
5047.2
5047.2
5047.2
5045.6
5045.6
5044.0
5044.0
5044.0
5042.4
5042.4
5040.8
5040.8
5040.8
5039.1
5039.1
5039.1
5037.5
5037.5
5035.9
5035.9
5035.9
5034.3
5034.3
5032.7
5032.7
5032.7
5031.1
5031.1
5031.1
5029.4
5029.4
5027.8
5027.8
5027.8
5026.2
5026.2
5024.6
5024.6
5024.6
5023.0
5023.0
5023.0
5021.4
5021.4
5019.7
5019.7
5019.7
5018.1
5018.1
5016.5
5016.5
5016.5
5014.9
5014.9
5014.9
5013.3
5013.3
5011.7
5011.7
5011.7
5010.1
5010.1
5008.4
5008.4
5008.4
5006.8
5006.8
5006.8
5005.2
5005.2
5003.6
5003.6
5003.6
5002.0
5002.0
5002.0
4998.7
4998.7
4997.1
4997.1
4997.1
4995.5
4995.5
4993.9
4993.9
4993.9
4992.3
4992.3
4992.3
4990.7
4990.7
4989.1
4989.1
4989.1
4987.4
4987.4
4985.8
4985.8
4985.8
4984.2
4984.2
4984.2
4982.6
4982.6
4981.0
4981.0
4981.0
4979.4
4979.4
4979.4
4977.7
4977.7
4976.1
4976.1
4976.1
4974.5
4974.5
4972.9
4972.9
4972.9
4971.3
4971.3
4971.3
4969.7
4969.7
4968.0
4968.0
4968.0
4966.4
4966.4
4966.4
4964.8
4964.8
4963.2
4963.2
4963.2
4961.6
4961.6
4961.6
4960.0
4960.0
4958.4
4958.4
4958.4
4956.7
4956.7
4955.1
4955.1
4955.1
4953.5
4953.5
4953.5
4951.9
4951.9
4950.3
4950.3
4950.3
4948.7
4948.7
4948.7
4947.0
4947.0
4945.4
4945.4
4945.4
4943.8
4943.8
4943.8
4942.2
4942.2
4940.6
4940.6
4940.6
4939.0
4939.0
4937.4
4937.4
4937.4
4935.7
4935.7
4935.7
4934.1
4934.1
4930.9
4930.9
4930.9
4929.3
4929.3
4929.3
4927.7
4927.7
4926.0
4926.0
4926.0
4924.4
4924.4
4924.4
4922.8
4922.8
4921.2
4921.2
4921.2
4919.6
4919.6
4919.6
4918.0
4918.0
4916.3
4916.3
4916.3
4914.7
4914.7
4914.7
4913.1
4913.1
4911.5
4911.5
4911.5
4909.9
4909.9
4909.9
4908.3
4908.3
4906.7
4906.7
4906.7
4905.0
4905.0
4905.0
4903.4
4903.4
4901.8
4901.8
4901.8
4900.2
4900.2
4900.2
4898.6
4898.6
4897.0
4897.0
4897.0
4895.3
4895.3
4895.3
4893.7
4893.7
4892.1
4892.1
4892.1
4890.5
4890.5
4890.5
4888.9
4888.9
4887.3
4887.3
4887.3
4885.7
4885.7
4885.7
4884.0
4884.0
4882.4
4882.4
4882.4
4880.8
4880.8
4880.8
4879.2
4879.2
4877.6
4877.6
4877.6
4876.0
4876.0
4876.0
4874.3
4874.3
4874.3
4872.7
4872.7
4871.1
4871.1
4871.1
4869.5
4869.5
4869.5
4867.9
4867.9
4866.3
4866.3
4866.3
4864.6
4864.6
4864.6
4861.4
4861.4
4859.8
4859.8
4859.8
4858.2
4858.2
4858.2
4856.6
4856.6
4855.0
4855.0
4855.0
4853.3
4853.3
4853.3
4851.7
4851.7
4851.7
4850.1
4850.1
4848.5
4848.5
4848.5
4846.9
4846.9
4846.9
4845.3
4845.3
4843.6
4843.6
4843.6
4842.0
4842.0
4842.0
4840.4
4840.4
4838.8
4838.8
4838.8
4837.2
4837.2
4837.2
4835.6
4835.6
4834.0
4834.0
4834.0
4832.3
4832.3
4832.3
4830.7
4830.7
4830.7
4829.1
4829.1
4827.5
4827.5
4827.5
4825.9
4825.9
4825.9
4824.3
4824.3
4822.6
4822.6
4822.6
4821.0
4821.0
4821.0
4819.4
4819.4
4819.4
4817.8
4817.8
4816.2
4816.2
4816.2
4814.6
4814.6
4814.6
4812.9
4812.9
4812.9
4811.3
4811.3
4809.7
4809.7
4809.7
4808.1
4808.1
4808.1
4806.5
4806.5
4804.9
4804.9
4804.9
4803.3
4803.3
4803.3
4801.6
4801.6
4801.6
4800.0
4800.0
4798.4
4798.4
4798.4
4796.8
4796.8
4796.8
4795.2
4795.2
4791.9
4791.9
4791.9
4790.3
4790.3
4790.3
4788.7
4788.7
4788.7
4787.1
4787.1
4785.5
4785.5
4785.5
4783.9
4783.9
4783.9
4782.3
4782.3
4782.3
4780.6
4780.6
4779.0
4779.0
4779.0
4777.4
4777.4
4777.4
4775.8
4775.8
4775.8
4774.2
4774.2
4772.6
4772.6
4772.6
4770.9
4770.9
4770.9
4769.3
4769.3
4767.7
4767.7
4767.7
4766.1
4766.1
4766.1
4764.5
4764.5
4764.5
4762.9
4762.9
4761.2
4761.2
4761.2
4759.6
4759.6
4759.6
4758.0
4758.0
4758.0
4756.4
4756.4
4754.8
4754.8
4754.8
4753.2
4753.2
4753.2
4751.6
4751.6
4751.6
4749.9
4749.9
4748.3
4748.3
4748.3
4746.7
4746.7
4746.7
4745.1
4745.1
4745.1
4743.5
4743.5
4743.5
4741.9
4741.9
4740.2
4740.2
4740.2
4738.6
4738.6
4738.6
4737.0
4737.0
4737.0
4735.4
4735.4
4733.8
4733.8
4733.8
4732.2
4732.2
4732.2
4730.6
4730.6
4730.6
4728.9
4728.9
4727.3
4727.3
4727.3
4724.1
4724.1
4724.1
4722.5
4722.5
4722.5
4720.9
4720.9
4719.2
4719.2
4719.2
4717.6
4717.6
4717.6
4716.0
4716.0
4716.0
4714.4
4714.4
4714.4
4712.8
4712.8
4711.2
4711.2
4711.2
4709.5
4709.5
4709.5
4707.9
4707.9
4707.9
4706.3
4706.3
4704.7
4704.7
4704.7
4703.1
4703.1
4703.1
4701.5
4701.5
4701.5
4699.9
4699.9
4699.9
4698.2
4698.2
4696.6
4696.6
4696.6
4695.0
4695.0
4695.0
4693.4
4693.4
4693.4
4691.8
4691.8
4690.2
4690.2
4690.2
4688.5
4688.5
4688.5
4686.9
4686.9
4686.9
4685.3
4685.3
4685.3
4683.7
4683.7
4682.1
4682.1
4682.1
4680.5
4680.5
4680.5
4678.9
4678.9
4678.9
4677.2
4677.2
4675.6
4675.6
4675.6
4674.0
4674.0
4674.0
4672.4
4672.4
4672.4
4670.8
4670.8
4670.8
4669.2
4669.2
4669.2
4667.5
4667.5
4665.9
4665.9
4665.9
4664.3
4664.3
4664.3
4662.7
4662.7
4662.7
4661.1
4661.1
4661.1
4659.5
4659.5
4657.8
4657.8
4657.8
4654.6
4654.6
4654.6
4653.0
4653.0
4653.0
4651.4
4651.4
4651.4
4649.8
4649.8
4648.2
4648.2
4648.2
4646.5
4646.5
4646.5
4644.9
4644.9
4644.9
4643.3
4643.3
4643.3
4641.7
4641.7
4641.7
4640.1
4640.1
4638.5
4638.5
4638.5
4636.8
4636.8
4636.8
4635.2
4635.2
4635.2
4633.6
4633.6
4633.6
4632.0
4632.0
4630.4
4630.4
4630.4
4628.8
4628.8
4628.8
4627.2
4627.2
4627.2
4625.5
4625.5
4625.5
4623.9
4623.9
4623.9
4622.3
4622.3
4620.7
4620.7
4620.7
4619.1
4619.1
4619.1
4617.5
4617.5
4617.5
4615.8
4615.8
4615.8
4614.2
4614.2
4614.2
4612.6
4612.6
4611.0
4611.0
4611.0
4609.4
4609.4
4609.4
4607.8
4607.8
4607.8
4606.1
4606.1
4606.1
4604.5
4604.5
4604.5
4602.9
4602.9
4601.3
4601.3
4601.3
4599.7
4599.7
4599.7
4598.1
4598.1
4598.1
4596.5
4596.5
4596.5
4594.8
4594.8
4594.8
4593.2
4593.2
4591.6
4591.6
4591.6
4590.0
4590.0
4590.0
4588.4
4588.4
4588.4
4585.1
4585.1
4585.1
4583.5
4583.5
4583.5
4581.9
4581.9
4581.9
4580.3
4580.3
4578.7
4578.7
4578.7
4577.1
4577.1
4577.1
4575.5
4575.5
4575.5
4573.8
4573.8
4573.8
4572.2
4572.2
4572.2
4570.6
4570.6
4570.6
4569.0
4569.0
4569.0
4567.4
4567.4
4565.8
4565.8
4565.8
4564.1
4564.1
4564.1
4562.5
4562.5
4562.5
4560.9
4560.9
4560.9
4559.3
4559.3
4559.3
4557.7
4557.7
4556.1
4556.1
4556.1
4554.4
4554.4
4554.4
4552.8
4552.8
4552.8
4551.2
4551.2
4551.2
4549.6
4549.6
4549.6
4548.0
4548.0
4548.0
4546.4
4546.4
4546.4
4544.8
4544.8
4544.8
4543.1
4543.1
4541.5
4541.5
4541.5
4539.9
4539.9
4539.9
4538.3
4538.3
4538.3
4536.7
4536.7
4536.7
4535.1
4535.1
4535.1
4533.4
4533.4
4533.4
4531.8
4531.8
4531.8
4530.2
4530.2
4530.2
4528.6
4528.6
4527.0
4527.0
4527.0
4525.4
4525.4
4525.4
4523.8
4523.8
4523.8
4522.1
4522.1
4522.1
4520.5
4520.5
4520.5
4518.9
4518.9
4518.9
4515.7
4515.7
4515.7
4514.1
4514.1
4514.1
4512.4
4512.4
4510.8
4510.8
4510.8
4509.2
4509.2
4509.2
4507.6
4507.6
4507.6
4506.0
4506.0
4506.0
4504.4
4504.4
4504.4
4502.7
4502.7
4502.7
4501.1
4501.1
4501.1
4499.5
4499.5
4499.5
4497.9
4497.9
4497.9
4496.3
4496.3
4496.3
4494.7
4494.7
4493.1
4493.1
4493.1
4491.4
4491.4
4491.4
4489.8
4489.8
4489.8
4488.2
4488.2
4488.2
4486.6
4486.6
4486.6
4485.0
4485.0
4485.0
4483.4
4483.4
4483.4
4481.7
4481.7
4481.7
4480.1
4480.1
4480.1
4478.5
4478.5
4478.5
4476.9
4476.9
4475.3
4475.3
4475.3
4473.7
4473.7
4473.7
4472.1
4472.1
4472.1
4470.4
4470.4
4470.4
4468.8
4468.8
4468.8
4467.2
4467.2
4467.2
4465.6
4465.6
4465.6
4464.0
4464.0
4464.0
4462.4
4462.4
4462.4
4460.7
4460.7
4460.7
4459.1
4459.1
4459.1
4457.5
4457.5
4457.5
4455.9
4455.9
4454.3
4454.3
4454.3
4454.3
4452.7
4452.7
4451.0
4451.0
4451.0
4447.8
4447.8
4447.8
4446.2
4446.2
4446.2
4444.6
4444.6
4444.6
4443.0
4443.0
4443.0
4441.4
4441.4
4441.4
4439.7
4439.7
4439.7
4438.1
4438.1
4438.1
4436.5
4436.5
4436.5
4434.9
4434.9
4434.9
4433.3
4433.3
4433.3
4431.7
4431.7
4431.7
4430.0
4430.0
4430.0
4428.4
4428.4
4428.4
4426.8
4426.8
4426.8
4425.2
4425.2
4425.2
4423.6
4423.6
4423.6
4422.0
4422.0
4420.4
4420.4
4420.4
4418.7
4418.7
4418.7
4417.1
4417.1
4417.1
4415.5
4415.5
4415.5
4413.9
4413.9
4413.9
4412.3
4412.3
4412.3
4410.7
4410.7
4410.7
4409.0
4409.0
4409.0
4407.4
4407.4
4407.4
4405.8
4405.8
4405.8
4404.2
4404.2
4404.2
4402.6
4402.6
4402.6
4401.0
4401.0
4401.0
4399.3
4399.3
4399.3
4397.7
4397.7
4397.7
4396.1
4396.1
4396.1
4394.5
4394.5
4394.5
4392.9
4392.9
4392.9
4391.3
4391.3
4391.3
4389.7
4389.7
4389.7
4388.0
4388.0
4388.0
4386.4
4386.4
4386.4
4384.8
4384.8
4384.8
4383.2
4383.2
4383.2
4381.6
4381.6
4381.6
4378.3
4378.3
4378.3
4376.7
4376.7
4376.7
4375.1
4375.1
4375.1
4373.5
4373.5
4373.5
4371.9
4371.9
4371.9
4370.3
4370.3
4370.3
4368.7
4368.7
4368.7
4367.0
4367.0
4367.0
4365.4
4365.4
4365.4
4363.8
4363.8
4363.8
4362.2
4362.2
4362.2
4360.6
4360.6
4360.6
4359.0
4359.0
4359.0
4357.3
4357.3
4357.3
4355.7
4355.7
4355.7
4354.1
4354.1
4354.1
4352.5
4352.5
4352.5
4350.9
4350.9
4350.9
4349.3
4349.3
4349.3
4347.6
4347.6
4347.6
4346.0
4346.0
4346.0
4344.4
4344.4
4344.4
4342.8
4342.8
4342.8
4341.2
4341.2
4341.2
4339.6
4339.6
4339.6
4338.0
4338.0
4338.0
4336.3
4336.3
4336.3
4334.7
4334.7
4334.7
4333.1
4333.1
4333.1
4331.5
4331.5
4331.5
4329.9
4329.9
4329.9
4328.3
4328.3
4328.3
4326.6
4326.6
4326.6
4325.0
4325.0
4325.0
4323.4
4323.4
4323.4
4321.8
4321.8
4321.8
4320.2
4320.2
4320.2
4318.6
4318.6
4318.6
4317.0
4317.0
4317.0
4315.3
4315.3
4315.3
4313.7
4313.7
4313.7
4312.1
4312.1
4312.1
4308.9
4308.9
4308.9
4307.3
4307.3
4307.3
4305.6
4305.6
4305.6
4304.0
4304.0
4304.0
4302.4
4302.4
4302.4
4300.8
4300.8
4300.8
4299.2
4299.2
4299.2
4297.6
4297.6
4297.6
4297.6
4295.9
4295.9
4294.3
4294.3
4294.3
4294.3
4292.7
4292.7
4292.7
4291.1
4291.1
4291.1
4289.5
4289.5
4289.5
4287.9
4287.9
4287.9
4286.3
4286.3
4286.3
4284.6
4284.6
4284.6
4283.0
4283.0
4283.0
4281.4
4281.4
4281.4
4279.8
4279.8
4279.8
4278.2
4278.2
4278.2
4276.6
4276.6
4276.6
4274.9
4274.9
4274.9
4273.3
4273.3
4273.3
4271.7
4271.7
4271.7
4270.1
4270.1
4270.1
4268.5
4268.5
4268.5
4268.5
4266.9
4266.9
4266.9
4265.3
4265.3
4265.3
4263.6
4263.6
4263.6
4262.0
4262.0
4262.0
4260.4
4260.4
4260.4
4258.8
4258.8
4258.8
4257.2
4257.2
4257.2
4255.6
4255.6
4255.6
4253.9
4253.9
4253.9
4252.3
4252.3
4252.3
4250.7
4250.7
4250.7
4249.1
4249.1
4249.1
4247.5
4247.5
4247.5
4245.9
4245.9
4245.9
4244.2
4244.2
4244.2
4244.2
4241.0
4241.0
4241.0
4239.4
4239.4
4239.4
4237.8
4237.8
4237.8
4236.2
4236.2
4236.2
4234.6
4234.6
4234.6
4232.9
4232.9
4232.9
4231.3
4231.3
4231.3
4229.7
4229.7
4229.7
4228.1
4228.1
4228.1
4226.5
4226.5
4226.5
4224.9
4224.9
4224.9
4224.9
4223.2
4223.2
4223.2
4221.6
4221.6
4221.6
4220.0
4220.0
4220.0
4218.4
4218.4
4218.4
4216.8
4216.8
4216.8
4215.2
4215.2
4215.2
4213.6
4213.6
4213.6
4211.9
4211.9
4211.9
4210.3
4210.3
4210.3
4210.3
4208.7
4208.7
4208.7
4207.1
4207.1
4207.1
4205.5
4205.5
4205.5
4203.9
4203.9
4203.9
4202.2
4202.2
4202.2
4200.6
4200.6
4200.6
4199.0
4199.0
4199.0
4197.4
4197.4
4197.4
4195.8
4195.8
4195.8
4195.8
4194.2
4194.2
4194.2
4192.5
4192.5
4192.5
4190.9
4190.9
4190.9
4189.3
4189.3
4189.3
4187.7
4187.7
4187.7
4186.1
4186.1
4186.1
4184.5
4184.5
4184.5
4182.9
4182.9
4182.9
4181.2
4181.2
4181.2
4181.2
4179.6
4179.6
4179.6
4178.0
4178.0
4178.0
4176.4
4176.4
4176.4
4174.8
4174.8
4174.8
4171.5
4171.5
4171.5
4169.9
4169.9
4169.9
4168.3
4168.3
4168.3
4166.7
4166.7
4166.7
4166.7
4165.1
4165.1
4165.1
4163.5
4163.5
4163.5
4161.9
4161.9
4161.9
4160.2
4160.2
4160.2
4158.6
4158.6
4158.6
4157.0
4157.0
4157.0
4157.0
4155.4
4155.4
4155.4
4153.8
4153.8
4153.8
4152.2
4152.2
4152.2
4150.5
4150.5
4150.5
4148.9
4148.9
4148.9
4147.3
4147.3
4147.3
4145.7
4145.7
4145.7
4145.7
4144.1
4144.1
4144.1
4142.5
4142.5
4142.5
4140.8
4140.8
4140.8
4139.2
4139.2
4139.2
4137.6
4137.6
4137.6
4136.0
4136.0
4136.0
4136.0
4134.4
4134.4
4134.4
4132.8
4132.8
4132.8
4131.2
4131.2
4131.2
4129.5
4129.5
4129.5
4127.9
4127.9
4127.9
4126.3
4126.3
4126.3
4124.7
4124.7
4124.7
4124.7
4123.1
4123.1
4123.1
4121.5
4121.5
4121.5
4119.8
4119.8
4119.8
4118.2
4118.2
4118.2
4116.6
4116.6
4116.6
4116.6
4115.0
4115.0
4115.0
4113.4
4113.4
4113.4
4111.8
4111.8
4111.8
4110.2
4110.2
4110.2
4108.5
4108.5
4108.5
4106.9
4106.9
4106.9
4106.9
4105.3
4105.3
4105.3
4102.1
4102.1
4102.1
4100.5
4100.5
4100.5
4098.8
4098.8
4098.8
4097.2
4097.2
4097.2
4097.2
4095.6
4095.6
4095.6
4094.0
4094.0
4094.0
4092.4
4092.4
4092.4
4090.8
4090.8
4090.8
4089.1
4089.1
4089.1
4089.1
4087.5
4087.5
4087.5
4085.9
4085.9
4085.9
4084.3
4084.3
4084.3
4082.7
4082.7
4082.7
4081.1
4081.1
4081.1
4081.1
4079.5
4079.5
4079.5
4077.8
4077.8
4077.8
4076.2
4076.2
4076.2
4074.6
4074.6
4074.6
4073.0
4073.0
4073.0
4073.0
4071.4
4071.4
4071.4
4069.8
4069.8
4069.8
4068.1
4068.1
4068.1
4066.5
4066.5
4066.5
4066.5
4064.9
4064.9
4064.9
4063.3
4063.3
4063.3
4061.7
4061.7
4061.7
4060.1
4060.1
4060.1
4058.5
4058.5
4058.5
4058.5
4056.8
4056.8
4056.8
4055.2
4055.2
4055.2
4053.6
4053.6
4053.6
4052.0
4052.0
4052.0
4052.0
4050.4
4050.4
4050.4
4048.8
4048.8
4048.8
4047.1
4047.1
4047.1
4045.5
4045.5
4045.5
4043.9
4043.9
4043.9
4043.9
4042.3
4042.3
4042.3
4040.7
4040.7
4040.7
4039.1
4039.1
4039.1
4037.4
4037.4
4037.4
4037.4
4034.2
4034.2
4034.2
4032.6
4032.6
4032.6
4031.0
4031.0
4031.0
4029.4
4029.4
4029.4
4029.4
4027.8
4027.8
4027.8
4026.1
4026.1
4026.1
4024.5
4024.5
4024.5
4022.9
4022.9
4022.9
4022.9
4021.3
4021.3
4021.3
4019.7
4019.7
4019.7
4018.1
4018.1
4018.1
4016.4
4016.4
4016.4
4016.4
4014.8
4014.8
4014.8
4013.2
4013.2
4013.2
4011.6
4011.6
4011.6
4010.0
4010.0
4010.0
4010.0
4008.4
4008.4
4008.4
4006.8
4006.8
4006.8
4005.1
4005.1
4005.1
4003.5
4003.5
4003.5
4003.5
4001.9
4001.9
4001.9
4000.3
4000.3
4000.3
3998.7
3998.7
3998.7
3997.1
3997.1
3997.1
3997.1
3995.4
3995.4
3995.4
3993.8
3993.8
3993.8
3992.2
3992.2
3992.2
3992.2
3990.6
3990.6
3990.6
3989.0
3989.0
3989.0
3987.4
3987.4
3987.4
3985.7
3985.7
3985.7
3985.7
3984.1
3984.1
3984.1
3982.5
3982.5
3982.5
3980.9
3980.9
3980.9
3980.9
3979.3
3979.3
3979.3
3977.7
3977.7
3977.7
3976.1
3976.1
3976.1
3974.4
3974.4
3974.4
3974.4
3972.8
3972.8
3972.8
3971.2
3971.2
3971.2
3969.6
3969.6
3969.6
3969.6
3968.0
3968.0
3968.0
3964.7
3964.7
3964.7
3963.1
3963.1
3963.1
3963.1
3961.5
3961.5
3961.5
3959.9
3959.9
3959.9
3958.3
3958.3
3958.3
3956.7
3956.7
3956.7
3956.7
3955.1
3955.1
3955.1
3953.4
3953.4
3953.4
3951.8
3951.8
3951.8
3951.8
3950.2
3950.2
3950.2
3948.6
3948.6
3948.6
3947.0
3947.0
3947.0
3947.0
3945.4
3945.4
3945.4
3943.7
3943.7
3943.7
3942.1
3942.1
3942.1
3942.1
3940.5
3940.5
3940.5
3938.9
3938.9
3938.9
3937.3
3937.3
3937.3
3935.7
3935.7
3935.7
3935.7
3934.0
3934.0
3934.0
3932.4
3932.4
3932.4
3930.8
3930.8
3930.8
3930.8
3929.2
3929.2
3929.2
3927.6
3927.6
3927.6
3927.6
3926.0
3926.0
3926.0
3924.4
3924.4
3924.4
3922.7
3922.7
3922.7
3921.1
3921.1
3921.1
3921.1
3919.5
3919.5
3919.5
3917.9
3917.9
3917.9
3916.3
3916.3
3916.3
3916.3
3914.7
3914.7
3914.7
3913.0
3913.0
3913.0
3913.0
3911.4
3911.4
3911.4
3909.8
3909.8
3909.8
3908.2
3908.2
3908.2
3906.6
3906.6
3906.6
3906.6
3905.0
3905.0
3905.0
3903.4
3903.4
3903.4
3903.4
3901.7
3901.7
3901.7
3900.1
3900.1
3900.1
3898.5
3898.5
3898.5
3898.5
3895.3
3895.3
3895.3
3893.7
3893.7
3893.7
3892.0
3892.0
3892.0
3892.0
3890.4
3890.4
3890.4
3888.8
3888.8
3888.8
3887.2
3887.2
3887.2
3887.2
3885.6
3885.6
3885.6
3884.0
3884.0
3884.0
3884.0
3882.3
3882.3
3882.3
3880.7
3880.7
3880.7
3879.1
3879.1
3879.1
3879.1
3877.5
3877.5
3877.5
3875.9
3875.9
3875.9
3874.3
3874.3
3874.3
3874.3
3872.7
3872.7
3872.7
3871.0
3871.0
3871.0
3869.4
3869.4
3869.4
3869.4
3867.8
3867.8
3867.8
3866.2
3866.2
3866.2
3866.2
3864.6
3864.6
3864.6
3863.0
3863.0
3863.0
3861.3
3861.3
3861.3
3861.3
3859.7
3859.7
3859.7
3858.1
3858.1
3858.1
3856.5
3856.5
3856.5
3856.5
3854.9
3854.9
3854.9
3853.3
3853.3
3853.3
3853.3
3851.7
3851.7
3851.7
3850.0
3850.0
3850.0
3850.0
3848.4
3848.4
3848.4
3846.8
3846.8
3846.8
3845.2
3845.2
3845.2
3845.2
3843.6
3843.6
3843.6
3842.0
3842.0
3842.0
3842.0
3840.3
3840.3
3840.3
3838.7
3838.7
3838.7
3837.1
3837.1
3837.1
3837.1
3835.5
3835.5
3835.5
3833.9
3833.9
3833.9
3833.9
3832.3
3832.3
3832.3
3830.6
3830.6
3830.6
3827.4
3827.4
3827.4
3827.4
3825.8
3825.8
3825.8
3824.2
3824.2
3824.2
3824.2
3822.6
3822.6
3822.6
3821.0
3821.0
3821.0
3819.3
3819.3
3819.3
3819.3
3817.7
3817.7
3817.7
3816.1
3816.1
3816.1
3816.1
3814.5
3814.5
3814.5
3812.9
3812.9
3812.9
3812.9
3811.3
3811.3
3811.3
3809.6
3809.6
3809.6
3808.0
3808.0
3808.0
3808.0
3806.4
3806.4
3806.4
3804.8
3804.8
3804.8
3804.8
3803.2
3803.2
3803.2
3801.6
3801.6
3801.6
3801.6
3800.0
3800.0
3800.0
3798.3
3798.3
3798.3
3798.3
3796.7
3796.7
3796.7
3795.1
3795.1
3795.1
3793.5
3793.5
3793.5
3793.5
3791.9
3791.9
3791.9
3790.3
3790.3
3790.3
3790.3
3788.6
3788.6
3788.6
3787.0
3787.0
3787.0
3787.0
3785.4
3785.4
3785.4
3783.8
3783.8
3783.8
3783.8
3782.2
3782.2
3782.2
3780.6
3780.6
3780.6
3780.6
3778.9
3778.9
3778.9
3777.3
3777.3
3777.3
3775.7
3775.7
3775.7
3775.7
3774.1
3774.1
3774.1
3772.5
3772.5
3772.5
3772.5
3770.9
3770.9
3770.9
3769.3
3769.3
3769.3
3769.3
3767.6
3767.6
3767.6
3766.0
3766.0
3766.0
3766.0
3764.4
3764.4
3764.4
3762.8
3762.8
3762.8
3762.8
3761.2
3761.2
3761.2
3757.9
3757.9
3757.9
3757.9
3756.3
3756.3
3756.3
3754.7
3754.7
3754.7
3754.7
3753.1
3753.1
3753.1
3751.5
3751.5
3751.5
3751.5
3749.9
3749.9
3749.9
3748.3
3748.3
3748.3
3748.3
3746.6
3746.6
3746.6
3745.0
3745.0
3745.0
3743.4
3743.4
3743.4
3743.4
3741.8
3741.8
3741.8
3741.8
3740.2
3740.2
3740.2
3738.6
3738.6
3738.6
3738.6
3736.9
3736.9
3736.9
3735.3
3735.3
3735.3
3735.3
3733.7
3733.7
3733.7
3732.1
3732.1
3732.1
3732.1
3730.5
3730.5
3730.5
3728.9
3728.9
3728.9
3728.9
3727.2
3727.2
3727.2
3725.6
3725.6
3725.6
3725.6
3724.0
3724.0
3724.0
3722.4
3722.4
3722.4
3722.4
3720.8
3720.8
3720.8
3719.2
3719.2
3719.2
3719.2
3717.6
3717.6
3717.6
3715.9
3715.9
3715.9
3715.9
3714.3
3714.3
3714.3
3712.7
3712.7
3712.7
3712.7
3711.1
3711.1
3711.1
3709.5
3709.5
3709.5
3709.5
3707.9
3707.9
3707.9
3706.2
3706.2
3706.2
3706.2
3704.6
3704.6
3704.6
3703.0
3703.0
3703.0
3703.0
3701.4
3701.4
3701.4
3699.8
3699.8
3699.8
3699.8
3698.2
3698.2
3698.2
3696.6
3696.6
3696.6
3696.6
3694.9
3694.9
3694.9
3694.9
3693.3
3693.3
3693.3
3691.7
3691.7
3691.7
3691.7
3688.5
3688.5
3688.5
3686.9
3686.9
3686.9
3686.9
3685.2
3685.2
3685.2
3683.6
3683.6
3683.6
3683.6
3682.0
3682.0
3682.0
3680.4
3680.4
3680.4
3680.4
3678.8
3678.8
3678.8
3677.2
3677.2
3677.2
3677.2
3675.5
3675.5
3675.5
3675.5
3673.9
3673.9
3673.9
3672.3
3672.3
3672.3
3672.3
3670.7
3670.7
3670.7
3669.1
3669.1
3669.1
3669.1
3667.5
3667.5
3667.5
3665.9
3665.9
3665.9
3665.9
3664.2
3664.2
3664.2
3664.2
3662.6
3662.6
3662.6
3661.0
3661.0
3661.0
3661.0
3659.4
3659.4
3659.4
3657.8
3657.8
3657.8
3657.8
3656.2
3656.2
3656.2
3656.2
3654.5
3654.5
3654.5
3652.9
3652.9
3652.9
3652.9
3651.3
3651.3
3651.3
3649.7
3649.7
3649.7
3649.7
3648.1
3648.1
3648.1
3646.5
3646.5
3646.5
3646.5
3644.9
3644.9
3644.9
3644.9
3643.2
3643.2
3643.2
3641.6
3641.6
3641.6
3641.6
3640.0
3640.0
3640.0
3638.4
3638.4
3638.4
3638.4
3636.8
3636.8
3636.8
3635.2
3635.2
3635.2
3635.2
3633.5
3633.5
3633.5
3633.5
3631.9
3631.9
3631.9
3630.3
3630.3
3630.3
3630.3
3628.7
3628.7
3628.7
3628.7
3627.1
3627.1
3627.1
3625.5
3625.5
3625.5
3625.5
3623.8
3623.8
3623.8
3622.2
3622.2
3622.2
3622.2
3619.0
3619.0
3619.0
3619.0
3617.4
3617.4
3617.4
3615.8
3615.8
3615.8
3615.8
3614.2
3614.2
3614.2
3612.5
3612.5
3612.5
3612.5
3610.9
3610.9
3610.9
3610.9
3609.3
3609.3
3609.3
3607.7
3607.7
3607.7
3607.7
3606.1
3606.1
3606.1
3606.1
3604.5
3604.5
3604.5
3602.8
3602.8
3602.8
3602.8
3601.2
3601.2
